episode_id,state_id,task,round,observed_persistence_logit,predicted_persistence_logit,termination_advantage,estimated_continue_value,estimated_outside_value,cost_component,progress_component,disengagement_accumulator,latent_persistence_state
seed-12026-pa-0.65-pb-0.20,seed-12026-pa-0.65-pb-0.20:0,bandit,0,4.203889734292549,3.5027545878424275,0.5,0.5,0.0,0.0,0.0,-1.25,1.25
seed-12026-pa-0.65-pb-0.20,seed-12026-pa-0.65-pb-0.20:1,bandit,1,3.0075990353171704,3.5027545878424275,0.5,0.5,0.0,0.0,-2.0,-1.25,1.25
seed-12026-pa-0.65-pb-0.20,seed-12026-pa-0.65-pb-0.20:2,bandit,2,3.7234445810050545,3.5027545878424275,0.5,0.5,0.0,0.0,3.0,-1.25,1.25
seed-12026-pa-0.65-pb-0.20,seed-12026-pa-0.65-pb-0.20:3,bandit,3,3.2234445810050545,3.5027545878424275,1.3333333333333337,1.3333333333333337,0.0,0.0,3.0,-1.25,1.25
seed-12026-pa-0.65-pb-0.20,seed-12026-pa-0.65-pb-0.20:4,bandit,4,1.4287006782765204,3.5027545878424275,1.3333333333333337,1.3333333333333337,0.0,0.0,-2.0,-1.25,1.25
seed-12026-pa-0.65-pb-0.20,seed-12026-pa-0.65-pb-0.20:5,bandit,5,3.0075990353171704,3.5027545878424275,1.3333333333333337,1.3333333333333337,0.0,0.0,3.0,-1.25,1.25
seed-12026-pa-0.65-pb-0.20,seed-12026-pa-0.65-pb-0.20:6,bandit,6,2.7254126516016477,3.5027545878424275,1.75,1.75,0.0,0.0,3.0,-1.25,1.25
seed-12026-pa-0.65-pb-0.20,seed-12026-pa-0.65-pb-0.20:7,bandit,7,2.031150136248314,3.5027545878424275,1.75,1.75,0.0,0.0,-2.0,-1.25,1.25
seed-12026-pa-0.65-pb-0.20,seed-12026-pa-0.65-pb-0.20:8,bandit,8,1.6787006782765204,3.5027545878424275,1.75,1.75,0.0,0.0,-2.0,-1.25,1.25
seed-12026-pa-0.65-pb-0.20,seed-12026-pa-0.65-pb-0.20:9,bandit,9,0.826413277982752,3.5027545878424275,1.75,1.75,0.0,0.0,-2.0,-1.25,1.25
seed-12026-pa-0.65-pb-0.20,seed-12026-pa-0.65-pb-0.20:10,bandit,10,0.2676750576056008,3.5027545878424275,1.75,1.75,0.0,0.0,-2.0,-1.25,1.25
seed-12026-pa-0.65-pb-0.20,seed-12026-pa-0.65-pb-0.20:11,bandit,11,0.376928011042974,3.5027545878424275,1.75,1.75,0.0,0.0,-2.0,-1.25,1.25
seed-12033-pa-0.65-pb-0.35,seed-12033-pa-0.65-pb-0.35:0,bandit,0,4.203889734292549,3.5027545878424275,0.5,0.5,0.0,0.0,0.0,-1.25,1.25
seed-12033-pa-0.65-pb-0.35,seed-12033-pa-0.65-pb-0.35:1,bandit,1,4.42870067827652,3.5027545878424275,1.3333333333333337,1.3333333333333337,0.0,0.0,3.0,-1.25,1.25
seed-12033-pa-0.65-pb-0.35,seed-12033-pa-0.65-pb-0.35:2,bandit,2,3.6368710061149017,3.5027545878424275,0.5,0.5,0.0,0.0,-2.0,-1.25,1.25
seed-12033-pa-0.65-pb-0.35,seed-12033-pa-0.65-pb-0.35:3,bandit,3,4.71393946547494,3.5027545878424275,1.0,1.0,0.0,0.0,3.0,-1.25,1.25
seed-12033-pa-0.65-pb-0.35,seed-12033-pa-0.65-pb-0.35:4,bandit,4,3.8288897342925488,3.5027545878424275,1.3333333333333337,1.3333333333333337,0.0,0.0,3.0,-1.25,1.25
seed-12033-pa-0.65-pb-0.35,seed-12033-pa-0.65-pb-0.35:5,bandit,5,3.686967589003199,3.5027545878424275,1.5714285714285716,1.5714285714285716,0.0,0.0,3.0,-1.25,1.25
seed-12033-pa-0.65-pb-0.35,seed-12033-pa-0.65-pb-0.35:6,bandit,6,2.92974463538566,3.5027545878424275,1.125,1.125,0.0,0.0,-2.0,-1.25,1.25
seed-12033-pa-0.65-pb-0.35,seed-12033-pa-0.65-pb-0.35:7,bandit,7,1.951413277982752,3.5027545878424275,0.7777777777777777,0.7777777777777777,0.0,0.0,-2.0,-1.25,1.25
seed-12033-pa-0.65-pb-0.35,seed-12033-pa-0.65-pb-0.35:8,bandit,8,3.92358735157374,3.5027545878424275,1.0,1.0,0.0,0.0,3.0,-1.25,1.25
seed-12033-pa-0.65-pb-0.35,seed-12033-pa-0.65-pb-0.35:9,bandit,9,3.6949361996449746,3.5027545878424275,1.1818181818181817,1.1818181818181817,0.0,0.0,3.0,-1.25,1.25
seed-12033-pa-0.65-pb-0.35,seed-12033-pa-0.65-pb-0.35:10,bandit,10,4.52975041827262,3.5027545878424275,1.3333333333333337,1.3333333333333337,0.0,0.0,3.0,-1.25,1.25
seed-12033-pa-0.65-pb-0.35,seed-12033-pa-0.65-pb-0.35:11,bandit,11,4.27975041827262,3.5027545878424275,1.4615384615384617,1.4615384615384617,0.0,0.0,3.0,-1.25,1.25
seed-12033-pa-0.65-pb-0.35,seed-12033-pa-0.65-pb-0.35:12,bandit,12,3.3199361996449746,3.5027545878424275,1.2142857142857144,1.2142857142857144,0.0,0.0,-2.0,-1.25,1.25
seed-12033-pa-0.65-pb-0.35,seed-12033-pa-0.65-pb-0.35:13,bandit,13,4.0380413716877825,3.5027545878424275,1.3333333333333337,1.3333333333333337,0.0,0.0,3.0,-1.25,1.25
seed-12033-pa-0.65-pb-0.35,seed-12033-pa-0.65-pb-0.35:14,bandit,14,4.15864569998304,3.5027545878424275,1.4375,1.4375,0.0,0.0,3.0,-1.25,1.25
seed-12033-pa-0.65-pb-0.35,seed-12033-pa-0.65-pb-0.35:15,bandit,15,3.79858735157374,3.5027545878424275,1.2352941176470589,1.2352941176470589,0.0,0.0,-2.0,-1.25,1.25
seed-12033-pa-0.65-pb-0.35,seed-12033-pa-0.65-pb-0.35:16,bandit,16,3.0429990792290873,3.5027545878424275,1.0555555555555554,1.0555555555555554,0.0,0.0,-2.0,-1.25,1.25
seed-12033-pa-0.65-pb-0.35,seed-12033-pa-0.65-pb-0.35:17,bandit,17,4.643149927917811,3.5027545878424275,1.1578947368421053,1.1578947368421053,0.0,0.0,3.0,-1.25,1.25
seed-12033-pa-0.65-pb-0.35,seed-12033-pa-0.65-pb-0.35:18,bandit,18,4.151300195186874,3.5027545878424275,1.25,1.25,0.0,0.0,3.0,-1.25,1.25
seed-12033-pa-0.65-pb-0.35,seed-12033-pa-0.65-pb-0.35:19,bandit,19,4.251929081345374,3.5027545878424275,1.25,1.25,0.0,0.0,-2.0,-1.25,1.25
seed-12033-pa-0.65-pb-0.35,seed-12033-pa-0.65-pb-0.35:20,bandit,20,4.328889734292549,3.5027545878424275,1.0952380952380951,1.0952380952380951,0.0,0.0,-2.0,-1.25,1.25
seed-12033-pa-0.65-pb-0.35,seed-12033-pa-0.65-pb-0.35:21,bandit,21,5.54858735157374,3.5027545878424275,1.1818181818181817,1.1818181818181817,0.0,0.0,3.0,-1.25,1.25
seed-12033-pa-0.65-pb-0.35,seed-12033-pa-0.65-pb-0.35:22,bandit,22,4.929882179158078,3.5027545878424275,1.2608695652173911,1.2608695652173911,0.0,0.0,3.0,-1.25,1.25
seed-12033-pa-0.65-pb-0.35,seed-12033-pa-0.65-pb-0.35:23,bandit,23,5.15475041827262,3.5027545878424275,1.3333333333333337,1.3333333333333337,0.0,0.0,3.0,-1.25,1.25
seed-12033-pa-0.65-pb-0.35,seed-12033-pa-0.65-pb-0.35:24,bandit,24,5.03364569998304,3.5027545878424275,1.4,1.4,0.0,0.0,3.0,-1.25,1.25
seed-12033-pa-0.65-pb-0.35,seed-12033-pa-0.65-pb-0.35:25,bandit,25,5.03364569998304,3.5027545878424275,1.4615384615384617,1.4615384615384617,0.0,0.0,3.0,-1.25,1.25
seed-12033-pa-0.65-pb-0.35,seed-12033-pa-0.65-pb-0.35:26,bandit,26,4.7880413716877825,3.5027545878424275,1.5185185185185186,1.5185185185185186,0.0,0.0,3.0,-1.25,1.25
seed-12033-pa-0.65-pb-0.35,seed-12033-pa-0.65-pb-0.35:27,bandit,27,4.679882179158078,3.5027545878424275,1.3928571428571428,1.3928571428571428,0.0,0.0,-2.0,-1.25,1.25
seed-12033-pa-0.65-pb-0.35,seed-12033-pa-0.65-pb-0.35:28,bandit,28,5.28364569998304,3.5027545878424275,1.4482758620689653,1.4482758620689653,0.0,0.0,3.0,-1.25,1.25
seed-12033-pa-0.65-pb-0.35,seed-12033-pa-0.65-pb-0.35:29,bandit,29,5.0380413716877825,3.5027545878424275,1.5,1.5,0.0,0.0,3.0,-1.25,1.25
seed-12033-pa-0.65-pb-0.35,seed-12033-pa-0.65-pb-0.35:30,bandit,30,5.273245464372426,3.5027545878424275,1.5483870967741935,1.5483870967741935,0.0,0.0,3.0,-1.25,1.25
seed-12033-pa-0.65-pb-0.35,seed-12033-pa-0.65-pb-0.35:31,bandit,31,5.148245464372426,3.5027545878424275,1.59375,1.59375,0.0,0.0,3.0,-1.25,1.25
seed-12033-pa-0.65-pb-0.35,seed-12033-pa-0.65-pb-0.35:32,bandit,32,5.026300195186874,3.5027545878424275,1.6363636363636362,1.6363636363636362,0.0,0.0,3.0,-1.25,1.25
seed-12033-pa-0.65-pb-0.35,seed-12033-pa-0.65-pb-0.35:33,bandit,33,4.901300195186874,3.5027545878424275,1.676470588235294,1.676470588235294,0.0,0.0,3.0,-1.25,1.25
seed-12033-pa-0.65-pb-0.35,seed-12033-pa-0.65-pb-0.35:34,bandit,34,5.026300195186874,3.5027545878424275,1.7142857142857144,1.7142857142857144,0.0,0.0,3.0,-1.25,1.25
seed-12033-pa-0.65-pb-0.35,seed-12033-pa-0.65-pb-0.35:35,bandit,35,5.02975041827262,3.5027545878424275,1.75,1.75,0.0,0.0,3.0,-1.25,1.25
seed-12033-pa-0.65-pb-0.35,seed-12033-pa-0.65-pb-0.35:36,bandit,36,5.023245464372426,3.5027545878424275,1.7837837837837838,1.7837837837837838,0.0,0.0,3.0,-1.25,1.25
seed-12033-pa-0.65-pb-0.35,seed-12033-pa-0.65-pb-0.35:37,bandit,37,4.898245464372426,3.5027545878424275,1.8157894736842104,1.8157894736842104,0.0,0.0,3.0,-1.25,1.25
seed-12035-pa-0.35-pb-0.35,seed-12035-pa-0.35-pb-0.35:0,bandit,0,4.203889734292549,2.969364370120412,0.5,0.5,0.0,0.0,0.0,0.25,-0.25
seed-12035-pa-0.35-pb-0.35,seed-12035-pa-0.35-pb-0.35:1,bandit,1,3.849076984180108,2.969364370120412,0.5,0.5,0.0,0.0,-2.0,0.25,-0.25
seed-12035-pa-0.35-pb-0.35,seed-12035-pa-0.35-pb-0.35:2,bandit,2,1.2575990353171704,2.969364370120412,0.5,0.5,0.0,0.0,-2.0,0.25,-0.25
seed-12039-pa-0.50-pb-0.65,seed-12039-pa-0.50-pb-0.65:0,bandit,0,4.203889734292549,3.5027545878424275,0.5,0.5,0.0,0.0,0.0,-1.25,1.25
seed-12039-pa-0.50-pb-0.65,seed-12039-pa-0.50-pb-0.65:1,bandit,1,3.849076984180108,3.5027545878424275,0.5,0.5,0.0,0.0,-2.0,-1.25,1.25
seed-12039-pa-0.50-pb-0.65,seed-12039-pa-0.50-pb-0.65:2,bandit,2,4.350412651601648,3.5027545878424275,0.5,0.5,0.0,0.0,3.0,-1.25,1.25
seed-12039-pa-0.50-pb-0.65,seed-12039-pa-0.50-pb-0.65:3,bandit,3,2.7731232641398407,3.5027545878424275,0.5,0.5,0.0,0.0,-2.0,-1.25,1.25
seed-12039-pa-0.50-pb-0.65,seed-12039-pa-0.50-pb-0.65:4,bandit,4,3.376928011042974,3.5027545878424275,0.5,0.5,0.0,0.0,3.0,-1.25,1.25
seed-12039-pa-0.50-pb-0.65,seed-12039-pa-0.50-pb-0.65:5,bandit,5,3.1128222787715707,3.5027545878424275,0.8571428571428572,0.8571428571428572,0.0,0.0,3.0,-1.25,1.25
seed-12039-pa-0.50-pb-0.65,seed-12039-pa-0.50-pb-0.65:6,bandit,6,3.429882179158078,3.5027545878424275,1.125,1.125,0.0,0.0,3.0,-1.25,1.25
seed-12039-pa-0.50-pb-0.65,seed-12039-pa-0.50-pb-0.65:7,bandit,7,3.017675057605601,3.5027545878424275,0.7777777777777777,0.7777777777777777,0.0,0.0,-2.0,-1.25,1.25
seed-12039-pa-0.50-pb-0.65,seed-12039-pa-0.50-pb-0.65:8,bandit,8,1.8504126516016477,3.5027545878424275,0.5,0.5,0.0,0.0,-2.0,-1.25,1.25
seed-12039-pa-0.50-pb-0.65,seed-12039-pa-0.50-pb-0.65:9,bandit,9,4.892675057605601,3.5027545878424275,1.3333333333333337,1.3333333333333337,0.0,0.0,3.0,-1.25,1.25
seed-12039-pa-0.50-pb-0.65,seed-12039-pa-0.50-pb-0.65:10,bandit,10,4.350206558916746,3.5027545878424275,1.3333333333333337,1.3333333333333337,0.0,0.0,3.0,-1.25,1.25
seed-12039-pa-0.50-pb-0.65,seed-12039-pa-0.50-pb-0.65:11,bandit,11,3.975412651601648,3.5027545878424275,1.3333333333333337,1.3333333333333337,0.0,0.0,-2.0,-1.25,1.25
seed-12039-pa-0.50-pb-0.65,seed-12039-pa-0.50-pb-0.65:12,bandit,12,2.974076984180108,3.5027545878424275,1.3333333333333337,1.3333333333333337,0.0,0.0,-2.0,-1.25,1.25
seed-12039-pa-0.50-pb-0.65,seed-12039-pa-0.50-pb-0.65:13,bandit,13,4.828889734292549,3.5027545878424275,1.3333333333333337,1.3333333333333337,0.0,0.0,3.0,-1.25,1.25
seed-12039-pa-0.50-pb-0.65,seed-12039-pa-0.50-pb-0.65:14,bandit,14,4.436967589003199,3.5027545878424275,1.3333333333333337,1.3333333333333337,0.0,0.0,3.0,-1.25,1.25
seed-12039-pa-0.50-pb-0.65,seed-12039-pa-0.50-pb-0.65:15,bandit,15,4.667999079229087,3.5027545878424275,1.3333333333333337,1.3333333333333337,0.0,0.0,3.0,-1.25,1.25
seed-12039-pa-0.50-pb-0.65,seed-12039-pa-0.50-pb-0.65:16,bandit,16,4.4130413716877825,3.5027545878424275,1.3333333333333337,1.3333333333333337,0.0,0.0,3.0,-1.25,1.25
seed-12039-pa-0.50-pb-0.65,seed-12039-pa-0.50-pb-0.65:17,bandit,17,4.4130413716877825,3.5027545878424275,1.3333333333333337,1.3333333333333337,0.0,0.0,3.0,-1.25,1.25
seed-12039-pa-0.50-pb-0.65,seed-12039-pa-0.50-pb-0.65:18,bandit,18,4.001928011042974,3.5027545878424275,1.3333333333333337,1.3333333333333337,0.0,0.0,-2.0,-1.25,1.25
seed-12039-pa-0.50-pb-0.65,seed-12039-pa-0.50-pb-0.65:19,bandit,19,4.792999079229087,3.5027545878424275,1.3333333333333337,1.3333333333333337,0.0,0.0,3.0,-1.25,1.25
seed-12039-pa-0.50-pb-0.65,seed-12039-pa-0.50-pb-0.65:20,bandit,20,4.7880413716877825,3.5027545878424275,1.3333333333333337,1.3333333333333337,0.0,0.0,3.0,-1.25,1.25
seed-12039-pa-0.50-pb-0.65,seed-12039-pa-0.50-pb-0.65:21,bandit,21,4.578889734292549,3.5027545878424275,1.3333333333333337,1.3333333333333337,0.0,0.0,-2.0,-1.25,1.25
seed-12039-pa-0.50-pb-0.65,seed-12039-pa-0.50-pb-0.65:22,bandit,22,5.15864569998304,3.5027545878424275,1.3333333333333337,1.3333333333333337,0.0,0.0,3.0,-1.25,1.25
seed-12039-pa-0.50-pb-0.65,seed-12039-pa-0.50-pb-0.65:23,bandit,23,4.21393946547494,3.5027545878424275,1.3333333333333337,1.3333333333333337,0.0,0.0,-2.0,-1.25,1.25
seed-12039-pa-0.50-pb-0.65,seed-12039-pa-0.50-pb-0.65:24,bandit,24,3.767675057605601,3.5027545878424275,1.3333333333333337,1.3333333333333337,0.0,0.0,-2.0,-1.25,1.25
seed-12039-pa-0.50-pb-0.65,seed-12039-pa-0.50-pb-0.65:25,bandit,25,5.401300195186874,3.5027545878424275,1.3333333333333337,1.3333333333333337,0.0,0.0,3.0,-1.25,1.25
seed-12039-pa-0.50-pb-0.65,seed-12039-pa-0.50-pb-0.65:26,bandit,26,4.33893946547494,3.5027545878424275,1.3333333333333337,1.3333333333333337,0.0,0.0,-2.0,-1.25,1.25
seed-12039-pa-0.50-pb-0.65,seed-12039-pa-0.50-pb-0.65:27,bandit,27,3.6128222787715703,3.5027545878424275,1.3333333333333337,1.3333333333333337,0.0,0.0,-2.0,-1.25,1.25
seed-12039-pa-0.50-pb-0.65,seed-12039-pa-0.50-pb-0.65:28,bandit,28,3.71393946547494,3.5027545878424275,1.3333333333333337,1.3333333333333337,0.0,0.0,-2.0,-1.25,1.25
seed-12039-pa-0.50-pb-0.65,seed-12039-pa-0.50-pb-0.65:29,bandit,29,3.58893946547494,3.5027545878424275,1.3333333333333337,1.3333333333333337,0.0,0.0,-2.0,-1.25,1.25
seed-12039-pa-0.50-pb-0.65,seed-12039-pa-0.50-pb-0.65:30,bandit,30,5.02975041827262,3.5027545878424275,1.3333333333333337,1.3333333333333337,0.0,0.0,3.0,-1.25,1.25
seed-12039-pa-0.50-pb-0.65,seed-12039-pa-0.50-pb-0.65:31,bandit,31,4.21393946547494,3.5027545878424275,1.3333333333333337,1.3333333333333337,0.0,0.0,-2.0,-1.25,1.25
seed-12039-pa-0.50-pb-0.65,seed-12039-pa-0.50-pb-0.65:32,bandit,32,4.90475041827262,3.5027545878424275,1.3333333333333337,1.3333333333333337,0.0,0.0,3.0,-1.25,1.25
seed-12039-pa-0.50-pb-0.65,seed-12039-pa-0.50-pb-0.65:33,bandit,33,4.895541900901097,3.5027545878424275,1.3333333333333337,1.3333333333333337,0.0,0.0,3.0,-1.25,1.25
seed-12039-pa-0.50-pb-0.65,seed-12039-pa-0.50-pb-0.65:34,bandit,34,4.9130413716877825,3.5027545878424275,1.3333333333333337,1.3333333333333337,0.0,0.0,-2.0,-1.25,1.25
seed-12039-pa-0.50-pb-0.65,seed-12039-pa-0.50-pb-0.65:35,bandit,35,4.0699361996449746,3.5027545878424275,1.3333333333333337,1.3333333333333337,0.0,0.0,-2.0,-1.25,1.25
seed-12039-pa-0.50-pb-0.65,seed-12039-pa-0.50-pb-0.65:36,bandit,36,5.273245464372426,3.5027545878424275,1.3333333333333337,1.3333333333333337,0.0,0.0,3.0,-1.25,1.25
seed-12039-pa-0.50-pb-0.65,seed-12039-pa-0.50-pb-0.65:37,bandit,37,4.792999079229087,3.5027545878424275,1.3333333333333337,1.3333333333333337,0.0,0.0,-2.0,-1.25,1.25
seed-12039-pa-0.50-pb-0.65,seed-12039-pa-0.50-pb-0.65:38,bandit,38,5.270541900901097,3.5027545878424275,1.3333333333333337,1.3333333333333337,0.0,0.0,3.0,-1.25,1.25
seed-12039-pa-0.50-pb-0.65,seed-12039-pa-0.50-pb-0.65:39,bandit,39,4.78364569998304,3.5027545878424275,1.3333333333333337,1.3333333333333337,0.0,0.0,-2.0,-1.25,1.25
seed-12039-pa-0.50-pb-0.65,seed-12039-pa-0.50-pb-0.65:40,bandit,40,5.520541900901097,3.5027545878424275,1.3333333333333337,1.3333333333333337,0.0,0.0,3.0,-1.25,1.25
seed-12039-pa-0.50-pb-0.65,seed-12039-pa-0.50-pb-0.65:41,bandit,41,5.268149927917811,3.5027545878424275,1.3333333333333337,1.3333333333333337,0.0,0.0,3.0,-1.25,1.25
seed-12039-pa-0.50-pb-0.65,seed-12039-pa-0.50-pb-0.65:42,bandit,42,5.27975041827262,3.5027545878424275,1.3333333333333337,1.3333333333333337,0.0,0.0,-2.0,-1.25,1.25
seed-12039-pa-0.50-pb-0.65,seed-12039-pa-0.50-pb-0.65:43,bandit,43,5.273245464372426,3.5027545878424275,1.3333333333333337,1.3333333333333337,0.0,0.0,3.0,-1.25,1.25
seed-12039-pa-0.50-pb-0.65,seed-12039-pa-0.50-pb-0.65:44,bandit,44,4.7880413716877825,3.5027545878424275,1.3333333333333337,1.3333333333333337,0.0,0.0,-2.0,-1.25,1.25
seed-12039-pa-0.50-pb-0.65,seed-12039-pa-0.50-pb-0.65:45,bandit,45,4.7880413716877825,3.5027545878424275,1.3333333333333337,1.3333333333333337,0.0,0.0,-2.0,-1.25,1.25
seed-12039-pa-0.50-pb-0.65,seed-12039-pa-0.50-pb-0.65:46,bandit,46,5.768149927917811,3.5027545878424275,1.3333333333333337,1.3333333333333337,0.0,0.0,3.0,-1.25,1.25
seed-12039-pa-0.50-pb-0.65,seed-12039-pa-0.50-pb-0.65:47,bandit,47,5.398245464372426,3.5027545878424275,1.3333333333333337,1.3333333333333337,0.0,0.0,3.0,-1.25,1.25
seed-12039-pa-0.50-pb-0.65,seed-12039-pa-0.50-pb-0.65:48,bandit,48,5.516034256080317,3.5027545878424275,1.3333333333333337,1.3333333333333337,0.0,0.0,3.0,-1.25,1.25
seed-12039-pa-0.50-pb-0.65,seed-12039-pa-0.50-pb-0.65:49,bandit,49,5.512509570276173,3.5027545878424275,1.3333333333333337,1.3333333333333337,0.0,0.0,3.0,-1.25,1.25
seed-12039-pa-0.50-pb-0.65,seed-12039-pa-0.50-pb-0.65:50,bandit,50,5.266034256080317,3.5027545878424275,1.3333333333333337,1.3333333333333337,0.0,0.0,3.0,-1.25,1.25
seed-12039-pa-0.50-pb-0.65,seed-12039-pa-0.50-pb-0.65:51,bandit,51,5.395541900901097,3.5027545878424275,1.3333333333333337,1.3333333333333337,0.0,0.0,-2.0,-1.25,1.25
seed-12039-pa-0.50-pb-0.65,seed-12039-pa-0.50-pb-0.65:52,bandit,52,4.29858735157374,3.5027545878424275,1.3333333333333337,1.3333333333333337,0.0,0.0,-2.0,-1.25,1.25
seed-12039-pa-0.50-pb-0.65,seed-12039-pa-0.50-pb-0.65:53,bandit,53,5.643149927917811,3.5027545878424275,1.3333333333333337,1.3333333333333337,0.0,0.0,3.0,-1.25,1.25
seed-12039-pa-0.50-pb-0.65,seed-12039-pa-0.50-pb-0.65:54,bandit,54,5.03364569998304,3.5027545878424275,1.3333333333333337,1.3333333333333337,0.0,0.0,-2.0,-1.25,1.25
seed-12039-pa-0.50-pb-0.65,seed-12039-pa-0.50-pb-0.65:55,bandit,55,5.643149927917811,3.5027545878424275,1.3333333333333337,1.3333333333333337,0.0,0.0,3.0,-1.25,1.25
seed-12039-pa-0.50-pb-0.65,seed-12039-pa-0.50-pb-0.65:56,bandit,56,5.151300195186874,3.5027545878424275,1.3333333333333337,1.3333333333333337,0.0,0.0,-2.0,-1.25,1.25
seed-12039-pa-0.50-pb-0.65,seed-12039-pa-0.50-pb-0.65:57,bandit,57,5.02975041827262,3.5027545878424275,1.3333333333333337,1.3333333333333337,0.0,0.0,-2.0,-1.25,1.25
seed-12039-pa-0.50-pb-0.65,seed-12039-pa-0.50-pb-0.65:58,bandit,58,5.762509570276173,3.5027545878424275,1.3333333333333337,1.3333333333333337,0.0,0.0,3.0,-1.25,1.25
seed-12039-pa-0.50-pb-0.65,seed-12039-pa-0.50-pb-0.65:59,bandit,59,5.151300195186874,3.5027545878424275,1.3333333333333337,1.3333333333333337,0.0,0.0,-2.0,-1.25,1.25
seed-12039-pa-0.50-pb-0.65,seed-12039-pa-0.50-pb-0.65:60,bandit,60,5.026300195186874,3.5027545878424275,1.3333333333333337,1.3333333333333337,0.0,0.0,-2.0,-1.25,1.25
seed-12039-pa-0.50-pb-0.65,seed-12039-pa-0.50-pb-0.65:61,bandit,61,5.887509570276173,3.5027545878424275,1.3333333333333337,1.3333333333333337,0.0,0.0,3.0,-1.25,1.25
seed-12039-pa-0.50-pb-0.65,seed-12039-pa-0.50-pb-0.65:62,bandit,62,5.523245464372426,3.5027545878424275,1.3333333333333337,1.3333333333333337,0.0,0.0,-2.0,-1.25,1.25
seed-12039-pa-0.50-pb-0.65,seed-12039-pa-0.50-pb-0.65:63,bandit,63,5.148245464372426,3.5027545878424275,1.3333333333333337,1.3333333333333337,0.0,0.0,-2.0,-1.25,1.25
seed-12039-pa-0.50-pb-0.65,seed-12039-pa-0.50-pb-0.65:64,bandit,64,4.776300195186874,3.5027545878424275,1.3333333333333337,1.3333333333333337,0.0,0.0,-2.0,-1.25,1.25
seed-12039-pa-0.50-pb-0.65,seed-12039-pa-0.50-pb-0.65:65,bandit,65,5.636047744848593,3.5027545878424275,1.3333333333333337,1.3333333333333337,0.0,0.0,3.0,-1.25,1.25
seed-12039-pa-0.50-pb-0.65,seed-12039-pa-0.50-pb-0.65:66,bandit,66,5.145541900901097,3.5027545878424275,1.3333333333333337,1.3333333333333337,0.0,0.0,-2.0,-1.25,1.25
seed-12039-pa-0.50-pb-0.65,seed-12039-pa-0.50-pb-0.65:67,bandit,67,4.895541900901097,3.5027545878424275,1.3333333333333337,1.3333333333333337,0.0,0.0,-2.0,-1.25,1.25
seed-12039-pa-0.50-pb-0.65,seed-12039-pa-0.50-pb-0.65:68,bandit,68,4.523245464372426,3.5027545878424275,1.3333333333333337,1.3333333333333337,0.0,0.0,-2.0,-1.25,1.25
seed-12039-pa-0.50-pb-0.65,seed-12039-pa-0.50-pb-0.65:69,bandit,69,5.65864569998304,3.5027545878424275,1.75,1.75,0.0,0.0,3.0,-1.25,1.25
seed-12039-pa-0.50-pb-0.65,seed-12039-pa-0.50-pb-0.65:70,bandit,70,5.518149927917811,3.5027545878424275,1.75,1.75,0.0,0.0,3.0,-1.25,1.25
seed-12039-pa-0.50-pb-0.65,seed-12039-pa-0.50-pb-0.65:71,bandit,71,5.78364569998304,3.5027545878424275,1.75,1.75,0.0,0.0,-2.0,-1.25,1.25
seed-12039-pa-0.50-pb-0.65,seed-12039-pa-0.50-pb-0.65:72,bandit,72,4.929882179158078,3.5027545878424275,1.75,1.75,0.0,0.0,-2.0,-1.25,1.25
seed-12039-pa-0.50-pb-0.65,seed-12039-pa-0.50-pb-0.65:73,bandit,73,6.014163456931506,3.5027545878424275,1.75,1.75,0.0,0.0,3.0,-1.25,1.25
seed-12039-pa-0.50-pb-0.65,seed-12039-pa-0.50-pb-0.65:74,bandit,74,5.65475041827262,3.5027545878424275,1.75,1.75,0.0,0.0,-2.0,-1.25,1.25
seed-12039-pa-0.50-pb-0.65,seed-12039-pa-0.50-pb-0.65:75,bandit,75,6.012509570276173,3.5027545878424275,1.75,1.75,0.0,0.0,3.0,-1.25,1.25
seed-12039-pa-0.50-pb-0.65,seed-12039-pa-0.50-pb-0.65:76,bandit,76,5.526300195186874,3.5027545878424275,1.75,1.75,0.0,0.0,-2.0,-1.25,1.25
seed-12039-pa-0.50-pb-0.65,seed-12039-pa-0.50-pb-0.65:77,bandit,77,5.764163456931506,3.5027545878424275,1.75,1.75,0.0,0.0,3.0,-1.25,1.25
seed-12039-pa-0.50-pb-0.65,seed-12039-pa-0.50-pb-0.65:78,bandit,78,5.639163456931506,3.5027545878424275,1.75,1.75,0.0,0.0,3.0,-1.25,1.25
seed-12039-pa-0.50-pb-0.65,seed-12039-pa-0.50-pb-0.65:79,bandit,79,5.761047744848593,3.5027545878424275,1.75,1.75,0.0,0.0,3.0,-1.25,1.25
seed-12039-pa-0.50-pb-0.65,seed-12039-pa-0.50-pb-0.65:80,bandit,80,5.648245464372426,3.5027545878424275,1.75,1.75,0.0,0.0,-2.0,-1.25,1.25
seed-12039-pa-0.50-pb-0.65,seed-12039-pa-0.50-pb-0.65:81,bandit,81,6.016034256080317,3.5027545878424275,1.75,1.75,0.0,0.0,3.0,-1.25,1.25
seed-12039-pa-0.50-pb-0.65,seed-12039-pa-0.50-pb-0.65:82,bandit,82,5.40864569998304,3.5027545878424275,1.75,1.75,0.0,0.0,-2.0,-1.25,1.25
seed-12039-pa-0.50-pb-0.65,seed-12039-pa-0.50-pb-0.65:83,bandit,83,5.1630413716877825,3.5027545878424275,1.75,1.75,0.0,0.0,-2.0,-1.25,1.25
seed-12039-pa-0.50-pb-0.65,seed-12039-pa-0.50-pb-0.65:84,bandit,84,5.04858735157374,3.5027545878424275,1.75,1.75,0.0,0.0,-2.0,-1.25,1.25
seed-12039-pa-0.50-pb-0.65,seed-12039-pa-0.50-pb-0.65:85,bandit,85,4.929882179158078,3.5027545878424275,1.75,1.75,0.0,0.0,-2.0,-1.25,1.25
seed-12039-pa-0.50-pb-0.65,seed-12039-pa-0.50-pb-0.65:86,bandit,86,4.92358735157374,3.5027545878424275,1.75,1.75,0.0,0.0,-2.0,-1.25,1.25
seed-12039-pa-0.50-pb-0.65,seed-12039-pa-0.50-pb-0.65:87,bandit,87,4.79858735157374,3.5027545878424275,1.75,1.75,0.0,0.0,-2.0,-1.25,1.25
seed-12039-pa-0.50-pb-0.65,seed-12039-pa-0.50-pb-0.65:88,bandit,88,5.891034256080317,3.5027545878424275,1.75,1.75,0.0,0.0,3.0,-1.25,1.25
seed-12039-pa-0.50-pb-0.65,seed-12039-pa-0.50-pb-0.65:89,bandit,89,5.523245464372426,3.5027545878424275,1.75,1.75,0.0,0.0,3.0,-1.25,1.25
seed-12039-pa-0.50-pb-0.65,seed-12039-pa-0.50-pb-0.65:90,bandit,90,5.776300195186874,3.5027545878424275,1.75,1.75,0.0,0.0,-2.0,-1.25,1.25
seed-12039-pa-0.50-pb-0.65,seed-12039-pa-0.50-pb-0.65:91,bandit,91,5.292999079229087,3.5027545878424275,1.75,1.75,0.0,0.0,-2.0,-1.25,1.25
seed-12039-pa-0.50-pb-0.65,seed-12039-pa-0.50-pb-0.65:92,bandit,92,5.15864569998304,3.5027545878424275,1.75,1.75,0.0,0.0,-2.0,-1.25,1.25
seed-12039-pa-0.50-pb-0.65,seed-12039-pa-0.50-pb-0.65:93,bandit,93,5.15864569998304,3.5027545878424275,1.75,1.75,0.0,0.0,-2.0,-1.25,1.25
seed-12039-pa-0.50-pb-0.65,seed-12039-pa-0.50-pb-0.65:94,bandit,94,5.15864569998304,3.5027545878424275,1.75,1.75,0.0,0.0,-2.0,-1.25,1.25
seed-12039-pa-0.50-pb-0.65,seed-12039-pa-0.50-pb-0.65:95,bandit,95,4.917999079229087,3.5027545878424275,1.75,1.75,0.0,0.0,-2.0,-1.25,1.25
seed-12039-pa-0.50-pb-0.65,seed-12039-pa-0.50-pb-0.65:96,bandit,96,4.9130413716877825,3.5027545878424275,1.75,1.75,0.0,0.0,-2.0,-1.25,1.25
seed-12039-pa-0.50-pb-0.65,seed-12039-pa-0.50-pb-0.65:97,bandit,97,4.7880413716877825,3.5027545878424275,1.75,1.75,0.0,0.0,-2.0,-1.25,1.25
seed-12039-pa-0.50-pb-0.65,seed-12039-pa-0.50-pb-0.65:98,bandit,98,5.391034256080317,3.5027545878424275,1.75,1.75,0.0,0.0,3.0,-1.25,1.25
seed-12039-pa-0.50-pb-0.65,seed-12039-pa-0.50-pb-0.65:99,bandit,99,5.40864569998304,3.5027545878424275,1.75,1.75,0.0,0.0,-2.0,-1.25,1.25
seed-12043-pa-0.35-pb-0.50,seed-12043-pa-0.35-pb-0.50:0,bandit,0,4.203889734292549,3.23605947898142,0.5,0.5,0.0,0.0,0.0,-0.5,0.5
seed-12043-pa-0.35-pb-0.50,seed-12043-pa-0.35-pb-0.50:1,bandit,1,3.849076984180108,3.23605947898142,0.5,0.5,0.0,0.0,-2.0,-0.5,0.5
seed-12043-pa-0.35-pb-0.50,seed-12043-pa-0.35-pb-0.50:2,bandit,2,4.350412651601648,3.23605947898142,0.5,0.5,0.0,0.0,3.0,-0.5,0.5
seed-12043-pa-0.35-pb-0.50,seed-12043-pa-0.35-pb-0.50:3,bandit,3,4.21393946547494,3.23605947898142,1.0,1.0,0.0,0.0,3.0,-0.5,0.5
seed-12043-pa-0.35-pb-0.50,seed-12043-pa-0.35-pb-0.50:4,bandit,4,2.7254126516016477,3.23605947898142,0.5,0.5,0.0,0.0,-2.0,-0.5,0.5
seed-12043-pa-0.35-pb-0.50,seed-12043-pa-0.35-pb-0.50:5,bandit,5,1.6368710061149017,3.23605947898142,0.5,0.5,0.0,0.0,-2.0,-0.5,0.5
seed-12048-pa-0.20-pb-0.50,seed-12048-pa-0.20-pb-0.50:0,bandit,0,4.203889734292549,3.23605947898142,0.5,0.5,0.0,0.0,0.0,-0.5,0.5
seed-12048-pa-0.20-pb-0.50,seed-12048-pa-0.20-pb-0.50:1,bandit,1,3.0075990353171704,3.23605947898142,0.5,0.5,0.0,0.0,-2.0,-0.5,0.5
seed-12048-pa-0.20-pb-0.50,seed-12048-pa-0.20-pb-0.50:2,bandit,2,0.1882616875182243,3.23605947898142,-0.3333333333333332,-0.3333333333333332,0.0,0.0,-2.0,-0.5,0.5
seed-12073-pa-0.35-pb-0.65,seed-12073-pa-0.35-pb-0.65:0,bandit,0,4.203889734292549,3.5027545878424275,0.5,0.5,0.0,0.0,0.0,-1.25,1.25
seed-12073-pa-0.35-pb-0.65,seed-12073-pa-0.35-pb-0.65:1,bandit,1,3.849076984180108,3.5027545878424275,0.5,0.5,0.0,0.0,-2.0,-1.25,1.25
seed-12073-pa-0.35-pb-0.65,seed-12073-pa-0.35-pb-0.65:2,bandit,2,2.71393946547494,3.5027545878424275,1.3333333333333337,1.3333333333333337,0.0,0.0,3.0,-1.25,1.25
seed-12073-pa-0.35-pb-0.65,seed-12073-pa-0.35-pb-0.65:3,bandit,3,2.5231232641398407,3.5027545878424275,1.75,1.75,0.0,0.0,3.0,-1.25,1.25
seed-12073-pa-0.35-pb-0.65,seed-12073-pa-0.35-pb-0.65:4,bandit,4,2.3037006782765204,3.5027545878424275,2.0,2.0,0.0,0.0,3.0,-1.25,1.25
seed-12073-pa-0.35-pb-0.65,seed-12073-pa-0.35-pb-0.65:5,bandit,5,2.3868710061149017,3.5027545878424275,2.0,2.0,0.0,0.0,3.0,-1.25,1.25
seed-12073-pa-0.35-pb-0.65,seed-12073-pa-0.35-pb-0.65:6,bandit,6,1.273123264139841,3.5027545878424275,1.3333333333333337,1.3333333333333337,0.0,0.0,-2.0,-1.25,1.25
seed-12073-pa-0.35-pb-0.65,seed-12073-pa-0.35-pb-0.65:7,bandit,7,1.023123264139841,3.5027545878424275,0.8571428571428572,0.8571428571428572,0.0,0.0,-2.0,-1.25,1.25
seed-12073-pa-0.35-pb-0.65,seed-12073-pa-0.35-pb-0.65:8,bandit,8,3.099076984180108,3.5027545878424275,1.125,1.125,0.0,0.0,3.0,-1.25,1.25
seed-12073-pa-0.35-pb-0.65,seed-12073-pa-0.35-pb-0.65:9,bandit,9,1.9734445810050545,3.5027545878424275,0.7777777777777777,0.7777777777777777,0.0,0.0,-2.0,-1.25,1.25
seed-12073-pa-0.35-pb-0.65,seed-12073-pa-0.35-pb-0.65:10,bandit,10,2.326413277982752,3.5027545878424275,0.7777777777777777,0.7777777777777777,0.0,0.0,-2.0,-1.25,1.25
seed-12073-pa-0.35-pb-0.65,seed-12073-pa-0.35-pb-0.65:11,bandit,11,1.8868710061149017,3.5027545878424275,0.7777777777777777,0.7777777777777777,0.0,0.0,-2.0,-1.25,1.25
seed-12073-pa-0.35-pb-0.65,seed-12073-pa-0.35-pb-0.65:12,bandit,12,2.0537006782765204,3.5027545878424275,0.7777777777777777,0.7777777777777777,0.0,0.0,-2.0,-1.25,1.25
seed-12073-pa-0.35-pb-0.65,seed-12073-pa-0.35-pb-0.65:13,bandit,13,3.474076984180108,3.5027545878424275,0.7777777777777777,0.7777777777777777,0.0,0.0,3.0,-1.25,1.25
seed-12073-pa-0.35-pb-0.65,seed-12073-pa-0.35-pb-0.65:14,bandit,14,3.67870067827652,3.5027545878424275,1.0,1.0,0.0,0.0,3.0,-1.25,1.25
seed-12073-pa-0.35-pb-0.65,seed-12073-pa-0.35-pb-0.65:15,bandit,15,3.92870067827652,3.5027545878424275,1.1818181818181817,1.1818181818181817,0.0,0.0,3.0,-1.25,1.25
seed-12073-pa-0.35-pb-0.65,seed-12073-pa-0.35-pb-0.65:16,bandit,16,4.011871006114902,3.5027545878424275,1.3333333333333337,1.3333333333333337,0.0,0.0,3.0,-1.25,1.25
seed-12073-pa-0.35-pb-0.65,seed-12073-pa-0.35-pb-0.65:17,bandit,17,3.92870067827652,3.5027545878424275,1.4615384615384617,1.4615384615384617,0.0,0.0,3.0,-1.25,1.25
seed-12073-pa-0.35-pb-0.65,seed-12073-pa-0.35-pb-0.65:18,bandit,18,4.063261687518224,3.5027545878424275,1.5714285714285716,1.5714285714285716,0.0,0.0,3.0,-1.25,1.25
seed-12073-pa-0.35-pb-0.65,seed-12073-pa-0.35-pb-0.65:19,bandit,19,3.781150136248314,3.5027545878424275,1.6666666666666663,1.6666666666666663,0.0,0.0,3.0,-1.25,1.25
seed-12073-pa-0.35-pb-0.65,seed-12073-pa-0.35-pb-0.65:20,bandit,20,2.6481232641398407,3.5027545878424275,1.6666666666666663,1.6666666666666663,0.0,0.0,-2.0,-1.25,1.25
seed-12073-pa-0.35-pb-0.65,seed-12073-pa-0.35-pb-0.65:21,bandit,21,2.8037006782765204,3.5027545878424275,1.4375,1.4375,0.0,0.0,-2.0,-1.25,1.25
seed-12073-pa-0.35-pb-0.65,seed-12073-pa-0.35-pb-0.65:22,bandit,22,4.4734445810050545,3.5027545878424275,1.5294117647058822,1.5294117647058822,0.0,0.0,3.0,-1.25,1.25
seed-12073-pa-0.35-pb-0.65,seed-12073-pa-0.35-pb-0.65:23,bandit,23,3.1787006782765204,3.5027545878424275,1.3333333333333337,1.3333333333333337,0.0,0.0,-2.0,-1.25,1.25
seed-12073-pa-0.35-pb-0.65,seed-12073-pa-0.35-pb-0.65:24,bandit,24,3.1325990353171704,3.5027545878424275,1.3333333333333337,1.3333333333333337,0.0,0.0,-2.0,-1.25,1.25
seed-12073-pa-0.35-pb-0.65,seed-12073-pa-0.35-pb-0.65:25,bandit,25,2.950939419878843,3.5027545878424275,1.3333333333333337,1.3333333333333337,0.0,0.0,-2.0,-1.25,1.25
seed-12073-pa-0.35-pb-0.65,seed-12073-pa-0.35-pb-0.65:26,bandit,26,4.281150136248314,3.5027545878424275,1.4210526315789471,1.4210526315789471,0.0,0.0,3.0,-1.25,1.25
seed-12073-pa-0.35-pb-0.65,seed-12073-pa-0.35-pb-0.65:27,bandit,27,3.1481232641398407,3.5027545878424275,1.4210526315789471,1.4210526315789471,0.0,0.0,-2.0,-1.25,1.25
seed-12073-pa-0.35-pb-0.65,seed-12073-pa-0.35-pb-0.65:28,bandit,28,2.8825990353171704,3.5027545878424275,1.4210526315789471,1.4210526315789471,0.0,0.0,-2.0,-1.25,1.25
seed-12073-pa-0.35-pb-0.65,seed-12073-pa-0.35-pb-0.65:29,bandit,29,2.8181471805599436,3.5027545878424275,1.4210526315789471,1.4210526315789471,0.0,0.0,-2.0,-1.25,1.25
seed-12073-pa-0.35-pb-0.65,seed-12073-pa-0.35-pb-0.65:30,bandit,30,3.2731232641398407,3.5027545878424275,1.25,1.25,0.0,0.0,-2.0,-1.25,1.25
seed-12073-pa-0.35-pb-0.65,seed-12073-pa-0.35-pb-0.65:31,bandit,31,4.2234445810050545,3.5027545878424275,1.3333333333333337,1.3333333333333337,0.0,0.0,3.0,-1.25,1.25
seed-12073-pa-0.35-pb-0.65,seed-12073-pa-0.35-pb-0.65:32,bandit,32,3.7731232641398407,3.5027545878424275,1.1818181818181817,1.1818181818181817,0.0,0.0,-2.0,-1.25,1.25
seed-12073-pa-0.35-pb-0.65,seed-12073-pa-0.35-pb-0.65:33,bandit,33,4.438261687518224,3.5027545878424275,1.2608695652173911,1.2608695652173911,0.0,0.0,3.0,-1.25,1.25
seed-12073-pa-0.35-pb-0.65,seed-12073-pa-0.35-pb-0.65:34,bandit,34,3.849076984180108,3.5027545878424275,1.125,1.125,0.0,0.0,-2.0,-1.25,1.25
seed-12073-pa-0.35-pb-0.65,seed-12073-pa-0.35-pb-0.65:35,bandit,35,3.8868710061149017,3.5027545878424275,1.0,1.0,0.0,0.0,-2.0,-1.25,1.25
seed-12073-pa-0.35-pb-0.65,seed-12073-pa-0.35-pb-0.65:36,bandit,36,3.7234445810050545,3.5027545878424275,0.8846153846153846,0.8846153846153846,0.0,0.0,-2.0,-1.25,1.25
seed-12075-pa-0.35-pb-0.50,seed-12075-pa-0.35-pb-0.50:0,bandit,0,4.203889734292549,3.23605947898142,0.5,0.5,0.0,0.0,0.0,-0.5,0.5
seed-12075-pa-0.35-pb-0.50,seed-12075-pa-0.35-pb-0.50:1,bandit,1,3.849076984180108,3.23605947898142,0.5,0.5,0.0,0.0,-2.0,-0.5,0.5
seed-12075-pa-0.35-pb-0.50,seed-12075-pa-0.35-pb-0.50:2,bandit,2,2.71393946547494,3.23605947898142,1.3333333333333337,1.3333333333333337,0.0,0.0,3.0,-0.5,0.5
seed-12075-pa-0.35-pb-0.50,seed-12075-pa-0.35-pb-0.50:3,bandit,3,1.826413277982752,3.23605947898142,1.3333333333333337,1.3333333333333337,0.0,0.0,-2.0,-0.5,0.5
seed-12075-pa-0.35-pb-0.50,seed-12075-pa-0.35-pb-0.50:4,bandit,4,2.626928011042974,3.23605947898142,1.75,1.75,0.0,0.0,3.0,-0.5,0.5
seed-12075-pa-0.35-pb-0.50,seed-12075-pa-0.35-pb-0.50:5,bandit,5,2.201413277982752,3.23605947898142,1.75,1.75,0.0,0.0,-2.0,-0.5,0.5
seed-12075-pa-0.35-pb-0.50,seed-12075-pa-0.35-pb-0.50:6,bandit,6,3.225206558916746,3.23605947898142,2.0,2.0,0.0,0.0,3.0,-0.5,0.5
seed-12075-pa-0.35-pb-0.50,seed-12075-pa-0.35-pb-0.50:7,bandit,7,2.7234445810050545,3.23605947898142,2.0,2.0,0.0,0.0,3.0,-0.5,0.5
seed-12075-pa-0.35-pb-0.50,seed-12075-pa-0.35-pb-0.50:8,bandit,8,3.0352241504380864,3.23605947898142,2.0,2.0,0.0,0.0,-2.0,-0.5,0.5
seed-12075-pa-0.35-pb-0.50,seed-12075-pa-0.35-pb-0.50:9,bandit,9,4.429882179158078,3.23605947898142,2.166666666666667,2.166666666666667,0.0,0.0,3.0,-0.5,0.5
seed-12075-pa-0.35-pb-0.50,seed-12075-pa-0.35-pb-0.50:10,bandit,10,3.626928011042974,3.23605947898142,2.166666666666667,2.166666666666667,0.0,0.0,-2.0,-0.5,0.5
seed-12075-pa-0.35-pb-0.50,seed-12075-pa-0.35-pb-0.50:11,bandit,11,2.0075990353171704,3.23605947898142,1.5714285714285716,1.5714285714285716,0.0,0.0,-2.0,-0.5,0.5
seed-12075-pa-0.35-pb-0.50,seed-12075-pa-0.35-pb-0.50:12,bandit,12,4.188261687518224,3.23605947898142,1.5714285714285716,1.5714285714285716,0.0,0.0,3.0,-0.5,0.5
seed-12075-pa-0.35-pb-0.50,seed-12075-pa-0.35-pb-0.50:13,bandit,13,2.7618710061149017,3.23605947898142,1.125,1.125,0.0,0.0,-2.0,-0.5,0.5
seed-12075-pa-0.35-pb-0.50,seed-12075-pa-0.35-pb-0.50:14,bandit,14,4.30474463538566,3.23605947898142,1.3333333333333337,1.3333333333333337,0.0,0.0,3.0,-0.5,0.5
seed-12075-pa-0.35-pb-0.50,seed-12075-pa-0.35-pb-0.50:15,bandit,15,3.6368710061149017,3.23605947898142,1.3333333333333337,1.3333333333333337,0.0,0.0,-2.0,-0.5,0.5
seed-12075-pa-0.35-pb-0.50,seed-12075-pa-0.35-pb-0.50:16,bandit,16,2.9734445810050545,3.23605947898142,1.0,1.0,0.0,0.0,-2.0,-0.5,0.5
seed-12075-pa-0.35-pb-0.50,seed-12075-pa-0.35-pb-0.50:17,bandit,17,4.25759903531717,3.23605947898142,1.0,1.0,0.0,0.0,3.0,-0.5,0.5
seed-12075-pa-0.35-pb-0.50,seed-12075-pa-0.35-pb-0.50:18,bandit,18,4.00759903531717,3.23605947898142,0.7272727272727271,0.7272727272727271,0.0,0.0,-2.0,-0.5,0.5
seed-12075-pa-0.35-pb-0.50,seed-12075-pa-0.35-pb-0.50:19,bandit,19,3.4734445810050545,3.23605947898142,0.7272727272727271,0.7272727272727271,0.0,0.0,-2.0,-0.5,0.5
seed-12075-pa-0.35-pb-0.50,seed-12075-pa-0.35-pb-0.50:20,bandit,20,4.626929081345374,3.23605947898142,0.9166666666666664,0.9166666666666664,0.0,0.0,3.0,-0.5,0.5
seed-12075-pa-0.35-pb-0.50,seed-12075-pa-0.35-pb-0.50:21,bandit,21,4.813261687518224,3.23605947898142,0.9166666666666664,0.9166666666666664,0.0,0.0,-2.0,-0.5,0.5
seed-12075-pa-0.35-pb-0.50,seed-12075-pa-0.35-pb-0.50:22,bandit,22,3.6368710061149017,3.23605947898142,0.9166666666666664,0.9166666666666664,0.0,0.0,-2.0,-0.5,0.5
seed-12075-pa-0.35-pb-0.50,seed-12075-pa-0.35-pb-0.50:23,bandit,23,3.3825990353171704,3.23605947898142,0.9166666666666664,0.9166666666666664,0.0,0.0,-2.0,-0.5,0.5
seed-12084-pa-0.65-pb-0.65,seed-12084-pa-0.65-pb-0.65:0,bandit,0,4.203889734292549,3.5027545878424275,0.5,0.5,0.0,0.0,0.0,-1.25,1.25
seed-12084-pa-0.65-pb-0.65,seed-12084-pa-0.65-pb-0.65:1,bandit,1,3.849076984180108,3.5027545878424275,0.5,0.5,0.0,0.0,-2.0,-1.25,1.25
seed-12084-pa-0.65-pb-0.65,seed-12084-pa-0.65-pb-0.65:2,bandit,2,4.350412651601648,3.5027545878424275,0.5,0.5,0.0,0.0,3.0,-1.25,1.25
seed-12084-pa-0.65-pb-0.65,seed-12084-pa-0.65-pb-0.65:3,bandit,3,4.21393946547494,3.5027545878424275,1.0,1.0,0.0,0.0,3.0,-1.25,1.25
seed-12084-pa-0.65-pb-0.65,seed-12084-pa-0.65-pb-0.65:4,bandit,4,3.21393946547494,3.5027545878424275,1.3333333333333337,1.3333333333333337,0.0,0.0,3.0,-1.25,1.25
seed-12084-pa-0.65-pb-0.65,seed-12084-pa-0.65-pb-0.65:5,bandit,5,3.5699361996449746,3.5027545878424275,1.5714285714285716,1.5714285714285716,0.0,0.0,3.0,-1.25,1.25
seed-12084-pa-0.65-pb-0.65,seed-12084-pa-0.65-pb-0.65:6,bandit,6,2.8504126516016477,3.5027545878424275,1.125,1.125,0.0,0.0,-2.0,-1.25,1.25
seed-12084-pa-0.65-pb-0.65,seed-12084-pa-0.65-pb-0.65:7,bandit,7,3.436967589003199,3.5027545878424275,1.3333333333333337,1.3333333333333337,0.0,0.0,3.0,-1.25,1.25
seed-12084-pa-0.65-pb-0.65,seed-12084-pa-0.65-pb-0.65:8,bandit,8,3.9179990792290873,3.5027545878424275,1.5,1.5,0.0,0.0,3.0,-1.25,1.25
seed-12084-pa-0.65-pb-0.65,seed-12084-pa-0.65-pb-0.65:9,bandit,9,4.0380413716877825,3.5027545878424275,1.6363636363636362,1.6363636363636362,0.0,0.0,3.0,-1.25,1.25
seed-12084-pa-0.65-pb-0.65,seed-12084-pa-0.65-pb-0.65:10,bandit,10,3.9130413716877825,3.5027545878424275,1.75,1.75,0.0,0.0,3.0,-1.25,1.25
seed-12084-pa-0.65-pb-0.65,seed-12084-pa-0.65-pb-0.65:11,bandit,11,4.151300195186874,3.5027545878424275,1.8461538461538465,1.8461538461538465,0.0,0.0,3.0,-1.25,1.25
seed-12084-pa-0.65-pb-0.65,seed-12084-pa-0.65-pb-0.65:12,bandit,12,3.90475041827262,3.5027545878424275,1.9285714285714284,1.9285714285714284,0.0,0.0,3.0,-1.25,1.25
seed-12084-pa-0.65-pb-0.65,seed-12084-pa-0.65-pb-0.65:13,bandit,13,3.65475041827262,3.5027545878424275,2.0,2.0,0.0,0.0,3.0,-1.25,1.25
seed-12084-pa-0.65-pb-0.65,seed-12084-pa-0.65-pb-0.65:14,bandit,14,3.77975041827262,3.5027545878424275,2.0625,2.0625,0.0,0.0,3.0,-1.25,1.25
seed-12084-pa-0.65-pb-0.65,seed-12084-pa-0.65-pb-0.65:15,bandit,15,3.90475041827262,3.5027545878424275,2.117647058823529,2.117647058823529,0.0,0.0,3.0,-1.25,1.25
seed-12084-pa-0.65-pb-0.65,seed-12084-pa-0.65-pb-0.65:16,bandit,16,3.0699361996449746,3.5027545878424275,1.8888888888888888,1.8888888888888888,0.0,0.0,-2.0,-1.25,1.25
seed-12084-pa-0.65-pb-0.65,seed-12084-pa-0.65-pb-0.65:17,bandit,17,4.151300195186874,3.5027545878424275,1.9473684210526312,1.9473684210526312,0.0,0.0,3.0,-1.25,1.25
seed-12084-pa-0.65-pb-0.65,seed-12084-pa-0.65-pb-0.65:18,bandit,18,2.9449361996449746,3.5027545878424275,1.75,1.75,0.0,0.0,-2.0,-1.25,1.25
seed-12084-pa-0.65-pb-0.65,seed-12084-pa-0.65-pb-0.65:19,bandit,19,4.770541900901097,3.5027545878424275,1.809523809523809,1.809523809523809,0.0,0.0,3.0,-1.25,1.25
seed-12084-pa-0.65-pb-0.65,seed-12084-pa-0.65-pb-0.65:20,bandit,20,3.67358735157374,3.5027545878424275,1.6363636363636362,1.6363636363636362,0.0,0.0,-2.0,-1.25,1.25
seed-12084-pa-0.65-pb-0.65,seed-12084-pa-0.65-pb-0.65:21,bandit,21,4.645541900901097,3.5027545878424275,1.6956521739130437,1.6956521739130437,0.0,0.0,3.0,-1.25,1.25
seed-12084-pa-0.65-pb-0.65,seed-12084-pa-0.65-pb-0.65:22,bandit,22,3.90475041827262,3.5027545878424275,1.5416666666666663,1.5416666666666663,0.0,0.0,-2.0,-1.25,1.25
seed-12084-pa-0.65-pb-0.65,seed-12084-pa-0.65-pb-0.65:23,bandit,23,4.887509570276173,3.5027545878424275,1.6,1.6,0.0,0.0,3.0,-1.25,1.25
seed-12084-pa-0.65-pb-0.65,seed-12084-pa-0.65-pb-0.65:24,bandit,24,4.026300195186874,3.5027545878424275,1.4615384615384617,1.4615384615384617,0.0,0.0,-2.0,-1.25,1.25
seed-12084-pa-0.65-pb-0.65,seed-12084-pa-0.65-pb-0.65:25,bandit,25,4.516034256080317,3.5027545878424275,1.5185185185185186,1.5185185185185186,0.0,0.0,3.0,-1.25,1.25
seed-12084-pa-0.65-pb-0.65,seed-12084-pa-0.65-pb-0.65:26,bandit,26,4.516034256080317,3.5027545878424275,1.5714285714285716,1.5714285714285716,0.0,0.0,3.0,-1.25,1.25
seed-12084-pa-0.65-pb-0.65,seed-12084-pa-0.65-pb-0.65:27,bandit,27,4.512509570276173,3.5027545878424275,1.6206896551724137,1.6206896551724137,0.0,0.0,3.0,-1.25,1.25
seed-12084-pa-0.65-pb-0.65,seed-12084-pa-0.65-pb-0.65:28,bandit,28,4.514163456931506,3.5027545878424275,1.6666666666666663,1.6666666666666663,0.0,0.0,3.0,-1.25,1.25
seed-12084-pa-0.65-pb-0.65,seed-12084-pa-0.65-pb-0.65:29,bandit,29,4.386047744848593,3.5027545878424275,1.7096774193548383,1.7096774193548383,0.0,0.0,3.0,-1.25,1.25
seed-12084-pa-0.65-pb-0.65,seed-12084-pa-0.65-pb-0.65:30,bandit,30,4.509755911000223,3.5027545878424275,1.75,1.75,0.0,0.0,3.0,-1.25,1.25
seed-12084-pa-0.65-pb-0.65,seed-12084-pa-0.65-pb-0.65:31,bandit,31,4.509755911000223,3.5027545878424275,1.787878787878788,1.787878787878788,0.0,0.0,3.0,-1.25,1.25
seed-12084-pa-0.65-pb-0.65,seed-12084-pa-0.65-pb-0.65:32,bandit,32,4.508614483762177,3.5027545878424275,1.823529411764706,1.823529411764706,0.0,0.0,3.0,-1.25,1.25
seed-12084-pa-0.65-pb-0.65,seed-12084-pa-0.65-pb-0.65:33,bandit,33,4.633614483762177,3.5027545878424275,1.8571428571428572,1.8571428571428572,0.0,0.0,3.0,-1.25,1.25
seed-12084-pa-0.65-pb-0.65,seed-12084-pa-0.65-pb-0.65:34,bandit,34,4.384755911000223,3.5027545878424275,1.8888888888888888,1.8888888888888888,0.0,0.0,3.0,-1.25,1.25
seed-12084-pa-0.65-pb-0.65,seed-12084-pa-0.65-pb-0.65:35,bandit,35,4.264163456931506,3.5027545878424275,1.7837837837837838,1.7837837837837838,0.0,0.0,-2.0,-1.25,1.25
seed-12084-pa-0.65-pb-0.65,seed-12084-pa-0.65-pb-0.65:36,bandit,36,4.641034256080317,3.5027545878424275,1.8157894736842104,1.8157894736842104,0.0,0.0,3.0,-1.25,1.25
seed-12084-pa-0.65-pb-0.65,seed-12084-pa-0.65-pb-0.65:37,bandit,37,4.514163456931506,3.5027545878424275,1.8461538461538465,1.8461538461538465,0.0,0.0,3.0,-1.25,1.25
seed-12084-pa-0.65-pb-0.65,seed-12084-pa-0.65-pb-0.65:38,bandit,38,4.634755911000223,3.5027545878424275,1.875,1.875,0.0,0.0,3.0,-1.25,1.25
seed-12084-pa-0.65-pb-0.65,seed-12084-pa-0.65-pb-0.65:39,bandit,39,4.514163456931506,3.5027545878424275,1.7804878048780486,1.7804878048780486,0.0,0.0,-2.0,-1.25,1.25
seed-12084-pa-0.65-pb-0.65,seed-12084-pa-0.65-pb-0.65:40,bandit,40,4.762509570276173,3.5027545878424275,1.809523809523809,1.809523809523809,0.0,0.0,3.0,-1.25,1.25
seed-12084-pa-0.65-pb-0.65,seed-12084-pa-0.65-pb-0.65:41,bandit,41,3.8955419009010974,3.5027545878424275,1.7209302325581397,1.7209302325581397,0.0,0.0,-2.0,-1.25,1.25
seed-12084-pa-0.65-pb-0.65,seed-12084-pa-0.65-pb-0.65:42,bandit,42,4.886047744848593,3.5027545878424275,1.75,1.75,0.0,0.0,3.0,-1.25,1.25
seed-12084-pa-0.65-pb-0.65,seed-12084-pa-0.65-pb-0.65:43,bandit,43,4.886047744848593,3.5027545878424275,1.7777777777777777,1.7777777777777777,0.0,0.0,3.0,-1.25,1.25
seed-12084-pa-0.65-pb-0.65,seed-12084-pa-0.65-pb-0.65:44,bandit,44,5.132606094404334,3.5027545878424275,1.8043478260869563,1.8043478260869563,0.0,0.0,3.0,-1.25,1.25
seed-12084-pa-0.65-pb-0.65,seed-12084-pa-0.65-pb-0.65:45,bandit,45,4.886047744848593,3.5027545878424275,1.8297872340425536,1.8297872340425536,0.0,0.0,3.0,-1.25,1.25
seed-12084-pa-0.65-pb-0.65,seed-12084-pa-0.65-pb-0.65:46,bandit,46,4.637509570276173,3.5027545878424275,1.8541666666666663,1.8541666666666663,0.0,0.0,3.0,-1.25,1.25
seed-12084-pa-0.65-pb-0.65,seed-12084-pa-0.65-pb-0.65:47,bandit,47,4.886047744848593,3.5027545878424275,1.7755102040816326,1.7755102040816326,0.0,0.0,-2.0,-1.25,1.25
seed-12084-pa-0.65-pb-0.65,seed-12084-pa-0.65-pb-0.65:48,bandit,48,4.762509570276173,3.5027545878424275,1.7999999999999998,1.7999999999999998,0.0,0.0,3.0,-1.25,1.25
seed-12084-pa-0.65-pb-0.65,seed-12084-pa-0.65-pb-0.65:49,bandit,49,4.639163456931506,3.5027545878424275,1.823529411764706,1.823529411764706,0.0,0.0,3.0,-1.25,1.25
seed-12084-pa-0.65-pb-0.65,seed-12084-pa-0.65-pb-0.65:50,bandit,50,4.884755911000223,3.5027545878424275,1.8461538461538465,1.8461538461538465,0.0,0.0,3.0,-1.25,1.25
seed-12084-pa-0.65-pb-0.65,seed-12084-pa-0.65-pb-0.65:51,bandit,51,4.883614483762177,3.5027545878424275,1.8679245283018864,1.8679245283018864,0.0,0.0,3.0,-1.25,1.25
seed-12084-pa-0.65-pb-0.65,seed-12084-pa-0.65-pb-0.65:52,bandit,52,4.883614483762177,3.5027545878424275,1.8888888888888888,1.8888888888888888,0.0,0.0,3.0,-1.25,1.25
seed-12084-pa-0.65-pb-0.65,seed-12084-pa-0.65-pb-0.65:53,bandit,53,4.636047744848593,3.5027545878424275,1.9090909090909092,1.9090909090909092,0.0,0.0,3.0,-1.25,1.25
seed-12084-pa-0.65-pb-0.65,seed-12084-pa-0.65-pb-0.65:54,bandit,54,4.758614483762177,3.5027545878424275,1.9285714285714284,1.9285714285714284,0.0,0.0,3.0,-1.25,1.25
seed-12084-pa-0.65-pb-0.65,seed-12084-pa-0.65-pb-0.65:55,bandit,55,5.1317153484891165,3.5027545878424275,1.9473684210526312,1.9473684210526312,0.0,0.0,3.0,-1.25,1.25
seed-12084-pa-0.65-pb-0.65,seed-12084-pa-0.65-pb-0.65:56,bandit,56,5.2552337981517425,3.5027545878424275,1.9655172413793105,1.9655172413793105,0.0,0.0,3.0,-1.25,1.25
seed-12084-pa-0.65-pb-0.65,seed-12084-pa-0.65-pb-0.65:57,bandit,57,4.951413277982752,3.5027545878424275,1.9655172413793105,1.9655172413793105,0.0,0.0,3.0,-1.25,1.25
seed-12084-pa-0.65-pb-0.65,seed-12084-pa-0.65-pb-0.65:58,bandit,58,5.2880413716877825,3.5027545878424275,1.8983050847457623,1.8983050847457623,0.0,0.0,-2.0,-1.25,1.25
seed-12084-pa-0.65-pb-0.65,seed-12084-pa-0.65-pb-0.65:59,bandit,59,5.901300195186874,3.5027545878424275,1.9166666666666663,1.9166666666666663,0.0,0.0,3.0,-1.25,1.25
seed-12084-pa-0.65-pb-0.65,seed-12084-pa-0.65-pb-0.65:60,bandit,60,5.648245464372426,3.5027545878424275,1.9344262295081969,1.9344262295081969,0.0,0.0,3.0,-1.25,1.25
seed-12084-pa-0.65-pb-0.65,seed-12084-pa-0.65-pb-0.65:61,bandit,61,5.15475041827262,3.5027545878424275,1.870967741935484,1.870967741935484,0.0,0.0,-2.0,-1.25,1.25
seed-12084-pa-0.65-pb-0.65,seed-12084-pa-0.65-pb-0.65:62,bandit,62,5.898245464372426,3.5027545878424275,1.8888888888888888,1.8888888888888888,0.0,0.0,3.0,-1.25,1.25
seed-12084-pa-0.65-pb-0.65,seed-12084-pa-0.65-pb-0.65:63,bandit,63,5.03364569998304,3.5027545878424275,1.828125,1.828125,0.0,0.0,-2.0,-1.25,1.25
seed-12084-pa-0.65-pb-0.65,seed-12084-pa-0.65-pb-0.65:64,bandit,64,4.311967589003199,3.5027545878424275,1.7692307692307692,1.7692307692307692,0.0,0.0,-2.0,-1.25,1.25
seed-12084-pa-0.65-pb-0.65,seed-12084-pa-0.65-pb-0.65:65,bandit,65,3.4449361996449746,3.5027545878424275,1.712121212121212,1.712121212121212,0.0,0.0,-2.0,-1.25,1.25
seed-12084-pa-0.65-pb-0.65,seed-12084-pa-0.65-pb-0.65:66,bandit,66,2.7985873515737403,3.5027545878424275,1.656716417910448,1.656716417910448,0.0,0.0,-2.0,-1.25,1.25
seed-12084-pa-0.65-pb-0.65,seed-12084-pa-0.65-pb-0.65:67,bandit,67,5.15864569998304,3.5027545878424275,1.676470588235294,1.676470588235294,0.0,0.0,3.0,-1.25,1.25
seed-12084-pa-0.65-pb-0.65,seed-12084-pa-0.65-pb-0.65:68,bandit,68,4.042999079229087,3.5027545878424275,1.6231884057971016,1.6231884057971016,0.0,0.0,-2.0,-1.25,1.25
seed-12084-pa-0.65-pb-0.65,seed-12084-pa-0.65-pb-0.65:69,bandit,69,5.15864569998304,3.5027545878424275,1.6428571428571428,1.6428571428571428,0.0,0.0,3.0,-1.25,1.25
seed-12084-pa-0.65-pb-0.65,seed-12084-pa-0.65-pb-0.65:70,bandit,70,4.526300195186874,3.5027545878424275,1.591549295774648,1.591549295774648,0.0,0.0,-2.0,-1.25,1.25
seed-12084-pa-0.65-pb-0.65,seed-12084-pa-0.65-pb-0.65:71,bandit,71,5.276300195186874,3.5027545878424275,1.6111111111111112,1.6111111111111112,0.0,0.0,3.0,-1.25,1.25
seed-12084-pa-0.65-pb-0.65,seed-12084-pa-0.65-pb-0.65:72,bandit,72,5.15864569998304,3.5027545878424275,1.6301369863013695,1.6301369863013695,0.0,0.0,3.0,-1.25,1.25
seed-12084-pa-0.65-pb-0.65,seed-12084-pa-0.65-pb-0.65:73,bandit,73,4.90475041827262,3.5027545878424275,1.5810810810810811,1.5810810810810811,0.0,0.0,-2.0,-1.25,1.25
seed-12084-pa-0.65-pb-0.65,seed-12084-pa-0.65-pb-0.65:74,bandit,74,5.27975041827262,3.5027545878424275,1.6,1.6,0.0,0.0,3.0,-1.25,1.25
seed-12084-pa-0.65-pb-0.65,seed-12084-pa-0.65-pb-0.65:75,bandit,75,5.401300195186874,3.5027545878424275,1.6184210526315788,1.6184210526315788,0.0,0.0,3.0,-1.25,1.25
seed-12084-pa-0.65-pb-0.65,seed-12084-pa-0.65-pb-0.65:76,bandit,76,5.148245464372426,3.5027545878424275,1.6363636363636362,1.6363636363636362,0.0,0.0,3.0,-1.25,1.25
seed-12084-pa-0.65-pb-0.65,seed-12084-pa-0.65-pb-0.65:77,bandit,77,5.026300195186874,3.5027545878424275,1.6538461538461535,1.6538461538461535,0.0,0.0,3.0,-1.25,1.25
seed-12084-pa-0.65-pb-0.65,seed-12084-pa-0.65-pb-0.65:78,bandit,78,5.151300195186874,3.5027545878424275,1.6075949367088609,1.6075949367088609,0.0,0.0,-2.0,-1.25,1.25
seed-12084-pa-0.65-pb-0.65,seed-12084-pa-0.65-pb-0.65:79,bandit,79,4.02975041827262,3.5027545878424275,1.5625,1.5625,0.0,0.0,-2.0,-1.25,1.25
seed-12084-pa-0.65-pb-0.65,seed-12084-pa-0.65-pb-0.65:80,bandit,80,5.648245464372426,3.5027545878424275,1.5802469135802468,1.5802469135802468,0.0,0.0,3.0,-1.25,1.25
seed-12084-pa-0.65-pb-0.65,seed-12084-pa-0.65-pb-0.65:81,bandit,81,5.398245464372426,3.5027545878424275,1.5975609756097562,1.5975609756097562,0.0,0.0,3.0,-1.25,1.25
seed-12084-pa-0.65-pb-0.65,seed-12084-pa-0.65-pb-0.65:82,bandit,82,5.273245464372426,3.5027545878424275,1.6144578313253013,1.6144578313253013,0.0,0.0,3.0,-1.25,1.25
seed-12084-pa-0.65-pb-0.65,seed-12084-pa-0.65-pb-0.65:83,bandit,83,5.273245464372426,3.5027545878424275,1.630952380952381,1.630952380952381,0.0,0.0,3.0,-1.25,1.25
seed-12084-pa-0.65-pb-0.65,seed-12084-pa-0.65-pb-0.65:84,bandit,84,5.148245464372426,3.5027545878424275,1.5882352941176472,1.5882352941176472,0.0,0.0,-2.0,-1.25,1.25
seed-12084-pa-0.65-pb-0.65,seed-12084-pa-0.65-pb-0.65:85,bandit,85,6.054882179158078,3.5027545878424275,1.75,1.75,0.0,0.0,3.0,-1.25,1.25
seed-12084-pa-0.65-pb-0.65,seed-12084-pa-0.65-pb-0.65:86,bandit,86,5.77975041827262,3.5027545878424275,1.75,1.75,0.0,0.0,3.0,-1.25,1.25
seed-12084-pa-0.65-pb-0.65,seed-12084-pa-0.65-pb-0.65:87,bandit,87,5.773245464372426,3.5027545878424275,1.75,1.75,0.0,0.0,3.0,-1.25,1.25
seed-12084-pa-0.65-pb-0.65,seed-12084-pa-0.65-pb-0.65:88,bandit,88,5.436967589003199,3.5027545878424275,1.75,1.75,0.0,0.0,-2.0,-1.25,1.25
seed-12084-pa-0.65-pb-0.65,seed-12084-pa-0.65-pb-0.65:89,bandit,89,6.523245464372426,3.5027545878424275,1.75,1.75,0.0,0.0,3.0,-1.25,1.25
seed-12084-pa-0.65-pb-0.65,seed-12084-pa-0.65-pb-0.65:90,bandit,90,5.311967589003199,3.5027545878424275,1.75,1.75,0.0,0.0,-2.0,-1.25,1.25
seed-12084-pa-0.65-pb-0.65,seed-12084-pa-0.65-pb-0.65:91,bandit,91,6.151300195186874,3.5027545878424275,1.75,1.75,0.0,0.0,3.0,-1.25,1.25
seed-12084-pa-0.65-pb-0.65,seed-12084-pa-0.65-pb-0.65:92,bandit,92,6.02975041827262,3.5027545878424275,1.75,1.75,0.0,0.0,3.0,-1.25,1.25
seed-12084-pa-0.65-pb-0.65,seed-12084-pa-0.65-pb-0.65:93,bandit,93,5.776300195186874,3.5027545878424275,1.75,1.75,0.0,0.0,3.0,-1.25,1.25
seed-12084-pa-0.65-pb-0.65,seed-12084-pa-0.65-pb-0.65:94,bandit,94,5.112822278771571,3.5027545878424275,1.6021505376344083,1.6021505376344083,0.0,0.0,-2.0,-1.25,1.25
seed-12084-pa-0.65-pb-0.65,seed-12084-pa-0.65-pb-0.65:95,bandit,95,6.40864569998304,3.5027545878424275,1.6170212765957448,1.6170212765957448,0.0,0.0,3.0,-1.25,1.25
seed-12084-pa-0.65-pb-0.65,seed-12084-pa-0.65-pb-0.65:96,bandit,96,6.042999079229087,3.5027545878424275,1.6315789473684212,1.6315789473684212,0.0,0.0,3.0,-1.25,1.25
seed-12084-pa-0.65-pb-0.65,seed-12084-pa-0.65-pb-0.65:97,bandit,97,5.561967589003199,3.5027545878424275,1.59375,1.59375,0.0,0.0,-2.0,-1.25,1.25
seed-12084-pa-0.65-pb-0.65,seed-12084-pa-0.65-pb-0.65:98,bandit,98,6.4130413716877825,3.5027545878424275,1.6082474226804124,1.6082474226804124,0.0,0.0,3.0,-1.25,1.25
seed-12084-pa-0.65-pb-0.65,seed-12084-pa-0.65-pb-0.65:99,bandit,99,5.08893946547494,3.5027545878424275,1.5714285714285716,1.5714285714285716,0.0,0.0,-2.0,-1.25,1.25
seed-12108-pa-0.35-pb-0.20,seed-12108-pa-0.35-pb-0.20:0,bandit,0,4.203889734292549,2.969364370120412,0.5,0.5,0.0,0.0,0.0,0.25,-0.25
seed-12108-pa-0.35-pb-0.20,seed-12108-pa-0.35-pb-0.20:1,bandit,1,3.849076984180108,2.969364370120412,0.5,0.5,0.0,0.0,-2.0,0.25,-0.25
seed-12108-pa-0.35-pb-0.20,seed-12108-pa-0.35-pb-0.20:2,bandit,2,0.1004126516016477,2.969364370120412,-0.3333333333333332,-0.3333333333333332,0.0,0.0,-2.0,0.25,-0.25
seed-12113-pa-0.65-pb-0.35,seed-12113-pa-0.65-pb-0.35:0,bandit,0,4.203889734292549,3.5027545878424275,0.5,0.5,0.0,0.0,0.0,-1.25,1.25
seed-12113-pa-0.65-pb-0.35,seed-12113-pa-0.65-pb-0.35:1,bandit,1,4.42870067827652,3.5027545878424275,1.3333333333333337,1.3333333333333337,0.0,0.0,3.0,-1.25,1.25
seed-12113-pa-0.65-pb-0.35,seed-12113-pa-0.65-pb-0.35:2,bandit,2,3.6368710061149017,3.5027545878424275,0.5,0.5,0.0,0.0,-2.0,-1.25,1.25
seed-12113-pa-0.65-pb-0.35,seed-12113-pa-0.65-pb-0.35:3,bandit,3,1.9754126516016477,3.5027545878424275,0.5,0.5,0.0,0.0,-2.0,-1.25,1.25
seed-12113-pa-0.65-pb-0.35,seed-12113-pa-0.65-pb-0.35:4,bandit,4,3.099076984180108,3.5027545878424275,1.0,1.0,0.0,0.0,3.0,-1.25,1.25
seed-12113-pa-0.65-pb-0.35,seed-12113-pa-0.65-pb-0.35:5,bandit,5,2.6787006782765204,3.5027545878424275,0.5,0.5,0.0,0.0,-2.0,-1.25,1.25
seed-12113-pa-0.65-pb-0.35,seed-12113-pa-0.65-pb-0.35:6,bandit,6,1.5984445810050545,3.5027545878424275,0.1428571428571428,0.1428571428571428,0.0,0.0,-2.0,-1.25,1.25
seed-12113-pa-0.65-pb-0.35,seed-12113-pa-0.65-pb-0.35:7,bandit,7,1.3490769841801082,3.5027545878424275,0.1428571428571428,0.1428571428571428,0.0,0.0,-2.0,-1.25,1.25
seed-12113-pa-0.65-pb-0.35,seed-12113-pa-0.65-pb-0.35:8,bandit,8,1.5990769841801082,3.5027545878424275,0.1428571428571428,0.1428571428571428,0.0,0.0,-2.0,-1.25,1.25
seed-12113-pa-0.65-pb-0.35,seed-12113-pa-0.65-pb-0.35:9,bandit,9,2.8769290813453736,3.5027545878424275,0.1428571428571428,0.1428571428571428,0.0,0.0,3.0,-1.25,1.25
seed-12113-pa-0.65-pb-0.35,seed-12113-pa-0.65-pb-0.35:10,bandit,10,2.5681471805599436,3.5027545878424275,-0.125,-0.125,0.0,0.0,-2.0,-1.25,1.25
seed-12113-pa-0.65-pb-0.35,seed-12113-pa-0.65-pb-0.35:11,bandit,11,3.1325990353171704,3.5027545878424275,-0.125,-0.125,0.0,0.0,-2.0,-1.25,1.25
seed-12113-pa-0.65-pb-0.35,seed-12113-pa-0.65-pb-0.35:12,bandit,12,4.201413277982752,3.5027545878424275,-0.125,-0.125,0.0,0.0,3.0,-1.25,1.25
seed-12113-pa-0.65-pb-0.35,seed-12113-pa-0.65-pb-0.35:13,bandit,13,3.474076984180108,3.5027545878424275,0.2222222222222223,0.2222222222222223,0.0,0.0,3.0,-1.25,1.25
seed-12113-pa-0.65-pb-0.35,seed-12113-pa-0.65-pb-0.35:14,bandit,14,3.349076984180108,3.5027545878424275,0.0,0.0,0.0,0.0,-2.0,-1.25,1.25
seed-12113-pa-0.65-pb-0.35,seed-12113-pa-0.65-pb-0.35:15,bandit,15,4.200939419878843,3.5027545878424275,0.2727272727272729,0.2727272727272729,0.0,0.0,3.0,-1.25,1.25
seed-12113-pa-0.65-pb-0.35,seed-12113-pa-0.65-pb-0.35:16,bandit,16,3.7618710061149017,3.5027545878424275,0.2727272727272729,0.2727272727272729,0.0,0.0,3.0,-1.25,1.25
seed-12113-pa-0.65-pb-0.35,seed-12113-pa-0.65-pb-0.35:17,bandit,17,3.849076984180108,3.5027545878424275,0.2222222222222223,0.2222222222222223,0.0,0.0,-2.0,-1.25,1.25
seed-12113-pa-0.65-pb-0.35,seed-12113-pa-0.65-pb-0.35:18,bandit,18,4.80370067827652,3.5027545878424275,0.5,0.5,0.0,0.0,3.0,-1.25,1.25
seed-12113-pa-0.65-pb-0.35,seed-12113-pa-0.65-pb-0.35:19,bandit,19,3.724076984180108,3.5027545878424275,0.2727272727272729,0.2727272727272729,0.0,0.0,-2.0,-1.25,1.25
seed-12113-pa-0.65-pb-0.35,seed-12113-pa-0.65-pb-0.35:20,bandit,20,4.5984445810050545,3.5027545878424275,0.5,0.5,0.0,0.0,3.0,-1.25,1.25
seed-12113-pa-0.65-pb-0.35,seed-12113-pa-0.65-pb-0.35:21,bandit,21,3.700939419878843,3.5027545878424275,0.3076923076923075,0.3076923076923075,0.0,0.0,-2.0,-1.25,1.25
seed-12113-pa-0.65-pb-0.35,seed-12113-pa-0.65-pb-0.35:22,bandit,22,5.0984445810050545,3.5027545878424275,0.3076923076923075,0.3076923076923075,0.0,0.0,3.0,-1.25,1.25
seed-12113-pa-0.65-pb-0.35,seed-12113-pa-0.65-pb-0.35:23,bandit,23,4.7234445810050545,3.5027545878424275,0.5,0.5,0.0,0.0,3.0,-1.25,1.25
seed-12113-pa-0.65-pb-0.35,seed-12113-pa-0.65-pb-0.35:24,bandit,24,4.200939419878843,3.5027545878424275,0.5,0.5,0.0,0.0,-2.0,-1.25,1.25
seed-12113-pa-0.65-pb-0.35,seed-12113-pa-0.65-pb-0.35:25,bandit,25,5.3484445810050545,3.5027545878424275,0.6666666666666665,0.6666666666666665,0.0,0.0,3.0,-1.25,1.25
seed-12113-pa-0.65-pb-0.35,seed-12113-pa-0.65-pb-0.35:26,bandit,26,4.200939419878843,3.5027545878424275,0.5,0.5,0.0,0.0,-2.0,-1.25,1.25
seed-12113-pa-0.65-pb-0.35,seed-12113-pa-0.65-pb-0.35:27,bandit,27,3.974076984180108,3.5027545878424275,0.3529411764705883,0.3529411764705883,0.0,0.0,-2.0,-1.25,1.25
seed-12113-pa-0.65-pb-0.35,seed-12113-pa-0.65-pb-0.35:28,bandit,28,4.136871006114902,3.5027545878424275,0.3529411764705883,0.3529411764705883,0.0,0.0,-2.0,-1.25,1.25
seed-12113-pa-0.65-pb-0.35,seed-12113-pa-0.65-pb-0.35:29,bandit,29,4.501929081345374,3.5027545878424275,0.3529411764705883,0.3529411764705883,0.0,0.0,-2.0,-1.25,1.25
seed-12113-pa-0.65-pb-0.35,seed-12113-pa-0.65-pb-0.35:30,bandit,30,5.5984445810050545,3.5027545878424275,0.5,0.5,0.0,0.0,3.0,-1.25,1.25
seed-12113-pa-0.65-pb-0.35,seed-12113-pa-0.65-pb-0.35:31,bandit,31,4.773123264139841,3.5027545878424275,0.3684210526315787,0.3684210526315787,0.0,0.0,-2.0,-1.25,1.25
seed-12113-pa-0.65-pb-0.35,seed-12113-pa-0.65-pb-0.35:32,bandit,32,5.313261687518224,3.5027545878424275,0.5,0.5,0.0,0.0,3.0,-1.25,1.25
seed-12113-pa-0.65-pb-0.35,seed-12113-pa-0.65-pb-0.35:33,bandit,33,5.2234445810050545,3.5027545878424275,0.6190476190476191,0.6190476190476191,0.0,0.0,3.0,-1.25,1.25
seed-12113-pa-0.65-pb-0.35,seed-12113-pa-0.65-pb-0.35:34,bandit,34,5.076413277982752,3.5027545878424275,0.7272727272727271,0.7272727272727271,0.0,0.0,3.0,-1.25,1.25
seed-12113-pa-0.65-pb-0.35,seed-12113-pa-0.65-pb-0.35:35,bandit,35,5.023123264139841,3.5027545878424275,0.7272727272727271,0.7272727272727271,0.0,0.0,-2.0,-1.25,1.25
seed-12113-pa-0.65-pb-0.35,seed-12113-pa-0.65-pb-0.35:36,bandit,36,4.63259903531717,3.5027545878424275,0.6086956521739131,0.6086956521739131,0.0,0.0,-2.0,-1.25,1.25
seed-12113-pa-0.65-pb-0.35,seed-12113-pa-0.65-pb-0.35:37,bandit,37,4.88259903531717,3.5027545878424275,0.6086956521739131,0.6086956521739131,0.0,0.0,-2.0,-1.25,1.25
seed-12113-pa-0.65-pb-0.35,seed-12113-pa-0.65-pb-0.35:38,bandit,38,4.700939419878843,3.5027545878424275,0.6086956521739131,0.6086956521739131,0.0,0.0,-2.0,-1.25,1.25
seed-12113-pa-0.65-pb-0.35,seed-12113-pa-0.65-pb-0.35:39,bandit,39,5.00759903531717,3.5027545878424275,0.5,0.5,0.0,0.0,-2.0,-1.25,1.25
seed-12113-pa-0.65-pb-0.35,seed-12113-pa-0.65-pb-0.35:40,bandit,40,5.200939419878843,3.5027545878424275,0.5,0.5,0.0,0.0,-2.0,-1.25,1.25
seed-12113-pa-0.65-pb-0.35,seed-12113-pa-0.65-pb-0.35:41,bandit,41,4.898123264139841,3.5027545878424275,0.5,0.5,0.0,0.0,-2.0,-1.25,1.25
seed-12113-pa-0.65-pb-0.35,seed-12113-pa-0.65-pb-0.35:42,bandit,42,5.13259903531717,3.5027545878424275,0.3999999999999999,0.3999999999999999,0.0,0.0,-2.0,-1.25,1.25
seed-12113-pa-0.65-pb-0.35,seed-12113-pa-0.65-pb-0.35:43,bandit,43,5.126929081345374,3.5027545878424275,0.5,0.5,0.0,0.0,3.0,-1.25,1.25
seed-12113-pa-0.65-pb-0.35,seed-12113-pa-0.65-pb-0.35:44,bandit,44,4.773123264139841,3.5027545878424275,0.5,0.5,0.0,0.0,3.0,-1.25,1.25
seed-12113-pa-0.65-pb-0.35,seed-12113-pa-0.65-pb-0.35:45,bandit,45,5.773123264139841,3.5027545878424275,0.5,0.5,0.0,0.0,-2.0,-1.25,1.25
seed-12113-pa-0.65-pb-0.35,seed-12113-pa-0.65-pb-0.35:46,bandit,46,6.438261687518224,3.5027545878424275,0.5925925925925926,0.5925925925925926,0.0,0.0,3.0,-1.25,1.25
seed-12113-pa-0.65-pb-0.35,seed-12113-pa-0.65-pb-0.35:47,bandit,47,5.648123264139841,3.5027545878424275,0.5925925925925926,0.5925925925925926,0.0,0.0,3.0,-1.25,1.25
seed-12113-pa-0.65-pb-0.35,seed-12113-pa-0.65-pb-0.35:48,bandit,48,5.898123264139841,3.5027545878424275,0.5925925925925926,0.5925925925925926,0.0,0.0,3.0,-1.25,1.25
seed-12113-pa-0.65-pb-0.35,seed-12113-pa-0.65-pb-0.35:49,bandit,49,5.523123264139841,3.5027545878424275,0.5925925925925926,0.5925925925925926,0.0,0.0,-2.0,-1.25,1.25
seed-12113-pa-0.65-pb-0.35,seed-12113-pa-0.65-pb-0.35:50,bandit,50,6.42870067827652,3.5027545878424275,0.6785714285714284,0.6785714285714284,0.0,0.0,3.0,-1.25,1.25
seed-12113-pa-0.65-pb-0.35,seed-12113-pa-0.65-pb-0.35:51,bandit,51,5.398123264139841,3.5027545878424275,0.5862068965517242,0.5862068965517242,0.0,0.0,-2.0,-1.25,1.25
seed-12113-pa-0.65-pb-0.35,seed-12113-pa-0.65-pb-0.35:52,bandit,52,6.4734445810050545,3.5027545878424275,0.5862068965517242,0.5862068965517242,0.0,0.0,3.0,-1.25,1.25
seed-12113-pa-0.65-pb-0.35,seed-12113-pa-0.65-pb-0.35:53,bandit,53,5.9734445810050545,3.5027545878424275,0.6666666666666665,0.6666666666666665,0.0,0.0,3.0,-1.25,1.25
seed-12113-pa-0.65-pb-0.35,seed-12113-pa-0.65-pb-0.35:54,bandit,54,5.761871006114902,3.5027545878424275,0.7419354838709675,0.7419354838709675,0.0,0.0,3.0,-1.25,1.25
seed-12113-pa-0.65-pb-0.35,seed-12113-pa-0.65-pb-0.35:55,bandit,55,5.55370067827652,3.5027545878424275,0.7419354838709675,0.7419354838709675,0.0,0.0,-2.0,-1.25,1.25
seed-12113-pa-0.65-pb-0.35,seed-12113-pa-0.65-pb-0.35:56,bandit,56,6.5984445810050545,3.5027545878424275,0.7419354838709675,0.7419354838709675,0.0,0.0,3.0,-1.25,1.25
seed-12113-pa-0.65-pb-0.35,seed-12113-pa-0.65-pb-0.35:57,bandit,57,6.05370067827652,3.5027545878424275,0.8125,0.8125,0.0,0.0,3.0,-1.25,1.25
seed-12113-pa-0.65-pb-0.35,seed-12113-pa-0.65-pb-0.35:58,bandit,58,5.724076984180108,3.5027545878424275,0.7272727272727271,0.7272727272727271,0.0,0.0,-2.0,-1.25,1.25
seed-12113-pa-0.65-pb-0.35,seed-12113-pa-0.65-pb-0.35:59,bandit,59,6.313261687518224,3.5027545878424275,0.7941176470588234,0.7941176470588234,0.0,0.0,3.0,-1.25,1.25
seed-12113-pa-0.65-pb-0.35,seed-12113-pa-0.65-pb-0.35:60,bandit,60,6.4734445810050545,3.5027545878424275,0.8571428571428572,0.8571428571428572,0.0,0.0,3.0,-1.25,1.25
seed-12113-pa-0.65-pb-0.35,seed-12113-pa-0.65-pb-0.35:61,bandit,61,6.156150136248314,3.5027545878424275,0.9166666666666664,0.9166666666666664,0.0,0.0,3.0,-1.25,1.25
seed-12113-pa-0.65-pb-0.35,seed-12113-pa-0.65-pb-0.35:62,bandit,62,6.326413277982752,3.5027545878424275,0.9729729729729728,0.9729729729729728,0.0,0.0,3.0,-1.25,1.25
seed-12113-pa-0.65-pb-0.35,seed-12113-pa-0.65-pb-0.35:63,bandit,63,7.011871006114902,3.5027545878424275,0.9729729729729728,0.9729729729729728,0.0,0.0,3.0,-1.25,1.25
seed-12113-pa-0.65-pb-0.35,seed-12113-pa-0.65-pb-0.35:64,bandit,64,6.376929081345374,3.5027545878424275,1.026315789473684,1.026315789473684,0.0,0.0,3.0,-1.25,1.25
seed-12113-pa-0.65-pb-0.35,seed-12113-pa-0.65-pb-0.35:65,bandit,65,6.410224150438086,3.5027545878424275,1.076923076923077,1.076923076923077,0.0,0.0,3.0,-1.25,1.25
seed-12113-pa-0.65-pb-0.35,seed-12113-pa-0.65-pb-0.35:66,bandit,66,6.160224150438086,3.5027545878424275,1.125,1.125,0.0,0.0,3.0,-1.25,1.25
seed-12113-pa-0.65-pb-0.35,seed-12113-pa-0.65-pb-0.35:67,bandit,67,6.126928011042974,3.5027545878424275,1.170731707317073,1.170731707317073,0.0,0.0,3.0,-1.25,1.25
seed-12113-pa-0.65-pb-0.35,seed-12113-pa-0.65-pb-0.35:68,bandit,68,6.225206558916746,3.5027545878424275,1.2142857142857144,1.2142857142857144,0.0,0.0,3.0,-1.25,1.25
seed-12113-pa-0.65-pb-0.35,seed-12113-pa-0.65-pb-0.35:69,bandit,69,6.46393946547494,3.5027545878424275,1.255813953488372,1.255813953488372,0.0,0.0,3.0,-1.25,1.25
seed-12113-pa-0.65-pb-0.35,seed-12113-pa-0.65-pb-0.35:70,bandit,70,6.626929081345374,3.5027545878424275,1.255813953488372,1.255813953488372,0.0,0.0,3.0,-1.25,1.25
seed-12113-pa-0.65-pb-0.35,seed-12113-pa-0.65-pb-0.35:71,bandit,71,5.563261687518224,3.5027545878424275,1.1818181818181817,1.1818181818181817,0.0,0.0,-2.0,-1.25,1.25
seed-12113-pa-0.65-pb-0.35,seed-12113-pa-0.65-pb-0.35:72,bandit,72,5.156150136248314,3.5027545878424275,1.1111111111111112,1.1111111111111112,0.0,0.0,-2.0,-1.25,1.25
seed-12113-pa-0.65-pb-0.35,seed-12113-pa-0.65-pb-0.35:73,bandit,73,4.951413277982752,3.5027545878424275,1.0434782608695654,1.0434782608695654,0.0,0.0,-2.0,-1.25,1.25
seed-12113-pa-0.65-pb-0.35,seed-12113-pa-0.65-pb-0.35:74,bandit,74,4.451413277982752,3.5027545878424275,0.978723404255319,0.978723404255319,0.0,0.0,-2.0,-1.25,1.25
seed-12113-pa-0.65-pb-0.35,seed-12113-pa-0.65-pb-0.35:75,bandit,75,6.376928011042974,3.5027545878424275,1.0208333333333337,1.0208333333333337,0.0,0.0,3.0,-1.25,1.25
seed-12113-pa-0.65-pb-0.35,seed-12113-pa-0.65-pb-0.35:76,bandit,76,6.031150136248314,3.5027545878424275,1.0208333333333337,1.0208333333333337,0.0,0.0,-2.0,-1.25,1.25
seed-12113-pa-0.65-pb-0.35,seed-12113-pa-0.65-pb-0.35:77,bandit,77,6.850412651601648,3.5027545878424275,1.0612244897959182,1.0612244897959182,0.0,0.0,3.0,-1.25,1.25
seed-12113-pa-0.65-pb-0.35,seed-12113-pa-0.65-pb-0.35:78,bandit,78,6.660224150438086,3.5027545878424275,1.1,1.1,0.0,0.0,3.0,-1.25,1.25
seed-12113-pa-0.65-pb-0.35,seed-12113-pa-0.65-pb-0.35:79,bandit,79,6.612822278771571,3.5027545878424275,1.1372549019607845,1.1372549019607845,0.0,0.0,3.0,-1.25,1.25
seed-12113-pa-0.65-pb-0.35,seed-12113-pa-0.65-pb-0.35:80,bandit,80,6.475206558916746,3.5027545878424275,1.173076923076923,1.173076923076923,0.0,0.0,3.0,-1.25,1.25
seed-12113-pa-0.65-pb-0.35,seed-12113-pa-0.65-pb-0.35:81,bandit,81,6.46393946547494,3.5027545878424275,1.207547169811321,1.207547169811321,0.0,0.0,3.0,-1.25,1.25
seed-12113-pa-0.65-pb-0.35,seed-12113-pa-0.65-pb-0.35:82,bandit,82,5.80474463538566,3.5027545878424275,1.1481481481481484,1.1481481481481484,0.0,0.0,-2.0,-1.25,1.25
seed-12113-pa-0.65-pb-0.35,seed-12113-pa-0.65-pb-0.35:83,bandit,83,6.83893946547494,3.5027545878424275,1.1818181818181817,1.1818181818181817,0.0,0.0,3.0,-1.25,1.25
seed-12113-pa-0.65-pb-0.35,seed-12113-pa-0.65-pb-0.35:84,bandit,84,6.578889734292549,3.5027545878424275,1.2142857142857144,1.2142857142857144,0.0,0.0,3.0,-1.25,1.25
seed-12113-pa-0.65-pb-0.35,seed-12113-pa-0.65-pb-0.35:85,bandit,85,5.785224150438086,3.5027545878424275,1.1578947368421053,1.1578947368421053,0.0,0.0,-2.0,-1.25,1.25
seed-12113-pa-0.65-pb-0.35,seed-12113-pa-0.65-pb-0.35:86,bandit,86,5.688261687518224,3.5027545878424275,1.1578947368421053,1.1578947368421053,0.0,0.0,-2.0,-1.25,1.25
seed-12113-pa-0.65-pb-0.35,seed-12113-pa-0.65-pb-0.35:87,bandit,87,7.21393946547494,3.5027545878424275,1.1896551724137931,1.1896551724137931,0.0,0.0,3.0,-1.25,1.25
seed-12113-pa-0.65-pb-0.35,seed-12113-pa-0.65-pb-0.35:88,bandit,88,6.58893946547494,3.5027545878424275,1.220338983050847,1.220338983050847,0.0,0.0,3.0,-1.25,1.25
seed-12113-pa-0.65-pb-0.35,seed-12113-pa-0.65-pb-0.35:89,bandit,89,6.8199361996449746,3.5027545878424275,1.25,1.25,0.0,0.0,3.0,-1.25,1.25
seed-12113-pa-0.65-pb-0.35,seed-12113-pa-0.65-pb-0.35:90,bandit,90,6.001928011042974,3.5027545878424275,1.19672131147541,1.19672131147541,0.0,0.0,-2.0,-1.25,1.25
seed-12113-pa-0.65-pb-0.35,seed-12113-pa-0.65-pb-0.35:91,bandit,91,5.910224150438086,3.5027545878424275,1.1451612903225803,1.1451612903225803,0.0,0.0,-2.0,-1.25,1.25
seed-12113-pa-0.65-pb-0.35,seed-12113-pa-0.65-pb-0.35:92,bandit,92,6.975206558916746,3.5027545878424275,1.1746031746031744,1.1746031746031744,0.0,0.0,3.0,-1.25,1.25
seed-12113-pa-0.65-pb-0.35,seed-12113-pa-0.65-pb-0.35:93,bandit,93,6.6949361996449746,3.5027545878424275,1.203125,1.203125,0.0,0.0,3.0,-1.25,1.25
seed-12113-pa-0.65-pb-0.35,seed-12113-pa-0.65-pb-0.35:94,bandit,94,6.561967589003199,3.5027545878424275,1.2307692307692308,1.2307692307692308,0.0,0.0,3.0,-1.25,1.25
seed-12113-pa-0.65-pb-0.35,seed-12113-pa-0.65-pb-0.35:95,bandit,95,6.554882179158078,3.5027545878424275,1.2575757575757578,1.2575757575757578,0.0,0.0,3.0,-1.25,1.25
seed-12113-pa-0.65-pb-0.35,seed-12113-pa-0.65-pb-0.35:96,bandit,96,6.0699361996449746,3.5027545878424275,1.2089552238805972,1.2089552238805972,0.0,0.0,-2.0,-1.25,1.25
seed-12113-pa-0.65-pb-0.35,seed-12113-pa-0.65-pb-0.35:97,bandit,97,6.804882179158078,3.5027545878424275,1.2352941176470589,1.2352941176470589,0.0,0.0,3.0,-1.25,1.25
seed-12113-pa-0.65-pb-0.35,seed-12113-pa-0.65-pb-0.35:98,bandit,98,6.54858735157374,3.5027545878424275,1.2608695652173911,1.2608695652173911,0.0,0.0,3.0,-1.25,1.25
seed-12113-pa-0.65-pb-0.35,seed-12113-pa-0.65-pb-0.35:99,bandit,99,6.417999079229087,3.5027545878424275,1.2857142857142856,1.2857142857142856,0.0,0.0,3.0,-1.25,1.25
seed-12115-pa-0.35-pb-0.35,seed-12115-pa-0.35-pb-0.35:0,bandit,0,4.203889734292549,2.969364370120412,0.5,0.5,0.0,0.0,0.0,0.25,-0.25
seed-12115-pa-0.35-pb-0.35,seed-12115-pa-0.35-pb-0.35:1,bandit,1,4.42870067827652,2.969364370120412,1.3333333333333337,1.3333333333333337,0.0,0.0,3.0,0.25,-0.25
seed-12115-pa-0.35-pb-0.35,seed-12115-pa-0.35-pb-0.35:2,bandit,2,3.201413277982752,2.969364370120412,1.75,1.75,0.0,0.0,3.0,0.25,-0.25
seed-12115-pa-0.35-pb-0.35,seed-12115-pa-0.35-pb-0.35:3,bandit,3,3.42974463538566,2.969364370120412,1.0,1.0,0.0,0.0,-2.0,0.25,-0.25
seed-12115-pa-0.35-pb-0.35,seed-12115-pa-0.35-pb-0.35:4,bandit,4,2.2254126516016477,2.969364370120412,1.0,1.0,0.0,0.0,-2.0,0.25,-0.25
seed-12115-pa-0.35-pb-0.35,seed-12115-pa-0.35-pb-0.35:5,bandit,5,4.001929081345374,2.969364370120412,1.3333333333333337,1.3333333333333337,0.0,0.0,3.0,0.25,-0.25
seed-12115-pa-0.35-pb-0.35,seed-12115-pa-0.35-pb-0.35:6,bandit,6,2.701413277982752,2.969364370120412,1.3333333333333337,1.3333333333333337,0.0,0.0,3.0,0.25,-0.25
seed-12115-pa-0.35-pb-0.35,seed-12115-pa-0.35-pb-0.35:7,bandit,7,2.8825990353171704,2.969364370120412,1.5714285714285716,1.5714285714285716,0.0,0.0,3.0,0.25,-0.25
seed-12115-pa-0.35-pb-0.35,seed-12115-pa-0.35-pb-0.35:8,bandit,8,2.767675057605601,2.969364370120412,1.5714285714285716,1.5714285714285716,0.0,0.0,3.0,0.25,-0.25
seed-12115-pa-0.35-pb-0.35,seed-12115-pa-0.35-pb-0.35:9,bandit,9,2.0537006782765204,2.969364370120412,1.5714285714285716,1.5714285714285716,0.0,0.0,-2.0,0.25,-0.25
seed-12115-pa-0.35-pb-0.35,seed-12115-pa-0.35-pb-0.35:10,bandit,10,2.656150136248314,2.969364370120412,1.125,1.125,0.0,0.0,-2.0,0.25,-0.25
seed-12115-pa-0.35-pb-0.35,seed-12115-pa-0.35-pb-0.35:11,bandit,11,2.0231232641398407,2.969364370120412,1.125,1.125,0.0,0.0,-2.0,0.25,-0.25
seed-12115-pa-0.35-pb-0.35,seed-12115-pa-0.35-pb-0.35:12,bandit,12,4.075939419878843,2.969364370120412,1.3333333333333337,1.3333333333333337,0.0,0.0,3.0,0.25,-0.25
seed-12115-pa-0.35-pb-0.35,seed-12115-pa-0.35-pb-0.35:13,bandit,13,3.7234445810050545,2.969364370120412,1.3333333333333337,1.3333333333333337,0.0,0.0,3.0,0.25,-0.25
seed-12115-pa-0.35-pb-0.35,seed-12115-pa-0.35-pb-0.35:14,bandit,14,4.224076984180108,2.969364370120412,1.5,1.5,0.0,0.0,3.0,0.25,-0.25
seed-12115-pa-0.35-pb-0.35,seed-12115-pa-0.35-pb-0.35:15,bandit,15,3.6481232641398407,2.969364370120412,1.5,1.5,0.0,0.0,-2.0,0.25,-0.25
seed-12115-pa-0.35-pb-0.35,seed-12115-pa-0.35-pb-0.35:16,bandit,16,4.281150136248314,2.969364370120412,1.5,1.5,0.0,0.0,3.0,0.25,-0.25
seed-12115-pa-0.35-pb-0.35,seed-12115-pa-0.35-pb-0.35:17,bandit,17,3.474076984180108,2.969364370120412,1.1818181818181817,1.1818181818181817,0.0,0.0,-2.0,0.25,-0.25
seed-12115-pa-0.35-pb-0.35,seed-12115-pa-0.35-pb-0.35:18,bandit,18,4.7234445810050545,2.969364370120412,1.1818181818181817,1.1818181818181817,0.0,0.0,3.0,0.25,-0.25
seed-12115-pa-0.35-pb-0.35,seed-12115-pa-0.35-pb-0.35:19,bandit,19,4.3484445810050545,2.969364370120412,1.1818181818181817,1.1818181818181817,0.0,0.0,3.0,0.25,-0.25
seed-12115-pa-0.35-pb-0.35,seed-12115-pa-0.35-pb-0.35:20,bandit,20,3.7731232641398407,2.969364370120412,0.9166666666666664,0.9166666666666664,0.0,0.0,-2.0,0.25,-0.25
seed-12115-pa-0.35-pb-0.35,seed-12115-pa-0.35-pb-0.35:21,bandit,21,3.224076984180108,2.969364370120412,0.9166666666666664,0.9166666666666664,0.0,0.0,-2.0,0.25,-0.25
seed-12115-pa-0.35-pb-0.35,seed-12115-pa-0.35-pb-0.35:22,bandit,22,4.575939419878843,2.969364370120412,1.076923076923077,1.076923076923077,0.0,0.0,3.0,0.25,-0.25
seed-12115-pa-0.35-pb-0.35,seed-12115-pa-0.35-pb-0.35:23,bandit,23,3.8825990353171704,2.969364370120412,1.076923076923077,1.076923076923077,0.0,0.0,-2.0,0.25,-0.25
seed-12115-pa-0.35-pb-0.35,seed-12115-pa-0.35-pb-0.35:24,bandit,24,4.67870067827652,2.969364370120412,1.076923076923077,1.076923076923077,0.0,0.0,3.0,0.25,-0.25
seed-12115-pa-0.35-pb-0.35,seed-12115-pa-0.35-pb-0.35:25,bandit,25,3.9734445810050545,2.969364370120412,0.8571428571428572,0.8571428571428572,0.0,0.0,-2.0,0.25,-0.25
seed-12115-pa-0.35-pb-0.35,seed-12115-pa-0.35-pb-0.35:26,bandit,26,4.80370067827652,2.969364370120412,1.0,1.0,0.0,0.0,3.0,0.25,-0.25
seed-12115-pa-0.35-pb-0.35,seed-12115-pa-0.35-pb-0.35:27,bandit,27,3.974076984180108,2.969364370120412,1.0,1.0,0.0,0.0,-2.0,0.25,-0.25
seed-12115-pa-0.35-pb-0.35,seed-12115-pa-0.35-pb-0.35:28,bandit,28,3.700939419878843,2.969364370120412,1.0,1.0,0.0,0.0,-2.0,0.25,-0.25
seed-12115-pa-0.35-pb-0.35,seed-12115-pa-0.35-pb-0.35:29,bandit,29,3.3825990353171704,2.969364370120412,1.0,1.0,0.0,0.0,-2.0,0.25,-0.25
seed-12115-pa-0.35-pb-0.35,seed-12115-pa-0.35-pb-0.35:30,bandit,30,4.011871006114902,2.969364370120412,0.8125,0.8125,0.0,0.0,-2.0,0.25,-0.25
seed-12115-pa-0.35-pb-0.35,seed-12115-pa-0.35-pb-0.35:31,bandit,31,3.849076984180108,2.969364370120412,0.6470588235294117,0.6470588235294117,0.0,0.0,-2.0,0.25,-0.25
seed-12115-pa-0.35-pb-0.35,seed-12115-pa-0.35-pb-0.35:32,bandit,32,3.0231232641398407,2.969364370120412,0.5,0.5,0.0,0.0,-2.0,0.25,-0.25
seed-12115-pa-0.35-pb-0.35,seed-12115-pa-0.35-pb-0.35:33,bandit,33,3.5231232641398407,2.969364370120412,0.5,0.5,0.0,0.0,-2.0,0.25,-0.25
seed-12115-pa-0.35-pb-0.35,seed-12115-pa-0.35-pb-0.35:34,bandit,34,3.575939419878843,2.969364370120412,0.3684210526315787,0.3684210526315787,0.0,0.0,-2.0,0.25,-0.25
seed-12115-pa-0.35-pb-0.35,seed-12115-pa-0.35-pb-0.35:35,bandit,35,4.13259903531717,2.969364370120412,0.3684210526315787,0.3684210526315787,0.0,0.0,-2.0,0.25,-0.25
seed-12115-pa-0.35-pb-0.35,seed-12115-pa-0.35-pb-0.35:36,bandit,36,4.63259903531717,2.969364370120412,0.3684210526315787,0.3684210526315787,0.0,0.0,3.0,0.25,-0.25
seed-12115-pa-0.35-pb-0.35,seed-12115-pa-0.35-pb-0.35:37,bandit,37,4.648123264139841,2.969364370120412,0.3684210526315787,0.3684210526315787,0.0,0.0,-2.0,0.25,-0.25
seed-12115-pa-0.35-pb-0.35,seed-12115-pa-0.35-pb-0.35:38,bandit,38,4.450939419878843,2.969364370120412,0.3684210526315787,0.3684210526315787,0.0,0.0,-2.0,0.25,-0.25
seed-12115-pa-0.35-pb-0.35,seed-12115-pa-0.35-pb-0.35:39,bandit,39,4.273123264139841,2.969364370120412,0.3684210526315787,0.3684210526315787,0.0,0.0,-2.0,0.25,-0.25
seed-12115-pa-0.35-pb-0.35,seed-12115-pa-0.35-pb-0.35:40,bandit,40,5.148123264139841,2.969364370120412,0.5,0.5,0.0,0.0,3.0,0.25,-0.25
seed-12115-pa-0.35-pb-0.35,seed-12115-pa-0.35-pb-0.35:41,bandit,41,5.136871006114902,2.969364370120412,0.3809523809523809,0.3809523809523809,0.0,0.0,-2.0,0.25,-0.25
seed-12115-pa-0.35-pb-0.35,seed-12115-pa-0.35-pb-0.35:42,bandit,42,5.13259903531717,2.969364370120412,0.3809523809523809,0.3809523809523809,0.0,0.0,3.0,0.25,-0.25
seed-12115-pa-0.35-pb-0.35,seed-12115-pa-0.35-pb-0.35:43,bandit,43,5.011871006114902,2.969364370120412,0.2727272727272729,0.2727272727272729,0.0,0.0,-2.0,0.25,-0.25
seed-12115-pa-0.35-pb-0.35,seed-12115-pa-0.35-pb-0.35:44,bandit,44,5.63259903531717,2.969364370120412,0.2727272727272729,0.2727272727272729,0.0,0.0,3.0,0.25,-0.25
seed-12115-pa-0.35-pb-0.35,seed-12115-pa-0.35-pb-0.35:45,bandit,45,5.17870067827652,2.969364370120412,0.1739130434782607,0.1739130434782607,0.0,0.0,-2.0,0.25,-0.25
seed-12118-pa-0.50-pb-0.35,seed-12118-pa-0.50-pb-0.35:0,bandit,0,4.203889734292549,3.23605947898142,0.5,0.5,0.0,0.0,0.0,-0.5,0.5
seed-12118-pa-0.50-pb-0.35,seed-12118-pa-0.50-pb-0.35:1,bandit,1,4.42870067827652,3.23605947898142,1.3333333333333337,1.3333333333333337,0.0,0.0,3.0,-0.5,0.5
seed-12118-pa-0.50-pb-0.35,seed-12118-pa-0.50-pb-0.35:2,bandit,2,3.6368710061149017,3.23605947898142,0.5,0.5,0.0,0.0,-2.0,-0.5,0.5
seed-12118-pa-0.50-pb-0.35,seed-12118-pa-0.50-pb-0.35:3,bandit,3,4.100206558916746,3.23605947898142,1.3333333333333337,1.3333333333333337,0.0,0.0,3.0,-0.5,0.5
seed-12118-pa-0.50-pb-0.35,seed-12118-pa-0.50-pb-0.35:4,bandit,4,3.392675057605601,3.23605947898142,1.3333333333333337,1.3333333333333337,0.0,0.0,3.0,-0.5,0.5
seed-12118-pa-0.50-pb-0.35,seed-12118-pa-0.50-pb-0.35:5,bandit,5,3.251928011042974,3.23605947898142,1.3333333333333337,1.3333333333333337,0.0,0.0,3.0,-0.5,0.5
seed-12118-pa-0.50-pb-0.35,seed-12118-pa-0.50-pb-0.35:6,bandit,6,2.974076984180108,3.23605947898142,1.3333333333333337,1.3333333333333337,0.0,0.0,-2.0,-0.5,0.5
seed-12118-pa-0.50-pb-0.35,seed-12118-pa-0.50-pb-0.35:7,bandit,7,5.151300195186874,3.23605947898142,1.75,1.75,0.0,0.0,3.0,-0.5,0.5
seed-12118-pa-0.50-pb-0.35,seed-12118-pa-0.50-pb-0.35:8,bandit,8,3.599076984180108,3.23605947898142,1.75,1.75,0.0,0.0,-2.0,-0.5,0.5
seed-12118-pa-0.50-pb-0.35,seed-12118-pa-0.50-pb-0.35:9,bandit,9,4.5699361996449746,3.23605947898142,1.75,1.75,0.0,0.0,3.0,-0.5,0.5
seed-12118-pa-0.50-pb-0.35,seed-12118-pa-0.50-pb-0.35:10,bandit,10,3.3868710061149017,3.23605947898142,1.75,1.75,0.0,0.0,-2.0,-0.5,0.5
seed-12118-pa-0.50-pb-0.35,seed-12118-pa-0.50-pb-0.35:11,bandit,11,4.1949361996449746,3.23605947898142,1.75,1.75,0.0,0.0,3.0,-0.5,0.5
seed-12118-pa-0.50-pb-0.35,seed-12118-pa-0.50-pb-0.35:12,bandit,12,3.4754126516016477,3.23605947898142,1.75,1.75,0.0,0.0,-2.0,-0.5,0.5
seed-12118-pa-0.50-pb-0.35,seed-12118-pa-0.50-pb-0.35:13,bandit,13,3.156150136248314,3.23605947898142,1.75,1.75,0.0,0.0,-2.0,-0.5,0.5
seed-12118-pa-0.50-pb-0.35,seed-12118-pa-0.50-pb-0.35:14,bandit,14,3.0352241504380864,3.23605947898142,1.75,1.75,0.0,0.0,-2.0,-0.5,0.5
seed-12118-pa-0.50-pb-0.35,seed-12118-pa-0.50-pb-0.35:15,bandit,15,2.326413277982752,3.23605947898142,1.75,1.75,0.0,0.0,-2.0,-0.5,0.5
seed-12118-pa-0.50-pb-0.35,seed-12118-pa-0.50-pb-0.35:16,bandit,16,2.474076984180108,3.23605947898142,1.0,1.0,0.0,0.0,-2.0,-0.5,0.5
seed-12118-pa-0.50-pb-0.35,seed-12118-pa-0.50-pb-0.35:17,bandit,17,3.031150136248314,3.23605947898142,1.0,1.0,0.0,0.0,-2.0,-0.5,0.5
seed-12118-pa-0.50-pb-0.35,seed-12118-pa-0.50-pb-0.35:18,bandit,18,4.453889734292549,3.23605947898142,1.0,1.0,0.0,0.0,3.0,-0.5,0.5
seed-12118-pa-0.50-pb-0.35,seed-12118-pa-0.50-pb-0.35:19,bandit,19,4.0699361996449746,3.23605947898142,1.0,1.0,0.0,0.0,3.0,-0.5,0.5
seed-12118-pa-0.50-pb-0.35,seed-12118-pa-0.50-pb-0.35:20,bandit,20,4.776300195186874,3.23605947898142,1.0,1.0,0.0,0.0,3.0,-0.5,0.5
seed-12118-pa-0.50-pb-0.35,seed-12118-pa-0.50-pb-0.35:21,bandit,21,4.526300195186874,3.23605947898142,1.0,1.0,0.0,0.0,3.0,-0.5,0.5
seed-12123-pa-0.35-pb-0.50,seed-12123-pa-0.35-pb-0.50:0,bandit,0,4.203889734292549,3.23605947898142,0.5,0.5,0.0,0.0,0.0,-0.5,0.5
seed-12123-pa-0.35-pb-0.50,seed-12123-pa-0.35-pb-0.50:1,bandit,1,4.42870067827652,3.23605947898142,1.3333333333333337,1.3333333333333337,0.0,0.0,3.0,-0.5,0.5
seed-12123-pa-0.35-pb-0.50,seed-12123-pa-0.35-pb-0.50:2,bandit,2,2.501928011042974,3.23605947898142,1.3333333333333337,1.3333333333333337,0.0,0.0,-2.0,-0.5,0.5
seed-12123-pa-0.35-pb-0.50,seed-12123-pa-0.35-pb-0.50:3,bandit,3,2.6368710061149017,3.23605947898142,1.75,1.75,0.0,0.0,3.0,-0.5,0.5
seed-12123-pa-0.35-pb-0.50,seed-12123-pa-0.35-pb-0.50:4,bandit,4,1.2254126516016477,3.23605947898142,1.75,1.75,0.0,0.0,-2.0,-0.5,0.5
seed-12129-pa-0.65-pb-0.35,seed-12129-pa-0.65-pb-0.35:0,bandit,0,4.203889734292549,3.5027545878424275,0.5,0.5,0.0,0.0,0.0,-1.25,1.25
seed-12129-pa-0.65-pb-0.35,seed-12129-pa-0.65-pb-0.35:1,bandit,1,4.42870067827652,3.5027545878424275,1.3333333333333337,1.3333333333333337,0.0,0.0,3.0,-1.25,1.25
seed-12129-pa-0.65-pb-0.35,seed-12129-pa-0.65-pb-0.35:2,bandit,2,3.201413277982752,3.5027545878424275,1.75,1.75,0.0,0.0,3.0,-1.25,1.25
seed-12129-pa-0.65-pb-0.35,seed-12129-pa-0.65-pb-0.35:3,bandit,3,3.4878222787715707,3.5027545878424275,2.0,2.0,0.0,0.0,3.0,-1.25,1.25
seed-12129-pa-0.65-pb-0.35,seed-12129-pa-0.65-pb-0.35:4,bandit,4,2.826413277982752,3.5027545878424275,1.3333333333333337,1.3333333333333337,0.0,0.0,-2.0,-1.25,1.25
seed-12129-pa-0.65-pb-0.35,seed-12129-pa-0.65-pb-0.35:5,bandit,5,4.96393946547494,3.5027545878424275,1.3333333333333337,1.3333333333333337,0.0,0.0,3.0,-1.25,1.25
seed-12129-pa-0.65-pb-0.35,seed-12129-pa-0.65-pb-0.35:6,bandit,6,4.08893946547494,3.5027545878424275,1.5714285714285716,1.5714285714285716,0.0,0.0,3.0,-1.25,1.25
seed-12129-pa-0.65-pb-0.35,seed-12129-pa-0.65-pb-0.35:7,bandit,7,3.6949361996449746,3.5027545878424275,1.75,1.75,0.0,0.0,3.0,-1.25,1.25
seed-12129-pa-0.65-pb-0.35,seed-12129-pa-0.65-pb-0.35:8,bandit,8,2.1269290813453736,3.5027545878424275,1.75,1.75,0.0,0.0,-2.0,-1.25,1.25
seed-12129-pa-0.65-pb-0.35,seed-12129-pa-0.65-pb-0.35:9,bandit,9,4.001928011042974,3.5027545878424275,1.8888888888888888,1.8888888888888888,0.0,0.0,3.0,-1.25,1.25
seed-12129-pa-0.65-pb-0.35,seed-12129-pa-0.65-pb-0.35:10,bandit,10,3.4754126516016477,3.5027545878424275,2.0,2.0,0.0,0.0,3.0,-1.25,1.25
seed-12129-pa-0.65-pb-0.35,seed-12129-pa-0.65-pb-0.35:11,bandit,11,3.6004126516016477,3.5027545878424275,2.090909090909091,2.090909090909091,0.0,0.0,3.0,-1.25,1.25
seed-12129-pa-0.65-pb-0.35,seed-12129-pa-0.65-pb-0.35:12,bandit,12,3.325939419878843,3.5027545878424275,1.75,1.75,0.0,0.0,-2.0,-1.25,1.25
seed-12129-pa-0.65-pb-0.35,seed-12129-pa-0.65-pb-0.35:13,bandit,13,3.0681471805599436,3.5027545878424275,1.4615384615384617,1.4615384615384617,0.0,0.0,-2.0,-1.25,1.25
seed-12129-pa-0.65-pb-0.35,seed-12129-pa-0.65-pb-0.35:14,bandit,14,2.4287006782765204,3.5027545878424275,1.4615384615384617,1.4615384615384617,0.0,0.0,-2.0,-1.25,1.25
seed-12129-pa-0.65-pb-0.35,seed-12129-pa-0.65-pb-0.35:15,bandit,15,3.200939419878843,3.5027545878424275,1.2142857142857144,1.2142857142857144,0.0,0.0,-2.0,-1.25,1.25
seed-12129-pa-0.65-pb-0.35,seed-12129-pa-0.65-pb-0.35:16,bandit,16,5.203889734292549,3.5027545878424275,1.2142857142857144,1.2142857142857144,0.0,0.0,3.0,-1.25,1.25
seed-12129-pa-0.65-pb-0.35,seed-12129-pa-0.65-pb-0.35:17,bandit,17,5.001928011042974,3.5027545878424275,1.3333333333333337,1.3333333333333337,0.0,0.0,3.0,-1.25,1.25
seed-12129-pa-0.65-pb-0.35,seed-12129-pa-0.65-pb-0.35:18,bandit,18,4.600206558916746,3.5027545878424275,1.4375,1.4375,0.0,0.0,3.0,-1.25,1.25
seed-12129-pa-0.65-pb-0.35,seed-12129-pa-0.65-pb-0.35:19,bandit,19,4.474076984180108,3.5027545878424275,1.2352941176470589,1.2352941176470589,0.0,0.0,-2.0,-1.25,1.25
seed-12129-pa-0.65-pb-0.35,seed-12129-pa-0.65-pb-0.35:20,bandit,20,5.578889734292549,3.5027545878424275,1.3333333333333337,1.3333333333333337,0.0,0.0,3.0,-1.25,1.25
seed-12129-pa-0.65-pb-0.35,seed-12129-pa-0.65-pb-0.35:21,bandit,21,4.71393946547494,3.5027545878424275,1.4210526315789471,1.4210526315789471,0.0,0.0,3.0,-1.25,1.25
seed-12129-pa-0.65-pb-0.35,seed-12129-pa-0.65-pb-0.35:22,bandit,22,4.686967589003199,3.5027545878424275,1.5,1.5,0.0,0.0,3.0,-1.25,1.25
seed-12129-pa-0.65-pb-0.35,seed-12129-pa-0.65-pb-0.35:23,bandit,23,4.804882179158078,3.5027545878424275,1.5714285714285716,1.5714285714285716,0.0,0.0,3.0,-1.25,1.25
seed-12129-pa-0.65-pb-0.35,seed-12129-pa-0.65-pb-0.35:24,bandit,24,4.67358735157374,3.5027545878424275,1.6363636363636362,1.6363636363636362,0.0,0.0,3.0,-1.25,1.25
seed-12129-pa-0.65-pb-0.35,seed-12129-pa-0.65-pb-0.35:25,bandit,25,4.542999079229087,3.5027545878424275,1.6956521739130437,1.6956521739130437,0.0,0.0,3.0,-1.25,1.25
seed-12129-pa-0.65-pb-0.35,seed-12129-pa-0.65-pb-0.35:26,bandit,26,4.54858735157374,3.5027545878424275,1.75,1.75,0.0,0.0,3.0,-1.25,1.25
seed-12129-pa-0.65-pb-0.35,seed-12129-pa-0.65-pb-0.35:27,bandit,27,4.2880413716877825,3.5027545878424275,1.7999999999999998,1.7999999999999998,0.0,0.0,3.0,-1.25,1.25
seed-12129-pa-0.65-pb-0.35,seed-12129-pa-0.65-pb-0.35:28,bandit,28,4.5380413716877825,3.5027545878424275,1.8461538461538465,1.8461538461538465,0.0,0.0,3.0,-1.25,1.25
seed-12129-pa-0.65-pb-0.35,seed-12129-pa-0.65-pb-0.35:29,bandit,29,4.77975041827262,3.5027545878424275,1.8888888888888888,1.8888888888888888,0.0,0.0,3.0,-1.25,1.25
seed-12129-pa-0.65-pb-0.35,seed-12129-pa-0.65-pb-0.35:30,bandit,30,3.6269290813453736,3.5027545878424275,1.75,1.75,0.0,0.0,-2.0,-1.25,1.25
seed-12129-pa-0.65-pb-0.35,seed-12129-pa-0.65-pb-0.35:31,bandit,31,5.1630413716877825,3.5027545878424275,1.793103448275862,1.793103448275862,0.0,0.0,3.0,-1.25,1.25
seed-12129-pa-0.65-pb-0.35,seed-12129-pa-0.65-pb-0.35:32,bandit,32,4.6630413716877825,3.5027545878424275,1.8333333333333337,1.8333333333333337,0.0,0.0,3.0,-1.25,1.25
seed-12129-pa-0.65-pb-0.35,seed-12129-pa-0.65-pb-0.35:33,bandit,33,4.901300195186874,3.5027545878424275,1.870967741935484,1.870967741935484,0.0,0.0,3.0,-1.25,1.25
seed-12129-pa-0.65-pb-0.35,seed-12129-pa-0.65-pb-0.35:34,bandit,34,3.8769290813453736,3.5027545878424275,1.75,1.75,0.0,0.0,-2.0,-1.25,1.25
seed-12129-pa-0.65-pb-0.35,seed-12129-pa-0.65-pb-0.35:35,bandit,35,5.773245464372426,3.5027545878424275,1.75,1.75,0.0,0.0,3.0,-1.25,1.25
seed-12129-pa-0.65-pb-0.35,seed-12129-pa-0.65-pb-0.35:36,bandit,36,5.28364569998304,3.5027545878424275,1.787878787878788,1.787878787878788,0.0,0.0,3.0,-1.25,1.25
seed-12129-pa-0.65-pb-0.35,seed-12129-pa-0.65-pb-0.35:37,bandit,37,5.276300195186874,3.5027545878424275,1.823529411764706,1.823529411764706,0.0,0.0,3.0,-1.25,1.25
seed-12129-pa-0.65-pb-0.35,seed-12129-pa-0.65-pb-0.35:38,bandit,38,5.395541900901097,3.5027545878424275,1.8571428571428572,1.8571428571428572,0.0,0.0,3.0,-1.25,1.25
seed-12129-pa-0.65-pb-0.35,seed-12129-pa-0.65-pb-0.35:39,bandit,39,5.393149927917811,3.5027545878424275,1.8888888888888888,1.8888888888888888,0.0,0.0,3.0,-1.25,1.25
seed-12129-pa-0.65-pb-0.35,seed-12129-pa-0.65-pb-0.35:40,bandit,40,4.600412651601648,3.5027545878424275,1.7837837837837838,1.7837837837837838,0.0,0.0,-2.0,-1.25,1.25
seed-12129-pa-0.65-pb-0.35,seed-12129-pa-0.65-pb-0.35:41,bandit,41,3.8868710061149017,3.5027545878424275,1.7837837837837838,1.7837837837837838,0.0,0.0,-2.0,-1.25,1.25
seed-12129-pa-0.65-pb-0.35,seed-12129-pa-0.65-pb-0.35:42,bandit,42,4.67870067827652,3.5027545878424275,1.6842105263157894,1.6842105263157894,0.0,0.0,-2.0,-1.25,1.25
seed-12129-pa-0.65-pb-0.35,seed-12129-pa-0.65-pb-0.35:43,bandit,43,4.273123264139841,3.5027545878424275,1.58974358974359,1.58974358974359,0.0,0.0,-2.0,-1.25,1.25
seed-12129-pa-0.65-pb-0.35,seed-12129-pa-0.65-pb-0.35:44,bandit,44,6.151300195186874,3.5027545878424275,1.625,1.625,0.0,0.0,3.0,-1.25,1.25
seed-12129-pa-0.65-pb-0.35,seed-12129-pa-0.65-pb-0.35:45,bandit,45,5.6630413716877825,3.5027545878424275,1.6585365853658538,1.6585365853658538,0.0,0.0,3.0,-1.25,1.25
seed-12129-pa-0.65-pb-0.35,seed-12129-pa-0.65-pb-0.35:46,bandit,46,5.53364569998304,3.5027545878424275,1.690476190476191,1.690476190476191,0.0,0.0,3.0,-1.25,1.25
seed-12129-pa-0.65-pb-0.35,seed-12129-pa-0.65-pb-0.35:47,bandit,47,5.651300195186874,3.5027545878424275,1.7209302325581397,1.7209302325581397,0.0,0.0,3.0,-1.25,1.25
seed-12129-pa-0.65-pb-0.35,seed-12129-pa-0.65-pb-0.35:48,bandit,48,5.523245464372426,3.5027545878424275,1.75,1.75,0.0,0.0,3.0,-1.25,1.25
seed-12129-pa-0.65-pb-0.35,seed-12129-pa-0.65-pb-0.35:49,bandit,49,5.126929081345374,3.5027545878424275,1.6666666666666663,1.6666666666666663,0.0,0.0,-2.0,-1.25,1.25
seed-12129-pa-0.65-pb-0.35,seed-12129-pa-0.65-pb-0.35:50,bandit,50,5.773245464372426,3.5027545878424275,1.6956521739130437,1.6956521739130437,0.0,0.0,3.0,-1.25,1.25
seed-12129-pa-0.65-pb-0.35,seed-12129-pa-0.65-pb-0.35:51,bandit,51,5.401300195186874,3.5027545878424275,1.7234042553191489,1.7234042553191489,0.0,0.0,3.0,-1.25,1.25
seed-12129-pa-0.65-pb-0.35,seed-12129-pa-0.65-pb-0.35:52,bandit,52,5.270541900901097,3.5027545878424275,1.75,1.75,0.0,0.0,3.0,-1.25,1.25
seed-12129-pa-0.65-pb-0.35,seed-12129-pa-0.65-pb-0.35:53,bandit,53,5.270541900901097,3.5027545878424275,1.7755102040816326,1.7755102040816326,0.0,0.0,3.0,-1.25,1.25
seed-12129-pa-0.65-pb-0.35,seed-12129-pa-0.65-pb-0.35:54,bandit,54,5.201413277982752,3.5027545878424275,1.7000000000000002,1.7000000000000002,0.0,0.0,-2.0,-1.25,1.25
seed-12129-pa-0.65-pb-0.35,seed-12129-pa-0.65-pb-0.35:55,bandit,55,4.30370067827652,3.5027545878424275,1.6274509803921569,1.6274509803921569,0.0,0.0,-2.0,-1.25,1.25
seed-12129-pa-0.65-pb-0.35,seed-12129-pa-0.65-pb-0.35:56,bandit,56,5.773245464372426,3.5027545878424275,1.6538461538461535,1.6538461538461535,0.0,0.0,3.0,-1.25,1.25
seed-12129-pa-0.65-pb-0.35,seed-12129-pa-0.65-pb-0.35:57,bandit,57,5.401300195186874,3.5027545878424275,1.6792452830188678,1.6792452830188678,0.0,0.0,3.0,-1.25,1.25
seed-12129-pa-0.65-pb-0.35,seed-12129-pa-0.65-pb-0.35:58,bandit,58,5.100412651601648,3.5027545878424275,1.6111111111111112,1.6111111111111112,0.0,0.0,-2.0,-1.25,1.25
seed-12129-pa-0.65-pb-0.35,seed-12129-pa-0.65-pb-0.35:59,bandit,59,6.020541900901097,3.5027545878424275,1.6363636363636362,1.6363636363636362,0.0,0.0,3.0,-1.25,1.25
seed-12129-pa-0.65-pb-0.35,seed-12129-pa-0.65-pb-0.35:60,bandit,60,5.893149927917811,3.5027545878424275,1.6607142857142856,1.6607142857142856,0.0,0.0,3.0,-1.25,1.25
seed-12129-pa-0.65-pb-0.35,seed-12129-pa-0.65-pb-0.35:61,bandit,61,5.392675057605601,3.5027545878424275,1.5964912280701755,1.5964912280701755,0.0,0.0,-2.0,-1.25,1.25
seed-12129-pa-0.65-pb-0.35,seed-12129-pa-0.65-pb-0.35:62,bandit,62,6.268149927917811,3.5027545878424275,1.6206896551724137,1.6206896551724137,0.0,0.0,3.0,-1.25,1.25
seed-12129-pa-0.65-pb-0.35,seed-12129-pa-0.65-pb-0.35:63,bandit,63,5.891034256080317,3.5027545878424275,1.6440677966101696,1.6440677966101696,0.0,0.0,3.0,-1.25,1.25
seed-12129-pa-0.65-pb-0.35,seed-12129-pa-0.65-pb-0.35:64,bandit,64,5.762509570276173,3.5027545878424275,1.6666666666666663,1.6666666666666663,0.0,0.0,3.0,-1.25,1.25
seed-12129-pa-0.65-pb-0.35,seed-12129-pa-0.65-pb-0.35:65,bandit,65,6.137509570276173,3.5027545878424275,1.6885245901639343,1.6885245901639343,0.0,0.0,3.0,-1.25,1.25
seed-12129-pa-0.65-pb-0.35,seed-12129-pa-0.65-pb-0.35:66,bandit,66,6.012509570276173,3.5027545878424275,1.7096774193548383,1.7096774193548383,0.0,0.0,3.0,-1.25,1.25
seed-12129-pa-0.65-pb-0.35,seed-12129-pa-0.65-pb-0.35:67,bandit,67,5.889163456931506,3.5027545878424275,1.7301587301587302,1.7301587301587302,0.0,0.0,3.0,-1.25,1.25
seed-12129-pa-0.65-pb-0.35,seed-12129-pa-0.65-pb-0.35:68,bandit,68,5.766034256080317,3.5027545878424275,1.75,1.75,0.0,0.0,3.0,-1.25,1.25
seed-12129-pa-0.65-pb-0.35,seed-12129-pa-0.65-pb-0.35:69,bandit,69,5.889163456931506,3.5027545878424275,1.7692307692307692,1.7692307692307692,0.0,0.0,3.0,-1.25,1.25
seed-12129-pa-0.65-pb-0.35,seed-12129-pa-0.65-pb-0.35:70,bandit,70,5.764163456931506,3.5027545878424275,1.787878787878788,1.787878787878788,0.0,0.0,3.0,-1.25,1.25
seed-12129-pa-0.65-pb-0.35,seed-12129-pa-0.65-pb-0.35:71,bandit,71,5.3199361996449746,3.5027545878424275,1.7313432835820897,1.7313432835820897,0.0,0.0,-2.0,-1.25,1.25
seed-12129-pa-0.65-pb-0.35,seed-12129-pa-0.65-pb-0.35:72,bandit,72,4.451413277982752,3.5027545878424275,1.676470588235294,1.676470588235294,0.0,0.0,-2.0,-1.25,1.25
seed-12129-pa-0.65-pb-0.35,seed-12129-pa-0.65-pb-0.35:73,bandit,73,6.020541900901097,3.5027545878424275,1.6956521739130437,1.6956521739130437,0.0,0.0,3.0,-1.25,1.25
seed-12129-pa-0.65-pb-0.35,seed-12129-pa-0.65-pb-0.35:74,bandit,74,5.770541900901097,3.5027545878424275,1.7142857142857144,1.7142857142857144,0.0,0.0,3.0,-1.25,1.25
seed-12129-pa-0.65-pb-0.35,seed-12129-pa-0.65-pb-0.35:75,bandit,75,5.766034256080317,3.5027545878424275,1.732394366197183,1.732394366197183,0.0,0.0,3.0,-1.25,1.25
seed-12129-pa-0.65-pb-0.35,seed-12129-pa-0.65-pb-0.35:76,bandit,76,5.475206558916746,3.5027545878424275,1.6805555555555554,1.6805555555555554,0.0,0.0,-2.0,-1.25,1.25
seed-12129-pa-0.65-pb-0.35,seed-12129-pa-0.65-pb-0.35:77,bandit,77,6.018149927917811,3.5027545878424275,1.6986301369863015,1.6986301369863015,0.0,0.0,3.0,-1.25,1.25
seed-12129-pa-0.65-pb-0.35,seed-12129-pa-0.65-pb-0.35:78,bandit,78,5.17974463538566,3.5027545878424275,1.648648648648649,1.648648648648649,0.0,0.0,-2.0,-1.25,1.25
seed-12129-pa-0.65-pb-0.35,seed-12129-pa-0.65-pb-0.35:79,bandit,79,4.576413277982752,3.5027545878424275,1.6,1.6,0.0,0.0,-2.0,-1.25,1.25
seed-12129-pa-0.65-pb-0.35,seed-12129-pa-0.65-pb-0.35:80,bandit,80,5.891034256080317,3.5027545878424275,1.6184210526315788,1.6184210526315788,0.0,0.0,3.0,-1.25,1.25
seed-12129-pa-0.65-pb-0.35,seed-12129-pa-0.65-pb-0.35:81,bandit,81,5.641034256080317,3.5027545878424275,1.6363636363636362,1.6363636363636362,0.0,0.0,3.0,-1.25,1.25
seed-12129-pa-0.65-pb-0.35,seed-12129-pa-0.65-pb-0.35:82,bandit,82,5.512509570276173,3.5027545878424275,1.6538461538461535,1.6538461538461535,0.0,0.0,3.0,-1.25,1.25
seed-12129-pa-0.65-pb-0.35,seed-12129-pa-0.65-pb-0.35:83,bandit,83,5.512509570276173,3.5027545878424275,1.6708860759493671,1.6708860759493671,0.0,0.0,3.0,-1.25,1.25
seed-12129-pa-0.65-pb-0.35,seed-12129-pa-0.65-pb-0.35:84,bandit,84,5.511047744848593,3.5027545878424275,1.6875,1.6875,0.0,0.0,3.0,-1.25,1.25
seed-12129-pa-0.65-pb-0.35,seed-12129-pa-0.65-pb-0.35:85,bandit,85,5.29858735157374,3.5027545878424275,1.6419753086419755,1.6419753086419755,0.0,0.0,-2.0,-1.25,1.25
seed-12129-pa-0.65-pb-0.35,seed-12129-pa-0.65-pb-0.35:86,bandit,86,6.016034256080317,3.5027545878424275,1.6585365853658538,1.6585365853658538,0.0,0.0,3.0,-1.25,1.25
seed-12129-pa-0.65-pb-0.35,seed-12129-pa-0.65-pb-0.35:87,bandit,87,5.886047744848593,3.5027545878424275,1.6746987951807228,1.6746987951807228,0.0,0.0,3.0,-1.25,1.25
seed-12129-pa-0.65-pb-0.35,seed-12129-pa-0.65-pb-0.35:88,bandit,88,5.3199361996449746,3.5027545878424275,1.630952380952381,1.630952380952381,0.0,0.0,-2.0,-1.25,1.25
seed-12129-pa-0.65-pb-0.35,seed-12129-pa-0.65-pb-0.35:89,bandit,89,6.014163456931506,3.5027545878424275,1.6470588235294117,1.6470588235294117,0.0,0.0,3.0,-1.25,1.25
seed-12129-pa-0.65-pb-0.35,seed-12129-pa-0.65-pb-0.35:90,bandit,90,5.887509570276173,3.5027545878424275,1.6627906976744184,1.6627906976744184,0.0,0.0,3.0,-1.25,1.25
seed-12129-pa-0.65-pb-0.35,seed-12129-pa-0.65-pb-0.35:91,bandit,91,5.884755911000223,3.5027545878424275,1.6781609195402298,1.6781609195402298,0.0,0.0,3.0,-1.25,1.25
seed-12129-pa-0.65-pb-0.35,seed-12129-pa-0.65-pb-0.35:92,bandit,92,5.42358735157374,3.5027545878424275,1.6363636363636362,1.6363636363636362,0.0,0.0,-2.0,-1.25,1.25
seed-12129-pa-0.65-pb-0.35,seed-12129-pa-0.65-pb-0.35:93,bandit,93,4.600206558916746,3.5027545878424275,1.595505617977528,1.595505617977528,0.0,0.0,-2.0,-1.25,1.25
seed-12129-pa-0.65-pb-0.35,seed-12129-pa-0.65-pb-0.35:94,bandit,94,4.487822278771571,3.5027545878424275,1.5555555555555554,1.5555555555555554,0.0,0.0,-2.0,-1.25,1.25
seed-12129-pa-0.65-pb-0.35,seed-12129-pa-0.65-pb-0.35:95,bandit,95,4.251928011042974,3.5027545878424275,1.5164835164835164,1.5164835164835164,0.0,0.0,-2.0,-1.25,1.25
seed-12129-pa-0.65-pb-0.35,seed-12129-pa-0.65-pb-0.35:96,bandit,96,6.014163456931506,3.5027545878424275,1.5326086956521738,1.5326086956521738,0.0,0.0,3.0,-1.25,1.25
seed-12129-pa-0.65-pb-0.35,seed-12129-pa-0.65-pb-0.35:97,bandit,97,5.889163456931506,3.5027545878424275,1.5483870967741935,1.5483870967741935,0.0,0.0,3.0,-1.25,1.25
seed-12129-pa-0.65-pb-0.35,seed-12129-pa-0.65-pb-0.35:98,bandit,98,5.637509570276173,3.5027545878424275,1.5638297872340423,1.5638297872340423,0.0,0.0,3.0,-1.25,1.25
seed-12129-pa-0.65-pb-0.35,seed-12129-pa-0.65-pb-0.35:99,bandit,99,5.29858735157374,3.5027545878424275,1.526315789473684,1.526315789473684,0.0,0.0,-2.0,-1.25,1.25
seed-12143-pa-0.20-pb-0.35,seed-12143-pa-0.20-pb-0.35:0,bandit,0,4.203889734292549,2.969364370120412,0.5,0.5,0.0,0.0,0.0,0.25,-0.25
seed-12143-pa-0.20-pb-0.35,seed-12143-pa-0.20-pb-0.35:1,bandit,1,3.849076984180108,2.969364370120412,0.5,0.5,0.0,0.0,-2.0,0.25,-0.25
seed-12143-pa-0.20-pb-0.35,seed-12143-pa-0.20-pb-0.35:2,bandit,2,1.2575990353171704,2.969364370120412,0.5,0.5,0.0,0.0,-2.0,0.25,-0.25
seed-12143-pa-0.20-pb-0.35,seed-12143-pa-0.20-pb-0.35:3,bandit,3,0.2731232641398406,2.969364370120412,0.5,0.5,0.0,0.0,-2.0,0.25,-0.25
seed-12143-pa-0.20-pb-0.35,seed-12143-pa-0.20-pb-0.35:4,bandit,4,1.2240769841801082,2.969364370120412,-0.3333333333333332,-0.3333333333333332,0.0,0.0,-2.0,0.25,-0.25
seed-12143-pa-0.20-pb-0.35,seed-12143-pa-0.20-pb-0.35:5,bandit,5,0.7731232641398407,2.969364370120412,-0.75,-0.75,0.0,0.0,-2.0,0.25,-0.25
seed-12146-pa-0.50-pb-0.50,seed-12146-pa-0.50-pb-0.50:0,bandit,0,4.203889734292549,3.23605947898142,0.5,0.5,0.0,0.0,0.0,-0.5,0.5
seed-12146-pa-0.50-pb-0.50,seed-12146-pa-0.50-pb-0.50:1,bandit,1,4.42870067827652,3.23605947898142,1.3333333333333337,1.3333333333333337,0.0,0.0,3.0,-0.5,0.5
seed-12146-pa-0.50-pb-0.50,seed-12146-pa-0.50-pb-0.50:2,bandit,2,3.6368710061149017,3.23605947898142,0.5,0.5,0.0,0.0,-2.0,-0.5,0.5
seed-12146-pa-0.50-pb-0.50,seed-12146-pa-0.50-pb-0.50:3,bandit,3,4.71393946547494,3.23605947898142,1.0,1.0,0.0,0.0,3.0,-0.5,0.5
seed-12146-pa-0.50-pb-0.50,seed-12146-pa-0.50-pb-0.50:4,bandit,4,1.9754126516016477,3.23605947898142,0.5,0.5,0.0,0.0,-2.0,-0.5,0.5
seed-12146-pa-0.50-pb-0.50,seed-12146-pa-0.50-pb-0.50:5,bandit,5,1.7618710061149017,3.23605947898142,0.5,0.5,0.0,0.0,-2.0,-0.5,0.5
seed-12146-pa-0.50-pb-0.50,seed-12146-pa-0.50-pb-0.50:6,bandit,6,3.531150136248314,3.23605947898142,0.5,0.5,0.0,0.0,3.0,-0.5,0.5
seed-12146-pa-0.50-pb-0.50,seed-12146-pa-0.50-pb-0.50:7,bandit,7,2.3825990353171704,3.23605947898142,0.5,0.5,0.0,0.0,-2.0,-0.5,0.5
seed-12146-pa-0.50-pb-0.50,seed-12146-pa-0.50-pb-0.50:8,bandit,8,2.3981232641398407,3.23605947898142,0.1428571428571428,0.1428571428571428,0.0,0.0,-2.0,-0.5,0.5
seed-12146-pa-0.50-pb-0.50,seed-12146-pa-0.50-pb-0.50:9,bandit,9,2.1481232641398407,3.23605947898142,0.1428571428571428,0.1428571428571428,0.0,0.0,-2.0,-0.5,0.5
seed-12146-pa-0.50-pb-0.50,seed-12146-pa-0.50-pb-0.50:10,bandit,10,4.100412651601648,3.23605947898142,0.5,0.5,0.0,0.0,3.0,-0.5,0.5
seed-12146-pa-0.50-pb-0.50,seed-12146-pa-0.50-pb-0.50:11,bandit,11,3.5681471805599436,3.23605947898142,0.2222222222222223,0.2222222222222223,0.0,0.0,-2.0,-0.5,0.5
seed-12146-pa-0.50-pb-0.50,seed-12146-pa-0.50-pb-0.50:12,bandit,12,4.862822278771571,3.23605947898142,0.2222222222222223,0.2222222222222223,0.0,0.0,3.0,-0.5,0.5
seed-12146-pa-0.50-pb-0.50,seed-12146-pa-0.50-pb-0.50:13,bandit,13,4.50759903531717,3.23605947898142,0.1428571428571428,0.1428571428571428,0.0,0.0,-2.0,-0.5,0.5
seed-12146-pa-0.50-pb-0.50,seed-12146-pa-0.50-pb-0.50:14,bandit,14,5.33893946547494,3.23605947898142,0.5,0.5,0.0,0.0,3.0,-0.5,0.5
seed-12146-pa-0.50-pb-0.50,seed-12146-pa-0.50-pb-0.50:15,bandit,15,4.568147180559944,3.23605947898142,0.5,0.5,0.0,0.0,-2.0,-0.5,0.5
seed-12146-pa-0.50-pb-0.50,seed-12146-pa-0.50-pb-0.50:16,bandit,16,3.3181471805599436,3.23605947898142,0.5,0.5,0.0,0.0,-2.0,-0.5,0.5
seed-12146-pa-0.50-pb-0.50,seed-12146-pa-0.50-pb-0.50:17,bandit,17,3.700939419878843,3.23605947898142,0.2222222222222223,0.2222222222222223,0.0,0.0,-2.0,-0.5,0.5
seed-12146-pa-0.50-pb-0.50,seed-12146-pa-0.50-pb-0.50:18,bandit,18,4.910224150438086,3.23605947898142,0.2222222222222223,0.2222222222222223,0.0,0.0,3.0,-0.5,0.5
seed-12146-pa-0.50-pb-0.50,seed-12146-pa-0.50-pb-0.50:19,bandit,19,4.267675057605601,3.23605947898142,0.2222222222222223,0.2222222222222223,0.0,0.0,3.0,-0.5,0.5
seed-12146-pa-0.50-pb-0.50,seed-12146-pa-0.50-pb-0.50:20,bandit,20,4.561967589003199,3.23605947898142,0.3333333333333335,0.3333333333333335,0.0,0.0,3.0,-0.5,0.5
seed-12146-pa-0.50-pb-0.50,seed-12146-pa-0.50-pb-0.50:21,bandit,21,5.148123264139841,3.23605947898142,0.2222222222222223,0.2222222222222223,0.0,0.0,-2.0,-0.5,0.5
seed-12146-pa-0.50-pb-0.50,seed-12146-pa-0.50-pb-0.50:22,bandit,22,4.648123264139841,3.23605947898142,0.1875,0.1875,0.0,0.0,-2.0,-0.5,0.5
seed-12146-pa-0.50-pb-0.50,seed-12146-pa-0.50-pb-0.50:23,bandit,23,4.50759903531717,3.23605947898142,0.0588235294117645,0.0588235294117645,0.0,0.0,-2.0,-0.5,0.5
seed-12146-pa-0.50-pb-0.50,seed-12146-pa-0.50-pb-0.50:24,bandit,24,5.46393946547494,3.23605947898142,0.2222222222222223,0.2222222222222223,0.0,0.0,3.0,-0.5,0.5
seed-12146-pa-0.50-pb-0.50,seed-12146-pa-0.50-pb-0.50:25,bandit,25,4.96393946547494,3.23605947898142,0.3684210526315787,0.3684210526315787,0.0,0.0,3.0,-0.5,0.5
seed-12146-pa-0.50-pb-0.50,seed-12146-pa-0.50-pb-0.50:26,bandit,26,5.474076984180108,3.23605947898142,0.25,0.25,0.0,0.0,-2.0,-0.5,0.5
seed-12146-pa-0.50-pb-0.50,seed-12146-pa-0.50-pb-0.50:27,bandit,27,4.325939419878843,3.23605947898142,0.1428571428571428,0.1428571428571428,0.0,0.0,-2.0,-0.5,0.5
seed-12146-pa-0.50-pb-0.50,seed-12146-pa-0.50-pb-0.50:28,bandit,28,5.792999079229087,3.23605947898142,0.2727272727272729,0.2727272727272729,0.0,0.0,3.0,-0.5,0.5
seed-12146-pa-0.50-pb-0.50,seed-12146-pa-0.50-pb-0.50:29,bandit,29,5.523123264139841,3.23605947898142,0.2727272727272729,0.2727272727272729,0.0,0.0,-2.0,-0.5,0.5
seed-12146-pa-0.50-pb-0.50,seed-12146-pa-0.50-pb-0.50:30,bandit,30,6.0380413716877825,3.23605947898142,0.5,0.5,0.0,0.0,3.0,-0.5,0.5
seed-12146-pa-0.50-pb-0.50,seed-12146-pa-0.50-pb-0.50:31,bandit,31,5.724076984180108,3.23605947898142,0.5,0.5,0.0,0.0,-2.0,-0.5,0.5
seed-12146-pa-0.50-pb-0.50,seed-12146-pa-0.50-pb-0.50:32,bandit,32,6.292999079229087,3.23605947898142,0.5,0.5,0.0,0.0,3.0,-0.5,0.5
seed-12146-pa-0.50-pb-0.50,seed-12146-pa-0.50-pb-0.50:33,bandit,33,5.773123264139841,3.23605947898142,0.5,0.5,0.0,0.0,-2.0,-0.5,0.5
seed-12146-pa-0.50-pb-0.50,seed-12146-pa-0.50-pb-0.50:34,bandit,34,6.292999079229087,3.23605947898142,0.6923076923076925,0.6923076923076925,0.0,0.0,3.0,-0.5,0.5
seed-12146-pa-0.50-pb-0.50,seed-12146-pa-0.50-pb-0.50:35,bandit,35,6.151300195186874,3.23605947898142,0.6923076923076925,0.6923076923076925,0.0,0.0,3.0,-0.5,0.5
seed-12146-pa-0.50-pb-0.50,seed-12146-pa-0.50-pb-0.50:36,bandit,36,5.895541900901097,3.23605947898142,0.6923076923076925,0.6923076923076925,0.0,0.0,3.0,-0.5,0.5
seed-12146-pa-0.50-pb-0.50,seed-12146-pa-0.50-pb-0.50:37,bandit,37,5.895541900901097,3.23605947898142,0.6923076923076925,0.6923076923076925,0.0,0.0,3.0,-0.5,0.5
seed-12146-pa-0.50-pb-0.50,seed-12146-pa-0.50-pb-0.50:38,bandit,38,6.281150136248314,3.23605947898142,0.6923076923076925,0.6923076923076925,0.0,0.0,-2.0,-0.5,0.5
seed-12146-pa-0.50-pb-0.50,seed-12146-pa-0.50-pb-0.50:39,bandit,39,5.261871006114902,3.23605947898142,0.5,0.5,0.0,0.0,-2.0,-0.5,0.5
seed-12146-pa-0.50-pb-0.50,seed-12146-pa-0.50-pb-0.50:40,bandit,40,6.90864569998304,3.23605947898142,0.5,0.5,0.0,0.0,3.0,-0.5,0.5
seed-12146-pa-0.50-pb-0.50,seed-12146-pa-0.50-pb-0.50:41,bandit,41,6.28364569998304,3.23605947898142,0.5,0.5,0.0,0.0,3.0,-0.5,0.5
seed-12146-pa-0.50-pb-0.50,seed-12146-pa-0.50-pb-0.50:42,bandit,42,6.656150136248314,3.23605947898142,0.5,0.5,0.0,0.0,-2.0,-0.5,0.5
seed-12146-pa-0.50-pb-0.50,seed-12146-pa-0.50-pb-0.50:43,bandit,43,6.77975041827262,3.23605947898142,0.5,0.5,0.0,0.0,3.0,-0.5,0.5
seed-12146-pa-0.50-pb-0.50,seed-12146-pa-0.50-pb-0.50:44,bandit,44,6.520541900901097,3.23605947898142,0.5,0.5,0.0,0.0,3.0,-0.5,0.5
seed-12146-pa-0.50-pb-0.50,seed-12146-pa-0.50-pb-0.50:45,bandit,45,6.514163456931506,3.23605947898142,0.5714285714285716,0.5714285714285716,0.0,0.0,3.0,-0.5,0.5
seed-12146-pa-0.50-pb-0.50,seed-12146-pa-0.50-pb-0.50:46,bandit,46,6.391034256080317,3.23605947898142,0.6388888888888888,0.6388888888888888,0.0,0.0,3.0,-0.5,0.5
seed-12146-pa-0.50-pb-0.50,seed-12146-pa-0.50-pb-0.50:47,bandit,47,5.951413277982752,3.23605947898142,0.5675675675675675,0.5675675675675675,0.0,0.0,-2.0,-0.5,0.5
seed-12146-pa-0.50-pb-0.50,seed-12146-pa-0.50-pb-0.50:48,bandit,48,6.523245464372426,3.23605947898142,0.6315789473684212,0.6315789473684212,0.0,0.0,3.0,-0.5,0.5
seed-12146-pa-0.50-pb-0.50,seed-12146-pa-0.50-pb-0.50:49,bandit,49,6.0984445810050545,3.23605947898142,0.5641025641025643,0.5641025641025643,0.0,0.0,-2.0,-0.5,0.5
seed-12146-pa-0.50-pb-0.50,seed-12146-pa-0.50-pb-0.50:50,bandit,50,5.188261687518224,3.23605947898142,0.5641025641025643,0.5641025641025643,0.0,0.0,-2.0,-0.5,0.5
seed-12146-pa-0.50-pb-0.50,seed-12146-pa-0.50-pb-0.50:51,bandit,51,5.5984445810050545,3.23605947898142,0.5,0.5,0.0,0.0,-2.0,-0.5,0.5
seed-12146-pa-0.50-pb-0.50,seed-12146-pa-0.50-pb-0.50:52,bandit,52,6.776300195186874,3.23605947898142,0.5609756097560976,0.5609756097560976,0.0,0.0,3.0,-0.5,0.5
seed-12146-pa-0.50-pb-0.50,seed-12146-pa-0.50-pb-0.50:53,bandit,53,6.261871006114902,3.23605947898142,0.5,0.5,0.0,0.0,-2.0,-0.5,0.5
seed-12146-pa-0.50-pb-0.50,seed-12146-pa-0.50-pb-0.50:54,bandit,54,5.5984445810050545,3.23605947898142,0.4418604651162789,0.4418604651162789,0.0,0.0,-2.0,-0.5,0.5
seed-12146-pa-0.50-pb-0.50,seed-12146-pa-0.50-pb-0.50:55,bandit,55,6.53364569998304,3.23605947898142,0.5,0.5,0.0,0.0,3.0,-0.5,0.5
seed-12146-pa-0.50-pb-0.50,seed-12146-pa-0.50-pb-0.50:56,bandit,56,6.148245464372426,3.23605947898142,0.5555555555555554,0.5555555555555554,0.0,0.0,3.0,-0.5,0.5
seed-12146-pa-0.50-pb-0.50,seed-12146-pa-0.50-pb-0.50:57,bandit,57,6.376928011042974,3.23605947898142,0.5,0.5,0.0,0.0,-2.0,-0.5,0.5
seed-12146-pa-0.50-pb-0.50,seed-12146-pa-0.50-pb-0.50:58,bandit,58,6.768149927917811,3.23605947898142,0.5531914893617023,0.5531914893617023,0.0,0.0,3.0,-0.5,0.5
seed-12146-pa-0.50-pb-0.50,seed-12146-pa-0.50-pb-0.50:59,bandit,59,6.475412651601648,3.23605947898142,0.5,0.5,0.0,0.0,-2.0,-0.5,0.5
seed-12146-pa-0.50-pb-0.50,seed-12146-pa-0.50-pb-0.50:60,bandit,60,6.768149927917811,3.23605947898142,0.5510204081632653,0.5510204081632653,0.0,0.0,3.0,-0.5,0.5
seed-12146-pa-0.50-pb-0.50,seed-12146-pa-0.50-pb-0.50:61,bandit,61,7.008614483762177,3.23605947898142,0.6000000000000001,0.6000000000000001,0.0,0.0,3.0,-0.5,0.5
seed-12146-pa-0.50-pb-0.50,seed-12146-pa-0.50-pb-0.50:62,bandit,62,6.79858735157374,3.23605947898142,0.6000000000000001,0.6000000000000001,0.0,0.0,3.0,-0.5,0.5
seed-12146-pa-0.50-pb-0.50,seed-12146-pa-0.50-pb-0.50:63,bandit,63,6.516034256080317,3.23605947898142,0.6470588235294117,0.6470588235294117,0.0,0.0,3.0,-0.5,0.5
seed-12146-pa-0.50-pb-0.50,seed-12146-pa-0.50-pb-0.50:64,bandit,64,6.6949361996449746,3.23605947898142,0.5961538461538463,0.5961538461538463,0.0,0.0,-2.0,-0.5,0.5
seed-12146-pa-0.50-pb-0.50,seed-12146-pa-0.50-pb-0.50:65,bandit,65,6.160224150438086,3.23605947898142,0.5471698113207548,0.5471698113207548,0.0,0.0,-2.0,-0.5,0.5
seed-12146-pa-0.50-pb-0.50,seed-12146-pa-0.50-pb-0.50:66,bandit,66,5.892675057605601,3.23605947898142,0.5,0.5,0.0,0.0,-2.0,-0.5,0.5
seed-12146-pa-0.50-pb-0.50,seed-12146-pa-0.50-pb-0.50:67,bandit,67,5.517675057605601,3.23605947898142,0.5,0.5,0.0,0.0,-2.0,-0.5,0.5
seed-12146-pa-0.50-pb-0.50,seed-12146-pa-0.50-pb-0.50:68,bandit,68,5.362822278771571,3.23605947898142,0.5,0.5,0.0,0.0,-2.0,-0.5,0.5
seed-12146-pa-0.50-pb-0.50,seed-12146-pa-0.50-pb-0.50:69,bandit,69,6.78364569998304,3.23605947898142,0.5,0.5,0.0,0.0,3.0,-0.5,0.5
seed-12146-pa-0.50-pb-0.50,seed-12146-pa-0.50-pb-0.50:70,bandit,70,6.251928011042974,3.23605947898142,0.5,0.5,0.0,0.0,-2.0,-0.5,0.5
seed-12146-pa-0.50-pb-0.50,seed-12146-pa-0.50-pb-0.50:71,bandit,71,5.626928011042974,3.23605947898142,0.5,0.5,0.0,0.0,-2.0,-0.5,0.5
seed-12146-pa-0.50-pb-0.50,seed-12146-pa-0.50-pb-0.50:72,bandit,72,6.773245464372426,3.23605947898142,0.5,0.5,0.0,0.0,3.0,-0.5,0.5
seed-12146-pa-0.50-pb-0.50,seed-12146-pa-0.50-pb-0.50:73,bandit,73,6.40475041827262,3.23605947898142,0.5,0.5,0.0,0.0,3.0,-0.5,0.5
seed-12146-pa-0.50-pb-0.50,seed-12146-pa-0.50-pb-0.50:74,bandit,74,6.311967589003199,3.23605947898142,0.5,0.5,0.0,0.0,-2.0,-0.5,0.5
seed-12146-pa-0.50-pb-0.50,seed-12146-pa-0.50-pb-0.50:75,bandit,75,6.895541900901097,3.23605947898142,0.5,0.5,0.0,0.0,3.0,-0.5,0.5
seed-12146-pa-0.50-pb-0.50,seed-12146-pa-0.50-pb-0.50:76,bandit,76,6.33893946547494,3.23605947898142,0.5,0.5,0.0,0.0,-2.0,-0.5,0.5
seed-12146-pa-0.50-pb-0.50,seed-12146-pa-0.50-pb-0.50:77,bandit,77,6.770541900901097,3.23605947898142,0.5,0.5,0.0,0.0,3.0,-0.5,0.5
seed-12146-pa-0.50-pb-0.50,seed-12146-pa-0.50-pb-0.50:78,bandit,78,6.203889734292549,3.23605947898142,0.5,0.5,0.0,0.0,-2.0,-0.5,0.5
seed-12146-pa-0.50-pb-0.50,seed-12146-pa-0.50-pb-0.50:79,bandit,79,5.46393946547494,3.23605947898142,0.5,0.5,0.0,0.0,-2.0,-0.5,0.5
seed-12146-pa-0.50-pb-0.50,seed-12146-pa-0.50-pb-0.50:80,bandit,80,5.186967589003199,3.23605947898142,0.5,0.5,0.0,0.0,-2.0,-0.5,0.5
seed-12146-pa-0.50-pb-0.50,seed-12146-pa-0.50-pb-0.50:81,bandit,81,6.035224150438086,3.23605947898142,0.3529411764705883,0.3529411764705883,0.0,0.0,-2.0,-0.5,0.5
seed-12146-pa-0.50-pb-0.50,seed-12146-pa-0.50-pb-0.50:82,bandit,82,5.9449361996449746,3.23605947898142,0.3529411764705883,0.3529411764705883,0.0,0.0,-2.0,-0.5,0.5
seed-12146-pa-0.50-pb-0.50,seed-12146-pa-0.50-pb-0.50:83,bandit,83,6.776300195186874,3.23605947898142,0.3571428571428572,0.3571428571428572,0.0,0.0,3.0,-0.5,0.5
seed-12146-pa-0.50-pb-0.50,seed-12146-pa-0.50-pb-0.50:84,bandit,84,6.4449361996449746,3.23605947898142,0.3529411764705883,0.3529411764705883,0.0,0.0,-2.0,-0.5,0.5
seed-12146-pa-0.50-pb-0.50,seed-12146-pa-0.50-pb-0.50:85,bandit,85,6.645541900901097,3.23605947898142,0.3611111111111111,0.3611111111111111,0.0,0.0,3.0,-0.5,0.5
seed-12146-pa-0.50-pb-0.50,seed-12146-pa-0.50-pb-0.50:86,bandit,86,6.1949361996449746,3.23605947898142,0.3529411764705883,0.3529411764705883,0.0,0.0,-2.0,-0.5,0.5
seed-12146-pa-0.50-pb-0.50,seed-12146-pa-0.50-pb-0.50:87,bandit,87,5.953889734292549,3.23605947898142,0.3529411764705883,0.3529411764705883,0.0,0.0,-2.0,-0.5,0.5
seed-12146-pa-0.50-pb-0.50,seed-12146-pa-0.50-pb-0.50:88,bandit,88,5.58893946547494,3.23605947898142,0.3529411764705883,0.3529411764705883,0.0,0.0,-2.0,-0.5,0.5
seed-12146-pa-0.50-pb-0.50,seed-12146-pa-0.50-pb-0.50:89,bandit,89,5.561967589003199,3.23605947898142,0.3529411764705883,0.3529411764705883,0.0,0.0,-2.0,-0.5,0.5
seed-12146-pa-0.50-pb-0.50,seed-12146-pa-0.50-pb-0.50:90,bandit,90,5.203889734292549,3.23605947898142,0.3529411764705883,0.3529411764705883,0.0,0.0,-2.0,-0.5,0.5
seed-12146-pa-0.50-pb-0.50,seed-12146-pa-0.50-pb-0.50:91,bandit,91,5.078889734292549,3.23605947898142,0.3529411764705883,0.3529411764705883,0.0,0.0,-2.0,-0.5,0.5
seed-12146-pa-0.50-pb-0.50,seed-12146-pa-0.50-pb-0.50:92,bandit,92,5.186967589003199,3.23605947898142,0.3529411764705883,0.3529411764705883,0.0,0.0,-2.0,-0.5,0.5
seed-12146-pa-0.50-pb-0.50,seed-12146-pa-0.50-pb-0.50:93,bandit,93,5.96393946547494,3.23605947898142,0.2222222222222223,0.2222222222222223,0.0,0.0,-2.0,-0.5,0.5
seed-12146-pa-0.50-pb-0.50,seed-12146-pa-0.50-pb-0.50:94,bandit,94,5.804882179158078,3.23605947898142,0.2222222222222223,0.2222222222222223,0.0,0.0,-2.0,-0.5,0.5
seed-12146-pa-0.50-pb-0.50,seed-12146-pa-0.50-pb-0.50:95,bandit,95,5.561967589003199,3.23605947898142,0.2222222222222223,0.2222222222222223,0.0,0.0,-2.0,-0.5,0.5
seed-12146-pa-0.50-pb-0.50,seed-12146-pa-0.50-pb-0.50:96,bandit,96,5.725206558916746,3.23605947898142,0.1052631578947367,0.1052631578947367,0.0,0.0,-2.0,-0.5,0.5
seed-12146-pa-0.50-pb-0.50,seed-12146-pa-0.50-pb-0.50:97,bandit,97,5.811967589003199,3.23605947898142,0.1052631578947367,0.1052631578947367,0.0,0.0,-2.0,-0.5,0.5
seed-12146-pa-0.50-pb-0.50,seed-12146-pa-0.50-pb-0.50:98,bandit,98,5.6949361996449746,3.23605947898142,0.1052631578947367,0.1052631578947367,0.0,0.0,-2.0,-0.5,0.5
seed-12146-pa-0.50-pb-0.50,seed-12146-pa-0.50-pb-0.50:99,bandit,99,6.276300195186874,3.23605947898142,0.1052631578947367,0.1052631578947367,0.0,0.0,3.0,-0.5,0.5
seed-12148-pa-0.65-pb-0.65,seed-12148-pa-0.65-pb-0.65:0,bandit,0,4.203889734292549,3.5027545878424275,0.5,0.5,0.0,0.0,0.0,-1.25,1.25
seed-12148-pa-0.65-pb-0.65,seed-12148-pa-0.65-pb-0.65:1,bandit,1,3.849076984180108,3.5027545878424275,0.5,0.5,0.0,0.0,-2.0,-1.25,1.25
seed-12148-pa-0.65-pb-0.65,seed-12148-pa-0.65-pb-0.65:2,bandit,2,1.2575990353171704,3.5027545878424275,0.5,0.5,0.0,0.0,-2.0,-1.25,1.25
seed-12150-pa-0.50-pb-0.35,seed-12150-pa-0.50-pb-0.35:0,bandit,0,4.203889734292549,3.23605947898142,0.5,0.5,0.0,0.0,0.0,-0.5,0.5
seed-12150-pa-0.50-pb-0.35,seed-12150-pa-0.50-pb-0.35:1,bandit,1,4.42870067827652,3.23605947898142,1.3333333333333337,1.3333333333333337,0.0,0.0,3.0,-0.5,0.5
seed-12150-pa-0.50-pb-0.35,seed-12150-pa-0.50-pb-0.35:2,bandit,2,2.501928011042974,3.23605947898142,1.3333333333333337,1.3333333333333337,0.0,0.0,-2.0,-0.5,0.5
seed-12150-pa-0.50-pb-0.35,seed-12150-pa-0.50-pb-0.35:3,bandit,3,1.2254126516016477,3.23605947898142,0.5,0.5,0.0,0.0,-2.0,-0.5,0.5
seed-12153-pa-0.35-pb-0.65,seed-12153-pa-0.35-pb-0.65:0,bandit,0,4.203889734292549,3.5027545878424275,0.5,0.5,0.0,0.0,0.0,-1.25,1.25
seed-12153-pa-0.35-pb-0.65,seed-12153-pa-0.35-pb-0.65:1,bandit,1,3.849076984180108,3.5027545878424275,0.5,0.5,0.0,0.0,-2.0,-1.25,1.25
seed-12153-pa-0.35-pb-0.65,seed-12153-pa-0.35-pb-0.65:2,bandit,2,1.2575990353171704,3.5027545878424275,0.5,0.5,0.0,0.0,-2.0,-1.25,1.25
seed-12163-pa-0.35-pb-0.35,seed-12163-pa-0.35-pb-0.35:0,bandit,0,4.203889734292549,2.969364370120412,0.5,0.5,0.0,0.0,0.0,0.25,-0.25
seed-12163-pa-0.35-pb-0.35,seed-12163-pa-0.35-pb-0.35:1,bandit,1,4.42870067827652,2.969364370120412,1.3333333333333337,1.3333333333333337,0.0,0.0,3.0,0.25,-0.25
seed-12163-pa-0.35-pb-0.35,seed-12163-pa-0.35-pb-0.35:2,bandit,2,2.501928011042974,2.969364370120412,1.3333333333333337,1.3333333333333337,0.0,0.0,-2.0,0.25,-0.25
seed-12163-pa-0.35-pb-0.35,seed-12163-pa-0.35-pb-0.35:3,bandit,3,2.6368710061149017,2.969364370120412,1.75,1.75,0.0,0.0,3.0,0.25,-0.25
seed-12163-pa-0.35-pb-0.35,seed-12163-pa-0.35-pb-0.35:4,bandit,4,2.2575990353171704,2.969364370120412,2.0,2.0,0.0,0.0,3.0,0.25,-0.25
seed-12163-pa-0.35-pb-0.35,seed-12163-pa-0.35-pb-0.35:5,bandit,5,2.031150136248314,2.969364370120412,2.0,2.0,0.0,0.0,-2.0,0.25,-0.25
seed-12163-pa-0.35-pb-0.35,seed-12163-pa-0.35-pb-0.35:6,bandit,6,2.0019290813453736,2.969364370120412,1.3333333333333337,1.3333333333333337,0.0,0.0,-2.0,0.25,-0.25
seed-12163-pa-0.35-pb-0.35,seed-12163-pa-0.35-pb-0.35:7,bandit,7,1.3484445810050545,2.969364370120412,1.3333333333333337,1.3333333333333337,0.0,0.0,-2.0,0.25,-0.25
seed-12172-pa-0.35-pb-0.20,seed-12172-pa-0.35-pb-0.20:0,bandit,0,4.203889734292549,2.969364370120412,0.5,0.5,0.0,0.0,0.0,0.25,-0.25
seed-12172-pa-0.35-pb-0.20,seed-12172-pa-0.35-pb-0.20:1,bandit,1,3.849076984180108,2.969364370120412,0.5,0.5,0.0,0.0,-2.0,0.25,-0.25
seed-12172-pa-0.35-pb-0.20,seed-12172-pa-0.35-pb-0.20:2,bandit,2,1.2575990353171704,2.969364370120412,0.5,0.5,0.0,0.0,-2.0,0.25,-0.25
seed-12186-pa-0.65-pb-0.20,seed-12186-pa-0.65-pb-0.20:0,bandit,0,4.203889734292549,3.5027545878424275,0.5,0.5,0.0,0.0,0.0,-1.25,1.25
seed-12186-pa-0.65-pb-0.20,seed-12186-pa-0.65-pb-0.20:1,bandit,1,4.42870067827652,3.5027545878424275,1.3333333333333337,1.3333333333333337,0.0,0.0,3.0,-1.25,1.25
seed-12186-pa-0.65-pb-0.20,seed-12186-pa-0.65-pb-0.20:2,bandit,2,3.201413277982752,3.5027545878424275,1.75,1.75,0.0,0.0,3.0,-1.25,1.25
seed-12186-pa-0.65-pb-0.20,seed-12186-pa-0.65-pb-0.20:3,bandit,3,3.4878222787715707,3.5027545878424275,2.0,2.0,0.0,0.0,3.0,-1.25,1.25
seed-12186-pa-0.65-pb-0.20,seed-12186-pa-0.65-pb-0.20:4,bandit,4,2.1602241504380864,3.5027545878424275,2.166666666666667,2.166666666666667,0.0,0.0,3.0,-1.25,1.25
seed-12186-pa-0.65-pb-0.20,seed-12186-pa-0.65-pb-0.20:5,bandit,5,2.517675057605601,3.5027545878424275,2.2857142857142856,2.2857142857142856,0.0,0.0,3.0,-1.25,1.25
seed-12186-pa-0.65-pb-0.20,seed-12186-pa-0.65-pb-0.20:6,bandit,6,2.6269290813453736,3.5027545878424275,1.75,1.75,0.0,0.0,-2.0,-1.25,1.25
seed-12186-pa-0.65-pb-0.20,seed-12186-pa-0.65-pb-0.20:7,bandit,7,4.054882179158078,3.5027545878424275,1.8888888888888888,1.8888888888888888,0.0,0.0,3.0,-1.25,1.25
seed-12186-pa-0.65-pb-0.20,seed-12186-pa-0.65-pb-0.20:8,bandit,8,4.04858735157374,3.5027545878424275,2.0,2.0,0.0,0.0,3.0,-1.25,1.25
seed-12186-pa-0.65-pb-0.20,seed-12186-pa-0.65-pb-0.20:9,bandit,9,2.2575990353171704,3.5027545878424275,2.0,2.0,0.0,0.0,-2.0,-1.25,1.25
seed-12186-pa-0.65-pb-0.20,seed-12186-pa-0.65-pb-0.20:10,bandit,10,4.075939419878843,3.5027545878424275,2.0,2.0,0.0,0.0,3.0,-1.25,1.25
seed-12188-pa-0.35-pb-0.20,seed-12188-pa-0.35-pb-0.20:0,bandit,0,4.203889734292549,2.969364370120412,0.5,0.5,0.0,0.0,0.0,0.25,-0.25
seed-12188-pa-0.35-pb-0.20,seed-12188-pa-0.35-pb-0.20:1,bandit,1,3.849076984180108,2.969364370120412,0.5,0.5,0.0,0.0,-2.0,0.25,-0.25
seed-12188-pa-0.35-pb-0.20,seed-12188-pa-0.35-pb-0.20:2,bandit,2,2.71393946547494,2.969364370120412,1.3333333333333337,1.3333333333333337,0.0,0.0,3.0,0.25,-0.25
seed-12190-pa-0.65-pb-0.50,seed-12190-pa-0.65-pb-0.50:0,bandit,0,4.203889734292549,3.5027545878424275,0.5,0.5,0.0,0.0,0.0,-1.25,1.25
seed-12190-pa-0.65-pb-0.50,seed-12190-pa-0.65-pb-0.50:1,bandit,1,4.42870067827652,3.5027545878424275,1.3333333333333337,1.3333333333333337,0.0,0.0,3.0,-1.25,1.25
seed-12190-pa-0.65-pb-0.50,seed-12190-pa-0.65-pb-0.50:2,bandit,2,3.201413277982752,3.5027545878424275,1.75,1.75,0.0,0.0,3.0,-1.25,1.25
seed-12194-pa-0.50-pb-0.50,seed-12194-pa-0.50-pb-0.50:0,bandit,0,4.203889734292549,3.23605947898142,0.5,0.5,0.0,0.0,0.0,-0.5,0.5
seed-12194-pa-0.50-pb-0.50,seed-12194-pa-0.50-pb-0.50:1,bandit,1,4.42870067827652,3.23605947898142,1.3333333333333337,1.3333333333333337,0.0,0.0,3.0,-0.5,0.5
seed-12194-pa-0.50-pb-0.50,seed-12194-pa-0.50-pb-0.50:2,bandit,2,2.501928011042974,3.23605947898142,1.3333333333333337,1.3333333333333337,0.0,0.0,-2.0,-0.5,0.5
seed-12194-pa-0.50-pb-0.50,seed-12194-pa-0.50-pb-0.50:3,bandit,3,1.2254126516016477,3.23605947898142,0.5,0.5,0.0,0.0,-2.0,-0.5,0.5
seed-12194-pa-0.50-pb-0.50,seed-12194-pa-0.50-pb-0.50:4,bandit,4,0.1004126516016477,3.23605947898142,0.5,0.5,0.0,0.0,-2.0,-0.5,0.5
seed-12194-pa-0.50-pb-0.50,seed-12194-pa-0.50-pb-0.50:5,bandit,5,2.1368710061149017,3.23605947898142,0.5,0.5,0.0,0.0,3.0,-0.5,0.5
seed-12194-pa-0.50-pb-0.50,seed-12194-pa-0.50-pb-0.50:6,bandit,6,1.5311501362483142,3.23605947898142,0.0,0.0,0.0,0.0,-2.0,-0.5,0.5
seed-12194-pa-0.50-pb-0.50,seed-12194-pa-0.50-pb-0.50:7,bandit,7,2.1325990353171704,3.23605947898142,0.5,0.5,0.0,0.0,3.0,-0.5,0.5
seed-12194-pa-0.50-pb-0.50,seed-12194-pa-0.50-pb-0.50:8,bandit,8,1.8259394198788428,3.23605947898142,0.8571428571428572,0.8571428571428572,0.0,0.0,3.0,-0.5,0.5
seed-12194-pa-0.50-pb-0.50,seed-12194-pa-0.50-pb-0.50:9,bandit,9,2.0231232641398407,3.23605947898142,1.125,1.125,0.0,0.0,3.0,-0.5,0.5
seed-12194-pa-0.50-pb-0.50,seed-12194-pa-0.50-pb-0.50:10,bandit,10,2.3484445810050545,3.23605947898142,1.3333333333333337,1.3333333333333337,0.0,0.0,3.0,-0.5,0.5
seed-12194-pa-0.50-pb-0.50,seed-12194-pa-0.50-pb-0.50:11,bandit,11,1.898123264139841,3.23605947898142,1.0,1.0,0.0,0.0,-2.0,-0.5,0.5
seed-12194-pa-0.50-pb-0.50,seed-12194-pa-0.50-pb-0.50:12,bandit,12,4.017675057605601,3.23605947898142,1.0,1.0,0.0,0.0,3.0,-0.5,0.5
seed-12194-pa-0.50-pb-0.50,seed-12194-pa-0.50-pb-0.50:13,bandit,13,2.849076984180108,3.23605947898142,0.7272727272727271,0.7272727272727271,0.0,0.0,-2.0,-0.5,0.5
seed-12199-pa-0.50-pb-0.65,seed-12199-pa-0.50-pb-0.65:0,bandit,0,4.203889734292549,3.5027545878424275,0.5,0.5,0.0,0.0,0.0,-1.25,1.25
seed-12199-pa-0.50-pb-0.65,seed-12199-pa-0.50-pb-0.65:1,bandit,1,4.42870067827652,3.5027545878424275,1.3333333333333337,1.3333333333333337,0.0,0.0,3.0,-1.25,1.25
seed-12199-pa-0.50-pb-0.65,seed-12199-pa-0.50-pb-0.65:2,bandit,2,3.6368710061149017,3.5027545878424275,0.5,0.5,0.0,0.0,-2.0,-1.25,1.25
seed-12199-pa-0.50-pb-0.65,seed-12199-pa-0.50-pb-0.65:3,bandit,3,4.71393946547494,3.5027545878424275,1.0,1.0,0.0,0.0,3.0,-1.25,1.25
seed-12199-pa-0.50-pb-0.65,seed-12199-pa-0.50-pb-0.65:4,bandit,4,3.8288897342925488,3.5027545878424275,1.3333333333333337,1.3333333333333337,0.0,0.0,3.0,-1.25,1.25
seed-12199-pa-0.50-pb-0.65,seed-12199-pa-0.50-pb-0.65:5,bandit,5,2.9102241504380864,3.5027545878424275,0.8571428571428572,0.8571428571428572,0.0,0.0,-2.0,-1.25,1.25
seed-12199-pa-0.50-pb-0.65,seed-12199-pa-0.50-pb-0.65:6,bandit,6,1.6561501362483142,3.5027545878424275,0.5,0.5,0.0,0.0,-2.0,-1.25,1.25
seed-12207-pa-0.20-pb-0.35,seed-12207-pa-0.20-pb-0.35:0,bandit,0,4.203889734292549,2.969364370120412,0.5,0.5,0.0,0.0,0.0,0.25,-0.25
seed-12207-pa-0.20-pb-0.35,seed-12207-pa-0.20-pb-0.35:1,bandit,1,3.849076984180108,2.969364370120412,0.5,0.5,0.0,0.0,-2.0,0.25,-0.25
seed-12207-pa-0.20-pb-0.35,seed-12207-pa-0.20-pb-0.35:2,bandit,2,2.71393946547494,2.969364370120412,1.3333333333333337,1.3333333333333337,0.0,0.0,3.0,0.25,-0.25
seed-12207-pa-0.20-pb-0.35,seed-12207-pa-0.20-pb-0.35:3,bandit,3,1.826413277982752,2.969364370120412,1.3333333333333337,1.3333333333333337,0.0,0.0,-2.0,0.25,-0.25
seed-12207-pa-0.20-pb-0.35,seed-12207-pa-0.20-pb-0.35:4,bandit,4,0.1787006782765203,2.969364370120412,0.5,0.5,0.0,0.0,-2.0,0.25,-0.25
seed-12213-pa-0.50-pb-0.20,seed-12213-pa-0.50-pb-0.20:0,bandit,0,4.203889734292549,3.23605947898142,0.5,0.5,0.0,0.0,0.0,-0.5,0.5
seed-12213-pa-0.50-pb-0.20,seed-12213-pa-0.50-pb-0.20:1,bandit,1,4.42870067827652,3.23605947898142,1.3333333333333337,1.3333333333333337,0.0,0.0,3.0,-0.5,0.5
seed-12213-pa-0.50-pb-0.20,seed-12213-pa-0.50-pb-0.20:2,bandit,2,0.951413277982752,3.23605947898142,1.3333333333333337,1.3333333333333337,0.0,0.0,3.0,-0.5,0.5
seed-12213-pa-0.50-pb-0.20,seed-12213-pa-0.50-pb-0.20:3,bandit,3,2.6325990353171704,3.23605947898142,1.3333333333333337,1.3333333333333337,0.0,0.0,-2.0,-0.5,0.5
seed-12213-pa-0.50-pb-0.20,seed-12213-pa-0.50-pb-0.20:4,bandit,4,2.6368710061149017,3.23605947898142,1.75,1.75,0.0,0.0,3.0,-0.5,0.5
seed-12213-pa-0.50-pb-0.20,seed-12213-pa-0.50-pb-0.20:5,bandit,5,1.6882616875182244,3.23605947898142,1.0,1.0,0.0,0.0,-2.0,-0.5,0.5
seed-12220-pa-0.35-pb-0.20,seed-12220-pa-0.35-pb-0.20:0,bandit,0,4.203889734292549,2.969364370120412,0.5,0.5,0.0,0.0,0.0,0.25,-0.25
seed-12220-pa-0.35-pb-0.20,seed-12220-pa-0.35-pb-0.20:1,bandit,1,3.849076984180108,2.969364370120412,0.5,0.5,0.0,0.0,-2.0,0.25,-0.25
seed-12220-pa-0.35-pb-0.20,seed-12220-pa-0.35-pb-0.20:2,bandit,2,1.2575990353171704,2.969364370120412,0.5,0.5,0.0,0.0,-2.0,0.25,-0.25
seed-12220-pa-0.35-pb-0.20,seed-12220-pa-0.35-pb-0.20:3,bandit,3,3.017675057605601,2.969364370120412,1.3333333333333337,1.3333333333333337,0.0,0.0,3.0,0.25,-0.25
seed-12220-pa-0.35-pb-0.20,seed-12220-pa-0.35-pb-0.20:4,bandit,4,1.5984445810050545,2.969364370120412,1.3333333333333337,1.3333333333333337,0.0,0.0,-2.0,0.25,-0.25
seed-12220-pa-0.35-pb-0.20,seed-12220-pa-0.35-pb-0.20:5,bandit,5,3.075939419878843,2.969364370120412,1.3333333333333337,1.3333333333333337,0.0,0.0,3.0,0.25,-0.25
seed-12220-pa-0.35-pb-0.20,seed-12220-pa-0.35-pb-0.20:6,bandit,6,1.8037006782765204,2.969364370120412,0.5,0.5,0.0,0.0,-2.0,0.25,-0.25
seed-12220-pa-0.35-pb-0.20,seed-12220-pa-0.35-pb-0.20:7,bandit,7,0.9734445810050544,2.969364370120412,0.0,0.0,0.0,0.0,-2.0,0.25,-0.25
seed-12220-pa-0.35-pb-0.20,seed-12220-pa-0.35-pb-0.20:8,bandit,8,0.8132616875182244,2.969364370120412,0.0,0.0,0.0,0.0,-2.0,0.25,-0.25
seed-12220-pa-0.35-pb-0.20,seed-12220-pa-0.35-pb-0.20:9,bandit,9,2.7519290813453736,2.969364370120412,0.5,0.5,0.0,0.0,3.0,0.25,-0.25
seed-12220-pa-0.35-pb-0.20,seed-12220-pa-0.35-pb-0.20:10,bandit,10,2.825939419878843,2.969364370120412,0.5,0.5,0.0,0.0,3.0,0.25,-0.25
seed-12220-pa-0.35-pb-0.20,seed-12220-pa-0.35-pb-0.20:11,bandit,11,2.8037006782765204,2.969364370120412,0.1428571428571428,0.1428571428571428,0.0,0.0,-2.0,0.25,-0.25
seed-12220-pa-0.35-pb-0.20,seed-12220-pa-0.35-pb-0.20:12,bandit,12,3.693147180559944,2.969364370120412,0.2222222222222223,0.2222222222222223,0.0,0.0,3.0,0.25,-0.25
seed-12220-pa-0.35-pb-0.20,seed-12220-pa-0.35-pb-0.20:13,bandit,13,3.0019290813453736,2.969364370120412,0.1428571428571428,0.1428571428571428,0.0,0.0,-2.0,0.25,-0.25
seed-12226-pa-0.50-pb-0.50,seed-12226-pa-0.50-pb-0.50:0,bandit,0,4.203889734292549,3.23605947898142,0.5,0.5,0.0,0.0,0.0,-0.5,0.5
seed-12226-pa-0.50-pb-0.50,seed-12226-pa-0.50-pb-0.50:1,bandit,1,3.849076984180108,3.23605947898142,0.5,0.5,0.0,0.0,-2.0,-0.5,0.5
seed-12226-pa-0.50-pb-0.50,seed-12226-pa-0.50-pb-0.50:2,bandit,2,2.71393946547494,3.23605947898142,1.3333333333333337,1.3333333333333337,0.0,0.0,3.0,-0.5,0.5
seed-12226-pa-0.50-pb-0.50,seed-12226-pa-0.50-pb-0.50:3,bandit,3,1.826413277982752,3.23605947898142,1.3333333333333337,1.3333333333333337,0.0,0.0,-2.0,-0.5,0.5
seed-12226-pa-0.50-pb-0.50,seed-12226-pa-0.50-pb-0.50:4,bandit,4,2.626928011042974,3.23605947898142,1.75,1.75,0.0,0.0,3.0,-0.5,0.5
seed-12226-pa-0.50-pb-0.50,seed-12226-pa-0.50-pb-0.50:5,bandit,5,2.201413277982752,3.23605947898142,1.75,1.75,0.0,0.0,-2.0,-0.5,0.5
seed-12226-pa-0.50-pb-0.50,seed-12226-pa-0.50-pb-0.50:6,bandit,6,0.3181471805599436,3.23605947898142,1.0,1.0,0.0,0.0,-2.0,-0.5,0.5
seed-12227-pa-0.35-pb-0.35,seed-12227-pa-0.35-pb-0.35:0,bandit,0,4.203889734292549,2.969364370120412,0.5,0.5,0.0,0.0,0.0,0.25,-0.25
seed-12227-pa-0.35-pb-0.35,seed-12227-pa-0.35-pb-0.35:1,bandit,1,4.42870067827652,2.969364370120412,1.3333333333333337,1.3333333333333337,0.0,0.0,3.0,0.25,-0.25
seed-12227-pa-0.35-pb-0.35,seed-12227-pa-0.35-pb-0.35:2,bandit,2,3.6368710061149017,2.969364370120412,0.5,0.5,0.0,0.0,-2.0,0.25,-0.25
seed-12227-pa-0.35-pb-0.35,seed-12227-pa-0.35-pb-0.35:3,bandit,3,1.9754126516016477,2.969364370120412,0.5,0.5,0.0,0.0,-2.0,0.25,-0.25
seed-12227-pa-0.35-pb-0.35,seed-12227-pa-0.35-pb-0.35:4,bandit,4,3.099076984180108,2.969364370120412,1.0,1.0,0.0,0.0,3.0,0.25,-0.25
seed-12227-pa-0.35-pb-0.35,seed-12227-pa-0.35-pb-0.35:5,bandit,5,2.6787006782765204,2.969364370120412,0.5,0.5,0.0,0.0,-2.0,0.25,-0.25
seed-12227-pa-0.35-pb-0.35,seed-12227-pa-0.35-pb-0.35:6,bandit,6,4.186967589003199,2.969364370120412,0.5,0.5,0.0,0.0,3.0,0.25,-0.25
seed-12227-pa-0.35-pb-0.35,seed-12227-pa-0.35-pb-0.35:7,bandit,7,3.1481232641398407,2.969364370120412,0.5,0.5,0.0,0.0,-2.0,0.25,-0.25
seed-12227-pa-0.35-pb-0.35,seed-12227-pa-0.35-pb-0.35:8,bandit,8,4.417999079229087,2.969364370120412,1.0,1.0,0.0,0.0,3.0,0.25,-0.25
seed-12227-pa-0.35-pb-0.35,seed-12227-pa-0.35-pb-0.35:9,bandit,9,3.075939419878843,2.969364370120412,1.0,1.0,0.0,0.0,-2.0,0.25,-0.25
seed-12227-pa-0.35-pb-0.35,seed-12227-pa-0.35-pb-0.35:10,bandit,10,2.3181471805599436,2.969364370120412,1.0,1.0,0.0,0.0,-2.0,0.25,-0.25
seed-12227-pa-0.35-pb-0.35,seed-12227-pa-0.35-pb-0.35:11,bandit,11,2.5118710061149017,2.969364370120412,1.0,1.0,0.0,0.0,-2.0,0.25,-0.25
seed-12227-pa-0.35-pb-0.35,seed-12227-pa-0.35-pb-0.35:12,bandit,12,4.035224150438086,2.969364370120412,1.0,1.0,0.0,0.0,3.0,0.25,-0.25
seed-12235-pa-0.35-pb-0.50,seed-12235-pa-0.35-pb-0.50:0,bandit,0,4.203889734292549,3.23605947898142,0.5,0.5,0.0,0.0,0.0,-0.5,0.5
seed-12243-pa-0.35-pb-0.35,seed-12243-pa-0.35-pb-0.35:0,bandit,0,4.203889734292549,2.969364370120412,0.5,0.5,0.0,0.0,0.0,0.25,-0.25
seed-12243-pa-0.35-pb-0.35,seed-12243-pa-0.35-pb-0.35:1,bandit,1,4.42870067827652,2.969364370120412,1.3333333333333337,1.3333333333333337,0.0,0.0,3.0,0.25,-0.25
seed-12243-pa-0.35-pb-0.35,seed-12243-pa-0.35-pb-0.35:2,bandit,2,3.201413277982752,2.969364370120412,1.75,1.75,0.0,0.0,3.0,0.25,-0.25
seed-12243-pa-0.35-pb-0.35,seed-12243-pa-0.35-pb-0.35:3,bandit,3,3.4878222787715707,2.969364370120412,2.0,2.0,0.0,0.0,3.0,0.25,-0.25
seed-12243-pa-0.35-pb-0.35,seed-12243-pa-0.35-pb-0.35:4,bandit,4,2.826413277982752,2.969364370120412,1.3333333333333337,1.3333333333333337,0.0,0.0,-2.0,0.25,-0.25
seed-12243-pa-0.35-pb-0.35,seed-12243-pa-0.35-pb-0.35:5,bandit,5,2.71393946547494,2.969364370120412,0.8571428571428572,0.8571428571428572,0.0,0.0,-2.0,0.25,-0.25
seed-12243-pa-0.35-pb-0.35,seed-12243-pa-0.35-pb-0.35:6,bandit,6,4.535224150438086,2.969364370120412,1.3333333333333337,1.3333333333333337,0.0,0.0,3.0,0.25,-0.25
seed-12243-pa-0.35-pb-0.35,seed-12243-pa-0.35-pb-0.35:7,bandit,7,2.724076984180108,2.969364370120412,1.3333333333333337,1.3333333333333337,0.0,0.0,-2.0,0.25,-0.25
seed-12243-pa-0.35-pb-0.35,seed-12243-pa-0.35-pb-0.35:8,bandit,8,2.3825990353171704,2.969364370120412,1.3333333333333337,1.3333333333333337,0.0,0.0,-2.0,0.25,-0.25
seed-12243-pa-0.35-pb-0.35,seed-12243-pa-0.35-pb-0.35:9,bandit,9,1.8825990353171704,2.969364370120412,1.3333333333333337,1.3333333333333337,0.0,0.0,-2.0,0.25,-0.25
seed-12247-pa-0.50-pb-0.65,seed-12247-pa-0.50-pb-0.65:0,bandit,0,4.203889734292549,3.5027545878424275,0.5,0.5,0.0,0.0,0.0,-1.25,1.25
seed-12247-pa-0.50-pb-0.65,seed-12247-pa-0.50-pb-0.65:1,bandit,1,4.42870067827652,3.5027545878424275,1.3333333333333337,1.3333333333333337,0.0,0.0,3.0,-1.25,1.25
seed-12247-pa-0.50-pb-0.65,seed-12247-pa-0.50-pb-0.65:2,bandit,2,0.951413277982752,3.5027545878424275,1.3333333333333337,1.3333333333333337,0.0,0.0,3.0,-1.25,1.25
seed-12247-pa-0.50-pb-0.65,seed-12247-pa-0.50-pb-0.65:3,bandit,3,2.6325990353171704,3.5027545878424275,1.3333333333333337,1.3333333333333337,0.0,0.0,-2.0,-1.25,1.25
seed-12247-pa-0.50-pb-0.65,seed-12247-pa-0.50-pb-0.65:4,bandit,4,2.6368710061149017,3.5027545878424275,1.75,1.75,0.0,0.0,3.0,-1.25,1.25
seed-12247-pa-0.50-pb-0.65,seed-12247-pa-0.50-pb-0.65:5,bandit,5,1.6882616875182244,3.5027545878424275,1.0,1.0,0.0,0.0,-2.0,-1.25,1.25
seed-12247-pa-0.50-pb-0.65,seed-12247-pa-0.50-pb-0.65:6,bandit,6,0.8825990353171704,3.5027545878424275,0.5,0.5,0.0,0.0,-2.0,-1.25,1.25
seed-12247-pa-0.50-pb-0.65,seed-12247-pa-0.50-pb-0.65:7,bandit,7,-0.1515554189949455,3.5027545878424275,0.5,0.5,0.0,0.0,-2.0,-1.25,1.25
seed-12251-pa-0.35-pb-0.50,seed-12251-pa-0.35-pb-0.50:0,bandit,0,4.203889734292549,3.23605947898142,0.5,0.5,0.0,0.0,0.0,-0.5,0.5
seed-12251-pa-0.35-pb-0.50,seed-12251-pa-0.35-pb-0.50:1,bandit,1,3.849076984180108,3.23605947898142,0.5,0.5,0.0,0.0,-2.0,-0.5,0.5
seed-12251-pa-0.35-pb-0.50,seed-12251-pa-0.35-pb-0.50:2,bandit,2,1.2575990353171704,3.23605947898142,0.5,0.5,0.0,0.0,-2.0,-0.5,0.5
seed-12251-pa-0.35-pb-0.50,seed-12251-pa-0.35-pb-0.50:3,bandit,3,0.2731232641398406,3.23605947898142,0.5,0.5,0.0,0.0,-2.0,-0.5,0.5
seed-12251-pa-0.35-pb-0.50,seed-12251-pa-0.35-pb-0.50:4,bandit,4,-0.4768767358601593,3.23605947898142,0.5,0.5,0.0,0.0,-2.0,-0.5,0.5
seed-12252-pa-0.35-pb-0.20,seed-12252-pa-0.35-pb-0.20:0,bandit,0,4.203889734292549,2.969364370120412,0.5,0.5,0.0,0.0,0.0,0.25,-0.25
seed-12252-pa-0.35-pb-0.20,seed-12252-pa-0.35-pb-0.20:1,bandit,1,3.849076984180108,2.969364370120412,0.5,0.5,0.0,0.0,-2.0,0.25,-0.25
seed-12252-pa-0.35-pb-0.20,seed-12252-pa-0.35-pb-0.20:2,bandit,2,1.2575990353171704,2.969364370120412,0.5,0.5,0.0,0.0,-2.0,0.25,-0.25
seed-12252-pa-0.35-pb-0.20,seed-12252-pa-0.35-pb-0.20:3,bandit,3,0.5231232641398407,2.969364370120412,-0.3333333333333332,-0.3333333333333332,0.0,0.0,-2.0,0.25,-0.25
seed-12252-pa-0.35-pb-0.20,seed-12252-pa-0.35-pb-0.20:4,bandit,4,0.8926750576056008,2.969364370120412,-0.3333333333333332,-0.3333333333333332,0.0,0.0,-2.0,0.25,-0.25
seed-12255-pa-0.20-pb-0.35,seed-12255-pa-0.20-pb-0.35:0,bandit,0,4.203889734292549,2.969364370120412,0.5,0.5,0.0,0.0,0.0,0.25,-0.25
seed-12255-pa-0.20-pb-0.35,seed-12255-pa-0.20-pb-0.35:1,bandit,1,3.849076984180108,2.969364370120412,0.5,0.5,0.0,0.0,-2.0,0.25,-0.25
seed-12255-pa-0.20-pb-0.35,seed-12255-pa-0.20-pb-0.35:2,bandit,2,1.2575990353171704,2.969364370120412,0.5,0.5,0.0,0.0,-2.0,0.25,-0.25
seed-12255-pa-0.20-pb-0.35,seed-12255-pa-0.20-pb-0.35:3,bandit,3,3.017675057605601,2.969364370120412,1.3333333333333337,1.3333333333333337,0.0,0.0,3.0,0.25,-0.25
seed-12255-pa-0.20-pb-0.35,seed-12255-pa-0.20-pb-0.35:4,bandit,4,1.0537006782765204,2.969364370120412,0.5,0.5,0.0,0.0,-2.0,0.25,-0.25
seed-12255-pa-0.20-pb-0.35,seed-12255-pa-0.20-pb-0.35:5,bandit,5,2.2731232641398407,2.969364370120412,1.0,1.0,0.0,0.0,3.0,0.25,-0.25
seed-12255-pa-0.20-pb-0.35,seed-12255-pa-0.20-pb-0.35:6,bandit,6,1.0759394198788428,2.969364370120412,0.5,0.5,0.0,0.0,-2.0,0.25,-0.25
seed-12255-pa-0.20-pb-0.35,seed-12255-pa-0.20-pb-0.35:7,bandit,7,1.0019290813453736,2.969364370120412,0.5,0.5,0.0,0.0,-2.0,0.25,-0.25
seed-12261-pa-0.50-pb-0.20,seed-12261-pa-0.50-pb-0.20:0,bandit,0,4.203889734292549,3.23605947898142,0.5,0.5,0.0,0.0,0.0,-0.5,0.5
seed-12261-pa-0.50-pb-0.20,seed-12261-pa-0.50-pb-0.20:1,bandit,1,3.4287006782765204,3.23605947898142,1.3333333333333337,1.3333333333333337,0.0,0.0,3.0,-0.5,0.5
seed-12261-pa-0.50-pb-0.20,seed-12261-pa-0.50-pb-0.20:2,bandit,2,2.0019290813453736,3.23605947898142,1.75,1.75,0.0,0.0,3.0,-0.5,0.5
seed-12261-pa-0.50-pb-0.20,seed-12261-pa-0.50-pb-0.20:3,bandit,3,3.05474463538566,3.23605947898142,1.0,1.0,0.0,0.0,-2.0,-0.5,0.5
seed-12261-pa-0.50-pb-0.20,seed-12261-pa-0.50-pb-0.20:4,bandit,4,2.1269290813453736,3.23605947898142,1.0,1.0,0.0,0.0,-2.0,-0.5,0.5
seed-12264-pa-0.20-pb-0.65,seed-12264-pa-0.20-pb-0.65:0,bandit,0,4.203889734292549,3.5027545878424275,0.5,0.5,0.0,0.0,0.0,-1.25,1.25
seed-12264-pa-0.20-pb-0.65,seed-12264-pa-0.20-pb-0.65:1,bandit,1,3.849076984180108,3.5027545878424275,0.5,0.5,0.0,0.0,-2.0,-1.25,1.25
seed-12264-pa-0.20-pb-0.65,seed-12264-pa-0.20-pb-0.65:2,bandit,2,0.1004126516016477,3.5027545878424275,-0.3333333333333332,-0.3333333333333332,0.0,0.0,-2.0,-1.25,1.25
seed-12271-pa-0.20-pb-0.35,seed-12271-pa-0.20-pb-0.35:0,bandit,0,4.203889734292549,2.969364370120412,0.5,0.5,0.0,0.0,0.0,0.25,-0.25
seed-12271-pa-0.20-pb-0.35,seed-12271-pa-0.20-pb-0.35:1,bandit,1,3.849076984180108,2.969364370120412,0.5,0.5,0.0,0.0,-2.0,0.25,-0.25
seed-12271-pa-0.20-pb-0.35,seed-12271-pa-0.20-pb-0.35:2,bandit,2,1.2575990353171704,2.969364370120412,0.5,0.5,0.0,0.0,-2.0,0.25,-0.25
seed-12271-pa-0.20-pb-0.35,seed-12271-pa-0.20-pb-0.35:3,bandit,3,3.017675057605601,2.969364370120412,1.3333333333333337,1.3333333333333337,0.0,0.0,3.0,0.25,-0.25
seed-12271-pa-0.20-pb-0.35,seed-12271-pa-0.20-pb-0.35:4,bandit,4,1.5984445810050545,2.969364370120412,1.3333333333333337,1.3333333333333337,0.0,0.0,-2.0,0.25,-0.25
seed-12271-pa-0.20-pb-0.35,seed-12271-pa-0.20-pb-0.35:5,bandit,5,0.6561501362483142,2.969364370120412,0.5,0.5,0.0,0.0,-2.0,0.25,-0.25
seed-12277-pa-0.50-pb-0.20,seed-12277-pa-0.50-pb-0.20:0,bandit,0,4.203889734292549,3.23605947898142,0.5,0.5,0.0,0.0,0.0,-0.5,0.5
seed-12277-pa-0.50-pb-0.20,seed-12277-pa-0.50-pb-0.20:1,bandit,1,4.42870067827652,3.23605947898142,1.3333333333333337,1.3333333333333337,0.0,0.0,3.0,-0.5,0.5
seed-12277-pa-0.50-pb-0.20,seed-12277-pa-0.50-pb-0.20:2,bandit,2,3.6368710061149017,3.23605947898142,0.5,0.5,0.0,0.0,-2.0,-0.5,0.5
seed-12277-pa-0.50-pb-0.20,seed-12277-pa-0.50-pb-0.20:3,bandit,3,4.71393946547494,3.23605947898142,1.0,1.0,0.0,0.0,3.0,-0.5,0.5
seed-12277-pa-0.50-pb-0.20,seed-12277-pa-0.50-pb-0.20:4,bandit,4,1.9754126516016477,3.23605947898142,0.5,0.5,0.0,0.0,-2.0,-0.5,0.5
seed-12277-pa-0.50-pb-0.20,seed-12277-pa-0.50-pb-0.20:5,bandit,5,4.600206558916746,3.23605947898142,1.3333333333333337,1.3333333333333337,0.0,0.0,3.0,-0.5,0.5
seed-12277-pa-0.50-pb-0.20,seed-12277-pa-0.50-pb-0.20:6,bandit,6,2.906150136248314,3.23605947898142,1.3333333333333337,1.3333333333333337,0.0,0.0,-2.0,-0.5,0.5
seed-12277-pa-0.50-pb-0.20,seed-12277-pa-0.50-pb-0.20:7,bandit,7,4.017675057605601,3.23605947898142,1.3333333333333337,1.3333333333333337,0.0,0.0,3.0,-0.5,0.5
seed-12277-pa-0.50-pb-0.20,seed-12277-pa-0.50-pb-0.20:8,bandit,8,2.5537006782765204,3.23605947898142,1.3333333333333337,1.3333333333333337,0.0,0.0,-2.0,-0.5,0.5
seed-12277-pa-0.50-pb-0.20,seed-12277-pa-0.50-pb-0.20:9,bandit,9,3.6602241504380864,3.23605947898142,1.3333333333333337,1.3333333333333337,0.0,0.0,3.0,-0.5,0.5
seed-12277-pa-0.50-pb-0.20,seed-12277-pa-0.50-pb-0.20:10,bandit,10,3.58893946547494,3.23605947898142,1.3333333333333337,1.3333333333333337,0.0,0.0,3.0,-0.5,0.5
seed-12277-pa-0.50-pb-0.20,seed-12277-pa-0.50-pb-0.20:11,bandit,11,3.929882179158078,3.23605947898142,1.3333333333333337,1.3333333333333337,0.0,0.0,3.0,-0.5,0.5
seed-12277-pa-0.50-pb-0.20,seed-12277-pa-0.50-pb-0.20:12,bandit,12,4.001928011042974,3.23605947898142,1.3333333333333337,1.3333333333333337,0.0,0.0,-2.0,-0.5,0.5
seed-12277-pa-0.50-pb-0.20,seed-12277-pa-0.50-pb-0.20:13,bandit,13,4.79858735157374,3.23605947898142,1.3333333333333337,1.3333333333333337,0.0,0.0,3.0,-0.5,0.5
seed-12277-pa-0.50-pb-0.20,seed-12277-pa-0.50-pb-0.20:14,bandit,14,4.65475041827262,3.23605947898142,1.3333333333333337,1.3333333333333337,0.0,0.0,3.0,-0.5,0.5
seed-12277-pa-0.50-pb-0.20,seed-12277-pa-0.50-pb-0.20:15,bandit,15,4.895541900901097,3.23605947898142,1.3333333333333337,1.3333333333333337,0.0,0.0,3.0,-0.5,0.5
seed-12277-pa-0.50-pb-0.20,seed-12277-pa-0.50-pb-0.20:16,bandit,16,4.54858735157374,3.23605947898142,1.3333333333333337,1.3333333333333337,0.0,0.0,-2.0,-0.5,0.5
seed-12277-pa-0.50-pb-0.20,seed-12277-pa-0.50-pb-0.20:17,bandit,17,3.6949361996449746,3.23605947898142,1.3333333333333337,1.3333333333333337,0.0,0.0,-2.0,-0.5,0.5
seed-12277-pa-0.50-pb-0.20,seed-12277-pa-0.50-pb-0.20:18,bandit,18,3.679882179158078,3.23605947898142,1.3333333333333337,1.3333333333333337,0.0,0.0,-2.0,-0.5,0.5
seed-12277-pa-0.50-pb-0.20,seed-12277-pa-0.50-pb-0.20:19,bandit,19,3.4179990792290873,3.23605947898142,1.3333333333333337,1.3333333333333337,0.0,0.0,-2.0,-0.5,0.5
seed-12277-pa-0.50-pb-0.20,seed-12277-pa-0.50-pb-0.20:20,bandit,20,3.429882179158078,3.23605947898142,1.3333333333333337,1.3333333333333337,0.0,0.0,-2.0,-0.5,0.5
seed-12277-pa-0.50-pb-0.20,seed-12277-pa-0.50-pb-0.20:21,bandit,21,4.90475041827262,3.23605947898142,1.3333333333333337,1.3333333333333337,0.0,0.0,3.0,-0.5,0.5
seed-12277-pa-0.50-pb-0.20,seed-12277-pa-0.50-pb-0.20:22,bandit,22,4.53364569998304,3.23605947898142,1.3333333333333337,1.3333333333333337,0.0,0.0,3.0,-0.5,0.5
seed-12277-pa-0.50-pb-0.20,seed-12277-pa-0.50-pb-0.20:23,bandit,23,4.770541900901097,3.23605947898142,1.3333333333333337,1.3333333333333337,0.0,0.0,3.0,-0.5,0.5
seed-12277-pa-0.50-pb-0.20,seed-12277-pa-0.50-pb-0.20:24,bandit,24,4.65864569998304,3.23605947898142,1.3333333333333337,1.3333333333333337,0.0,0.0,-2.0,-0.5,0.5
seed-12277-pa-0.50-pb-0.20,seed-12277-pa-0.50-pb-0.20:25,bandit,25,3.7880413716877825,3.23605947898142,1.3333333333333337,1.3333333333333337,0.0,0.0,-2.0,-0.5,0.5
seed-12277-pa-0.50-pb-0.20,seed-12277-pa-0.50-pb-0.20:26,bandit,26,5.018149927917811,3.23605947898142,1.3333333333333337,1.3333333333333337,0.0,0.0,3.0,-0.5,0.5
seed-12277-pa-0.50-pb-0.20,seed-12277-pa-0.50-pb-0.20:27,bandit,27,4.27975041827262,3.23605947898142,1.3333333333333337,1.3333333333333337,0.0,0.0,-2.0,-0.5,0.5
seed-12277-pa-0.50-pb-0.20,seed-12277-pa-0.50-pb-0.20:28,bandit,28,3.898245464372426,3.23605947898142,1.3333333333333337,1.3333333333333337,0.0,0.0,-2.0,-0.5,0.5
seed-12278-pa-0.50-pb-0.35,seed-12278-pa-0.50-pb-0.35:0,bandit,0,4.203889734292549,3.23605947898142,0.5,0.5,0.0,0.0,0.0,-0.5,0.5
seed-12278-pa-0.50-pb-0.35,seed-12278-pa-0.50-pb-0.35:1,bandit,1,3.849076984180108,3.23605947898142,0.5,0.5,0.0,0.0,-2.0,-0.5,0.5
seed-12278-pa-0.50-pb-0.35,seed-12278-pa-0.50-pb-0.35:2,bandit,2,4.350412651601648,3.23605947898142,0.5,0.5,0.0,0.0,3.0,-0.5,0.5
seed-12278-pa-0.50-pb-0.35,seed-12278-pa-0.50-pb-0.35:3,bandit,3,4.21393946547494,3.23605947898142,1.0,1.0,0.0,0.0,3.0,-0.5,0.5
seed-12278-pa-0.50-pb-0.35,seed-12278-pa-0.50-pb-0.35:4,bandit,4,2.7254126516016477,3.23605947898142,0.5,0.5,0.0,0.0,-2.0,-0.5,0.5
seed-12290-pa-0.50-pb-0.50,seed-12290-pa-0.50-pb-0.50:0,bandit,0,4.203889734292549,3.23605947898142,0.5,0.5,0.0,0.0,0.0,-0.5,0.5
seed-12290-pa-0.50-pb-0.50,seed-12290-pa-0.50-pb-0.50:1,bandit,1,4.42870067827652,3.23605947898142,1.3333333333333337,1.3333333333333337,0.0,0.0,3.0,-0.5,0.5
seed-12290-pa-0.50-pb-0.50,seed-12290-pa-0.50-pb-0.50:2,bandit,2,3.201413277982752,3.23605947898142,1.75,1.75,0.0,0.0,3.0,-0.5,0.5
seed-12290-pa-0.50-pb-0.50,seed-12290-pa-0.50-pb-0.50:3,bandit,3,3.4878222787715707,3.23605947898142,2.0,2.0,0.0,0.0,3.0,-0.5,0.5
seed-12290-pa-0.50-pb-0.50,seed-12290-pa-0.50-pb-0.50:4,bandit,4,2.826413277982752,3.23605947898142,1.3333333333333337,1.3333333333333337,0.0,0.0,-2.0,-0.5,0.5
seed-12290-pa-0.50-pb-0.50,seed-12290-pa-0.50-pb-0.50:5,bandit,5,2.71393946547494,3.23605947898142,0.8571428571428572,0.8571428571428572,0.0,0.0,-2.0,-0.5,0.5
seed-12290-pa-0.50-pb-0.50,seed-12290-pa-0.50-pb-0.50:6,bandit,6,3.929882179158078,3.23605947898142,1.125,1.125,0.0,0.0,3.0,-0.5,0.5
seed-12290-pa-0.50-pb-0.50,seed-12290-pa-0.50-pb-0.50:7,bandit,7,2.392675057605601,3.23605947898142,0.7777777777777777,0.7777777777777777,0.0,0.0,-2.0,-0.5,0.5
seed-12290-pa-0.50-pb-0.50,seed-12290-pa-0.50-pb-0.50:8,bandit,8,3.5485873515737403,3.23605947898142,1.0,1.0,0.0,0.0,3.0,-0.5,0.5
seed-12290-pa-0.50-pb-0.50,seed-12290-pa-0.50-pb-0.50:9,bandit,9,3.1949361996449746,3.23605947898142,1.1818181818181817,1.1818181818181817,0.0,0.0,3.0,-0.5,0.5
seed-12290-pa-0.50-pb-0.50,seed-12290-pa-0.50-pb-0.50:10,bandit,10,2.58893946547494,3.23605947898142,0.9166666666666664,0.9166666666666664,0.0,0.0,-2.0,-0.5,0.5
seed-12290-pa-0.50-pb-0.50,seed-12290-pa-0.50-pb-0.50:11,bandit,11,3.7880413716877825,3.23605947898142,1.076923076923077,1.076923076923077,0.0,0.0,3.0,-0.5,0.5
seed-12290-pa-0.50-pb-0.50,seed-12290-pa-0.50-pb-0.50:12,bandit,12,2.8199361996449746,3.23605947898142,0.8571428571428572,0.8571428571428572,0.0,0.0,-2.0,-0.5,0.5
seed-12290-pa-0.50-pb-0.50,seed-12290-pa-0.50-pb-0.50:13,bandit,13,2.46393946547494,3.23605947898142,0.6666666666666665,0.6666666666666665,0.0,0.0,-2.0,-0.5,0.5
seed-12290-pa-0.50-pb-0.50,seed-12290-pa-0.50-pb-0.50:14,bandit,14,2.3288897342925488,3.23605947898142,0.5,0.5,0.0,0.0,-2.0,-0.5,0.5
seed-12290-pa-0.50-pb-0.50,seed-12290-pa-0.50-pb-0.50:15,bandit,15,5.251928011042974,3.23605947898142,1.3333333333333337,1.3333333333333337,0.0,0.0,3.0,-0.5,0.5
seed-12290-pa-0.50-pb-0.50,seed-12290-pa-0.50-pb-0.50:16,bandit,16,4.42974463538566,3.23605947898142,1.3333333333333337,1.3333333333333337,0.0,0.0,-2.0,-0.5,0.5
seed-12290-pa-0.50-pb-0.50,seed-12290-pa-0.50-pb-0.50:17,bandit,17,3.80474463538566,3.23605947898142,1.3333333333333337,1.3333333333333337,0.0,0.0,-2.0,-0.5,0.5
seed-12290-pa-0.50-pb-0.50,seed-12290-pa-0.50-pb-0.50:18,bandit,18,3.6602241504380864,3.23605947898142,1.3333333333333337,1.3333333333333337,0.0,0.0,-2.0,-0.5,0.5
seed-12290-pa-0.50-pb-0.50,seed-12290-pa-0.50-pb-0.50:19,bandit,19,2.951413277982752,3.23605947898142,1.3333333333333337,1.3333333333333337,0.0,0.0,-2.0,-0.5,0.5
seed-12290-pa-0.50-pb-0.50,seed-12290-pa-0.50-pb-0.50:20,bandit,20,3.30474463538566,3.23605947898142,1.3333333333333337,1.3333333333333337,0.0,0.0,-2.0,-0.5,0.5
seed-12290-pa-0.50-pb-0.50,seed-12290-pa-0.50-pb-0.50:21,bandit,21,4.917999079229087,3.23605947898142,1.3333333333333337,1.3333333333333337,0.0,0.0,3.0,-0.5,0.5
seed-12290-pa-0.50-pb-0.50,seed-12290-pa-0.50-pb-0.50:22,bandit,22,4.112822278771571,3.23605947898142,1.3333333333333337,1.3333333333333337,0.0,0.0,-2.0,-0.5,0.5
seed-12290-pa-0.50-pb-0.50,seed-12290-pa-0.50-pb-0.50:23,bandit,23,4.17974463538566,3.23605947898142,0.5,0.5,0.0,0.0,-2.0,-0.5,0.5
seed-12290-pa-0.50-pb-0.50,seed-12290-pa-0.50-pb-0.50:24,bandit,24,4.33893946547494,3.23605947898142,0.5,0.5,0.0,0.0,-2.0,-0.5,0.5
seed-12290-pa-0.50-pb-0.50,seed-12290-pa-0.50-pb-0.50:25,bandit,25,4.001929081345374,3.23605947898142,0.0,0.0,0.0,0.0,-2.0,-0.5,0.5
seed-12290-pa-0.50-pb-0.50,seed-12290-pa-0.50-pb-0.50:26,bandit,26,4.05474463538566,3.23605947898142,0.0,0.0,0.0,0.0,-2.0,-0.5,0.5
seed-12290-pa-0.50-pb-0.50,seed-12290-pa-0.50-pb-0.50:27,bandit,27,5.100206558916746,3.23605947898142,0.5,0.5,0.0,0.0,3.0,-0.5,0.5
seed-12290-pa-0.50-pb-0.50,seed-12290-pa-0.50-pb-0.50:28,bandit,28,4.475206558916746,3.23605947898142,0.5,0.5,0.0,0.0,3.0,-0.5,0.5
seed-12290-pa-0.50-pb-0.50,seed-12290-pa-0.50-pb-0.50:29,bandit,29,5.0380413716877825,3.23605947898142,0.5,0.5,0.0,0.0,3.0,-0.5,0.5
seed-12290-pa-0.50-pb-0.50,seed-12290-pa-0.50-pb-0.50:30,bandit,30,5.30474463538566,3.23605947898142,0.5,0.5,0.0,0.0,-2.0,-0.5,0.5
seed-12290-pa-0.50-pb-0.50,seed-12290-pa-0.50-pb-0.50:31,bandit,31,5.78364569998304,3.23605947898142,0.5,0.5,0.0,0.0,3.0,-0.5,0.5
seed-12290-pa-0.50-pb-0.50,seed-12290-pa-0.50-pb-0.50:32,bandit,32,4.850412651601648,3.23605947898142,0.5,0.5,0.0,0.0,-2.0,-0.5,0.5
seed-12290-pa-0.50-pb-0.50,seed-12290-pa-0.50-pb-0.50:33,bandit,33,3.975412651601648,3.23605947898142,0.5,0.5,0.0,0.0,-2.0,-0.5,0.5
seed-12290-pa-0.50-pb-0.50,seed-12290-pa-0.50-pb-0.50:34,bandit,34,5.78364569998304,3.23605947898142,0.5,0.5,0.0,0.0,3.0,-0.5,0.5
seed-12290-pa-0.50-pb-0.50,seed-12290-pa-0.50-pb-0.50:35,bandit,35,4.910224150438086,3.23605947898142,0.5,0.5,0.0,0.0,-2.0,-0.5,0.5
seed-12290-pa-0.50-pb-0.50,seed-12290-pa-0.50-pb-0.50:36,bandit,36,5.4130413716877825,3.23605947898142,0.5,0.5,0.0,0.0,3.0,-0.5,0.5
seed-12290-pa-0.50-pb-0.50,seed-12290-pa-0.50-pb-0.50:37,bandit,37,5.15864569998304,3.23605947898142,0.5,0.5,0.0,0.0,3.0,-0.5,0.5
seed-12290-pa-0.50-pb-0.50,seed-12290-pa-0.50-pb-0.50:38,bandit,38,5.026300195186874,3.23605947898142,0.5,0.5,0.0,0.0,3.0,-0.5,0.5
seed-12290-pa-0.50-pb-0.50,seed-12290-pa-0.50-pb-0.50:39,bandit,39,4.901300195186874,3.23605947898142,0.5,0.5,0.0,0.0,3.0,-0.5,0.5
seed-12290-pa-0.50-pb-0.50,seed-12290-pa-0.50-pb-0.50:40,bandit,40,5.035224150438086,3.23605947898142,0.2972972972972973,0.2972972972972973,0.0,0.0,-2.0,-0.5,0.5
seed-12290-pa-0.50-pb-0.50,seed-12290-pa-0.50-pb-0.50:41,bandit,41,6.285224150438086,3.23605947898142,0.5,0.5,0.0,0.0,3.0,-0.5,0.5
seed-12290-pa-0.50-pb-0.50,seed-12290-pa-0.50-pb-0.50:42,bandit,42,5.828889734292549,3.23605947898142,0.5,0.5,0.0,0.0,3.0,-0.5,0.5
seed-12290-pa-0.50-pb-0.50,seed-12290-pa-0.50-pb-0.50:43,bandit,43,5.42974463538566,3.23605947898142,0.7777777777777777,0.7777777777777777,0.0,0.0,3.0,-0.5,0.5
seed-12290-pa-0.50-pb-0.50,seed-12290-pa-0.50-pb-0.50:44,bandit,44,5.501928011042974,3.23605947898142,0.7777777777777777,0.7777777777777777,0.0,0.0,3.0,-0.5,0.5
seed-12290-pa-0.50-pb-0.50,seed-12290-pa-0.50-pb-0.50:45,bandit,45,5.451413277982752,3.23605947898142,0.7777777777777777,0.7777777777777777,0.0,0.0,-2.0,-0.5,0.5
seed-12290-pa-0.50-pb-0.50,seed-12290-pa-0.50-pb-0.50:46,bandit,46,4.781150136248314,3.23605947898142,0.7777777777777777,0.7777777777777777,0.0,0.0,-2.0,-0.5,0.5
seed-12290-pa-0.50-pb-0.50,seed-12290-pa-0.50-pb-0.50:47,bandit,47,4.451413277982752,3.23605947898142,0.7777777777777777,0.7777777777777777,0.0,0.0,-2.0,-0.5,0.5
seed-12290-pa-0.50-pb-0.50,seed-12290-pa-0.50-pb-0.50:48,bandit,48,6.1949361996449746,3.23605947898142,0.7777777777777777,0.7777777777777777,0.0,0.0,3.0,-0.5,0.5
seed-12290-pa-0.50-pb-0.50,seed-12290-pa-0.50-pb-0.50:49,bandit,49,5.725206558916746,3.23605947898142,0.7777777777777777,0.7777777777777777,0.0,0.0,3.0,-0.5,0.5
seed-12290-pa-0.50-pb-0.50,seed-12290-pa-0.50-pb-0.50:50,bandit,50,5.517675057605601,3.23605947898142,0.7777777777777777,0.7777777777777777,0.0,0.0,-2.0,-0.5,0.5
seed-12290-pa-0.50-pb-0.50,seed-12290-pa-0.50-pb-0.50:51,bandit,51,4.850412651601648,3.23605947898142,0.7777777777777777,0.7777777777777777,0.0,0.0,-2.0,-0.5,0.5
seed-12290-pa-0.50-pb-0.50,seed-12290-pa-0.50-pb-0.50:52,bandit,52,6.186967589003199,3.23605947898142,0.7777777777777777,0.7777777777777777,0.0,0.0,3.0,-0.5,0.5
seed-12290-pa-0.50-pb-0.50,seed-12290-pa-0.50-pb-0.50:53,bandit,53,5.656150136248314,3.23605947898142,0.5,0.5,0.0,0.0,-2.0,-0.5,0.5
seed-12290-pa-0.50-pb-0.50,seed-12290-pa-0.50-pb-0.50:54,bandit,54,5.55474463538566,3.23605947898142,0.5,0.5,0.0,0.0,-2.0,-0.5,0.5
seed-12290-pa-0.50-pb-0.50,seed-12290-pa-0.50-pb-0.50:55,bandit,55,5.30474463538566,3.23605947898142,0.5,0.5,0.0,0.0,-2.0,-0.5,0.5
seed-12290-pa-0.50-pb-0.50,seed-12290-pa-0.50-pb-0.50:56,bandit,56,6.46393946547494,3.23605947898142,0.5,0.5,0.0,0.0,3.0,-0.5,0.5
seed-12290-pa-0.50-pb-0.50,seed-12290-pa-0.50-pb-0.50:57,bandit,57,5.826413277982752,3.23605947898142,0.2999999999999998,0.2999999999999998,0.0,0.0,-2.0,-0.5,0.5
seed-12290-pa-0.50-pb-0.50,seed-12290-pa-0.50-pb-0.50:58,bandit,58,5.376929081345374,3.23605947898142,0.2999999999999998,0.2999999999999998,0.0,0.0,-2.0,-0.5,0.5
seed-12290-pa-0.50-pb-0.50,seed-12290-pa-0.50-pb-0.50:59,bandit,59,6.751928011042974,3.23605947898142,0.3529411764705883,0.3529411764705883,0.0,0.0,3.0,-0.5,0.5
seed-12290-pa-0.50-pb-0.50,seed-12290-pa-0.50-pb-0.50:60,bandit,60,5.80474463538566,3.23605947898142,0.3076923076923075,0.3076923076923075,0.0,0.0,-2.0,-0.5,0.5
seed-12290-pa-0.50-pb-0.50,seed-12290-pa-0.50-pb-0.50:61,bandit,61,6.350206558916746,3.23605947898142,0.358490566037736,0.358490566037736,0.0,0.0,3.0,-0.5,0.5
seed-12290-pa-0.50-pb-0.50,seed-12290-pa-0.50-pb-0.50:62,bandit,62,5.785224150438086,3.23605947898142,0.3148148148148149,0.3148148148148149,0.0,0.0,-2.0,-0.5,0.5
seed-12290-pa-0.50-pb-0.50,seed-12290-pa-0.50-pb-0.50:63,bandit,63,6.350206558916746,3.23605947898142,0.3636363636363637,0.3636363636363637,0.0,0.0,3.0,-0.5,0.5
seed-12290-pa-0.50-pb-0.50,seed-12290-pa-0.50-pb-0.50:64,bandit,64,6.33893946547494,3.23605947898142,0.4107142857142856,0.4107142857142856,0.0,0.0,3.0,-0.5,0.5
seed-12290-pa-0.50-pb-0.50,seed-12290-pa-0.50-pb-0.50:65,bandit,65,6.100206558916746,3.23605947898142,0.3684210526315787,0.3684210526315787,0.0,0.0,-2.0,-0.5,0.5
seed-12290-pa-0.50-pb-0.50,seed-12290-pa-0.50-pb-0.50:66,bandit,66,6.46393946547494,3.23605947898142,0.4137931034482758,0.4137931034482758,0.0,0.0,3.0,-0.5,0.5
seed-12290-pa-0.50-pb-0.50,seed-12290-pa-0.50-pb-0.50:67,bandit,67,6.328889734292549,3.23605947898142,0.4576271186440679,0.4576271186440679,0.0,0.0,3.0,-0.5,0.5
seed-12290-pa-0.50-pb-0.50,seed-12290-pa-0.50-pb-0.50:68,bandit,68,5.876928011042974,3.23605947898142,0.4166666666666665,0.4166666666666665,0.0,0.0,-2.0,-0.5,0.5
seed-12290-pa-0.50-pb-0.50,seed-12290-pa-0.50-pb-0.50:69,bandit,69,6.4449361996449746,3.23605947898142,0.459016393442623,0.459016393442623,0.0,0.0,3.0,-0.5,0.5
seed-12290-pa-0.50-pb-0.50,seed-12290-pa-0.50-pb-0.50:70,bandit,70,5.767675057605601,3.23605947898142,0.4193548387096775,0.4193548387096775,0.0,0.0,-2.0,-0.5,0.5
seed-12290-pa-0.50-pb-0.50,seed-12290-pa-0.50-pb-0.50:71,bandit,71,5.517675057605601,3.23605947898142,0.3809523809523809,0.3809523809523809,0.0,0.0,-2.0,-0.5,0.5
seed-12290-pa-0.50-pb-0.50,seed-12290-pa-0.50-pb-0.50:72,bandit,72,6.725206558916746,3.23605947898142,0.3809523809523809,0.3809523809523809,0.0,0.0,3.0,-0.5,0.5
seed-12290-pa-0.50-pb-0.50,seed-12290-pa-0.50-pb-0.50:73,bandit,73,6.21393946547494,3.23605947898142,0.421875,0.421875,0.0,0.0,3.0,-0.5,0.5
seed-12290-pa-0.50-pb-0.50,seed-12290-pa-0.50-pb-0.50:74,bandit,74,6.186967589003199,3.23605947898142,0.4615384615384617,0.4615384615384617,0.0,0.0,3.0,-0.5,0.5
seed-12290-pa-0.50-pb-0.50,seed-12290-pa-0.50-pb-0.50:75,bandit,75,6.061967589003199,3.23605947898142,0.5,0.5,0.0,0.0,3.0,-0.5,0.5
seed-12290-pa-0.50-pb-0.50,seed-12290-pa-0.50-pb-0.50:76,bandit,76,6.203889734292549,3.23605947898142,0.4626865671641789,0.4626865671641789,0.0,0.0,-2.0,-0.5,0.5
seed-12290-pa-0.50-pb-0.50,seed-12290-pa-0.50-pb-0.50:77,bandit,77,7.04858735157374,3.23605947898142,0.5,0.5,0.0,0.0,3.0,-0.5,0.5
seed-12290-pa-0.50-pb-0.50,seed-12290-pa-0.50-pb-0.50:78,bandit,78,6.5699361996449746,3.23605947898142,0.5,0.5,0.0,0.0,3.0,-0.5,0.5
seed-12290-pa-0.50-pb-0.50,seed-12290-pa-0.50-pb-0.50:79,bandit,79,6.304882179158078,3.23605947898142,0.5362318840579712,0.5362318840579712,0.0,0.0,3.0,-0.5,0.5
seed-12290-pa-0.50-pb-0.50,seed-12290-pa-0.50-pb-0.50:80,bandit,80,6.142675057605601,3.23605947898142,0.5,0.5,0.0,0.0,-2.0,-0.5,0.5
seed-12290-pa-0.50-pb-0.50,seed-12290-pa-0.50-pb-0.50:81,bandit,81,7.042999079229087,3.23605947898142,0.535211267605634,0.535211267605634,0.0,0.0,3.0,-0.5,0.5
seed-12290-pa-0.50-pb-0.50,seed-12290-pa-0.50-pb-0.50:82,bandit,82,6.42358735157374,3.23605947898142,0.5694444444444446,0.5694444444444446,0.0,0.0,3.0,-0.5,0.5
seed-12290-pa-0.50-pb-0.50,seed-12290-pa-0.50-pb-0.50:83,bandit,83,6.29858735157374,3.23605947898142,0.6027397260273974,0.6027397260273974,0.0,0.0,3.0,-0.5,0.5
seed-12290-pa-0.50-pb-0.50,seed-12290-pa-0.50-pb-0.50:84,bandit,84,6.237822278771571,3.23605947898142,0.5675675675675675,0.5675675675675675,0.0,0.0,-2.0,-0.5,0.5
seed-12290-pa-0.50-pb-0.50,seed-12290-pa-0.50-pb-0.50:85,bandit,85,6.917999079229087,3.23605947898142,0.6000000000000001,0.6000000000000001,0.0,0.0,3.0,-0.5,0.5
seed-12290-pa-0.50-pb-0.50,seed-12290-pa-0.50-pb-0.50:86,bandit,86,5.826413277982752,3.23605947898142,0.5657894736842106,0.5657894736842106,0.0,0.0,-2.0,-0.5,0.5
seed-12290-pa-0.50-pb-0.50,seed-12290-pa-0.50-pb-0.50:87,bandit,87,5.475412651601648,3.23605947898142,0.5324675324675323,0.5324675324675323,0.0,0.0,-2.0,-0.5,0.5
seed-12290-pa-0.50-pb-0.50,seed-12290-pa-0.50-pb-0.50:88,bandit,88,6.679882179158078,3.23605947898142,0.5641025641025643,0.5641025641025643,0.0,0.0,3.0,-0.5,0.5
seed-12290-pa-0.50-pb-0.50,seed-12290-pa-0.50-pb-0.50:89,bandit,89,6.54858735157374,3.23605947898142,0.5949367088607596,0.5949367088607596,0.0,0.0,3.0,-0.5,0.5
seed-12290-pa-0.50-pb-0.50,seed-12290-pa-0.50-pb-0.50:90,bandit,90,6.328889734292549,3.23605947898142,0.5625,0.5625,0.0,0.0,-2.0,-0.5,0.5
seed-12290-pa-0.50-pb-0.50,seed-12290-pa-0.50-pb-0.50:91,bandit,91,5.876928011042974,3.23605947898142,0.5308641975308643,0.5308641975308643,0.0,0.0,-2.0,-0.5,0.5
seed-12290-pa-0.50-pb-0.50,seed-12290-pa-0.50-pb-0.50:92,bandit,92,5.42974463538566,3.23605947898142,0.5,0.5,0.0,0.0,-2.0,-0.5,0.5
seed-12290-pa-0.50-pb-0.50,seed-12290-pa-0.50-pb-0.50:93,bandit,93,6.54858735157374,3.23605947898142,0.5301204819277108,0.5301204819277108,0.0,0.0,3.0,-0.5,0.5
seed-12290-pa-0.50-pb-0.50,seed-12290-pa-0.50-pb-0.50:94,bandit,94,6.42358735157374,3.23605947898142,0.5595238095238093,0.5595238095238093,0.0,0.0,3.0,-0.5,0.5
seed-12290-pa-0.50-pb-0.50,seed-12290-pa-0.50-pb-0.50:95,bandit,95,6.078889734292549,3.23605947898142,0.5294117647058822,0.5294117647058822,0.0,0.0,-2.0,-0.5,0.5
seed-12290-pa-0.50-pb-0.50,seed-12290-pa-0.50-pb-0.50:96,bandit,96,5.725206558916746,3.23605947898142,0.5,0.5,0.0,0.0,-2.0,-0.5,0.5
seed-12290-pa-0.50-pb-0.50,seed-12290-pa-0.50-pb-0.50:97,bandit,97,6.42358735157374,3.23605947898142,0.5287356321839081,0.5287356321839081,0.0,0.0,3.0,-0.5,0.5
seed-12290-pa-0.50-pb-0.50,seed-12290-pa-0.50-pb-0.50:98,bandit,98,6.08893946547494,3.23605947898142,0.5,0.5,0.0,0.0,-2.0,-0.5,0.5
seed-12290-pa-0.50-pb-0.50,seed-12290-pa-0.50-pb-0.50:99,bandit,99,6.542999079229087,3.23605947898142,0.6666666666666665,0.6666666666666665,0.0,0.0,3.0,-0.5,0.5
seed-12303-pa-0.20-pb-0.35,seed-12303-pa-0.20-pb-0.35:0,bandit,0,4.203889734292549,2.969364370120412,0.5,0.5,0.0,0.0,0.0,0.25,-0.25
seed-12303-pa-0.20-pb-0.35,seed-12303-pa-0.20-pb-0.35:1,bandit,1,3.849076984180108,2.969364370120412,0.5,0.5,0.0,0.0,-2.0,0.25,-0.25
seed-12303-pa-0.20-pb-0.35,seed-12303-pa-0.20-pb-0.35:2,bandit,2,0.1004126516016477,2.969364370120412,-0.3333333333333332,-0.3333333333333332,0.0,0.0,-2.0,0.25,-0.25
seed-12304-pa-0.20-pb-0.50,seed-12304-pa-0.20-pb-0.50:0,bandit,0,4.203889734292549,3.23605947898142,0.5,0.5,0.0,0.0,0.0,-0.5,0.5
seed-12304-pa-0.20-pb-0.50,seed-12304-pa-0.20-pb-0.50:1,bandit,1,3.849076984180108,3.23605947898142,0.5,0.5,0.0,0.0,-2.0,-0.5,0.5
seed-12304-pa-0.20-pb-0.50,seed-12304-pa-0.20-pb-0.50:2,bandit,2,4.350412651601648,3.23605947898142,0.5,0.5,0.0,0.0,3.0,-0.5,0.5
seed-12304-pa-0.20-pb-0.50,seed-12304-pa-0.20-pb-0.50:3,bandit,3,2.7731232641398407,3.23605947898142,0.5,0.5,0.0,0.0,-2.0,-0.5,0.5
seed-12304-pa-0.20-pb-0.50,seed-12304-pa-0.20-pb-0.50:4,bandit,4,3.376928011042974,3.23605947898142,0.5,0.5,0.0,0.0,3.0,-0.5,0.5
seed-12304-pa-0.20-pb-0.50,seed-12304-pa-0.20-pb-0.50:5,bandit,5,2.5019290813453736,3.23605947898142,0.5,0.5,0.0,0.0,-2.0,-0.5,0.5
seed-12304-pa-0.20-pb-0.50,seed-12304-pa-0.20-pb-0.50:6,bandit,6,3.9102241504380864,3.23605947898142,1.3333333333333337,1.3333333333333337,0.0,0.0,3.0,-0.5,0.5
seed-12304-pa-0.20-pb-0.50,seed-12304-pa-0.20-pb-0.50:7,bandit,7,2.8037006782765204,3.23605947898142,1.3333333333333337,1.3333333333333337,0.0,0.0,-2.0,-0.5,0.5
seed-12304-pa-0.20-pb-0.50,seed-12304-pa-0.20-pb-0.50:8,bandit,8,2.099076984180108,3.23605947898142,0.5,0.5,0.0,0.0,-2.0,-0.5,0.5
seed-12310-pa-0.50-pb-0.35,seed-12310-pa-0.50-pb-0.35:0,bandit,0,4.203889734292549,3.23605947898142,0.5,0.5,0.0,0.0,0.0,-0.5,0.5
seed-12310-pa-0.50-pb-0.35,seed-12310-pa-0.50-pb-0.35:1,bandit,1,4.42870067827652,3.23605947898142,1.3333333333333337,1.3333333333333337,0.0,0.0,3.0,-0.5,0.5
seed-12310-pa-0.50-pb-0.35,seed-12310-pa-0.50-pb-0.35:2,bandit,2,0.951413277982752,3.23605947898142,1.3333333333333337,1.3333333333333337,0.0,0.0,3.0,-0.5,0.5
seed-12311-pa-0.50-pb-0.65,seed-12311-pa-0.50-pb-0.65:0,bandit,0,4.203889734292549,3.5027545878424275,0.5,0.5,0.0,0.0,0.0,-1.25,1.25
seed-12311-pa-0.50-pb-0.65,seed-12311-pa-0.50-pb-0.65:1,bandit,1,4.42870067827652,3.5027545878424275,1.3333333333333337,1.3333333333333337,0.0,0.0,3.0,-1.25,1.25
seed-12311-pa-0.50-pb-0.65,seed-12311-pa-0.50-pb-0.65:2,bandit,2,3.201413277982752,3.5027545878424275,1.75,1.75,0.0,0.0,3.0,-1.25,1.25
seed-12311-pa-0.50-pb-0.65,seed-12311-pa-0.50-pb-0.65:3,bandit,3,2.67974463538566,3.5027545878424275,1.75,1.75,0.0,0.0,3.0,-1.25,1.25
seed-12311-pa-0.50-pb-0.65,seed-12311-pa-0.50-pb-0.65:4,bandit,4,2.4734445810050545,3.5027545878424275,1.75,1.75,0.0,0.0,-2.0,-1.25,1.25
seed-12311-pa-0.50-pb-0.65,seed-12311-pa-0.50-pb-0.65:5,bandit,5,3.80370067827652,3.5027545878424275,2.0,2.0,0.0,0.0,3.0,-1.25,1.25
seed-12311-pa-0.50-pb-0.65,seed-12311-pa-0.50-pb-0.65:6,bandit,6,2.781150136248314,3.5027545878424275,2.0,2.0,0.0,0.0,3.0,-1.25,1.25
seed-12311-pa-0.50-pb-0.65,seed-12311-pa-0.50-pb-0.65:7,bandit,7,2.8868710061149017,3.5027545878424275,2.166666666666667,2.166666666666667,0.0,0.0,3.0,-1.25,1.25
seed-12311-pa-0.50-pb-0.65,seed-12311-pa-0.50-pb-0.65:8,bandit,8,2.9754126516016477,3.5027545878424275,2.166666666666667,2.166666666666667,0.0,0.0,3.0,-1.25,1.25
seed-12311-pa-0.50-pb-0.65,seed-12311-pa-0.50-pb-0.65:9,bandit,9,3.531150136248314,3.5027545878424275,2.2857142857142856,2.2857142857142856,0.0,0.0,3.0,-1.25,1.25
seed-12311-pa-0.50-pb-0.65,seed-12311-pa-0.50-pb-0.65:10,bandit,10,2.0231232641398407,3.5027545878424275,2.2857142857142856,2.2857142857142856,0.0,0.0,-2.0,-1.25,1.25
seed-12311-pa-0.50-pb-0.65,seed-12311-pa-0.50-pb-0.65:11,bandit,11,4.349076984180108,3.5027545878424275,2.375,2.375,0.0,0.0,3.0,-1.25,1.25
seed-12311-pa-0.50-pb-0.65,seed-12311-pa-0.50-pb-0.65:12,bandit,12,4.281150136248314,3.5027545878424275,2.4444444444444446,2.4444444444444446,0.0,0.0,3.0,-1.25,1.25
seed-12311-pa-0.50-pb-0.65,seed-12311-pa-0.50-pb-0.65:13,bandit,13,4.325939419878843,3.5027545878424275,2.5,2.5,0.0,0.0,3.0,-1.25,1.25
seed-12311-pa-0.50-pb-0.65,seed-12311-pa-0.50-pb-0.65:14,bandit,14,4.001929081345374,3.5027545878424275,2.5,2.5,0.0,0.0,3.0,-1.25,1.25
seed-12311-pa-0.50-pb-0.65,seed-12311-pa-0.50-pb-0.65:15,bandit,15,4.700939419878843,3.5027545878424275,2.545454545454546,2.545454545454546,0.0,0.0,3.0,-1.25,1.25
seed-12311-pa-0.50-pb-0.65,seed-12311-pa-0.50-pb-0.65:16,bandit,16,2.4431471805599436,3.5027545878424275,2.545454545454546,2.545454545454546,0.0,0.0,-2.0,-1.25,1.25
seed-12311-pa-0.50-pb-0.65,seed-12311-pa-0.50-pb-0.65:17,bandit,17,2.099076984180108,3.5027545878424275,2.545454545454546,2.545454545454546,0.0,0.0,-2.0,-1.25,1.25
seed-12311-pa-0.50-pb-0.65,seed-12311-pa-0.50-pb-0.65:18,bandit,18,4.656150136248314,3.5027545878424275,2.545454545454546,2.545454545454546,0.0,0.0,3.0,-1.25,1.25
seed-12311-pa-0.50-pb-0.65,seed-12311-pa-0.50-pb-0.65:19,bandit,19,2.825939419878843,3.5027545878424275,2.545454545454546,2.545454545454546,0.0,0.0,-2.0,-1.25,1.25
seed-12324-pa-0.65-pb-0.65,seed-12324-pa-0.65-pb-0.65:0,bandit,0,4.203889734292549,3.5027545878424275,0.5,0.5,0.0,0.0,0.0,-1.25,1.25
seed-12324-pa-0.65-pb-0.65,seed-12324-pa-0.65-pb-0.65:1,bandit,1,4.42870067827652,3.5027545878424275,1.3333333333333337,1.3333333333333337,0.0,0.0,3.0,-1.25,1.25
seed-12324-pa-0.65-pb-0.65,seed-12324-pa-0.65-pb-0.65:2,bandit,2,2.501928011042974,3.5027545878424275,1.3333333333333337,1.3333333333333337,0.0,0.0,-2.0,-1.25,1.25
seed-12324-pa-0.65-pb-0.65,seed-12324-pa-0.65-pb-0.65:3,bandit,3,2.6368710061149017,3.5027545878424275,1.75,1.75,0.0,0.0,3.0,-1.25,1.25
seed-12324-pa-0.65-pb-0.65,seed-12324-pa-0.65-pb-0.65:4,bandit,4,1.6882616875182244,3.5027545878424275,1.0,1.0,0.0,0.0,-2.0,-1.25,1.25
seed-12324-pa-0.65-pb-0.65,seed-12324-pa-0.65-pb-0.65:5,bandit,5,3.001928011042974,3.5027545878424275,1.0,1.0,0.0,0.0,3.0,-1.25,1.25
seed-12324-pa-0.65-pb-0.65,seed-12324-pa-0.65-pb-0.65:6,bandit,6,1.8259394198788428,3.5027545878424275,0.5,0.5,0.0,0.0,-2.0,-1.25,1.25
seed-12324-pa-0.65-pb-0.65,seed-12324-pa-0.65-pb-0.65:7,bandit,7,3.561967589003199,3.5027545878424275,1.0,1.0,0.0,0.0,3.0,-1.25,1.25
seed-12324-pa-0.65-pb-0.65,seed-12324-pa-0.65-pb-0.65:8,bandit,8,2.5632616875182244,3.5027545878424275,1.0,1.0,0.0,0.0,3.0,-1.25,1.25
seed-12324-pa-0.65-pb-0.65,seed-12324-pa-0.65-pb-0.65:9,bandit,9,2.8769290813453736,3.5027545878424275,1.125,1.125,0.0,0.0,3.0,-1.25,1.25
seed-12324-pa-0.65-pb-0.65,seed-12324-pa-0.65-pb-0.65:10,bandit,10,3.392675057605601,3.5027545878424275,1.3333333333333337,1.3333333333333337,0.0,0.0,3.0,-1.25,1.25
seed-12324-pa-0.65-pb-0.65,seed-12324-pa-0.65-pb-0.65:11,bandit,11,3.392675057605601,3.5027545878424275,1.5,1.5,0.0,0.0,3.0,-1.25,1.25
seed-12324-pa-0.65-pb-0.65,seed-12324-pa-0.65-pb-0.65:12,bandit,12,3.5075990353171704,3.5027545878424275,1.1818181818181817,1.1818181818181817,0.0,0.0,-2.0,-1.25,1.25
seed-12324-pa-0.65-pb-0.65,seed-12324-pa-0.65-pb-0.65:13,bandit,13,5.1630413716877825,3.5027545878424275,1.3333333333333337,1.3333333333333337,0.0,0.0,3.0,-1.25,1.25
seed-12324-pa-0.65-pb-0.65,seed-12324-pa-0.65-pb-0.65:14,bandit,14,4.929882179158078,3.5027545878424275,1.3333333333333337,1.3333333333333337,0.0,0.0,3.0,-1.25,1.25
seed-12324-pa-0.65-pb-0.65,seed-12324-pa-0.65-pb-0.65:15,bandit,15,5.15475041827262,3.5027545878424275,1.4615384615384617,1.4615384615384617,0.0,0.0,3.0,-1.25,1.25
seed-12324-pa-0.65-pb-0.65,seed-12324-pa-0.65-pb-0.65:16,bandit,16,5.15475041827262,3.5027545878424275,1.5714285714285716,1.5714285714285716,0.0,0.0,3.0,-1.25,1.25
seed-12324-pa-0.65-pb-0.65,seed-12324-pa-0.65-pb-0.65:17,bandit,17,4.474076984180108,3.5027545878424275,1.3333333333333337,1.3333333333333337,0.0,0.0,-2.0,-1.25,1.25
seed-12324-pa-0.65-pb-0.65,seed-12324-pa-0.65-pb-0.65:18,bandit,18,3.5681471805599436,3.5027545878424275,1.3333333333333337,1.3333333333333337,0.0,0.0,-2.0,-1.25,1.25
seed-12324-pa-0.65-pb-0.65,seed-12324-pa-0.65-pb-0.65:19,bandit,19,3.575939419878843,3.5027545878424275,1.125,1.125,0.0,0.0,-2.0,-1.25,1.25
seed-12324-pa-0.65-pb-0.65,seed-12324-pa-0.65-pb-0.65:20,bandit,20,3.3037006782765204,3.5027545878424275,0.9411764705882356,0.9411764705882356,0.0,0.0,-2.0,-1.25,1.25
seed-12324-pa-0.65-pb-0.65,seed-12324-pa-0.65-pb-0.65:21,bandit,21,5.21393946547494,3.5027545878424275,1.0555555555555554,1.0555555555555554,0.0,0.0,3.0,-1.25,1.25
seed-12324-pa-0.65-pb-0.65,seed-12324-pa-0.65-pb-0.65:22,bandit,22,4.811967589003199,3.5027545878424275,1.1578947368421053,1.1578947368421053,0.0,0.0,3.0,-1.25,1.25
seed-12324-pa-0.65-pb-0.65,seed-12324-pa-0.65-pb-0.65:23,bandit,23,4.943147180559944,3.5027545878424275,1.0,1.0,0.0,0.0,-2.0,-1.25,1.25
seed-12324-pa-0.65-pb-0.65,seed-12324-pa-0.65-pb-0.65:24,bandit,24,5.28364569998304,3.5027545878424275,1.0952380952380951,1.0952380952380951,0.0,0.0,3.0,-1.25,1.25
seed-12324-pa-0.65-pb-0.65,seed-12324-pa-0.65-pb-0.65:25,bandit,25,4.42870067827652,3.5027545878424275,0.9545454545454546,0.9545454545454546,0.0,0.0,-2.0,-1.25,1.25
seed-12324-pa-0.65-pb-0.65,seed-12324-pa-0.65-pb-0.65:26,bandit,26,3.55474463538566,3.5027545878424275,0.8571428571428572,0.8571428571428572,0.0,0.0,-2.0,-1.25,1.25
seed-12324-pa-0.65-pb-0.65,seed-12324-pa-0.65-pb-0.65:27,bandit,27,3.7378222787715703,3.5027545878424275,0.8571428571428572,0.8571428571428572,0.0,0.0,-2.0,-1.25,1.25
seed-12324-pa-0.65-pb-0.65,seed-12324-pa-0.65-pb-0.65:28,bandit,28,5.0380413716877825,3.5027545878424275,0.8571428571428572,0.8571428571428572,0.0,0.0,3.0,-1.25,1.25
seed-12324-pa-0.65-pb-0.65,seed-12324-pa-0.65-pb-0.65:29,bandit,29,4.90475041827262,3.5027545878424275,0.8846153846153846,0.8846153846153846,0.0,0.0,3.0,-1.25,1.25
seed-12324-pa-0.65-pb-0.65,seed-12324-pa-0.65-pb-0.65:30,bandit,30,5.141034256080317,3.5027545878424275,0.9629629629629628,0.9629629629629628,0.0,0.0,3.0,-1.25,1.25
seed-12324-pa-0.65-pb-0.65,seed-12324-pa-0.65-pb-0.65:31,bandit,31,5.141034256080317,3.5027545878424275,1.0357142857142856,1.0357142857142856,0.0,0.0,3.0,-1.25,1.25
seed-12324-pa-0.65-pb-0.65,seed-12324-pa-0.65-pb-0.65:32,bandit,32,5.014163456931506,3.5027545878424275,1.103448275862069,1.103448275862069,0.0,0.0,3.0,-1.25,1.25
seed-12324-pa-0.65-pb-0.65,seed-12324-pa-0.65-pb-0.65:33,bandit,33,4.766034256080317,3.5027545878424275,1.1666666666666663,1.1666666666666663,0.0,0.0,3.0,-1.25,1.25
seed-12324-pa-0.65-pb-0.65,seed-12324-pa-0.65-pb-0.65:34,bandit,34,5.05474463538566,3.5027545878424275,1.064516129032258,1.064516129032258,0.0,0.0,-2.0,-1.25,1.25
seed-12324-pa-0.65-pb-0.65,seed-12324-pa-0.65-pb-0.65:35,bandit,35,5.520541900901097,3.5027545878424275,1.125,1.125,0.0,0.0,3.0,-1.25,1.25
seed-12324-pa-0.65-pb-0.65,seed-12324-pa-0.65-pb-0.65:36,bandit,36,5.389163456931506,3.5027545878424275,1.1818181818181817,1.1818181818181817,0.0,0.0,3.0,-1.25,1.25
seed-12324-pa-0.65-pb-0.65,seed-12324-pa-0.65-pb-0.65:37,bandit,37,5.261047744848593,3.5027545878424275,1.2352941176470589,1.2352941176470589,0.0,0.0,3.0,-1.25,1.25
seed-12324-pa-0.65-pb-0.65,seed-12324-pa-0.65-pb-0.65:38,bandit,38,5.137509570276173,3.5027545878424275,1.2857142857142856,1.2857142857142856,0.0,0.0,3.0,-1.25,1.25
seed-12324-pa-0.65-pb-0.65,seed-12324-pa-0.65-pb-0.65:39,bandit,39,4.889163456931506,3.5027545878424275,1.3333333333333337,1.3333333333333337,0.0,0.0,3.0,-1.25,1.25
seed-12324-pa-0.65-pb-0.65,seed-12324-pa-0.65-pb-0.65:40,bandit,40,4.766034256080317,3.5027545878424275,1.3783783783783785,1.3783783783783785,0.0,0.0,3.0,-1.25,1.25
seed-12324-pa-0.65-pb-0.65,seed-12324-pa-0.65-pb-0.65:41,bandit,41,4.887509570276173,3.5027545878424275,1.4210526315789471,1.4210526315789471,0.0,0.0,3.0,-1.25,1.25
seed-12324-pa-0.65-pb-0.65,seed-12324-pa-0.65-pb-0.65:42,bandit,42,5.386047744848593,3.5027545878424275,1.4615384615384617,1.4615384615384617,0.0,0.0,3.0,-1.25,1.25
seed-12324-pa-0.65-pb-0.65,seed-12324-pa-0.65-pb-0.65:43,bandit,43,4.203889734292549,3.5027545878424275,1.375,1.375,0.0,0.0,-2.0,-1.25,1.25
seed-12324-pa-0.65-pb-0.65,seed-12324-pa-0.65-pb-0.65:44,bandit,44,3.436967589003199,3.5027545878424275,1.292682926829268,1.292682926829268,0.0,0.0,-2.0,-1.25,1.25
seed-12324-pa-0.65-pb-0.65,seed-12324-pa-0.65-pb-0.65:45,bandit,45,3.78364569998304,3.5027545878424275,1.2142857142857144,1.2142857142857144,0.0,0.0,-2.0,-1.25,1.25
seed-12324-pa-0.65-pb-0.65,seed-12324-pa-0.65-pb-0.65:46,bandit,46,5.651300195186874,3.5027545878424275,1.2142857142857144,1.2142857142857144,0.0,0.0,3.0,-1.25,1.25
seed-12324-pa-0.65-pb-0.65,seed-12324-pa-0.65-pb-0.65:47,bandit,47,4.90475041827262,3.5027545878424275,1.255813953488372,1.255813953488372,0.0,0.0,3.0,-1.25,1.25
seed-12324-pa-0.65-pb-0.65,seed-12324-pa-0.65-pb-0.65:48,bandit,48,5.268149927917811,3.5027545878424275,1.2954545454545454,1.2954545454545454,0.0,0.0,3.0,-1.25,1.25
seed-12324-pa-0.65-pb-0.65,seed-12324-pa-0.65-pb-0.65:49,bandit,49,5.141034256080317,3.5027545878424275,1.3333333333333337,1.3333333333333337,0.0,0.0,3.0,-1.25,1.25
seed-12324-pa-0.65-pb-0.65,seed-12324-pa-0.65-pb-0.65:50,bandit,50,5.141034256080317,3.5027545878424275,1.3695652173913042,1.3695652173913042,0.0,0.0,3.0,-1.25,1.25
seed-12324-pa-0.65-pb-0.65,seed-12324-pa-0.65-pb-0.65:51,bandit,51,5.139163456931506,3.5027545878424275,1.4042553191489362,1.4042553191489362,0.0,0.0,3.0,-1.25,1.25
seed-12324-pa-0.65-pb-0.65,seed-12324-pa-0.65-pb-0.65:52,bandit,52,5.389163456931506,3.5027545878424275,1.4375,1.4375,0.0,0.0,3.0,-1.25,1.25
seed-12324-pa-0.65-pb-0.65,seed-12324-pa-0.65-pb-0.65:53,bandit,53,5.141034256080317,3.5027545878424275,1.469387755102041,1.469387755102041,0.0,0.0,3.0,-1.25,1.25
seed-12324-pa-0.65-pb-0.65,seed-12324-pa-0.65-pb-0.65:54,bandit,54,4.953889734292549,3.5027545878424275,1.4,1.4,0.0,0.0,-2.0,-1.25,1.25
seed-12324-pa-0.65-pb-0.65,seed-12324-pa-0.65-pb-0.65:55,bandit,55,5.768149927917811,3.5027545878424275,1.4313725490196076,1.4313725490196076,0.0,0.0,3.0,-1.25,1.25
seed-12324-pa-0.65-pb-0.65,seed-12324-pa-0.65-pb-0.65:56,bandit,56,5.762509570276173,3.5027545878424275,1.4615384615384617,1.4615384615384617,0.0,0.0,3.0,-1.25,1.25
seed-12324-pa-0.65-pb-0.65,seed-12324-pa-0.65-pb-0.65:57,bandit,57,5.758614483762177,3.5027545878424275,1.490566037735849,1.490566037735849,0.0,0.0,3.0,-1.25,1.25
seed-12324-pa-0.65-pb-0.65,seed-12324-pa-0.65-pb-0.65:58,bandit,58,5.203889734292549,3.5027545878424275,1.425925925925926,1.425925925925926,0.0,0.0,-2.0,-1.25,1.25
seed-12324-pa-0.65-pb-0.65,seed-12324-pa-0.65-pb-0.65:59,bandit,59,5.891034256080317,3.5027545878424275,1.4545454545454546,1.4545454545454546,0.0,0.0,3.0,-1.25,1.25
seed-12324-pa-0.65-pb-0.65,seed-12324-pa-0.65-pb-0.65:60,bandit,60,4.71393946547494,3.5027545878424275,1.3928571428571428,1.3928571428571428,0.0,0.0,-2.0,-1.25,1.25
seed-12324-pa-0.65-pb-0.65,seed-12324-pa-0.65-pb-0.65:61,bandit,61,4.4449361996449746,3.5027545878424275,1.3333333333333337,1.3333333333333337,0.0,0.0,-2.0,-1.25,1.25
seed-12324-pa-0.65-pb-0.65,seed-12324-pa-0.65-pb-0.65:62,bandit,62,6.508614483762177,3.5027545878424275,1.3620689655172415,1.3620689655172415,0.0,0.0,3.0,-1.25,1.25
seed-12324-pa-0.65-pb-0.65,seed-12324-pa-0.65-pb-0.65:63,bandit,63,6.134755911000223,3.5027545878424275,1.389830508474576,1.389830508474576,0.0,0.0,3.0,-1.25,1.25
seed-12324-pa-0.65-pb-0.65,seed-12324-pa-0.65-pb-0.65:64,bandit,64,6.008614483762177,3.5027545878424275,1.4166666666666663,1.4166666666666663,0.0,0.0,3.0,-1.25,1.25
seed-12324-pa-0.65-pb-0.65,seed-12324-pa-0.65-pb-0.65:65,bandit,65,6.007606094404334,3.5027545878424275,1.442622950819672,1.442622950819672,0.0,0.0,3.0,-1.25,1.25
seed-12324-pa-0.65-pb-0.65,seed-12324-pa-0.65-pb-0.65:66,bandit,66,5.759755911000223,3.5027545878424275,1.467741935483871,1.467741935483871,0.0,0.0,3.0,-1.25,1.25
seed-12324-pa-0.65-pb-0.65,seed-12324-pa-0.65-pb-0.65:67,bandit,67,5.883614483762177,3.5027545878424275,1.492063492063492,1.492063492063492,0.0,0.0,3.0,-1.25,1.25
seed-12340-pa-0.65-pb-0.65,seed-12340-pa-0.65-pb-0.65:0,bandit,0,4.203889734292549,3.5027545878424275,0.5,0.5,0.0,0.0,0.0,-1.25,1.25
seed-12340-pa-0.65-pb-0.65,seed-12340-pa-0.65-pb-0.65:1,bandit,1,4.42870067827652,3.5027545878424275,1.3333333333333337,1.3333333333333337,0.0,0.0,3.0,-1.25,1.25
seed-12340-pa-0.65-pb-0.65,seed-12340-pa-0.65-pb-0.65:2,bandit,2,3.6368710061149017,3.5027545878424275,0.5,0.5,0.0,0.0,-2.0,-1.25,1.25
seed-12340-pa-0.65-pb-0.65,seed-12340-pa-0.65-pb-0.65:3,bandit,3,4.71393946547494,3.5027545878424275,1.0,1.0,0.0,0.0,3.0,-1.25,1.25
seed-12340-pa-0.65-pb-0.65,seed-12340-pa-0.65-pb-0.65:4,bandit,4,1.9754126516016477,3.5027545878424275,0.5,0.5,0.0,0.0,-2.0,-1.25,1.25
seed-12340-pa-0.65-pb-0.65,seed-12340-pa-0.65-pb-0.65:5,bandit,5,4.600206558916746,3.5027545878424275,1.3333333333333337,1.3333333333333337,0.0,0.0,3.0,-1.25,1.25
seed-12340-pa-0.65-pb-0.65,seed-12340-pa-0.65-pb-0.65:6,bandit,6,3.6602241504380864,3.5027545878424275,1.3333333333333337,1.3333333333333337,0.0,0.0,3.0,-1.25,1.25
seed-12340-pa-0.65-pb-0.65,seed-12340-pa-0.65-pb-0.65:7,bandit,7,3.1602241504380864,3.5027545878424275,1.3333333333333337,1.3333333333333337,0.0,0.0,3.0,-1.25,1.25
seed-12340-pa-0.65-pb-0.65,seed-12340-pa-0.65-pb-0.65:8,bandit,8,3.0984445810050545,3.5027545878424275,1.3333333333333337,1.3333333333333337,0.0,0.0,-2.0,-1.25,1.25
seed-12340-pa-0.65-pb-0.65,seed-12340-pa-0.65-pb-0.65:9,bandit,9,4.328889734292549,3.5027545878424275,1.3333333333333337,1.3333333333333337,0.0,0.0,3.0,-1.25,1.25
seed-12340-pa-0.65-pb-0.65,seed-12340-pa-0.65-pb-0.65:10,bandit,10,4.0699361996449746,3.5027545878424275,1.3333333333333337,1.3333333333333337,0.0,0.0,3.0,-1.25,1.25
seed-12340-pa-0.65-pb-0.65,seed-12340-pa-0.65-pb-0.65:11,bandit,11,4.292999079229087,3.5027545878424275,1.3333333333333337,1.3333333333333337,0.0,0.0,3.0,-1.25,1.25
seed-12340-pa-0.65-pb-0.65,seed-12340-pa-0.65-pb-0.65:12,bandit,12,4.1630413716877825,3.5027545878424275,1.4615384615384617,1.4615384615384617,0.0,0.0,3.0,-1.25,1.25
seed-12340-pa-0.65-pb-0.65,seed-12340-pa-0.65-pb-0.65:13,bandit,13,4.4130413716877825,3.5027545878424275,1.5714285714285716,1.5714285714285716,0.0,0.0,3.0,-1.25,1.25
seed-12340-pa-0.65-pb-0.65,seed-12340-pa-0.65-pb-0.65:14,bandit,14,4.40864569998304,3.5027545878424275,1.6666666666666663,1.6666666666666663,0.0,0.0,3.0,-1.25,1.25
seed-12340-pa-0.65-pb-0.65,seed-12340-pa-0.65-pb-0.65:15,bandit,15,3.975206558916746,3.5027545878424275,1.4375,1.4375,0.0,0.0,-2.0,-1.25,1.25
seed-12340-pa-0.65-pb-0.65,seed-12340-pa-0.65-pb-0.65:16,bandit,16,4.78364569998304,3.5027545878424275,1.5294117647058822,1.5294117647058822,0.0,0.0,3.0,-1.25,1.25
seed-12340-pa-0.65-pb-0.65,seed-12340-pa-0.65-pb-0.65:17,bandit,17,4.776300195186874,3.5027545878424275,1.6111111111111112,1.6111111111111112,0.0,0.0,3.0,-1.25,1.25
seed-12340-pa-0.65-pb-0.65,seed-12340-pa-0.65-pb-0.65:18,bandit,18,4.648245464372426,3.5027545878424275,1.6842105263157894,1.6842105263157894,0.0,0.0,3.0,-1.25,1.25
seed-12340-pa-0.65-pb-0.65,seed-12340-pa-0.65-pb-0.65:19,bandit,19,4.54858735157374,3.5027545878424275,1.5,1.5,0.0,0.0,-2.0,-1.25,1.25
seed-12340-pa-0.65-pb-0.65,seed-12340-pa-0.65-pb-0.65:20,bandit,20,3.2378222787715707,3.5027545878424275,1.3333333333333337,1.3333333333333337,0.0,0.0,-2.0,-1.25,1.25
seed-12340-pa-0.65-pb-0.65,seed-12340-pa-0.65-pb-0.65:21,bandit,21,5.273245464372426,3.5027545878424275,1.4090909090909092,1.4090909090909092,0.0,0.0,3.0,-1.25,1.25
seed-12340-pa-0.65-pb-0.65,seed-12340-pa-0.65-pb-0.65:22,bandit,22,4.898245464372426,3.5027545878424275,1.4782608695652173,1.4782608695652173,0.0,0.0,3.0,-1.25,1.25
seed-12340-pa-0.65-pb-0.65,seed-12340-pa-0.65-pb-0.65:23,bandit,23,5.17358735157374,3.5027545878424275,1.75,1.75,0.0,0.0,3.0,-1.25,1.25
seed-12340-pa-0.65-pb-0.65,seed-12340-pa-0.65-pb-0.65:24,bandit,24,5.276300195186874,3.5027545878424275,1.75,1.75,0.0,0.0,3.0,-1.25,1.25
seed-12340-pa-0.65-pb-0.65,seed-12340-pa-0.65-pb-0.65:25,bandit,25,5.398245464372426,3.5027545878424275,1.75,1.75,0.0,0.0,3.0,-1.25,1.25
seed-12340-pa-0.65-pb-0.65,seed-12340-pa-0.65-pb-0.65:26,bandit,26,5.151300195186874,3.5027545878424275,1.75,1.75,0.0,0.0,3.0,-1.25,1.25
seed-12340-pa-0.65-pb-0.65,seed-12340-pa-0.65-pb-0.65:27,bandit,27,4.929882179158078,3.5027545878424275,1.75,1.75,0.0,0.0,-2.0,-1.25,1.25
seed-12340-pa-0.65-pb-0.65,seed-12340-pa-0.65-pb-0.65:28,bandit,28,5.65864569998304,3.5027545878424275,1.75,1.75,0.0,0.0,3.0,-1.25,1.25
seed-12340-pa-0.65-pb-0.65,seed-12340-pa-0.65-pb-0.65:29,bandit,29,5.52975041827262,3.5027545878424275,1.75,1.75,0.0,0.0,3.0,-1.25,1.25
seed-12340-pa-0.65-pb-0.65,seed-12340-pa-0.65-pb-0.65:30,bandit,30,5.520541900901097,3.5027545878424275,1.75,1.75,0.0,0.0,3.0,-1.25,1.25
seed-12340-pa-0.65-pb-0.65,seed-12340-pa-0.65-pb-0.65:31,bandit,31,5.523245464372426,3.5027545878424275,1.75,1.75,0.0,0.0,3.0,-1.25,1.25
seed-12340-pa-0.65-pb-0.65,seed-12340-pa-0.65-pb-0.65:32,bandit,32,5.401300195186874,3.5027545878424275,1.75,1.75,0.0,0.0,3.0,-1.25,1.25
seed-12340-pa-0.65-pb-0.65,seed-12340-pa-0.65-pb-0.65:33,bandit,33,5.40864569998304,3.5027545878424275,1.75,1.75,0.0,0.0,-2.0,-1.25,1.25
seed-12340-pa-0.65-pb-0.65,seed-12340-pa-0.65-pb-0.65:34,bandit,34,5.65864569998304,3.5027545878424275,1.75,1.75,0.0,0.0,3.0,-1.25,1.25
seed-12340-pa-0.65-pb-0.65,seed-12340-pa-0.65-pb-0.65:35,bandit,35,5.90864569998304,3.5027545878424275,2.0,2.0,0.0,0.0,3.0,-1.25,1.25
seed-12340-pa-0.65-pb-0.65,seed-12340-pa-0.65-pb-0.65:36,bandit,36,5.554882179158078,3.5027545878424275,2.0,2.0,0.0,0.0,-2.0,-1.25,1.25
seed-12340-pa-0.65-pb-0.65,seed-12340-pa-0.65-pb-0.65:37,bandit,37,4.71393946547494,3.5027545878424275,2.0,2.0,0.0,0.0,-2.0,-1.25,1.25
seed-12340-pa-0.65-pb-0.65,seed-12340-pa-0.65-pb-0.65:38,bandit,38,6.65475041827262,3.5027545878424275,2.0,2.0,0.0,0.0,3.0,-1.25,1.25
seed-12340-pa-0.65-pb-0.65,seed-12340-pa-0.65-pb-0.65:39,bandit,39,5.46393946547494,3.5027545878424275,2.0,2.0,0.0,0.0,-2.0,-1.25,1.25
seed-12340-pa-0.65-pb-0.65,seed-12340-pa-0.65-pb-0.65:40,bandit,40,4.328889734292549,3.5027545878424275,2.0,2.0,0.0,0.0,-2.0,-1.25,1.25
seed-12340-pa-0.65-pb-0.65,seed-12340-pa-0.65-pb-0.65:41,bandit,41,3.9102241504380864,3.5027545878424275,1.3333333333333337,1.3333333333333337,0.0,0.0,-2.0,-1.25,1.25
seed-12340-pa-0.65-pb-0.65,seed-12340-pa-0.65-pb-0.65:42,bandit,42,4.100206558916746,3.5027545878424275,1.3333333333333337,1.3333333333333337,0.0,0.0,-2.0,-1.25,1.25
seed-12340-pa-0.65-pb-0.65,seed-12340-pa-0.65-pb-0.65:43,bandit,43,6.1630413716877825,3.5027545878424275,1.3333333333333337,1.3333333333333337,0.0,0.0,3.0,-1.25,1.25
seed-12340-pa-0.65-pb-0.65,seed-12340-pa-0.65-pb-0.65:44,bandit,44,5.0699361996449746,3.5027545878424275,1.3333333333333337,1.3333333333333337,0.0,0.0,-2.0,-1.25,1.25
seed-12340-pa-0.65-pb-0.65,seed-12340-pa-0.65-pb-0.65:45,bandit,45,6.4130413716877825,3.5027545878424275,1.3333333333333337,1.3333333333333337,0.0,0.0,3.0,-1.25,1.25
seed-12340-pa-0.65-pb-0.65,seed-12340-pa-0.65-pb-0.65:46,bandit,46,5.679882179158078,3.5027545878424275,1.3333333333333337,1.3333333333333337,0.0,0.0,-2.0,-1.25,1.25
seed-12340-pa-0.65-pb-0.65,seed-12340-pa-0.65-pb-0.65:47,bandit,47,6.40864569998304,3.5027545878424275,1.3333333333333337,1.3333333333333337,0.0,0.0,3.0,-1.25,1.25
seed-12340-pa-0.65-pb-0.65,seed-12340-pa-0.65-pb-0.65:48,bandit,48,6.27975041827262,3.5027545878424275,1.3333333333333337,1.3333333333333337,0.0,0.0,3.0,-1.25,1.25
seed-12340-pa-0.65-pb-0.65,seed-12340-pa-0.65-pb-0.65:49,bandit,49,6.270541900901097,3.5027545878424275,1.3333333333333337,1.3333333333333337,0.0,0.0,3.0,-1.25,1.25
seed-12340-pa-0.65-pb-0.65,seed-12340-pa-0.65-pb-0.65:50,bandit,50,6.145541900901097,3.5027545878424275,1.3333333333333337,1.3333333333333337,0.0,0.0,3.0,-1.25,1.25
seed-12340-pa-0.65-pb-0.65,seed-12340-pa-0.65-pb-0.65:51,bandit,51,6.023245464372426,3.5027545878424275,1.3673469387755102,1.3673469387755102,0.0,0.0,3.0,-1.25,1.25
seed-12340-pa-0.65-pb-0.65,seed-12340-pa-0.65-pb-0.65:52,bandit,52,6.020541900901097,3.5027545878424275,1.4,1.4,0.0,0.0,3.0,-1.25,1.25
seed-12340-pa-0.65-pb-0.65,seed-12340-pa-0.65-pb-0.65:53,bandit,53,5.898245464372426,3.5027545878424275,1.4313725490196076,1.4313725490196076,0.0,0.0,3.0,-1.25,1.25
seed-12340-pa-0.65-pb-0.65,seed-12340-pa-0.65-pb-0.65:54,bandit,54,5.895541900901097,3.5027545878424275,1.4615384615384617,1.4615384615384617,0.0,0.0,3.0,-1.25,1.25
seed-12340-pa-0.65-pb-0.65,seed-12340-pa-0.65-pb-0.65:55,bandit,55,6.020541900901097,3.5027545878424275,1.490566037735849,1.490566037735849,0.0,0.0,3.0,-1.25,1.25
seed-12340-pa-0.65-pb-0.65,seed-12340-pa-0.65-pb-0.65:56,bandit,56,6.023245464372426,3.5027545878424275,1.425925925925926,1.425925925925926,0.0,0.0,-2.0,-1.25,1.25
seed-12340-pa-0.65-pb-0.65,seed-12340-pa-0.65-pb-0.65:57,bandit,57,6.773245464372426,3.5027545878424275,1.4545454545454546,1.4545454545454546,0.0,0.0,3.0,-1.25,1.25
seed-12340-pa-0.65-pb-0.65,seed-12340-pa-0.65-pb-0.65:58,bandit,58,5.54858735157374,3.5027545878424275,1.3928571428571428,1.3928571428571428,0.0,0.0,-2.0,-1.25,1.25
seed-12340-pa-0.65-pb-0.65,seed-12340-pa-0.65-pb-0.65:59,bandit,59,4.703889734292549,3.5027545878424275,1.3333333333333337,1.3333333333333337,0.0,0.0,-2.0,-1.25,1.25
seed-12340-pa-0.65-pb-0.65,seed-12340-pa-0.65-pb-0.65:60,bandit,60,4.350206558916746,3.5027545878424275,1.3333333333333337,1.3333333333333337,0.0,0.0,-2.0,-1.25,1.25
seed-12340-pa-0.65-pb-0.65,seed-12340-pa-0.65-pb-0.65:61,bandit,61,6.895541900901097,3.5027545878424275,1.3333333333333337,1.3333333333333337,0.0,0.0,3.0,-1.25,1.25
seed-12340-pa-0.65-pb-0.65,seed-12340-pa-0.65-pb-0.65:62,bandit,62,5.78364569998304,3.5027545878424275,1.3333333333333337,1.3333333333333337,0.0,0.0,-2.0,-1.25,1.25
seed-12340-pa-0.65-pb-0.65,seed-12340-pa-0.65-pb-0.65:63,bandit,63,6.651300195186874,3.5027545878424275,1.3333333333333337,1.3333333333333337,0.0,0.0,3.0,-1.25,1.25
seed-12340-pa-0.65-pb-0.65,seed-12340-pa-0.65-pb-0.65:64,bandit,64,6.645541900901097,3.5027545878424275,1.3333333333333337,1.3333333333333337,0.0,0.0,3.0,-1.25,1.25
seed-12340-pa-0.65-pb-0.65,seed-12340-pa-0.65-pb-0.65:65,bandit,65,6.514163456931506,3.5027545878424275,1.3333333333333337,1.3333333333333337,0.0,0.0,3.0,-1.25,1.25
seed-12340-pa-0.65-pb-0.65,seed-12340-pa-0.65-pb-0.65:66,bandit,66,6.391034256080317,3.5027545878424275,1.359375,1.359375,0.0,0.0,3.0,-1.25,1.25
seed-12340-pa-0.65-pb-0.65,seed-12340-pa-0.65-pb-0.65:67,bandit,67,6.391034256080317,3.5027545878424275,1.3846153846153846,1.3846153846153846,0.0,0.0,3.0,-1.25,1.25
seed-12340-pa-0.65-pb-0.65,seed-12340-pa-0.65-pb-0.65:68,bandit,68,6.389163456931506,3.5027545878424275,1.4090909090909092,1.4090909090909092,0.0,0.0,3.0,-1.25,1.25
seed-12340-pa-0.65-pb-0.65,seed-12340-pa-0.65-pb-0.65:69,bandit,69,6.389163456931506,3.5027545878424275,1.4328358208955223,1.4328358208955223,0.0,0.0,3.0,-1.25,1.25
seed-12340-pa-0.65-pb-0.65,seed-12340-pa-0.65-pb-0.65:70,bandit,70,6.139163456931506,3.5027545878424275,1.4558823529411766,1.4558823529411766,0.0,0.0,3.0,-1.25,1.25
seed-12340-pa-0.65-pb-0.65,seed-12340-pa-0.65-pb-0.65:71,bandit,71,6.264163456931506,3.5027545878424275,1.4782608695652173,1.4782608695652173,0.0,0.0,3.0,-1.25,1.25
seed-12340-pa-0.65-pb-0.65,seed-12340-pa-0.65-pb-0.65:72,bandit,72,6.143149927917811,3.5027545878424275,1.4285714285714284,1.4285714285714284,0.0,0.0,-2.0,-1.25,1.25
seed-12340-pa-0.65-pb-0.65,seed-12340-pa-0.65-pb-0.65:73,bandit,73,6.648245464372426,3.5027545878424275,1.4507042253521123,1.4507042253521123,0.0,0.0,3.0,-1.25,1.25
seed-12340-pa-0.65-pb-0.65,seed-12340-pa-0.65-pb-0.65:74,bandit,74,6.520541900901097,3.5027545878424275,1.4722222222222223,1.4722222222222223,0.0,0.0,3.0,-1.25,1.25
seed-12340-pa-0.65-pb-0.65,seed-12340-pa-0.65-pb-0.65:75,bandit,75,6.151300195186874,3.5027545878424275,1.4246575342465753,1.4246575342465753,0.0,0.0,-2.0,-1.25,1.25
seed-12340-pa-0.65-pb-0.65,seed-12340-pa-0.65-pb-0.65:76,bandit,76,5.561967589003199,3.5027545878424275,1.4246575342465753,1.4246575342465753,0.0,0.0,-2.0,-1.25,1.25
seed-12340-pa-0.65-pb-0.65,seed-12340-pa-0.65-pb-0.65:77,bandit,77,7.262509570276173,3.5027545878424275,1.445945945945946,1.445945945945946,0.0,0.0,3.0,-1.25,1.25
seed-12340-pa-0.65-pb-0.65,seed-12340-pa-0.65-pb-0.65:78,bandit,78,6.768149927917811,3.5027545878424275,1.4666666666666668,1.4666666666666668,0.0,0.0,3.0,-1.25,1.25
seed-12340-pa-0.65-pb-0.65,seed-12340-pa-0.65-pb-0.65:79,bandit,79,6.884755911000223,3.5027545878424275,1.486842105263158,1.486842105263158,0.0,0.0,3.0,-1.25,1.25
seed-12340-pa-0.65-pb-0.65,seed-12340-pa-0.65-pb-0.65:80,bandit,80,6.761047744848593,3.5027545878424275,1.5064935064935066,1.5064935064935066,0.0,0.0,3.0,-1.25,1.25
seed-12340-pa-0.65-pb-0.65,seed-12340-pa-0.65-pb-0.65:81,bandit,81,6.761047744848593,3.5027545878424275,1.5256410256410255,1.5256410256410255,0.0,0.0,3.0,-1.25,1.25
seed-12340-pa-0.65-pb-0.65,seed-12340-pa-0.65-pb-0.65:82,bandit,82,6.512509570276173,3.5027545878424275,1.5443037974683542,1.5443037974683542,0.0,0.0,3.0,-1.25,1.25
seed-12340-pa-0.65-pb-0.65,seed-12340-pa-0.65-pb-0.65:83,bandit,83,6.389163456931506,3.5027545878424275,1.5625,1.5625,0.0,0.0,3.0,-1.25,1.25
seed-12340-pa-0.65-pb-0.65,seed-12340-pa-0.65-pb-0.65:84,bandit,84,6.389163456931506,3.5027545878424275,1.5802469135802468,1.5802469135802468,0.0,0.0,3.0,-1.25,1.25
seed-12340-pa-0.65-pb-0.65,seed-12340-pa-0.65-pb-0.65:85,bandit,85,6.512509570276173,3.5027545878424275,1.5975609756097562,1.5975609756097562,0.0,0.0,3.0,-1.25,1.25
seed-12340-pa-0.65-pb-0.65,seed-12340-pa-0.65-pb-0.65:86,bandit,86,6.395541900901097,3.5027545878424275,1.5542168674698793,1.5542168674698793,0.0,0.0,-2.0,-1.25,1.25
seed-12340-pa-0.65-pb-0.65,seed-12340-pa-0.65-pb-0.65:87,bandit,87,6.898245464372426,3.5027545878424275,1.5714285714285716,1.5714285714285716,0.0,0.0,3.0,-1.25,1.25
seed-12340-pa-0.65-pb-0.65,seed-12340-pa-0.65-pb-0.65:88,bandit,88,6.773245464372426,3.5027545878424275,1.5882352941176472,1.5882352941176472,0.0,0.0,3.0,-1.25,1.25
seed-12340-pa-0.65-pb-0.65,seed-12340-pa-0.65-pb-0.65:89,bandit,89,6.1630413716877825,3.5027545878424275,1.5465116279069768,1.5465116279069768,0.0,0.0,-2.0,-1.25,1.25
seed-12340-pa-0.65-pb-0.65,seed-12340-pa-0.65-pb-0.65:90,bandit,90,5.429882179158078,3.5027545878424275,1.5057471264367814,1.5057471264367814,0.0,0.0,-2.0,-1.25,1.25
seed-12340-pa-0.65-pb-0.65,seed-12340-pa-0.65-pb-0.65:91,bandit,91,7.139163456931506,3.5027545878424275,1.522727272727273,1.522727272727273,0.0,0.0,3.0,-1.25,1.25
seed-12340-pa-0.65-pb-0.65,seed-12340-pa-0.65-pb-0.65:92,bandit,92,6.893149927917811,3.5027545878424275,1.5393258426966292,1.5393258426966292,0.0,0.0,3.0,-1.25,1.25
seed-12340-pa-0.65-pb-0.65,seed-12340-pa-0.65-pb-0.65:93,bandit,93,6.639163456931506,3.5027545878424275,1.5555555555555554,1.5555555555555554,0.0,0.0,3.0,-1.25,1.25
seed-12340-pa-0.65-pb-0.65,seed-12340-pa-0.65-pb-0.65:94,bandit,94,6.401300195186874,3.5027545878424275,1.5164835164835164,1.5164835164835164,0.0,0.0,-2.0,-1.25,1.25
seed-12340-pa-0.65-pb-0.65,seed-12340-pa-0.65-pb-0.65:95,bandit,95,5.67358735157374,3.5027545878424275,1.4782608695652173,1.4782608695652173,0.0,0.0,-2.0,-1.25,1.25
seed-12340-pa-0.65-pb-0.65,seed-12340-pa-0.65-pb-0.65:96,bandit,96,6.766034256080317,3.5027545878424275,1.4946236559139785,1.4946236559139785,0.0,0.0,3.0,-1.25,1.25
seed-12340-pa-0.65-pb-0.65,seed-12340-pa-0.65-pb-0.65:97,bandit,97,6.648245464372426,3.5027545878424275,1.5106382978723405,1.5106382978723405,0.0,0.0,3.0,-1.25,1.25
seed-12340-pa-0.65-pb-0.65,seed-12340-pa-0.65-pb-0.65:98,bandit,98,6.391034256080317,3.5027545878424275,1.526315789473684,1.526315789473684,0.0,0.0,3.0,-1.25,1.25
seed-12340-pa-0.65-pb-0.65,seed-12340-pa-0.65-pb-0.65:99,bandit,99,6.391034256080317,3.5027545878424275,1.5416666666666663,1.5416666666666663,0.0,0.0,3.0,-1.25,1.25
seed-12363-pa-0.35-pb-0.50,seed-12363-pa-0.35-pb-0.50:0,bandit,0,4.203889734292549,3.23605947898142,0.5,0.5,0.0,0.0,0.0,-0.5,0.5
seed-12363-pa-0.35-pb-0.50,seed-12363-pa-0.35-pb-0.50:1,bandit,1,4.42870067827652,3.23605947898142,1.3333333333333337,1.3333333333333337,0.0,0.0,3.0,-0.5,0.5
seed-12363-pa-0.35-pb-0.50,seed-12363-pa-0.35-pb-0.50:2,bandit,2,3.6368710061149017,3.23605947898142,0.5,0.5,0.0,0.0,-2.0,-0.5,0.5
seed-12363-pa-0.35-pb-0.50,seed-12363-pa-0.35-pb-0.50:3,bandit,3,1.9754126516016477,3.23605947898142,0.5,0.5,0.0,0.0,-2.0,-0.5,0.5
seed-12363-pa-0.35-pb-0.50,seed-12363-pa-0.35-pb-0.50:4,bandit,4,3.725412651601648,3.23605947898142,0.5,0.5,0.0,0.0,3.0,-0.5,0.5
seed-12363-pa-0.35-pb-0.50,seed-12363-pa-0.35-pb-0.50:5,bandit,5,3.3769290813453736,3.23605947898142,1.0,1.0,0.0,0.0,3.0,-0.5,0.5
seed-12363-pa-0.35-pb-0.50,seed-12363-pa-0.35-pb-0.50:6,bandit,6,2.0984445810050545,3.23605947898142,0.5,0.5,0.0,0.0,-2.0,-0.5,0.5
seed-12363-pa-0.35-pb-0.50,seed-12363-pa-0.35-pb-0.50:7,bandit,7,4.667999079229087,3.23605947898142,1.0,1.0,0.0,0.0,3.0,-0.5,0.5
seed-12363-pa-0.35-pb-0.50,seed-12363-pa-0.35-pb-0.50:8,bandit,8,2.700939419878843,3.23605947898142,1.0,1.0,0.0,0.0,-2.0,-0.5,0.5
seed-12363-pa-0.35-pb-0.50,seed-12363-pa-0.35-pb-0.50:9,bandit,9,2.200939419878843,3.23605947898142,1.0,1.0,0.0,0.0,-2.0,-0.5,0.5
seed-12363-pa-0.35-pb-0.50,seed-12363-pa-0.35-pb-0.50:10,bandit,10,2.7575990353171704,3.23605947898142,0.5,0.5,0.0,0.0,-2.0,-0.5,0.5
seed-12363-pa-0.35-pb-0.50,seed-12363-pa-0.35-pb-0.50:11,bandit,11,2.724076984180108,3.23605947898142,0.5,0.5,0.0,0.0,-2.0,-0.5,0.5
seed-12363-pa-0.35-pb-0.50,seed-12363-pa-0.35-pb-0.50:12,bandit,12,2.8825990353171704,3.23605947898142,0.5,0.5,0.0,0.0,-2.0,-0.5,0.5
seed-12363-pa-0.35-pb-0.50,seed-12363-pa-0.35-pb-0.50:13,bandit,13,3.7852241504380864,3.23605947898142,0.5,0.5,0.0,0.0,3.0,-0.5,0.5
seed-12363-pa-0.35-pb-0.50,seed-12363-pa-0.35-pb-0.50:14,bandit,14,3.5681471805599436,3.23605947898142,0.5,0.5,0.0,0.0,-2.0,-0.5,0.5
seed-12363-pa-0.35-pb-0.50,seed-12363-pa-0.35-pb-0.50:15,bandit,15,4.08893946547494,3.23605947898142,0.5,0.5,0.0,0.0,3.0,-0.5,0.5
seed-12363-pa-0.35-pb-0.50,seed-12363-pa-0.35-pb-0.50:16,bandit,16,3.8484445810050545,3.23605947898142,0.5,0.5,0.0,0.0,-2.0,-0.5,0.5
seed-12363-pa-0.35-pb-0.50,seed-12363-pa-0.35-pb-0.50:17,bandit,17,5.304882179158078,3.23605947898142,0.8571428571428572,0.8571428571428572,0.0,0.0,3.0,-0.5,0.5
seed-12363-pa-0.35-pb-0.50,seed-12363-pa-0.35-pb-0.50:18,bandit,18,4.511871006114902,3.23605947898142,0.8571428571428572,0.8571428571428572,0.0,0.0,-2.0,-0.5,0.5
seed-12363-pa-0.35-pb-0.50,seed-12363-pa-0.35-pb-0.50:19,bandit,19,4.313261687518224,3.23605947898142,0.8571428571428572,0.8571428571428572,0.0,0.0,-2.0,-0.5,0.5
seed-12363-pa-0.35-pb-0.50,seed-12363-pa-0.35-pb-0.50:20,bandit,20,4.031150136248314,3.23605947898142,0.5,0.5,0.0,0.0,-2.0,-0.5,0.5
seed-12363-pa-0.35-pb-0.50,seed-12363-pa-0.35-pb-0.50:21,bandit,21,4.376929081345374,3.23605947898142,0.5,0.5,0.0,0.0,-2.0,-0.5,0.5
seed-12363-pa-0.35-pb-0.50,seed-12363-pa-0.35-pb-0.50:22,bandit,22,4.251929081345374,3.23605947898142,0.5,0.5,0.0,0.0,-2.0,-0.5,0.5
seed-12363-pa-0.35-pb-0.50,seed-12363-pa-0.35-pb-0.50:23,bandit,23,3.975412651601648,3.23605947898142,0.5,0.5,0.0,0.0,-2.0,-0.5,0.5
seed-12363-pa-0.35-pb-0.50,seed-12363-pa-0.35-pb-0.50:24,bandit,24,3.975412651601648,3.23605947898142,0.5,0.5,0.0,0.0,-2.0,-0.5,0.5
seed-12363-pa-0.35-pb-0.50,seed-12363-pa-0.35-pb-0.50:25,bandit,25,3.92974463538566,3.23605947898142,0.5,0.5,0.0,0.0,-2.0,-0.5,0.5
seed-12363-pa-0.35-pb-0.50,seed-12363-pa-0.35-pb-0.50:26,bandit,26,3.850206558916746,3.23605947898142,0.5,0.5,0.0,0.0,3.0,-0.5,0.5
seed-12363-pa-0.35-pb-0.50,seed-12363-pa-0.35-pb-0.50:27,bandit,27,4.475412651601648,3.23605947898142,0.7777777777777777,0.7777777777777777,0.0,0.0,3.0,-0.5,0.5
seed-12363-pa-0.35-pb-0.50,seed-12363-pa-0.35-pb-0.50:28,bandit,28,4.886871006114902,3.23605947898142,0.5,0.5,0.0,0.0,-2.0,-0.5,0.5
seed-12363-pa-0.35-pb-0.50,seed-12363-pa-0.35-pb-0.50:29,bandit,29,4.563261687518224,3.23605947898142,0.5,0.5,0.0,0.0,-2.0,-0.5,0.5
seed-12363-pa-0.35-pb-0.50,seed-12363-pa-0.35-pb-0.50:30,bandit,30,5.410224150438086,3.23605947898142,0.5,0.5,0.0,0.0,3.0,-0.5,0.5
seed-12363-pa-0.35-pb-0.50,seed-12363-pa-0.35-pb-0.50:31,bandit,31,5.031150136248314,3.23605947898142,0.5,0.5,0.0,0.0,-2.0,-0.5,0.5
seed-12363-pa-0.35-pb-0.50,seed-12363-pa-0.35-pb-0.50:32,bandit,32,4.501929081345374,3.23605947898142,0.5,0.5,0.0,0.0,-2.0,-0.5,0.5
seed-12363-pa-0.35-pb-0.50,seed-12363-pa-0.35-pb-0.50:33,bandit,33,5.237822278771571,3.23605947898142,0.5,0.5,0.0,0.0,3.0,-0.5,0.5
seed-12363-pa-0.35-pb-0.50,seed-12363-pa-0.35-pb-0.50:34,bandit,34,4.826413277982752,3.23605947898142,0.5,0.5,0.0,0.0,-2.0,-0.5,0.5
seed-12363-pa-0.35-pb-0.50,seed-12363-pa-0.35-pb-0.50:35,bandit,35,5.112822278771571,3.23605947898142,0.5,0.5,0.0,0.0,3.0,-0.5,0.5
seed-12363-pa-0.35-pb-0.50,seed-12363-pa-0.35-pb-0.50:36,bandit,36,5.078889734292549,3.23605947898142,0.5,0.5,0.0,0.0,3.0,-0.5,0.5
seed-12363-pa-0.35-pb-0.50,seed-12363-pa-0.35-pb-0.50:37,bandit,37,4.679882179158078,3.23605947898142,0.5,0.5,0.0,0.0,3.0,-0.5,0.5
seed-12363-pa-0.35-pb-0.50,seed-12363-pa-0.35-pb-0.50:38,bandit,38,4.90864569998304,3.23605947898142,0.5,0.5,0.0,0.0,3.0,-0.5,0.5
seed-12363-pa-0.35-pb-0.50,seed-12363-pa-0.35-pb-0.50:39,bandit,39,4.701413277982752,3.23605947898142,0.5,0.5,0.0,0.0,-2.0,-0.5,0.5
seed-12363-pa-0.35-pb-0.50,seed-12363-pa-0.35-pb-0.50:40,bandit,40,6.292999079229087,3.23605947898142,0.7272727272727271,0.7272727272727271,0.0,0.0,3.0,-0.5,0.5
seed-12363-pa-0.35-pb-0.50,seed-12363-pa-0.35-pb-0.50:41,bandit,41,5.406150136248314,3.23605947898142,0.7272727272727271,0.7272727272727271,0.0,0.0,-2.0,-0.5,0.5
seed-12363-pa-0.35-pb-0.50,seed-12363-pa-0.35-pb-0.50:42,bandit,42,5.100412651601648,3.23605947898142,0.5,0.5,0.0,0.0,-2.0,-0.5,0.5
seed-12363-pa-0.35-pb-0.50,seed-12363-pa-0.35-pb-0.50:43,bandit,43,5.410224150438086,3.23605947898142,0.5,0.5,0.0,0.0,-2.0,-0.5,0.5
seed-12363-pa-0.35-pb-0.50,seed-12363-pa-0.35-pb-0.50:44,bandit,44,5.487822278771571,3.23605947898142,0.5,0.5,0.0,0.0,-2.0,-0.5,0.5
seed-12363-pa-0.35-pb-0.50,seed-12363-pa-0.35-pb-0.50:45,bandit,45,5.350206558916746,3.23605947898142,0.5,0.5,0.0,0.0,-2.0,-0.5,0.5
seed-12363-pa-0.35-pb-0.50,seed-12363-pa-0.35-pb-0.50:46,bandit,46,5.725206558916746,3.23605947898142,0.6923076923076925,0.6923076923076925,0.0,0.0,3.0,-0.5,0.5
seed-12363-pa-0.35-pb-0.50,seed-12363-pa-0.35-pb-0.50:47,bandit,47,5.453889734292549,3.23605947898142,0.6923076923076925,0.6923076923076925,0.0,0.0,3.0,-0.5,0.5
seed-12363-pa-0.35-pb-0.50,seed-12363-pa-0.35-pb-0.50:48,bandit,48,5.600412651601648,3.23605947898142,0.6923076923076925,0.6923076923076925,0.0,0.0,-2.0,-0.5,0.5
seed-12363-pa-0.35-pb-0.50,seed-12363-pa-0.35-pb-0.50:49,bandit,49,6.054882179158078,3.23605947898142,0.6923076923076925,0.6923076923076925,0.0,0.0,3.0,-0.5,0.5
seed-12363-pa-0.35-pb-0.50,seed-12363-pa-0.35-pb-0.50:50,bandit,50,5.600412651601648,3.23605947898142,0.6923076923076925,0.6923076923076925,0.0,0.0,-2.0,-0.5,0.5
seed-12363-pa-0.35-pb-0.50,seed-12363-pa-0.35-pb-0.50:51,bandit,51,5.201413277982752,3.23605947898142,0.6923076923076925,0.6923076923076925,0.0,0.0,-2.0,-0.5,0.5
seed-12363-pa-0.35-pb-0.50,seed-12363-pa-0.35-pb-0.50:52,bandit,52,4.910224150438086,3.23605947898142,0.6923076923076925,0.6923076923076925,0.0,0.0,-2.0,-0.5,0.5
seed-12363-pa-0.35-pb-0.50,seed-12363-pa-0.35-pb-0.50:53,bandit,53,5.804882179158078,3.23605947898142,0.6923076923076925,0.6923076923076925,0.0,0.0,3.0,-0.5,0.5
seed-12363-pa-0.35-pb-0.50,seed-12363-pa-0.35-pb-0.50:54,bandit,54,5.5380413716877825,3.23605947898142,0.6923076923076925,0.6923076923076925,0.0,0.0,3.0,-0.5,0.5
seed-12363-pa-0.35-pb-0.50,seed-12363-pa-0.35-pb-0.50:55,bandit,55,5.626928011042974,3.23605947898142,0.6923076923076925,0.6923076923076925,0.0,0.0,-2.0,-0.5,0.5
seed-12363-pa-0.35-pb-0.50,seed-12363-pa-0.35-pb-0.50:56,bandit,56,6.4130413716877825,3.23605947898142,0.8571428571428572,0.8571428571428572,0.0,0.0,3.0,-0.5,0.5
seed-12363-pa-0.35-pb-0.50,seed-12363-pa-0.35-pb-0.50:57,bandit,57,6.076413277982752,3.23605947898142,0.8571428571428572,0.8571428571428572,0.0,0.0,-2.0,-0.5,0.5
seed-12363-pa-0.35-pb-0.50,seed-12363-pa-0.35-pb-0.50:58,bandit,58,5.517675057605601,3.23605947898142,0.6666666666666665,0.6666666666666665,0.0,0.0,-2.0,-0.5,0.5
seed-12363-pa-0.35-pb-0.50,seed-12363-pa-0.35-pb-0.50:59,bandit,59,5.406150136248314,3.23605947898142,0.5,0.5,0.0,0.0,-2.0,-0.5,0.5
seed-12363-pa-0.35-pb-0.50,seed-12363-pa-0.35-pb-0.50:60,bandit,60,5.148123264139841,3.23605947898142,0.3529411764705883,0.3529411764705883,0.0,0.0,-2.0,-0.5,0.5
seed-12363-pa-0.35-pb-0.50,seed-12363-pa-0.35-pb-0.50:61,bandit,61,5.67974463538566,3.23605947898142,0.3529411764705883,0.3529411764705883,0.0,0.0,-2.0,-0.5,0.5
seed-12363-pa-0.35-pb-0.50,seed-12363-pa-0.35-pb-0.50:62,bandit,62,5.767675057605601,3.23605947898142,0.3529411764705883,0.3529411764705883,0.0,0.0,-2.0,-0.5,0.5
seed-12363-pa-0.35-pb-0.50,seed-12363-pa-0.35-pb-0.50:63,bandit,63,5.501928011042974,3.23605947898142,0.3529411764705883,0.3529411764705883,0.0,0.0,-2.0,-0.5,0.5
seed-12363-pa-0.35-pb-0.50,seed-12363-pa-0.35-pb-0.50:64,bandit,64,6.328889734292549,3.23605947898142,0.5,0.5,0.0,0.0,3.0,-0.5,0.5
seed-12363-pa-0.35-pb-0.50,seed-12363-pa-0.35-pb-0.50:65,bandit,65,5.686967589003199,3.23605947898142,0.5,0.5,0.0,0.0,3.0,-0.5,0.5
seed-12363-pa-0.35-pb-0.50,seed-12363-pa-0.35-pb-0.50:66,bandit,66,6.17974463538566,3.23605947898142,0.5,0.5,0.0,0.0,-2.0,-0.5,0.5
seed-12363-pa-0.35-pb-0.50,seed-12363-pa-0.35-pb-0.50:67,bandit,67,6.4130413716877825,3.23605947898142,0.5,0.5,0.0,0.0,3.0,-0.5,0.5
seed-12363-pa-0.35-pb-0.50,seed-12363-pa-0.35-pb-0.50:68,bandit,68,6.100412651601648,3.23605947898142,0.5,0.5,0.0,0.0,-2.0,-0.5,0.5
seed-12363-pa-0.35-pb-0.50,seed-12363-pa-0.35-pb-0.50:69,bandit,69,5.701413277982752,3.23605947898142,0.5,0.5,0.0,0.0,-2.0,-0.5,0.5
seed-12363-pa-0.35-pb-0.50,seed-12363-pa-0.35-pb-0.50:70,bandit,70,5.785224150438086,3.23605947898142,0.5,0.5,0.0,0.0,-2.0,-0.5,0.5
seed-12363-pa-0.35-pb-0.50,seed-12363-pa-0.35-pb-0.50:71,bandit,71,5.876928011042974,3.23605947898142,0.5,0.5,0.0,0.0,-2.0,-0.5,0.5
seed-12363-pa-0.35-pb-0.50,seed-12363-pa-0.35-pb-0.50:72,bandit,72,5.392675057605601,3.23605947898142,0.5,0.5,0.0,0.0,-2.0,-0.5,0.5
seed-12363-pa-0.35-pb-0.50,seed-12363-pa-0.35-pb-0.50:73,bandit,73,5.517675057605601,3.23605947898142,0.5,0.5,0.0,0.0,-2.0,-0.5,0.5
seed-12363-pa-0.35-pb-0.50,seed-12363-pa-0.35-pb-0.50:74,bandit,74,6.078889734292549,3.23605947898142,0.5,0.5,0.0,0.0,3.0,-0.5,0.5
seed-12363-pa-0.35-pb-0.50,seed-12363-pa-0.35-pb-0.50:75,bandit,75,5.975412651601648,3.23605947898142,0.5,0.5,0.0,0.0,-2.0,-0.5,0.5
seed-12363-pa-0.35-pb-0.50,seed-12363-pa-0.35-pb-0.50:76,bandit,76,5.785224150438086,3.23605947898142,0.5,0.5,0.0,0.0,-2.0,-0.5,0.5
seed-12363-pa-0.35-pb-0.50,seed-12363-pa-0.35-pb-0.50:77,bandit,77,6.167999079229087,3.23605947898142,0.5,0.5,0.0,0.0,3.0,-0.5,0.5
seed-12363-pa-0.35-pb-0.50,seed-12363-pa-0.35-pb-0.50:78,bandit,78,5.892675057605601,3.23605947898142,0.5,0.5,0.0,0.0,-2.0,-0.5,0.5
seed-12363-pa-0.35-pb-0.50,seed-12363-pa-0.35-pb-0.50:79,bandit,79,5.642675057605601,3.23605947898142,0.5,0.5,0.0,0.0,-2.0,-0.5,0.5
seed-12363-pa-0.35-pb-0.50,seed-12363-pa-0.35-pb-0.50:80,bandit,80,5.535224150438086,3.23605947898142,0.3684210526315787,0.3684210526315787,0.0,0.0,-2.0,-0.5,0.5
seed-12363-pa-0.35-pb-0.50,seed-12363-pa-0.35-pb-0.50:81,bandit,81,5.600206558916746,3.23605947898142,0.3684210526315787,0.3684210526315787,0.0,0.0,-2.0,-0.5,0.5
seed-12363-pa-0.35-pb-0.50,seed-12363-pa-0.35-pb-0.50:82,bandit,82,6.17358735157374,3.23605947898142,0.5,0.5,0.0,0.0,3.0,-0.5,0.5
seed-12363-pa-0.35-pb-0.50,seed-12363-pa-0.35-pb-0.50:83,bandit,83,5.90864569998304,3.23605947898142,0.5,0.5,0.0,0.0,3.0,-0.5,0.5
seed-12363-pa-0.35-pb-0.50,seed-12363-pa-0.35-pb-0.50:84,bandit,84,6.018149927917811,3.23605947898142,0.5,0.5,0.0,0.0,3.0,-0.5,0.5
seed-12363-pa-0.35-pb-0.50,seed-12363-pa-0.35-pb-0.50:85,bandit,85,6.100206558916746,3.23605947898142,0.5,0.5,0.0,0.0,-2.0,-0.5,0.5
seed-12363-pa-0.35-pb-0.50,seed-12363-pa-0.35-pb-0.50:86,bandit,86,6.523245464372426,3.23605947898142,0.5,0.5,0.0,0.0,3.0,-0.5,0.5
seed-12363-pa-0.35-pb-0.50,seed-12363-pa-0.35-pb-0.50:87,bandit,87,6.143149927917811,3.23605947898142,0.5,0.5,0.0,0.0,3.0,-0.5,0.5
seed-12363-pa-0.35-pb-0.50,seed-12363-pa-0.35-pb-0.50:88,bandit,88,6.112822278771571,3.23605947898142,0.5,0.5,0.0,0.0,-2.0,-0.5,0.5
seed-12363-pa-0.35-pb-0.50,seed-12363-pa-0.35-pb-0.50:89,bandit,89,5.910224150438086,3.23605947898142,0.5,0.5,0.0,0.0,-2.0,-0.5,0.5
seed-12363-pa-0.35-pb-0.50,seed-12363-pa-0.35-pb-0.50:90,bandit,90,6.401300195186874,3.23605947898142,0.5,0.5,0.0,0.0,3.0,-0.5,0.5
seed-12363-pa-0.35-pb-0.50,seed-12363-pa-0.35-pb-0.50:91,bandit,91,6.398245464372426,3.23605947898142,0.5,0.5,0.0,0.0,3.0,-0.5,0.5
seed-12363-pa-0.35-pb-0.50,seed-12363-pa-0.35-pb-0.50:92,bandit,92,6.1949361996449746,3.23605947898142,0.5,0.5,0.0,0.0,-2.0,-0.5,0.5
seed-12363-pa-0.35-pb-0.50,seed-12363-pa-0.35-pb-0.50:93,bandit,93,5.737822278771571,3.23605947898142,0.5,0.5,0.0,0.0,-2.0,-0.5,0.5
seed-12363-pa-0.35-pb-0.50,seed-12363-pa-0.35-pb-0.50:94,bandit,94,6.401300195186874,3.23605947898142,0.5,0.5,0.0,0.0,3.0,-0.5,0.5
seed-12363-pa-0.35-pb-0.50,seed-12363-pa-0.35-pb-0.50:95,bandit,95,5.975206558916746,3.23605947898142,0.5,0.5,0.0,0.0,-2.0,-0.5,0.5
seed-12363-pa-0.35-pb-0.50,seed-12363-pa-0.35-pb-0.50:96,bandit,96,5.892675057605601,3.23605947898142,0.3809523809523809,0.3809523809523809,0.0,0.0,-2.0,-0.5,0.5
seed-12363-pa-0.35-pb-0.50,seed-12363-pa-0.35-pb-0.50:97,bandit,97,5.862822278771571,3.23605947898142,0.3809523809523809,0.3809523809523809,0.0,0.0,-2.0,-0.5,0.5
seed-12363-pa-0.35-pb-0.50,seed-12363-pa-0.35-pb-0.50:98,bandit,98,5.83893946547494,3.23605947898142,0.3809523809523809,0.3809523809523809,0.0,0.0,-2.0,-0.5,0.5
seed-12363-pa-0.35-pb-0.50,seed-12363-pa-0.35-pb-0.50:99,bandit,99,5.703889734292549,3.23605947898142,0.3809523809523809,0.3809523809523809,0.0,0.0,-2.0,-0.5,0.5
seed-12370-pa-0.50-pb-0.50,seed-12370-pa-0.50-pb-0.50:0,bandit,0,4.203889734292549,3.23605947898142,0.5,0.5,0.0,0.0,0.0,-0.5,0.5
seed-12370-pa-0.50-pb-0.50,seed-12370-pa-0.50-pb-0.50:1,bandit,1,4.42870067827652,3.23605947898142,1.3333333333333337,1.3333333333333337,0.0,0.0,3.0,-0.5,0.5
seed-12370-pa-0.50-pb-0.50,seed-12370-pa-0.50-pb-0.50:2,bandit,2,3.201413277982752,3.23605947898142,1.75,1.75,0.0,0.0,3.0,-0.5,0.5
seed-12370-pa-0.50-pb-0.50,seed-12370-pa-0.50-pb-0.50:3,bandit,3,3.42974463538566,3.23605947898142,1.0,1.0,0.0,0.0,-2.0,-0.5,0.5
seed-12370-pa-0.50-pb-0.50,seed-12370-pa-0.50-pb-0.50:4,bandit,4,2.142675057605601,3.23605947898142,0.5,0.5,0.0,0.0,-2.0,-0.5,0.5
seed-12379-pa-0.35-pb-0.50,seed-12379-pa-0.35-pb-0.50:0,bandit,0,4.203889734292549,3.23605947898142,0.5,0.5,0.0,0.0,0.0,-0.5,0.5
seed-12379-pa-0.35-pb-0.50,seed-12379-pa-0.35-pb-0.50:1,bandit,1,3.849076984180108,3.23605947898142,0.5,0.5,0.0,0.0,-2.0,-0.5,0.5
seed-12379-pa-0.35-pb-0.50,seed-12379-pa-0.35-pb-0.50:2,bandit,2,1.2575990353171704,3.23605947898142,0.5,0.5,0.0,0.0,-2.0,-0.5,0.5
seed-12379-pa-0.35-pb-0.50,seed-12379-pa-0.35-pb-0.50:3,bandit,3,0.2731232641398406,3.23605947898142,0.5,0.5,0.0,0.0,-2.0,-0.5,0.5
seed-12379-pa-0.35-pb-0.50,seed-12379-pa-0.35-pb-0.50:4,bandit,4,3.17974463538566,3.23605947898142,0.5,0.5,0.0,0.0,3.0,-0.5,0.5
seed-12379-pa-0.35-pb-0.50,seed-12379-pa-0.35-pb-0.50:5,bandit,5,2.6368710061149017,3.23605947898142,-0.3333333333333332,-0.3333333333333332,0.0,0.0,-2.0,-0.5,0.5
seed-12379-pa-0.35-pb-0.50,seed-12379-pa-0.35-pb-0.50:6,bandit,6,3.849076984180108,3.23605947898142,0.1428571428571428,0.1428571428571428,0.0,0.0,3.0,-0.5,0.5
seed-12379-pa-0.35-pb-0.50,seed-12379-pa-0.35-pb-0.50:7,bandit,7,3.156150136248314,3.23605947898142,0.5,0.5,0.0,0.0,3.0,-0.5,0.5
seed-12379-pa-0.35-pb-0.50,seed-12379-pa-0.35-pb-0.50:8,bandit,8,3.325939419878843,3.23605947898142,0.5,0.5,0.0,0.0,3.0,-0.5,0.5
seed-12379-pa-0.35-pb-0.50,seed-12379-pa-0.35-pb-0.50:9,bandit,9,1.7009394198788428,3.23605947898142,0.5,0.5,0.0,0.0,-2.0,-0.5,0.5
seed-12379-pa-0.35-pb-0.50,seed-12379-pa-0.35-pb-0.50:10,bandit,10,2.1481232641398407,3.23605947898142,0.5,0.5,0.0,0.0,-2.0,-0.5,0.5
seed-12379-pa-0.35-pb-0.50,seed-12379-pa-0.35-pb-0.50:11,bandit,11,3.813261687518224,3.23605947898142,1.0,1.0,0.0,0.0,3.0,-0.5,0.5
seed-12379-pa-0.35-pb-0.50,seed-12379-pa-0.35-pb-0.50:12,bandit,12,3.075939419878843,3.23605947898142,1.0,1.0,0.0,0.0,-2.0,-0.5,0.5
seed-12379-pa-0.35-pb-0.50,seed-12379-pa-0.35-pb-0.50:13,bandit,13,4.126929081345374,3.23605947898142,1.3333333333333337,1.3333333333333337,0.0,0.0,3.0,-0.5,0.5
seed-12379-pa-0.35-pb-0.50,seed-12379-pa-0.35-pb-0.50:14,bandit,14,3.1368710061149017,3.23605947898142,0.8571428571428572,0.8571428571428572,0.0,0.0,-2.0,-0.5,0.5
seed-12379-pa-0.35-pb-0.50,seed-12379-pa-0.35-pb-0.50:15,bandit,15,2.8181471805599436,3.23605947898142,0.8571428571428572,0.8571428571428572,0.0,0.0,-2.0,-0.5,0.5
seed-12379-pa-0.35-pb-0.50,seed-12379-pa-0.35-pb-0.50:16,bandit,16,2.4431471805599436,3.23605947898142,0.8571428571428572,0.8571428571428572,0.0,0.0,-2.0,-0.5,0.5
seed-12379-pa-0.35-pb-0.50,seed-12379-pa-0.35-pb-0.50:17,bandit,17,4.011871006114902,3.23605947898142,1.125,1.125,0.0,0.0,3.0,-0.5,0.5
seed-12379-pa-0.35-pb-0.50,seed-12379-pa-0.35-pb-0.50:18,bandit,18,3.575939419878843,3.23605947898142,1.125,1.125,0.0,0.0,-2.0,-0.5,0.5
seed-12379-pa-0.35-pb-0.50,seed-12379-pa-0.35-pb-0.50:19,bandit,19,3.1325990353171704,3.23605947898142,1.125,1.125,0.0,0.0,-2.0,-0.5,0.5
seed-12379-pa-0.35-pb-0.50,seed-12379-pa-0.35-pb-0.50:20,bandit,20,2.9431471805599436,3.23605947898142,1.125,1.125,0.0,0.0,-2.0,-0.5,0.5
seed-12379-pa-0.35-pb-0.50,seed-12379-pa-0.35-pb-0.50:21,bandit,21,2.575939419878843,3.23605947898142,1.125,1.125,0.0,0.0,-2.0,-0.5,0.5
seed-12379-pa-0.35-pb-0.50,seed-12379-pa-0.35-pb-0.50:22,bandit,22,3.9734445810050545,3.23605947898142,1.125,1.125,0.0,0.0,3.0,-0.5,0.5
seed-12379-pa-0.35-pb-0.50,seed-12379-pa-0.35-pb-0.50:23,bandit,23,4.05370067827652,3.23605947898142,0.7777777777777777,0.7777777777777777,0.0,0.0,-2.0,-0.5,0.5
seed-12379-pa-0.35-pb-0.50,seed-12379-pa-0.35-pb-0.50:24,bandit,24,3.8868710061149017,3.23605947898142,0.5,0.5,0.0,0.0,-2.0,-0.5,0.5
seed-12379-pa-0.35-pb-0.50,seed-12379-pa-0.35-pb-0.50:25,bandit,25,3.849076984180108,3.23605947898142,0.5,0.5,0.0,0.0,-2.0,-0.5,0.5
seed-12379-pa-0.35-pb-0.50,seed-12379-pa-0.35-pb-0.50:26,bandit,26,3.7618710061149017,3.23605947898142,0.5,0.5,0.0,0.0,-2.0,-0.5,0.5
seed-12379-pa-0.35-pb-0.50,seed-12379-pa-0.35-pb-0.50:27,bandit,27,4.011871006114902,3.23605947898142,0.2727272727272729,0.2727272727272729,0.0,0.0,-2.0,-0.5,0.5
seed-12379-pa-0.35-pb-0.50,seed-12379-pa-0.35-pb-0.50:28,bandit,28,4.17870067827652,3.23605947898142,0.5,0.5,0.0,0.0,3.0,-0.5,0.5
seed-12385-pa-0.65-pb-0.35,seed-12385-pa-0.65-pb-0.35:0,bandit,0,4.203889734292549,3.5027545878424275,0.5,0.5,0.0,0.0,0.0,-1.25,1.25
seed-12385-pa-0.65-pb-0.35,seed-12385-pa-0.65-pb-0.35:1,bandit,1,3.849076984180108,3.5027545878424275,0.5,0.5,0.0,0.0,-2.0,-1.25,1.25
seed-12385-pa-0.65-pb-0.35,seed-12385-pa-0.65-pb-0.35:2,bandit,2,4.350412651601648,3.5027545878424275,0.5,0.5,0.0,0.0,3.0,-1.25,1.25
seed-12385-pa-0.65-pb-0.35,seed-12385-pa-0.65-pb-0.35:3,bandit,3,2.7731232641398407,3.5027545878424275,0.5,0.5,0.0,0.0,-2.0,-1.25,1.25
seed-12385-pa-0.65-pb-0.35,seed-12385-pa-0.65-pb-0.35:4,bandit,4,3.376928011042974,3.5027545878424275,0.5,0.5,0.0,0.0,3.0,-1.25,1.25
seed-12385-pa-0.65-pb-0.35,seed-12385-pa-0.65-pb-0.35:5,bandit,5,3.1128222787715707,3.5027545878424275,0.8571428571428572,0.8571428571428572,0.0,0.0,3.0,-1.25,1.25
seed-12385-pa-0.65-pb-0.35,seed-12385-pa-0.65-pb-0.35:6,bandit,6,3.429882179158078,3.5027545878424275,1.125,1.125,0.0,0.0,3.0,-1.25,1.25
seed-12385-pa-0.65-pb-0.35,seed-12385-pa-0.65-pb-0.35:7,bandit,7,3.4235873515737403,3.5027545878424275,1.3333333333333337,1.3333333333333337,0.0,0.0,3.0,-1.25,1.25
seed-12385-pa-0.65-pb-0.35,seed-12385-pa-0.65-pb-0.35:8,bandit,8,2.6602241504380864,3.5027545878424275,1.0,1.0,0.0,0.0,-2.0,-1.25,1.25
seed-12385-pa-0.65-pb-0.35,seed-12385-pa-0.65-pb-0.35:9,bandit,9,1.92974463538566,3.5027545878424275,0.7272727272727271,0.7272727272727271,0.0,0.0,-2.0,-1.25,1.25
seed-12385-pa-0.65-pb-0.35,seed-12385-pa-0.65-pb-0.35:10,bandit,10,3.7880413716877825,3.5027545878424275,0.9166666666666664,0.9166666666666664,0.0,0.0,3.0,-1.25,1.25
seed-12385-pa-0.65-pb-0.35,seed-12385-pa-0.65-pb-0.35:11,bandit,11,3.7880413716877825,3.5027545878424275,1.076923076923077,1.076923076923077,0.0,0.0,3.0,-1.25,1.25
seed-12385-pa-0.65-pb-0.35,seed-12385-pa-0.65-pb-0.35:12,bandit,12,4.026300195186874,3.5027545878424275,1.2142857142857144,1.2142857142857144,0.0,0.0,3.0,-1.25,1.25
seed-12385-pa-0.65-pb-0.35,seed-12385-pa-0.65-pb-0.35:13,bandit,13,3.90864569998304,3.5027545878424275,1.3333333333333337,1.3333333333333337,0.0,0.0,3.0,-1.25,1.25
seed-12385-pa-0.65-pb-0.35,seed-12385-pa-0.65-pb-0.35:14,bandit,14,3.78364569998304,3.5027545878424275,1.4375,1.4375,0.0,0.0,3.0,-1.25,1.25
seed-12385-pa-0.65-pb-0.35,seed-12385-pa-0.65-pb-0.35:15,bandit,15,3.311967589003199,3.5027545878424275,1.2352941176470589,1.2352941176470589,0.0,0.0,-2.0,-1.25,1.25
seed-12385-pa-0.65-pb-0.35,seed-12385-pa-0.65-pb-0.35:16,bandit,16,2.811967589003199,3.5027545878424275,1.0555555555555554,1.0555555555555554,0.0,0.0,-2.0,-1.25,1.25
seed-12385-pa-0.65-pb-0.35,seed-12385-pa-0.65-pb-0.35:17,bandit,17,4.03364569998304,3.5027545878424275,1.1578947368421053,1.1578947368421053,0.0,0.0,3.0,-1.25,1.25
seed-12385-pa-0.65-pb-0.35,seed-12385-pa-0.65-pb-0.35:18,bandit,18,4.03364569998304,3.5027545878424275,1.25,1.25,0.0,0.0,3.0,-1.25,1.25
seed-12385-pa-0.65-pb-0.35,seed-12385-pa-0.65-pb-0.35:19,bandit,19,3.429882179158078,3.5027545878424275,1.0952380952380951,1.0952380952380951,0.0,0.0,-2.0,-1.25,1.25
seed-12385-pa-0.65-pb-0.35,seed-12385-pa-0.65-pb-0.35:20,bandit,20,3.3868710061149017,3.5027545878424275,1.0952380952380951,1.0952380952380951,0.0,0.0,-2.0,-1.25,1.25
seed-12385-pa-0.65-pb-0.35,seed-12385-pa-0.65-pb-0.35:21,bandit,21,3.2852241504380864,3.5027545878424275,0.9545454545454546,0.9545454545454546,0.0,0.0,-2.0,-1.25,1.25
seed-12385-pa-0.65-pb-0.35,seed-12385-pa-0.65-pb-0.35:22,bandit,22,3.126928011042974,3.5027545878424275,0.8260869565217392,0.8260869565217392,0.0,0.0,-2.0,-1.25,1.25
seed-12385-pa-0.65-pb-0.35,seed-12385-pa-0.65-pb-0.35:23,bandit,23,3.001928011042974,3.5027545878424275,0.7083333333333335,0.7083333333333335,0.0,0.0,-2.0,-1.25,1.25
seed-12385-pa-0.65-pb-0.35,seed-12385-pa-0.65-pb-0.35:24,bandit,24,4.792999079229087,3.5027545878424275,0.7999999999999998,0.7999999999999998,0.0,0.0,3.0,-1.25,1.25
seed-12385-pa-0.65-pb-0.35,seed-12385-pa-0.65-pb-0.35:25,bandit,25,4.6630413716877825,3.5027545878424275,0.8846153846153846,0.8846153846153846,0.0,0.0,3.0,-1.25,1.25
seed-12385-pa-0.65-pb-0.35,seed-12385-pa-0.65-pb-0.35:26,bandit,26,4.4449361996449746,3.5027545878424275,0.7777777777777777,0.7777777777777777,0.0,0.0,-2.0,-1.25,1.25
seed-12385-pa-0.65-pb-0.35,seed-12385-pa-0.65-pb-0.35:27,bandit,27,5.02975041827262,3.5027545878424275,0.8571428571428572,0.8571428571428572,0.0,0.0,3.0,-1.25,1.25
seed-12385-pa-0.65-pb-0.35,seed-12385-pa-0.65-pb-0.35:28,bandit,28,4.4449361996449746,3.5027545878424275,0.7586206896551726,0.7586206896551726,0.0,0.0,-2.0,-1.25,1.25
seed-12385-pa-0.65-pb-0.35,seed-12385-pa-0.65-pb-0.35:29,bandit,29,5.026300195186874,3.5027545878424275,0.8333333333333335,0.8333333333333335,0.0,0.0,3.0,-1.25,1.25
seed-12385-pa-0.65-pb-0.35,seed-12385-pa-0.65-pb-0.35:30,bandit,30,4.3199361996449746,3.5027545878424275,0.7419354838709675,0.7419354838709675,0.0,0.0,-2.0,-1.25,1.25
seed-12385-pa-0.65-pb-0.35,seed-12385-pa-0.65-pb-0.35:31,bandit,31,5.026300195186874,3.5027545878424275,0.8125,0.8125,0.0,0.0,3.0,-1.25,1.25
seed-12385-pa-0.65-pb-0.35,seed-12385-pa-0.65-pb-0.35:32,bandit,32,5.026300195186874,3.5027545878424275,0.8787878787878789,0.8787878787878789,0.0,0.0,3.0,-1.25,1.25
seed-12385-pa-0.65-pb-0.35,seed-12385-pa-0.65-pb-0.35:33,bandit,33,5.0380413716877825,3.5027545878424275,0.7941176470588234,0.7941176470588234,0.0,0.0,-2.0,-1.25,1.25
seed-12385-pa-0.65-pb-0.35,seed-12385-pa-0.65-pb-0.35:34,bandit,34,3.8288897342925488,3.5027545878424275,0.7142857142857144,0.7142857142857144,0.0,0.0,-2.0,-1.25,1.25
seed-12385-pa-0.65-pb-0.35,seed-12385-pa-0.65-pb-0.35:35,bandit,35,5.15864569998304,3.5027545878424275,0.7777777777777777,0.7777777777777777,0.0,0.0,3.0,-1.25,1.25
seed-12385-pa-0.65-pb-0.35,seed-12385-pa-0.65-pb-0.35:36,bandit,36,4.6949361996449746,3.5027545878424275,0.7027027027027026,0.7027027027027026,0.0,0.0,-2.0,-1.25,1.25
seed-12385-pa-0.65-pb-0.35,seed-12385-pa-0.65-pb-0.35:37,bandit,37,4.186967589003199,3.5027545878424275,0.6315789473684212,0.6315789473684212,0.0,0.0,-2.0,-1.25,1.25
seed-12385-pa-0.65-pb-0.35,seed-12385-pa-0.65-pb-0.35:38,bandit,38,4.29858735157374,3.5027545878424275,0.5641025641025643,0.5641025641025643,0.0,0.0,-2.0,-1.25,1.25
seed-12385-pa-0.65-pb-0.35,seed-12385-pa-0.65-pb-0.35:39,bandit,39,5.273245464372426,3.5027545878424275,0.625,0.625,0.0,0.0,3.0,-1.25,1.25
seed-12385-pa-0.65-pb-0.35,seed-12385-pa-0.65-pb-0.35:40,bandit,40,4.7880413716877825,3.5027545878424275,0.6829268292682928,0.6829268292682928,0.0,0.0,3.0,-1.25,1.25
seed-12385-pa-0.65-pb-0.35,seed-12385-pa-0.65-pb-0.35:41,bandit,41,5.145541900901097,3.5027545878424275,0.7380952380952381,0.7380952380952381,0.0,0.0,3.0,-1.25,1.25
seed-12385-pa-0.65-pb-0.35,seed-12385-pa-0.65-pb-0.35:42,bandit,42,4.898245464372426,3.5027545878424275,0.7906976744186047,0.7906976744186047,0.0,0.0,3.0,-1.25,1.25
seed-12385-pa-0.65-pb-0.35,seed-12385-pa-0.65-pb-0.35:43,bandit,43,4.895541900901097,3.5027545878424275,0.8409090909090908,0.8409090909090908,0.0,0.0,3.0,-1.25,1.25
seed-12385-pa-0.65-pb-0.35,seed-12385-pa-0.65-pb-0.35:44,bandit,44,5.0380413716877825,3.5027545878424275,0.7777777777777777,0.7777777777777777,0.0,0.0,-2.0,-1.25,1.25
seed-12385-pa-0.65-pb-0.35,seed-12385-pa-0.65-pb-0.35:45,bandit,45,4.186967589003199,3.5027545878424275,0.7173913043478262,0.7173913043478262,0.0,0.0,-2.0,-1.25,1.25
seed-12385-pa-0.65-pb-0.35,seed-12385-pa-0.65-pb-0.35:46,bandit,46,5.4130413716877825,3.5027545878424275,0.7173913043478262,0.7173913043478262,0.0,0.0,3.0,-1.25,1.25
seed-12385-pa-0.65-pb-0.35,seed-12385-pa-0.65-pb-0.35:47,bandit,47,5.40475041827262,3.5027545878424275,0.7659574468085109,0.7659574468085109,0.0,0.0,3.0,-1.25,1.25
seed-12385-pa-0.65-pb-0.35,seed-12385-pa-0.65-pb-0.35:48,bandit,48,5.891034256080317,3.5027545878424275,0.8125,0.8125,0.0,0.0,3.0,-1.25,1.25
seed-12385-pa-0.65-pb-0.35,seed-12385-pa-0.65-pb-0.35:49,bandit,49,5.518149927917811,3.5027545878424275,0.8571428571428572,0.8571428571428572,0.0,0.0,3.0,-1.25,1.25
seed-12385-pa-0.65-pb-0.35,seed-12385-pa-0.65-pb-0.35:50,bandit,50,5.393149927917811,3.5027545878424275,0.8999999999999999,0.8999999999999999,0.0,0.0,3.0,-1.25,1.25
seed-12385-pa-0.65-pb-0.35,seed-12385-pa-0.65-pb-0.35:51,bandit,51,5.641034256080317,3.5027545878424275,0.9411764705882356,0.9411764705882356,0.0,0.0,3.0,-1.25,1.25
seed-12385-pa-0.65-pb-0.35,seed-12385-pa-0.65-pb-0.35:52,bandit,52,5.641034256080317,3.5027545878424275,0.9807692307692308,0.9807692307692308,0.0,0.0,3.0,-1.25,1.25
seed-12385-pa-0.65-pb-0.35,seed-12385-pa-0.65-pb-0.35:53,bandit,53,5.04858735157374,3.5027545878424275,0.9245283018867924,0.9245283018867924,0.0,0.0,-2.0,-1.25,1.25
seed-12385-pa-0.65-pb-0.35,seed-12385-pa-0.65-pb-0.35:54,bandit,54,5.648245464372426,3.5027545878424275,0.9629629629629628,0.9629629629629628,0.0,0.0,3.0,-1.25,1.25
seed-12385-pa-0.65-pb-0.35,seed-12385-pa-0.65-pb-0.35:55,bandit,55,5.398245464372426,3.5027545878424275,1.0,1.0,0.0,0.0,3.0,-1.25,1.25
seed-12385-pa-0.65-pb-0.35,seed-12385-pa-0.65-pb-0.35:56,bandit,56,5.641034256080317,3.5027545878424275,1.0357142857142856,1.0357142857142856,0.0,0.0,3.0,-1.25,1.25
seed-12385-pa-0.65-pb-0.35,seed-12385-pa-0.65-pb-0.35:57,bandit,57,5.514163456931506,3.5027545878424275,1.0701754385964914,1.0701754385964914,0.0,0.0,3.0,-1.25,1.25
seed-12385-pa-0.65-pb-0.35,seed-12385-pa-0.65-pb-0.35:58,bandit,58,5.764163456931506,3.5027545878424275,1.103448275862069,1.103448275862069,0.0,0.0,3.0,-1.25,1.25
seed-12385-pa-0.65-pb-0.35,seed-12385-pa-0.65-pb-0.35:59,bandit,59,5.0380413716877825,3.5027545878424275,1.0508474576271185,1.0508474576271185,0.0,0.0,-2.0,-1.25,1.25
seed-12385-pa-0.65-pb-0.35,seed-12385-pa-0.65-pb-0.35:60,bandit,60,5.643149927917811,3.5027545878424275,1.0833333333333337,1.0833333333333337,0.0,0.0,3.0,-1.25,1.25
seed-12385-pa-0.65-pb-0.35,seed-12385-pa-0.65-pb-0.35:61,bandit,61,5.643149927917811,3.5027545878424275,1.1147540983606556,1.1147540983606556,0.0,0.0,3.0,-1.25,1.25
seed-12385-pa-0.65-pb-0.35,seed-12385-pa-0.65-pb-0.35:62,bandit,62,5.762509570276173,3.5027545878424275,1.1451612903225803,1.1451612903225803,0.0,0.0,3.0,-1.25,1.25
seed-12385-pa-0.65-pb-0.35,seed-12385-pa-0.65-pb-0.35:63,bandit,63,5.054882179158078,3.5027545878424275,1.0952380952380951,1.0952380952380951,0.0,0.0,-2.0,-1.25,1.25
seed-12385-pa-0.65-pb-0.35,seed-12385-pa-0.65-pb-0.35:64,bandit,64,5.893149927917811,3.5027545878424275,1.125,1.125,0.0,0.0,3.0,-1.25,1.25
seed-12385-pa-0.65-pb-0.35,seed-12385-pa-0.65-pb-0.35:65,bandit,65,5.768149927917811,3.5027545878424275,1.1538461538461535,1.1538461538461535,0.0,0.0,3.0,-1.25,1.25
seed-12385-pa-0.65-pb-0.35,seed-12385-pa-0.65-pb-0.35:66,bandit,66,5.514163456931506,3.5027545878424275,1.1818181818181817,1.1818181818181817,0.0,0.0,3.0,-1.25,1.25
seed-12385-pa-0.65-pb-0.35,seed-12385-pa-0.65-pb-0.35:67,bandit,67,5.637509570276173,3.5027545878424275,1.2089552238805972,1.2089552238805972,0.0,0.0,3.0,-1.25,1.25
seed-12385-pa-0.65-pb-0.35,seed-12385-pa-0.65-pb-0.35:68,bandit,68,5.512509570276173,3.5027545878424275,1.2352941176470589,1.2352941176470589,0.0,0.0,3.0,-1.25,1.25
seed-12385-pa-0.65-pb-0.35,seed-12385-pa-0.65-pb-0.35:69,bandit,69,5.637509570276173,3.5027545878424275,1.2608695652173911,1.2608695652173911,0.0,0.0,3.0,-1.25,1.25
seed-12385-pa-0.65-pb-0.35,seed-12385-pa-0.65-pb-0.35:70,bandit,70,5.27975041827262,3.5027545878424275,1.2142857142857144,1.2142857142857144,0.0,0.0,-2.0,-1.25,1.25
seed-12385-pa-0.65-pb-0.35,seed-12385-pa-0.65-pb-0.35:71,bandit,71,5.895541900901097,3.5027545878424275,1.23943661971831,1.23943661971831,0.0,0.0,3.0,-1.25,1.25
seed-12385-pa-0.65-pb-0.35,seed-12385-pa-0.65-pb-0.35:72,bandit,72,5.893149927917811,3.5027545878424275,1.2638888888888888,1.2638888888888888,0.0,0.0,3.0,-1.25,1.25
seed-12385-pa-0.65-pb-0.35,seed-12385-pa-0.65-pb-0.35:73,bandit,73,6.012509570276173,3.5027545878424275,1.287671232876712,1.287671232876712,0.0,0.0,3.0,-1.25,1.25
seed-12385-pa-0.65-pb-0.35,seed-12385-pa-0.65-pb-0.35:74,bandit,74,5.762509570276173,3.5027545878424275,1.310810810810811,1.310810810810811,0.0,0.0,3.0,-1.25,1.25
seed-12385-pa-0.65-pb-0.35,seed-12385-pa-0.65-pb-0.35:75,bandit,75,5.761047744848593,3.5027545878424275,1.3333333333333337,1.3333333333333337,0.0,0.0,3.0,-1.25,1.25
seed-12385-pa-0.65-pb-0.35,seed-12385-pa-0.65-pb-0.35:76,bandit,76,5.52975041827262,3.5027545878424275,1.289473684210526,1.289473684210526,0.0,0.0,-2.0,-1.25,1.25
seed-12385-pa-0.65-pb-0.35,seed-12385-pa-0.65-pb-0.35:77,bandit,77,5.893149927917811,3.5027545878424275,1.3116883116883118,1.3116883116883118,0.0,0.0,3.0,-1.25,1.25
seed-12385-pa-0.65-pb-0.35,seed-12385-pa-0.65-pb-0.35:78,bandit,78,4.703889734292549,3.5027545878424275,1.2692307692307692,1.2692307692307692,0.0,0.0,-2.0,-1.25,1.25
seed-12385-pa-0.65-pb-0.35,seed-12385-pa-0.65-pb-0.35:79,bandit,79,6.141034256080317,3.5027545878424275,1.2911392405063291,1.2911392405063291,0.0,0.0,3.0,-1.25,1.25
seed-12385-pa-0.65-pb-0.35,seed-12385-pa-0.65-pb-0.35:80,bandit,80,6.014163456931506,3.5027545878424275,1.3125,1.3125,0.0,0.0,3.0,-1.25,1.25
seed-12385-pa-0.65-pb-0.35,seed-12385-pa-0.65-pb-0.35:81,bandit,81,6.136047744848593,3.5027545878424275,1.3333333333333337,1.3333333333333337,0.0,0.0,3.0,-1.25,1.25
seed-12385-pa-0.65-pb-0.35,seed-12385-pa-0.65-pb-0.35:82,bandit,82,6.009755911000223,3.5027545878424275,1.3536585365853655,1.3536585365853655,0.0,0.0,3.0,-1.25,1.25
seed-12385-pa-0.65-pb-0.35,seed-12385-pa-0.65-pb-0.35:83,bandit,83,5.651300195186874,3.5027545878424275,1.313253012048193,1.313253012048193,0.0,0.0,-2.0,-1.25,1.25
seed-12385-pa-0.65-pb-0.35,seed-12385-pa-0.65-pb-0.35:84,bandit,84,6.016034256080317,3.5027545878424275,1.3333333333333337,1.3333333333333337,0.0,0.0,3.0,-1.25,1.25
seed-12385-pa-0.65-pb-0.35,seed-12385-pa-0.65-pb-0.35:85,bandit,85,6.014163456931506,3.5027545878424275,1.3529411764705883,1.3529411764705883,0.0,0.0,3.0,-1.25,1.25
seed-12385-pa-0.65-pb-0.35,seed-12385-pa-0.65-pb-0.35:86,bandit,86,5.4130413716877825,3.5027545878424275,1.3139534883720931,1.3139534883720931,0.0,0.0,-2.0,-1.25,1.25
seed-12385-pa-0.65-pb-0.35,seed-12385-pa-0.65-pb-0.35:87,bandit,87,4.8199361996449746,3.5027545878424275,1.2758620689655171,1.2758620689655171,0.0,0.0,-2.0,-1.25,1.25
seed-12385-pa-0.65-pb-0.35,seed-12385-pa-0.65-pb-0.35:88,bandit,88,5.17358735157374,3.5027545878424275,1.2386363636363638,1.2386363636363638,0.0,0.0,-2.0,-1.25,1.25
seed-12385-pa-0.65-pb-0.35,seed-12385-pa-0.65-pb-0.35:89,bandit,89,4.92358735157374,3.5027545878424275,1.202247191011236,1.202247191011236,0.0,0.0,-2.0,-1.25,1.25
seed-12385-pa-0.65-pb-0.35,seed-12385-pa-0.65-pb-0.35:90,bandit,90,4.804882179158078,3.5027545878424275,1.1666666666666663,1.1666666666666663,0.0,0.0,-2.0,-1.25,1.25
seed-12385-pa-0.65-pb-0.35,seed-12385-pa-0.65-pb-0.35:91,bandit,91,6.266034256080317,3.5027545878424275,1.1868131868131866,1.1868131868131866,0.0,0.0,3.0,-1.25,1.25
seed-12385-pa-0.65-pb-0.35,seed-12385-pa-0.65-pb-0.35:92,bandit,92,6.018149927917811,3.5027545878424275,1.2065217391304346,1.2065217391304346,0.0,0.0,3.0,-1.25,1.25
seed-12385-pa-0.65-pb-0.35,seed-12385-pa-0.65-pb-0.35:93,bandit,93,6.136047744848593,3.5027545878424275,1.225806451612903,1.225806451612903,0.0,0.0,3.0,-1.25,1.25
seed-12385-pa-0.65-pb-0.35,seed-12385-pa-0.65-pb-0.35:94,bandit,94,5.65475041827262,3.5027545878424275,1.1914893617021276,1.1914893617021276,0.0,0.0,-2.0,-1.25,1.25
seed-12385-pa-0.65-pb-0.35,seed-12385-pa-0.65-pb-0.35:95,bandit,95,4.936967589003199,3.5027545878424275,1.1578947368421053,1.1578947368421053,0.0,0.0,-2.0,-1.25,1.25
seed-12385-pa-0.65-pb-0.35,seed-12385-pa-0.65-pb-0.35:96,bandit,96,5.148245464372426,3.5027545878424275,1.125,1.125,0.0,0.0,-2.0,-1.25,1.25
seed-12385-pa-0.65-pb-0.35,seed-12385-pa-0.65-pb-0.35:97,bandit,97,5.026300195186874,3.5027545878424275,1.0927835051546393,1.0927835051546393,0.0,0.0,-2.0,-1.25,1.25
seed-12385-pa-0.65-pb-0.35,seed-12385-pa-0.65-pb-0.35:98,bandit,98,6.137509570276173,3.5027545878424275,1.1122448979591837,1.1122448979591837,0.0,0.0,3.0,-1.25,1.25
seed-12385-pa-0.65-pb-0.35,seed-12385-pa-0.65-pb-0.35:99,bandit,99,5.292999079229087,3.5027545878424275,1.0808080808080809,1.0808080808080809,0.0,0.0,-2.0,-1.25,1.25
seed-12391-pa-0.50-pb-0.65,seed-12391-pa-0.50-pb-0.65:0,bandit,0,4.203889734292549,3.5027545878424275,0.5,0.5,0.0,0.0,0.0,-1.25,1.25
seed-12391-pa-0.50-pb-0.65,seed-12391-pa-0.50-pb-0.65:1,bandit,1,3.4287006782765204,3.5027545878424275,1.3333333333333337,1.3333333333333337,0.0,0.0,3.0,-1.25,1.25
seed-12391-pa-0.50-pb-0.65,seed-12391-pa-0.50-pb-0.65:2,bandit,2,1.7852241504380864,3.5027545878424275,1.3333333333333337,1.3333333333333337,0.0,0.0,-2.0,-1.25,1.25
seed-12403-pa-0.35-pb-0.35,seed-12403-pa-0.35-pb-0.35:0,bandit,0,4.203889734292549,2.969364370120412,0.5,0.5,0.0,0.0,0.0,0.25,-0.25
seed-12403-pa-0.35-pb-0.35,seed-12403-pa-0.35-pb-0.35:1,bandit,1,3.0075990353171704,2.969364370120412,0.5,0.5,0.0,0.0,-2.0,0.25,-0.25
seed-12404-pa-0.65-pb-0.65,seed-12404-pa-0.65-pb-0.65:0,bandit,0,4.203889734292549,3.5027545878424275,0.5,0.5,0.0,0.0,0.0,-1.25,1.25
seed-12404-pa-0.65-pb-0.65,seed-12404-pa-0.65-pb-0.65:1,bandit,1,3.0075990353171704,3.5027545878424275,0.5,0.5,0.0,0.0,-2.0,-1.25,1.25
seed-12404-pa-0.65-pb-0.65,seed-12404-pa-0.65-pb-0.65:2,bandit,2,0.3868710061149016,3.5027545878424275,0.5,0.5,0.0,0.0,-2.0,-1.25,1.25
seed-12410-pa-0.65-pb-0.20,seed-12410-pa-0.65-pb-0.20:0,bandit,0,4.203889734292549,3.5027545878424275,0.5,0.5,0.0,0.0,0.0,-1.25,1.25
seed-12410-pa-0.65-pb-0.20,seed-12410-pa-0.65-pb-0.20:1,bandit,1,4.42870067827652,3.5027545878424275,1.3333333333333337,1.3333333333333337,0.0,0.0,3.0,-1.25,1.25
seed-12410-pa-0.65-pb-0.20,seed-12410-pa-0.65-pb-0.20:2,bandit,2,2.501928011042974,3.5027545878424275,1.3333333333333337,1.3333333333333337,0.0,0.0,-2.0,-1.25,1.25
seed-12410-pa-0.65-pb-0.20,seed-12410-pa-0.65-pb-0.20:3,bandit,3,2.6368710061149017,3.5027545878424275,1.75,1.75,0.0,0.0,3.0,-1.25,1.25
seed-12410-pa-0.65-pb-0.20,seed-12410-pa-0.65-pb-0.20:4,bandit,4,2.2575990353171704,3.5027545878424275,2.0,2.0,0.0,0.0,3.0,-1.25,1.25
seed-12410-pa-0.65-pb-0.20,seed-12410-pa-0.65-pb-0.20:5,bandit,5,2.3981232641398407,3.5027545878424275,1.3333333333333337,1.3333333333333337,0.0,0.0,-2.0,-1.25,1.25
seed-12410-pa-0.65-pb-0.20,seed-12410-pa-0.65-pb-0.20:6,bandit,6,1.9382616875182244,3.5027545878424275,1.3333333333333337,1.3333333333333337,0.0,0.0,-2.0,-1.25,1.25
seed-12410-pa-0.65-pb-0.20,seed-12410-pa-0.65-pb-0.20:7,bandit,7,3.42974463538566,3.5027545878424275,1.3333333333333337,1.3333333333333337,0.0,0.0,3.0,-1.25,1.25
seed-12410-pa-0.65-pb-0.20,seed-12410-pa-0.65-pb-0.20:8,bandit,8,2.3181471805599436,3.5027545878424275,0.8571428571428572,0.8571428571428572,0.0,0.0,-2.0,-1.25,1.25
seed-12410-pa-0.65-pb-0.20,seed-12410-pa-0.65-pb-0.20:9,bandit,9,3.281150136248314,3.5027545878424275,1.125,1.125,0.0,0.0,3.0,-1.25,1.25
seed-12410-pa-0.65-pb-0.20,seed-12410-pa-0.65-pb-0.20:10,bandit,10,2.9382616875182244,3.5027545878424275,1.3333333333333337,1.3333333333333337,0.0,0.0,3.0,-1.25,1.25
seed-12410-pa-0.65-pb-0.20,seed-12410-pa-0.65-pb-0.20:11,bandit,11,3.17974463538566,3.5027545878424275,1.5,1.5,0.0,0.0,3.0,-1.25,1.25
seed-12410-pa-0.65-pb-0.20,seed-12410-pa-0.65-pb-0.20:12,bandit,12,2.450939419878843,3.5027545878424275,1.5,1.5,0.0,0.0,-2.0,-1.25,1.25
seed-12414-pa-0.65-pb-0.50,seed-12414-pa-0.65-pb-0.50:0,bandit,0,4.203889734292549,3.5027545878424275,0.5,0.5,0.0,0.0,0.0,-1.25,1.25
seed-12414-pa-0.65-pb-0.50,seed-12414-pa-0.65-pb-0.50:1,bandit,1,3.849076984180108,3.5027545878424275,0.5,0.5,0.0,0.0,-2.0,-1.25,1.25
seed-12414-pa-0.65-pb-0.50,seed-12414-pa-0.65-pb-0.50:2,bandit,2,4.350412651601648,3.5027545878424275,0.5,0.5,0.0,0.0,3.0,-1.25,1.25
seed-12414-pa-0.65-pb-0.50,seed-12414-pa-0.65-pb-0.50:3,bandit,3,4.21393946547494,3.5027545878424275,1.0,1.0,0.0,0.0,3.0,-1.25,1.25
seed-12414-pa-0.65-pb-0.50,seed-12414-pa-0.65-pb-0.50:4,bandit,4,2.951413277982752,3.5027545878424275,1.3333333333333337,1.3333333333333337,0.0,0.0,3.0,-1.25,1.25
seed-12414-pa-0.65-pb-0.50,seed-12414-pa-0.65-pb-0.50:5,bandit,5,3.0681471805599436,3.5027545878424275,1.3333333333333337,1.3333333333333337,0.0,0.0,3.0,-1.25,1.25
seed-12414-pa-0.65-pb-0.50,seed-12414-pa-0.65-pb-0.50:6,bandit,6,1.7240769841801082,3.5027545878424275,1.3333333333333337,1.3333333333333337,0.0,0.0,-2.0,-1.25,1.25
seed-12427-pa-0.35-pb-0.50,seed-12427-pa-0.35-pb-0.50:0,bandit,0,4.203889734292549,3.23605947898142,0.5,0.5,0.0,0.0,0.0,-0.5,0.5
seed-12427-pa-0.35-pb-0.50,seed-12427-pa-0.35-pb-0.50:1,bandit,1,3.849076984180108,3.23605947898142,0.5,0.5,0.0,0.0,-2.0,-0.5,0.5
seed-12427-pa-0.35-pb-0.50,seed-12427-pa-0.35-pb-0.50:2,bandit,2,0.1004126516016477,3.23605947898142,-0.3333333333333332,-0.3333333333333332,0.0,0.0,-2.0,-0.5,0.5
seed-12429-pa-0.20-pb-0.20,seed-12429-pa-0.20-pb-0.20:0,bandit,0,4.203889734292549,2.7026692612594045,0.5,0.5,0.0,0.0,0.0,1.0,-1.0
seed-12429-pa-0.20-pb-0.20,seed-12429-pa-0.20-pb-0.20:1,bandit,1,3.849076984180108,2.7026692612594045,0.5,0.5,0.0,0.0,-2.0,1.0,-1.0
seed-12429-pa-0.20-pb-0.20,seed-12429-pa-0.20-pb-0.20:2,bandit,2,0.1004126516016477,2.7026692612594045,-0.3333333333333332,-0.3333333333333332,0.0,0.0,-2.0,1.0,-1.0
seed-12429-pa-0.20-pb-0.20,seed-12429-pa-0.20-pb-0.20:3,bandit,3,-0.5568528194400564,2.7026692612594045,-0.3333333333333332,-0.3333333333333332,0.0,0.0,-2.0,1.0,-1.0
seed-12433-pa-0.65-pb-0.35,seed-12433-pa-0.65-pb-0.35:0,bandit,0,4.203889734292549,3.5027545878424275,0.5,0.5,0.0,0.0,0.0,-1.25,1.25
seed-12433-pa-0.65-pb-0.35,seed-12433-pa-0.65-pb-0.35:1,bandit,1,4.42870067827652,3.5027545878424275,1.3333333333333337,1.3333333333333337,0.0,0.0,3.0,-1.25,1.25
seed-12433-pa-0.65-pb-0.35,seed-12433-pa-0.65-pb-0.35:2,bandit,2,3.201413277982752,3.5027545878424275,1.75,1.75,0.0,0.0,3.0,-1.25,1.25
seed-12433-pa-0.65-pb-0.35,seed-12433-pa-0.65-pb-0.35:3,bandit,3,3.42974463538566,3.5027545878424275,1.0,1.0,0.0,0.0,-2.0,-1.25,1.25
seed-12433-pa-0.65-pb-0.35,seed-12433-pa-0.65-pb-0.35:4,bandit,4,4.186967589003199,3.5027545878424275,1.3333333333333337,1.3333333333333337,0.0,0.0,3.0,-1.25,1.25
seed-12433-pa-0.65-pb-0.35,seed-12433-pa-0.65-pb-0.35:5,bandit,5,3.6949361996449746,3.5027545878424275,1.5714285714285716,1.5714285714285716,0.0,0.0,3.0,-1.25,1.25
seed-12433-pa-0.65-pb-0.35,seed-12433-pa-0.65-pb-0.35:6,bandit,6,2.767675057605601,3.5027545878424275,1.125,1.125,0.0,0.0,-2.0,-1.25,1.25
seed-12433-pa-0.65-pb-0.35,seed-12433-pa-0.65-pb-0.35:7,bandit,7,1.951413277982752,3.5027545878424275,0.7777777777777777,0.7777777777777777,0.0,0.0,-2.0,-1.25,1.25
seed-12433-pa-0.65-pb-0.35,seed-12433-pa-0.65-pb-0.35:8,bandit,8,0.9061501362483142,3.5027545878424275,0.5,0.5,0.0,0.0,-2.0,-1.25,1.25
seed-12433-pa-0.65-pb-0.35,seed-12433-pa-0.65-pb-0.35:9,bandit,9,2.0075990353171704,3.5027545878424275,0.5,0.5,0.0,0.0,-2.0,-1.25,1.25
seed-12433-pa-0.65-pb-0.35,seed-12433-pa-0.65-pb-0.35:10,bandit,10,4.313261687518224,3.5027545878424275,0.5,0.5,0.0,0.0,3.0,-1.25,1.25
seed-12433-pa-0.65-pb-0.35,seed-12433-pa-0.65-pb-0.35:11,bandit,11,4.160224150438086,3.5027545878424275,0.7272727272727271,0.7272727272727271,0.0,0.0,3.0,-1.25,1.25
seed-12433-pa-0.65-pb-0.35,seed-12433-pa-0.65-pb-0.35:12,bandit,12,4.112822278771571,3.5027545878424275,0.9166666666666664,0.9166666666666664,0.0,0.0,3.0,-1.25,1.25
seed-12433-pa-0.65-pb-0.35,seed-12433-pa-0.65-pb-0.35:13,bandit,13,4.112822278771571,3.5027545878424275,1.076923076923077,1.076923076923077,0.0,0.0,3.0,-1.25,1.25
seed-12433-pa-0.65-pb-0.35,seed-12433-pa-0.65-pb-0.35:14,bandit,14,3.975206558916746,3.5027545878424275,1.2142857142857144,1.2142857142857144,0.0,0.0,3.0,-1.25,1.25
seed-12433-pa-0.65-pb-0.35,seed-12433-pa-0.65-pb-0.35:15,bandit,15,2.8037006782765204,3.5027545878424275,1.0,1.0,0.0,0.0,-2.0,-1.25,1.25
seed-12433-pa-0.65-pb-0.35,seed-12433-pa-0.65-pb-0.35:16,bandit,16,2.8868710061149017,3.5027545878424275,0.8125,0.8125,0.0,0.0,-2.0,-1.25,1.25
seed-12433-pa-0.65-pb-0.35,seed-12433-pa-0.65-pb-0.35:17,bandit,17,5.554882179158078,3.5027545878424275,1.0,1.0,0.0,0.0,3.0,-1.25,1.25
seed-12433-pa-0.65-pb-0.35,seed-12433-pa-0.65-pb-0.35:18,bandit,18,3.6325990353171704,3.5027545878424275,0.8125,0.8125,0.0,0.0,-2.0,-1.25,1.25
seed-12433-pa-0.65-pb-0.35,seed-12433-pa-0.65-pb-0.35:19,bandit,19,5.392675057605601,3.5027545878424275,0.9411764705882356,0.9411764705882356,0.0,0.0,3.0,-1.25,1.25
seed-12433-pa-0.65-pb-0.35,seed-12433-pa-0.65-pb-0.35:20,bandit,20,3.849076984180108,3.5027545878424275,0.7777777777777777,0.7777777777777777,0.0,0.0,-2.0,-1.25,1.25
seed-12433-pa-0.65-pb-0.35,seed-12433-pa-0.65-pb-0.35:21,bandit,21,5.100206558916746,3.5027545878424275,0.8947368421052633,0.8947368421052633,0.0,0.0,3.0,-1.25,1.25
seed-12433-pa-0.65-pb-0.35,seed-12433-pa-0.65-pb-0.35:22,bandit,22,4.9449361996449746,3.5027545878424275,1.0,1.0,0.0,0.0,3.0,-1.25,1.25
seed-12433-pa-0.65-pb-0.35,seed-12433-pa-0.65-pb-0.35:23,bandit,23,4.531150136248314,3.5027545878424275,0.8571428571428572,0.8571428571428572,0.0,0.0,-2.0,-1.25,1.25
seed-12433-pa-0.65-pb-0.35,seed-12433-pa-0.65-pb-0.35:24,bandit,24,5.453889734292549,3.5027545878424275,0.9545454545454546,0.9545454545454546,0.0,0.0,3.0,-1.25,1.25
seed-12433-pa-0.65-pb-0.35,seed-12433-pa-0.65-pb-0.35:25,bandit,25,4.023123264139841,3.5027545878424275,0.9545454545454546,0.9545454545454546,0.0,0.0,-2.0,-1.25,1.25
seed-12433-pa-0.65-pb-0.35,seed-12433-pa-0.65-pb-0.35:26,bandit,26,3.4431471805599436,3.5027545878424275,0.9545454545454546,0.9545454545454546,0.0,0.0,-2.0,-1.25,1.25
seed-12433-pa-0.65-pb-0.35,seed-12433-pa-0.65-pb-0.35:27,bandit,27,5.517675057605601,3.5027545878424275,1.0434782608695654,1.0434782608695654,0.0,0.0,3.0,-1.25,1.25
seed-12433-pa-0.65-pb-0.35,seed-12433-pa-0.65-pb-0.35:28,bandit,28,5.237822278771571,3.5027545878424275,1.125,1.125,0.0,0.0,3.0,-1.25,1.25
seed-12433-pa-0.65-pb-0.35,seed-12433-pa-0.65-pb-0.35:29,bandit,29,5.4449361996449746,3.5027545878424275,1.2000000000000002,1.2000000000000002,0.0,0.0,3.0,-1.25,1.25
seed-12433-pa-0.65-pb-0.35,seed-12433-pa-0.65-pb-0.35:30,bandit,30,5.4449361996449746,3.5027545878424275,1.2692307692307692,1.2692307692307692,0.0,0.0,3.0,-1.25,1.25
seed-12433-pa-0.65-pb-0.35,seed-12433-pa-0.65-pb-0.35:31,bandit,31,5.311967589003199,3.5027545878424275,1.3333333333333337,1.3333333333333337,0.0,0.0,3.0,-1.25,1.25
seed-12433-pa-0.65-pb-0.35,seed-12433-pa-0.65-pb-0.35:32,bandit,32,5.001929081345374,3.5027545878424275,1.2142857142857144,1.2142857142857144,0.0,0.0,-2.0,-1.25,1.25
seed-12433-pa-0.65-pb-0.35,seed-12433-pa-0.65-pb-0.35:33,bandit,33,3.8981232641398407,3.5027545878424275,1.103448275862069,1.103448275862069,0.0,0.0,-2.0,-1.25,1.25
seed-12452-pa-0.65-pb-0.65,seed-12452-pa-0.65-pb-0.65:0,bandit,0,4.203889734292549,3.5027545878424275,0.5,0.5,0.0,0.0,0.0,-1.25,1.25
seed-12452-pa-0.65-pb-0.65,seed-12452-pa-0.65-pb-0.65:1,bandit,1,3.849076984180108,3.5027545878424275,0.5,0.5,0.0,0.0,-2.0,-1.25,1.25
seed-12452-pa-0.65-pb-0.65,seed-12452-pa-0.65-pb-0.65:2,bandit,2,2.71393946547494,3.5027545878424275,1.3333333333333337,1.3333333333333337,0.0,0.0,3.0,-1.25,1.25
seed-12452-pa-0.65-pb-0.65,seed-12452-pa-0.65-pb-0.65:3,bandit,3,2.5231232641398407,3.5027545878424275,1.75,1.75,0.0,0.0,3.0,-1.25,1.25
seed-12452-pa-0.65-pb-0.65,seed-12452-pa-0.65-pb-0.65:4,bandit,4,2.3037006782765204,3.5027545878424275,2.0,2.0,0.0,0.0,3.0,-1.25,1.25
seed-12452-pa-0.65-pb-0.65,seed-12452-pa-0.65-pb-0.65:5,bandit,5,2.3868710061149017,3.5027545878424275,2.0,2.0,0.0,0.0,3.0,-1.25,1.25
seed-12452-pa-0.65-pb-0.65,seed-12452-pa-0.65-pb-0.65:6,bandit,6,2.1931471805599436,3.5027545878424275,2.166666666666667,2.166666666666667,0.0,0.0,3.0,-1.25,1.25
seed-12452-pa-0.65-pb-0.65,seed-12452-pa-0.65-pb-0.65:7,bandit,7,1.5759394198788428,3.5027545878424275,1.5714285714285716,1.5714285714285716,0.0,0.0,-2.0,-1.25,1.25
seed-12454-pa-0.50-pb-0.35,seed-12454-pa-0.50-pb-0.35:0,bandit,0,4.203889734292549,3.23605947898142,0.5,0.5,0.0,0.0,0.0,-0.5,0.5
seed-12454-pa-0.50-pb-0.35,seed-12454-pa-0.50-pb-0.35:1,bandit,1,3.849076984180108,3.23605947898142,0.5,0.5,0.0,0.0,-2.0,-0.5,0.5
seed-12454-pa-0.50-pb-0.35,seed-12454-pa-0.50-pb-0.35:2,bandit,2,0.1004126516016477,3.23605947898142,-0.3333333333333332,-0.3333333333333332,0.0,0.0,-2.0,-0.5,0.5
seed-12454-pa-0.50-pb-0.35,seed-12454-pa-0.50-pb-0.35:3,bandit,3,2.3181471805599436,3.23605947898142,0.5,0.5,0.0,0.0,3.0,-0.5,0.5
seed-12454-pa-0.50-pb-0.35,seed-12454-pa-0.50-pb-0.35:4,bandit,4,1.5176750576056008,3.23605947898142,0.0,0.0,0.0,0.0,-2.0,-0.5,0.5
seed-12454-pa-0.50-pb-0.35,seed-12454-pa-0.50-pb-0.35:5,bandit,5,0.6269290813453736,3.23605947898142,0.0,0.0,0.0,0.0,-2.0,-0.5,0.5
seed-12454-pa-0.50-pb-0.35,seed-12454-pa-0.50-pb-0.35:6,bandit,6,0.7139394654749402,3.23605947898142,-0.3333333333333332,-0.3333333333333332,0.0,0.0,-2.0,-0.5,0.5
seed-12460-pa-0.35-pb-0.20,seed-12460-pa-0.35-pb-0.20:0,bandit,0,4.203889734292549,2.969364370120412,0.5,0.5,0.0,0.0,0.0,0.25,-0.25
seed-12460-pa-0.35-pb-0.20,seed-12460-pa-0.35-pb-0.20:1,bandit,1,3.849076984180108,2.969364370120412,0.5,0.5,0.0,0.0,-2.0,0.25,-0.25
seed-12460-pa-0.35-pb-0.20,seed-12460-pa-0.35-pb-0.20:2,bandit,2,1.2575990353171704,2.969364370120412,0.5,0.5,0.0,0.0,-2.0,0.25,-0.25
seed-12463-pa-0.20-pb-0.35,seed-12463-pa-0.20-pb-0.35:0,bandit,0,4.203889734292549,2.969364370120412,0.5,0.5,0.0,0.0,0.0,0.25,-0.25
seed-12463-pa-0.20-pb-0.35,seed-12463-pa-0.20-pb-0.35:1,bandit,1,3.849076984180108,2.969364370120412,0.5,0.5,0.0,0.0,-2.0,0.25,-0.25
seed-12463-pa-0.20-pb-0.35,seed-12463-pa-0.20-pb-0.35:2,bandit,2,1.2575990353171704,2.969364370120412,0.5,0.5,0.0,0.0,-2.0,0.25,-0.25
seed-12463-pa-0.20-pb-0.35,seed-12463-pa-0.20-pb-0.35:3,bandit,3,0.2731232641398406,2.969364370120412,0.5,0.5,0.0,0.0,-2.0,0.25,-0.25
seed-12463-pa-0.20-pb-0.35,seed-12463-pa-0.20-pb-0.35:4,bandit,4,-0.4768767358601593,2.969364370120412,0.5,0.5,0.0,0.0,-2.0,0.25,-0.25
seed-12465-pa-0.65-pb-0.35,seed-12465-pa-0.65-pb-0.35:0,bandit,0,4.203889734292549,3.5027545878424275,0.5,0.5,0.0,0.0,0.0,-1.25,1.25
seed-12465-pa-0.65-pb-0.35,seed-12465-pa-0.65-pb-0.35:1,bandit,1,4.42870067827652,3.5027545878424275,1.3333333333333337,1.3333333333333337,0.0,0.0,3.0,-1.25,1.25
seed-12465-pa-0.65-pb-0.35,seed-12465-pa-0.65-pb-0.35:2,bandit,2,3.6368710061149017,3.5027545878424275,0.5,0.5,0.0,0.0,-2.0,-1.25,1.25
seed-12465-pa-0.65-pb-0.35,seed-12465-pa-0.65-pb-0.35:3,bandit,3,4.71393946547494,3.5027545878424275,1.0,1.0,0.0,0.0,3.0,-1.25,1.25
seed-12465-pa-0.65-pb-0.35,seed-12465-pa-0.65-pb-0.35:4,bandit,4,3.8288897342925488,3.5027545878424275,1.3333333333333337,1.3333333333333337,0.0,0.0,3.0,-1.25,1.25
seed-12465-pa-0.65-pb-0.35,seed-12465-pa-0.65-pb-0.35:5,bandit,5,3.686967589003199,3.5027545878424275,1.5714285714285716,1.5714285714285716,0.0,0.0,3.0,-1.25,1.25
seed-12465-pa-0.65-pb-0.35,seed-12465-pa-0.65-pb-0.35:6,bandit,6,2.92974463538566,3.5027545878424275,1.125,1.125,0.0,0.0,-2.0,-1.25,1.25
seed-12465-pa-0.65-pb-0.35,seed-12465-pa-0.65-pb-0.35:7,bandit,7,1.951413277982752,3.5027545878424275,0.7777777777777777,0.7777777777777777,0.0,0.0,-2.0,-1.25,1.25
seed-12465-pa-0.65-pb-0.35,seed-12465-pa-0.65-pb-0.35:8,bandit,8,3.92358735157374,3.5027545878424275,1.0,1.0,0.0,0.0,3.0,-1.25,1.25
seed-12465-pa-0.65-pb-0.35,seed-12465-pa-0.65-pb-0.35:9,bandit,9,3.225206558916746,3.5027545878424275,0.7272727272727271,0.7272727272727271,0.0,0.0,-2.0,-1.25,1.25
seed-12465-pa-0.65-pb-0.35,seed-12465-pa-0.65-pb-0.35:10,bandit,10,4.292999079229087,3.5027545878424275,0.9166666666666664,0.9166666666666664,0.0,0.0,3.0,-1.25,1.25
seed-12465-pa-0.65-pb-0.35,seed-12465-pa-0.65-pb-0.35:11,bandit,11,3.554882179158078,3.5027545878424275,0.6923076923076925,0.6923076923076925,0.0,0.0,-2.0,-1.25,1.25
seed-12465-pa-0.65-pb-0.35,seed-12465-pa-0.65-pb-0.35:12,bandit,12,2.7038897342925488,3.5027545878424275,0.5,0.5,0.0,0.0,-2.0,-1.25,1.25
seed-12465-pa-0.65-pb-0.35,seed-12465-pa-0.65-pb-0.35:13,bandit,13,4.167999079229087,3.5027545878424275,0.6666666666666665,0.6666666666666665,0.0,0.0,3.0,-1.25,1.25
seed-12465-pa-0.65-pb-0.35,seed-12465-pa-0.65-pb-0.35:14,bandit,14,3.79858735157374,3.5027545878424275,0.8125,0.8125,0.0,0.0,3.0,-1.25,1.25
seed-12465-pa-0.65-pb-0.35,seed-12465-pa-0.65-pb-0.35:15,bandit,15,4.276300195186874,3.5027545878424275,0.9411764705882356,0.9411764705882356,0.0,0.0,3.0,-1.25,1.25
seed-12465-pa-0.65-pb-0.35,seed-12465-pa-0.65-pb-0.35:16,bandit,16,4.151300195186874,3.5027545878424275,1.0555555555555554,1.0555555555555554,0.0,0.0,3.0,-1.25,1.25
seed-12465-pa-0.65-pb-0.35,seed-12465-pa-0.65-pb-0.35:17,bandit,17,4.276300195186874,3.5027545878424275,1.1578947368421053,1.1578947368421053,0.0,0.0,3.0,-1.25,1.25
seed-12465-pa-0.65-pb-0.35,seed-12465-pa-0.65-pb-0.35:18,bandit,18,4.276300195186874,3.5027545878424275,1.25,1.25,0.0,0.0,3.0,-1.25,1.25
seed-12475-pa-0.35-pb-0.50,seed-12475-pa-0.35-pb-0.50:0,bandit,0,4.203889734292549,3.23605947898142,0.5,0.5,0.0,0.0,0.0,-0.5,0.5
seed-12475-pa-0.35-pb-0.50,seed-12475-pa-0.35-pb-0.50:1,bandit,1,3.849076984180108,3.23605947898142,0.5,0.5,0.0,0.0,-2.0,-0.5,0.5
seed-12475-pa-0.35-pb-0.50,seed-12475-pa-0.35-pb-0.50:2,bandit,2,0.1004126516016477,3.23605947898142,-0.3333333333333332,-0.3333333333333332,0.0,0.0,-2.0,-0.5,0.5
seed-12475-pa-0.35-pb-0.50,seed-12475-pa-0.35-pb-0.50:3,bandit,3,0.251928011042974,3.23605947898142,-0.3333333333333332,-0.3333333333333332,0.0,0.0,-2.0,-0.5,0.5
seed-12475-pa-0.35-pb-0.50,seed-12475-pa-0.35-pb-0.50:4,bandit,4,2.201413277982752,3.23605947898142,0.5,0.5,0.0,0.0,3.0,-0.5,0.5
seed-12475-pa-0.35-pb-0.50,seed-12475-pa-0.35-pb-0.50:5,bandit,5,1.4061501362483142,3.23605947898142,0.5,0.5,0.0,0.0,-2.0,-0.5,0.5
seed-12475-pa-0.35-pb-0.50,seed-12475-pa-0.35-pb-0.50:6,bandit,6,2.8628222787715707,3.23605947898142,1.0,1.0,0.0,0.0,3.0,-0.5,0.5
seed-12475-pa-0.35-pb-0.50,seed-12475-pa-0.35-pb-0.50:7,bandit,7,1.4754126516016477,3.23605947898142,0.5,0.5,0.0,0.0,-2.0,-0.5,0.5
seed-12475-pa-0.35-pb-0.50,seed-12475-pa-0.35-pb-0.50:8,bandit,8,0.7240769841801082,3.23605947898142,0.1428571428571428,0.1428571428571428,0.0,0.0,-2.0,-0.5,0.5
seed-12475-pa-0.35-pb-0.50,seed-12475-pa-0.35-pb-0.50:9,bandit,9,2.4431471805599436,3.23605947898142,0.1428571428571428,0.1428571428571428,0.0,0.0,3.0,-0.5,0.5
seed-12475-pa-0.35-pb-0.50,seed-12475-pa-0.35-pb-0.50:10,bandit,10,2.575939419878843,3.23605947898142,0.1428571428571428,0.1428571428571428,0.0,0.0,3.0,-0.5,0.5
seed-12475-pa-0.35-pb-0.50,seed-12475-pa-0.35-pb-0.50:11,bandit,11,2.5118710061149017,3.23605947898142,0.5,0.5,0.0,0.0,3.0,-0.5,0.5
seed-12475-pa-0.35-pb-0.50,seed-12475-pa-0.35-pb-0.50:12,bandit,12,2.3132616875182244,3.23605947898142,0.5,0.5,0.0,0.0,-2.0,-0.5,0.5
seed-12475-pa-0.35-pb-0.50,seed-12475-pa-0.35-pb-0.50:13,bandit,13,3.2618710061149017,3.23605947898142,0.7777777777777777,0.7777777777777777,0.0,0.0,3.0,-0.5,0.5
seed-12475-pa-0.35-pb-0.50,seed-12475-pa-0.35-pb-0.50:14,bandit,14,3.1368710061149017,3.23605947898142,1.0,1.0,0.0,0.0,3.0,-0.5,0.5
seed-12475-pa-0.35-pb-0.50,seed-12475-pa-0.35-pb-0.50:15,bandit,15,2.849076984180108,3.23605947898142,0.7272727272727271,0.7272727272727271,0.0,0.0,-2.0,-0.5,0.5
seed-12475-pa-0.35-pb-0.50,seed-12475-pa-0.35-pb-0.50:16,bandit,16,2.3981232641398407,3.23605947898142,0.5,0.5,0.0,0.0,-2.0,-0.5,0.5
seed-12475-pa-0.35-pb-0.50,seed-12475-pa-0.35-pb-0.50:17,bandit,17,2.8132616875182244,3.23605947898142,0.5,0.5,0.0,0.0,-2.0,-0.5,0.5
seed-12475-pa-0.35-pb-0.50,seed-12475-pa-0.35-pb-0.50:18,bandit,18,3.2575990353171704,3.23605947898142,0.5,0.5,0.0,0.0,3.0,-0.5,0.5
seed-12475-pa-0.35-pb-0.50,seed-12475-pa-0.35-pb-0.50:19,bandit,19,3.0231232641398407,3.23605947898142,0.5,0.5,0.0,0.0,3.0,-0.5,0.5
seed-12475-pa-0.35-pb-0.50,seed-12475-pa-0.35-pb-0.50:20,bandit,20,3.1787006782765204,3.23605947898142,0.3076923076923075,0.3076923076923075,0.0,0.0,-2.0,-0.5,0.5
seed-12475-pa-0.35-pb-0.50,seed-12475-pa-0.35-pb-0.50:21,bandit,21,3.825939419878843,3.23605947898142,0.5,0.5,0.0,0.0,3.0,-0.5,0.5
seed-12475-pa-0.35-pb-0.50,seed-12475-pa-0.35-pb-0.50:22,bandit,22,2.8981232641398407,3.23605947898142,0.3333333333333335,0.3333333333333335,0.0,0.0,-2.0,-0.5,0.5
seed-12475-pa-0.35-pb-0.50,seed-12475-pa-0.35-pb-0.50:23,bandit,23,2.9431471805599436,3.23605947898142,0.2727272727272729,0.2727272727272729,0.0,0.0,-2.0,-0.5,0.5
seed-12475-pa-0.35-pb-0.50,seed-12475-pa-0.35-pb-0.50:24,bandit,24,2.6481232641398407,3.23605947898142,0.2727272727272729,0.2727272727272729,0.0,0.0,-2.0,-0.5,0.5
seed-12478-pa-0.65-pb-0.50,seed-12478-pa-0.65-pb-0.50:0,bandit,0,4.203889734292549,3.5027545878424275,0.5,0.5,0.0,0.0,0.0,-1.25,1.25
seed-12478-pa-0.65-pb-0.50,seed-12478-pa-0.65-pb-0.50:1,bandit,1,4.42870067827652,3.5027545878424275,1.3333333333333337,1.3333333333333337,0.0,0.0,3.0,-1.25,1.25
seed-12478-pa-0.65-pb-0.50,seed-12478-pa-0.65-pb-0.50:2,bandit,2,3.6368710061149017,3.5027545878424275,0.5,0.5,0.0,0.0,-2.0,-1.25,1.25
seed-12478-pa-0.65-pb-0.50,seed-12478-pa-0.65-pb-0.50:3,bandit,3,4.71393946547494,3.5027545878424275,1.0,1.0,0.0,0.0,3.0,-1.25,1.25
seed-12478-pa-0.65-pb-0.50,seed-12478-pa-0.65-pb-0.50:4,bandit,4,3.8288897342925488,3.5027545878424275,1.3333333333333337,1.3333333333333337,0.0,0.0,3.0,-1.25,1.25
seed-12478-pa-0.65-pb-0.50,seed-12478-pa-0.65-pb-0.50:5,bandit,5,3.686967589003199,3.5027545878424275,1.5714285714285716,1.5714285714285716,0.0,0.0,3.0,-1.25,1.25
seed-12478-pa-0.65-pb-0.50,seed-12478-pa-0.65-pb-0.50:6,bandit,6,3.9013001951868738,3.5027545878424275,1.75,1.75,0.0,0.0,3.0,-1.25,1.25
seed-12478-pa-0.65-pb-0.50,seed-12478-pa-0.65-pb-0.50:7,bandit,7,3.9130413716877825,3.5027545878424275,1.8888888888888888,1.8888888888888888,0.0,0.0,3.0,-1.25,1.25
seed-12478-pa-0.65-pb-0.50,seed-12478-pa-0.65-pb-0.50:8,bandit,8,3.4538897342925488,3.5027545878424275,1.5,1.5,0.0,0.0,-2.0,-1.25,1.25
seed-12478-pa-0.65-pb-0.50,seed-12478-pa-0.65-pb-0.50:9,bandit,9,3.9130413716877825,3.5027545878424275,1.6363636363636362,1.6363636363636362,0.0,0.0,3.0,-1.25,1.25
seed-12478-pa-0.65-pb-0.50,seed-12478-pa-0.65-pb-0.50:10,bandit,10,2.936967589003199,3.5027545878424275,1.3333333333333337,1.3333333333333337,0.0,0.0,-2.0,-1.25,1.25
seed-12478-pa-0.65-pb-0.50,seed-12478-pa-0.65-pb-0.50:11,bandit,11,2.33893946547494,3.5027545878424275,1.076923076923077,1.076923076923077,0.0,0.0,-2.0,-1.25,1.25
seed-12478-pa-0.65-pb-0.50,seed-12478-pa-0.65-pb-0.50:12,bandit,12,4.401300195186874,3.5027545878424275,1.2142857142857144,1.2142857142857144,0.0,0.0,3.0,-1.25,1.25
seed-12478-pa-0.65-pb-0.50,seed-12478-pa-0.65-pb-0.50:13,bandit,13,4.273245464372426,3.5027545878424275,1.3333333333333337,1.3333333333333337,0.0,0.0,3.0,-1.25,1.25
seed-12478-pa-0.65-pb-0.50,seed-12478-pa-0.65-pb-0.50:14,bandit,14,4.145541900901097,3.5027545878424275,1.4375,1.4375,0.0,0.0,3.0,-1.25,1.25
seed-12478-pa-0.65-pb-0.50,seed-12478-pa-0.65-pb-0.50:15,bandit,15,4.0380413716877825,3.5027545878424275,1.2352941176470589,1.2352941176470589,0.0,0.0,-2.0,-1.25,1.25
seed-12478-pa-0.65-pb-0.50,seed-12478-pa-0.65-pb-0.50:16,bandit,16,4.276300195186874,3.5027545878424275,1.3333333333333337,1.3333333333333337,0.0,0.0,3.0,-1.25,1.25
seed-12478-pa-0.65-pb-0.50,seed-12478-pa-0.65-pb-0.50:17,bandit,17,4.518149927917811,3.5027545878424275,1.4210526315789471,1.4210526315789471,0.0,0.0,3.0,-1.25,1.25
seed-12478-pa-0.65-pb-0.50,seed-12478-pa-0.65-pb-0.50:18,bandit,18,4.026300195186874,3.5027545878424275,1.25,1.25,0.0,0.0,-2.0,-1.25,1.25
seed-12478-pa-0.65-pb-0.50,seed-12478-pa-0.65-pb-0.50:19,bandit,19,4.768149927917811,3.5027545878424275,1.3333333333333337,1.3333333333333337,0.0,0.0,3.0,-1.25,1.25
seed-12478-pa-0.65-pb-0.50,seed-12478-pa-0.65-pb-0.50:20,bandit,20,4.15475041827262,3.5027545878424275,1.1818181818181817,1.1818181818181817,0.0,0.0,-2.0,-1.25,1.25
seed-12478-pa-0.65-pb-0.50,seed-12478-pa-0.65-pb-0.50:21,bandit,21,3.5380413716877825,3.5027545878424275,1.0434782608695654,1.0434782608695654,0.0,0.0,-2.0,-1.25,1.25
seed-12478-pa-0.65-pb-0.50,seed-12478-pa-0.65-pb-0.50:22,bandit,22,4.891034256080317,3.5027545878424275,1.125,1.125,0.0,0.0,3.0,-1.25,1.25
seed-12478-pa-0.65-pb-0.50,seed-12478-pa-0.65-pb-0.50:23,bandit,23,4.523245464372426,3.5027545878424275,1.2000000000000002,1.2000000000000002,0.0,0.0,3.0,-1.25,1.25
seed-12478-pa-0.65-pb-0.50,seed-12478-pa-0.65-pb-0.50:24,bandit,24,4.391034256080317,3.5027545878424275,1.2692307692307692,1.2692307692307692,0.0,0.0,3.0,-1.25,1.25
seed-12478-pa-0.65-pb-0.50,seed-12478-pa-0.65-pb-0.50:25,bandit,25,4.273245464372426,3.5027545878424275,1.1481481481481484,1.1481481481481484,0.0,0.0,-2.0,-1.25,1.25
seed-12478-pa-0.65-pb-0.50,seed-12478-pa-0.65-pb-0.50:26,bandit,26,3.4013001951868738,3.5027545878424275,1.0357142857142856,1.0357142857142856,0.0,0.0,-2.0,-1.25,1.25
seed-12478-pa-0.65-pb-0.50,seed-12478-pa-0.65-pb-0.50:27,bandit,27,3.5205419009010974,3.5027545878424275,0.9310344827586206,0.9310344827586206,0.0,0.0,-2.0,-1.25,1.25
seed-12478-pa-0.65-pb-0.50,seed-12478-pa-0.65-pb-0.50:28,bandit,28,3.2705419009010974,3.5027545878424275,0.8333333333333335,0.8333333333333335,0.0,0.0,-2.0,-1.25,1.25
seed-12478-pa-0.65-pb-0.50,seed-12478-pa-0.65-pb-0.50:29,bandit,29,4.639163456931506,3.5027545878424275,0.903225806451613,0.903225806451613,0.0,0.0,3.0,-1.25,1.25
seed-12478-pa-0.65-pb-0.50,seed-12478-pa-0.65-pb-0.50:30,bandit,30,4.270541900901097,3.5027545878424275,0.96875,0.96875,0.0,0.0,3.0,-1.25,1.25
seed-12478-pa-0.65-pb-0.50,seed-12478-pa-0.65-pb-0.50:31,bandit,31,4.389163456931506,3.5027545878424275,1.0303030303030305,1.0303030303030305,0.0,0.0,3.0,-1.25,1.25
seed-12478-pa-0.65-pb-0.50,seed-12478-pa-0.65-pb-0.50:32,bandit,32,4.764163456931506,3.5027545878424275,0.9411764705882356,0.9411764705882356,0.0,0.0,-2.0,-1.25,1.25
seed-12478-pa-0.65-pb-0.50,seed-12478-pa-0.65-pb-0.50:33,bandit,33,5.134755911000223,3.5027545878424275,1.0,1.0,0.0,0.0,3.0,-1.25,1.25
seed-12478-pa-0.65-pb-0.50,seed-12478-pa-0.65-pb-0.50:34,bandit,34,4.139163456931506,3.5027545878424275,0.9166666666666664,0.9166666666666664,0.0,0.0,-2.0,-1.25,1.25
seed-12478-pa-0.65-pb-0.50,seed-12478-pa-0.65-pb-0.50:35,bandit,35,5.009755911000223,3.5027545878424275,0.9729729729729728,0.9729729729729728,0.0,0.0,3.0,-1.25,1.25
seed-12478-pa-0.65-pb-0.50,seed-12478-pa-0.65-pb-0.50:36,bandit,36,5.134755911000223,3.5027545878424275,1.026315789473684,1.026315789473684,0.0,0.0,3.0,-1.25,1.25
seed-12478-pa-0.65-pb-0.50,seed-12478-pa-0.65-pb-0.50:37,bandit,37,5.1317153484891165,3.5027545878424275,1.076923076923077,1.076923076923077,0.0,0.0,3.0,-1.25,1.25
seed-12478-pa-0.65-pb-0.50,seed-12478-pa-0.65-pb-0.50:38,bandit,38,5.007606094404334,3.5027545878424275,1.125,1.125,0.0,0.0,3.0,-1.25,1.25
seed-12478-pa-0.65-pb-0.50,seed-12478-pa-0.65-pb-0.50:39,bandit,39,5.007606094404334,3.5027545878424275,1.170731707317073,1.170731707317073,0.0,0.0,3.0,-1.25,1.25
seed-12478-pa-0.65-pb-0.50,seed-12478-pa-0.65-pb-0.50:40,bandit,40,5.008614483762177,3.5027545878424275,1.2142857142857144,1.2142857142857144,0.0,0.0,3.0,-1.25,1.25
seed-12478-pa-0.65-pb-0.50,seed-12478-pa-0.65-pb-0.50:41,bandit,41,4.759755911000223,3.5027545878424275,1.13953488372093,1.13953488372093,0.0,0.0,-2.0,-1.25,1.25
seed-12478-pa-0.65-pb-0.50,seed-12478-pa-0.65-pb-0.50:42,bandit,42,4.759755911000223,3.5027545878424275,1.1818181818181817,1.1818181818181817,0.0,0.0,3.0,-1.25,1.25
seed-12478-pa-0.65-pb-0.50,seed-12478-pa-0.65-pb-0.50:43,bandit,43,4.512509570276173,3.5027545878424275,1.2222222222222223,1.2222222222222223,0.0,0.0,3.0,-1.25,1.25
seed-12478-pa-0.65-pb-0.50,seed-12478-pa-0.65-pb-0.50:44,bandit,44,4.883614483762177,3.5027545878424275,1.2608695652173911,1.2608695652173911,0.0,0.0,3.0,-1.25,1.25
seed-12478-pa-0.65-pb-0.50,seed-12478-pa-0.65-pb-0.50:45,bandit,45,5.011047744848593,3.5027545878424275,1.1914893617021276,1.1914893617021276,0.0,0.0,-2.0,-1.25,1.25
seed-12478-pa-0.65-pb-0.50,seed-12478-pa-0.65-pb-0.50:46,bandit,46,5.384755911000223,3.5027545878424275,1.2291666666666663,1.2291666666666663,0.0,0.0,3.0,-1.25,1.25
seed-12478-pa-0.65-pb-0.50,seed-12478-pa-0.65-pb-0.50:47,bandit,47,4.887509570276173,3.5027545878424275,1.2653061224489797,1.2653061224489797,0.0,0.0,3.0,-1.25,1.25
seed-12478-pa-0.65-pb-0.50,seed-12478-pa-0.65-pb-0.50:48,bandit,48,5.133614483762177,3.5027545878424275,1.2999999999999998,1.2999999999999998,0.0,0.0,3.0,-1.25,1.25
seed-12478-pa-0.65-pb-0.50,seed-12478-pa-0.65-pb-0.50:49,bandit,49,5.132606094404334,3.5027545878424275,1.3333333333333337,1.3333333333333337,0.0,0.0,3.0,-1.25,1.25
seed-12478-pa-0.65-pb-0.50,seed-12478-pa-0.65-pb-0.50:50,bandit,50,5.132606094404334,3.5027545878424275,1.3653846153846154,1.3653846153846154,0.0,0.0,3.0,-1.25,1.25
seed-12478-pa-0.65-pb-0.50,seed-12478-pa-0.65-pb-0.50:51,bandit,51,5.132606094404334,3.5027545878424275,1.30188679245283,1.30188679245283,0.0,0.0,-2.0,-1.25,1.25
seed-12478-pa-0.65-pb-0.50,seed-12478-pa-0.65-pb-0.50:52,bandit,52,5.258614483762177,3.5027545878424275,1.3333333333333337,1.3333333333333337,0.0,0.0,3.0,-1.25,1.25
seed-12478-pa-0.65-pb-0.50,seed-12478-pa-0.65-pb-0.50:53,bandit,53,5.009755911000223,3.5027545878424275,1.3636363636363638,1.3636363636363638,0.0,0.0,3.0,-1.25,1.25
seed-12478-pa-0.65-pb-0.50,seed-12478-pa-0.65-pb-0.50:54,bandit,54,5.1317153484891165,3.5027545878424275,1.3928571428571428,1.3928571428571428,0.0,0.0,3.0,-1.25,1.25
seed-12478-pa-0.65-pb-0.50,seed-12478-pa-0.65-pb-0.50:55,bandit,55,5.5052337981517425,3.5027545878424275,1.4210526315789471,1.4210526315789471,0.0,0.0,3.0,-1.25,1.25
seed-12478-pa-0.65-pb-0.50,seed-12478-pa-0.65-pb-0.50:56,bandit,56,5.3809286083761165,3.5027545878424275,1.3620689655172415,1.3620689655172415,0.0,0.0,-2.0,-1.25,1.25
seed-12478-pa-0.65-pb-0.50,seed-12478-pa-0.65-pb-0.50:57,bandit,57,4.3817153484891165,3.5027545878424275,1.305084745762712,1.305084745762712,0.0,0.0,-2.0,-1.25,1.25
seed-12478-pa-0.65-pb-0.50,seed-12478-pa-0.65-pb-0.50:58,bandit,58,5.504620229018805,3.5027545878424275,1.3333333333333337,1.3333333333333337,0.0,0.0,3.0,-1.25,1.25
seed-12478-pa-0.65-pb-0.50,seed-12478-pa-0.65-pb-0.50:59,bandit,59,5.5059286083761165,3.5027545878424275,1.360655737704918,1.360655737704918,0.0,0.0,3.0,-1.25,1.25
seed-12478-pa-0.65-pb-0.50,seed-12478-pa-0.65-pb-0.50:60,bandit,60,5.132606094404334,3.5027545878424275,1.306451612903226,1.306451612903226,0.0,0.0,-2.0,-1.25,1.25
seed-12478-pa-0.65-pb-0.50,seed-12478-pa-0.65-pb-0.50:61,bandit,61,5.6302337981517425,3.5027545878424275,1.3333333333333337,1.3333333333333337,0.0,0.0,3.0,-1.25,1.25
seed-12478-pa-0.65-pb-0.50,seed-12478-pa-0.65-pb-0.50:62,bandit,62,6.004078443270572,3.5027545878424275,1.359375,1.359375,0.0,0.0,3.0,-1.25,1.25
seed-12478-pa-0.65-pb-0.50,seed-12478-pa-0.65-pb-0.50:63,bandit,63,5.629620229018805,3.5027545878424275,1.3076923076923077,1.3076923076923077,0.0,0.0,-2.0,-1.25,1.25
seed-12478-pa-0.65-pb-0.50,seed-12478-pa-0.65-pb-0.50:64,bandit,64,5.879620229018805,3.5027545878424275,1.3333333333333337,1.3333333333333337,0.0,0.0,3.0,-1.25,1.25
seed-12478-pa-0.65-pb-0.50,seed-12478-pa-0.65-pb-0.50:65,bandit,65,5.754078443270572,3.5027545878424275,1.3582089552238807,1.3582089552238807,0.0,0.0,3.0,-1.25,1.25
seed-12478-pa-0.65-pb-0.50,seed-12478-pa-0.65-pb-0.50:66,bandit,66,5.504078443270572,3.5027545878424275,1.3823529411764706,1.3823529411764706,0.0,0.0,3.0,-1.25,1.25
seed-12478-pa-0.65-pb-0.50,seed-12478-pa-0.65-pb-0.50:67,bandit,67,5.1309286083761165,3.5027545878424275,1.3333333333333337,1.3333333333333337,0.0,0.0,-2.0,-1.25,1.25
seed-12478-pa-0.65-pb-0.50,seed-12478-pa-0.65-pb-0.50:68,bandit,68,4.8802337981517425,3.5027545878424275,1.2857142857142856,1.2857142857142856,0.0,0.0,-2.0,-1.25,1.25
seed-12478-pa-0.65-pb-0.50,seed-12478-pa-0.65-pb-0.50:69,bandit,69,4.8802337981517425,3.5027545878424275,1.23943661971831,1.23943661971831,0.0,0.0,-2.0,-1.25,1.25
seed-12478-pa-0.65-pb-0.50,seed-12478-pa-0.65-pb-0.50:70,bandit,70,4.5067153484891165,3.5027545878424275,1.1944444444444446,1.1944444444444446,0.0,0.0,-2.0,-1.25,1.25
seed-12478-pa-0.65-pb-0.50,seed-12478-pa-0.65-pb-0.50:71,bandit,71,5.87817772647141,3.5027545878424275,1.2191780821917808,1.2191780821917808,0.0,0.0,3.0,-1.25,1.25
seed-12478-pa-0.65-pb-0.50,seed-12478-pa-0.65-pb-0.50:72,bandit,72,5.5052337981517425,3.5027545878424275,1.2432432432432434,1.2432432432432434,0.0,0.0,3.0,-1.25,1.25
seed-12478-pa-0.65-pb-0.50,seed-12478-pa-0.65-pb-0.50:73,bandit,73,5.754078443270572,3.5027545878424275,1.2666666666666666,1.2666666666666666,0.0,0.0,3.0,-1.25,1.25
seed-12478-pa-0.65-pb-0.50,seed-12478-pa-0.65-pb-0.50:74,bandit,74,5.6309286083761165,3.5027545878424275,1.223684210526316,1.223684210526316,0.0,0.0,-2.0,-1.25,1.25
seed-12478-pa-0.65-pb-0.50,seed-12478-pa-0.65-pb-0.50:75,bandit,75,5.0052337981517425,3.5027545878424275,1.1818181818181817,1.1818181818181817,0.0,0.0,-2.0,-1.25,1.25
seed-12478-pa-0.65-pb-0.50,seed-12478-pa-0.65-pb-0.50:76,bandit,76,4.879078443270572,3.5027545878424275,1.141025641025641,1.141025641025641,0.0,0.0,-2.0,-1.25,1.25
seed-12478-pa-0.65-pb-0.50,seed-12478-pa-0.65-pb-0.50:77,bandit,77,5.87817772647141,3.5027545878424275,1.1645569620253164,1.1645569620253164,0.0,0.0,3.0,-1.25,1.25
seed-12478-pa-0.65-pb-0.50,seed-12478-pa-0.65-pb-0.50:78,bandit,78,5.3802337981517425,3.5027545878424275,1.125,1.125,0.0,0.0,-2.0,-1.25,1.25
seed-12478-pa-0.65-pb-0.50,seed-12478-pa-0.65-pb-0.50:79,bandit,79,5.629078443270572,3.5027545878424275,1.1481481481481484,1.1481481481481484,0.0,0.0,3.0,-1.25,1.25
seed-12478-pa-0.65-pb-0.50,seed-12478-pa-0.65-pb-0.50:80,bandit,80,5.254620229018805,3.5027545878424275,1.1097560975609757,1.1097560975609757,0.0,0.0,-2.0,-1.25,1.25
seed-12478-pa-0.65-pb-0.50,seed-12478-pa-0.65-pb-0.50:81,bandit,81,5.629078443270572,3.5027545878424275,1.1325301204819276,1.1325301204819276,0.0,0.0,3.0,-1.25,1.25
seed-12478-pa-0.65-pb-0.50,seed-12478-pa-0.65-pb-0.50:82,bandit,82,5.753600075082225,3.5027545878424275,1.1547619047619049,1.1547619047619049,0.0,0.0,3.0,-1.25,1.25
seed-12478-pa-0.65-pb-0.50,seed-12478-pa-0.65-pb-0.50:83,bandit,83,5.752804856903083,3.5027545878424275,1.176470588235294,1.176470588235294,0.0,0.0,3.0,-1.25,1.25
seed-12478-pa-0.65-pb-0.50,seed-12478-pa-0.65-pb-0.50:84,bandit,84,5.877804856903083,3.5027545878424275,1.197674418604651,1.197674418604651,0.0,0.0,3.0,-1.25,1.25
seed-12478-pa-0.65-pb-0.50,seed-12478-pa-0.65-pb-0.50:85,bandit,85,6.00317772647141,3.5027545878424275,1.160919540229885,1.160919540229885,0.0,0.0,-2.0,-1.25,1.25
seed-12478-pa-0.65-pb-0.50,seed-12478-pa-0.65-pb-0.50:86,bandit,86,6.003600075082225,3.5027545878424275,1.1818181818181817,1.1818181818181817,0.0,0.0,3.0,-1.25,1.25
seed-12478-pa-0.65-pb-0.50,seed-12478-pa-0.65-pb-0.50:87,bandit,87,6.003600075082225,3.5027545878424275,1.202247191011236,1.202247191011236,0.0,0.0,3.0,-1.25,1.25
seed-12478-pa-0.65-pb-0.50,seed-12478-pa-0.65-pb-0.50:88,bandit,88,5.878600075082225,3.5027545878424275,1.2222222222222223,1.2222222222222223,0.0,0.0,3.0,-1.25,1.25
seed-12478-pa-0.65-pb-0.50,seed-12478-pa-0.65-pb-0.50:89,bandit,89,5.754078443270572,3.5027545878424275,1.2417582417582418,1.2417582417582418,0.0,0.0,3.0,-1.25,1.25
seed-12478-pa-0.65-pb-0.50,seed-12478-pa-0.65-pb-0.50:90,bandit,90,5.629620229018805,3.5027545878424275,1.2065217391304346,1.2065217391304346,0.0,0.0,-2.0,-1.25,1.25
seed-12478-pa-0.65-pb-0.50,seed-12478-pa-0.65-pb-0.50:91,bandit,91,5.8802337981517425,3.5027545878424275,1.225806451612903,1.225806451612903,0.0,0.0,3.0,-1.25,1.25
seed-12478-pa-0.65-pb-0.50,seed-12478-pa-0.65-pb-0.50:92,bandit,92,6.004620229018805,3.5027545878424275,1.24468085106383,1.24468085106383,0.0,0.0,3.0,-1.25,1.25
seed-12478-pa-0.65-pb-0.50,seed-12478-pa-0.65-pb-0.50:93,bandit,93,6.002804856903083,3.5027545878424275,1.263157894736842,1.263157894736842,0.0,0.0,3.0,-1.25,1.25
seed-12478-pa-0.65-pb-0.50,seed-12478-pa-0.65-pb-0.50:94,bandit,94,6.002804856903083,3.5027545878424275,1.28125,1.28125,0.0,0.0,3.0,-1.25,1.25
seed-12478-pa-0.65-pb-0.50,seed-12478-pa-0.65-pb-0.50:95,bandit,95,5.629620229018805,3.5027545878424275,1.2474226804123711,1.2474226804123711,0.0,0.0,-2.0,-1.25,1.25
seed-12478-pa-0.65-pb-0.50,seed-12478-pa-0.65-pb-0.50:96,bandit,96,5.254078443270572,3.5027545878424275,1.2142857142857144,1.2142857142857144,0.0,0.0,-2.0,-1.25,1.25
seed-12478-pa-0.65-pb-0.50,seed-12478-pa-0.65-pb-0.50:97,bandit,97,5.003600075082225,3.5027545878424275,1.1818181818181817,1.1818181818181817,0.0,0.0,-2.0,-1.25,1.25
seed-12478-pa-0.65-pb-0.50,seed-12478-pa-0.65-pb-0.50:98,bandit,98,5.878600075082225,3.5027545878424275,1.2000000000000002,1.2000000000000002,0.0,0.0,3.0,-1.25,1.25
seed-12478-pa-0.65-pb-0.50,seed-12478-pa-0.65-pb-0.50:99,bandit,99,6.004078443270572,3.5027545878424275,1.217821782178218,1.217821782178218,0.0,0.0,3.0,-1.25,1.25
seed-12485-pa-0.50-pb-0.20,seed-12485-pa-0.50-pb-0.20:0,bandit,0,4.203889734292549,3.23605947898142,0.5,0.5,0.0,0.0,0.0,-0.5,0.5
seed-12485-pa-0.50-pb-0.20,seed-12485-pa-0.50-pb-0.20:1,bandit,1,3.849076984180108,3.23605947898142,0.5,0.5,0.0,0.0,-2.0,-0.5,0.5
seed-12485-pa-0.50-pb-0.20,seed-12485-pa-0.50-pb-0.20:2,bandit,2,0.1004126516016477,3.23605947898142,-0.3333333333333332,-0.3333333333333332,0.0,0.0,-2.0,-0.5,0.5
seed-12496-pa-0.20-pb-0.50,seed-12496-pa-0.20-pb-0.50:0,bandit,0,4.203889734292549,3.23605947898142,0.5,0.5,0.0,0.0,0.0,-0.5,0.5
seed-12496-pa-0.20-pb-0.50,seed-12496-pa-0.20-pb-0.50:1,bandit,1,3.849076984180108,3.23605947898142,0.5,0.5,0.0,0.0,-2.0,-0.5,0.5
seed-12496-pa-0.20-pb-0.50,seed-12496-pa-0.20-pb-0.50:2,bandit,2,2.71393946547494,3.23605947898142,1.3333333333333337,1.3333333333333337,0.0,0.0,3.0,-0.5,0.5
seed-12496-pa-0.20-pb-0.50,seed-12496-pa-0.20-pb-0.50:3,bandit,3,2.825939419878843,3.23605947898142,1.3333333333333337,1.3333333333333337,0.0,0.0,3.0,-0.5,0.5
seed-12496-pa-0.20-pb-0.50,seed-12496-pa-0.20-pb-0.50:4,bandit,4,1.6882616875182244,3.23605947898142,1.3333333333333337,1.3333333333333337,0.0,0.0,-2.0,-0.5,0.5
seed-12496-pa-0.20-pb-0.50,seed-12496-pa-0.20-pb-0.50:5,bandit,5,4.054882179158078,3.23605947898142,1.75,1.75,0.0,0.0,3.0,-0.5,0.5
seed-12496-pa-0.20-pb-0.50,seed-12496-pa-0.20-pb-0.50:6,bandit,6,3.2852241504380864,3.23605947898142,1.75,1.75,0.0,0.0,3.0,-0.5,0.5
seed-12496-pa-0.20-pb-0.50,seed-12496-pa-0.20-pb-0.50:7,bandit,7,2.6269290813453736,3.23605947898142,2.0,2.0,0.0,0.0,3.0,-0.5,0.5
seed-12496-pa-0.20-pb-0.50,seed-12496-pa-0.20-pb-0.50:8,bandit,8,1.8484445810050545,3.23605947898142,2.0,2.0,0.0,0.0,-2.0,-0.5,0.5
seed-12496-pa-0.20-pb-0.50,seed-12496-pa-0.20-pb-0.50:9,bandit,9,1.5311501362483142,3.23605947898142,1.3333333333333337,1.3333333333333337,0.0,0.0,-2.0,-0.5,0.5
seed-12496-pa-0.20-pb-0.50,seed-12496-pa-0.20-pb-0.50:10,bandit,10,1.5984445810050545,3.23605947898142,1.3333333333333337,1.3333333333333337,0.0,0.0,-2.0,-0.5,0.5
seed-12496-pa-0.20-pb-0.50,seed-12496-pa-0.20-pb-0.50:11,bandit,11,1.5984445810050545,3.23605947898142,1.3333333333333337,1.3333333333333337,0.0,0.0,-2.0,-0.5,0.5
seed-12496-pa-0.20-pb-0.50,seed-12496-pa-0.20-pb-0.50:12,bandit,12,1.7240769841801082,3.23605947898142,0.8571428571428572,0.8571428571428572,0.0,0.0,-2.0,-0.5,0.5
seed-12496-pa-0.20-pb-0.50,seed-12496-pa-0.20-pb-0.50:13,bandit,13,3.8769290813453736,3.23605947898142,1.125,1.125,0.0,0.0,3.0,-0.5,0.5
seed-12496-pa-0.20-pb-0.50,seed-12496-pa-0.20-pb-0.50:14,bandit,14,3.281150136248314,3.23605947898142,1.125,1.125,0.0,0.0,-2.0,-0.5,0.5
seed-12496-pa-0.20-pb-0.50,seed-12496-pa-0.20-pb-0.50:15,bandit,15,2.8981232641398407,3.23605947898142,0.7777777777777777,0.7777777777777777,0.0,0.0,-2.0,-0.5,0.5
seed-12496-pa-0.20-pb-0.50,seed-12496-pa-0.20-pb-0.50:16,bandit,16,2.8825990353171704,3.23605947898142,0.5,0.5,0.0,0.0,-2.0,-0.5,0.5
seed-12496-pa-0.20-pb-0.50,seed-12496-pa-0.20-pb-0.50:17,bandit,17,3.3868710061149017,3.23605947898142,0.5,0.5,0.0,0.0,-2.0,-0.5,0.5
seed-12496-pa-0.20-pb-0.50,seed-12496-pa-0.20-pb-0.50:18,bandit,18,4.100412651601648,3.23605947898142,0.7272727272727271,0.7272727272727271,0.0,0.0,3.0,-0.5,0.5
seed-12496-pa-0.20-pb-0.50,seed-12496-pa-0.20-pb-0.50:19,bandit,19,3.575939419878843,3.23605947898142,0.7272727272727271,0.7272727272727271,0.0,0.0,3.0,-0.5,0.5
seed-12496-pa-0.20-pb-0.50,seed-12496-pa-0.20-pb-0.50:20,bandit,20,4.261871006114902,3.23605947898142,0.7272727272727271,0.7272727272727271,0.0,0.0,-2.0,-0.5,0.5
seed-12496-pa-0.20-pb-0.50,seed-12496-pa-0.20-pb-0.50:21,bandit,21,4.392675057605601,3.23605947898142,0.9166666666666664,0.9166666666666664,0.0,0.0,3.0,-0.5,0.5
seed-12496-pa-0.20-pb-0.50,seed-12496-pa-0.20-pb-0.50:22,bandit,22,4.031150136248314,3.23605947898142,0.9166666666666664,0.9166666666666664,0.0,0.0,-2.0,-0.5,0.5
seed-12496-pa-0.20-pb-0.50,seed-12496-pa-0.20-pb-0.50:23,bandit,23,3.3825990353171704,3.23605947898142,0.6923076923076925,0.6923076923076925,0.0,0.0,-2.0,-0.5,0.5
seed-12496-pa-0.20-pb-0.50,seed-12496-pa-0.20-pb-0.50:24,bandit,24,3.450939419878843,3.23605947898142,0.5,0.5,0.0,0.0,-2.0,-0.5,0.5
seed-12496-pa-0.20-pb-0.50,seed-12496-pa-0.20-pb-0.50:25,bandit,25,4.642675057605601,3.23605947898142,0.6666666666666665,0.6666666666666665,0.0,0.0,3.0,-0.5,0.5
seed-12496-pa-0.20-pb-0.50,seed-12496-pa-0.20-pb-0.50:26,bandit,26,4.350412651601648,3.23605947898142,0.6666666666666665,0.6666666666666665,0.0,0.0,-2.0,-0.5,0.5
seed-12496-pa-0.20-pb-0.50,seed-12496-pa-0.20-pb-0.50:27,bandit,27,4.642675057605601,3.23605947898142,0.8125,0.8125,0.0,0.0,3.0,-0.5,0.5
seed-12496-pa-0.20-pb-0.50,seed-12496-pa-0.20-pb-0.50:28,bandit,28,3.938261687518224,3.23605947898142,0.8125,0.8125,0.0,0.0,3.0,-0.5,0.5
seed-12496-pa-0.20-pb-0.50,seed-12496-pa-0.20-pb-0.50:29,bandit,29,5.100412651601648,3.23605947898142,0.8125,0.8125,0.0,0.0,-2.0,-0.5,0.5
seed-12496-pa-0.20-pb-0.50,seed-12496-pa-0.20-pb-0.50:30,bandit,30,5.328889734292549,3.23605947898142,0.9411764705882356,0.9411764705882356,0.0,0.0,3.0,-0.5,0.5
seed-12496-pa-0.20-pb-0.50,seed-12496-pa-0.20-pb-0.50:31,bandit,31,4.406150136248314,3.23605947898142,0.9411764705882356,0.9411764705882356,0.0,0.0,3.0,-0.5,0.5
seed-12496-pa-0.20-pb-0.50,seed-12496-pa-0.20-pb-0.50:32,bandit,32,5.17974463538566,3.23605947898142,0.9411764705882356,0.9411764705882356,0.0,0.0,-2.0,-0.5,0.5
seed-12496-pa-0.20-pb-0.50,seed-12496-pa-0.20-pb-0.50:33,bandit,33,4.313261687518224,3.23605947898142,0.7777777777777777,0.7777777777777777,0.0,0.0,-2.0,-0.5,0.5
seed-12496-pa-0.20-pb-0.50,seed-12496-pa-0.20-pb-0.50:34,bandit,34,4.406150136248314,3.23605947898142,0.7777777777777777,0.7777777777777777,0.0,0.0,-2.0,-0.5,0.5
seed-12496-pa-0.20-pb-0.50,seed-12496-pa-0.20-pb-0.50:35,bandit,35,5.17974463538566,3.23605947898142,0.7777777777777777,0.7777777777777777,0.0,0.0,3.0,-0.5,0.5
seed-12496-pa-0.20-pb-0.50,seed-12496-pa-0.20-pb-0.50:36,bandit,36,4.987822278771571,3.23605947898142,0.7777777777777777,0.7777777777777777,0.0,0.0,-2.0,-0.5,0.5
seed-12496-pa-0.20-pb-0.50,seed-12496-pa-0.20-pb-0.50:37,bandit,37,5.203889734292549,3.23605947898142,0.8947368421052633,0.8947368421052633,0.0,0.0,3.0,-0.5,0.5
seed-12496-pa-0.20-pb-0.50,seed-12496-pa-0.20-pb-0.50:38,bandit,38,5.285224150438086,3.23605947898142,0.8947368421052633,0.8947368421052633,0.0,0.0,-2.0,-0.5,0.5
seed-12496-pa-0.20-pb-0.50,seed-12496-pa-0.20-pb-0.50:39,bandit,39,4.7234445810050545,3.23605947898142,0.75,0.75,0.0,0.0,-2.0,-0.5,0.5
seed-12496-pa-0.20-pb-0.50,seed-12496-pa-0.20-pb-0.50:40,bandit,40,4.511871006114902,3.23605947898142,0.6190476190476191,0.6190476190476191,0.0,0.0,-2.0,-0.5,0.5
seed-12496-pa-0.20-pb-0.50,seed-12496-pa-0.20-pb-0.50:41,bandit,41,5.6949361996449746,3.23605947898142,0.7272727272727271,0.7272727272727271,0.0,0.0,3.0,-0.5,0.5
seed-12496-pa-0.20-pb-0.50,seed-12496-pa-0.20-pb-0.50:42,bandit,42,5.660224150438086,3.23605947898142,0.7272727272727271,0.7272727272727271,0.0,0.0,-2.0,-0.5,0.5
seed-12496-pa-0.20-pb-0.50,seed-12496-pa-0.20-pb-0.50:43,bandit,43,5.686967589003199,3.23605947898142,0.8260869565217392,0.8260869565217392,0.0,0.0,3.0,-0.5,0.5
seed-12496-pa-0.20-pb-0.50,seed-12496-pa-0.20-pb-0.50:44,bandit,44,5.767675057605601,3.23605947898142,0.8260869565217392,0.8260869565217392,0.0,0.0,-2.0,-0.5,0.5
seed-12496-pa-0.20-pb-0.50,seed-12496-pa-0.20-pb-0.50:45,bandit,45,5.313261687518224,3.23605947898142,0.7083333333333335,0.7083333333333335,0.0,0.0,-2.0,-0.5,0.5
seed-12496-pa-0.20-pb-0.50,seed-12496-pa-0.20-pb-0.50:46,bandit,46,5.703889734292549,3.23605947898142,0.7999999999999998,0.7999999999999998,0.0,0.0,3.0,-0.5,0.5
seed-12496-pa-0.20-pb-0.50,seed-12496-pa-0.20-pb-0.50:47,bandit,47,5.142675057605601,3.23605947898142,0.7999999999999998,0.7999999999999998,0.0,0.0,3.0,-0.5,0.5
seed-12496-pa-0.20-pb-0.50,seed-12496-pa-0.20-pb-0.50:48,bandit,48,5.876929081345374,3.23605947898142,0.7999999999999998,0.7999999999999998,0.0,0.0,-2.0,-0.5,0.5
seed-12496-pa-0.20-pb-0.50,seed-12496-pa-0.20-pb-0.50:49,bandit,49,5.79858735157374,3.23605947898142,0.8846153846153846,0.8846153846153846,0.0,0.0,3.0,-0.5,0.5
seed-12496-pa-0.20-pb-0.50,seed-12496-pa-0.20-pb-0.50:50,bandit,50,5.876928011042974,3.23605947898142,0.8846153846153846,0.8846153846153846,0.0,0.0,-2.0,-0.5,0.5
seed-12496-pa-0.20-pb-0.50,seed-12496-pa-0.20-pb-0.50:51,bandit,51,5.679882179158078,3.23605947898142,0.9629629629629628,0.9629629629629628,0.0,0.0,3.0,-0.5,0.5
seed-12496-pa-0.20-pb-0.50,seed-12496-pa-0.20-pb-0.50:52,bandit,52,5.33893946547494,3.23605947898142,0.9629629629629628,0.9629629629629628,0.0,0.0,3.0,-0.5,0.5
seed-12496-pa-0.20-pb-0.50,seed-12496-pa-0.20-pb-0.50:53,bandit,53,6.100412651601648,3.23605947898142,0.9629629629629628,0.9629629629629628,0.0,0.0,-2.0,-0.5,0.5
seed-12496-pa-0.20-pb-0.50,seed-12496-pa-0.20-pb-0.50:54,bandit,54,5.261871006114902,3.23605947898142,0.8571428571428572,0.8571428571428572,0.0,0.0,-2.0,-0.5,0.5
seed-12496-pa-0.20-pb-0.50,seed-12496-pa-0.20-pb-0.50:55,bandit,55,5.7234445810050545,3.23605947898142,0.8571428571428572,0.8571428571428572,0.0,0.0,-2.0,-0.5,0.5
seed-12496-pa-0.20-pb-0.50,seed-12496-pa-0.20-pb-0.50:56,bandit,56,6.237822278771571,3.23605947898142,0.9310344827586206,0.9310344827586206,0.0,0.0,3.0,-0.5,0.5
seed-12496-pa-0.20-pb-0.50,seed-12496-pa-0.20-pb-0.50:57,bandit,57,5.501929081345374,3.23605947898142,1.0,1.0,0.0,0.0,3.0,-0.5,0.5
seed-12496-pa-0.20-pb-0.50,seed-12496-pa-0.20-pb-0.50:58,bandit,58,5.410224150438086,3.23605947898142,1.0,1.0,0.0,0.0,3.0,-0.5,0.5
seed-12496-pa-0.20-pb-0.50,seed-12496-pa-0.20-pb-0.50:59,bandit,59,6.225412651601648,3.23605947898142,1.0,1.0,0.0,0.0,-2.0,-0.5,0.5
seed-12496-pa-0.20-pb-0.50,seed-12496-pa-0.20-pb-0.50:60,bandit,60,5.701413277982752,3.23605947898142,1.0,1.0,0.0,0.0,-2.0,-0.5,0.5
seed-12496-pa-0.20-pb-0.50,seed-12496-pa-0.20-pb-0.50:61,bandit,61,6.100206558916746,3.23605947898142,1.064516129032258,1.064516129032258,0.0,0.0,3.0,-0.5,0.5
seed-12496-pa-0.20-pb-0.50,seed-12496-pa-0.20-pb-0.50:62,bandit,62,6.251928011042974,3.23605947898142,1.064516129032258,1.064516129032258,0.0,0.0,-2.0,-0.5,0.5
seed-12496-pa-0.20-pb-0.50,seed-12496-pa-0.20-pb-0.50:63,bandit,63,6.0699361996449746,3.23605947898142,1.125,1.125,0.0,0.0,3.0,-0.5,0.5
seed-12496-pa-0.20-pb-0.50,seed-12496-pa-0.20-pb-0.50:64,bandit,64,6.126928011042974,3.23605947898142,1.125,1.125,0.0,0.0,-2.0,-0.5,0.5
seed-12496-pa-0.20-pb-0.50,seed-12496-pa-0.20-pb-0.50:65,bandit,65,6.186967589003199,3.23605947898142,1.1818181818181817,1.1818181818181817,0.0,0.0,3.0,-0.5,0.5
seed-12496-pa-0.20-pb-0.50,seed-12496-pa-0.20-pb-0.50:66,bandit,66,6.001928011042974,3.23605947898142,1.1818181818181817,1.1818181818181817,0.0,0.0,-2.0,-0.5,0.5
seed-12496-pa-0.20-pb-0.50,seed-12496-pa-0.20-pb-0.50:67,bandit,67,5.563261687518224,3.23605947898142,1.0882352941176472,1.0882352941176472,0.0,0.0,-2.0,-0.5,0.5
seed-12496-pa-0.20-pb-0.50,seed-12496-pa-0.20-pb-0.50:68,bandit,68,5.511871006114902,3.23605947898142,1.0882352941176472,1.0882352941176472,0.0,0.0,-2.0,-0.5,0.5
seed-12496-pa-0.20-pb-0.50,seed-12496-pa-0.20-pb-0.50:69,bandit,69,5.376929081345374,3.23605947898142,1.0,1.0,0.0,0.0,-2.0,-0.5,0.5
seed-12496-pa-0.20-pb-0.50,seed-12496-pa-0.20-pb-0.50:70,bandit,70,6.001929081345374,3.23605947898142,1.0555555555555554,1.0555555555555554,0.0,0.0,3.0,-0.5,0.5
seed-12496-pa-0.20-pb-0.50,seed-12496-pa-0.20-pb-0.50:71,bandit,71,6.410224150438086,3.23605947898142,1.0555555555555554,1.0555555555555554,0.0,0.0,-2.0,-0.5,0.5
seed-12496-pa-0.20-pb-0.50,seed-12496-pa-0.20-pb-0.50:72,bandit,72,5.501929081345374,3.23605947898142,1.0555555555555554,1.0555555555555554,0.0,0.0,-2.0,-0.5,0.5
seed-12496-pa-0.20-pb-0.50,seed-12496-pa-0.20-pb-0.50:73,bandit,73,5.688261687518224,3.23605947898142,0.9729729729729728,0.9729729729729728,0.0,0.0,-2.0,-0.5,0.5
seed-12496-pa-0.20-pb-0.50,seed-12496-pa-0.20-pb-0.50:74,bandit,74,6.142675057605601,3.23605947898142,1.026315789473684,1.026315789473684,0.0,0.0,3.0,-0.5,0.5
seed-12496-pa-0.20-pb-0.50,seed-12496-pa-0.20-pb-0.50:75,bandit,75,6.350412651601648,3.23605947898142,1.026315789473684,1.026315789473684,0.0,0.0,-2.0,-0.5,0.5
seed-12496-pa-0.20-pb-0.50,seed-12496-pa-0.20-pb-0.50:76,bandit,76,5.80370067827652,3.23605947898142,0.9487179487179488,0.9487179487179488,0.0,0.0,-2.0,-0.5,0.5
seed-12496-pa-0.20-pb-0.50,seed-12496-pa-0.20-pb-0.50:77,bandit,77,5.261871006114902,3.23605947898142,0.875,0.875,0.0,0.0,-2.0,-0.5,0.5
seed-12496-pa-0.20-pb-0.50,seed-12496-pa-0.20-pb-0.50:78,bandit,78,5.876928011042974,3.23605947898142,0.9268292682926828,0.9268292682926828,0.0,0.0,3.0,-0.5,0.5
seed-12496-pa-0.20-pb-0.50,seed-12496-pa-0.20-pb-0.50:79,bandit,79,6.031150136248314,3.23605947898142,0.9268292682926828,0.9268292682926828,0.0,0.0,-2.0,-0.5,0.5
seed-12496-pa-0.20-pb-0.50,seed-12496-pa-0.20-pb-0.50:80,bandit,80,5.600206558916746,3.23605947898142,0.9268292682926828,0.9268292682926828,0.0,0.0,3.0,-0.5,0.5
seed-12496-pa-0.20-pb-0.50,seed-12496-pa-0.20-pb-0.50:81,bandit,81,6.035224150438086,3.23605947898142,0.9268292682926828,0.9268292682926828,0.0,0.0,-2.0,-0.5,0.5
seed-12496-pa-0.20-pb-0.50,seed-12496-pa-0.20-pb-0.50:82,bandit,82,6.04858735157374,3.23605947898142,0.9761904761904764,0.9761904761904764,0.0,0.0,3.0,-0.5,0.5
seed-12496-pa-0.20-pb-0.50,seed-12496-pa-0.20-pb-0.50:83,bandit,83,6.001928011042974,3.23605947898142,0.9761904761904764,0.9761904761904764,0.0,0.0,-2.0,-0.5,0.5
seed-12496-pa-0.20-pb-0.50,seed-12496-pa-0.20-pb-0.50:84,bandit,84,5.7880413716877825,3.23605947898142,1.0232558139534884,1.0232558139534884,0.0,0.0,3.0,-0.5,0.5
seed-12496-pa-0.20-pb-0.50,seed-12496-pa-0.20-pb-0.50:85,bandit,85,5.92974463538566,3.23605947898142,1.0232558139534884,1.0232558139534884,0.0,0.0,-2.0,-0.5,0.5
seed-12496-pa-0.20-pb-0.50,seed-12496-pa-0.20-pb-0.50:86,bandit,86,5.563261687518224,3.23605947898142,0.9545454545454546,0.9545454545454546,0.0,0.0,-2.0,-0.5,0.5
seed-12496-pa-0.20-pb-0.50,seed-12496-pa-0.20-pb-0.50:87,bandit,87,5.600412651601648,3.23605947898142,0.8888888888888888,0.8888888888888888,0.0,0.0,-2.0,-0.5,0.5
seed-12496-pa-0.20-pb-0.50,seed-12496-pa-0.20-pb-0.50:88,bandit,88,5.100412651601648,3.23605947898142,0.8260869565217392,0.8260869565217392,0.0,0.0,-2.0,-0.5,0.5
seed-12496-pa-0.20-pb-0.50,seed-12496-pa-0.20-pb-0.50:89,bandit,89,4.92974463538566,3.23605947898142,0.7659574468085109,0.7659574468085109,0.0,0.0,-2.0,-0.5,0.5
seed-12496-pa-0.20-pb-0.50,seed-12496-pa-0.20-pb-0.50:90,bandit,90,5.767675057605601,3.23605947898142,0.8125,0.8125,0.0,0.0,3.0,-0.5,0.5
seed-12496-pa-0.20-pb-0.50,seed-12496-pa-0.20-pb-0.50:91,bandit,91,6.063261687518224,3.23605947898142,0.8125,0.8125,0.0,0.0,-2.0,-0.5,0.5
seed-12496-pa-0.20-pb-0.50,seed-12496-pa-0.20-pb-0.50:92,bandit,92,5.811967589003199,3.23605947898142,0.8571428571428572,0.8571428571428572,0.0,0.0,3.0,-0.5,0.5
seed-12496-pa-0.20-pb-0.50,seed-12496-pa-0.20-pb-0.50:93,bandit,93,6.017675057605601,3.23605947898142,0.8571428571428572,0.8571428571428572,0.0,0.0,-2.0,-0.5,0.5
seed-12496-pa-0.20-pb-0.50,seed-12496-pa-0.20-pb-0.50:94,bandit,94,5.9130413716877825,3.23605947898142,0.8999999999999999,0.8999999999999999,0.0,0.0,3.0,-0.5,0.5
seed-12496-pa-0.20-pb-0.50,seed-12496-pa-0.20-pb-0.50:95,bandit,95,5.892675057605601,3.23605947898142,0.8999999999999999,0.8999999999999999,0.0,0.0,-2.0,-0.5,0.5
seed-12496-pa-0.20-pb-0.50,seed-12496-pa-0.20-pb-0.50:96,bandit,96,5.65864569998304,3.23605947898142,0.9411764705882356,0.9411764705882356,0.0,0.0,3.0,-0.5,0.5
seed-12496-pa-0.20-pb-0.50,seed-12496-pa-0.20-pb-0.50:97,bandit,97,5.767675057605601,3.23605947898142,0.9411764705882356,0.9411764705882356,0.0,0.0,-2.0,-0.5,0.5
seed-12496-pa-0.20-pb-0.50,seed-12496-pa-0.20-pb-0.50:98,bandit,98,5.53364569998304,3.23605947898142,0.9807692307692308,0.9807692307692308,0.0,0.0,3.0,-0.5,0.5
seed-12496-pa-0.20-pb-0.50,seed-12496-pa-0.20-pb-0.50:99,bandit,99,5.417999079229087,3.23605947898142,0.9807692307692308,0.9807692307692308,0.0,0.0,3.0,-0.5,0.5
seed-12503-pa-0.50-pb-0.65,seed-12503-pa-0.50-pb-0.65:0,bandit,0,4.203889734292549,3.5027545878424275,0.5,0.5,0.0,0.0,0.0,-1.25,1.25
seed-12503-pa-0.50-pb-0.65,seed-12503-pa-0.50-pb-0.65:1,bandit,1,3.4287006782765204,3.5027545878424275,1.3333333333333337,1.3333333333333337,0.0,0.0,3.0,-1.25,1.25
seed-12503-pa-0.50-pb-0.65,seed-12503-pa-0.50-pb-0.65:2,bandit,2,2.0019290813453736,3.5027545878424275,1.75,1.75,0.0,0.0,3.0,-1.25,1.25
seed-12508-pa-0.35-pb-0.20,seed-12508-pa-0.35-pb-0.20:0,bandit,0,4.203889734292549,2.969364370120412,0.5,0.5,0.0,0.0,0.0,0.25,-0.25
seed-12508-pa-0.35-pb-0.20,seed-12508-pa-0.35-pb-0.20:1,bandit,1,3.849076984180108,2.969364370120412,0.5,0.5,0.0,0.0,-2.0,0.25,-0.25
seed-12508-pa-0.35-pb-0.20,seed-12508-pa-0.35-pb-0.20:2,bandit,2,4.350412651601648,2.969364370120412,0.5,0.5,0.0,0.0,3.0,0.25,-0.25
seed-12508-pa-0.35-pb-0.20,seed-12508-pa-0.35-pb-0.20:3,bandit,3,2.1787006782765204,2.969364370120412,0.5,0.5,0.0,0.0,-2.0,0.25,-0.25
seed-12508-pa-0.35-pb-0.20,seed-12508-pa-0.35-pb-0.20:4,bandit,4,1.7254126516016477,2.969364370120412,0.0,0.0,0.0,0.0,-2.0,0.25,-0.25
seed-12508-pa-0.35-pb-0.20,seed-12508-pa-0.35-pb-0.20:5,bandit,5,0.9509394198788428,2.969364370120412,0.0,0.0,0.0,0.0,-2.0,0.25,-0.25
seed-12508-pa-0.35-pb-0.20,seed-12508-pa-0.35-pb-0.20:6,bandit,6,0.67974463538566,2.969364370120412,-0.3333333333333332,-0.3333333333333332,0.0,0.0,-2.0,0.25,-0.25
seed-12508-pa-0.35-pb-0.20,seed-12508-pa-0.35-pb-0.20:7,bandit,7,1.8132616875182244,2.969364370120412,0.0,0.0,0.0,0.0,3.0,0.25,-0.25
seed-12508-pa-0.35-pb-0.20,seed-12508-pa-0.35-pb-0.20:8,bandit,8,2.099076984180108,2.969364370120412,0.1428571428571428,0.1428571428571428,0.0,0.0,3.0,0.25,-0.25
seed-12512-pa-0.20-pb-0.50,seed-12512-pa-0.20-pb-0.50:0,bandit,0,4.203889734292549,3.23605947898142,0.5,0.5,0.0,0.0,0.0,-0.5,0.5
seed-12512-pa-0.20-pb-0.50,seed-12512-pa-0.20-pb-0.50:1,bandit,1,3.849076984180108,3.23605947898142,0.5,0.5,0.0,0.0,-2.0,-0.5,0.5
seed-12516-pa-0.65-pb-0.65,seed-12516-pa-0.65-pb-0.65:0,bandit,0,4.203889734292549,3.5027545878424275,0.5,0.5,0.0,0.0,0.0,-1.25,1.25
seed-12516-pa-0.65-pb-0.65,seed-12516-pa-0.65-pb-0.65:1,bandit,1,3.0075990353171704,3.5027545878424275,0.5,0.5,0.0,0.0,-2.0,-1.25,1.25
seed-12516-pa-0.65-pb-0.65,seed-12516-pa-0.65-pb-0.65:2,bandit,2,0.3868710061149016,3.5027545878424275,0.5,0.5,0.0,0.0,-2.0,-1.25,1.25
seed-12526-pa-0.65-pb-0.50,seed-12526-pa-0.65-pb-0.50:0,bandit,0,4.203889734292549,3.5027545878424275,0.5,0.5,0.0,0.0,0.0,-1.25,1.25
seed-12526-pa-0.65-pb-0.50,seed-12526-pa-0.65-pb-0.50:1,bandit,1,4.42870067827652,3.5027545878424275,1.3333333333333337,1.3333333333333337,0.0,0.0,3.0,-1.25,1.25
seed-12526-pa-0.65-pb-0.50,seed-12526-pa-0.65-pb-0.50:2,bandit,2,3.201413277982752,3.5027545878424275,1.75,1.75,0.0,0.0,3.0,-1.25,1.25
seed-12526-pa-0.65-pb-0.50,seed-12526-pa-0.65-pb-0.50:3,bandit,3,3.4878222787715707,3.5027545878424275,2.0,2.0,0.0,0.0,3.0,-1.25,1.25
seed-12526-pa-0.65-pb-0.50,seed-12526-pa-0.65-pb-0.50:4,bandit,4,2.1602241504380864,3.5027545878424275,2.166666666666667,2.166666666666667,0.0,0.0,3.0,-1.25,1.25
seed-12526-pa-0.65-pb-0.50,seed-12526-pa-0.65-pb-0.50:5,bandit,5,2.517675057605601,3.5027545878424275,2.2857142857142856,2.2857142857142856,0.0,0.0,3.0,-1.25,1.25
seed-12529-pa-0.65-pb-0.35,seed-12529-pa-0.65-pb-0.35:0,bandit,0,4.203889734292549,3.5027545878424275,0.5,0.5,0.0,0.0,0.0,-1.25,1.25
seed-12529-pa-0.65-pb-0.35,seed-12529-pa-0.65-pb-0.35:1,bandit,1,4.42870067827652,3.5027545878424275,1.3333333333333337,1.3333333333333337,0.0,0.0,3.0,-1.25,1.25
seed-12529-pa-0.65-pb-0.35,seed-12529-pa-0.65-pb-0.35:2,bandit,2,2.501928011042974,3.5027545878424275,1.3333333333333337,1.3333333333333337,0.0,0.0,-2.0,-1.25,1.25
seed-12529-pa-0.65-pb-0.35,seed-12529-pa-0.65-pb-0.35:3,bandit,3,2.6368710061149017,3.5027545878424275,1.75,1.75,0.0,0.0,3.0,-1.25,1.25
seed-12534-pa-0.50-pb-0.35,seed-12534-pa-0.50-pb-0.35:0,bandit,0,4.203889734292549,3.23605947898142,0.5,0.5,0.0,0.0,0.0,-0.5,0.5
seed-12534-pa-0.50-pb-0.35,seed-12534-pa-0.50-pb-0.35:1,bandit,1,4.42870067827652,3.23605947898142,1.3333333333333337,1.3333333333333337,0.0,0.0,3.0,-0.5,0.5
seed-12534-pa-0.50-pb-0.35,seed-12534-pa-0.50-pb-0.35:2,bandit,2,0.951413277982752,3.23605947898142,1.3333333333333337,1.3333333333333337,0.0,0.0,3.0,-0.5,0.5
foraging-pair-0072037-stay_x,foraging-pair-0072037-stay_x:0,foraging,0,3.5,2.0012061587737,2.0,2.0,0.0,0.0,0.0,-3.0,3.0
foraging-pair-0072037-stay_x,foraging-pair-0072037-stay_x:1,foraging,1,1.5,1.9229934615985371,2.6666666666666665,2.6666666666666665,0.0,0.0,4.0,-2.8,2.8
foraging-pair-0072037-stay_x,foraging-pair-0072037-stay_x:2,foraging,2,-0.25,1.8447807644233745,3.0,3.0,0.0,0.0,4.0,-2.6,2.6
foraging-pair-0072037-stay_y,foraging-pair-0072037-stay_y:0,foraging,0,2.875,2.0012061587737,2.0,2.0,0.0,0.0,0.0,-3.0,3.0
foraging-pair-0072037-stay_y,foraging-pair-0072037-stay_y:1,foraging,1,1.25,1.9229934615985371,2.6666666666666665,2.6666666666666665,0.0,0.0,4.0,-2.8,2.8
foraging-pair-0072037-stay_y,foraging-pair-0072037-stay_y:2,foraging,2,-0.375,1.8447807644233745,3.0,3.0,0.0,0.0,4.0,-2.6,2.6
foraging-pair-0072040-stay_x,foraging-pair-0072040-stay_x:0,foraging,0,1.375,0.5151649124456086,-1.0,1.0,2.0,1.0,0.0,0.7999999999999998,-0.7999999999999998
foraging-pair-0072040-stay_x,foraging-pair-0072040-stay_x:1,foraging,1,1.375,0.4369522152704458,-0.3333333333333335,1.6666666666666663,2.0,1.0,3.0,1.0,-1.0
foraging-pair-0072040-stay_x,foraging-pair-0072040-stay_x:2,foraging,2,0.5,0.35873951809528326,-1.0,1.0,2.0,1.0,-1.0,1.1999999999999995,-1.1999999999999995
foraging-pair-0072040-stay_x,foraging-pair-0072040-stay_x:3,foraging,3,0.25,0.2805268209201205,-0.6000000000000001,1.4,2.0,1.0,3.0,1.4,-1.4
foraging-pair-0072040-stay_y,foraging-pair-0072040-stay_y:0,foraging,0,1.125,0.5151649124456086,-1.0,1.0,2.0,1.0,0.0,0.7999999999999998,-0.7999999999999998
foraging-pair-0072040-stay_y,foraging-pair-0072040-stay_y:1,foraging,1,1.25,0.4369522152704458,-0.3333333333333335,1.6666666666666663,2.0,1.0,3.0,1.0,-1.0
foraging-pair-0072040-stay_y,foraging-pair-0072040-stay_y:2,foraging,2,0.75,0.35873951809528326,-1.0,1.0,2.0,1.0,-1.0,1.1999999999999995,-1.1999999999999995
foraging-pair-0072040-stay_y,foraging-pair-0072040-stay_y:3,foraging,3,0.125,0.2805268209201205,-0.6000000000000001,1.4,2.0,1.0,3.0,1.4,-1.4
foraging-pair-0072043-stay_x,foraging-pair-0072043-stay_x:0,foraging,0,1.875,1.2190791870220727,0.0,2.0,2.0,0.0,0.0,-1.0,1.0
foraging-pair-0072043-stay_x,foraging-pair-0072043-stay_x:1,foraging,1,1.5,1.0313687138016823,0.6666666666666665,2.6666666666666665,2.0,0.0,4.0,-0.52,0.52
foraging-pair-0072043-stay_x,foraging-pair-0072043-stay_x:2,foraging,2,-0.75,0.8436582405812919,1.0,3.0,2.0,0.0,4.0,-0.04,0.04
foraging-pair-0072043-stay_y,foraging-pair-0072043-stay_y:0,foraging,0,1.5,1.2190791870220727,0.0,2.0,2.0,0.0,0.0,-1.0,1.0
foraging-pair-0072043-stay_y,foraging-pair-0072043-stay_y:1,foraging,1,0.875,1.0313687138016823,0.6666666666666665,2.6666666666666665,2.0,0.0,4.0,-0.52,0.52
foraging-pair-0072043-stay_y,foraging-pair-0072043-stay_y:2,foraging,2,-0.875,0.8436582405812919,1.0,3.0,2.0,0.0,4.0,-0.04,0.04
foraging-pair-0072045-stay_x,foraging-pair-0072045-stay_x:0,foraging,0,2.375,1.6101426728978863,1.0,1.0,0.0,1.0,0.0,-2.0,2.0
foraging-pair-0072045-stay_x,foraging-pair-0072045-stay_x:1,foraging,1,1.75,1.5319299757227234,1.6666666666666663,1.6666666666666663,0.0,1.0,3.0,-1.7999999999999998,1.7999999999999998
foraging-pair-0072045-stay_x,foraging-pair-0072045-stay_x:2,foraging,2,0.75,1.453717278547561,1.0,1.0,0.0,1.0,-1.0,-1.6,1.6
foraging-pair-0072045-stay_y,foraging-pair-0072045-stay_y:0,foraging,0,2.0,1.6101426728978863,1.0,1.0,0.0,1.0,0.0,-2.0,2.0
foraging-pair-0072045-stay_y,foraging-pair-0072045-stay_y:1,foraging,1,1.25,1.5319299757227234,1.6666666666666663,1.6666666666666663,0.0,1.0,3.0,-1.7999999999999998,1.7999999999999998
foraging-pair-0072045-stay_y,foraging-pair-0072045-stay_y:2,foraging,2,1.0,1.453717278547561,1.0,1.0,0.0,1.0,-1.0,-1.6,1.6
foraging-pair-0072047-stay_x,foraging-pair-0072047-stay_x:0,foraging,0,2.375,1.6101426728978863,1.0,1.0,0.0,1.0,0.0,-2.0,2.0
foraging-pair-0072047-stay_x,foraging-pair-0072047-stay_x:1,foraging,1,1.75,1.4224321996774958,1.6666666666666663,1.6666666666666663,0.0,1.0,3.0,-1.52,1.52
foraging-pair-0072047-stay_x,foraging-pair-0072047-stay_x:2,foraging,2,-0.25,1.2347217264571053,2.0,2.0,0.0,1.0,3.0,-1.04,1.04
foraging-pair-0072047-stay_x,foraging-pair-0072047-stay_x:3,foraging,3,0.5,1.0470112532367148,1.4,1.4,0.0,1.0,-1.0,-0.56,0.56
foraging-pair-0072047-stay_y,foraging-pair-0072047-stay_y:0,foraging,0,2.0,1.6101426728978863,1.0,1.0,0.0,1.0,0.0,-2.0,2.0
foraging-pair-0072047-stay_y,foraging-pair-0072047-stay_y:1,foraging,1,1.25,1.4224321996774958,1.6666666666666663,1.6666666666666663,0.0,1.0,3.0,-1.52,1.52
foraging-pair-0072047-stay_y,foraging-pair-0072047-stay_y:2,foraging,2,-0.25,1.2347217264571053,2.0,2.0,0.0,1.0,3.0,-1.04,1.04
foraging-pair-0072047-stay_y,foraging-pair-0072047-stay_y:3,foraging,3,0.375,1.0470112532367148,1.4,1.4,0.0,1.0,-1.0,-0.56,0.56
foraging-pair-0072051-stay_x,foraging-pair-0072051-stay_x:0,foraging,0,1.875,0.9062283983214221,0.0,2.0,2.0,0.0,0.0,-0.2000000000000001,0.2000000000000001
foraging-pair-0072051-stay_y,foraging-pair-0072051-stay_y:0,foraging,0,1.5,0.9062283983214221,0.0,2.0,2.0,0.0,0.0,-0.2000000000000001,0.2000000000000001
foraging-pair-0072055-stay_x,foraging-pair-0072055-stay_x:0,foraging,0,2.375,0.9844410954965847,1.0,1.0,0.0,1.0,0.0,-0.3999999999999999,0.3999999999999999
foraging-pair-0072055-stay_x,foraging-pair-0072055-stay_x:1,foraging,1,-0.375,0.7967306222761943,0.3333333333333332,0.3333333333333332,0.0,1.0,-1.0,0.08,-0.08
foraging-pair-0072055-stay_y,foraging-pair-0072055-stay_y:0,foraging,0,2.0,0.9844410954965847,1.0,1.0,0.0,1.0,0.0,-0.3999999999999999,0.3999999999999999
foraging-pair-0072055-stay_y,foraging-pair-0072055-stay_y:1,foraging,1,-0.875,0.7967306222761943,0.3333333333333332,0.3333333333333332,0.0,1.0,-1.0,0.08,-0.08
foraging-pair-0072059-stay_x,foraging-pair-0072059-stay_x:0,foraging,0,1.375,0.20231412374495783,-1.0,1.0,2.0,1.0,0.0,1.6,-1.6
foraging-pair-0072059-stay_y,foraging-pair-0072059-stay_y:0,foraging,0,1.125,0.20231412374495783,-1.0,1.0,2.0,1.0,0.0,1.6,-1.6
foraging-pair-0072065-stay_x,foraging-pair-0072065-stay_x:0,foraging,0,1.875,0.5933776096207712,0.0,2.0,2.0,0.0,0.0,0.6000000000000001,-0.6000000000000001
foraging-pair-0072065-stay_x,foraging-pair-0072065-stay_x:1,foraging,1,0.375,0.5151649124456086,-0.6666666666666667,1.3333333333333333,2.0,0.0,0.0,0.8,-0.8
foraging-pair-0072065-stay_x,foraging-pair-0072065-stay_x:2,foraging,2,-0.875,0.4369522152704458,-1.0,1.0,2.0,0.0,0.0,1.0,-1.0
foraging-pair-0072065-stay_y,foraging-pair-0072065-stay_y:0,foraging,0,1.5,0.5933776096207712,0.0,2.0,2.0,0.0,0.0,0.6000000000000001,-0.6000000000000001
foraging-pair-0072065-stay_y,foraging-pair-0072065-stay_y:1,foraging,1,-0.375,0.5151649124456086,-0.6666666666666667,1.3333333333333333,2.0,0.0,0.0,0.8,-0.8
foraging-pair-0072068-stay_x,foraging-pair-0072068-stay_x:0,foraging,0,3.5,1.375504581372398,2.0,2.0,0.0,0.0,0.0,-1.4,1.4
foraging-pair-0072068-stay_x,foraging-pair-0072068-stay_x:1,foraging,1,0.75,1.1877941081520078,1.3333333333333333,1.3333333333333333,0.0,0.0,0.0,-0.92,0.92
foraging-pair-0072068-stay_x,foraging-pair-0072068-stay_x:2,foraging,2,-0.375,1.0000836349316171,2.0,2.0,0.0,0.0,4.0,-0.4399999999999999,0.4399999999999999
foraging-pair-0072068-stay_x,foraging-pair-0072068-stay_x:3,foraging,3,-0.25,0.906228398321422,1.6,1.6,0.0,0.0,0.0,-0.2,0.2
foraging-pair-0072068-stay_x,foraging-pair-0072068-stay_x:4,foraging,4,-0.75,0.906228398321422,1.3333333333333333,1.3333333333333333,0.0,0.0,0.0,-0.2,0.2
foraging-pair-0072068-stay_y,foraging-pair-0072068-stay_y:0,foraging,0,2.875,1.375504581372398,2.0,2.0,0.0,0.0,0.0,-1.4,1.4
foraging-pair-0072068-stay_y,foraging-pair-0072068-stay_y:1,foraging,1,0.375,1.1877941081520078,1.3333333333333333,1.3333333333333333,0.0,0.0,0.0,-0.92,0.92
foraging-pair-0072069-stay_x,foraging-pair-0072069-stay_x:0,foraging,0,2.375,1.6101426728978863,1.0,1.0,0.0,1.0,0.0,-2.0,2.0
foraging-pair-0072069-stay_x,foraging-pair-0072069-stay_x:1,foraging,1,1.75,1.5319299757227234,1.6666666666666663,1.6666666666666663,0.0,1.0,3.0,-1.7999999999999998,1.7999999999999998
foraging-pair-0072069-stay_x,foraging-pair-0072069-stay_x:2,foraging,2,0.75,1.453717278547561,1.0,1.0,0.0,1.0,-1.0,-1.6,1.6
foraging-pair-0072069-stay_x,foraging-pair-0072069-stay_x:3,foraging,3,0.5,1.375504581372398,1.4,1.4,0.0,1.0,3.0,-1.4,1.4
foraging-pair-0072069-stay_y,foraging-pair-0072069-stay_y:0,foraging,0,2.0,1.6101426728978863,1.0,1.0,0.0,1.0,0.0,-2.0,2.0
foraging-pair-0072069-stay_y,foraging-pair-0072069-stay_y:1,foraging,1,1.25,1.5319299757227234,1.6666666666666663,1.6666666666666663,0.0,1.0,3.0,-1.7999999999999998,1.7999999999999998
foraging-pair-0072069-stay_y,foraging-pair-0072069-stay_y:2,foraging,2,1.0,1.453717278547561,1.0,1.0,0.0,1.0,-1.0,-1.6,1.6
foraging-pair-0072069-stay_y,foraging-pair-0072069-stay_y:3,foraging,3,0.5,1.375504581372398,1.4,1.4,0.0,1.0,3.0,-1.4,1.4
foraging-pair-0072082-stay_x,foraging-pair-0072082-stay_x:0,foraging,0,3.5,1.6883553700730491,2.0,2.0,0.0,0.0,0.0,-2.2,2.2
foraging-pair-0072082-stay_x,foraging-pair-0072082-stay_x:1,foraging,1,0.75,1.6101426728978863,1.3333333333333333,1.3333333333333333,0.0,0.0,0.0,-2.0,2.0
foraging-pair-0072082-stay_x,foraging-pair-0072082-stay_x:2,foraging,2,-0.375,1.5319299757227238,2.0,2.0,0.0,0.0,4.0,-1.8000000000000005,1.8000000000000005
foraging-pair-0072082-stay_x,foraging-pair-0072082-stay_x:3,foraging,3,-0.25,1.453717278547561,1.6,1.6,0.0,0.0,0.0,-1.6,1.6
foraging-pair-0072082-stay_x,foraging-pair-0072082-stay_x:4,foraging,4,-0.75,1.375504581372398,1.3333333333333333,1.3333333333333333,0.0,0.0,0.0,-1.4,1.4
foraging-pair-0072082-stay_y,foraging-pair-0072082-stay_y:0,foraging,0,2.875,1.6883553700730491,2.0,2.0,0.0,0.0,0.0,-2.2,2.2
foraging-pair-0072082-stay_y,foraging-pair-0072082-stay_y:1,foraging,1,0.375,1.6101426728978863,1.3333333333333333,1.3333333333333333,0.0,0.0,0.0,-2.0,2.0
foraging-pair-0072082-stay_y,foraging-pair-0072082-stay_y:2,foraging,2,0.375,1.5319299757227238,2.0,2.0,0.0,0.0,4.0,-1.8000000000000005,1.8000000000000005
foraging-pair-0072082-stay_y,foraging-pair-0072082-stay_y:3,foraging,3,0.0,1.453717278547561,1.6,1.6,0.0,0.0,0.0,-1.6,1.6
foraging-pair-0072082-stay_y,foraging-pair-0072082-stay_y:4,foraging,4,-0.625,1.375504581372398,1.3333333333333333,1.3333333333333333,0.0,0.0,0.0,-1.4,1.4
foraging-pair-0072088-stay_x,foraging-pair-0072088-stay_x:0,foraging,0,1.375,0.5151649124456086,-1.0,1.0,2.0,1.0,0.0,0.7999999999999998,-0.7999999999999998
foraging-pair-0072088-stay_x,foraging-pair-0072088-stay_x:1,foraging,1,1.375,0.4369522152704458,-0.3333333333333335,1.6666666666666663,2.0,1.0,3.0,1.0,-1.0
foraging-pair-0072088-stay_x,foraging-pair-0072088-stay_x:2,foraging,2,0.5,0.35873951809528326,-1.0,1.0,2.0,1.0,-1.0,1.1999999999999995,-1.1999999999999995
foraging-pair-0072088-stay_x,foraging-pair-0072088-stay_x:3,foraging,3,-0.375,0.2805268209201205,-1.4,0.6000000000000001,2.0,1.0,-1.0,1.4,-1.4
foraging-pair-0072088-stay_y,foraging-pair-0072088-stay_y:0,foraging,0,1.125,0.5151649124456086,-1.0,1.0,2.0,1.0,0.0,0.7999999999999998,-0.7999999999999998
foraging-pair-0072088-stay_y,foraging-pair-0072088-stay_y:1,foraging,1,1.25,0.4369522152704458,-0.3333333333333335,1.6666666666666663,2.0,1.0,3.0,1.0,-1.0
foraging-pair-0072088-stay_y,foraging-pair-0072088-stay_y:2,foraging,2,0.75,0.35873951809528326,-1.0,1.0,2.0,1.0,-1.0,1.1999999999999995,-1.1999999999999995
foraging-pair-0072088-stay_y,foraging-pair-0072088-stay_y:3,foraging,3,-0.125,0.2805268209201205,-1.4,0.6000000000000001,2.0,1.0,-1.0,1.4,-1.4
foraging-pair-0072101-stay_x,foraging-pair-0072101-stay_x:0,foraging,0,1.375,0.20231412374495783,-1.0,1.0,2.0,1.0,0.0,1.6,-1.6
foraging-pair-0072101-stay_x,foraging-pair-0072101-stay_x:1,foraging,1,1.375,0.014603650524567358,-0.3333333333333335,1.6666666666666663,2.0,1.0,3.0,2.08,-2.08
foraging-pair-0072101-stay_y,foraging-pair-0072101-stay_y:0,foraging,0,1.125,0.20231412374495783,-1.0,1.0,2.0,1.0,0.0,1.6,-1.6
foraging-pair-0072101-stay_y,foraging-pair-0072101-stay_y:1,foraging,1,1.25,0.014603650524567358,-0.3333333333333335,1.6666666666666663,2.0,1.0,3.0,2.08,-2.08
foraging-pair-0072136-stay_x,foraging-pair-0072136-stay_x:0,foraging,0,1.375,0.5151649124456086,-1.0,1.0,2.0,1.0,0.0,0.7999999999999998,-0.7999999999999998
foraging-pair-0072136-stay_x,foraging-pair-0072136-stay_x:1,foraging,1,-0.5,0.4369522152704458,-1.6666666666666667,0.3333333333333332,2.0,1.0,-1.0,1.0,-1.0
foraging-pair-0072136-stay_y,foraging-pair-0072136-stay_y:0,foraging,0,1.125,0.5151649124456086,-1.0,1.0,2.0,1.0,0.0,0.7999999999999998,-0.7999999999999998
foraging-pair-0072136-stay_y,foraging-pair-0072136-stay_y:1,foraging,1,-0.625,0.4369522152704458,-1.6666666666666667,0.3333333333333332,2.0,1.0,-1.0,1.0,-1.0
foraging-pair-0072137-stay_x,foraging-pair-0072137-stay_x:0,foraging,0,1.875,0.5933776096207712,0.0,2.0,2.0,0.0,0.0,0.6000000000000001,-0.6000000000000001
foraging-pair-0072137-stay_x,foraging-pair-0072137-stay_x:1,foraging,1,1.5,0.5151649124456086,0.6666666666666665,2.6666666666666665,2.0,0.0,4.0,0.8,-0.8
foraging-pair-0072137-stay_y,foraging-pair-0072137-stay_y:0,foraging,0,1.5,0.5933776096207712,0.0,2.0,2.0,0.0,0.0,0.6000000000000001,-0.6000000000000001
foraging-pair-0072137-stay_y,foraging-pair-0072137-stay_y:1,foraging,1,0.875,0.5151649124456086,0.6666666666666665,2.6666666666666665,2.0,0.0,4.0,0.8,-0.8
foraging-pair-0072139-stay_x,foraging-pair-0072139-stay_x:0,foraging,0,1.875,1.2190791870220727,0.0,2.0,2.0,0.0,0.0,-1.0,1.0
foraging-pair-0072139-stay_x,foraging-pair-0072139-stay_x:1,foraging,1,1.5,1.0313687138016823,0.6666666666666665,2.6666666666666665,2.0,0.0,4.0,-0.52,0.52
foraging-pair-0072139-stay_x,foraging-pair-0072139-stay_x:2,foraging,2,-0.625,0.8436582405812919,0.0,2.0,2.0,0.0,0.0,-0.04,0.04
foraging-pair-0072139-stay_x,foraging-pair-0072139-stay_x:3,foraging,3,-1.0,0.6559477673609014,-0.3999999999999999,1.6,2.0,0.0,0.0,0.4399999999999999,-0.4399999999999999
foraging-pair-0072139-stay_x,foraging-pair-0072139-stay_x:4,foraging,4,-1.125,0.46823729414051096,-0.6666666666666667,1.3333333333333333,2.0,0.0,0.0,0.92,-0.92
foraging-pair-0072139-stay_y,foraging-pair-0072139-stay_y:0,foraging,0,1.5,1.2190791870220727,0.0,2.0,2.0,0.0,0.0,-1.0,1.0
foraging-pair-0072139-stay_y,foraging-pair-0072139-stay_y:1,foraging,1,0.875,1.0313687138016823,0.6666666666666665,2.6666666666666665,2.0,0.0,4.0,-0.52,0.52
foraging-pair-0072139-stay_y,foraging-pair-0072139-stay_y:2,foraging,2,-0.625,0.8436582405812919,0.0,2.0,2.0,0.0,0.0,-0.04,0.04
foraging-pair-0072139-stay_y,foraging-pair-0072139-stay_y:3,foraging,3,-1.0,0.6559477673609014,-0.3999999999999999,1.6,2.0,0.0,0.0,0.4399999999999999,-0.4399999999999999
foraging-pair-0072139-stay_y,foraging-pair-0072139-stay_y:4,foraging,4,-1.25,0.46823729414051096,-0.6666666666666667,1.3333333333333333,2.0,0.0,0.0,0.92,-0.92
foraging-pair-0072146-stay_x,foraging-pair-0072146-stay_x:0,foraging,0,1.375,0.5151649124456086,-1.0,1.0,2.0,1.0,0.0,0.7999999999999998,-0.7999999999999998
foraging-pair-0072146-stay_x,foraging-pair-0072146-stay_x:1,foraging,1,1.375,0.3274544392252181,-0.3333333333333335,1.6666666666666663,2.0,1.0,3.0,1.2799999999999998,-1.2799999999999998
foraging-pair-0072146-stay_x,foraging-pair-0072146-stay_x:2,foraging,2,0.5,0.13974396600482775,-1.0,1.0,2.0,1.0,-1.0,1.7599999999999998,-1.7599999999999998
foraging-pair-0072146-stay_y,foraging-pair-0072146-stay_y:0,foraging,0,1.125,0.5151649124456086,-1.0,1.0,2.0,1.0,0.0,0.7999999999999998,-0.7999999999999998
foraging-pair-0072146-stay_y,foraging-pair-0072146-stay_y:1,foraging,1,1.25,0.3274544392252181,-0.3333333333333335,1.6666666666666663,2.0,1.0,3.0,1.2799999999999998,-1.2799999999999998
foraging-pair-0072146-stay_y,foraging-pair-0072146-stay_y:2,foraging,2,0.75,0.13974396600482775,-1.0,1.0,2.0,1.0,-1.0,1.7599999999999998,-1.7599999999999998
foraging-pair-0072158-stay_x,foraging-pair-0072158-stay_x:0,foraging,0,3.5,2.0012061587737,2.0,2.0,0.0,0.0,0.0,-3.0,3.0
foraging-pair-0072158-stay_x,foraging-pair-0072158-stay_x:1,foraging,1,1.5,1.8134956855533093,2.6666666666666665,2.6666666666666665,0.0,0.0,4.0,-2.52,2.52
foraging-pair-0072158-stay_x,foraging-pair-0072158-stay_x:2,foraging,2,-0.25,1.6257852123329188,3.0,3.0,0.0,0.0,4.0,-2.04,2.04
foraging-pair-0072158-stay_x,foraging-pair-0072158-stay_x:3,foraging,3,0.5,1.4380747391125284,3.2,3.2,0.0,0.0,4.0,-1.56,1.56
foraging-pair-0072158-stay_y,foraging-pair-0072158-stay_y:0,foraging,0,2.875,2.0012061587737,2.0,2.0,0.0,0.0,0.0,-3.0,3.0
foraging-pair-0072158-stay_y,foraging-pair-0072158-stay_y:1,foraging,1,1.25,1.8134956855533093,2.6666666666666665,2.6666666666666665,0.0,0.0,4.0,-2.52,2.52
foraging-pair-0072158-stay_y,foraging-pair-0072158-stay_y:2,foraging,2,-0.375,1.6257852123329188,3.0,3.0,0.0,0.0,4.0,-2.04,2.04
foraging-pair-0072158-stay_y,foraging-pair-0072158-stay_y:3,foraging,3,0.5,1.4380747391125284,3.2,3.2,0.0,0.0,4.0,-1.56,1.56
foraging-pair-0072159-stay_x,foraging-pair-0072159-stay_x:0,foraging,0,3.5,1.375504581372398,2.0,2.0,0.0,0.0,0.0,-1.4,1.4
foraging-pair-0072159-stay_x,foraging-pair-0072159-stay_x:1,foraging,1,1.5,1.2972918841972354,2.6666666666666665,2.6666666666666665,0.0,0.0,4.0,-1.2,1.2
foraging-pair-0072159-stay_x,foraging-pair-0072159-stay_x:2,foraging,2,-1.125,1.2190791870220727,2.0,2.0,0.0,0.0,0.0,-1.0,1.0
foraging-pair-0072159-stay_x,foraging-pair-0072159-stay_x:3,foraging,3,-1.25,1.14086648984691,1.6,1.6,0.0,0.0,0.0,-0.7999999999999998,0.7999999999999998
foraging-pair-0072159-stay_y,foraging-pair-0072159-stay_y:0,foraging,0,2.875,1.375504581372398,2.0,2.0,0.0,0.0,0.0,-1.4,1.4
foraging-pair-0072159-stay_y,foraging-pair-0072159-stay_y:1,foraging,1,1.25,1.2972918841972354,2.6666666666666665,2.6666666666666665,0.0,0.0,4.0,-1.2,1.2
foraging-pair-0072159-stay_y,foraging-pair-0072159-stay_y:2,foraging,2,-0.875,1.2190791870220727,2.0,2.0,0.0,0.0,0.0,-1.0,1.0
foraging-pair-0072159-stay_y,foraging-pair-0072159-stay_y:3,foraging,3,-1.0,1.14086648984691,1.6,1.6,0.0,0.0,0.0,-0.7999999999999998,0.7999999999999998
foraging-pair-0072161-stay_x,foraging-pair-0072161-stay_x:0,foraging,0,1.875,0.5933776096207712,0.0,2.0,2.0,0.0,0.0,0.6000000000000001,-0.6000000000000001
foraging-pair-0072161-stay_x,foraging-pair-0072161-stay_x:1,foraging,1,1.5,0.5151649124456086,0.6666666666666665,2.6666666666666665,2.0,0.0,4.0,0.8,-0.8
foraging-pair-0072161-stay_x,foraging-pair-0072161-stay_x:2,foraging,2,-0.75,0.4369522152704458,1.0,3.0,2.0,0.0,4.0,1.0,-1.0
foraging-pair-0072161-stay_x,foraging-pair-0072161-stay_x:3,foraging,3,-0.875,0.35873951809528304,0.3999999999999999,2.4,2.0,0.0,0.0,1.2000000000000002,-1.2000000000000002
foraging-pair-0072161-stay_x,foraging-pair-0072161-stay_x:4,foraging,4,-0.375,0.2805268209201205,0.6666666666666665,2.6666666666666665,2.0,0.0,4.0,1.4,-1.4
foraging-pair-0072161-stay_x,foraging-pair-0072161-stay_x:5,foraging,5,-1.0,0.20231412374495783,0.2857142857142856,2.2857142857142856,2.0,0.0,0.0,1.6,-1.6
foraging-pair-0072161-stay_x,foraging-pair-0072161-stay_x:6,foraging,6,-0.75,0.12410142656979506,0.0,2.0,2.0,0.0,0.0,1.8,-1.8
foraging-pair-0072161-stay_x,foraging-pair-0072161-stay_x:7,foraging,7,-0.625,0.12410142656979506,-0.2222222222222223,1.7777777777777777,2.0,0.0,0.0,1.8,-1.8
foraging-pair-0072161-stay_y,foraging-pair-0072161-stay_y:0,foraging,0,1.5,0.5933776096207712,0.0,2.0,2.0,0.0,0.0,0.6000000000000001,-0.6000000000000001
foraging-pair-0072161-stay_y,foraging-pair-0072161-stay_y:1,foraging,1,0.875,0.5151649124456086,0.6666666666666665,2.6666666666666665,2.0,0.0,4.0,0.8,-0.8
foraging-pair-0072161-stay_y,foraging-pair-0072161-stay_y:2,foraging,2,-0.875,0.4369522152704458,1.0,3.0,2.0,0.0,4.0,1.0,-1.0
foraging-pair-0072161-stay_y,foraging-pair-0072161-stay_y:3,foraging,3,-0.5,0.35873951809528304,0.3999999999999999,2.4,2.0,0.0,0.0,1.2000000000000002,-1.2000000000000002
foraging-pair-0072161-stay_y,foraging-pair-0072161-stay_y:4,foraging,4,-0.125,0.2805268209201205,0.6666666666666665,2.6666666666666665,2.0,0.0,4.0,1.4,-1.4
foraging-pair-0072161-stay_y,foraging-pair-0072161-stay_y:5,foraging,5,-0.875,0.20231412374495783,0.2857142857142856,2.2857142857142856,2.0,0.0,0.0,1.6,-1.6
foraging-pair-0072161-stay_y,foraging-pair-0072161-stay_y:6,foraging,6,-0.75,0.12410142656979506,0.0,2.0,2.0,0.0,0.0,1.8,-1.8
foraging-pair-0072161-stay_y,foraging-pair-0072161-stay_y:7,foraging,7,-0.75,0.12410142656979506,-0.2222222222222223,1.7777777777777777,2.0,0.0,0.0,1.8,-1.8
foraging-pair-0072162-stay_x,foraging-pair-0072162-stay_x:0,foraging,0,2.375,0.9844410954965847,1.0,1.0,0.0,1.0,0.0,-0.3999999999999999,0.3999999999999999
foraging-pair-0072162-stay_x,foraging-pair-0072162-stay_x:1,foraging,1,-0.375,0.906228398321422,0.3333333333333332,0.3333333333333332,0.0,1.0,-1.0,-0.1999999999999999,0.1999999999999999
foraging-pair-0072162-stay_y,foraging-pair-0072162-stay_y:0,foraging,0,2.0,0.9844410954965847,1.0,1.0,0.0,1.0,0.0,-0.3999999999999999,0.3999999999999999
foraging-pair-0072162-stay_y,foraging-pair-0072162-stay_y:1,foraging,1,-0.875,0.906228398321422,0.3333333333333332,0.3333333333333332,0.0,1.0,-1.0,-0.1999999999999999,0.1999999999999999
foraging-pair-0072163-stay_x,foraging-pair-0072163-stay_x:0,foraging,0,1.875,1.2190791870220727,0.0,2.0,2.0,0.0,0.0,-1.0,1.0
foraging-pair-0072163-stay_x,foraging-pair-0072163-stay_x:1,foraging,1,1.5,1.0313687138016823,0.6666666666666665,2.6666666666666665,2.0,0.0,4.0,-0.52,0.52
foraging-pair-0072163-stay_x,foraging-pair-0072163-stay_x:2,foraging,2,-0.625,0.8436582405812919,0.0,2.0,2.0,0.0,0.0,-0.04,0.04
foraging-pair-0072163-stay_y,foraging-pair-0072163-stay_y:0,foraging,0,1.5,1.2190791870220727,0.0,2.0,2.0,0.0,0.0,-1.0,1.0
foraging-pair-0072163-stay_y,foraging-pair-0072163-stay_y:1,foraging,1,0.875,1.0313687138016823,0.6666666666666665,2.6666666666666665,2.0,0.0,4.0,-0.52,0.52
foraging-pair-0072163-stay_y,foraging-pair-0072163-stay_y:2,foraging,2,-0.625,0.8436582405812919,0.0,2.0,2.0,0.0,0.0,-0.04,0.04
foraging-pair-0072182-stay_x,foraging-pair-0072182-stay_x:0,foraging,0,3.5,2.0012061587737,2.0,2.0,0.0,0.0,0.0,-3.0,3.0
foraging-pair-0072182-stay_y,foraging-pair-0072182-stay_y:0,foraging,0,2.875,2.0012061587737,2.0,2.0,0.0,0.0,0.0,-3.0,3.0
foraging-pair-0072185-stay_x,foraging-pair-0072185-stay_x:0,foraging,0,1.875,0.5933776096207712,0.0,2.0,2.0,0.0,0.0,0.6000000000000001,-0.6000000000000001
foraging-pair-0072185-stay_x,foraging-pair-0072185-stay_x:1,foraging,1,0.375,0.5151649124456086,-0.6666666666666667,1.3333333333333333,2.0,0.0,0.0,0.8,-0.8
foraging-pair-0072185-stay_x,foraging-pair-0072185-stay_x:2,foraging,2,-0.25,0.4369522152704458,0.0,2.0,2.0,0.0,4.0,1.0,-1.0
foraging-pair-0072185-stay_y,foraging-pair-0072185-stay_y:0,foraging,0,1.5,0.5933776096207712,0.0,2.0,2.0,0.0,0.0,0.6000000000000001,-0.6000000000000001
foraging-pair-0072185-stay_y,foraging-pair-0072185-stay_y:1,foraging,1,-0.375,0.5151649124456086,-0.6666666666666667,1.3333333333333333,2.0,0.0,0.0,0.8,-0.8
foraging-pair-0072185-stay_y,foraging-pair-0072185-stay_y:2,foraging,2,0.125,0.4369522152704458,0.0,2.0,2.0,0.0,4.0,1.0,-1.0
foraging-pair-0072191-stay_x,foraging-pair-0072191-stay_x:0,foraging,0,2.375,1.6101426728978863,1.0,1.0,0.0,1.0,0.0,-2.0,2.0
foraging-pair-0072191-stay_x,foraging-pair-0072191-stay_x:1,foraging,1,1.75,1.4224321996774958,1.6666666666666663,1.6666666666666663,0.0,1.0,3.0,-1.52,1.52
foraging-pair-0072191-stay_x,foraging-pair-0072191-stay_x:2,foraging,2,0.75,1.2347217264571053,1.0,1.0,0.0,1.0,-1.0,-1.04,1.04
foraging-pair-0072191-stay_x,foraging-pair-0072191-stay_x:3,foraging,3,0.5,1.0470112532367148,1.4,1.4,0.0,1.0,3.0,-0.56,0.56
foraging-pair-0072191-stay_y,foraging-pair-0072191-stay_y:0,foraging,0,2.0,1.6101426728978863,1.0,1.0,0.0,1.0,0.0,-2.0,2.0
foraging-pair-0072191-stay_y,foraging-pair-0072191-stay_y:1,foraging,1,1.25,1.4224321996774958,1.6666666666666663,1.6666666666666663,0.0,1.0,3.0,-1.52,1.52
foraging-pair-0072200-stay_x,foraging-pair-0072200-stay_x:0,foraging,0,2.375,1.2972918841972356,1.0,1.0,0.0,1.0,0.0,-1.2000000000000002,1.2000000000000002
foraging-pair-0072200-stay_x,foraging-pair-0072200-stay_x:1,foraging,1,1.75,1.1095814109768452,1.6666666666666663,1.6666666666666663,0.0,1.0,3.0,-0.7200000000000002,0.7200000000000002
foraging-pair-0072200-stay_x,foraging-pair-0072200-stay_x:2,foraging,2,-0.25,0.9218709377564547,2.0,2.0,0.0,1.0,3.0,-0.2400000000000002,0.2400000000000002
foraging-pair-0072200-stay_y,foraging-pair-0072200-stay_y:0,foraging,0,2.0,1.2972918841972356,1.0,1.0,0.0,1.0,0.0,-1.2000000000000002,1.2000000000000002
foraging-pair-0072200-stay_y,foraging-pair-0072200-stay_y:1,foraging,1,1.25,1.1095814109768452,1.6666666666666663,1.6666666666666663,0.0,1.0,3.0,-0.7200000000000002,0.7200000000000002
foraging-pair-0072200-stay_y,foraging-pair-0072200-stay_y:2,foraging,2,-0.25,0.9218709377564547,2.0,2.0,0.0,1.0,3.0,-0.2400000000000002,0.2400000000000002
foraging-pair-0072222-stay_x,foraging-pair-0072222-stay_x:0,foraging,0,2.375,1.2972918841972356,1.0,1.0,0.0,1.0,0.0,-1.2000000000000002,1.2000000000000002
foraging-pair-0072222-stay_x,foraging-pair-0072222-stay_x:1,foraging,1,-0.375,1.2190791870220727,0.3333333333333332,0.3333333333333332,0.0,1.0,-1.0,-1.0,1.0
foraging-pair-0072222-stay_x,foraging-pair-0072222-stay_x:2,foraging,2,0.5,1.1408664898469103,1.0,1.0,0.0,1.0,3.0,-0.8000000000000003,0.8000000000000003
foraging-pair-0072222-stay_y,foraging-pair-0072222-stay_y:0,foraging,0,2.0,1.2972918841972356,1.0,1.0,0.0,1.0,0.0,-1.2000000000000002,1.2000000000000002
foraging-pair-0072222-stay_y,foraging-pair-0072222-stay_y:1,foraging,1,-0.875,1.2190791870220727,0.3333333333333332,0.3333333333333332,0.0,1.0,-1.0,-1.0,1.0
foraging-pair-0072222-stay_y,foraging-pair-0072222-stay_y:2,foraging,2,0.75,1.1408664898469103,1.0,1.0,0.0,1.0,3.0,-0.8000000000000003,0.8000000000000003
foraging-pair-0072229-stay_x,foraging-pair-0072229-stay_x:0,foraging,0,3.5,2.0012061587737,2.0,2.0,0.0,0.0,0.0,-3.0,3.0
foraging-pair-0072229-stay_x,foraging-pair-0072229-stay_x:1,foraging,1,1.5,1.9229934615985371,2.6666666666666665,2.6666666666666665,0.0,0.0,4.0,-2.8,2.8
foraging-pair-0072229-stay_x,foraging-pair-0072229-stay_x:2,foraging,2,-1.125,1.8447807644233745,2.0,2.0,0.0,0.0,0.0,-2.6,2.6
foraging-pair-0072229-stay_y,foraging-pair-0072229-stay_y:0,foraging,0,2.875,2.0012061587737,2.0,2.0,0.0,0.0,0.0,-3.0,3.0
foraging-pair-0072229-stay_y,foraging-pair-0072229-stay_y:1,foraging,1,1.25,1.9229934615985371,2.6666666666666665,2.6666666666666665,0.0,0.0,4.0,-2.8,2.8
foraging-pair-0072229-stay_y,foraging-pair-0072229-stay_y:2,foraging,2,-0.875,1.8447807644233745,2.0,2.0,0.0,0.0,0.0,-2.6,2.6
foraging-pair-0072236-stay_x,foraging-pair-0072236-stay_x:0,foraging,0,3.5,1.375504581372398,2.0,2.0,0.0,0.0,0.0,-1.4,1.4
foraging-pair-0072236-stay_x,foraging-pair-0072236-stay_x:1,foraging,1,1.5,1.1877941081520078,2.6666666666666665,2.6666666666666665,0.0,0.0,4.0,-0.92,0.92
foraging-pair-0072236-stay_x,foraging-pair-0072236-stay_x:2,foraging,2,-0.25,1.0000836349316171,3.0,3.0,0.0,0.0,4.0,-0.4399999999999999,0.4399999999999999
foraging-pair-0072236-stay_x,foraging-pair-0072236-stay_x:3,foraging,3,-1.125,0.906228398321422,2.4,2.4,0.0,0.0,0.0,-0.2,0.2
foraging-pair-0072236-stay_y,foraging-pair-0072236-stay_y:0,foraging,0,2.875,1.375504581372398,2.0,2.0,0.0,0.0,0.0,-1.4,1.4
foraging-pair-0072236-stay_y,foraging-pair-0072236-stay_y:1,foraging,1,1.25,1.1877941081520078,2.6666666666666665,2.6666666666666665,0.0,0.0,4.0,-0.92,0.92
foraging-pair-0072236-stay_y,foraging-pair-0072236-stay_y:2,foraging,2,-0.375,1.0000836349316171,3.0,3.0,0.0,0.0,4.0,-0.4399999999999999,0.4399999999999999
foraging-pair-0072236-stay_y,foraging-pair-0072236-stay_y:3,foraging,3,-0.5,0.906228398321422,2.4,2.4,0.0,0.0,0.0,-0.2,0.2
foraging-pair-0072241-stay_x,foraging-pair-0072241-stay_x:0,foraging,0,1.875,0.9062283983214221,0.0,2.0,2.0,0.0,0.0,-0.2000000000000001,0.2000000000000001
foraging-pair-0072241-stay_x,foraging-pair-0072241-stay_x:1,foraging,1,1.5,0.7185179251010316,0.6666666666666665,2.6666666666666665,2.0,0.0,4.0,0.2799999999999998,-0.2799999999999998
foraging-pair-0072241-stay_x,foraging-pair-0072241-stay_x:2,foraging,2,-0.75,0.5308074518806412,1.0,3.0,2.0,0.0,4.0,0.7599999999999998,-0.7599999999999998
foraging-pair-0072241-stay_y,foraging-pair-0072241-stay_y:0,foraging,0,1.5,0.9062283983214221,0.0,2.0,2.0,0.0,0.0,-0.2000000000000001,0.2000000000000001
foraging-pair-0072241-stay_y,foraging-pair-0072241-stay_y:1,foraging,1,0.875,0.7185179251010316,0.6666666666666665,2.6666666666666665,2.0,0.0,4.0,0.2799999999999998,-0.2799999999999998
foraging-pair-0072241-stay_y,foraging-pair-0072241-stay_y:2,foraging,2,-0.875,0.5308074518806412,1.0,3.0,2.0,0.0,4.0,0.7599999999999998,-0.7599999999999998
foraging-pair-0072242-stay_x,foraging-pair-0072242-stay_x:0,foraging,0,1.375,0.5151649124456086,-1.0,1.0,2.0,1.0,0.0,0.7999999999999998,-0.7999999999999998
foraging-pair-0072242-stay_x,foraging-pair-0072242-stay_x:1,foraging,1,1.375,0.3274544392252181,-0.3333333333333335,1.6666666666666663,2.0,1.0,3.0,1.2799999999999998,-1.2799999999999998
foraging-pair-0072242-stay_x,foraging-pair-0072242-stay_x:2,foraging,2,0.5,0.13974396600482775,-1.0,1.0,2.0,1.0,-1.0,1.7599999999999998,-1.7599999999999998
foraging-pair-0072242-stay_x,foraging-pair-0072242-stay_x:3,foraging,3,-0.375,-0.04796650721556284,-1.4,0.6000000000000001,2.0,1.0,-1.0,2.24,-2.24
foraging-pair-0072242-stay_x,foraging-pair-0072242-stay_x:4,foraging,4,-0.75,-0.2356769804359533,-1.6666666666666667,0.3333333333333332,2.0,1.0,-1.0,2.72,-2.72
foraging-pair-0072242-stay_x,foraging-pair-0072242-stay_x:5,foraging,5,-1.625,-0.26696205930601824,-1.8571428571428572,0.1428571428571428,2.0,1.0,-1.0,2.8,-2.8
foraging-pair-0072242-stay_y,foraging-pair-0072242-stay_y:0,foraging,0,1.125,0.5151649124456086,-1.0,1.0,2.0,1.0,0.0,0.7999999999999998,-0.7999999999999998
foraging-pair-0072242-stay_y,foraging-pair-0072242-stay_y:1,foraging,1,1.25,0.3274544392252181,-0.3333333333333335,1.6666666666666663,2.0,1.0,3.0,1.2799999999999998,-1.2799999999999998
foraging-pair-0072242-stay_y,foraging-pair-0072242-stay_y:2,foraging,2,0.75,0.13974396600482775,-1.0,1.0,2.0,1.0,-1.0,1.7599999999999998,-1.7599999999999998
foraging-pair-0072242-stay_y,foraging-pair-0072242-stay_y:3,foraging,3,-0.125,-0.04796650721556284,-1.4,0.6000000000000001,2.0,1.0,-1.0,2.24,-2.24
foraging-pair-0072242-stay_y,foraging-pair-0072242-stay_y:4,foraging,4,-0.75,-0.2356769804359533,-1.6666666666666667,0.3333333333333332,2.0,1.0,-1.0,2.72,-2.72
foraging-pair-0072242-stay_y,foraging-pair-0072242-stay_y:5,foraging,5,-1.625,-0.26696205930601824,-1.8571428571428572,0.1428571428571428,2.0,1.0,-1.0,2.8,-2.8
foraging-pair-0072251-stay_x,foraging-pair-0072251-stay_x:0,foraging,0,1.375,0.20231412374495783,-1.0,1.0,2.0,1.0,0.0,1.6,-1.6
foraging-pair-0072251-stay_x,foraging-pair-0072251-stay_x:1,foraging,1,-0.5,0.12410142656979506,-1.6666666666666667,0.3333333333333332,2.0,1.0,-1.0,1.8,-1.8
foraging-pair-0072251-stay_y,foraging-pair-0072251-stay_y:0,foraging,0,1.125,0.20231412374495783,-1.0,1.0,2.0,1.0,0.0,1.6,-1.6
foraging-pair-0072251-stay_y,foraging-pair-0072251-stay_y:1,foraging,1,-0.625,0.12410142656979506,-1.6666666666666667,0.3333333333333332,2.0,1.0,-1.0,1.8,-1.8
foraging-pair-0072254-stay_x,foraging-pair-0072254-stay_x:0,foraging,0,3.5,2.0012061587737,2.0,2.0,0.0,0.0,0.0,-3.0,3.0
foraging-pair-0072254-stay_x,foraging-pair-0072254-stay_x:1,foraging,1,1.5,1.8134956855533093,2.6666666666666665,2.6666666666666665,0.0,0.0,4.0,-2.52,2.52
foraging-pair-0072254-stay_y,foraging-pair-0072254-stay_y:0,foraging,0,2.875,2.0012061587737,2.0,2.0,0.0,0.0,0.0,-3.0,3.0
foraging-pair-0072254-stay_y,foraging-pair-0072254-stay_y:1,foraging,1,1.25,1.8134956855533093,2.6666666666666665,2.6666666666666665,0.0,0.0,4.0,-2.52,2.52
foraging-pair-0072255-stay_x,foraging-pair-0072255-stay_x:0,foraging,0,3.5,1.375504581372398,2.0,2.0,0.0,0.0,0.0,-1.4,1.4
foraging-pair-0072255-stay_x,foraging-pair-0072255-stay_x:1,foraging,1,0.75,1.2972918841972354,1.3333333333333333,1.3333333333333333,0.0,0.0,0.0,-1.2,1.2
foraging-pair-0072255-stay_x,foraging-pair-0072255-stay_x:2,foraging,2,-1.125,1.2190791870220727,1.0,1.0,0.0,0.0,0.0,-1.0,1.0
foraging-pair-0072255-stay_y,foraging-pair-0072255-stay_y:0,foraging,0,2.875,1.375504581372398,2.0,2.0,0.0,0.0,0.0,-1.4,1.4
foraging-pair-0072255-stay_y,foraging-pair-0072255-stay_y:1,foraging,1,0.375,1.2972918841972354,1.3333333333333333,1.3333333333333333,0.0,0.0,0.0,-1.2,1.2
foraging-pair-0072257-stay_x,foraging-pair-0072257-stay_x:0,foraging,0,1.875,0.5933776096207712,0.0,2.0,2.0,0.0,0.0,0.6000000000000001,-0.6000000000000001
foraging-pair-0072257-stay_x,foraging-pair-0072257-stay_x:1,foraging,1,1.5,0.5151649124456086,0.6666666666666665,2.6666666666666665,2.0,0.0,4.0,0.8,-0.8
foraging-pair-0072257-stay_x,foraging-pair-0072257-stay_x:2,foraging,2,-0.625,0.4369522152704458,0.0,2.0,2.0,0.0,0.0,1.0,-1.0
foraging-pair-0072257-stay_x,foraging-pair-0072257-stay_x:3,foraging,3,-1.0,0.35873951809528304,-0.3999999999999999,1.6,2.0,0.0,0.0,1.2000000000000002,-1.2000000000000002
foraging-pair-0072257-stay_y,foraging-pair-0072257-stay_y:0,foraging,0,1.5,0.5933776096207712,0.0,2.0,2.0,0.0,0.0,0.6000000000000001,-0.6000000000000001
foraging-pair-0072257-stay_y,foraging-pair-0072257-stay_y:1,foraging,1,0.875,0.5151649124456086,0.6666666666666665,2.6666666666666665,2.0,0.0,4.0,0.8,-0.8
foraging-pair-0072257-stay_y,foraging-pair-0072257-stay_y:2,foraging,2,-0.625,0.4369522152704458,0.0,2.0,2.0,0.0,0.0,1.0,-1.0
foraging-pair-0072257-stay_y,foraging-pair-0072257-stay_y:3,foraging,3,-1.0,0.35873951809528304,-0.3999999999999999,1.6,2.0,0.0,0.0,1.2000000000000002,-1.2000000000000002
foraging-pair-0072261-stay_x,foraging-pair-0072261-stay_x:0,foraging,0,2.375,1.6101426728978863,1.0,1.0,0.0,1.0,0.0,-2.0,2.0
foraging-pair-0072261-stay_x,foraging-pair-0072261-stay_x:1,foraging,1,1.75,1.5319299757227234,1.6666666666666663,1.6666666666666663,0.0,1.0,3.0,-1.7999999999999998,1.7999999999999998
foraging-pair-0072261-stay_x,foraging-pair-0072261-stay_x:2,foraging,2,0.75,1.453717278547561,1.0,1.0,0.0,1.0,-1.0,-1.6,1.6
foraging-pair-0072261-stay_y,foraging-pair-0072261-stay_y:0,foraging,0,2.0,1.6101426728978863,1.0,1.0,0.0,1.0,0.0,-2.0,2.0
foraging-pair-0072261-stay_y,foraging-pair-0072261-stay_y:1,foraging,1,1.25,1.5319299757227234,1.6666666666666663,1.6666666666666663,0.0,1.0,3.0,-1.7999999999999998,1.7999999999999998
foraging-pair-0072268-stay_x,foraging-pair-0072268-stay_x:0,foraging,0,1.875,0.5933776096207712,0.0,2.0,2.0,0.0,0.0,0.6000000000000001,-0.6000000000000001
foraging-pair-0072268-stay_x,foraging-pair-0072268-stay_x:1,foraging,1,1.5,0.40566713640038066,0.6666666666666665,2.6666666666666665,2.0,0.0,4.0,1.08,-1.08
foraging-pair-0072268-stay_x,foraging-pair-0072268-stay_x:2,foraging,2,-0.625,0.21795666317999018,0.0,2.0,2.0,0.0,0.0,1.56,-1.56
foraging-pair-0072268-stay_x,foraging-pair-0072268-stay_x:3,foraging,3,-1.0,0.12410142656979506,-0.3999999999999999,1.6,2.0,0.0,0.0,1.8,-1.8
foraging-pair-0072268-stay_y,foraging-pair-0072268-stay_y:0,foraging,0,1.5,0.5933776096207712,0.0,2.0,2.0,0.0,0.0,0.6000000000000001,-0.6000000000000001
foraging-pair-0072298-stay_x,foraging-pair-0072298-stay_x:0,foraging,0,3.5,1.6883553700730491,2.0,2.0,0.0,0.0,0.0,-2.2,2.2
foraging-pair-0072298-stay_x,foraging-pair-0072298-stay_x:1,foraging,1,0.75,1.6101426728978863,1.3333333333333333,1.3333333333333333,0.0,0.0,0.0,-2.0,2.0
foraging-pair-0072298-stay_y,foraging-pair-0072298-stay_y:0,foraging,0,2.875,1.6883553700730491,2.0,2.0,0.0,0.0,0.0,-2.2,2.2
foraging-pair-0072298-stay_y,foraging-pair-0072298-stay_y:1,foraging,1,0.375,1.6101426728978863,1.3333333333333333,1.3333333333333333,0.0,0.0,0.0,-2.0,2.0
foraging-pair-0072310-stay_x,foraging-pair-0072310-stay_x:0,foraging,0,1.375,0.8280157011462593,-1.0,1.0,2.0,1.0,0.0,0.0,-0.0
foraging-pair-0072310-stay_x,foraging-pair-0072310-stay_x:1,foraging,1,-0.5,0.6403052279258689,-1.6666666666666667,0.3333333333333332,2.0,1.0,-1.0,0.48,-0.48
foraging-pair-0072310-stay_y,foraging-pair-0072310-stay_y:0,foraging,0,1.125,0.8280157011462593,-1.0,1.0,2.0,1.0,0.0,0.0,-0.0
foraging-pair-0072310-stay_y,foraging-pair-0072310-stay_y:1,foraging,1,-0.625,0.6403052279258689,-1.6666666666666667,0.3333333333333332,2.0,1.0,-1.0,0.48,-0.48
foraging-pair-0072313-stay_x,foraging-pair-0072313-stay_x:0,foraging,0,1.875,0.9062283983214221,0.0,2.0,2.0,0.0,0.0,-0.2000000000000001,0.2000000000000001
foraging-pair-0072313-stay_y,foraging-pair-0072313-stay_y:0,foraging,0,1.5,0.9062283983214221,0.0,2.0,2.0,0.0,0.0,-0.2000000000000001,0.2000000000000001
foraging-pair-0072314-stay_x,foraging-pair-0072314-stay_x:0,foraging,0,1.375,0.5151649124456086,-1.0,1.0,2.0,1.0,0.0,0.7999999999999998,-0.7999999999999998
foraging-pair-0072314-stay_x,foraging-pair-0072314-stay_x:1,foraging,1,1.375,0.3274544392252181,-0.3333333333333335,1.6666666666666663,2.0,1.0,3.0,1.2799999999999998,-1.2799999999999998
foraging-pair-0072314-stay_x,foraging-pair-0072314-stay_x:2,foraging,2,0.5,0.13974396600482775,-1.0,1.0,2.0,1.0,-1.0,1.7599999999999998,-1.7599999999999998
foraging-pair-0072314-stay_y,foraging-pair-0072314-stay_y:0,foraging,0,1.125,0.5151649124456086,-1.0,1.0,2.0,1.0,0.0,0.7999999999999998,-0.7999999999999998
foraging-pair-0072314-stay_y,foraging-pair-0072314-stay_y:1,foraging,1,1.25,0.3274544392252181,-0.3333333333333335,1.6666666666666663,2.0,1.0,3.0,1.2799999999999998,-1.2799999999999998
foraging-pair-0072314-stay_y,foraging-pair-0072314-stay_y:2,foraging,2,0.75,0.13974396600482775,-1.0,1.0,2.0,1.0,-1.0,1.7599999999999998,-1.7599999999999998
foraging-pair-0072317-stay_x,foraging-pair-0072317-stay_x:0,foraging,0,1.375,0.20231412374495783,-1.0,1.0,2.0,1.0,0.0,1.6,-1.6
foraging-pair-0072317-stay_y,foraging-pair-0072317-stay_y:0,foraging,0,1.125,0.20231412374495783,-1.0,1.0,2.0,1.0,0.0,1.6,-1.6
foraging-pair-0072321-stay_x,foraging-pair-0072321-stay_x:0,foraging,0,1.375,0.8280157011462593,-1.0,1.0,2.0,1.0,0.0,0.0,-0.0
foraging-pair-0072321-stay_x,foraging-pair-0072321-stay_x:1,foraging,1,1.375,0.7498030039710966,-0.3333333333333335,1.6666666666666663,2.0,1.0,3.0,0.2000000000000001,-0.2000000000000001
foraging-pair-0072321-stay_x,foraging-pair-0072321-stay_x:2,foraging,2,0.5,0.6715903067959339,-1.0,1.0,2.0,1.0,-1.0,0.3999999999999999,-0.3999999999999999
foraging-pair-0072321-stay_x,foraging-pair-0072321-stay_x:3,foraging,3,-0.375,0.5933776096207712,-1.4,0.6000000000000001,2.0,1.0,-1.0,0.6000000000000001,-0.6000000000000001
foraging-pair-0072321-stay_x,foraging-pair-0072321-stay_x:4,foraging,4,0.25,0.5151649124456086,-1.0,1.0,2.0,1.0,3.0,0.7999999999999998,-0.7999999999999998
foraging-pair-0072321-stay_x,foraging-pair-0072321-stay_x:5,foraging,5,-0.5,0.4369522152704458,-0.7142857142857144,1.2857142857142856,2.0,1.0,3.0,1.0,-1.0
foraging-pair-0072321-stay_y,foraging-pair-0072321-stay_y:0,foraging,0,1.125,0.8280157011462593,-1.0,1.0,2.0,1.0,0.0,0.0,-0.0
foraging-pair-0072321-stay_y,foraging-pair-0072321-stay_y:1,foraging,1,1.25,0.7498030039710966,-0.3333333333333335,1.6666666666666663,2.0,1.0,3.0,0.2000000000000001,-0.2000000000000001
foraging-pair-0072323-stay_x,foraging-pair-0072323-stay_x:0,foraging,0,1.375,0.20231412374495783,-1.0,1.0,2.0,1.0,0.0,1.6,-1.6
foraging-pair-0072323-stay_x,foraging-pair-0072323-stay_x:1,foraging,1,1.375,0.12410142656979506,-0.3333333333333335,1.6666666666666663,2.0,1.0,3.0,1.8,-1.8
foraging-pair-0072323-stay_x,foraging-pair-0072323-stay_x:2,foraging,2,0.5,0.0458887293946324,-1.0,1.0,2.0,1.0,-1.0,2.0,-2.0
foraging-pair-0072323-stay_x,foraging-pair-0072323-stay_x:3,foraging,3,-0.375,-0.03232396778053026,-1.4,0.6000000000000001,2.0,1.0,-1.0,2.2,-2.2
foraging-pair-0072323-stay_y,foraging-pair-0072323-stay_y:0,foraging,0,1.125,0.20231412374495783,-1.0,1.0,2.0,1.0,0.0,1.6,-1.6
foraging-pair-0072331-stay_x,foraging-pair-0072331-stay_x:0,foraging,0,1.875,1.2190791870220727,0.0,2.0,2.0,0.0,0.0,-1.0,1.0
foraging-pair-0072331-stay_x,foraging-pair-0072331-stay_x:1,foraging,1,1.5,1.0313687138016823,0.6666666666666665,2.6666666666666665,2.0,0.0,4.0,-0.52,0.52
foraging-pair-0072331-stay_x,foraging-pair-0072331-stay_x:2,foraging,2,-0.625,0.8436582405812919,0.0,2.0,2.0,0.0,0.0,-0.04,0.04
foraging-pair-0072331-stay_x,foraging-pair-0072331-stay_x:3,foraging,3,-1.0,0.6559477673609014,-0.3999999999999999,1.6,2.0,0.0,0.0,0.4399999999999999,-0.4399999999999999
foraging-pair-0072331-stay_x,foraging-pair-0072331-stay_x:4,foraging,4,-1.125,0.46823729414051096,-0.6666666666666667,1.3333333333333333,2.0,0.0,0.0,0.92,-0.92
foraging-pair-0072331-stay_y,foraging-pair-0072331-stay_y:0,foraging,0,1.5,1.2190791870220727,0.0,2.0,2.0,0.0,0.0,-1.0,1.0
foraging-pair-0072331-stay_y,foraging-pair-0072331-stay_y:1,foraging,1,0.875,1.0313687138016823,0.6666666666666665,2.6666666666666665,2.0,0.0,4.0,-0.52,0.52
foraging-pair-0072331-stay_y,foraging-pair-0072331-stay_y:2,foraging,2,-0.625,0.8436582405812919,0.0,2.0,2.0,0.0,0.0,-0.04,0.04
foraging-pair-0072331-stay_y,foraging-pair-0072331-stay_y:3,foraging,3,-1.0,0.6559477673609014,-0.3999999999999999,1.6,2.0,0.0,0.0,0.4399999999999999,-0.4399999999999999
foraging-pair-0072331-stay_y,foraging-pair-0072331-stay_y:4,foraging,4,-1.25,0.46823729414051096,-0.6666666666666667,1.3333333333333333,2.0,0.0,0.0,0.92,-0.92
foraging-pair-0072336-stay_x,foraging-pair-0072336-stay_x:0,foraging,0,1.875,1.2190791870220727,0.0,2.0,2.0,0.0,0.0,-1.0,1.0
foraging-pair-0072336-stay_x,foraging-pair-0072336-stay_x:1,foraging,1,1.5,1.14086648984691,0.6666666666666665,2.6666666666666665,2.0,0.0,4.0,-0.7999999999999998,0.7999999999999998
foraging-pair-0072336-stay_x,foraging-pair-0072336-stay_x:2,foraging,2,-0.75,1.0626537926717474,1.0,3.0,2.0,0.0,4.0,-0.6000000000000001,0.6000000000000001
foraging-pair-0072336-stay_x,foraging-pair-0072336-stay_x:3,foraging,3,-0.125,0.9844410954965847,1.2000000000000002,3.2,2.0,0.0,4.0,-0.3999999999999999,0.3999999999999999
foraging-pair-0072336-stay_x,foraging-pair-0072336-stay_x:4,foraging,4,-0.625,0.9062283983214221,0.6666666666666665,2.6666666666666665,2.0,0.0,0.0,-0.2000000000000001,0.2000000000000001
foraging-pair-0072336-stay_y,foraging-pair-0072336-stay_y:0,foraging,0,1.5,1.2190791870220727,0.0,2.0,2.0,0.0,0.0,-1.0,1.0
foraging-pair-0072336-stay_y,foraging-pair-0072336-stay_y:1,foraging,1,0.875,1.14086648984691,0.6666666666666665,2.6666666666666665,2.0,0.0,4.0,-0.7999999999999998,0.7999999999999998
foraging-pair-0072336-stay_y,foraging-pair-0072336-stay_y:2,foraging,2,-0.875,1.0626537926717474,1.0,3.0,2.0,0.0,4.0,-0.6000000000000001,0.6000000000000001
foraging-pair-0072336-stay_y,foraging-pair-0072336-stay_y:3,foraging,3,0.0,0.9844410954965847,1.2000000000000002,3.2,2.0,0.0,4.0,-0.3999999999999999,0.3999999999999999
foraging-pair-0072336-stay_y,foraging-pair-0072336-stay_y:4,foraging,4,-0.25,0.9062283983214221,0.6666666666666665,2.6666666666666665,2.0,0.0,0.0,-0.2000000000000001,0.2000000000000001
foraging-pair-0072356-stay_x,foraging-pair-0072356-stay_x:0,foraging,0,3.5,1.375504581372398,2.0,2.0,0.0,0.0,0.0,-1.4,1.4
foraging-pair-0072356-stay_x,foraging-pair-0072356-stay_x:1,foraging,1,1.5,1.1877941081520078,2.6666666666666665,2.6666666666666665,0.0,0.0,4.0,-0.92,0.92
foraging-pair-0072356-stay_x,foraging-pair-0072356-stay_x:2,foraging,2,-0.25,1.0000836349316171,3.0,3.0,0.0,0.0,4.0,-0.4399999999999999,0.4399999999999999
foraging-pair-0072356-stay_y,foraging-pair-0072356-stay_y:0,foraging,0,2.875,1.375504581372398,2.0,2.0,0.0,0.0,0.0,-1.4,1.4
foraging-pair-0072356-stay_y,foraging-pair-0072356-stay_y:1,foraging,1,1.25,1.1877941081520078,2.6666666666666665,2.6666666666666665,0.0,0.0,4.0,-0.92,0.92
foraging-pair-0072356-stay_y,foraging-pair-0072356-stay_y:2,foraging,2,-0.375,1.0000836349316171,3.0,3.0,0.0,0.0,4.0,-0.4399999999999999,0.4399999999999999
foraging-pair-0072362-stay_x,foraging-pair-0072362-stay_x:0,foraging,0,1.375,0.5151649124456086,-1.0,1.0,2.0,1.0,0.0,0.7999999999999998,-0.7999999999999998
foraging-pair-0072362-stay_x,foraging-pair-0072362-stay_x:1,foraging,1,-0.5,0.3274544392252181,-1.6666666666666667,0.3333333333333332,2.0,1.0,-1.0,1.2799999999999998,-1.2799999999999998
foraging-pair-0072362-stay_x,foraging-pair-0072362-stay_x:2,foraging,2,-1.125,0.13974396600482775,-2.0,0.0,2.0,1.0,-1.0,1.7599999999999998,-1.7599999999999998
foraging-pair-0072362-stay_y,foraging-pair-0072362-stay_y:0,foraging,0,1.125,0.5151649124456086,-1.0,1.0,2.0,1.0,0.0,0.7999999999999998,-0.7999999999999998
foraging-pair-0072362-stay_y,foraging-pair-0072362-stay_y:1,foraging,1,-0.625,0.3274544392252181,-1.6666666666666667,0.3333333333333332,2.0,1.0,-1.0,1.2799999999999998,-1.2799999999999998
foraging-pair-0072362-stay_y,foraging-pair-0072362-stay_y:2,foraging,2,-1.625,0.13974396600482775,-2.0,0.0,2.0,1.0,-1.0,1.7599999999999998,-1.7599999999999998
foraging-pair-0072370-stay_x,foraging-pair-0072370-stay_x:0,foraging,0,3.5,1.6883553700730491,2.0,2.0,0.0,0.0,0.0,-2.2,2.2
foraging-pair-0072370-stay_x,foraging-pair-0072370-stay_x:1,foraging,1,0.75,1.6101426728978863,1.3333333333333333,1.3333333333333333,0.0,0.0,0.0,-2.0,2.0
foraging-pair-0072370-stay_x,foraging-pair-0072370-stay_x:2,foraging,2,-1.125,1.5319299757227238,1.0,1.0,0.0,0.0,0.0,-1.8000000000000005,1.8000000000000005
foraging-pair-0072370-stay_y,foraging-pair-0072370-stay_y:0,foraging,0,2.875,1.6883553700730491,2.0,2.0,0.0,0.0,0.0,-2.2,2.2
foraging-pair-0072370-stay_y,foraging-pair-0072370-stay_y:1,foraging,1,0.375,1.6101426728978863,1.3333333333333333,1.3333333333333333,0.0,0.0,0.0,-2.0,2.0
foraging-pair-0072370-stay_y,foraging-pair-0072370-stay_y:2,foraging,2,-1.5,1.5319299757227238,1.0,1.0,0.0,0.0,0.0,-1.8000000000000005,1.8000000000000005
foraging-pair-0072371-stay_x,foraging-pair-0072371-stay_x:0,foraging,0,1.375,0.20231412374495783,-1.0,1.0,2.0,1.0,0.0,1.6,-1.6
foraging-pair-0072371-stay_x,foraging-pair-0072371-stay_x:1,foraging,1,-0.5,0.12410142656979506,-1.6666666666666667,0.3333333333333332,2.0,1.0,-1.0,1.8,-1.8
foraging-pair-0072371-stay_y,foraging-pair-0072371-stay_y:0,foraging,0,1.125,0.20231412374495783,-1.0,1.0,2.0,1.0,0.0,1.6,-1.6
foraging-pair-0072371-stay_y,foraging-pair-0072371-stay_y:1,foraging,1,-0.625,0.12410142656979506,-1.6666666666666667,0.3333333333333332,2.0,1.0,-1.0,1.8,-1.8
foraging-pair-0072374-stay_x,foraging-pair-0072374-stay_x:0,foraging,0,3.5,2.0012061587737,2.0,2.0,0.0,0.0,0.0,-3.0,3.0
foraging-pair-0072374-stay_x,foraging-pair-0072374-stay_x:1,foraging,1,1.5,1.8134956855533093,2.6666666666666665,2.6666666666666665,0.0,0.0,4.0,-2.52,2.52
foraging-pair-0072374-stay_x,foraging-pair-0072374-stay_x:2,foraging,2,-0.25,1.6257852123329188,3.0,3.0,0.0,0.0,4.0,-2.04,2.04
foraging-pair-0072374-stay_x,foraging-pair-0072374-stay_x:3,foraging,3,-1.125,1.4380747391125284,2.4,2.4,0.0,0.0,0.0,-1.56,1.56
foraging-pair-0072374-stay_y,foraging-pair-0072374-stay_y:0,foraging,0,2.875,2.0012061587737,2.0,2.0,0.0,0.0,0.0,-3.0,3.0
foraging-pair-0072374-stay_y,foraging-pair-0072374-stay_y:1,foraging,1,1.25,1.8134956855533093,2.6666666666666665,2.6666666666666665,0.0,0.0,4.0,-2.52,2.52
foraging-pair-0072374-stay_y,foraging-pair-0072374-stay_y:2,foraging,2,-0.375,1.6257852123329188,3.0,3.0,0.0,0.0,4.0,-2.04,2.04
foraging-pair-0072374-stay_y,foraging-pair-0072374-stay_y:3,foraging,3,-0.5,1.4380747391125284,2.4,2.4,0.0,0.0,0.0,-1.56,1.56
foraging-pair-0072379-stay_x,foraging-pair-0072379-stay_x:0,foraging,0,1.875,1.2190791870220727,0.0,2.0,2.0,0.0,0.0,-1.0,1.0
foraging-pair-0072379-stay_x,foraging-pair-0072379-stay_x:1,foraging,1,1.5,1.0313687138016823,0.6666666666666665,2.6666666666666665,2.0,0.0,4.0,-0.52,0.52
foraging-pair-0072379-stay_x,foraging-pair-0072379-stay_x:2,foraging,2,-0.75,0.8436582405812919,1.0,3.0,2.0,0.0,4.0,-0.04,0.04
foraging-pair-0072379-stay_x,foraging-pair-0072379-stay_x:3,foraging,3,-0.125,0.6559477673609014,1.2000000000000002,3.2,2.0,0.0,4.0,0.4399999999999999,-0.4399999999999999
foraging-pair-0072379-stay_x,foraging-pair-0072379-stay_x:4,foraging,4,-0.625,0.46823729414051096,0.6666666666666665,2.6666666666666665,2.0,0.0,0.0,0.92,-0.92
foraging-pair-0072379-stay_y,foraging-pair-0072379-stay_y:0,foraging,0,1.5,1.2190791870220727,0.0,2.0,2.0,0.0,0.0,-1.0,1.0
foraging-pair-0072379-stay_y,foraging-pair-0072379-stay_y:1,foraging,1,0.875,1.0313687138016823,0.6666666666666665,2.6666666666666665,2.0,0.0,4.0,-0.52,0.52
foraging-pair-0072379-stay_y,foraging-pair-0072379-stay_y:2,foraging,2,-0.875,0.8436582405812919,1.0,3.0,2.0,0.0,4.0,-0.04,0.04
foraging-pair-0072379-stay_y,foraging-pair-0072379-stay_y:3,foraging,3,0.0,0.6559477673609014,1.2000000000000002,3.2,2.0,0.0,4.0,0.4399999999999999,-0.4399999999999999
foraging-pair-0072379-stay_y,foraging-pair-0072379-stay_y:4,foraging,4,-0.25,0.46823729414051096,0.6666666666666665,2.6666666666666665,2.0,0.0,0.0,0.92,-0.92
foraging-pair-0072384-stay_x,foraging-pair-0072384-stay_x:0,foraging,0,1.875,1.2190791870220727,0.0,2.0,2.0,0.0,0.0,-1.0,1.0
foraging-pair-0072384-stay_x,foraging-pair-0072384-stay_x:1,foraging,1,0.375,1.14086648984691,-0.6666666666666667,1.3333333333333333,2.0,0.0,0.0,-0.7999999999999998,0.7999999999999998
foraging-pair-0072384-stay_x,foraging-pair-0072384-stay_x:2,foraging,2,-0.875,1.0626537926717474,-1.0,1.0,2.0,0.0,0.0,-0.6000000000000001,0.6000000000000001
foraging-pair-0072384-stay_x,foraging-pair-0072384-stay_x:3,foraging,3,0.0,0.9844410954965847,-0.3999999999999999,1.6,2.0,0.0,4.0,-0.3999999999999999,0.3999999999999999
foraging-pair-0072384-stay_x,foraging-pair-0072384-stay_x:4,foraging,4,-0.125,0.9062283983214221,0.0,2.0,2.0,0.0,4.0,-0.2000000000000001,0.2000000000000001
foraging-pair-0072384-stay_y,foraging-pair-0072384-stay_y:0,foraging,0,1.5,1.2190791870220727,0.0,2.0,2.0,0.0,0.0,-1.0,1.0
foraging-pair-0072384-stay_y,foraging-pair-0072384-stay_y:1,foraging,1,-0.375,1.14086648984691,-0.6666666666666667,1.3333333333333333,2.0,0.0,0.0,-0.7999999999999998,0.7999999999999998
foraging-pair-0072389-stay_x,foraging-pair-0072389-stay_x:0,foraging,0,1.375,0.20231412374495783,-1.0,1.0,2.0,1.0,0.0,1.6,-1.6
foraging-pair-0072389-stay_x,foraging-pair-0072389-stay_x:1,foraging,1,-0.5,0.014603650524567358,-1.6666666666666667,0.3333333333333332,2.0,1.0,-1.0,2.08,-2.08
foraging-pair-0072389-stay_y,foraging-pair-0072389-stay_y:0,foraging,0,1.125,0.20231412374495783,-1.0,1.0,2.0,1.0,0.0,1.6,-1.6
foraging-pair-0072389-stay_y,foraging-pair-0072389-stay_y:1,foraging,1,-0.625,0.014603650524567358,-1.6666666666666667,0.3333333333333332,2.0,1.0,-1.0,2.08,-2.08
foraging-pair-0072391-stay_x,foraging-pair-0072391-stay_x:0,foraging,0,2.375,0.9844410954965847,1.0,1.0,0.0,1.0,0.0,-0.3999999999999999,0.3999999999999999
foraging-pair-0072391-stay_x,foraging-pair-0072391-stay_x:1,foraging,1,-0.375,0.7967306222761943,0.3333333333333332,0.3333333333333332,0.0,1.0,-1.0,0.08,-0.08
foraging-pair-0072391-stay_x,foraging-pair-0072391-stay_x:2,foraging,2,0.5,0.6090201490558038,1.0,1.0,0.0,1.0,3.0,0.56,-0.56
foraging-pair-0072391-stay_y,foraging-pair-0072391-stay_y:0,foraging,0,2.0,0.9844410954965847,1.0,1.0,0.0,1.0,0.0,-0.3999999999999999,0.3999999999999999
foraging-pair-0072391-stay_y,foraging-pair-0072391-stay_y:1,foraging,1,-0.875,0.7967306222761943,0.3333333333333332,0.3333333333333332,0.0,1.0,-1.0,0.08,-0.08
foraging-pair-0072393-stay_x,foraging-pair-0072393-stay_x:0,foraging,0,1.375,0.8280157011462593,-1.0,1.0,2.0,1.0,0.0,0.0,-0.0
foraging-pair-0072393-stay_x,foraging-pair-0072393-stay_x:1,foraging,1,1.375,0.7498030039710966,-0.3333333333333335,1.6666666666666663,2.0,1.0,3.0,0.2000000000000001,-0.2000000000000001
foraging-pair-0072393-stay_y,foraging-pair-0072393-stay_y:0,foraging,0,1.125,0.8280157011462593,-1.0,1.0,2.0,1.0,0.0,0.0,-0.0
foraging-pair-0072393-stay_y,foraging-pair-0072393-stay_y:1,foraging,1,1.25,0.7498030039710966,-0.3333333333333335,1.6666666666666663,2.0,1.0,3.0,0.2000000000000001,-0.2000000000000001
foraging-pair-0072394-stay_x,foraging-pair-0072394-stay_x:0,foraging,0,3.5,1.6883553700730491,2.0,2.0,0.0,0.0,0.0,-2.2,2.2
foraging-pair-0072394-stay_x,foraging-pair-0072394-stay_x:1,foraging,1,0.75,1.6101426728978863,1.3333333333333333,1.3333333333333333,0.0,0.0,0.0,-2.0,2.0
foraging-pair-0072394-stay_y,foraging-pair-0072394-stay_y:0,foraging,0,2.875,1.6883553700730491,2.0,2.0,0.0,0.0,0.0,-2.2,2.2
foraging-pair-0072394-stay_y,foraging-pair-0072394-stay_y:1,foraging,1,0.375,1.6101426728978863,1.3333333333333333,1.3333333333333333,0.0,0.0,0.0,-2.0,2.0
foraging-pair-0072404-stay_x,foraging-pair-0072404-stay_x:0,foraging,0,3.5,1.375504581372398,2.0,2.0,0.0,0.0,0.0,-1.4,1.4
foraging-pair-0072404-stay_x,foraging-pair-0072404-stay_x:1,foraging,1,1.5,1.1877941081520078,2.6666666666666665,2.6666666666666665,0.0,0.0,4.0,-0.92,0.92
foraging-pair-0072404-stay_x,foraging-pair-0072404-stay_x:2,foraging,2,-1.125,1.0000836349316171,2.0,2.0,0.0,0.0,0.0,-0.4399999999999999,0.4399999999999999
foraging-pair-0072404-stay_x,foraging-pair-0072404-stay_x:3,foraging,3,-1.25,0.906228398321422,1.6,1.6,0.0,0.0,0.0,-0.2,0.2
foraging-pair-0072404-stay_x,foraging-pair-0072404-stay_x:4,foraging,4,-1.25,0.906228398321422,1.3333333333333333,1.3333333333333333,0.0,0.0,0.0,-0.2,0.2
foraging-pair-0072404-stay_y,foraging-pair-0072404-stay_y:0,foraging,0,2.875,1.375504581372398,2.0,2.0,0.0,0.0,0.0,-1.4,1.4
foraging-pair-0072404-stay_y,foraging-pair-0072404-stay_y:1,foraging,1,1.25,1.1877941081520078,2.6666666666666665,2.6666666666666665,0.0,0.0,4.0,-0.92,0.92
foraging-pair-0072404-stay_y,foraging-pair-0072404-stay_y:2,foraging,2,-0.875,1.0000836349316171,2.0,2.0,0.0,0.0,0.0,-0.4399999999999999,0.4399999999999999
foraging-pair-0072404-stay_y,foraging-pair-0072404-stay_y:3,foraging,3,-1.0,0.906228398321422,1.6,1.6,0.0,0.0,0.0,-0.2,0.2
foraging-pair-0072404-stay_y,foraging-pair-0072404-stay_y:4,foraging,4,-1.25,0.906228398321422,1.3333333333333333,1.3333333333333333,0.0,0.0,0.0,-0.2,0.2
solvability-pair-0072037-try_again_m,solvability-pair-0072037-try_again_m:0,solvability,0,-0.125,-0.4380534668850614,-2.5,-0.5,2.0,1.0,0.0,2.5,-2.5
solvability-pair-0072037-try_again_n,solvability-pair-0072037-try_again_n:0,solvability,0,-1.25,-0.4380534668850614,-2.5,-0.5,2.0,1.0,0.0,2.5,-2.5
solvability-pair-0072040-try_again_m,solvability-pair-0072040-try_again_m:0,solvability,0,3.25,0.8395771678652186,-0.25,-0.25,0.0,1.0,0.0,0.1999999999999999,-0.1999999999999999
solvability-pair-0072040-try_again_m,solvability-pair-0072040-try_again_m:1,solvability,1,7.75,0.8395771678652186,-0.1666666666666666,-0.1666666666666666,0.0,1.0,1.0,0.1999999999999999,-0.1999999999999999
solvability-pair-0072040-try_again_m,solvability-pair-0072040-try_again_m:2,solvability,2,4.75,0.8395771678652186,-0.125,-0.125,0.0,1.0,2.0,0.1999999999999999,-0.1999999999999999
solvability-pair-0072040-try_again_m,solvability-pair-0072040-try_again_m:3,solvability,3,3.75,0.8395771678652186,-0.0999999999999999,-0.0999999999999999,0.0,1.0,3.0,0.1999999999999999,-0.1999999999999999
solvability-pair-0072040-try_again_m,solvability-pair-0072040-try_again_m:4,solvability,4,2.125,0.8395771678652186,-0.0833333333333333,-0.0833333333333333,0.0,1.0,4.0,0.1999999999999999,-0.1999999999999999
solvability-pair-0072040-try_again_n,solvability-pair-0072040-try_again_n:0,solvability,0,1.125,0.8395771678652186,-0.25,-0.25,0.0,1.0,0.0,0.1999999999999999,-0.1999999999999999
solvability-pair-0072040-try_again_n,solvability-pair-0072040-try_again_n:1,solvability,1,8.625,0.8395771678652186,-0.1666666666666666,-0.1666666666666666,0.0,1.0,1.0,0.1999999999999999,-0.1999999999999999
solvability-pair-0072040-try_again_n,solvability-pair-0072040-try_again_n:2,solvability,2,6.0,0.8395771678652186,-0.125,-0.125,0.0,1.0,2.0,0.1999999999999999,-0.1999999999999999
solvability-pair-0072040-try_again_n,solvability-pair-0072040-try_again_n:3,solvability,3,4.75,0.8395771678652186,-0.0999999999999999,-0.0999999999999999,0.0,1.0,3.0,0.1999999999999999,-0.1999999999999999
solvability-pair-0072040-try_again_n,solvability-pair-0072040-try_again_n:4,solvability,4,2.625,0.8395771678652186,-0.0833333333333333,-0.0833333333333333,0.0,1.0,4.0,0.1999999999999999,-0.1999999999999999
solvability-pair-0072043-try_again_m,solvability-pair-0072043-try_again_m:0,solvability,0,0.0,1.061773799995702,0.25,0.25,0.0,0.0,0.0,-0.2,0.2
solvability-pair-0072043-try_again_m,solvability-pair-0072043-try_again_m:1,solvability,1,-3.625,1.061773799995702,0.1666666666666666,0.1666666666666666,0.0,0.0,0.0,-0.2,0.2
solvability-pair-0072043-try_again_n,solvability-pair-0072043-try_again_n:0,solvability,0,-1.25,1.061773799995702,0.25,0.25,0.0,0.0,0.0,-0.2,0.2
solvability-pair-0072045-try_again_m,solvability-pair-0072045-try_again_m:0,solvability,0,-0.5,0.5062822196694934,-0.75,-0.75,0.0,1.0,0.0,0.8,-0.8
solvability-pair-0072045-try_again_n,solvability-pair-0072045-try_again_n:0,solvability,0,-1.25,0.5062822196694934,-0.75,-0.75,0.0,1.0,0.0,0.8,-0.8
solvability-pair-0072047-try_again_m,solvability-pair-0072047-try_again_m:0,solvability,0,2.75,-0.2714059927871989,-2.25,-0.25,2.0,1.0,0.0,2.2,-2.2
solvability-pair-0072047-try_again_m,solvability-pair-0072047-try_again_m:1,solvability,1,-2.5,-0.2714059927871989,-2.5,-0.5,2.0,1.0,0.0,2.2,-2.2
solvability-pair-0072047-try_again_n,solvability-pair-0072047-try_again_n:0,solvability,0,0.75,-0.2714059927871989,-2.25,-0.25,2.0,1.0,0.0,2.2,-2.2
solvability-pair-0072047-try_again_n,solvability-pair-0072047-try_again_n:1,solvability,1,-2.375,-0.2714059927871989,-2.5,-0.5,2.0,1.0,0.0,2.2,-2.2
solvability-pair-0072051-try_again_m,solvability-pair-0072051-try_again_m:0,solvability,0,-0.75,-0.6047009409829242,-2.75,-0.75,2.0,1.0,0.0,2.8,-2.8
solvability-pair-0072051-try_again_m,solvability-pair-0072051-try_again_m:1,solvability,1,-3.25,-0.6047009409829242,-2.8333333333333335,-0.8333333333333334,2.0,1.0,0.0,2.8,-2.8
solvability-pair-0072051-try_again_n,solvability-pair-0072051-try_again_n:0,solvability,0,-1.5,-0.6047009409829242,-2.75,-0.75,2.0,1.0,0.0,2.8,-2.8
solvability-pair-0072055-try_again_m,solvability-pair-0072055-try_again_m:0,solvability,0,0.0,1.061773799995702,0.25,0.25,0.0,0.0,0.0,-0.2,0.2
solvability-pair-0072055-try_again_n,solvability-pair-0072055-try_again_n:0,solvability,0,-1.25,1.061773799995702,0.25,0.25,0.0,0.0,0.0,-0.2,0.2
solvability-pair-0072059-try_again_m,solvability-pair-0072059-try_again_m:0,solvability,0,2.75,-0.2714059927871989,-2.25,-0.25,2.0,1.0,0.0,2.2,-2.2
solvability-pair-0072059-try_again_m,solvability-pair-0072059-try_again_m:1,solvability,1,7.375,-0.2714059927871989,-2.1666666666666665,-0.1666666666666666,2.0,1.0,1.0,2.2,-2.2
solvability-pair-0072059-try_again_m,solvability-pair-0072059-try_again_m:2,solvability,2,3.75,-0.2714059927871989,-2.125,-0.125,2.0,1.0,2.0,2.2,-2.2
solvability-pair-0072059-try_again_m,solvability-pair-0072059-try_again_m:3,solvability,3,2.75,-0.2714059927871989,-2.1,-0.0999999999999999,2.0,1.0,3.0,2.2,-2.2
solvability-pair-0072059-try_again_m,solvability-pair-0072059-try_again_m:4,solvability,4,1.625,-0.2714059927871989,-2.0833333333333335,-0.0833333333333333,2.0,1.0,4.0,2.2,-2.2
solvability-pair-0072059-try_again_m,solvability-pair-0072059-try_again_m:5,solvability,5,0.875,-0.2714059927871989,-2.071428571428571,-0.0714285714285714,2.0,1.0,5.0,2.2,-2.2
solvability-pair-0072059-try_again_m,solvability-pair-0072059-try_again_m:6,solvability,6,0.75,-0.2714059927871989,-2.0625,-0.0625,2.0,1.0,6.0,2.2,-2.2
solvability-pair-0072059-try_again_m,solvability-pair-0072059-try_again_m:7,solvability,7,-3.0,-0.2714059927871989,-2.1666666666666665,-0.1666666666666666,2.0,1.0,6.0,2.2,-2.2
solvability-pair-0072059-try_again_n,solvability-pair-0072059-try_again_n:0,solvability,0,0.75,-0.2714059927871989,-2.25,-0.25,2.0,1.0,0.0,2.2,-2.2
solvability-pair-0072059-try_again_n,solvability-pair-0072059-try_again_n:1,solvability,1,7.75,-0.2714059927871989,-2.1666666666666665,-0.1666666666666666,2.0,1.0,1.0,2.2,-2.2
solvability-pair-0072059-try_again_n,solvability-pair-0072059-try_again_n:2,solvability,2,5.0,-0.2714059927871989,-2.125,-0.125,2.0,1.0,2.0,2.2,-2.2
solvability-pair-0072059-try_again_n,solvability-pair-0072059-try_again_n:3,solvability,3,3.875,-0.2714059927871989,-2.1,-0.0999999999999999,2.0,1.0,3.0,2.2,-2.2
solvability-pair-0072059-try_again_n,solvability-pair-0072059-try_again_n:4,solvability,4,1.875,-0.2714059927871989,-2.0833333333333335,-0.0833333333333333,2.0,1.0,4.0,2.2,-2.2
solvability-pair-0072059-try_again_n,solvability-pair-0072059-try_again_n:5,solvability,5,0.75,-0.2714059927871989,-2.071428571428571,-0.0714285714285714,2.0,1.0,5.0,2.2,-2.2
solvability-pair-0072059-try_again_n,solvability-pair-0072059-try_again_n:6,solvability,6,0.75,-0.2714059927871989,-2.0625,-0.0625,2.0,1.0,6.0,2.2,-2.2
solvability-pair-0072059-try_again_n,solvability-pair-0072059-try_again_n:7,solvability,7,-3.125,-0.2714059927871989,-2.1666666666666665,-0.1666666666666666,2.0,1.0,6.0,2.2,-2.2
solvability-pair-0072065-try_again_m,solvability-pair-0072065-try_again_m:0,solvability,0,0.5,0.1174381134411473,-1.5,0.5,2.0,0.0,0.0,1.5,-1.5
solvability-pair-0072065-try_again_n,solvability-pair-0072065-try_again_n:0,solvability,0,-1.0,0.1174381134411473,-1.5,0.5,2.0,0.0,0.0,1.5,-1.5
solvability-pair-0072068-try_again_m,solvability-pair-0072068-try_again_m:0,solvability,0,-0.375,-0.04920936065671533,-1.75,0.25,2.0,0.0,0.0,1.8,-1.8
solvability-pair-0072068-try_again_n,solvability-pair-0072068-try_again_n:0,solvability,0,-1.375,-0.04920936065671533,-1.75,0.25,2.0,0.0,0.0,1.8,-1.8
solvability-pair-0072069-try_again_m,solvability-pair-0072069-try_again_m:0,solvability,0,-0.5,0.5062822196694934,-0.75,-0.75,0.0,1.0,0.0,0.8,-0.8
solvability-pair-0072069-try_again_n,solvability-pair-0072069-try_again_n:0,solvability,0,-1.25,0.5062822196694934,-0.75,-0.75,0.0,1.0,0.0,0.8,-0.8
solvability-pair-0072082-try_again_m,solvability-pair-0072082-try_again_m:0,solvability,0,4.125,1.3950687481914272,0.75,0.75,0.0,0.0,0.0,-0.8,0.8
solvability-pair-0072082-try_again_m,solvability-pair-0072082-try_again_m:1,solvability,1,8.5,1.3950687481914272,0.8333333333333334,0.8333333333333334,0.0,0.0,1.0,-0.8,0.8
solvability-pair-0072082-try_again_m,solvability-pair-0072082-try_again_m:2,solvability,2,1.625,1.3950687481914272,0.625,0.625,0.0,0.0,1.0,-0.8,0.8
solvability-pair-0072082-try_again_n,solvability-pair-0072082-try_again_n:0,solvability,0,1.5,1.3950687481914272,0.75,0.75,0.0,0.0,0.0,-0.8,0.8
solvability-pair-0072082-try_again_n,solvability-pair-0072082-try_again_n:1,solvability,1,9.5,1.3950687481914272,0.8333333333333334,0.8333333333333334,0.0,0.0,1.0,-0.8,0.8
solvability-pair-0072082-try_again_n,solvability-pair-0072082-try_again_n:2,solvability,2,3.0,1.3950687481914272,0.625,0.625,0.0,0.0,1.0,-0.8,0.8
solvability-pair-0072082-try_again_n,solvability-pair-0072082-try_again_n:3,solvability,3,5.625,1.3950687481914272,0.7,0.7,0.0,0.0,2.0,-0.8,0.8
solvability-pair-0072082-try_again_n,solvability-pair-0072082-try_again_n:4,solvability,4,4.125,1.3950687481914272,0.75,0.75,0.0,0.0,3.0,-0.8,0.8
solvability-pair-0072082-try_again_n,solvability-pair-0072082-try_again_n:5,solvability,5,1.875,1.3950687481914272,0.7857142857142857,0.7857142857142857,0.0,0.0,4.0,-0.8,0.8
solvability-pair-0072088-try_again_m,solvability-pair-0072088-try_again_m:0,solvability,0,3.25,0.8395771678652186,-0.25,-0.25,0.0,1.0,0.0,0.1999999999999999,-0.1999999999999999
solvability-pair-0072088-try_again_m,solvability-pair-0072088-try_again_m:1,solvability,1,7.75,0.8395771678652186,-0.1666666666666666,-0.1666666666666666,0.0,1.0,1.0,0.1999999999999999,-0.1999999999999999
solvability-pair-0072088-try_again_m,solvability-pair-0072088-try_again_m:2,solvability,2,4.75,0.8395771678652186,-0.125,-0.125,0.0,1.0,2.0,0.1999999999999999,-0.1999999999999999
solvability-pair-0072088-try_again_m,solvability-pair-0072088-try_again_m:3,solvability,3,3.75,0.8395771678652186,-0.0999999999999999,-0.0999999999999999,0.0,1.0,3.0,0.1999999999999999,-0.1999999999999999
solvability-pair-0072088-try_again_m,solvability-pair-0072088-try_again_m:4,solvability,4,2.125,0.8395771678652186,-0.0833333333333333,-0.0833333333333333,0.0,1.0,4.0,0.1999999999999999,-0.1999999999999999
solvability-pair-0072088-try_again_m,solvability-pair-0072088-try_again_m:5,solvability,5,1.375,0.8395771678652186,-0.0714285714285714,-0.0714285714285714,0.0,1.0,5.0,0.1999999999999999,-0.1999999999999999
solvability-pair-0072088-try_again_m,solvability-pair-0072088-try_again_m:6,solvability,6,1.5,0.8395771678652186,-0.0625,-0.0625,0.0,1.0,6.0,0.1999999999999999,-0.1999999999999999
solvability-pair-0072088-try_again_n,solvability-pair-0072088-try_again_n:0,solvability,0,1.125,0.8395771678652186,-0.25,-0.25,0.0,1.0,0.0,0.1999999999999999,-0.1999999999999999
solvability-pair-0072088-try_again_n,solvability-pair-0072088-try_again_n:1,solvability,1,8.625,0.8395771678652186,-0.1666666666666666,-0.1666666666666666,0.0,1.0,1.0,0.1999999999999999,-0.1999999999999999
solvability-pair-0072088-try_again_n,solvability-pair-0072088-try_again_n:2,solvability,2,6.0,0.8395771678652186,-0.125,-0.125,0.0,1.0,2.0,0.1999999999999999,-0.1999999999999999
solvability-pair-0072088-try_again_n,solvability-pair-0072088-try_again_n:3,solvability,3,4.75,0.8395771678652186,-0.0999999999999999,-0.0999999999999999,0.0,1.0,3.0,0.1999999999999999,-0.1999999999999999
solvability-pair-0072088-try_again_n,solvability-pair-0072088-try_again_n:4,solvability,4,2.625,0.8395771678652186,-0.0833333333333333,-0.0833333333333333,0.0,1.0,4.0,0.1999999999999999,-0.1999999999999999
solvability-pair-0072088-try_again_n,solvability-pair-0072088-try_again_n:5,solvability,5,1.125,0.8395771678652186,-0.0714285714285714,-0.0714285714285714,0.0,1.0,5.0,0.1999999999999999,-0.1999999999999999
solvability-pair-0072088-try_again_n,solvability-pair-0072088-try_again_n:6,solvability,6,1.25,0.8395771678652186,-0.0625,-0.0625,0.0,1.0,6.0,0.1999999999999999,-0.1999999999999999
solvability-pair-0072101-try_again_m,solvability-pair-0072101-try_again_m:0,solvability,0,0.5,0.1174381134411473,-1.5,0.5,2.0,0.0,0.0,1.5,-1.5
solvability-pair-0072101-try_again_m,solvability-pair-0072101-try_again_m:1,solvability,1,6.25,0.1174381134411473,-1.3333333333333337,0.6666666666666666,2.0,0.0,1.0,1.5,-1.5
solvability-pair-0072101-try_again_m,solvability-pair-0072101-try_again_m:2,solvability,2,0.5,0.1174381134411473,-1.5,0.5,2.0,0.0,1.0,1.5,-1.5
solvability-pair-0072101-try_again_m,solvability-pair-0072101-try_again_m:3,solvability,3,2.25,0.1174381134411473,-1.4,0.6,2.0,0.0,2.0,1.5,-1.5
solvability-pair-0072101-try_again_n,solvability-pair-0072101-try_again_n:0,solvability,0,-1.0,0.1174381134411473,-1.5,0.5,2.0,0.0,0.0,1.5,-1.5
solvability-pair-0072136-try_again_m,solvability-pair-0072136-try_again_m:0,solvability,0,3.25,0.8395771678652186,-0.25,-0.25,0.0,1.0,0.0,0.1999999999999999,-0.1999999999999999
solvability-pair-0072136-try_again_m,solvability-pair-0072136-try_again_m:1,solvability,1,-2.75,0.8395771678652186,-0.5,-0.5,0.0,1.0,0.0,0.1999999999999999,-0.1999999999999999
solvability-pair-0072136-try_again_n,solvability-pair-0072136-try_again_n:0,solvability,0,1.125,0.8395771678652186,-0.25,-0.25,0.0,1.0,0.0,0.1999999999999999,-0.1999999999999999
solvability-pair-0072136-try_again_n,solvability-pair-0072136-try_again_n:1,solvability,1,-2.375,0.8395771678652186,-0.5,-0.5,0.0,1.0,0.0,0.1999999999999999,-0.1999999999999999
solvability-pair-0072137-try_again_m,solvability-pair-0072137-try_again_m:0,solvability,0,0.5,0.1174381134411473,-1.5,0.5,2.0,0.0,0.0,1.5,-1.5
solvability-pair-0072137-try_again_m,solvability-pair-0072137-try_again_m:1,solvability,1,6.25,0.1174381134411473,-1.3333333333333337,0.6666666666666666,2.0,0.0,1.0,1.5,-1.5
solvability-pair-0072137-try_again_m,solvability-pair-0072137-try_again_m:2,solvability,2,0.5,0.1174381134411473,-1.5,0.5,2.0,0.0,1.0,1.5,-1.5
solvability-pair-0072137-try_again_n,solvability-pair-0072137-try_again_n:0,solvability,0,-1.0,0.1174381134411473,-1.5,0.5,2.0,0.0,0.0,1.5,-1.5
solvability-pair-0072139-try_again_m,solvability-pair-0072139-try_again_m:0,solvability,0,0.0,1.061773799995702,0.25,0.25,0.0,0.0,0.0,-0.2,0.2
solvability-pair-0072139-try_again_n,solvability-pair-0072139-try_again_n:0,solvability,0,-1.25,1.061773799995702,0.25,0.25,0.0,0.0,0.0,-0.2,0.2
solvability-pair-0072146-try_again_m,solvability-pair-0072146-try_again_m:0,solvability,0,0.25,0.672929693767356,-0.5,-0.5,0.0,1.0,0.0,0.5,-0.5
solvability-pair-0072146-try_again_m,solvability-pair-0072146-try_again_m:1,solvability,1,-3.375,0.672929693767356,-0.6666666666666667,-0.6666666666666667,0.0,1.0,0.0,0.5,-0.5
solvability-pair-0072146-try_again_n,solvability-pair-0072146-try_again_n:0,solvability,0,-1.0,0.672929693767356,-0.5,-0.5,0.0,1.0,0.0,0.5,-0.5
solvability-pair-0072158-try_again_m,solvability-pair-0072158-try_again_m:0,solvability,0,0.25,0.672929693767356,-0.5,-0.5,0.0,1.0,0.0,0.5,-0.5
solvability-pair-0072158-try_again_n,solvability-pair-0072158-try_again_n:0,solvability,0,-1.0,0.672929693767356,-0.5,-0.5,0.0,1.0,0.0,0.5,-0.5
solvability-pair-0072159-try_again_m,solvability-pair-0072159-try_again_m:0,solvability,0,-0.75,-0.6047009409829242,-2.75,-0.75,2.0,1.0,0.0,2.8,-2.8
solvability-pair-0072159-try_again_n,solvability-pair-0072159-try_again_n:0,solvability,0,-1.5,-0.6047009409829242,-2.75,-0.75,2.0,1.0,0.0,2.8,-2.8
solvability-pair-0072161-try_again_m,solvability-pair-0072161-try_again_m:0,solvability,0,0.5,0.1174381134411473,-1.5,0.5,2.0,0.0,0.0,1.5,-1.5
solvability-pair-0072161-try_again_m,solvability-pair-0072161-try_again_m:1,solvability,1,6.25,0.1174381134411473,-1.3333333333333337,0.6666666666666666,2.0,0.0,1.0,1.5,-1.5
solvability-pair-0072161-try_again_m,solvability-pair-0072161-try_again_m:2,solvability,2,2.875,0.1174381134411473,-1.25,0.75,2.0,0.0,2.0,1.5,-1.5
solvability-pair-0072161-try_again_m,solvability-pair-0072161-try_again_m:3,solvability,3,2.625,0.1174381134411473,-1.2,0.8,2.0,0.0,3.0,1.5,-1.5
solvability-pair-0072161-try_again_m,solvability-pair-0072161-try_again_m:4,solvability,4,2.0,0.1174381134411473,-1.1666666666666663,0.8333333333333334,2.0,0.0,4.0,1.5,-1.5
solvability-pair-0072161-try_again_m,solvability-pair-0072161-try_again_m:5,solvability,5,1.25,0.1174381134411473,-1.1428571428571428,0.8571428571428571,2.0,0.0,5.0,1.5,-1.5
solvability-pair-0072161-try_again_m,solvability-pair-0072161-try_again_m:6,solvability,6,-1.25,0.1174381134411473,-1.25,0.75,2.0,0.0,5.0,1.5,-1.5
solvability-pair-0072161-try_again_n,solvability-pair-0072161-try_again_n:0,solvability,0,-1.0,0.1174381134411473,-1.5,0.5,2.0,0.0,0.0,1.5,-1.5
solvability-pair-0072162-try_again_m,solvability-pair-0072162-try_again_m:0,solvability,0,1.125,1.2284212740935647,0.5,0.5,0.0,0.0,0.0,-0.5,0.5
solvability-pair-0072162-try_again_m,solvability-pair-0072162-try_again_m:1,solvability,1,6.875,1.2284212740935647,0.6666666666666666,0.6666666666666666,0.0,0.0,1.0,-0.5,0.5
solvability-pair-0072162-try_again_m,solvability-pair-0072162-try_again_m:2,solvability,2,3.375,1.2284212740935647,0.75,0.75,0.0,0.0,2.0,-0.5,0.5
solvability-pair-0072162-try_again_m,solvability-pair-0072162-try_again_m:3,solvability,3,3.25,1.2284212740935647,0.8,0.8,0.0,0.0,3.0,-0.5,0.5
solvability-pair-0072162-try_again_m,solvability-pair-0072162-try_again_m:4,solvability,4,-0.125,1.2284212740935647,0.6666666666666666,0.6666666666666666,0.0,0.0,3.0,-0.5,0.5
solvability-pair-0072162-try_again_m,solvability-pair-0072162-try_again_m:5,solvability,5,1.25,1.2284212740935647,0.7142857142857143,0.7142857142857143,0.0,0.0,4.0,-0.5,0.5
solvability-pair-0072162-try_again_n,solvability-pair-0072162-try_again_n:0,solvability,0,-0.625,1.2284212740935647,0.5,0.5,0.0,0.0,0.0,-0.5,0.5
solvability-pair-0072163-try_again_m,solvability-pair-0072163-try_again_m:0,solvability,0,0.0,1.061773799995702,0.25,0.25,0.0,0.0,0.0,-0.2,0.2
solvability-pair-0072163-try_again_n,solvability-pair-0072163-try_again_n:0,solvability,0,-1.25,1.061773799995702,0.25,0.25,0.0,0.0,0.0,-0.2,0.2
solvability-pair-0072182-try_again_m,solvability-pair-0072182-try_again_m:0,solvability,0,0.25,0.672929693767356,-0.5,-0.5,0.0,1.0,0.0,0.5,-0.5
solvability-pair-0072182-try_again_m,solvability-pair-0072182-try_again_m:1,solvability,1,6.125,0.672929693767356,-0.3333333333333333,-0.3333333333333333,0.0,1.0,1.0,0.5,-0.5
solvability-pair-0072182-try_again_m,solvability-pair-0072182-try_again_m:2,solvability,2,2.875,0.672929693767356,-0.25,-0.25,0.0,1.0,2.0,0.5,-0.5
solvability-pair-0072182-try_again_m,solvability-pair-0072182-try_again_m:3,solvability,3,0.25,0.672929693767356,-0.4,-0.4,0.0,1.0,2.0,0.5,-0.5
solvability-pair-0072182-try_again_n,solvability-pair-0072182-try_again_n:0,solvability,0,-1.0,0.672929693767356,-0.5,-0.5,0.0,1.0,0.0,0.5,-0.5
solvability-pair-0072185-try_again_m,solvability-pair-0072185-try_again_m:0,solvability,0,0.5,0.1174381134411473,-1.5,0.5,2.0,0.0,0.0,1.5,-1.5
solvability-pair-0072185-try_again_m,solvability-pair-0072185-try_again_m:1,solvability,1,-3.125,0.1174381134411473,-1.6666666666666667,0.3333333333333333,2.0,0.0,0.0,1.5,-1.5
solvability-pair-0072185-try_again_n,solvability-pair-0072185-try_again_n:0,solvability,0,-1.0,0.1174381134411473,-1.5,0.5,2.0,0.0,0.0,1.5,-1.5
solvability-pair-0072185-try_again_n,solvability-pair-0072185-try_again_n:1,solvability,1,-3.5,0.1174381134411473,-1.6666666666666667,0.3333333333333333,2.0,0.0,0.0,1.5,-1.5
solvability-pair-0072191-try_again_m,solvability-pair-0072191-try_again_m:0,solvability,0,2.75,-0.2714059927871989,-2.25,-0.25,2.0,1.0,0.0,2.2,-2.2
solvability-pair-0072191-try_again_m,solvability-pair-0072191-try_again_m:1,solvability,1,7.375,-0.2714059927871989,-2.1666666666666665,-0.1666666666666666,2.0,1.0,1.0,2.2,-2.2
solvability-pair-0072191-try_again_m,solvability-pair-0072191-try_again_m:2,solvability,2,0.625,-0.2714059927871989,-2.375,-0.375,2.0,1.0,1.0,2.2,-2.2
solvability-pair-0072191-try_again_m,solvability-pair-0072191-try_again_m:3,solvability,3,2.5,-0.2714059927871989,-2.3,-0.3,2.0,1.0,2.0,2.2,-2.2
solvability-pair-0072191-try_again_m,solvability-pair-0072191-try_again_m:4,solvability,4,-0.875,-0.2714059927871989,-2.4166666666666665,-0.4166666666666666,2.0,1.0,2.0,2.2,-2.2
solvability-pair-0072191-try_again_n,solvability-pair-0072191-try_again_n:0,solvability,0,0.75,-0.2714059927871989,-2.25,-0.25,2.0,1.0,0.0,2.2,-2.2
solvability-pair-0072191-try_again_n,solvability-pair-0072191-try_again_n:1,solvability,1,7.75,-0.2714059927871989,-2.1666666666666665,-0.1666666666666666,2.0,1.0,1.0,2.2,-2.2
solvability-pair-0072191-try_again_n,solvability-pair-0072191-try_again_n:2,solvability,2,1.0,-0.2714059927871989,-2.375,-0.375,2.0,1.0,1.0,2.2,-2.2
solvability-pair-0072191-try_again_n,solvability-pair-0072191-try_again_n:3,solvability,3,3.625,-0.2714059927871989,-2.3,-0.3,2.0,1.0,2.0,2.2,-2.2
solvability-pair-0072191-try_again_n,solvability-pair-0072191-try_again_n:4,solvability,4,-0.125,-0.2714059927871989,-2.4166666666666665,-0.4166666666666666,2.0,1.0,2.0,2.2,-2.2
solvability-pair-0072191-try_again_n,solvability-pair-0072191-try_again_n:5,solvability,5,-0.875,-0.2714059927871989,-2.5,-0.5,2.0,1.0,2.0,2.2,-2.2
solvability-pair-0072191-try_again_n,solvability-pair-0072191-try_again_n:6,solvability,6,0.875,-0.2714059927871989,-2.4375,-0.4375,2.0,1.0,3.0,2.2,-2.2
solvability-pair-0072191-try_again_n,solvability-pair-0072191-try_again_n:7,solvability,7,0.0,-0.2714059927871989,-2.388888888888889,-0.3888888888888888,2.0,1.0,4.0,2.2,-2.2
solvability-pair-0072200-try_again_m,solvability-pair-0072200-try_again_m:0,solvability,0,-0.375,-0.04920936065671533,-1.75,0.25,2.0,0.0,0.0,1.8,-1.8
solvability-pair-0072200-try_again_n,solvability-pair-0072200-try_again_n:0,solvability,0,-1.375,-0.04920936065671533,-1.75,0.25,2.0,0.0,0.0,1.8,-1.8
solvability-pair-0072222-try_again_m,solvability-pair-0072222-try_again_m:0,solvability,0,1.125,1.2284212740935647,0.5,0.5,0.0,0.0,0.0,-0.5,0.5
solvability-pair-0072222-try_again_m,solvability-pair-0072222-try_again_m:1,solvability,1,-3.25,1.2284212740935647,0.3333333333333333,0.3333333333333333,0.0,0.0,0.0,-0.5,0.5
solvability-pair-0072222-try_again_n,solvability-pair-0072222-try_again_n:0,solvability,0,-0.625,1.2284212740935647,0.5,0.5,0.0,0.0,0.0,-0.5,0.5
solvability-pair-0072229-try_again_m,solvability-pair-0072229-try_again_m:0,solvability,0,-0.125,-0.4380534668850614,-2.5,-0.5,2.0,1.0,0.0,2.5,-2.5
solvability-pair-0072229-try_again_n,solvability-pair-0072229-try_again_n:0,solvability,0,-1.25,-0.4380534668850614,-2.5,-0.5,2.0,1.0,0.0,2.5,-2.5
solvability-pair-0072236-try_again_m,solvability-pair-0072236-try_again_m:0,solvability,0,-0.375,-0.04920936065671533,-1.75,0.25,2.0,0.0,0.0,1.8,-1.8
solvability-pair-0072236-try_again_n,solvability-pair-0072236-try_again_n:0,solvability,0,-1.375,-0.04920936065671533,-1.75,0.25,2.0,0.0,0.0,1.8,-1.8
solvability-pair-0072241-try_again_m,solvability-pair-0072241-try_again_m:0,solvability,0,-0.125,-0.4380534668850614,-2.5,-0.5,2.0,1.0,0.0,2.5,-2.5
solvability-pair-0072241-try_again_n,solvability-pair-0072241-try_again_n:0,solvability,0,-1.25,-0.4380534668850614,-2.5,-0.5,2.0,1.0,0.0,2.5,-2.5
solvability-pair-0072242-try_again_m,solvability-pair-0072242-try_again_m:0,solvability,0,0.25,0.672929693767356,-0.5,-0.5,0.0,1.0,0.0,0.5,-0.5
solvability-pair-0072242-try_again_m,solvability-pair-0072242-try_again_m:1,solvability,1,-3.375,0.672929693767356,-0.6666666666666667,-0.6666666666666667,0.0,1.0,0.0,0.5,-0.5
solvability-pair-0072242-try_again_n,solvability-pair-0072242-try_again_n:0,solvability,0,-1.0,0.672929693767356,-0.5,-0.5,0.0,1.0,0.0,0.5,-0.5
solvability-pair-0072251-try_again_m,solvability-pair-0072251-try_again_m:0,solvability,0,2.75,-0.2714059927871989,-2.25,-0.25,2.0,1.0,0.0,2.2,-2.2
solvability-pair-0072251-try_again_m,solvability-pair-0072251-try_again_m:1,solvability,1,7.375,-0.2714059927871989,-2.1666666666666665,-0.1666666666666666,2.0,1.0,1.0,2.2,-2.2
solvability-pair-0072251-try_again_m,solvability-pair-0072251-try_again_m:2,solvability,2,0.625,-0.2714059927871989,-2.375,-0.375,2.0,1.0,1.0,2.2,-2.2
solvability-pair-0072251-try_again_m,solvability-pair-0072251-try_again_m:3,solvability,3,-0.25,-0.2714059927871989,-2.5,-0.5,2.0,1.0,1.0,2.2,-2.2
solvability-pair-0072251-try_again_m,solvability-pair-0072251-try_again_m:4,solvability,4,1.875,-0.2714059927871989,-2.4166666666666665,-0.4166666666666666,2.0,1.0,2.0,2.2,-2.2
solvability-pair-0072251-try_again_m,solvability-pair-0072251-try_again_m:5,solvability,5,0.375,-0.2714059927871989,-2.357142857142857,-0.3571428571428571,2.0,1.0,3.0,2.2,-2.2
solvability-pair-0072251-try_again_m,solvability-pair-0072251-try_again_m:6,solvability,6,0.75,-0.2714059927871989,-2.3125,-0.3125,2.0,1.0,4.0,2.2,-2.2
solvability-pair-0072251-try_again_n,solvability-pair-0072251-try_again_n:0,solvability,0,0.75,-0.2714059927871989,-2.25,-0.25,2.0,1.0,0.0,2.2,-2.2
solvability-pair-0072251-try_again_n,solvability-pair-0072251-try_again_n:1,solvability,1,7.75,-0.2714059927871989,-2.1666666666666665,-0.1666666666666666,2.0,1.0,1.0,2.2,-2.2
solvability-pair-0072251-try_again_n,solvability-pair-0072251-try_again_n:2,solvability,2,1.0,-0.2714059927871989,-2.375,-0.375,2.0,1.0,1.0,2.2,-2.2
solvability-pair-0072251-try_again_n,solvability-pair-0072251-try_again_n:3,solvability,3,0.125,-0.2714059927871989,-2.5,-0.5,2.0,1.0,1.0,2.2,-2.2
solvability-pair-0072251-try_again_n,solvability-pair-0072251-try_again_n:4,solvability,4,2.875,-0.2714059927871989,-2.4166666666666665,-0.4166666666666666,2.0,1.0,2.0,2.2,-2.2
solvability-pair-0072251-try_again_n,solvability-pair-0072251-try_again_n:5,solvability,5,0.5,-0.2714059927871989,-2.357142857142857,-0.3571428571428571,2.0,1.0,3.0,2.2,-2.2
solvability-pair-0072251-try_again_n,solvability-pair-0072251-try_again_n:6,solvability,6,0.5,-0.2714059927871989,-2.3125,-0.3125,2.0,1.0,4.0,2.2,-2.2
solvability-pair-0072254-try_again_m,solvability-pair-0072254-try_again_m:0,solvability,0,0.25,0.672929693767356,-0.5,-0.5,0.0,1.0,0.0,0.5,-0.5
solvability-pair-0072254-try_again_m,solvability-pair-0072254-try_again_m:1,solvability,1,6.125,0.672929693767356,-0.3333333333333333,-0.3333333333333333,0.0,1.0,1.0,0.5,-0.5
solvability-pair-0072254-try_again_m,solvability-pair-0072254-try_again_m:2,solvability,2,0.25,0.672929693767356,-0.5,-0.5,0.0,1.0,1.0,0.5,-0.5
solvability-pair-0072254-try_again_n,solvability-pair-0072254-try_again_n:0,solvability,0,-1.0,0.672929693767356,-0.5,-0.5,0.0,1.0,0.0,0.5,-0.5
solvability-pair-0072255-try_again_m,solvability-pair-0072255-try_again_m:0,solvability,0,-0.75,-0.6047009409829242,-2.75,-0.75,2.0,1.0,0.0,2.8,-2.8
solvability-pair-0072255-try_again_n,solvability-pair-0072255-try_again_n:0,solvability,0,-1.5,-0.6047009409829242,-2.75,-0.75,2.0,1.0,0.0,2.8,-2.8
solvability-pair-0072257-try_again_m,solvability-pair-0072257-try_again_m:0,solvability,0,0.5,0.1174381134411473,-1.5,0.5,2.0,0.0,0.0,1.5,-1.5
solvability-pair-0072257-try_again_m,solvability-pair-0072257-try_again_m:1,solvability,1,-3.125,0.1174381134411473,-1.6666666666666667,0.3333333333333333,2.0,0.0,0.0,1.5,-1.5
solvability-pair-0072257-try_again_n,solvability-pair-0072257-try_again_n:0,solvability,0,-1.0,0.1174381134411473,-1.5,0.5,2.0,0.0,0.0,1.5,-1.5
solvability-pair-0072261-try_again_m,solvability-pair-0072261-try_again_m:0,solvability,0,-0.5,0.5062822196694934,-0.75,-0.75,0.0,1.0,0.0,0.8,-0.8
solvability-pair-0072261-try_again_m,solvability-pair-0072261-try_again_m:1,solvability,1,-3.625,0.5062822196694934,-0.8333333333333334,-0.8333333333333334,0.0,1.0,0.0,0.8,-0.8
solvability-pair-0072261-try_again_n,solvability-pair-0072261-try_again_n:0,solvability,0,-1.25,0.5062822196694934,-0.75,-0.75,0.0,1.0,0.0,0.8,-0.8
solvability-pair-0072261-try_again_n,solvability-pair-0072261-try_again_n:1,solvability,1,-3.875,0.5062822196694934,-0.8333333333333334,-0.8333333333333334,0.0,1.0,0.0,0.8,-0.8
solvability-pair-0072268-try_again_m,solvability-pair-0072268-try_again_m:0,solvability,0,3.25,0.8395771678652186,-0.25,-0.25,0.0,1.0,0.0,0.1999999999999999,-0.1999999999999999
solvability-pair-0072268-try_again_m,solvability-pair-0072268-try_again_m:1,solvability,1,7.75,0.8395771678652186,-0.1666666666666666,-0.1666666666666666,0.0,1.0,1.0,0.1999999999999999,-0.1999999999999999
solvability-pair-0072268-try_again_m,solvability-pair-0072268-try_again_m:2,solvability,2,4.75,0.8395771678652186,-0.125,-0.125,0.0,1.0,2.0,0.1999999999999999,-0.1999999999999999
solvability-pair-0072268-try_again_m,solvability-pair-0072268-try_again_m:3,solvability,3,3.75,0.8395771678652186,-0.0999999999999999,-0.0999999999999999,0.0,1.0,3.0,0.1999999999999999,-0.1999999999999999
solvability-pair-0072268-try_again_m,solvability-pair-0072268-try_again_m:4,solvability,4,2.125,0.8395771678652186,-0.0833333333333333,-0.0833333333333333,0.0,1.0,4.0,0.1999999999999999,-0.1999999999999999
solvability-pair-0072268-try_again_m,solvability-pair-0072268-try_again_m:5,solvability,5,1.375,0.8395771678652186,-0.0714285714285714,-0.0714285714285714,0.0,1.0,5.0,0.1999999999999999,-0.1999999999999999
solvability-pair-0072268-try_again_m,solvability-pair-0072268-try_again_m:6,solvability,6,1.5,0.8395771678652186,-0.0625,-0.0625,0.0,1.0,6.0,0.1999999999999999,-0.1999999999999999
solvability-pair-0072268-try_again_n,solvability-pair-0072268-try_again_n:0,solvability,0,1.125,0.8395771678652186,-0.25,-0.25,0.0,1.0,0.0,0.1999999999999999,-0.1999999999999999
solvability-pair-0072268-try_again_n,solvability-pair-0072268-try_again_n:1,solvability,1,8.625,0.8395771678652186,-0.1666666666666666,-0.1666666666666666,0.0,1.0,1.0,0.1999999999999999,-0.1999999999999999
solvability-pair-0072268-try_again_n,solvability-pair-0072268-try_again_n:2,solvability,2,6.0,0.8395771678652186,-0.125,-0.125,0.0,1.0,2.0,0.1999999999999999,-0.1999999999999999
solvability-pair-0072268-try_again_n,solvability-pair-0072268-try_again_n:3,solvability,3,4.75,0.8395771678652186,-0.0999999999999999,-0.0999999999999999,0.0,1.0,3.0,0.1999999999999999,-0.1999999999999999
solvability-pair-0072268-try_again_n,solvability-pair-0072268-try_again_n:4,solvability,4,2.625,0.8395771678652186,-0.0833333333333333,-0.0833333333333333,0.0,1.0,4.0,0.1999999999999999,-0.1999999999999999
solvability-pair-0072268-try_again_n,solvability-pair-0072268-try_again_n:5,solvability,5,1.125,0.8395771678652186,-0.0714285714285714,-0.0714285714285714,0.0,1.0,5.0,0.1999999999999999,-0.1999999999999999
solvability-pair-0072268-try_again_n,solvability-pair-0072268-try_again_n:6,solvability,6,1.25,0.8395771678652186,-0.0625,-0.0625,0.0,1.0,6.0,0.1999999999999999,-0.1999999999999999
solvability-pair-0072298-try_again_m,solvability-pair-0072298-try_again_m:0,solvability,0,4.125,1.3950687481914272,0.75,0.75,0.0,0.0,0.0,-0.8,0.8
solvability-pair-0072298-try_again_m,solvability-pair-0072298-try_again_m:1,solvability,1,8.5,1.3950687481914272,0.8333333333333334,0.8333333333333334,0.0,0.0,1.0,-0.8,0.8
solvability-pair-0072298-try_again_m,solvability-pair-0072298-try_again_m:2,solvability,2,5.75,1.3950687481914272,0.875,0.875,0.0,0.0,2.0,-0.8,0.8
solvability-pair-0072298-try_again_m,solvability-pair-0072298-try_again_m:3,solvability,3,5.125,1.3950687481914272,0.9,0.9,0.0,0.0,3.0,-0.8,0.8
solvability-pair-0072298-try_again_m,solvability-pair-0072298-try_again_m:4,solvability,4,0.625,1.3950687481914272,0.75,0.75,0.0,0.0,3.0,-0.8,0.8
solvability-pair-0072298-try_again_n,solvability-pair-0072298-try_again_n:0,solvability,0,1.5,1.3950687481914272,0.75,0.75,0.0,0.0,0.0,-0.8,0.8
solvability-pair-0072298-try_again_n,solvability-pair-0072298-try_again_n:1,solvability,1,9.5,1.3950687481914272,0.8333333333333334,0.8333333333333334,0.0,0.0,1.0,-0.8,0.8
solvability-pair-0072298-try_again_n,solvability-pair-0072298-try_again_n:2,solvability,2,7.0,1.3950687481914272,0.875,0.875,0.0,0.0,2.0,-0.8,0.8
solvability-pair-0072298-try_again_n,solvability-pair-0072298-try_again_n:3,solvability,3,6.25,1.3950687481914272,0.9,0.9,0.0,0.0,3.0,-0.8,0.8
solvability-pair-0072298-try_again_n,solvability-pair-0072298-try_again_n:4,solvability,4,0.625,1.3950687481914272,0.75,0.75,0.0,0.0,3.0,-0.8,0.8
solvability-pair-0072310-try_again_m,solvability-pair-0072310-try_again_m:0,solvability,0,4.125,1.3950687481914272,0.75,0.75,0.0,0.0,0.0,-0.8,0.8
solvability-pair-0072310-try_again_m,solvability-pair-0072310-try_again_m:1,solvability,1,-2.125,1.3950687481914272,0.5,0.5,0.0,0.0,0.0,-0.8,0.8
solvability-pair-0072310-try_again_n,solvability-pair-0072310-try_again_n:0,solvability,0,1.5,1.3950687481914272,0.75,0.75,0.0,0.0,0.0,-0.8,0.8
solvability-pair-0072310-try_again_n,solvability-pair-0072310-try_again_n:1,solvability,1,-1.875,1.3950687481914272,0.5,0.5,0.0,0.0,0.0,-0.8,0.8
solvability-pair-0072313-try_again_m,solvability-pair-0072313-try_again_m:0,solvability,0,-0.125,-0.4380534668850614,-2.5,-0.5,2.0,1.0,0.0,2.5,-2.5
solvability-pair-0072313-try_again_n,solvability-pair-0072313-try_again_n:0,solvability,0,-1.25,-0.4380534668850614,-2.5,-0.5,2.0,1.0,0.0,2.5,-2.5
solvability-pair-0072314-try_again_m,solvability-pair-0072314-try_again_m:0,solvability,0,0.25,0.672929693767356,-0.5,-0.5,0.0,1.0,0.0,0.5,-0.5
solvability-pair-0072314-try_again_n,solvability-pair-0072314-try_again_n:0,solvability,0,-1.0,0.672929693767356,-0.5,-0.5,0.0,1.0,0.0,0.5,-0.5
solvability-pair-0072317-try_again_m,solvability-pair-0072317-try_again_m:0,solvability,0,0.5,0.1174381134411473,-1.5,0.5,2.0,0.0,0.0,1.5,-1.5
solvability-pair-0072317-try_again_m,solvability-pair-0072317-try_again_m:1,solvability,1,6.25,0.1174381134411473,-1.3333333333333337,0.6666666666666666,2.0,0.0,1.0,1.5,-1.5
solvability-pair-0072317-try_again_m,solvability-pair-0072317-try_again_m:2,solvability,2,0.5,0.1174381134411473,-1.5,0.5,2.0,0.0,1.0,1.5,-1.5
solvability-pair-0072317-try_again_m,solvability-pair-0072317-try_again_m:3,solvability,3,2.25,0.1174381134411473,-1.4,0.6,2.0,0.0,2.0,1.5,-1.5
solvability-pair-0072317-try_again_m,solvability-pair-0072317-try_again_m:4,solvability,4,2.25,0.1174381134411473,-1.3333333333333337,0.6666666666666666,2.0,0.0,3.0,1.5,-1.5
solvability-pair-0072317-try_again_m,solvability-pair-0072317-try_again_m:5,solvability,5,1.125,0.1174381134411473,-1.2857142857142856,0.7142857142857143,2.0,0.0,4.0,1.5,-1.5
solvability-pair-0072317-try_again_n,solvability-pair-0072317-try_again_n:0,solvability,0,-1.0,0.1174381134411473,-1.5,0.5,2.0,0.0,0.0,1.5,-1.5
solvability-pair-0072317-try_again_n,solvability-pair-0072317-try_again_n:1,solvability,1,6.25,0.1174381134411473,-1.3333333333333337,0.6666666666666666,2.0,0.0,1.0,1.5,-1.5
solvability-pair-0072317-try_again_n,solvability-pair-0072317-try_again_n:2,solvability,2,1.375,0.1174381134411473,-1.5,0.5,2.0,0.0,1.0,1.5,-1.5
solvability-pair-0072317-try_again_n,solvability-pair-0072317-try_again_n:3,solvability,3,3.375,0.1174381134411473,-1.4,0.6,2.0,0.0,2.0,1.5,-1.5
solvability-pair-0072317-try_again_n,solvability-pair-0072317-try_again_n:4,solvability,4,2.125,0.1174381134411473,-1.3333333333333337,0.6666666666666666,2.0,0.0,3.0,1.5,-1.5
solvability-pair-0072317-try_again_n,solvability-pair-0072317-try_again_n:5,solvability,5,1.125,0.1174381134411473,-1.2857142857142856,0.7142857142857143,2.0,0.0,4.0,1.5,-1.5
solvability-pair-0072321-try_again_m,solvability-pair-0072321-try_again_m:0,solvability,0,-0.5,0.5062822196694934,-0.75,-0.75,0.0,1.0,0.0,0.8,-0.8
solvability-pair-0072321-try_again_m,solvability-pair-0072321-try_again_m:1,solvability,1,-3.625,0.5062822196694934,-0.8333333333333334,-0.8333333333333334,0.0,1.0,0.0,0.8,-0.8
solvability-pair-0072321-try_again_n,solvability-pair-0072321-try_again_n:0,solvability,0,-1.25,0.5062822196694934,-0.75,-0.75,0.0,1.0,0.0,0.8,-0.8
solvability-pair-0072321-try_again_n,solvability-pair-0072321-try_again_n:1,solvability,1,-3.875,0.5062822196694934,-0.8333333333333334,-0.8333333333333334,0.0,1.0,0.0,0.8,-0.8
solvability-pair-0072323-try_again_m,solvability-pair-0072323-try_again_m:0,solvability,0,2.75,-0.2714059927871989,-2.25,-0.25,2.0,1.0,0.0,2.2,-2.2
solvability-pair-0072323-try_again_m,solvability-pair-0072323-try_again_m:1,solvability,1,7.375,-0.2714059927871989,-2.1666666666666665,-0.1666666666666666,2.0,1.0,1.0,2.2,-2.2
solvability-pair-0072323-try_again_m,solvability-pair-0072323-try_again_m:2,solvability,2,0.625,-0.2714059927871989,-2.375,-0.375,2.0,1.0,1.0,2.2,-2.2
solvability-pair-0072323-try_again_n,solvability-pair-0072323-try_again_n:0,solvability,0,0.75,-0.2714059927871989,-2.25,-0.25,2.0,1.0,0.0,2.2,-2.2
solvability-pair-0072323-try_again_n,solvability-pair-0072323-try_again_n:1,solvability,1,7.75,-0.2714059927871989,-2.1666666666666665,-0.1666666666666666,2.0,1.0,1.0,2.2,-2.2
solvability-pair-0072323-try_again_n,solvability-pair-0072323-try_again_n:2,solvability,2,1.0,-0.2714059927871989,-2.375,-0.375,2.0,1.0,1.0,2.2,-2.2
solvability-pair-0072323-try_again_n,solvability-pair-0072323-try_again_n:3,solvability,3,3.625,-0.2714059927871989,-2.3,-0.3,2.0,1.0,2.0,2.2,-2.2
solvability-pair-0072323-try_again_n,solvability-pair-0072323-try_again_n:4,solvability,4,2.125,-0.2714059927871989,-2.25,-0.25,2.0,1.0,3.0,2.2,-2.2
solvability-pair-0072323-try_again_n,solvability-pair-0072323-try_again_n:5,solvability,5,1.125,-0.2714059927871989,-2.2142857142857144,-0.2142857142857143,2.0,1.0,4.0,2.2,-2.2
solvability-pair-0072323-try_again_n,solvability-pair-0072323-try_again_n:6,solvability,6,1.125,-0.2714059927871989,-2.1875,-0.1875,2.0,1.0,5.0,2.2,-2.2
solvability-pair-0072331-try_again_m,solvability-pair-0072331-try_again_m:0,solvability,0,0.0,1.061773799995702,0.25,0.25,0.0,0.0,0.0,-0.2,0.2
solvability-pair-0072331-try_again_n,solvability-pair-0072331-try_again_n:0,solvability,0,-1.25,1.061773799995702,0.25,0.25,0.0,0.0,0.0,-0.2,0.2
solvability-pair-0072336-try_again_m,solvability-pair-0072336-try_again_m:0,solvability,0,3.75,0.2840855875390099,-1.25,0.75,2.0,0.0,0.0,1.2,-1.2
solvability-pair-0072336-try_again_m,solvability-pair-0072336-try_again_m:1,solvability,1,8.0,0.2840855875390099,-1.1666666666666663,0.8333333333333334,2.0,0.0,1.0,1.2,-1.2
solvability-pair-0072336-try_again_m,solvability-pair-0072336-try_again_m:2,solvability,2,4.875,0.2840855875390099,-1.125,0.875,2.0,0.0,2.0,1.2,-1.2
solvability-pair-0072336-try_again_m,solvability-pair-0072336-try_again_m:3,solvability,3,4.25,0.2840855875390099,-1.1,0.9,2.0,0.0,3.0,1.2,-1.2
solvability-pair-0072336-try_again_m,solvability-pair-0072336-try_again_m:4,solvability,4,0.25,0.2840855875390099,-1.25,0.75,2.0,0.0,3.0,1.2,-1.2
solvability-pair-0072336-try_again_m,solvability-pair-0072336-try_again_m:5,solvability,5,1.75,0.2840855875390099,-1.2142857142857144,0.7857142857142857,2.0,0.0,4.0,1.2,-1.2
solvability-pair-0072336-try_again_m,solvability-pair-0072336-try_again_m:6,solvability,6,-0.5,0.2840855875390099,-1.3125,0.6875,2.0,0.0,4.0,1.2,-1.2
solvability-pair-0072336-try_again_n,solvability-pair-0072336-try_again_n:0,solvability,0,1.25,0.2840855875390099,-1.25,0.75,2.0,0.0,0.0,1.2,-1.2
solvability-pair-0072336-try_again_n,solvability-pair-0072336-try_again_n:1,solvability,1,8.375,0.2840855875390099,-1.1666666666666663,0.8333333333333334,2.0,0.0,1.0,1.2,-1.2
solvability-pair-0072336-try_again_n,solvability-pair-0072336-try_again_n:2,solvability,2,5.375,0.2840855875390099,-1.125,0.875,2.0,0.0,2.0,1.2,-1.2
solvability-pair-0072336-try_again_n,solvability-pair-0072336-try_again_n:3,solvability,3,4.375,0.2840855875390099,-1.1,0.9,2.0,0.0,3.0,1.2,-1.2
solvability-pair-0072336-try_again_n,solvability-pair-0072336-try_again_n:4,solvability,4,0.0,0.2840855875390099,-1.25,0.75,2.0,0.0,3.0,1.2,-1.2
solvability-pair-0072336-try_again_n,solvability-pair-0072336-try_again_n:5,solvability,5,2.375,0.2840855875390099,-1.2142857142857144,0.7857142857142857,2.0,0.0,4.0,1.2,-1.2
solvability-pair-0072336-try_again_n,solvability-pair-0072336-try_again_n:6,solvability,6,-0.375,0.2840855875390099,-1.3125,0.6875,2.0,0.0,4.0,1.2,-1.2
solvability-pair-0072356-try_again_m,solvability-pair-0072356-try_again_m:0,solvability,0,-0.375,-0.04920936065671533,-1.75,0.25,2.0,0.0,0.0,1.8,-1.8
solvability-pair-0072356-try_again_m,solvability-pair-0072356-try_again_m:1,solvability,1,-3.375,-0.04920936065671533,-1.8333333333333333,0.1666666666666666,2.0,0.0,0.0,1.8,-1.8
solvability-pair-0072356-try_again_n,solvability-pair-0072356-try_again_n:0,solvability,0,-1.375,-0.04920936065671533,-1.75,0.25,2.0,0.0,0.0,1.8,-1.8
solvability-pair-0072362-try_again_m,solvability-pair-0072362-try_again_m:0,solvability,0,0.25,0.672929693767356,-0.5,-0.5,0.0,1.0,0.0,0.5,-0.5
solvability-pair-0072362-try_again_n,solvability-pair-0072362-try_again_n:0,solvability,0,-1.0,0.672929693767356,-0.5,-0.5,0.0,1.0,0.0,0.5,-0.5
solvability-pair-0072370-try_again_m,solvability-pair-0072370-try_again_m:0,solvability,0,4.125,1.3950687481914272,0.75,0.75,0.0,0.0,0.0,-0.8,0.8
solvability-pair-0072370-try_again_m,solvability-pair-0072370-try_again_m:1,solvability,1,8.5,1.3950687481914272,0.8333333333333334,0.8333333333333334,0.0,0.0,1.0,-0.8,0.8
solvability-pair-0072370-try_again_m,solvability-pair-0072370-try_again_m:2,solvability,2,5.75,1.3950687481914272,0.875,0.875,0.0,0.0,2.0,-0.8,0.8
solvability-pair-0072370-try_again_m,solvability-pair-0072370-try_again_m:3,solvability,3,5.125,1.3950687481914272,0.9,0.9,0.0,0.0,3.0,-0.8,0.8
solvability-pair-0072370-try_again_m,solvability-pair-0072370-try_again_m:4,solvability,4,0.625,1.3950687481914272,0.75,0.75,0.0,0.0,3.0,-0.8,0.8
solvability-pair-0072370-try_again_n,solvability-pair-0072370-try_again_n:0,solvability,0,1.5,1.3950687481914272,0.75,0.75,0.0,0.0,0.0,-0.8,0.8
solvability-pair-0072370-try_again_n,solvability-pair-0072370-try_again_n:1,solvability,1,9.5,1.3950687481914272,0.8333333333333334,0.8333333333333334,0.0,0.0,1.0,-0.8,0.8
solvability-pair-0072370-try_again_n,solvability-pair-0072370-try_again_n:2,solvability,2,7.0,1.3950687481914272,0.875,0.875,0.0,0.0,2.0,-0.8,0.8
solvability-pair-0072370-try_again_n,solvability-pair-0072370-try_again_n:3,solvability,3,6.25,1.3950687481914272,0.9,0.9,0.0,0.0,3.0,-0.8,0.8
solvability-pair-0072370-try_again_n,solvability-pair-0072370-try_again_n:4,solvability,4,0.625,1.3950687481914272,0.75,0.75,0.0,0.0,3.0,-0.8,0.8
solvability-pair-0072371-try_again_m,solvability-pair-0072371-try_again_m:0,solvability,0,2.75,-0.2714059927871989,-2.25,-0.25,2.0,1.0,0.0,2.2,-2.2
solvability-pair-0072371-try_again_m,solvability-pair-0072371-try_again_m:1,solvability,1,7.375,-0.2714059927871989,-2.1666666666666665,-0.1666666666666666,2.0,1.0,1.0,2.2,-2.2
solvability-pair-0072371-try_again_m,solvability-pair-0072371-try_again_m:2,solvability,2,3.75,-0.2714059927871989,-2.125,-0.125,2.0,1.0,2.0,2.2,-2.2
solvability-pair-0072371-try_again_m,solvability-pair-0072371-try_again_m:3,solvability,3,2.75,-0.2714059927871989,-2.1,-0.0999999999999999,2.0,1.0,3.0,2.2,-2.2
solvability-pair-0072371-try_again_m,solvability-pair-0072371-try_again_m:4,solvability,4,1.625,-0.2714059927871989,-2.0833333333333335,-0.0833333333333333,2.0,1.0,4.0,2.2,-2.2
solvability-pair-0072371-try_again_m,solvability-pair-0072371-try_again_m:5,solvability,5,-1.75,-0.2714059927871989,-2.2142857142857144,-0.2142857142857143,2.0,1.0,4.0,2.2,-2.2
solvability-pair-0072371-try_again_n,solvability-pair-0072371-try_again_n:0,solvability,0,0.75,-0.2714059927871989,-2.25,-0.25,2.0,1.0,0.0,2.2,-2.2
solvability-pair-0072371-try_again_n,solvability-pair-0072371-try_again_n:1,solvability,1,7.75,-0.2714059927871989,-2.1666666666666665,-0.1666666666666666,2.0,1.0,1.0,2.2,-2.2
solvability-pair-0072371-try_again_n,solvability-pair-0072371-try_again_n:2,solvability,2,5.0,-0.2714059927871989,-2.125,-0.125,2.0,1.0,2.0,2.2,-2.2
solvability-pair-0072371-try_again_n,solvability-pair-0072371-try_again_n:3,solvability,3,3.875,-0.2714059927871989,-2.1,-0.0999999999999999,2.0,1.0,3.0,2.2,-2.2
solvability-pair-0072371-try_again_n,solvability-pair-0072371-try_again_n:4,solvability,4,1.875,-0.2714059927871989,-2.0833333333333335,-0.0833333333333333,2.0,1.0,4.0,2.2,-2.2
solvability-pair-0072371-try_again_n,solvability-pair-0072371-try_again_n:5,solvability,5,-2.0,-0.2714059927871989,-2.2142857142857144,-0.2142857142857143,2.0,1.0,4.0,2.2,-2.2
solvability-pair-0072374-try_again_m,solvability-pair-0072374-try_again_m:0,solvability,0,0.25,0.672929693767356,-0.5,-0.5,0.0,1.0,0.0,0.5,-0.5
solvability-pair-0072374-try_again_n,solvability-pair-0072374-try_again_n:0,solvability,0,-1.0,0.672929693767356,-0.5,-0.5,0.0,1.0,0.0,0.5,-0.5
solvability-pair-0072379-try_again_m,solvability-pair-0072379-try_again_m:0,solvability,0,0.0,1.061773799995702,0.25,0.25,0.0,0.0,0.0,-0.2,0.2
solvability-pair-0072379-try_again_n,solvability-pair-0072379-try_again_n:0,solvability,0,-1.25,1.061773799995702,0.25,0.25,0.0,0.0,0.0,-0.2,0.2
solvability-pair-0072384-try_again_m,solvability-pair-0072384-try_again_m:0,solvability,0,3.75,0.2840855875390099,-1.25,0.75,2.0,0.0,0.0,1.2,-1.2
solvability-pair-0072384-try_again_m,solvability-pair-0072384-try_again_m:1,solvability,1,8.0,0.2840855875390099,-1.1666666666666663,0.8333333333333334,2.0,0.0,1.0,1.2,-1.2
solvability-pair-0072384-try_again_m,solvability-pair-0072384-try_again_m:2,solvability,2,4.875,0.2840855875390099,-1.125,0.875,2.0,0.0,2.0,1.2,-1.2
solvability-pair-0072384-try_again_m,solvability-pair-0072384-try_again_m:3,solvability,3,0.625,0.2840855875390099,-1.3,0.7,2.0,0.0,2.0,1.2,-1.2
solvability-pair-0072384-try_again_m,solvability-pair-0072384-try_again_m:4,solvability,4,2.375,0.2840855875390099,-1.25,0.75,2.0,0.0,3.0,1.2,-1.2
solvability-pair-0072384-try_again_m,solvability-pair-0072384-try_again_m:5,solvability,5,-0.375,0.2840855875390099,-1.3571428571428572,0.6428571428571429,2.0,0.0,3.0,1.2,-1.2
solvability-pair-0072384-try_again_m,solvability-pair-0072384-try_again_m:6,solvability,6,-1.0,0.2840855875390099,-1.4375,0.5625,2.0,0.0,3.0,1.2,-1.2
solvability-pair-0072384-try_again_n,solvability-pair-0072384-try_again_n:0,solvability,0,1.25,0.2840855875390099,-1.25,0.75,2.0,0.0,0.0,1.2,-1.2
solvability-pair-0072384-try_again_n,solvability-pair-0072384-try_again_n:1,solvability,1,8.375,0.2840855875390099,-1.1666666666666663,0.8333333333333334,2.0,0.0,1.0,1.2,-1.2
solvability-pair-0072384-try_again_n,solvability-pair-0072384-try_again_n:2,solvability,2,5.375,0.2840855875390099,-1.125,0.875,2.0,0.0,2.0,1.2,-1.2
solvability-pair-0072384-try_again_n,solvability-pair-0072384-try_again_n:3,solvability,3,0.25,0.2840855875390099,-1.3,0.7,2.0,0.0,2.0,1.2,-1.2
solvability-pair-0072384-try_again_n,solvability-pair-0072384-try_again_n:4,solvability,4,2.5,0.2840855875390099,-1.25,0.75,2.0,0.0,3.0,1.2,-1.2
solvability-pair-0072384-try_again_n,solvability-pair-0072384-try_again_n:5,solvability,5,-0.25,0.2840855875390099,-1.3571428571428572,0.6428571428571429,2.0,0.0,3.0,1.2,-1.2
solvability-pair-0072384-try_again_n,solvability-pair-0072384-try_again_n:6,solvability,6,-0.75,0.2840855875390099,-1.4375,0.5625,2.0,0.0,3.0,1.2,-1.2
solvability-pair-0072389-try_again_m,solvability-pair-0072389-try_again_m:0,solvability,0,0.5,0.1174381134411473,-1.5,0.5,2.0,0.0,0.0,1.5,-1.5
solvability-pair-0072389-try_again_m,solvability-pair-0072389-try_again_m:1,solvability,1,6.25,0.1174381134411473,-1.3333333333333337,0.6666666666666666,2.0,0.0,1.0,1.5,-1.5
solvability-pair-0072389-try_again_m,solvability-pair-0072389-try_again_m:2,solvability,2,0.5,0.1174381134411473,-1.5,0.5,2.0,0.0,1.0,1.5,-1.5
solvability-pair-0072389-try_again_n,solvability-pair-0072389-try_again_n:0,solvability,0,-1.0,0.1174381134411473,-1.5,0.5,2.0,0.0,0.0,1.5,-1.5
solvability-pair-0072389-try_again_n,solvability-pair-0072389-try_again_n:1,solvability,1,6.25,0.1174381134411473,-1.3333333333333337,0.6666666666666666,2.0,0.0,1.0,1.5,-1.5
solvability-pair-0072389-try_again_n,solvability-pair-0072389-try_again_n:2,solvability,2,1.375,0.1174381134411473,-1.5,0.5,2.0,0.0,1.0,1.5,-1.5
solvability-pair-0072389-try_again_n,solvability-pair-0072389-try_again_n:3,solvability,3,-0.25,0.1174381134411473,-1.6,0.4,2.0,0.0,1.0,1.5,-1.5
solvability-pair-0072391-try_again_m,solvability-pair-0072391-try_again_m:0,solvability,0,0.0,1.061773799995702,0.25,0.25,0.0,0.0,0.0,-0.2,0.2
solvability-pair-0072391-try_again_n,solvability-pair-0072391-try_again_n:0,solvability,0,-1.25,1.061773799995702,0.25,0.25,0.0,0.0,0.0,-0.2,0.2
solvability-pair-0072393-try_again_m,solvability-pair-0072393-try_again_m:0,solvability,0,-0.5,0.5062822196694934,-0.75,-0.75,0.0,1.0,0.0,0.8,-0.8
solvability-pair-0072393-try_again_n,solvability-pair-0072393-try_again_n:0,solvability,0,-1.25,0.5062822196694934,-0.75,-0.75,0.0,1.0,0.0,0.8,-0.8
solvability-pair-0072394-try_again_m,solvability-pair-0072394-try_again_m:0,solvability,0,4.125,1.3950687481914272,0.75,0.75,0.0,0.0,0.0,-0.8,0.8
solvability-pair-0072394-try_again_m,solvability-pair-0072394-try_again_m:1,solvability,1,8.5,1.3950687481914272,0.8333333333333334,0.8333333333333334,0.0,0.0,1.0,-0.8,0.8
solvability-pair-0072394-try_again_m,solvability-pair-0072394-try_again_m:2,solvability,2,1.625,1.3950687481914272,0.625,0.625,0.0,0.0,1.0,-0.8,0.8
solvability-pair-0072394-try_again_m,solvability-pair-0072394-try_again_m:3,solvability,3,-0.125,1.3950687481914272,0.5,0.5,0.0,0.0,1.0,-0.8,0.8
solvability-pair-0072394-try_again_m,solvability-pair-0072394-try_again_m:4,solvability,4,2.875,1.3950687481914272,0.5833333333333334,0.5833333333333334,0.0,0.0,2.0,-0.8,0.8
solvability-pair-0072394-try_again_m,solvability-pair-0072394-try_again_m:5,solvability,5,1.75,1.3950687481914272,0.6428571428571429,0.6428571428571429,0.0,0.0,3.0,-0.8,0.8
solvability-pair-0072394-try_again_m,solvability-pair-0072394-try_again_m:6,solvability,6,1.625,1.3950687481914272,0.6875,0.6875,0.0,0.0,4.0,-0.8,0.8
solvability-pair-0072394-try_again_n,solvability-pair-0072394-try_again_n:0,solvability,0,1.5,1.3950687481914272,0.75,0.75,0.0,0.0,0.0,-0.8,0.8
solvability-pair-0072404-try_again_m,solvability-pair-0072404-try_again_m:0,solvability,0,-0.375,-0.04920936065671533,-1.75,0.25,2.0,0.0,0.0,1.8,-1.8
solvability-pair-0072404-try_again_n,solvability-pair-0072404-try_again_n:0,solvability,0,-1.375,-0.04920936065671533,-1.75,0.25,2.0,0.0,0.0,1.8,-1.8
