episode_id,state_id,task,round,observed_persistence_logit,predicted_persistence_logit,termination_advantage,estimated_continue_value,estimated_outside_value,cost_component,progress_component,generic_latent_value
seed-12026-pa-0.65-pb-0.20,seed-12026-pa-0.65-pb-0.20:0,bandit,0,4.203889734292549,3.019657066147831,0.5,0.5,0.0,0.0,0.0,1.25
seed-12026-pa-0.65-pb-0.20,seed-12026-pa-0.65-pb-0.20:1,bandit,1,3.0075990353171704,3.114136645557705,0.5,0.5,0.0,0.0,-2.0,2.4375
seed-12026-pa-0.65-pb-0.20,seed-12026-pa-0.65-pb-0.20:2,bandit,2,3.7234445810050545,3.2038922459970847,0.5,0.5,0.0,0.0,3.0,3.565625
seed-12026-pa-0.65-pb-0.20,seed-12026-pa-0.65-pb-0.20:3,bandit,3,3.2234445810050545,3.289160066414496,1.3333333333333337,1.3333333333333337,0.0,0.0,3.0,4.637343749999999
seed-12026-pa-0.65-pb-0.20,seed-12026-pa-0.65-pb-0.20:4,bandit,4,1.4287006782765204,3.3701644958110366,1.3333333333333337,1.3333333333333337,0.0,0.0,-2.0,5.6554765625
seed-12026-pa-0.65-pb-0.20,seed-12026-pa-0.65-pb-0.20:5,bandit,5,3.0075990353171704,3.4471187037377504,1.3333333333333337,1.3333333333333337,0.0,0.0,3.0,6.622702734374999
seed-12026-pa-0.65-pb-0.20,seed-12026-pa-0.65-pb-0.20:6,bandit,6,2.7254126516016477,3.5202252012681283,1.75,1.75,0.0,0.0,3.0,7.5415675976562495
seed-12026-pa-0.65-pb-0.20,seed-12026-pa-0.65-pb-0.20:7,bandit,7,2.031150136248314,3.589676373921987,1.75,1.75,0.0,0.0,-2.0,8.414489217773436
seed-12026-pa-0.65-pb-0.20,seed-12026-pa-0.65-pb-0.20:8,bandit,8,1.6787006782765204,3.6556549879431532,1.75,1.75,0.0,0.0,-2.0,9.243764756884765
seed-12026-pa-0.65-pb-0.20,seed-12026-pa-0.65-pb-0.20:9,bandit,9,0.826413277982752,3.718334671263261,1.75,1.75,0.0,0.0,-2.0,10.031576519040527
seed-12026-pa-0.65-pb-0.20,seed-12026-pa-0.65-pb-0.20:10,bandit,10,0.2676750576056008,3.7778803704173636,1.75,1.75,0.0,0.0,-2.0,10.7799976930885
seed-12026-pa-0.65-pb-0.20,seed-12026-pa-0.65-pb-0.20:11,bandit,11,0.376928011042974,3.8344487846137607,1.75,1.75,0.0,0.0,-2.0,11.490997808434075
seed-12033-pa-0.65-pb-0.35,seed-12033-pa-0.65-pb-0.35:0,bandit,0,4.203889734292549,3.019657066147831,0.5,0.5,0.0,0.0,0.0,1.25
seed-12033-pa-0.65-pb-0.35,seed-12033-pa-0.65-pb-0.35:1,bandit,1,4.42870067827652,3.114136645557705,1.3333333333333337,1.3333333333333337,0.0,0.0,3.0,2.4375
seed-12033-pa-0.65-pb-0.35,seed-12033-pa-0.65-pb-0.35:2,bandit,2,3.6368710061149017,3.2038922459970847,0.5,0.5,0.0,0.0,-2.0,3.565625
seed-12033-pa-0.65-pb-0.35,seed-12033-pa-0.65-pb-0.35:3,bandit,3,4.71393946547494,3.289160066414496,1.0,1.0,0.0,0.0,3.0,4.637343749999999
seed-12033-pa-0.65-pb-0.35,seed-12033-pa-0.65-pb-0.35:4,bandit,4,3.8288897342925488,3.3701644958110366,1.3333333333333337,1.3333333333333337,0.0,0.0,3.0,5.6554765625
seed-12033-pa-0.65-pb-0.35,seed-12033-pa-0.65-pb-0.35:5,bandit,5,3.686967589003199,3.4471187037377504,1.5714285714285716,1.5714285714285716,0.0,0.0,3.0,6.622702734374999
seed-12033-pa-0.65-pb-0.35,seed-12033-pa-0.65-pb-0.35:6,bandit,6,2.92974463538566,3.5202252012681283,1.125,1.125,0.0,0.0,-2.0,7.5415675976562495
seed-12033-pa-0.65-pb-0.35,seed-12033-pa-0.65-pb-0.35:7,bandit,7,1.951413277982752,3.589676373921987,0.7777777777777777,0.7777777777777777,0.0,0.0,-2.0,8.414489217773436
seed-12033-pa-0.65-pb-0.35,seed-12033-pa-0.65-pb-0.35:8,bandit,8,3.92358735157374,3.6556549879431532,1.0,1.0,0.0,0.0,3.0,9.243764756884765
seed-12033-pa-0.65-pb-0.35,seed-12033-pa-0.65-pb-0.35:9,bandit,9,3.6949361996449746,3.718334671263261,1.1818181818181817,1.1818181818181817,0.0,0.0,3.0,10.031576519040527
seed-12033-pa-0.65-pb-0.35,seed-12033-pa-0.65-pb-0.35:10,bandit,10,4.52975041827262,3.7778803704173636,1.3333333333333337,1.3333333333333337,0.0,0.0,3.0,10.7799976930885
seed-12033-pa-0.65-pb-0.35,seed-12033-pa-0.65-pb-0.35:11,bandit,11,4.27975041827262,3.8344487846137607,1.4615384615384617,1.4615384615384617,0.0,0.0,3.0,11.490997808434075
seed-12033-pa-0.65-pb-0.35,seed-12033-pa-0.65-pb-0.35:12,bandit,12,3.3199361996449746,3.888188778100338,1.2142857142857144,1.2142857142857144,0.0,0.0,-2.0,12.166447918012372
seed-12033-pa-0.65-pb-0.35,seed-12033-pa-0.65-pb-0.35:13,bandit,13,4.0380413716877825,3.9392417719125867,1.3333333333333337,1.3333333333333337,0.0,0.0,3.0,12.808125522111753
seed-12033-pa-0.65-pb-0.35,seed-12033-pa-0.65-pb-0.35:14,bandit,14,4.15864569998304,3.9877421160342226,1.4375,1.4375,0.0,0.0,3.0,13.417719246006165
seed-12033-pa-0.65-pb-0.35,seed-12033-pa-0.65-pb-0.35:15,bandit,15,3.79858735157374,4.033817442949777,1.2352941176470589,1.2352941176470589,0.0,0.0,-2.0,13.996833283705856
seed-12033-pa-0.65-pb-0.35,seed-12033-pa-0.65-pb-0.35:16,bandit,16,3.0429990792290873,4.077589003519553,1.0555555555555554,1.0555555555555554,0.0,0.0,-2.0,14.546991619520563
seed-12033-pa-0.65-pb-0.35,seed-12033-pa-0.65-pb-0.35:17,bandit,17,4.643149927917811,4.119171986060842,1.1578947368421053,1.1578947368421053,0.0,0.0,3.0,15.069642038544535
seed-12033-pa-0.65-pb-0.35,seed-12033-pa-0.65-pb-0.35:18,bandit,18,4.151300195186874,4.158675819475064,1.25,1.25,0.0,0.0,3.0,15.566159936617307
seed-12033-pa-0.65-pb-0.35,seed-12033-pa-0.65-pb-0.35:19,bandit,19,4.251929081345374,4.196204461218577,1.25,1.25,0.0,0.0,-2.0,16.037851939786442
seed-12033-pa-0.65-pb-0.35,seed-12033-pa-0.65-pb-0.35:20,bandit,20,4.328889734292549,4.2318566708749135,1.0952380952380951,1.0952380952380951,0.0,0.0,-2.0,16.48595934279712
seed-12033-pa-0.65-pb-0.35,seed-12033-pa-0.65-pb-0.35:21,bandit,21,5.54858735157374,4.265726270048432,1.1818181818181817,1.1818181818181817,0.0,0.0,3.0,16.91166137565726
seed-12033-pa-0.65-pb-0.35,seed-12033-pa-0.65-pb-0.35:22,bandit,22,4.929882179158078,4.297902389263276,1.2608695652173911,1.2608695652173911,0.0,0.0,3.0,17.316078306874395
seed-12033-pa-0.65-pb-0.35,seed-12033-pa-0.65-pb-0.35:23,bandit,23,5.15475041827262,4.328469702517378,1.3333333333333337,1.3333333333333337,0.0,0.0,3.0,17.700274391530673
seed-12033-pa-0.65-pb-0.35,seed-12033-pa-0.65-pb-0.35:24,bandit,24,5.03364569998304,4.357508650108774,1.4,1.4,0.0,0.0,3.0,18.06526067195414
seed-12033-pa-0.65-pb-0.35,seed-12033-pa-0.65-pb-0.35:25,bandit,25,5.03364569998304,4.385095650320601,1.4615384615384617,1.4615384615384617,0.0,0.0,3.0,18.411997638356432
seed-12033-pa-0.65-pb-0.35,seed-12033-pa-0.65-pb-0.35:26,bandit,26,4.7880413716877825,4.411303300521836,1.5185185185185186,1.5185185185185186,0.0,0.0,3.0,18.74139775643861
seed-12033-pa-0.65-pb-0.35,seed-12033-pa-0.65-pb-0.35:27,bandit,27,4.679882179158078,4.4362005682130095,1.3928571428571428,1.3928571428571428,0.0,0.0,-2.0,19.054327868616678
seed-12033-pa-0.65-pb-0.35,seed-12033-pa-0.65-pb-0.35:28,bandit,28,5.28364569998304,4.4598529725196245,1.4482758620689653,1.4482758620689653,0.0,0.0,3.0,19.351611475185845
seed-12033-pa-0.65-pb-0.35,seed-12033-pa-0.65-pb-0.35:29,bandit,29,5.0380413716877825,4.482322756610909,1.5,1.5,0.0,0.0,3.0,19.634030901426552
seed-12033-pa-0.65-pb-0.35,seed-12033-pa-0.65-pb-0.35:30,bandit,30,5.273245464372426,4.503669051497629,1.5483870967741935,1.5483870967741935,0.0,0.0,3.0,19.902329356355224
seed-12033-pa-0.65-pb-0.35,seed-12033-pa-0.65-pb-0.35:31,bandit,31,5.148245464372426,4.523948031640013,1.59375,1.59375,0.0,0.0,3.0,20.15721288853746
seed-12033-pa-0.65-pb-0.35,seed-12033-pa-0.65-pb-0.35:32,bandit,32,5.026300195186874,4.543213062775278,1.6363636363636362,1.6363636363636362,0.0,0.0,3.0,20.399352244110588
seed-12033-pa-0.65-pb-0.35,seed-12033-pa-0.65-pb-0.35:33,bandit,33,4.901300195186874,4.561514842353779,1.676470588235294,1.676470588235294,0.0,0.0,3.0,20.629384631905058
seed-12033-pa-0.65-pb-0.35,seed-12033-pa-0.65-pb-0.35:34,bandit,34,5.026300195186874,4.578901532953355,1.7142857142857144,1.7142857142857144,0.0,0.0,3.0,20.847915400309805
seed-12033-pa-0.65-pb-0.35,seed-12033-pa-0.65-pb-0.35:35,bandit,35,5.02975041827262,4.5954188890229535,1.75,1.75,0.0,0.0,3.0,21.055519630294313
seed-12033-pa-0.65-pb-0.35,seed-12033-pa-0.65-pb-0.35:36,bandit,36,5.023245464372426,4.611110377289071,1.7837837837837838,1.7837837837837838,0.0,0.0,3.0,21.252743648779596
seed-12033-pa-0.65-pb-0.35,seed-12033-pa-0.65-pb-0.35:37,bandit,37,4.898245464372426,4.626017291141882,1.8157894736842104,1.8157894736842104,0.0,0.0,3.0,21.440106466340616
seed-12035-pa-0.35-pb-0.35,seed-12035-pa-0.35-pb-0.35:0,bandit,0,4.203889734292549,2.9003144395248324,0.5,0.5,0.0,0.0,0.0,-0.25
seed-12035-pa-0.35-pb-0.35,seed-12035-pa-0.35-pb-0.35:1,bandit,1,3.849076984180108,2.8814185236428576,0.5,0.5,0.0,0.0,-2.0,-0.4875
seed-12035-pa-0.35-pb-0.35,seed-12035-pa-0.35-pb-0.35:2,bandit,2,1.2575990353171704,2.8634674035549814,0.5,0.5,0.0,0.0,-2.0,-0.713125
seed-12039-pa-0.50-pb-0.65,seed-12039-pa-0.50-pb-0.65:0,bandit,0,4.203889734292549,3.019657066147831,0.5,0.5,0.0,0.0,0.0,1.25
seed-12039-pa-0.50-pb-0.65,seed-12039-pa-0.50-pb-0.65:1,bandit,1,3.849076984180108,3.114136645557705,0.5,0.5,0.0,0.0,-2.0,2.4375
seed-12039-pa-0.50-pb-0.65,seed-12039-pa-0.50-pb-0.65:2,bandit,2,4.350412651601648,3.2038922459970847,0.5,0.5,0.0,0.0,3.0,3.565625
seed-12039-pa-0.50-pb-0.65,seed-12039-pa-0.50-pb-0.65:3,bandit,3,2.7731232641398407,3.289160066414496,0.5,0.5,0.0,0.0,-2.0,4.637343749999999
seed-12039-pa-0.50-pb-0.65,seed-12039-pa-0.50-pb-0.65:4,bandit,4,3.376928011042974,3.3701644958110366,0.5,0.5,0.0,0.0,3.0,5.6554765625
seed-12039-pa-0.50-pb-0.65,seed-12039-pa-0.50-pb-0.65:5,bandit,5,3.1128222787715707,3.4471187037377504,0.8571428571428572,0.8571428571428572,0.0,0.0,3.0,6.622702734374999
seed-12039-pa-0.50-pb-0.65,seed-12039-pa-0.50-pb-0.65:6,bandit,6,3.429882179158078,3.5202252012681283,1.125,1.125,0.0,0.0,3.0,7.5415675976562495
seed-12039-pa-0.50-pb-0.65,seed-12039-pa-0.50-pb-0.65:7,bandit,7,3.017675057605601,3.589676373921987,0.7777777777777777,0.7777777777777777,0.0,0.0,-2.0,8.414489217773436
seed-12039-pa-0.50-pb-0.65,seed-12039-pa-0.50-pb-0.65:8,bandit,8,1.8504126516016477,3.6556549879431532,0.5,0.5,0.0,0.0,-2.0,9.243764756884765
seed-12039-pa-0.50-pb-0.65,seed-12039-pa-0.50-pb-0.65:9,bandit,9,4.892675057605601,3.718334671263261,1.3333333333333337,1.3333333333333337,0.0,0.0,3.0,10.031576519040527
seed-12039-pa-0.50-pb-0.65,seed-12039-pa-0.50-pb-0.65:10,bandit,10,4.350206558916746,3.7778803704173636,1.3333333333333337,1.3333333333333337,0.0,0.0,3.0,10.7799976930885
seed-12039-pa-0.50-pb-0.65,seed-12039-pa-0.50-pb-0.65:11,bandit,11,3.975412651601648,3.8344487846137607,1.3333333333333337,1.3333333333333337,0.0,0.0,-2.0,11.490997808434075
seed-12039-pa-0.50-pb-0.65,seed-12039-pa-0.50-pb-0.65:12,bandit,12,2.974076984180108,3.888188778100338,1.3333333333333337,1.3333333333333337,0.0,0.0,-2.0,12.166447918012372
seed-12039-pa-0.50-pb-0.65,seed-12039-pa-0.50-pb-0.65:13,bandit,13,4.828889734292549,3.9392417719125867,1.3333333333333337,1.3333333333333337,0.0,0.0,3.0,12.808125522111753
seed-12039-pa-0.50-pb-0.65,seed-12039-pa-0.50-pb-0.65:14,bandit,14,4.436967589003199,3.9877421160342226,1.3333333333333337,1.3333333333333337,0.0,0.0,3.0,13.417719246006165
seed-12039-pa-0.50-pb-0.65,seed-12039-pa-0.50-pb-0.65:15,bandit,15,4.667999079229087,4.033817442949777,1.3333333333333337,1.3333333333333337,0.0,0.0,3.0,13.996833283705856
seed-12039-pa-0.50-pb-0.65,seed-12039-pa-0.50-pb-0.65:16,bandit,16,4.4130413716877825,4.077589003519553,1.3333333333333337,1.3333333333333337,0.0,0.0,3.0,14.546991619520563
seed-12039-pa-0.50-pb-0.65,seed-12039-pa-0.50-pb-0.65:17,bandit,17,4.4130413716877825,4.119171986060842,1.3333333333333337,1.3333333333333337,0.0,0.0,3.0,15.069642038544535
seed-12039-pa-0.50-pb-0.65,seed-12039-pa-0.50-pb-0.65:18,bandit,18,4.001928011042974,4.158675819475064,1.3333333333333337,1.3333333333333337,0.0,0.0,-2.0,15.566159936617307
seed-12039-pa-0.50-pb-0.65,seed-12039-pa-0.50-pb-0.65:19,bandit,19,4.792999079229087,4.196204461218577,1.3333333333333337,1.3333333333333337,0.0,0.0,3.0,16.037851939786442
seed-12039-pa-0.50-pb-0.65,seed-12039-pa-0.50-pb-0.65:20,bandit,20,4.7880413716877825,4.2318566708749135,1.3333333333333337,1.3333333333333337,0.0,0.0,3.0,16.48595934279712
seed-12039-pa-0.50-pb-0.65,seed-12039-pa-0.50-pb-0.65:21,bandit,21,4.578889734292549,4.265726270048432,1.3333333333333337,1.3333333333333337,0.0,0.0,-2.0,16.91166137565726
seed-12039-pa-0.50-pb-0.65,seed-12039-pa-0.50-pb-0.65:22,bandit,22,5.15864569998304,4.297902389263276,1.3333333333333337,1.3333333333333337,0.0,0.0,3.0,17.316078306874395
seed-12039-pa-0.50-pb-0.65,seed-12039-pa-0.50-pb-0.65:23,bandit,23,4.21393946547494,4.328469702517378,1.3333333333333337,1.3333333333333337,0.0,0.0,-2.0,17.700274391530673
seed-12039-pa-0.50-pb-0.65,seed-12039-pa-0.50-pb-0.65:24,bandit,24,3.767675057605601,4.357508650108774,1.3333333333333337,1.3333333333333337,0.0,0.0,-2.0,18.06526067195414
seed-12039-pa-0.50-pb-0.65,seed-12039-pa-0.50-pb-0.65:25,bandit,25,5.401300195186874,4.385095650320601,1.3333333333333337,1.3333333333333337,0.0,0.0,3.0,18.411997638356432
seed-12039-pa-0.50-pb-0.65,seed-12039-pa-0.50-pb-0.65:26,bandit,26,4.33893946547494,4.411303300521836,1.3333333333333337,1.3333333333333337,0.0,0.0,-2.0,18.74139775643861
seed-12039-pa-0.50-pb-0.65,seed-12039-pa-0.50-pb-0.65:27,bandit,27,3.6128222787715703,4.4362005682130095,1.3333333333333337,1.3333333333333337,0.0,0.0,-2.0,19.054327868616678
seed-12039-pa-0.50-pb-0.65,seed-12039-pa-0.50-pb-0.65:28,bandit,28,3.71393946547494,4.4598529725196245,1.3333333333333337,1.3333333333333337,0.0,0.0,-2.0,19.351611475185845
seed-12039-pa-0.50-pb-0.65,seed-12039-pa-0.50-pb-0.65:29,bandit,29,3.58893946547494,4.482322756610909,1.3333333333333337,1.3333333333333337,0.0,0.0,-2.0,19.634030901426552
seed-12039-pa-0.50-pb-0.65,seed-12039-pa-0.50-pb-0.65:30,bandit,30,5.02975041827262,4.503669051497629,1.3333333333333337,1.3333333333333337,0.0,0.0,3.0,19.902329356355224
seed-12039-pa-0.50-pb-0.65,seed-12039-pa-0.50-pb-0.65:31,bandit,31,4.21393946547494,4.523948031640013,1.3333333333333337,1.3333333333333337,0.0,0.0,-2.0,20.15721288853746
seed-12039-pa-0.50-pb-0.65,seed-12039-pa-0.50-pb-0.65:32,bandit,32,4.90475041827262,4.543213062775278,1.3333333333333337,1.3333333333333337,0.0,0.0,3.0,20.399352244110588
seed-12039-pa-0.50-pb-0.65,seed-12039-pa-0.50-pb-0.65:33,bandit,33,4.895541900901097,4.561514842353779,1.3333333333333337,1.3333333333333337,0.0,0.0,3.0,20.629384631905058
seed-12039-pa-0.50-pb-0.65,seed-12039-pa-0.50-pb-0.65:34,bandit,34,4.9130413716877825,4.578901532953355,1.3333333333333337,1.3333333333333337,0.0,0.0,-2.0,20.847915400309805
seed-12039-pa-0.50-pb-0.65,seed-12039-pa-0.50-pb-0.65:35,bandit,35,4.0699361996449746,4.5954188890229535,1.3333333333333337,1.3333333333333337,0.0,0.0,-2.0,21.055519630294313
seed-12039-pa-0.50-pb-0.65,seed-12039-pa-0.50-pb-0.65:36,bandit,36,5.273245464372426,4.611110377289071,1.3333333333333337,1.3333333333333337,0.0,0.0,3.0,21.252743648779596
seed-12039-pa-0.50-pb-0.65,seed-12039-pa-0.50-pb-0.65:37,bandit,37,4.792999079229087,4.626017291141882,1.3333333333333337,1.3333333333333337,0.0,0.0,-2.0,21.440106466340616
seed-12039-pa-0.50-pb-0.65,seed-12039-pa-0.50-pb-0.65:38,bandit,38,5.270541900901097,4.640178859302054,1.3333333333333337,1.3333333333333337,0.0,0.0,3.0,21.618101143023583
seed-12039-pa-0.50-pb-0.65,seed-12039-pa-0.50-pb-0.65:39,bandit,39,4.78364569998304,4.653632349054217,1.3333333333333337,1.3333333333333337,0.0,0.0,-2.0,21.787196085872402
seed-12039-pa-0.50-pb-0.65,seed-12039-pa-0.50-pb-0.65:40,bandit,40,5.520541900901097,4.6664131643187705,1.3333333333333337,1.3333333333333337,0.0,0.0,3.0,21.94783628157878
seed-12039-pa-0.50-pb-0.65,seed-12039-pa-0.50-pb-0.65:41,bandit,41,5.268149927917811,4.678554938820097,1.3333333333333337,1.3333333333333337,0.0,0.0,3.0,22.10044446749984
seed-12039-pa-0.50-pb-0.65,seed-12039-pa-0.50-pb-0.65:42,bandit,42,5.27975041827262,4.690089624596358,1.3333333333333337,1.3333333333333337,0.0,0.0,-2.0,22.24542224412485
seed-12039-pa-0.50-pb-0.65,seed-12039-pa-0.50-pb-0.65:43,bandit,43,5.273245464372426,4.7010475760838055,1.3333333333333337,1.3333333333333337,0.0,0.0,3.0,22.383151131918606
seed-12039-pa-0.50-pb-0.65,seed-12039-pa-0.50-pb-0.65:44,bandit,44,4.7880413716877825,4.711457629996881,1.3333333333333337,1.3333333333333337,0.0,0.0,-2.0,22.513993575322676
seed-12039-pa-0.50-pb-0.65,seed-12039-pa-0.50-pb-0.65:45,bandit,45,4.7880413716877825,4.721347181214302,1.3333333333333337,1.3333333333333337,0.0,0.0,-2.0,22.63829389655654
seed-12039-pa-0.50-pb-0.65,seed-12039-pa-0.50-pb-0.65:46,bandit,46,5.768149927917811,4.730742254870853,1.3333333333333337,1.3333333333333337,0.0,0.0,3.0,22.756379201728713
seed-12039-pa-0.50-pb-0.65,seed-12039-pa-0.50-pb-0.65:47,bandit,47,5.398245464372426,4.739667574844575,1.3333333333333337,1.3333333333333337,0.0,0.0,3.0,22.868560241642275
seed-12039-pa-0.50-pb-0.65,seed-12039-pa-0.50-pb-0.65:48,bandit,48,5.516034256080317,4.748146628819612,1.3333333333333337,1.3333333333333337,0.0,0.0,3.0,22.97513222956016
seed-12039-pa-0.50-pb-0.65,seed-12039-pa-0.50-pb-0.65:49,bandit,49,5.512509570276173,4.756201730095896,1.3333333333333337,1.3333333333333337,0.0,0.0,3.0,23.07637561808215
seed-12039-pa-0.50-pb-0.65,seed-12039-pa-0.50-pb-0.65:50,bandit,50,5.266034256080317,4.763854076308367,1.3333333333333337,1.3333333333333337,0.0,0.0,3.0,23.172556837178043
seed-12039-pa-0.50-pb-0.65,seed-12039-pa-0.50-pb-0.65:51,bandit,51,5.395541900901097,4.771123805210214,1.3333333333333337,1.3333333333333337,0.0,0.0,-2.0,23.26392899531914
seed-12039-pa-0.50-pb-0.65,seed-12039-pa-0.50-pb-0.65:52,bandit,52,4.29858735157374,4.778030047666968,1.3333333333333337,1.3333333333333337,0.0,0.0,-2.0,23.350732545553182
seed-12039-pa-0.50-pb-0.65,seed-12039-pa-0.50-pb-0.65:53,bandit,53,5.643149927917811,4.784590978000885,1.3333333333333337,1.3333333333333337,0.0,0.0,3.0,23.433195918275523
seed-12039-pa-0.50-pb-0.65,seed-12039-pa-0.50-pb-0.65:54,bandit,54,5.03364569998304,4.790823861818106,1.3333333333333337,1.3333333333333337,0.0,0.0,-2.0,23.511536122361747
seed-12039-pa-0.50-pb-0.65,seed-12039-pa-0.50-pb-0.65:55,bandit,55,5.643149927917811,4.796745101444467,1.3333333333333337,1.3333333333333337,0.0,0.0,3.0,23.58595931624366
seed-12039-pa-0.50-pb-0.65,seed-12039-pa-0.50-pb-0.65:56,bandit,56,5.151300195186874,4.802370279089509,1.3333333333333337,1.3333333333333337,0.0,0.0,-2.0,23.656661350431477
seed-12039-pa-0.50-pb-0.65,seed-12039-pa-0.50-pb-0.65:57,bandit,57,5.02975041827262,4.807714197852299,1.3333333333333337,1.3333333333333337,0.0,0.0,-2.0,23.723828282909903
seed-12039-pa-0.50-pb-0.65,seed-12039-pa-0.50-pb-0.65:58,bandit,58,5.762509570276173,4.8127909206769495,1.3333333333333337,1.3333333333333337,0.0,0.0,3.0,23.787636868764405
seed-12039-pa-0.50-pb-0.65,seed-12039-pa-0.50-pb-0.65:59,bandit,59,5.151300195186874,4.817613807360367,1.3333333333333337,1.3333333333333337,0.0,0.0,-2.0,23.848255025326186
seed-12039-pa-0.50-pb-0.65,seed-12039-pa-0.50-pb-0.65:60,bandit,60,5.026300195186874,4.822195549709614,1.3333333333333337,1.3333333333333337,0.0,0.0,-2.0,23.905842274059875
seed-12039-pa-0.50-pb-0.65,seed-12039-pa-0.50-pb-0.65:61,bandit,61,5.887509570276173,4.826548204941399,1.3333333333333337,1.3333333333333337,0.0,0.0,3.0,23.96055016035688
seed-12039-pa-0.50-pb-0.65,seed-12039-pa-0.50-pb-0.65:62,bandit,62,5.523245464372426,4.830683227411594,1.3333333333333337,1.3333333333333337,0.0,0.0,-2.0,24.012522652339037
seed-12039-pa-0.50-pb-0.65,seed-12039-pa-0.50-pb-0.65:63,bandit,63,5.148245464372426,4.83461149875828,1.3333333333333337,1.3333333333333337,0.0,0.0,-2.0,24.061896519722083
seed-12039-pa-0.50-pb-0.65,seed-12039-pa-0.50-pb-0.65:64,bandit,64,4.776300195186874,4.8383433565376315,1.3333333333333337,1.3333333333333337,0.0,0.0,-2.0,24.108801693735977
seed-12039-pa-0.50-pb-0.65,seed-12039-pa-0.50-pb-0.65:65,bandit,65,5.636047744848593,4.841888621428015,1.3333333333333337,1.3333333333333337,0.0,0.0,3.0,24.153361609049178
seed-12039-pa-0.50-pb-0.65,seed-12039-pa-0.50-pb-0.65:66,bandit,66,5.145541900901097,4.84525662307388,1.3333333333333337,1.3333333333333337,0.0,0.0,-2.0,24.195693528596717
seed-12039-pa-0.50-pb-0.65,seed-12039-pa-0.50-pb-0.65:67,bandit,67,4.895541900901097,4.8484562246374505,1.3333333333333337,1.3333333333333337,0.0,0.0,-2.0,24.23590885216688
seed-12039-pa-0.50-pb-0.65,seed-12039-pa-0.50-pb-0.65:68,bandit,68,4.523245464372426,4.851495846122844,1.3333333333333337,1.3333333333333337,0.0,0.0,-2.0,24.274113409558534
seed-12039-pa-0.50-pb-0.65,seed-12039-pa-0.50-pb-0.65:69,bandit,69,5.65864569998304,4.854383486533967,1.75,1.75,0.0,0.0,3.0,24.310407739080606
seed-12039-pa-0.50-pb-0.65,seed-12039-pa-0.50-pb-0.65:70,bandit,70,5.518149927917811,4.857126744924534,1.75,1.75,0.0,0.0,3.0,24.344887352126573
seed-12039-pa-0.50-pb-0.65,seed-12039-pa-0.50-pb-0.65:71,bandit,71,5.78364569998304,4.859732840395572,1.75,1.75,0.0,0.0,-2.0,24.377642984520243
seed-12039-pa-0.50-pb-0.65,seed-12039-pa-0.50-pb-0.65:72,bandit,72,4.929882179158078,4.8622086310930595,1.75,1.75,0.0,0.0,-2.0,24.40876083529423
seed-12039-pa-0.50-pb-0.65,seed-12039-pa-0.50-pb-0.65:73,bandit,73,6.014163456931506,4.864560632255672,1.75,1.75,0.0,0.0,3.0,24.43832279352952
seed-12039-pa-0.50-pb-0.65,seed-12039-pa-0.50-pb-0.65:74,bandit,74,5.65475041827262,4.8667950333601535,1.75,1.75,0.0,0.0,-2.0,24.466406653853042
seed-12039-pa-0.50-pb-0.65,seed-12039-pa-0.50-pb-0.65:75,bandit,75,6.012509570276173,4.8689177144094105,1.75,1.75,0.0,0.0,3.0,24.493086321160387
seed-12039-pa-0.50-pb-0.65,seed-12039-pa-0.50-pb-0.65:76,bandit,76,5.526300195186874,4.870934261406205,1.75,1.75,0.0,0.0,-2.0,24.518432005102365
seed-12039-pa-0.50-pb-0.65,seed-12039-pa-0.50-pb-0.65:77,bandit,77,5.764163456931506,4.872849981053161,1.75,1.75,0.0,0.0,3.0,24.542510404847246
seed-12039-pa-0.50-pb-0.65,seed-12039-pa-0.50-pb-0.65:78,bandit,78,5.639163456931506,4.874669914717768,1.75,1.75,0.0,0.0,3.0,24.56538488460488
seed-12039-pa-0.50-pb-0.65,seed-12039-pa-0.50-pb-0.65:79,bandit,79,5.761047744848593,4.876398851699145,1.75,1.75,0.0,0.0,3.0,24.587115640374638
seed-12039-pa-0.50-pb-0.65,seed-12039-pa-0.50-pb-0.65:80,bandit,80,5.648245464372426,4.878041341831453,1.75,1.75,0.0,0.0,-2.0,24.607759858355905
seed-12039-pa-0.50-pb-0.65,seed-12039-pa-0.50-pb-0.65:81,bandit,81,6.016034256080317,4.879601707457145,1.75,1.75,0.0,0.0,3.0,24.627371865438107
seed-12039-pa-0.50-pb-0.65,seed-12039-pa-0.50-pb-0.65:82,bandit,82,5.40864569998304,4.881084054801554,1.75,1.75,0.0,0.0,-2.0,24.6460032721662
seed-12039-pa-0.50-pb-0.65,seed-12039-pa-0.50-pb-0.65:83,bandit,83,5.1630413716877825,4.882492284778741,1.75,1.75,0.0,0.0,-2.0,24.66370310855789
seed-12039-pa-0.50-pb-0.65,seed-12039-pa-0.50-pb-0.65:84,bandit,84,5.04858735157374,4.883830103257069,1.75,1.75,0.0,0.0,-2.0,24.680517953129993
seed-12039-pa-0.50-pb-0.65,seed-12039-pa-0.50-pb-0.65:85,bandit,85,4.929882179158078,4.885101030811481,1.75,1.75,0.0,0.0,-2.0,24.69649205547349
seed-12039-pa-0.50-pb-0.65,seed-12039-pa-0.50-pb-0.65:86,bandit,86,4.92358735157374,4.886308411988173,1.75,1.75,0.0,0.0,-2.0,24.711667452699817
seed-12039-pa-0.50-pb-0.65,seed-12039-pa-0.50-pb-0.65:87,bandit,87,4.79858735157374,4.8874554241060295,1.75,1.75,0.0,0.0,-2.0,24.726084080064826
seed-12039-pa-0.50-pb-0.65,seed-12039-pa-0.50-pb-0.65:88,bandit,88,5.891034256080317,4.888545085617993,1.75,1.75,0.0,0.0,3.0,24.739779876061583
seed-12039-pa-0.50-pb-0.65,seed-12039-pa-0.50-pb-0.65:89,bandit,89,5.523245464372426,4.889580264054359,1.75,1.75,0.0,0.0,3.0,24.752790882258502
seed-12039-pa-0.50-pb-0.65,seed-12039-pa-0.50-pb-0.65:90,bandit,90,5.776300195186874,4.890563683568907,1.75,1.75,0.0,0.0,-2.0,24.765151338145575
seed-12039-pa-0.50-pb-0.65,seed-12039-pa-0.50-pb-0.65:91,bandit,91,5.292999079229087,4.891497932107726,1.75,1.75,0.0,0.0,-2.0,24.776893771238296
seed-12039-pa-0.50-pb-0.65,seed-12039-pa-0.50-pb-0.65:92,bandit,92,5.15864569998304,4.892385468219605,1.75,1.75,0.0,0.0,-2.0,24.78804908267638
seed-12039-pa-0.50-pb-0.65,seed-12039-pa-0.50-pb-0.65:93,bandit,93,5.15864569998304,4.8932286275258905,1.75,1.75,0.0,0.0,-2.0,24.79864662854256
seed-12039-pa-0.50-pb-0.65,seed-12039-pa-0.50-pb-0.65:94,bandit,94,5.15864569998304,4.8940296288668605,1.75,1.75,0.0,0.0,-2.0,24.80871429711543
seed-12039-pa-0.50-pb-0.65,seed-12039-pa-0.50-pb-0.65:95,bandit,95,4.917999079229087,4.894790580140783,1.75,1.75,0.0,0.0,-2.0,24.818278582259655
seed-12039-pa-0.50-pb-0.65,seed-12039-pa-0.50-pb-0.65:96,bandit,96,4.9130413716877825,4.895513483851009,1.75,1.75,0.0,0.0,-2.0,24.82736465314667
seed-12039-pa-0.50-pb-0.65,seed-12039-pa-0.50-pb-0.65:97,bandit,97,4.7880413716877825,4.896200242375724,1.75,1.75,0.0,0.0,-2.0,24.835996420489337
seed-12039-pa-0.50-pb-0.65,seed-12039-pa-0.50-pb-0.65:98,bandit,98,5.391034256080317,4.8968526629742035,1.75,1.75,0.0,0.0,3.0,24.84419659946487
seed-12039-pa-0.50-pb-0.65,seed-12039-pa-0.50-pb-0.65:99,bandit,99,5.40864569998304,4.897472462542758,1.75,1.75,0.0,0.0,-2.0,24.851986769491624
seed-12043-pa-0.35-pb-0.50,seed-12043-pa-0.35-pb-0.50:0,bandit,0,4.203889734292549,2.9599857528363316,0.5,0.5,0.0,0.0,0.0,0.5
seed-12043-pa-0.35-pb-0.50,seed-12043-pa-0.35-pb-0.50:1,bandit,1,3.849076984180108,2.997777584600281,0.5,0.5,0.0,0.0,-2.0,0.975
seed-12043-pa-0.35-pb-0.50,seed-12043-pa-0.35-pb-0.50:2,bandit,2,4.350412651601648,3.033679824776033,0.5,0.5,0.0,0.0,3.0,1.42625
seed-12043-pa-0.35-pb-0.50,seed-12043-pa-0.35-pb-0.50:3,bandit,3,4.21393946547494,3.0677869529429977,1.0,1.0,0.0,0.0,3.0,1.8549375
seed-12043-pa-0.35-pb-0.50,seed-12043-pa-0.35-pb-0.50:4,bandit,4,2.7254126516016477,3.100188724701614,0.5,0.5,0.0,0.0,-2.0,2.2621906249999997
seed-12043-pa-0.35-pb-0.50,seed-12043-pa-0.35-pb-0.50:5,bandit,5,1.6368710061149017,3.130970407872299,0.5,0.5,0.0,0.0,-2.0,2.6490810937499996
seed-12048-pa-0.20-pb-0.50,seed-12048-pa-0.20-pb-0.50:0,bandit,0,4.203889734292549,2.9599857528363316,0.5,0.5,0.0,0.0,0.0,0.5
seed-12048-pa-0.20-pb-0.50,seed-12048-pa-0.20-pb-0.50:1,bandit,1,3.0075990353171704,2.997777584600281,0.5,0.5,0.0,0.0,-2.0,0.975
seed-12048-pa-0.20-pb-0.50,seed-12048-pa-0.20-pb-0.50:2,bandit,2,0.1882616875182243,3.033679824776033,-0.3333333333333332,-0.3333333333333332,0.0,0.0,-2.0,1.42625
seed-12073-pa-0.35-pb-0.65,seed-12073-pa-0.35-pb-0.65:0,bandit,0,4.203889734292549,3.019657066147831,0.5,0.5,0.0,0.0,0.0,1.25
seed-12073-pa-0.35-pb-0.65,seed-12073-pa-0.35-pb-0.65:1,bandit,1,3.849076984180108,3.114136645557705,0.5,0.5,0.0,0.0,-2.0,2.4375
seed-12073-pa-0.35-pb-0.65,seed-12073-pa-0.35-pb-0.65:2,bandit,2,2.71393946547494,3.2038922459970847,1.3333333333333337,1.3333333333333337,0.0,0.0,3.0,3.565625
seed-12073-pa-0.35-pb-0.65,seed-12073-pa-0.35-pb-0.65:3,bandit,3,2.5231232641398407,3.289160066414496,1.75,1.75,0.0,0.0,3.0,4.637343749999999
seed-12073-pa-0.35-pb-0.65,seed-12073-pa-0.35-pb-0.65:4,bandit,4,2.3037006782765204,3.3701644958110366,2.0,2.0,0.0,0.0,3.0,5.6554765625
seed-12073-pa-0.35-pb-0.65,seed-12073-pa-0.35-pb-0.65:5,bandit,5,2.3868710061149017,3.4471187037377504,2.0,2.0,0.0,0.0,3.0,6.622702734374999
seed-12073-pa-0.35-pb-0.65,seed-12073-pa-0.35-pb-0.65:6,bandit,6,1.273123264139841,3.5202252012681283,1.3333333333333337,1.3333333333333337,0.0,0.0,-2.0,7.5415675976562495
seed-12073-pa-0.35-pb-0.65,seed-12073-pa-0.35-pb-0.65:7,bandit,7,1.023123264139841,3.589676373921987,0.8571428571428572,0.8571428571428572,0.0,0.0,-2.0,8.414489217773436
seed-12073-pa-0.35-pb-0.65,seed-12073-pa-0.35-pb-0.65:8,bandit,8,3.099076984180108,3.6556549879431532,1.125,1.125,0.0,0.0,3.0,9.243764756884765
seed-12073-pa-0.35-pb-0.65,seed-12073-pa-0.35-pb-0.65:9,bandit,9,1.9734445810050545,3.718334671263261,0.7777777777777777,0.7777777777777777,0.0,0.0,-2.0,10.031576519040527
seed-12073-pa-0.35-pb-0.65,seed-12073-pa-0.35-pb-0.65:10,bandit,10,2.326413277982752,3.7778803704173636,0.7777777777777777,0.7777777777777777,0.0,0.0,-2.0,10.7799976930885
seed-12073-pa-0.35-pb-0.65,seed-12073-pa-0.35-pb-0.65:11,bandit,11,1.8868710061149017,3.8344487846137607,0.7777777777777777,0.7777777777777777,0.0,0.0,-2.0,11.490997808434075
seed-12073-pa-0.35-pb-0.65,seed-12073-pa-0.35-pb-0.65:12,bandit,12,2.0537006782765204,3.888188778100338,0.7777777777777777,0.7777777777777777,0.0,0.0,-2.0,12.166447918012372
seed-12073-pa-0.35-pb-0.65,seed-12073-pa-0.35-pb-0.65:13,bandit,13,3.474076984180108,3.9392417719125867,0.7777777777777777,0.7777777777777777,0.0,0.0,3.0,12.808125522111753
seed-12073-pa-0.35-pb-0.65,seed-12073-pa-0.35-pb-0.65:14,bandit,14,3.67870067827652,3.9877421160342226,1.0,1.0,0.0,0.0,3.0,13.417719246006165
seed-12073-pa-0.35-pb-0.65,seed-12073-pa-0.35-pb-0.65:15,bandit,15,3.92870067827652,4.033817442949777,1.1818181818181817,1.1818181818181817,0.0,0.0,3.0,13.996833283705856
seed-12073-pa-0.35-pb-0.65,seed-12073-pa-0.35-pb-0.65:16,bandit,16,4.011871006114902,4.077589003519553,1.3333333333333337,1.3333333333333337,0.0,0.0,3.0,14.546991619520563
seed-12073-pa-0.35-pb-0.65,seed-12073-pa-0.35-pb-0.65:17,bandit,17,3.92870067827652,4.119171986060842,1.4615384615384617,1.4615384615384617,0.0,0.0,3.0,15.069642038544535
seed-12073-pa-0.35-pb-0.65,seed-12073-pa-0.35-pb-0.65:18,bandit,18,4.063261687518224,4.158675819475064,1.5714285714285716,1.5714285714285716,0.0,0.0,3.0,15.566159936617307
seed-12073-pa-0.35-pb-0.65,seed-12073-pa-0.35-pb-0.65:19,bandit,19,3.781150136248314,4.196204461218577,1.6666666666666663,1.6666666666666663,0.0,0.0,3.0,16.037851939786442
seed-12073-pa-0.35-pb-0.65,seed-12073-pa-0.35-pb-0.65:20,bandit,20,2.6481232641398407,4.2318566708749135,1.6666666666666663,1.6666666666666663,0.0,0.0,-2.0,16.48595934279712
seed-12073-pa-0.35-pb-0.65,seed-12073-pa-0.35-pb-0.65:21,bandit,21,2.8037006782765204,4.265726270048432,1.4375,1.4375,0.0,0.0,-2.0,16.91166137565726
seed-12073-pa-0.35-pb-0.65,seed-12073-pa-0.35-pb-0.65:22,bandit,22,4.4734445810050545,4.297902389263276,1.5294117647058822,1.5294117647058822,0.0,0.0,3.0,17.316078306874395
seed-12073-pa-0.35-pb-0.65,seed-12073-pa-0.35-pb-0.65:23,bandit,23,3.1787006782765204,4.328469702517378,1.3333333333333337,1.3333333333333337,0.0,0.0,-2.0,17.700274391530673
seed-12073-pa-0.35-pb-0.65,seed-12073-pa-0.35-pb-0.65:24,bandit,24,3.1325990353171704,4.357508650108774,1.3333333333333337,1.3333333333333337,0.0,0.0,-2.0,18.06526067195414
seed-12073-pa-0.35-pb-0.65,seed-12073-pa-0.35-pb-0.65:25,bandit,25,2.950939419878843,4.385095650320601,1.3333333333333337,1.3333333333333337,0.0,0.0,-2.0,18.411997638356432
seed-12073-pa-0.35-pb-0.65,seed-12073-pa-0.35-pb-0.65:26,bandit,26,4.281150136248314,4.411303300521836,1.4210526315789471,1.4210526315789471,0.0,0.0,3.0,18.74139775643861
seed-12073-pa-0.35-pb-0.65,seed-12073-pa-0.35-pb-0.65:27,bandit,27,3.1481232641398407,4.4362005682130095,1.4210526315789471,1.4210526315789471,0.0,0.0,-2.0,19.054327868616678
seed-12073-pa-0.35-pb-0.65,seed-12073-pa-0.35-pb-0.65:28,bandit,28,2.8825990353171704,4.4598529725196245,1.4210526315789471,1.4210526315789471,0.0,0.0,-2.0,19.351611475185845
seed-12073-pa-0.35-pb-0.65,seed-12073-pa-0.35-pb-0.65:29,bandit,29,2.8181471805599436,4.482322756610909,1.4210526315789471,1.4210526315789471,0.0,0.0,-2.0,19.634030901426552
seed-12073-pa-0.35-pb-0.65,seed-12073-pa-0.35-pb-0.65:30,bandit,30,3.2731232641398407,4.503669051497629,1.25,1.25,0.0,0.0,-2.0,19.902329356355224
seed-12073-pa-0.35-pb-0.65,seed-12073-pa-0.35-pb-0.65:31,bandit,31,4.2234445810050545,4.523948031640013,1.3333333333333337,1.3333333333333337,0.0,0.0,3.0,20.15721288853746
seed-12073-pa-0.35-pb-0.65,seed-12073-pa-0.35-pb-0.65:32,bandit,32,3.7731232641398407,4.543213062775278,1.1818181818181817,1.1818181818181817,0.0,0.0,-2.0,20.399352244110588
seed-12073-pa-0.35-pb-0.65,seed-12073-pa-0.35-pb-0.65:33,bandit,33,4.438261687518224,4.561514842353779,1.2608695652173911,1.2608695652173911,0.0,0.0,3.0,20.629384631905058
seed-12073-pa-0.35-pb-0.65,seed-12073-pa-0.35-pb-0.65:34,bandit,34,3.849076984180108,4.578901532953355,1.125,1.125,0.0,0.0,-2.0,20.847915400309805
seed-12073-pa-0.35-pb-0.65,seed-12073-pa-0.35-pb-0.65:35,bandit,35,3.8868710061149017,4.5954188890229535,1.0,1.0,0.0,0.0,-2.0,21.055519630294313
seed-12073-pa-0.35-pb-0.65,seed-12073-pa-0.35-pb-0.65:36,bandit,36,3.7234445810050545,4.611110377289071,0.8846153846153846,0.8846153846153846,0.0,0.0,-2.0,21.252743648779596
seed-12075-pa-0.35-pb-0.50,seed-12075-pa-0.35-pb-0.50:0,bandit,0,4.203889734292549,2.9599857528363316,0.5,0.5,0.0,0.0,0.0,0.5
seed-12075-pa-0.35-pb-0.50,seed-12075-pa-0.35-pb-0.50:1,bandit,1,3.849076984180108,2.997777584600281,0.5,0.5,0.0,0.0,-2.0,0.975
seed-12075-pa-0.35-pb-0.50,seed-12075-pa-0.35-pb-0.50:2,bandit,2,2.71393946547494,3.033679824776033,1.3333333333333337,1.3333333333333337,0.0,0.0,3.0,1.42625
seed-12075-pa-0.35-pb-0.50,seed-12075-pa-0.35-pb-0.50:3,bandit,3,1.826413277982752,3.0677869529429977,1.3333333333333337,1.3333333333333337,0.0,0.0,-2.0,1.8549375
seed-12075-pa-0.35-pb-0.50,seed-12075-pa-0.35-pb-0.50:4,bandit,4,2.626928011042974,3.100188724701614,1.75,1.75,0.0,0.0,3.0,2.2621906249999997
seed-12075-pa-0.35-pb-0.50,seed-12075-pa-0.35-pb-0.50:5,bandit,5,2.201413277982752,3.130970407872299,1.75,1.75,0.0,0.0,-2.0,2.6490810937499996
seed-12075-pa-0.35-pb-0.50,seed-12075-pa-0.35-pb-0.50:6,bandit,6,3.225206558916746,3.1602130068844505,2.0,2.0,0.0,0.0,3.0,3.0166270390624996
seed-12075-pa-0.35-pb-0.50,seed-12075-pa-0.35-pb-0.50:7,bandit,7,2.7234445810050545,3.1879934759459942,2.0,2.0,0.0,0.0,3.0,3.3657956871093746
seed-12075-pa-0.35-pb-0.50,seed-12075-pa-0.35-pb-0.50:8,bandit,8,3.0352241504380864,3.2143849215544607,2.0,2.0,0.0,0.0,-2.0,3.697505902753906
seed-12075-pa-0.35-pb-0.50,seed-12075-pa-0.35-pb-0.50:9,bandit,9,4.429882179158078,3.2394567948825035,2.166666666666667,2.166666666666667,0.0,0.0,3.0,4.01263060761621
seed-12075-pa-0.35-pb-0.50,seed-12075-pa-0.35-pb-0.50:10,bandit,10,3.626928011042974,3.2632750745441443,2.166666666666667,2.166666666666667,0.0,0.0,-2.0,4.3119990772353995
seed-12075-pa-0.35-pb-0.50,seed-12075-pa-0.35-pb-0.50:11,bandit,11,2.0075990353171704,3.2859024402227033,1.5714285714285716,1.5714285714285716,0.0,0.0,-2.0,4.596399123373629
seed-12075-pa-0.35-pb-0.50,seed-12075-pa-0.35-pb-0.50:12,bandit,12,4.188261687518224,3.3073984376173344,1.5714285714285716,1.5714285714285716,0.0,0.0,3.0,4.866579167204947
seed-12075-pa-0.35-pb-0.50,seed-12075-pa-0.35-pb-0.50:13,bandit,13,2.7618710061149017,3.327819635142234,1.125,1.125,0.0,0.0,-2.0,5.1232502088447
seed-12075-pa-0.35-pb-0.50,seed-12075-pa-0.35-pb-0.50:14,bandit,14,4.30474463538566,3.347219772790888,1.3333333333333337,1.3333333333333337,0.0,0.0,3.0,5.367087698402465
seed-12075-pa-0.35-pb-0.50,seed-12075-pa-0.35-pb-0.50:15,bandit,15,3.6368710061149017,3.36564990355711,1.3333333333333337,1.3333333333333337,0.0,0.0,-2.0,5.598733313482342
seed-12075-pa-0.35-pb-0.50,seed-12075-pa-0.35-pb-0.50:16,bandit,16,2.9734445810050545,3.3831585277850205,1.0,1.0,0.0,0.0,-2.0,5.818796647808225
seed-12075-pa-0.35-pb-0.50,seed-12075-pa-0.35-pb-0.50:17,bandit,17,4.25759903531717,3.399791720801536,1.0,1.0,0.0,0.0,3.0,6.027856815417813
seed-12075-pa-0.35-pb-0.50,seed-12075-pa-0.35-pb-0.50:18,bandit,18,4.00759903531717,3.415593254167225,0.7272727272727271,0.7272727272727271,0.0,0.0,-2.0,6.226463974646922
seed-12075-pa-0.35-pb-0.50,seed-12075-pa-0.35-pb-0.50:19,bandit,19,3.4734445810050545,3.43060471086463,0.7272727272727271,0.7272727272727271,0.0,0.0,-2.0,6.415140775914575
seed-12075-pa-0.35-pb-0.50,seed-12075-pa-0.35-pb-0.50:20,bandit,20,4.626929081345374,3.4448655947271645,0.9166666666666664,0.9166666666666664,0.0,0.0,3.0,6.5943837371188465
seed-12075-pa-0.35-pb-0.50,seed-12075-pa-0.35-pb-0.50:21,bandit,21,4.813261687518224,3.4584134343965722,0.9166666666666664,0.9166666666666664,0.0,0.0,-2.0,6.7646645502629035
seed-12075-pa-0.35-pb-0.50,seed-12075-pa-0.35-pb-0.50:22,bandit,22,3.6368710061149017,3.47128388208251,0.9166666666666664,0.9166666666666664,0.0,0.0,-2.0,6.926431322749758
seed-12075-pa-0.35-pb-0.50,seed-12075-pa-0.35-pb-0.50:23,bandit,23,3.3825990353171704,3.4835108073841505,0.9166666666666664,0.9166666666666664,0.0,0.0,-2.0,7.080109756612269
seed-12084-pa-0.65-pb-0.65,seed-12084-pa-0.65-pb-0.65:0,bandit,0,4.203889734292549,3.019657066147831,0.5,0.5,0.0,0.0,0.0,1.25
seed-12084-pa-0.65-pb-0.65,seed-12084-pa-0.65-pb-0.65:1,bandit,1,3.849076984180108,3.114136645557705,0.5,0.5,0.0,0.0,-2.0,2.4375
seed-12084-pa-0.65-pb-0.65,seed-12084-pa-0.65-pb-0.65:2,bandit,2,4.350412651601648,3.2038922459970847,0.5,0.5,0.0,0.0,3.0,3.565625
seed-12084-pa-0.65-pb-0.65,seed-12084-pa-0.65-pb-0.65:3,bandit,3,4.21393946547494,3.289160066414496,1.0,1.0,0.0,0.0,3.0,4.637343749999999
seed-12084-pa-0.65-pb-0.65,seed-12084-pa-0.65-pb-0.65:4,bandit,4,3.21393946547494,3.3701644958110366,1.3333333333333337,1.3333333333333337,0.0,0.0,3.0,5.6554765625
seed-12084-pa-0.65-pb-0.65,seed-12084-pa-0.65-pb-0.65:5,bandit,5,3.5699361996449746,3.4471187037377504,1.5714285714285716,1.5714285714285716,0.0,0.0,3.0,6.622702734374999
seed-12084-pa-0.65-pb-0.65,seed-12084-pa-0.65-pb-0.65:6,bandit,6,2.8504126516016477,3.5202252012681283,1.125,1.125,0.0,0.0,-2.0,7.5415675976562495
seed-12084-pa-0.65-pb-0.65,seed-12084-pa-0.65-pb-0.65:7,bandit,7,3.436967589003199,3.589676373921987,1.3333333333333337,1.3333333333333337,0.0,0.0,3.0,8.414489217773436
seed-12084-pa-0.65-pb-0.65,seed-12084-pa-0.65-pb-0.65:8,bandit,8,3.9179990792290873,3.6556549879431532,1.5,1.5,0.0,0.0,3.0,9.243764756884765
seed-12084-pa-0.65-pb-0.65,seed-12084-pa-0.65-pb-0.65:9,bandit,9,4.0380413716877825,3.718334671263261,1.6363636363636362,1.6363636363636362,0.0,0.0,3.0,10.031576519040527
seed-12084-pa-0.65-pb-0.65,seed-12084-pa-0.65-pb-0.65:10,bandit,10,3.9130413716877825,3.7778803704173636,1.75,1.75,0.0,0.0,3.0,10.7799976930885
seed-12084-pa-0.65-pb-0.65,seed-12084-pa-0.65-pb-0.65:11,bandit,11,4.151300195186874,3.8344487846137607,1.8461538461538465,1.8461538461538465,0.0,0.0,3.0,11.490997808434075
seed-12084-pa-0.65-pb-0.65,seed-12084-pa-0.65-pb-0.65:12,bandit,12,3.90475041827262,3.888188778100338,1.9285714285714284,1.9285714285714284,0.0,0.0,3.0,12.166447918012372
seed-12084-pa-0.65-pb-0.65,seed-12084-pa-0.65-pb-0.65:13,bandit,13,3.65475041827262,3.9392417719125867,2.0,2.0,0.0,0.0,3.0,12.808125522111753
seed-12084-pa-0.65-pb-0.65,seed-12084-pa-0.65-pb-0.65:14,bandit,14,3.77975041827262,3.9877421160342226,2.0625,2.0625,0.0,0.0,3.0,13.417719246006165
seed-12084-pa-0.65-pb-0.65,seed-12084-pa-0.65-pb-0.65:15,bandit,15,3.90475041827262,4.033817442949777,2.117647058823529,2.117647058823529,0.0,0.0,3.0,13.996833283705856
seed-12084-pa-0.65-pb-0.65,seed-12084-pa-0.65-pb-0.65:16,bandit,16,3.0699361996449746,4.077589003519553,1.8888888888888888,1.8888888888888888,0.0,0.0,-2.0,14.546991619520563
seed-12084-pa-0.65-pb-0.65,seed-12084-pa-0.65-pb-0.65:17,bandit,17,4.151300195186874,4.119171986060842,1.9473684210526312,1.9473684210526312,0.0,0.0,3.0,15.069642038544535
seed-12084-pa-0.65-pb-0.65,seed-12084-pa-0.65-pb-0.65:18,bandit,18,2.9449361996449746,4.158675819475064,1.75,1.75,0.0,0.0,-2.0,15.566159936617307
seed-12084-pa-0.65-pb-0.65,seed-12084-pa-0.65-pb-0.65:19,bandit,19,4.770541900901097,4.196204461218577,1.809523809523809,1.809523809523809,0.0,0.0,3.0,16.037851939786442
seed-12084-pa-0.65-pb-0.65,seed-12084-pa-0.65-pb-0.65:20,bandit,20,3.67358735157374,4.2318566708749135,1.6363636363636362,1.6363636363636362,0.0,0.0,-2.0,16.48595934279712
seed-12084-pa-0.65-pb-0.65,seed-12084-pa-0.65-pb-0.65:21,bandit,21,4.645541900901097,4.265726270048432,1.6956521739130437,1.6956521739130437,0.0,0.0,3.0,16.91166137565726
seed-12084-pa-0.65-pb-0.65,seed-12084-pa-0.65-pb-0.65:22,bandit,22,3.90475041827262,4.297902389263276,1.5416666666666663,1.5416666666666663,0.0,0.0,-2.0,17.316078306874395
seed-12084-pa-0.65-pb-0.65,seed-12084-pa-0.65-pb-0.65:23,bandit,23,4.887509570276173,4.328469702517378,1.6,1.6,0.0,0.0,3.0,17.700274391530673
seed-12084-pa-0.65-pb-0.65,seed-12084-pa-0.65-pb-0.65:24,bandit,24,4.026300195186874,4.357508650108774,1.4615384615384617,1.4615384615384617,0.0,0.0,-2.0,18.06526067195414
seed-12084-pa-0.65-pb-0.65,seed-12084-pa-0.65-pb-0.65:25,bandit,25,4.516034256080317,4.385095650320601,1.5185185185185186,1.5185185185185186,0.0,0.0,3.0,18.411997638356432
seed-12084-pa-0.65-pb-0.65,seed-12084-pa-0.65-pb-0.65:26,bandit,26,4.516034256080317,4.411303300521836,1.5714285714285716,1.5714285714285716,0.0,0.0,3.0,18.74139775643861
seed-12084-pa-0.65-pb-0.65,seed-12084-pa-0.65-pb-0.65:27,bandit,27,4.512509570276173,4.4362005682130095,1.6206896551724137,1.6206896551724137,0.0,0.0,3.0,19.054327868616678
seed-12084-pa-0.65-pb-0.65,seed-12084-pa-0.65-pb-0.65:28,bandit,28,4.514163456931506,4.4598529725196245,1.6666666666666663,1.6666666666666663,0.0,0.0,3.0,19.351611475185845
seed-12084-pa-0.65-pb-0.65,seed-12084-pa-0.65-pb-0.65:29,bandit,29,4.386047744848593,4.482322756610909,1.7096774193548383,1.7096774193548383,0.0,0.0,3.0,19.634030901426552
seed-12084-pa-0.65-pb-0.65,seed-12084-pa-0.65-pb-0.65:30,bandit,30,4.509755911000223,4.503669051497629,1.75,1.75,0.0,0.0,3.0,19.902329356355224
seed-12084-pa-0.65-pb-0.65,seed-12084-pa-0.65-pb-0.65:31,bandit,31,4.509755911000223,4.523948031640013,1.787878787878788,1.787878787878788,0.0,0.0,3.0,20.15721288853746
seed-12084-pa-0.65-pb-0.65,seed-12084-pa-0.65-pb-0.65:32,bandit,32,4.508614483762177,4.543213062775278,1.823529411764706,1.823529411764706,0.0,0.0,3.0,20.399352244110588
seed-12084-pa-0.65-pb-0.65,seed-12084-pa-0.65-pb-0.65:33,bandit,33,4.633614483762177,4.561514842353779,1.8571428571428572,1.8571428571428572,0.0,0.0,3.0,20.629384631905058
seed-12084-pa-0.65-pb-0.65,seed-12084-pa-0.65-pb-0.65:34,bandit,34,4.384755911000223,4.578901532953355,1.8888888888888888,1.8888888888888888,0.0,0.0,3.0,20.847915400309805
seed-12084-pa-0.65-pb-0.65,seed-12084-pa-0.65-pb-0.65:35,bandit,35,4.264163456931506,4.5954188890229535,1.7837837837837838,1.7837837837837838,0.0,0.0,-2.0,21.055519630294313
seed-12084-pa-0.65-pb-0.65,seed-12084-pa-0.65-pb-0.65:36,bandit,36,4.641034256080317,4.611110377289071,1.8157894736842104,1.8157894736842104,0.0,0.0,3.0,21.252743648779596
seed-12084-pa-0.65-pb-0.65,seed-12084-pa-0.65-pb-0.65:37,bandit,37,4.514163456931506,4.626017291141882,1.8461538461538465,1.8461538461538465,0.0,0.0,3.0,21.440106466340616
seed-12084-pa-0.65-pb-0.65,seed-12084-pa-0.65-pb-0.65:38,bandit,38,4.634755911000223,4.640178859302054,1.875,1.875,0.0,0.0,3.0,21.618101143023583
seed-12084-pa-0.65-pb-0.65,seed-12084-pa-0.65-pb-0.65:39,bandit,39,4.514163456931506,4.653632349054217,1.7804878048780486,1.7804878048780486,0.0,0.0,-2.0,21.787196085872402
seed-12084-pa-0.65-pb-0.65,seed-12084-pa-0.65-pb-0.65:40,bandit,40,4.762509570276173,4.6664131643187705,1.809523809523809,1.809523809523809,0.0,0.0,3.0,21.94783628157878
seed-12084-pa-0.65-pb-0.65,seed-12084-pa-0.65-pb-0.65:41,bandit,41,3.8955419009010974,4.678554938820097,1.7209302325581397,1.7209302325581397,0.0,0.0,-2.0,22.10044446749984
seed-12084-pa-0.65-pb-0.65,seed-12084-pa-0.65-pb-0.65:42,bandit,42,4.886047744848593,4.690089624596358,1.75,1.75,0.0,0.0,3.0,22.24542224412485
seed-12084-pa-0.65-pb-0.65,seed-12084-pa-0.65-pb-0.65:43,bandit,43,4.886047744848593,4.7010475760838055,1.7777777777777777,1.7777777777777777,0.0,0.0,3.0,22.383151131918606
seed-12084-pa-0.65-pb-0.65,seed-12084-pa-0.65-pb-0.65:44,bandit,44,5.132606094404334,4.711457629996881,1.8043478260869563,1.8043478260869563,0.0,0.0,3.0,22.513993575322676
seed-12084-pa-0.65-pb-0.65,seed-12084-pa-0.65-pb-0.65:45,bandit,45,4.886047744848593,4.721347181214302,1.8297872340425536,1.8297872340425536,0.0,0.0,3.0,22.63829389655654
seed-12084-pa-0.65-pb-0.65,seed-12084-pa-0.65-pb-0.65:46,bandit,46,4.637509570276173,4.730742254870853,1.8541666666666663,1.8541666666666663,0.0,0.0,3.0,22.756379201728713
seed-12084-pa-0.65-pb-0.65,seed-12084-pa-0.65-pb-0.65:47,bandit,47,4.886047744848593,4.739667574844575,1.7755102040816326,1.7755102040816326,0.0,0.0,-2.0,22.868560241642275
seed-12084-pa-0.65-pb-0.65,seed-12084-pa-0.65-pb-0.65:48,bandit,48,4.762509570276173,4.748146628819612,1.7999999999999998,1.7999999999999998,0.0,0.0,3.0,22.97513222956016
seed-12084-pa-0.65-pb-0.65,seed-12084-pa-0.65-pb-0.65:49,bandit,49,4.639163456931506,4.756201730095896,1.823529411764706,1.823529411764706,0.0,0.0,3.0,23.07637561808215
seed-12084-pa-0.65-pb-0.65,seed-12084-pa-0.65-pb-0.65:50,bandit,50,4.884755911000223,4.763854076308367,1.8461538461538465,1.8461538461538465,0.0,0.0,3.0,23.172556837178043
seed-12084-pa-0.65-pb-0.65,seed-12084-pa-0.65-pb-0.65:51,bandit,51,4.883614483762177,4.771123805210214,1.8679245283018864,1.8679245283018864,0.0,0.0,3.0,23.26392899531914
seed-12084-pa-0.65-pb-0.65,seed-12084-pa-0.65-pb-0.65:52,bandit,52,4.883614483762177,4.778030047666968,1.8888888888888888,1.8888888888888888,0.0,0.0,3.0,23.350732545553182
seed-12084-pa-0.65-pb-0.65,seed-12084-pa-0.65-pb-0.65:53,bandit,53,4.636047744848593,4.784590978000885,1.9090909090909092,1.9090909090909092,0.0,0.0,3.0,23.433195918275523
seed-12084-pa-0.65-pb-0.65,seed-12084-pa-0.65-pb-0.65:54,bandit,54,4.758614483762177,4.790823861818106,1.9285714285714284,1.9285714285714284,0.0,0.0,3.0,23.511536122361747
seed-12084-pa-0.65-pb-0.65,seed-12084-pa-0.65-pb-0.65:55,bandit,55,5.1317153484891165,4.796745101444467,1.9473684210526312,1.9473684210526312,0.0,0.0,3.0,23.58595931624366
seed-12084-pa-0.65-pb-0.65,seed-12084-pa-0.65-pb-0.65:56,bandit,56,5.2552337981517425,4.802370279089509,1.9655172413793105,1.9655172413793105,0.0,0.0,3.0,23.656661350431477
seed-12084-pa-0.65-pb-0.65,seed-12084-pa-0.65-pb-0.65:57,bandit,57,4.951413277982752,4.807714197852299,1.9655172413793105,1.9655172413793105,0.0,0.0,3.0,23.723828282909903
seed-12084-pa-0.65-pb-0.65,seed-12084-pa-0.65-pb-0.65:58,bandit,58,5.2880413716877825,4.8127909206769495,1.8983050847457623,1.8983050847457623,0.0,0.0,-2.0,23.787636868764405
seed-12084-pa-0.65-pb-0.65,seed-12084-pa-0.65-pb-0.65:59,bandit,59,5.901300195186874,4.817613807360367,1.9166666666666663,1.9166666666666663,0.0,0.0,3.0,23.848255025326186
seed-12084-pa-0.65-pb-0.65,seed-12084-pa-0.65-pb-0.65:60,bandit,60,5.648245464372426,4.822195549709614,1.9344262295081969,1.9344262295081969,0.0,0.0,3.0,23.905842274059875
seed-12084-pa-0.65-pb-0.65,seed-12084-pa-0.65-pb-0.65:61,bandit,61,5.15475041827262,4.826548204941399,1.870967741935484,1.870967741935484,0.0,0.0,-2.0,23.96055016035688
seed-12084-pa-0.65-pb-0.65,seed-12084-pa-0.65-pb-0.65:62,bandit,62,5.898245464372426,4.830683227411594,1.8888888888888888,1.8888888888888888,0.0,0.0,3.0,24.012522652339037
seed-12084-pa-0.65-pb-0.65,seed-12084-pa-0.65-pb-0.65:63,bandit,63,5.03364569998304,4.83461149875828,1.828125,1.828125,0.0,0.0,-2.0,24.061896519722083
seed-12084-pa-0.65-pb-0.65,seed-12084-pa-0.65-pb-0.65:64,bandit,64,4.311967589003199,4.8383433565376315,1.7692307692307692,1.7692307692307692,0.0,0.0,-2.0,24.108801693735977
seed-12084-pa-0.65-pb-0.65,seed-12084-pa-0.65-pb-0.65:65,bandit,65,3.4449361996449746,4.841888621428015,1.712121212121212,1.712121212121212,0.0,0.0,-2.0,24.153361609049178
seed-12084-pa-0.65-pb-0.65,seed-12084-pa-0.65-pb-0.65:66,bandit,66,2.7985873515737403,4.84525662307388,1.656716417910448,1.656716417910448,0.0,0.0,-2.0,24.195693528596717
seed-12084-pa-0.65-pb-0.65,seed-12084-pa-0.65-pb-0.65:67,bandit,67,5.15864569998304,4.8484562246374505,1.676470588235294,1.676470588235294,0.0,0.0,3.0,24.23590885216688
seed-12084-pa-0.65-pb-0.65,seed-12084-pa-0.65-pb-0.65:68,bandit,68,4.042999079229087,4.851495846122844,1.6231884057971016,1.6231884057971016,0.0,0.0,-2.0,24.274113409558534
seed-12084-pa-0.65-pb-0.65,seed-12084-pa-0.65-pb-0.65:69,bandit,69,5.15864569998304,4.854383486533967,1.6428571428571428,1.6428571428571428,0.0,0.0,3.0,24.310407739080606
seed-12084-pa-0.65-pb-0.65,seed-12084-pa-0.65-pb-0.65:70,bandit,70,4.526300195186874,4.857126744924534,1.591549295774648,1.591549295774648,0.0,0.0,-2.0,24.344887352126573
seed-12084-pa-0.65-pb-0.65,seed-12084-pa-0.65-pb-0.65:71,bandit,71,5.276300195186874,4.859732840395572,1.6111111111111112,1.6111111111111112,0.0,0.0,3.0,24.377642984520243
seed-12084-pa-0.65-pb-0.65,seed-12084-pa-0.65-pb-0.65:72,bandit,72,5.15864569998304,4.8622086310930595,1.6301369863013695,1.6301369863013695,0.0,0.0,3.0,24.40876083529423
seed-12084-pa-0.65-pb-0.65,seed-12084-pa-0.65-pb-0.65:73,bandit,73,4.90475041827262,4.864560632255672,1.5810810810810811,1.5810810810810811,0.0,0.0,-2.0,24.43832279352952
seed-12084-pa-0.65-pb-0.65,seed-12084-pa-0.65-pb-0.65:74,bandit,74,5.27975041827262,4.8667950333601535,1.6,1.6,0.0,0.0,3.0,24.466406653853042
seed-12084-pa-0.65-pb-0.65,seed-12084-pa-0.65-pb-0.65:75,bandit,75,5.401300195186874,4.8689177144094105,1.6184210526315788,1.6184210526315788,0.0,0.0,3.0,24.493086321160387
seed-12084-pa-0.65-pb-0.65,seed-12084-pa-0.65-pb-0.65:76,bandit,76,5.148245464372426,4.870934261406205,1.6363636363636362,1.6363636363636362,0.0,0.0,3.0,24.518432005102365
seed-12084-pa-0.65-pb-0.65,seed-12084-pa-0.65-pb-0.65:77,bandit,77,5.026300195186874,4.872849981053161,1.6538461538461535,1.6538461538461535,0.0,0.0,3.0,24.542510404847246
seed-12084-pa-0.65-pb-0.65,seed-12084-pa-0.65-pb-0.65:78,bandit,78,5.151300195186874,4.874669914717768,1.6075949367088609,1.6075949367088609,0.0,0.0,-2.0,24.56538488460488
seed-12084-pa-0.65-pb-0.65,seed-12084-pa-0.65-pb-0.65:79,bandit,79,4.02975041827262,4.876398851699145,1.5625,1.5625,0.0,0.0,-2.0,24.587115640374638
seed-12084-pa-0.65-pb-0.65,seed-12084-pa-0.65-pb-0.65:80,bandit,80,5.648245464372426,4.878041341831453,1.5802469135802468,1.5802469135802468,0.0,0.0,3.0,24.607759858355905
seed-12084-pa-0.65-pb-0.65,seed-12084-pa-0.65-pb-0.65:81,bandit,81,5.398245464372426,4.879601707457145,1.5975609756097562,1.5975609756097562,0.0,0.0,3.0,24.627371865438107
seed-12084-pa-0.65-pb-0.65,seed-12084-pa-0.65-pb-0.65:82,bandit,82,5.273245464372426,4.881084054801554,1.6144578313253013,1.6144578313253013,0.0,0.0,3.0,24.6460032721662
seed-12084-pa-0.65-pb-0.65,seed-12084-pa-0.65-pb-0.65:83,bandit,83,5.273245464372426,4.882492284778741,1.630952380952381,1.630952380952381,0.0,0.0,3.0,24.66370310855789
seed-12084-pa-0.65-pb-0.65,seed-12084-pa-0.65-pb-0.65:84,bandit,84,5.148245464372426,4.883830103257069,1.5882352941176472,1.5882352941176472,0.0,0.0,-2.0,24.680517953129993
seed-12084-pa-0.65-pb-0.65,seed-12084-pa-0.65-pb-0.65:85,bandit,85,6.054882179158078,4.885101030811481,1.75,1.75,0.0,0.0,3.0,24.69649205547349
seed-12084-pa-0.65-pb-0.65,seed-12084-pa-0.65-pb-0.65:86,bandit,86,5.77975041827262,4.886308411988173,1.75,1.75,0.0,0.0,3.0,24.711667452699817
seed-12084-pa-0.65-pb-0.65,seed-12084-pa-0.65-pb-0.65:87,bandit,87,5.773245464372426,4.8874554241060295,1.75,1.75,0.0,0.0,3.0,24.726084080064826
seed-12084-pa-0.65-pb-0.65,seed-12084-pa-0.65-pb-0.65:88,bandit,88,5.436967589003199,4.888545085617993,1.75,1.75,0.0,0.0,-2.0,24.739779876061583
seed-12084-pa-0.65-pb-0.65,seed-12084-pa-0.65-pb-0.65:89,bandit,89,6.523245464372426,4.889580264054359,1.75,1.75,0.0,0.0,3.0,24.752790882258502
seed-12084-pa-0.65-pb-0.65,seed-12084-pa-0.65-pb-0.65:90,bandit,90,5.311967589003199,4.890563683568907,1.75,1.75,0.0,0.0,-2.0,24.765151338145575
seed-12084-pa-0.65-pb-0.65,seed-12084-pa-0.65-pb-0.65:91,bandit,91,6.151300195186874,4.891497932107726,1.75,1.75,0.0,0.0,3.0,24.776893771238296
seed-12084-pa-0.65-pb-0.65,seed-12084-pa-0.65-pb-0.65:92,bandit,92,6.02975041827262,4.892385468219605,1.75,1.75,0.0,0.0,3.0,24.78804908267638
seed-12084-pa-0.65-pb-0.65,seed-12084-pa-0.65-pb-0.65:93,bandit,93,5.776300195186874,4.8932286275258905,1.75,1.75,0.0,0.0,3.0,24.79864662854256
seed-12084-pa-0.65-pb-0.65,seed-12084-pa-0.65-pb-0.65:94,bandit,94,5.112822278771571,4.8940296288668605,1.6021505376344083,1.6021505376344083,0.0,0.0,-2.0,24.80871429711543
seed-12084-pa-0.65-pb-0.65,seed-12084-pa-0.65-pb-0.65:95,bandit,95,6.40864569998304,4.894790580140783,1.6170212765957448,1.6170212765957448,0.0,0.0,3.0,24.818278582259655
seed-12084-pa-0.65-pb-0.65,seed-12084-pa-0.65-pb-0.65:96,bandit,96,6.042999079229087,4.895513483851009,1.6315789473684212,1.6315789473684212,0.0,0.0,3.0,24.82736465314667
seed-12084-pa-0.65-pb-0.65,seed-12084-pa-0.65-pb-0.65:97,bandit,97,5.561967589003199,4.896200242375724,1.59375,1.59375,0.0,0.0,-2.0,24.835996420489337
seed-12084-pa-0.65-pb-0.65,seed-12084-pa-0.65-pb-0.65:98,bandit,98,6.4130413716877825,4.8968526629742035,1.6082474226804124,1.6082474226804124,0.0,0.0,3.0,24.84419659946487
seed-12084-pa-0.65-pb-0.65,seed-12084-pa-0.65-pb-0.65:99,bandit,99,5.08893946547494,4.897472462542758,1.5714285714285716,1.5714285714285716,0.0,0.0,-2.0,24.851986769491624
seed-12108-pa-0.35-pb-0.20,seed-12108-pa-0.35-pb-0.20:0,bandit,0,4.203889734292549,2.9003144395248324,0.5,0.5,0.0,0.0,0.0,-0.25
seed-12108-pa-0.35-pb-0.20,seed-12108-pa-0.35-pb-0.20:1,bandit,1,3.849076984180108,2.8814185236428576,0.5,0.5,0.0,0.0,-2.0,-0.4875
seed-12108-pa-0.35-pb-0.20,seed-12108-pa-0.35-pb-0.20:2,bandit,2,0.1004126516016477,2.8634674035549814,-0.3333333333333332,-0.3333333333333332,0.0,0.0,-2.0,-0.713125
seed-12113-pa-0.65-pb-0.35,seed-12113-pa-0.65-pb-0.35:0,bandit,0,4.203889734292549,3.019657066147831,0.5,0.5,0.0,0.0,0.0,1.25
seed-12113-pa-0.65-pb-0.35,seed-12113-pa-0.65-pb-0.35:1,bandit,1,4.42870067827652,3.114136645557705,1.3333333333333337,1.3333333333333337,0.0,0.0,3.0,2.4375
seed-12113-pa-0.65-pb-0.35,seed-12113-pa-0.65-pb-0.35:2,bandit,2,3.6368710061149017,3.2038922459970847,0.5,0.5,0.0,0.0,-2.0,3.565625
seed-12113-pa-0.65-pb-0.35,seed-12113-pa-0.65-pb-0.35:3,bandit,3,1.9754126516016477,3.289160066414496,0.5,0.5,0.0,0.0,-2.0,4.637343749999999
seed-12113-pa-0.65-pb-0.35,seed-12113-pa-0.65-pb-0.35:4,bandit,4,3.099076984180108,3.3701644958110366,1.0,1.0,0.0,0.0,3.0,5.6554765625
seed-12113-pa-0.65-pb-0.35,seed-12113-pa-0.65-pb-0.35:5,bandit,5,2.6787006782765204,3.4471187037377504,0.5,0.5,0.0,0.0,-2.0,6.622702734374999
seed-12113-pa-0.65-pb-0.35,seed-12113-pa-0.65-pb-0.35:6,bandit,6,1.5984445810050545,3.5202252012681283,0.1428571428571428,0.1428571428571428,0.0,0.0,-2.0,7.5415675976562495
seed-12113-pa-0.65-pb-0.35,seed-12113-pa-0.65-pb-0.35:7,bandit,7,1.3490769841801082,3.589676373921987,0.1428571428571428,0.1428571428571428,0.0,0.0,-2.0,8.414489217773436
seed-12113-pa-0.65-pb-0.35,seed-12113-pa-0.65-pb-0.35:8,bandit,8,1.5990769841801082,3.6556549879431532,0.1428571428571428,0.1428571428571428,0.0,0.0,-2.0,9.243764756884765
seed-12113-pa-0.65-pb-0.35,seed-12113-pa-0.65-pb-0.35:9,bandit,9,2.8769290813453736,3.718334671263261,0.1428571428571428,0.1428571428571428,0.0,0.0,3.0,10.031576519040527
seed-12113-pa-0.65-pb-0.35,seed-12113-pa-0.65-pb-0.35:10,bandit,10,2.5681471805599436,3.7778803704173636,-0.125,-0.125,0.0,0.0,-2.0,10.7799976930885
seed-12113-pa-0.65-pb-0.35,seed-12113-pa-0.65-pb-0.35:11,bandit,11,3.1325990353171704,3.8344487846137607,-0.125,-0.125,0.0,0.0,-2.0,11.490997808434075
seed-12113-pa-0.65-pb-0.35,seed-12113-pa-0.65-pb-0.35:12,bandit,12,4.201413277982752,3.888188778100338,-0.125,-0.125,0.0,0.0,3.0,12.166447918012372
seed-12113-pa-0.65-pb-0.35,seed-12113-pa-0.65-pb-0.35:13,bandit,13,3.474076984180108,3.9392417719125867,0.2222222222222223,0.2222222222222223,0.0,0.0,3.0,12.808125522111753
seed-12113-pa-0.65-pb-0.35,seed-12113-pa-0.65-pb-0.35:14,bandit,14,3.349076984180108,3.9877421160342226,0.0,0.0,0.0,0.0,-2.0,13.417719246006165
seed-12113-pa-0.65-pb-0.35,seed-12113-pa-0.65-pb-0.35:15,bandit,15,4.200939419878843,4.033817442949777,0.2727272727272729,0.2727272727272729,0.0,0.0,3.0,13.996833283705856
seed-12113-pa-0.65-pb-0.35,seed-12113-pa-0.65-pb-0.35:16,bandit,16,3.7618710061149017,4.077589003519553,0.2727272727272729,0.2727272727272729,0.0,0.0,3.0,14.546991619520563
seed-12113-pa-0.65-pb-0.35,seed-12113-pa-0.65-pb-0.35:17,bandit,17,3.849076984180108,4.119171986060842,0.2222222222222223,0.2222222222222223,0.0,0.0,-2.0,15.069642038544535
seed-12113-pa-0.65-pb-0.35,seed-12113-pa-0.65-pb-0.35:18,bandit,18,4.80370067827652,4.158675819475064,0.5,0.5,0.0,0.0,3.0,15.566159936617307
seed-12113-pa-0.65-pb-0.35,seed-12113-pa-0.65-pb-0.35:19,bandit,19,3.724076984180108,4.196204461218577,0.2727272727272729,0.2727272727272729,0.0,0.0,-2.0,16.037851939786442
seed-12113-pa-0.65-pb-0.35,seed-12113-pa-0.65-pb-0.35:20,bandit,20,4.5984445810050545,4.2318566708749135,0.5,0.5,0.0,0.0,3.0,16.48595934279712
seed-12113-pa-0.65-pb-0.35,seed-12113-pa-0.65-pb-0.35:21,bandit,21,3.700939419878843,4.265726270048432,0.3076923076923075,0.3076923076923075,0.0,0.0,-2.0,16.91166137565726
seed-12113-pa-0.65-pb-0.35,seed-12113-pa-0.65-pb-0.35:22,bandit,22,5.0984445810050545,4.297902389263276,0.3076923076923075,0.3076923076923075,0.0,0.0,3.0,17.316078306874395
seed-12113-pa-0.65-pb-0.35,seed-12113-pa-0.65-pb-0.35:23,bandit,23,4.7234445810050545,4.328469702517378,0.5,0.5,0.0,0.0,3.0,17.700274391530673
seed-12113-pa-0.65-pb-0.35,seed-12113-pa-0.65-pb-0.35:24,bandit,24,4.200939419878843,4.357508650108774,0.5,0.5,0.0,0.0,-2.0,18.06526067195414
seed-12113-pa-0.65-pb-0.35,seed-12113-pa-0.65-pb-0.35:25,bandit,25,5.3484445810050545,4.385095650320601,0.6666666666666665,0.6666666666666665,0.0,0.0,3.0,18.411997638356432
seed-12113-pa-0.65-pb-0.35,seed-12113-pa-0.65-pb-0.35:26,bandit,26,4.200939419878843,4.411303300521836,0.5,0.5,0.0,0.0,-2.0,18.74139775643861
seed-12113-pa-0.65-pb-0.35,seed-12113-pa-0.65-pb-0.35:27,bandit,27,3.974076984180108,4.4362005682130095,0.3529411764705883,0.3529411764705883,0.0,0.0,-2.0,19.054327868616678
seed-12113-pa-0.65-pb-0.35,seed-12113-pa-0.65-pb-0.35:28,bandit,28,4.136871006114902,4.4598529725196245,0.3529411764705883,0.3529411764705883,0.0,0.0,-2.0,19.351611475185845
seed-12113-pa-0.65-pb-0.35,seed-12113-pa-0.65-pb-0.35:29,bandit,29,4.501929081345374,4.482322756610909,0.3529411764705883,0.3529411764705883,0.0,0.0,-2.0,19.634030901426552
seed-12113-pa-0.65-pb-0.35,seed-12113-pa-0.65-pb-0.35:30,bandit,30,5.5984445810050545,4.503669051497629,0.5,0.5,0.0,0.0,3.0,19.902329356355224
seed-12113-pa-0.65-pb-0.35,seed-12113-pa-0.65-pb-0.35:31,bandit,31,4.773123264139841,4.523948031640013,0.3684210526315787,0.3684210526315787,0.0,0.0,-2.0,20.15721288853746
seed-12113-pa-0.65-pb-0.35,seed-12113-pa-0.65-pb-0.35:32,bandit,32,5.313261687518224,4.543213062775278,0.5,0.5,0.0,0.0,3.0,20.399352244110588
seed-12113-pa-0.65-pb-0.35,seed-12113-pa-0.65-pb-0.35:33,bandit,33,5.2234445810050545,4.561514842353779,0.6190476190476191,0.6190476190476191,0.0,0.0,3.0,20.629384631905058
seed-12113-pa-0.65-pb-0.35,seed-12113-pa-0.65-pb-0.35:34,bandit,34,5.076413277982752,4.578901532953355,0.7272727272727271,0.7272727272727271,0.0,0.0,3.0,20.847915400309805
seed-12113-pa-0.65-pb-0.35,seed-12113-pa-0.65-pb-0.35:35,bandit,35,5.023123264139841,4.5954188890229535,0.7272727272727271,0.7272727272727271,0.0,0.0,-2.0,21.055519630294313
seed-12113-pa-0.65-pb-0.35,seed-12113-pa-0.65-pb-0.35:36,bandit,36,4.63259903531717,4.611110377289071,0.6086956521739131,0.6086956521739131,0.0,0.0,-2.0,21.252743648779596
seed-12113-pa-0.65-pb-0.35,seed-12113-pa-0.65-pb-0.35:37,bandit,37,4.88259903531717,4.626017291141882,0.6086956521739131,0.6086956521739131,0.0,0.0,-2.0,21.440106466340616
seed-12113-pa-0.65-pb-0.35,seed-12113-pa-0.65-pb-0.35:38,bandit,38,4.700939419878843,4.640178859302054,0.6086956521739131,0.6086956521739131,0.0,0.0,-2.0,21.618101143023583
seed-12113-pa-0.65-pb-0.35,seed-12113-pa-0.65-pb-0.35:39,bandit,39,5.00759903531717,4.653632349054217,0.5,0.5,0.0,0.0,-2.0,21.787196085872402
seed-12113-pa-0.65-pb-0.35,seed-12113-pa-0.65-pb-0.35:40,bandit,40,5.200939419878843,4.6664131643187705,0.5,0.5,0.0,0.0,-2.0,21.94783628157878
seed-12113-pa-0.65-pb-0.35,seed-12113-pa-0.65-pb-0.35:41,bandit,41,4.898123264139841,4.678554938820097,0.5,0.5,0.0,0.0,-2.0,22.10044446749984
seed-12113-pa-0.65-pb-0.35,seed-12113-pa-0.65-pb-0.35:42,bandit,42,5.13259903531717,4.690089624596358,0.3999999999999999,0.3999999999999999,0.0,0.0,-2.0,22.24542224412485
seed-12113-pa-0.65-pb-0.35,seed-12113-pa-0.65-pb-0.35:43,bandit,43,5.126929081345374,4.7010475760838055,0.5,0.5,0.0,0.0,3.0,22.383151131918606
seed-12113-pa-0.65-pb-0.35,seed-12113-pa-0.65-pb-0.35:44,bandit,44,4.773123264139841,4.711457629996881,0.5,0.5,0.0,0.0,3.0,22.513993575322676
seed-12113-pa-0.65-pb-0.35,seed-12113-pa-0.65-pb-0.35:45,bandit,45,5.773123264139841,4.721347181214302,0.5,0.5,0.0,0.0,-2.0,22.63829389655654
seed-12113-pa-0.65-pb-0.35,seed-12113-pa-0.65-pb-0.35:46,bandit,46,6.438261687518224,4.730742254870853,0.5925925925925926,0.5925925925925926,0.0,0.0,3.0,22.756379201728713
seed-12113-pa-0.65-pb-0.35,seed-12113-pa-0.65-pb-0.35:47,bandit,47,5.648123264139841,4.739667574844575,0.5925925925925926,0.5925925925925926,0.0,0.0,3.0,22.868560241642275
seed-12113-pa-0.65-pb-0.35,seed-12113-pa-0.65-pb-0.35:48,bandit,48,5.898123264139841,4.748146628819612,0.5925925925925926,0.5925925925925926,0.0,0.0,3.0,22.97513222956016
seed-12113-pa-0.65-pb-0.35,seed-12113-pa-0.65-pb-0.35:49,bandit,49,5.523123264139841,4.756201730095896,0.5925925925925926,0.5925925925925926,0.0,0.0,-2.0,23.07637561808215
seed-12113-pa-0.65-pb-0.35,seed-12113-pa-0.65-pb-0.35:50,bandit,50,6.42870067827652,4.763854076308367,0.6785714285714284,0.6785714285714284,0.0,0.0,3.0,23.172556837178043
seed-12113-pa-0.65-pb-0.35,seed-12113-pa-0.65-pb-0.35:51,bandit,51,5.398123264139841,4.771123805210214,0.5862068965517242,0.5862068965517242,0.0,0.0,-2.0,23.26392899531914
seed-12113-pa-0.65-pb-0.35,seed-12113-pa-0.65-pb-0.35:52,bandit,52,6.4734445810050545,4.778030047666968,0.5862068965517242,0.5862068965517242,0.0,0.0,3.0,23.350732545553182
seed-12113-pa-0.65-pb-0.35,seed-12113-pa-0.65-pb-0.35:53,bandit,53,5.9734445810050545,4.784590978000885,0.6666666666666665,0.6666666666666665,0.0,0.0,3.0,23.433195918275523
seed-12113-pa-0.65-pb-0.35,seed-12113-pa-0.65-pb-0.35:54,bandit,54,5.761871006114902,4.790823861818106,0.7419354838709675,0.7419354838709675,0.0,0.0,3.0,23.511536122361747
seed-12113-pa-0.65-pb-0.35,seed-12113-pa-0.65-pb-0.35:55,bandit,55,5.55370067827652,4.796745101444467,0.7419354838709675,0.7419354838709675,0.0,0.0,-2.0,23.58595931624366
seed-12113-pa-0.65-pb-0.35,seed-12113-pa-0.65-pb-0.35:56,bandit,56,6.5984445810050545,4.802370279089509,0.7419354838709675,0.7419354838709675,0.0,0.0,3.0,23.656661350431477
seed-12113-pa-0.65-pb-0.35,seed-12113-pa-0.65-pb-0.35:57,bandit,57,6.05370067827652,4.807714197852299,0.8125,0.8125,0.0,0.0,3.0,23.723828282909903
seed-12113-pa-0.65-pb-0.35,seed-12113-pa-0.65-pb-0.35:58,bandit,58,5.724076984180108,4.8127909206769495,0.7272727272727271,0.7272727272727271,0.0,0.0,-2.0,23.787636868764405
seed-12113-pa-0.65-pb-0.35,seed-12113-pa-0.65-pb-0.35:59,bandit,59,6.313261687518224,4.817613807360367,0.7941176470588234,0.7941176470588234,0.0,0.0,3.0,23.848255025326186
seed-12113-pa-0.65-pb-0.35,seed-12113-pa-0.65-pb-0.35:60,bandit,60,6.4734445810050545,4.822195549709614,0.8571428571428572,0.8571428571428572,0.0,0.0,3.0,23.905842274059875
seed-12113-pa-0.65-pb-0.35,seed-12113-pa-0.65-pb-0.35:61,bandit,61,6.156150136248314,4.826548204941399,0.9166666666666664,0.9166666666666664,0.0,0.0,3.0,23.96055016035688
seed-12113-pa-0.65-pb-0.35,seed-12113-pa-0.65-pb-0.35:62,bandit,62,6.326413277982752,4.830683227411594,0.9729729729729728,0.9729729729729728,0.0,0.0,3.0,24.012522652339037
seed-12113-pa-0.65-pb-0.35,seed-12113-pa-0.65-pb-0.35:63,bandit,63,7.011871006114902,4.83461149875828,0.9729729729729728,0.9729729729729728,0.0,0.0,3.0,24.061896519722083
seed-12113-pa-0.65-pb-0.35,seed-12113-pa-0.65-pb-0.35:64,bandit,64,6.376929081345374,4.8383433565376315,1.026315789473684,1.026315789473684,0.0,0.0,3.0,24.108801693735977
seed-12113-pa-0.65-pb-0.35,seed-12113-pa-0.65-pb-0.35:65,bandit,65,6.410224150438086,4.841888621428015,1.076923076923077,1.076923076923077,0.0,0.0,3.0,24.153361609049178
seed-12113-pa-0.65-pb-0.35,seed-12113-pa-0.65-pb-0.35:66,bandit,66,6.160224150438086,4.84525662307388,1.125,1.125,0.0,0.0,3.0,24.195693528596717
seed-12113-pa-0.65-pb-0.35,seed-12113-pa-0.65-pb-0.35:67,bandit,67,6.126928011042974,4.8484562246374505,1.170731707317073,1.170731707317073,0.0,0.0,3.0,24.23590885216688
seed-12113-pa-0.65-pb-0.35,seed-12113-pa-0.65-pb-0.35:68,bandit,68,6.225206558916746,4.851495846122844,1.2142857142857144,1.2142857142857144,0.0,0.0,3.0,24.274113409558534
seed-12113-pa-0.65-pb-0.35,seed-12113-pa-0.65-pb-0.35:69,bandit,69,6.46393946547494,4.854383486533967,1.255813953488372,1.255813953488372,0.0,0.0,3.0,24.310407739080606
seed-12113-pa-0.65-pb-0.35,seed-12113-pa-0.65-pb-0.35:70,bandit,70,6.626929081345374,4.857126744924534,1.255813953488372,1.255813953488372,0.0,0.0,3.0,24.344887352126573
seed-12113-pa-0.65-pb-0.35,seed-12113-pa-0.65-pb-0.35:71,bandit,71,5.563261687518224,4.859732840395572,1.1818181818181817,1.1818181818181817,0.0,0.0,-2.0,24.377642984520243
seed-12113-pa-0.65-pb-0.35,seed-12113-pa-0.65-pb-0.35:72,bandit,72,5.156150136248314,4.8622086310930595,1.1111111111111112,1.1111111111111112,0.0,0.0,-2.0,24.40876083529423
seed-12113-pa-0.65-pb-0.35,seed-12113-pa-0.65-pb-0.35:73,bandit,73,4.951413277982752,4.864560632255672,1.0434782608695654,1.0434782608695654,0.0,0.0,-2.0,24.43832279352952
seed-12113-pa-0.65-pb-0.35,seed-12113-pa-0.65-pb-0.35:74,bandit,74,4.451413277982752,4.8667950333601535,0.978723404255319,0.978723404255319,0.0,0.0,-2.0,24.466406653853042
seed-12113-pa-0.65-pb-0.35,seed-12113-pa-0.65-pb-0.35:75,bandit,75,6.376928011042974,4.8689177144094105,1.0208333333333337,1.0208333333333337,0.0,0.0,3.0,24.493086321160387
seed-12113-pa-0.65-pb-0.35,seed-12113-pa-0.65-pb-0.35:76,bandit,76,6.031150136248314,4.870934261406205,1.0208333333333337,1.0208333333333337,0.0,0.0,-2.0,24.518432005102365
seed-12113-pa-0.65-pb-0.35,seed-12113-pa-0.65-pb-0.35:77,bandit,77,6.850412651601648,4.872849981053161,1.0612244897959182,1.0612244897959182,0.0,0.0,3.0,24.542510404847246
seed-12113-pa-0.65-pb-0.35,seed-12113-pa-0.65-pb-0.35:78,bandit,78,6.660224150438086,4.874669914717768,1.1,1.1,0.0,0.0,3.0,24.56538488460488
seed-12113-pa-0.65-pb-0.35,seed-12113-pa-0.65-pb-0.35:79,bandit,79,6.612822278771571,4.876398851699145,1.1372549019607845,1.1372549019607845,0.0,0.0,3.0,24.587115640374638
seed-12113-pa-0.65-pb-0.35,seed-12113-pa-0.65-pb-0.35:80,bandit,80,6.475206558916746,4.878041341831453,1.173076923076923,1.173076923076923,0.0,0.0,3.0,24.607759858355905
seed-12113-pa-0.65-pb-0.35,seed-12113-pa-0.65-pb-0.35:81,bandit,81,6.46393946547494,4.879601707457145,1.207547169811321,1.207547169811321,0.0,0.0,3.0,24.627371865438107
seed-12113-pa-0.65-pb-0.35,seed-12113-pa-0.65-pb-0.35:82,bandit,82,5.80474463538566,4.881084054801554,1.1481481481481484,1.1481481481481484,0.0,0.0,-2.0,24.6460032721662
seed-12113-pa-0.65-pb-0.35,seed-12113-pa-0.65-pb-0.35:83,bandit,83,6.83893946547494,4.882492284778741,1.1818181818181817,1.1818181818181817,0.0,0.0,3.0,24.66370310855789
seed-12113-pa-0.65-pb-0.35,seed-12113-pa-0.65-pb-0.35:84,bandit,84,6.578889734292549,4.883830103257069,1.2142857142857144,1.2142857142857144,0.0,0.0,3.0,24.680517953129993
seed-12113-pa-0.65-pb-0.35,seed-12113-pa-0.65-pb-0.35:85,bandit,85,5.785224150438086,4.885101030811481,1.1578947368421053,1.1578947368421053,0.0,0.0,-2.0,24.69649205547349
seed-12113-pa-0.65-pb-0.35,seed-12113-pa-0.65-pb-0.35:86,bandit,86,5.688261687518224,4.886308411988173,1.1578947368421053,1.1578947368421053,0.0,0.0,-2.0,24.711667452699817
seed-12113-pa-0.65-pb-0.35,seed-12113-pa-0.65-pb-0.35:87,bandit,87,7.21393946547494,4.8874554241060295,1.1896551724137931,1.1896551724137931,0.0,0.0,3.0,24.726084080064826
seed-12113-pa-0.65-pb-0.35,seed-12113-pa-0.65-pb-0.35:88,bandit,88,6.58893946547494,4.888545085617993,1.220338983050847,1.220338983050847,0.0,0.0,3.0,24.739779876061583
seed-12113-pa-0.65-pb-0.35,seed-12113-pa-0.65-pb-0.35:89,bandit,89,6.8199361996449746,4.889580264054359,1.25,1.25,0.0,0.0,3.0,24.752790882258502
seed-12113-pa-0.65-pb-0.35,seed-12113-pa-0.65-pb-0.35:90,bandit,90,6.001928011042974,4.890563683568907,1.19672131147541,1.19672131147541,0.0,0.0,-2.0,24.765151338145575
seed-12113-pa-0.65-pb-0.35,seed-12113-pa-0.65-pb-0.35:91,bandit,91,5.910224150438086,4.891497932107726,1.1451612903225803,1.1451612903225803,0.0,0.0,-2.0,24.776893771238296
seed-12113-pa-0.65-pb-0.35,seed-12113-pa-0.65-pb-0.35:92,bandit,92,6.975206558916746,4.892385468219605,1.1746031746031744,1.1746031746031744,0.0,0.0,3.0,24.78804908267638
seed-12113-pa-0.65-pb-0.35,seed-12113-pa-0.65-pb-0.35:93,bandit,93,6.6949361996449746,4.8932286275258905,1.203125,1.203125,0.0,0.0,3.0,24.79864662854256
seed-12113-pa-0.65-pb-0.35,seed-12113-pa-0.65-pb-0.35:94,bandit,94,6.561967589003199,4.8940296288668605,1.2307692307692308,1.2307692307692308,0.0,0.0,3.0,24.80871429711543
seed-12113-pa-0.65-pb-0.35,seed-12113-pa-0.65-pb-0.35:95,bandit,95,6.554882179158078,4.894790580140783,1.2575757575757578,1.2575757575757578,0.0,0.0,3.0,24.818278582259655
seed-12113-pa-0.65-pb-0.35,seed-12113-pa-0.65-pb-0.35:96,bandit,96,6.0699361996449746,4.895513483851009,1.2089552238805972,1.2089552238805972,0.0,0.0,-2.0,24.82736465314667
seed-12113-pa-0.65-pb-0.35,seed-12113-pa-0.65-pb-0.35:97,bandit,97,6.804882179158078,4.896200242375724,1.2352941176470589,1.2352941176470589,0.0,0.0,3.0,24.835996420489337
seed-12113-pa-0.65-pb-0.35,seed-12113-pa-0.65-pb-0.35:98,bandit,98,6.54858735157374,4.8968526629742035,1.2608695652173911,1.2608695652173911,0.0,0.0,3.0,24.84419659946487
seed-12113-pa-0.65-pb-0.35,seed-12113-pa-0.65-pb-0.35:99,bandit,99,6.417999079229087,4.897472462542758,1.2857142857142856,1.2857142857142856,0.0,0.0,3.0,24.851986769491624
seed-12115-pa-0.35-pb-0.35,seed-12115-pa-0.35-pb-0.35:0,bandit,0,4.203889734292549,2.9003144395248324,0.5,0.5,0.0,0.0,0.0,-0.25
seed-12115-pa-0.35-pb-0.35,seed-12115-pa-0.35-pb-0.35:1,bandit,1,4.42870067827652,2.8814185236428576,1.3333333333333337,1.3333333333333337,0.0,0.0,3.0,-0.4875
seed-12115-pa-0.35-pb-0.35,seed-12115-pa-0.35-pb-0.35:2,bandit,2,3.201413277982752,2.8634674035549814,1.75,1.75,0.0,0.0,3.0,-0.713125
seed-12115-pa-0.35-pb-0.35,seed-12115-pa-0.35-pb-0.35:3,bandit,3,3.42974463538566,2.8464138394714995,1.0,1.0,0.0,0.0,-2.0,-0.92746875
seed-12115-pa-0.35-pb-0.35,seed-12115-pa-0.35-pb-0.35:4,bandit,4,2.2254126516016477,2.830212953592191,1.0,1.0,0.0,0.0,-2.0,-1.1310953124999998
seed-12115-pa-0.35-pb-0.35,seed-12115-pa-0.35-pb-0.35:5,bandit,5,4.001929081345374,2.8148221120068486,1.3333333333333337,1.3333333333333337,0.0,0.0,3.0,-1.3245405468749998
seed-12115-pa-0.35-pb-0.35,seed-12115-pa-0.35-pb-0.35:6,bandit,6,2.701413277982752,2.8002008125007727,1.3333333333333337,1.3333333333333337,0.0,0.0,3.0,-1.5083135195312498
seed-12115-pa-0.35-pb-0.35,seed-12115-pa-0.35-pb-0.35:7,bandit,7,2.8825990353171704,2.786310577970001,1.5714285714285716,1.5714285714285716,0.0,0.0,3.0,-1.6828978435546873
seed-12115-pa-0.35-pb-0.35,seed-12115-pa-0.35-pb-0.35:8,bandit,8,2.767675057605601,2.7731148551657676,1.5714285714285716,1.5714285714285716,0.0,0.0,3.0,-1.848752951376953
seed-12115-pa-0.35-pb-0.35,seed-12115-pa-0.35-pb-0.35:9,bandit,9,2.0537006782765204,2.7605789185017464,1.5714285714285716,1.5714285714285716,0.0,0.0,-2.0,-2.006315303808105
seed-12115-pa-0.35-pb-0.35,seed-12115-pa-0.35-pb-0.35:10,bandit,10,2.656150136248314,2.7486697786709255,1.125,1.125,0.0,0.0,-2.0,-2.1559995386176998
seed-12115-pa-0.35-pb-0.35,seed-12115-pa-0.35-pb-0.35:11,bandit,11,2.0231232641398407,2.7373560958316463,1.125,1.125,0.0,0.0,-2.0,-2.2981995616868147
seed-12115-pa-0.35-pb-0.35,seed-12115-pa-0.35-pb-0.35:12,bandit,12,4.075939419878843,2.726608097134331,1.3333333333333337,1.3333333333333337,0.0,0.0,3.0,-2.4332895836024737
seed-12115-pa-0.35-pb-0.35,seed-12115-pa-0.35-pb-0.35:13,bandit,13,3.7234445810050545,2.7163974983718813,1.3333333333333337,1.3333333333333337,0.0,0.0,3.0,-2.56162510442235
seed-12115-pa-0.35-pb-0.35,seed-12115-pa-0.35-pb-0.35:14,bandit,14,4.224076984180108,2.706697429547554,1.5,1.5,0.0,0.0,3.0,-2.6835438492012327
seed-12115-pa-0.35-pb-0.35,seed-12115-pa-0.35-pb-0.35:15,bandit,15,3.6481232641398407,2.6974823641644434,1.5,1.5,0.0,0.0,-2.0,-2.799366656741171
seed-12115-pa-0.35-pb-0.35,seed-12115-pa-0.35-pb-0.35:16,bandit,16,4.281150136248314,2.6887280520504877,1.5,1.5,0.0,0.0,3.0,-2.9093983239041123
seed-12115-pa-0.35-pb-0.35,seed-12115-pa-0.35-pb-0.35:17,bandit,17,3.474076984180108,2.68041145554223,1.1818181818181817,1.1818181818181817,0.0,0.0,-2.0,-3.0139284077089066
seed-12115-pa-0.35-pb-0.35,seed-12115-pa-0.35-pb-0.35:18,bandit,18,4.7234445810050545,2.6725106888593855,1.1818181818181817,1.1818181818181817,0.0,0.0,3.0,-3.113231987323461
seed-12115-pa-0.35-pb-0.35,seed-12115-pa-0.35-pb-0.35:19,bandit,19,4.3484445810050545,2.665004960510683,1.1818181818181817,1.1818181818181817,0.0,0.0,3.0,-3.2075703879572877
seed-12115-pa-0.35-pb-0.35,seed-12115-pa-0.35-pb-0.35:20,bandit,20,3.7731232641398407,2.657874518579416,0.9166666666666664,0.9166666666666664,0.0,0.0,-2.0,-3.2971918685594233
seed-12115-pa-0.35-pb-0.35,seed-12115-pa-0.35-pb-0.35:21,bandit,21,3.224076984180108,2.651100598744712,0.9166666666666664,0.9166666666666664,0.0,0.0,-2.0,-3.3823322751314517
seed-12115-pa-0.35-pb-0.35,seed-12115-pa-0.35-pb-0.35:22,bandit,22,4.575939419878843,2.6446653749017432,1.076923076923077,1.076923076923077,0.0,0.0,3.0,-3.463215661374879
seed-12115-pa-0.35-pb-0.35,seed-12115-pa-0.35-pb-0.35:23,bandit,23,3.8825990353171704,2.638551912250923,1.076923076923077,1.076923076923077,0.0,0.0,-2.0,-3.5400548783061345
seed-12115-pa-0.35-pb-0.35,seed-12115-pa-0.35-pb-0.35:24,bandit,24,4.67870067827652,2.632744122732644,1.076923076923077,1.076923076923077,0.0,0.0,3.0,-3.6130521343908275
seed-12115-pa-0.35-pb-0.35,seed-12115-pa-0.35-pb-0.35:25,bandit,25,3.9734445810050545,2.6272267226902786,0.8571428571428572,0.8571428571428572,0.0,0.0,-2.0,-3.682399527671286
seed-12115-pa-0.35-pb-0.35,seed-12115-pa-0.35-pb-0.35:26,bandit,26,4.80370067827652,2.6219851926500315,1.0,1.0,0.0,0.0,3.0,-3.7482795512877214
seed-12115-pa-0.35-pb-0.35,seed-12115-pa-0.35-pb-0.35:27,bandit,27,3.974076984180108,2.6170057391117965,1.0,1.0,0.0,0.0,-2.0,-3.8108655737233352
seed-12115-pa-0.35-pb-0.35,seed-12115-pa-0.35-pb-0.35:28,bandit,28,3.700939419878843,2.612275258250474,1.0,1.0,0.0,0.0,-2.0,-3.8703222950371683
seed-12115-pa-0.35-pb-0.35,seed-12115-pa-0.35-pb-0.35:29,bandit,29,3.3825990353171704,2.6077813014322166,1.0,1.0,0.0,0.0,-2.0,-3.92680618028531
seed-12115-pa-0.35-pb-0.35,seed-12115-pa-0.35-pb-0.35:30,bandit,30,4.011871006114902,2.6035120424548728,0.8125,0.8125,0.0,0.0,-2.0,-3.9804658712710443
seed-12115-pa-0.35-pb-0.35,seed-12115-pa-0.35-pb-0.35:31,bandit,31,3.849076984180108,2.5994562464263957,0.6470588235294117,0.6470588235294117,0.0,0.0,-2.0,-4.031442577707492
seed-12115-pa-0.35-pb-0.35,seed-12115-pa-0.35-pb-0.35:32,bandit,32,3.0231232641398407,2.5956032401993427,0.5,0.5,0.0,0.0,-2.0,-4.079870448822117
seed-12115-pa-0.35-pb-0.35,seed-12115-pa-0.35-pb-0.35:33,bandit,33,3.5231232641398407,2.5919428842836427,0.5,0.5,0.0,0.0,-2.0,-4.125876926381011
seed-12115-pa-0.35-pb-0.35,seed-12115-pa-0.35-pb-0.35:34,bandit,34,3.575939419878843,2.5884655461637274,0.3684210526315787,0.3684210526315787,0.0,0.0,-2.0,-4.16958308006196
seed-12115-pa-0.35-pb-0.35,seed-12115-pa-0.35-pb-0.35:35,bandit,35,4.13259903531717,2.5851620749498077,0.3684210526315787,0.3684210526315787,0.0,0.0,-2.0,-4.211103926058861
seed-12115-pa-0.35-pb-0.35,seed-12115-pa-0.35-pb-0.35:36,bandit,36,4.63259903531717,2.5820237772965844,0.3684210526315787,0.3684210526315787,0.0,0.0,3.0,-4.250548729755918
seed-12115-pa-0.35-pb-0.35,seed-12115-pa-0.35-pb-0.35:37,bandit,37,4.648123264139841,2.579042394526022,0.3684210526315787,0.3684210526315787,0.0,0.0,-2.0,-4.288021293268122
seed-12115-pa-0.35-pb-0.35,seed-12115-pa-0.35-pb-0.35:38,bandit,38,4.450939419878843,2.576210080893988,0.3684210526315787,0.3684210526315787,0.0,0.0,-2.0,-4.323620228604716
seed-12115-pa-0.35-pb-0.35,seed-12115-pa-0.35-pb-0.35:39,bandit,39,4.273123264139841,2.573519382943555,0.3684210526315787,0.3684210526315787,0.0,0.0,-2.0,-4.35743921717448
seed-12115-pa-0.35-pb-0.35,seed-12115-pa-0.35-pb-0.35:40,bandit,40,5.148123264139841,2.5709632198906442,0.5,0.5,0.0,0.0,3.0,-4.389567256315756
seed-12115-pa-0.35-pb-0.35,seed-12115-pa-0.35-pb-0.35:41,bandit,41,5.136871006114902,2.568534864990379,0.3809523809523809,0.3809523809523809,0.0,0.0,-2.0,-4.420088893499968
seed-12115-pa-0.35-pb-0.35,seed-12115-pa-0.35-pb-0.35:42,bandit,42,5.13259903531717,2.566227927835127,0.3809523809523809,0.3809523809523809,0.0,0.0,3.0,-4.449084448824969
seed-12115-pa-0.35-pb-0.35,seed-12115-pa-0.35-pb-0.35:43,bandit,43,5.011871006114902,2.5640363375376376,0.2727272727272729,0.2727272727272729,0.0,0.0,-2.0,-4.476630226383721
seed-12115-pa-0.35-pb-0.35,seed-12115-pa-0.35-pb-0.35:44,bandit,44,5.63259903531717,2.561954326755022,0.2727272727272729,0.2727272727272729,0.0,0.0,3.0,-4.502798715064534
seed-12115-pa-0.35-pb-0.35,seed-12115-pa-0.35-pb-0.35:45,bandit,45,5.17870067827652,2.559976416511538,0.1739130434782607,0.1739130434782607,0.0,0.0,-2.0,-4.527658779311307
seed-12118-pa-0.50-pb-0.35,seed-12118-pa-0.50-pb-0.35:0,bandit,0,4.203889734292549,2.9599857528363316,0.5,0.5,0.0,0.0,0.0,0.5
seed-12118-pa-0.50-pb-0.35,seed-12118-pa-0.50-pb-0.35:1,bandit,1,4.42870067827652,2.997777584600281,1.3333333333333337,1.3333333333333337,0.0,0.0,3.0,0.975
seed-12118-pa-0.50-pb-0.35,seed-12118-pa-0.50-pb-0.35:2,bandit,2,3.6368710061149017,3.033679824776033,0.5,0.5,0.0,0.0,-2.0,1.42625
seed-12118-pa-0.50-pb-0.35,seed-12118-pa-0.50-pb-0.35:3,bandit,3,4.100206558916746,3.0677869529429977,1.3333333333333337,1.3333333333333337,0.0,0.0,3.0,1.8549375
seed-12118-pa-0.50-pb-0.35,seed-12118-pa-0.50-pb-0.35:4,bandit,4,3.392675057605601,3.100188724701614,1.3333333333333337,1.3333333333333337,0.0,0.0,3.0,2.2621906249999997
seed-12118-pa-0.50-pb-0.35,seed-12118-pa-0.50-pb-0.35:5,bandit,5,3.251928011042974,3.130970407872299,1.3333333333333337,1.3333333333333337,0.0,0.0,3.0,2.6490810937499996
seed-12118-pa-0.50-pb-0.35,seed-12118-pa-0.50-pb-0.35:6,bandit,6,2.974076984180108,3.1602130068844505,1.3333333333333337,1.3333333333333337,0.0,0.0,-2.0,3.0166270390624996
seed-12118-pa-0.50-pb-0.35,seed-12118-pa-0.50-pb-0.35:7,bandit,7,5.151300195186874,3.1879934759459942,1.75,1.75,0.0,0.0,3.0,3.3657956871093746
seed-12118-pa-0.50-pb-0.35,seed-12118-pa-0.50-pb-0.35:8,bandit,8,3.599076984180108,3.2143849215544607,1.75,1.75,0.0,0.0,-2.0,3.697505902753906
seed-12118-pa-0.50-pb-0.35,seed-12118-pa-0.50-pb-0.35:9,bandit,9,4.5699361996449746,3.2394567948825035,1.75,1.75,0.0,0.0,3.0,4.01263060761621
seed-12118-pa-0.50-pb-0.35,seed-12118-pa-0.50-pb-0.35:10,bandit,10,3.3868710061149017,3.2632750745441443,1.75,1.75,0.0,0.0,-2.0,4.3119990772353995
seed-12118-pa-0.50-pb-0.35,seed-12118-pa-0.50-pb-0.35:11,bandit,11,4.1949361996449746,3.2859024402227033,1.75,1.75,0.0,0.0,3.0,4.596399123373629
seed-12118-pa-0.50-pb-0.35,seed-12118-pa-0.50-pb-0.35:12,bandit,12,3.4754126516016477,3.3073984376173344,1.75,1.75,0.0,0.0,-2.0,4.866579167204947
seed-12118-pa-0.50-pb-0.35,seed-12118-pa-0.50-pb-0.35:13,bandit,13,3.156150136248314,3.327819635142234,1.75,1.75,0.0,0.0,-2.0,5.1232502088447
seed-12118-pa-0.50-pb-0.35,seed-12118-pa-0.50-pb-0.35:14,bandit,14,3.0352241504380864,3.347219772790888,1.75,1.75,0.0,0.0,-2.0,5.367087698402465
seed-12118-pa-0.50-pb-0.35,seed-12118-pa-0.50-pb-0.35:15,bandit,15,2.326413277982752,3.36564990355711,1.75,1.75,0.0,0.0,-2.0,5.598733313482342
seed-12118-pa-0.50-pb-0.35,seed-12118-pa-0.50-pb-0.35:16,bandit,16,2.474076984180108,3.3831585277850205,1.0,1.0,0.0,0.0,-2.0,5.818796647808225
seed-12118-pa-0.50-pb-0.35,seed-12118-pa-0.50-pb-0.35:17,bandit,17,3.031150136248314,3.399791720801536,1.0,1.0,0.0,0.0,-2.0,6.027856815417813
seed-12118-pa-0.50-pb-0.35,seed-12118-pa-0.50-pb-0.35:18,bandit,18,4.453889734292549,3.415593254167225,1.0,1.0,0.0,0.0,3.0,6.226463974646922
seed-12118-pa-0.50-pb-0.35,seed-12118-pa-0.50-pb-0.35:19,bandit,19,4.0699361996449746,3.43060471086463,1.0,1.0,0.0,0.0,3.0,6.415140775914575
seed-12118-pa-0.50-pb-0.35,seed-12118-pa-0.50-pb-0.35:20,bandit,20,4.776300195186874,3.4448655947271645,1.0,1.0,0.0,0.0,3.0,6.5943837371188465
seed-12118-pa-0.50-pb-0.35,seed-12118-pa-0.50-pb-0.35:21,bandit,21,4.526300195186874,3.4584134343965722,1.0,1.0,0.0,0.0,3.0,6.7646645502629035
seed-12123-pa-0.35-pb-0.50,seed-12123-pa-0.35-pb-0.50:0,bandit,0,4.203889734292549,2.9599857528363316,0.5,0.5,0.0,0.0,0.0,0.5
seed-12123-pa-0.35-pb-0.50,seed-12123-pa-0.35-pb-0.50:1,bandit,1,4.42870067827652,2.997777584600281,1.3333333333333337,1.3333333333333337,0.0,0.0,3.0,0.975
seed-12123-pa-0.35-pb-0.50,seed-12123-pa-0.35-pb-0.50:2,bandit,2,2.501928011042974,3.033679824776033,1.3333333333333337,1.3333333333333337,0.0,0.0,-2.0,1.42625
seed-12123-pa-0.35-pb-0.50,seed-12123-pa-0.35-pb-0.50:3,bandit,3,2.6368710061149017,3.0677869529429977,1.75,1.75,0.0,0.0,3.0,1.8549375
seed-12123-pa-0.35-pb-0.50,seed-12123-pa-0.35-pb-0.50:4,bandit,4,1.2254126516016477,3.100188724701614,1.75,1.75,0.0,0.0,-2.0,2.2621906249999997
seed-12129-pa-0.65-pb-0.35,seed-12129-pa-0.65-pb-0.35:0,bandit,0,4.203889734292549,3.019657066147831,0.5,0.5,0.0,0.0,0.0,1.25
seed-12129-pa-0.65-pb-0.35,seed-12129-pa-0.65-pb-0.35:1,bandit,1,4.42870067827652,3.114136645557705,1.3333333333333337,1.3333333333333337,0.0,0.0,3.0,2.4375
seed-12129-pa-0.65-pb-0.35,seed-12129-pa-0.65-pb-0.35:2,bandit,2,3.201413277982752,3.2038922459970847,1.75,1.75,0.0,0.0,3.0,3.565625
seed-12129-pa-0.65-pb-0.35,seed-12129-pa-0.65-pb-0.35:3,bandit,3,3.4878222787715707,3.289160066414496,2.0,2.0,0.0,0.0,3.0,4.637343749999999
seed-12129-pa-0.65-pb-0.35,seed-12129-pa-0.65-pb-0.35:4,bandit,4,2.826413277982752,3.3701644958110366,1.3333333333333337,1.3333333333333337,0.0,0.0,-2.0,5.6554765625
seed-12129-pa-0.65-pb-0.35,seed-12129-pa-0.65-pb-0.35:5,bandit,5,4.96393946547494,3.4471187037377504,1.3333333333333337,1.3333333333333337,0.0,0.0,3.0,6.622702734374999
seed-12129-pa-0.65-pb-0.35,seed-12129-pa-0.65-pb-0.35:6,bandit,6,4.08893946547494,3.5202252012681283,1.5714285714285716,1.5714285714285716,0.0,0.0,3.0,7.5415675976562495
seed-12129-pa-0.65-pb-0.35,seed-12129-pa-0.65-pb-0.35:7,bandit,7,3.6949361996449746,3.589676373921987,1.75,1.75,0.0,0.0,3.0,8.414489217773436
seed-12129-pa-0.65-pb-0.35,seed-12129-pa-0.65-pb-0.35:8,bandit,8,2.1269290813453736,3.6556549879431532,1.75,1.75,0.0,0.0,-2.0,9.243764756884765
seed-12129-pa-0.65-pb-0.35,seed-12129-pa-0.65-pb-0.35:9,bandit,9,4.001928011042974,3.718334671263261,1.8888888888888888,1.8888888888888888,0.0,0.0,3.0,10.031576519040527
seed-12129-pa-0.65-pb-0.35,seed-12129-pa-0.65-pb-0.35:10,bandit,10,3.4754126516016477,3.7778803704173636,2.0,2.0,0.0,0.0,3.0,10.7799976930885
seed-12129-pa-0.65-pb-0.35,seed-12129-pa-0.65-pb-0.35:11,bandit,11,3.6004126516016477,3.8344487846137607,2.090909090909091,2.090909090909091,0.0,0.0,3.0,11.490997808434075
seed-12129-pa-0.65-pb-0.35,seed-12129-pa-0.65-pb-0.35:12,bandit,12,3.325939419878843,3.888188778100338,1.75,1.75,0.0,0.0,-2.0,12.166447918012372
seed-12129-pa-0.65-pb-0.35,seed-12129-pa-0.65-pb-0.35:13,bandit,13,3.0681471805599436,3.9392417719125867,1.4615384615384617,1.4615384615384617,0.0,0.0,-2.0,12.808125522111753
seed-12129-pa-0.65-pb-0.35,seed-12129-pa-0.65-pb-0.35:14,bandit,14,2.4287006782765204,3.9877421160342226,1.4615384615384617,1.4615384615384617,0.0,0.0,-2.0,13.417719246006165
seed-12129-pa-0.65-pb-0.35,seed-12129-pa-0.65-pb-0.35:15,bandit,15,3.200939419878843,4.033817442949777,1.2142857142857144,1.2142857142857144,0.0,0.0,-2.0,13.996833283705856
seed-12129-pa-0.65-pb-0.35,seed-12129-pa-0.65-pb-0.35:16,bandit,16,5.203889734292549,4.077589003519553,1.2142857142857144,1.2142857142857144,0.0,0.0,3.0,14.546991619520563
seed-12129-pa-0.65-pb-0.35,seed-12129-pa-0.65-pb-0.35:17,bandit,17,5.001928011042974,4.119171986060842,1.3333333333333337,1.3333333333333337,0.0,0.0,3.0,15.069642038544535
seed-12129-pa-0.65-pb-0.35,seed-12129-pa-0.65-pb-0.35:18,bandit,18,4.600206558916746,4.158675819475064,1.4375,1.4375,0.0,0.0,3.0,15.566159936617307
seed-12129-pa-0.65-pb-0.35,seed-12129-pa-0.65-pb-0.35:19,bandit,19,4.474076984180108,4.196204461218577,1.2352941176470589,1.2352941176470589,0.0,0.0,-2.0,16.037851939786442
seed-12129-pa-0.65-pb-0.35,seed-12129-pa-0.65-pb-0.35:20,bandit,20,5.578889734292549,4.2318566708749135,1.3333333333333337,1.3333333333333337,0.0,0.0,3.0,16.48595934279712
seed-12129-pa-0.65-pb-0.35,seed-12129-pa-0.65-pb-0.35:21,bandit,21,4.71393946547494,4.265726270048432,1.4210526315789471,1.4210526315789471,0.0,0.0,3.0,16.91166137565726
seed-12129-pa-0.65-pb-0.35,seed-12129-pa-0.65-pb-0.35:22,bandit,22,4.686967589003199,4.297902389263276,1.5,1.5,0.0,0.0,3.0,17.316078306874395
seed-12129-pa-0.65-pb-0.35,seed-12129-pa-0.65-pb-0.35:23,bandit,23,4.804882179158078,4.328469702517378,1.5714285714285716,1.5714285714285716,0.0,0.0,3.0,17.700274391530673
seed-12129-pa-0.65-pb-0.35,seed-12129-pa-0.65-pb-0.35:24,bandit,24,4.67358735157374,4.357508650108774,1.6363636363636362,1.6363636363636362,0.0,0.0,3.0,18.06526067195414
seed-12129-pa-0.65-pb-0.35,seed-12129-pa-0.65-pb-0.35:25,bandit,25,4.542999079229087,4.385095650320601,1.6956521739130437,1.6956521739130437,0.0,0.0,3.0,18.411997638356432
seed-12129-pa-0.65-pb-0.35,seed-12129-pa-0.65-pb-0.35:26,bandit,26,4.54858735157374,4.411303300521836,1.75,1.75,0.0,0.0,3.0,18.74139775643861
seed-12129-pa-0.65-pb-0.35,seed-12129-pa-0.65-pb-0.35:27,bandit,27,4.2880413716877825,4.4362005682130095,1.7999999999999998,1.7999999999999998,0.0,0.0,3.0,19.054327868616678
seed-12129-pa-0.65-pb-0.35,seed-12129-pa-0.65-pb-0.35:28,bandit,28,4.5380413716877825,4.4598529725196245,1.8461538461538465,1.8461538461538465,0.0,0.0,3.0,19.351611475185845
seed-12129-pa-0.65-pb-0.35,seed-12129-pa-0.65-pb-0.35:29,bandit,29,4.77975041827262,4.482322756610909,1.8888888888888888,1.8888888888888888,0.0,0.0,3.0,19.634030901426552
seed-12129-pa-0.65-pb-0.35,seed-12129-pa-0.65-pb-0.35:30,bandit,30,3.6269290813453736,4.503669051497629,1.75,1.75,0.0,0.0,-2.0,19.902329356355224
seed-12129-pa-0.65-pb-0.35,seed-12129-pa-0.65-pb-0.35:31,bandit,31,5.1630413716877825,4.523948031640013,1.793103448275862,1.793103448275862,0.0,0.0,3.0,20.15721288853746
seed-12129-pa-0.65-pb-0.35,seed-12129-pa-0.65-pb-0.35:32,bandit,32,4.6630413716877825,4.543213062775278,1.8333333333333337,1.8333333333333337,0.0,0.0,3.0,20.399352244110588
seed-12129-pa-0.65-pb-0.35,seed-12129-pa-0.65-pb-0.35:33,bandit,33,4.901300195186874,4.561514842353779,1.870967741935484,1.870967741935484,0.0,0.0,3.0,20.629384631905058
seed-12129-pa-0.65-pb-0.35,seed-12129-pa-0.65-pb-0.35:34,bandit,34,3.8769290813453736,4.578901532953355,1.75,1.75,0.0,0.0,-2.0,20.847915400309805
seed-12129-pa-0.65-pb-0.35,seed-12129-pa-0.65-pb-0.35:35,bandit,35,5.773245464372426,4.5954188890229535,1.75,1.75,0.0,0.0,3.0,21.055519630294313
seed-12129-pa-0.65-pb-0.35,seed-12129-pa-0.65-pb-0.35:36,bandit,36,5.28364569998304,4.611110377289071,1.787878787878788,1.787878787878788,0.0,0.0,3.0,21.252743648779596
seed-12129-pa-0.65-pb-0.35,seed-12129-pa-0.65-pb-0.35:37,bandit,37,5.276300195186874,4.626017291141882,1.823529411764706,1.823529411764706,0.0,0.0,3.0,21.440106466340616
seed-12129-pa-0.65-pb-0.35,seed-12129-pa-0.65-pb-0.35:38,bandit,38,5.395541900901097,4.640178859302054,1.8571428571428572,1.8571428571428572,0.0,0.0,3.0,21.618101143023583
seed-12129-pa-0.65-pb-0.35,seed-12129-pa-0.65-pb-0.35:39,bandit,39,5.393149927917811,4.653632349054217,1.8888888888888888,1.8888888888888888,0.0,0.0,3.0,21.787196085872402
seed-12129-pa-0.65-pb-0.35,seed-12129-pa-0.65-pb-0.35:40,bandit,40,4.600412651601648,4.6664131643187705,1.7837837837837838,1.7837837837837838,0.0,0.0,-2.0,21.94783628157878
seed-12129-pa-0.65-pb-0.35,seed-12129-pa-0.65-pb-0.35:41,bandit,41,3.8868710061149017,4.678554938820097,1.7837837837837838,1.7837837837837838,0.0,0.0,-2.0,22.10044446749984
seed-12129-pa-0.65-pb-0.35,seed-12129-pa-0.65-pb-0.35:42,bandit,42,4.67870067827652,4.690089624596358,1.6842105263157894,1.6842105263157894,0.0,0.0,-2.0,22.24542224412485
seed-12129-pa-0.65-pb-0.35,seed-12129-pa-0.65-pb-0.35:43,bandit,43,4.273123264139841,4.7010475760838055,1.58974358974359,1.58974358974359,0.0,0.0,-2.0,22.383151131918606
seed-12129-pa-0.65-pb-0.35,seed-12129-pa-0.65-pb-0.35:44,bandit,44,6.151300195186874,4.711457629996881,1.625,1.625,0.0,0.0,3.0,22.513993575322676
seed-12129-pa-0.65-pb-0.35,seed-12129-pa-0.65-pb-0.35:45,bandit,45,5.6630413716877825,4.721347181214302,1.6585365853658538,1.6585365853658538,0.0,0.0,3.0,22.63829389655654
seed-12129-pa-0.65-pb-0.35,seed-12129-pa-0.65-pb-0.35:46,bandit,46,5.53364569998304,4.730742254870853,1.690476190476191,1.690476190476191,0.0,0.0,3.0,22.756379201728713
seed-12129-pa-0.65-pb-0.35,seed-12129-pa-0.65-pb-0.35:47,bandit,47,5.651300195186874,4.739667574844575,1.7209302325581397,1.7209302325581397,0.0,0.0,3.0,22.868560241642275
seed-12129-pa-0.65-pb-0.35,seed-12129-pa-0.65-pb-0.35:48,bandit,48,5.523245464372426,4.748146628819612,1.75,1.75,0.0,0.0,3.0,22.97513222956016
seed-12129-pa-0.65-pb-0.35,seed-12129-pa-0.65-pb-0.35:49,bandit,49,5.126929081345374,4.756201730095896,1.6666666666666663,1.6666666666666663,0.0,0.0,-2.0,23.07637561808215
seed-12129-pa-0.65-pb-0.35,seed-12129-pa-0.65-pb-0.35:50,bandit,50,5.773245464372426,4.763854076308367,1.6956521739130437,1.6956521739130437,0.0,0.0,3.0,23.172556837178043
seed-12129-pa-0.65-pb-0.35,seed-12129-pa-0.65-pb-0.35:51,bandit,51,5.401300195186874,4.771123805210214,1.7234042553191489,1.7234042553191489,0.0,0.0,3.0,23.26392899531914
seed-12129-pa-0.65-pb-0.35,seed-12129-pa-0.65-pb-0.35:52,bandit,52,5.270541900901097,4.778030047666968,1.75,1.75,0.0,0.0,3.0,23.350732545553182
seed-12129-pa-0.65-pb-0.35,seed-12129-pa-0.65-pb-0.35:53,bandit,53,5.270541900901097,4.784590978000885,1.7755102040816326,1.7755102040816326,0.0,0.0,3.0,23.433195918275523
seed-12129-pa-0.65-pb-0.35,seed-12129-pa-0.65-pb-0.35:54,bandit,54,5.201413277982752,4.790823861818106,1.7000000000000002,1.7000000000000002,0.0,0.0,-2.0,23.511536122361747
seed-12129-pa-0.65-pb-0.35,seed-12129-pa-0.65-pb-0.35:55,bandit,55,4.30370067827652,4.796745101444467,1.6274509803921569,1.6274509803921569,0.0,0.0,-2.0,23.58595931624366
seed-12129-pa-0.65-pb-0.35,seed-12129-pa-0.65-pb-0.35:56,bandit,56,5.773245464372426,4.802370279089509,1.6538461538461535,1.6538461538461535,0.0,0.0,3.0,23.656661350431477
seed-12129-pa-0.65-pb-0.35,seed-12129-pa-0.65-pb-0.35:57,bandit,57,5.401300195186874,4.807714197852299,1.6792452830188678,1.6792452830188678,0.0,0.0,3.0,23.723828282909903
seed-12129-pa-0.65-pb-0.35,seed-12129-pa-0.65-pb-0.35:58,bandit,58,5.100412651601648,4.8127909206769495,1.6111111111111112,1.6111111111111112,0.0,0.0,-2.0,23.787636868764405
seed-12129-pa-0.65-pb-0.35,seed-12129-pa-0.65-pb-0.35:59,bandit,59,6.020541900901097,4.817613807360367,1.6363636363636362,1.6363636363636362,0.0,0.0,3.0,23.848255025326186
seed-12129-pa-0.65-pb-0.35,seed-12129-pa-0.65-pb-0.35:60,bandit,60,5.893149927917811,4.822195549709614,1.6607142857142856,1.6607142857142856,0.0,0.0,3.0,23.905842274059875
seed-12129-pa-0.65-pb-0.35,seed-12129-pa-0.65-pb-0.35:61,bandit,61,5.392675057605601,4.826548204941399,1.5964912280701755,1.5964912280701755,0.0,0.0,-2.0,23.96055016035688
seed-12129-pa-0.65-pb-0.35,seed-12129-pa-0.65-pb-0.35:62,bandit,62,6.268149927917811,4.830683227411594,1.6206896551724137,1.6206896551724137,0.0,0.0,3.0,24.012522652339037
seed-12129-pa-0.65-pb-0.35,seed-12129-pa-0.65-pb-0.35:63,bandit,63,5.891034256080317,4.83461149875828,1.6440677966101696,1.6440677966101696,0.0,0.0,3.0,24.061896519722083
seed-12129-pa-0.65-pb-0.35,seed-12129-pa-0.65-pb-0.35:64,bandit,64,5.762509570276173,4.8383433565376315,1.6666666666666663,1.6666666666666663,0.0,0.0,3.0,24.108801693735977
seed-12129-pa-0.65-pb-0.35,seed-12129-pa-0.65-pb-0.35:65,bandit,65,6.137509570276173,4.841888621428015,1.6885245901639343,1.6885245901639343,0.0,0.0,3.0,24.153361609049178
seed-12129-pa-0.65-pb-0.35,seed-12129-pa-0.65-pb-0.35:66,bandit,66,6.012509570276173,4.84525662307388,1.7096774193548383,1.7096774193548383,0.0,0.0,3.0,24.195693528596717
seed-12129-pa-0.65-pb-0.35,seed-12129-pa-0.65-pb-0.35:67,bandit,67,5.889163456931506,4.8484562246374505,1.7301587301587302,1.7301587301587302,0.0,0.0,3.0,24.23590885216688
seed-12129-pa-0.65-pb-0.35,seed-12129-pa-0.65-pb-0.35:68,bandit,68,5.766034256080317,4.851495846122844,1.75,1.75,0.0,0.0,3.0,24.274113409558534
seed-12129-pa-0.65-pb-0.35,seed-12129-pa-0.65-pb-0.35:69,bandit,69,5.889163456931506,4.854383486533967,1.7692307692307692,1.7692307692307692,0.0,0.0,3.0,24.310407739080606
seed-12129-pa-0.65-pb-0.35,seed-12129-pa-0.65-pb-0.35:70,bandit,70,5.764163456931506,4.857126744924534,1.787878787878788,1.787878787878788,0.0,0.0,3.0,24.344887352126573
seed-12129-pa-0.65-pb-0.35,seed-12129-pa-0.65-pb-0.35:71,bandit,71,5.3199361996449746,4.859732840395572,1.7313432835820897,1.7313432835820897,0.0,0.0,-2.0,24.377642984520243
seed-12129-pa-0.65-pb-0.35,seed-12129-pa-0.65-pb-0.35:72,bandit,72,4.451413277982752,4.8622086310930595,1.676470588235294,1.676470588235294,0.0,0.0,-2.0,24.40876083529423
seed-12129-pa-0.65-pb-0.35,seed-12129-pa-0.65-pb-0.35:73,bandit,73,6.020541900901097,4.864560632255672,1.6956521739130437,1.6956521739130437,0.0,0.0,3.0,24.43832279352952
seed-12129-pa-0.65-pb-0.35,seed-12129-pa-0.65-pb-0.35:74,bandit,74,5.770541900901097,4.8667950333601535,1.7142857142857144,1.7142857142857144,0.0,0.0,3.0,24.466406653853042
seed-12129-pa-0.65-pb-0.35,seed-12129-pa-0.65-pb-0.35:75,bandit,75,5.766034256080317,4.8689177144094105,1.732394366197183,1.732394366197183,0.0,0.0,3.0,24.493086321160387
seed-12129-pa-0.65-pb-0.35,seed-12129-pa-0.65-pb-0.35:76,bandit,76,5.475206558916746,4.870934261406205,1.6805555555555554,1.6805555555555554,0.0,0.0,-2.0,24.518432005102365
seed-12129-pa-0.65-pb-0.35,seed-12129-pa-0.65-pb-0.35:77,bandit,77,6.018149927917811,4.872849981053161,1.6986301369863015,1.6986301369863015,0.0,0.0,3.0,24.542510404847246
seed-12129-pa-0.65-pb-0.35,seed-12129-pa-0.65-pb-0.35:78,bandit,78,5.17974463538566,4.874669914717768,1.648648648648649,1.648648648648649,0.0,0.0,-2.0,24.56538488460488
seed-12129-pa-0.65-pb-0.35,seed-12129-pa-0.65-pb-0.35:79,bandit,79,4.576413277982752,4.876398851699145,1.6,1.6,0.0,0.0,-2.0,24.587115640374638
seed-12129-pa-0.65-pb-0.35,seed-12129-pa-0.65-pb-0.35:80,bandit,80,5.891034256080317,4.878041341831453,1.6184210526315788,1.6184210526315788,0.0,0.0,3.0,24.607759858355905
seed-12129-pa-0.65-pb-0.35,seed-12129-pa-0.65-pb-0.35:81,bandit,81,5.641034256080317,4.879601707457145,1.6363636363636362,1.6363636363636362,0.0,0.0,3.0,24.627371865438107
seed-12129-pa-0.65-pb-0.35,seed-12129-pa-0.65-pb-0.35:82,bandit,82,5.512509570276173,4.881084054801554,1.6538461538461535,1.6538461538461535,0.0,0.0,3.0,24.6460032721662
seed-12129-pa-0.65-pb-0.35,seed-12129-pa-0.65-pb-0.35:83,bandit,83,5.512509570276173,4.882492284778741,1.6708860759493671,1.6708860759493671,0.0,0.0,3.0,24.66370310855789
seed-12129-pa-0.65-pb-0.35,seed-12129-pa-0.65-pb-0.35:84,bandit,84,5.511047744848593,4.883830103257069,1.6875,1.6875,0.0,0.0,3.0,24.680517953129993
seed-12129-pa-0.65-pb-0.35,seed-12129-pa-0.65-pb-0.35:85,bandit,85,5.29858735157374,4.885101030811481,1.6419753086419755,1.6419753086419755,0.0,0.0,-2.0,24.69649205547349
seed-12129-pa-0.65-pb-0.35,seed-12129-pa-0.65-pb-0.35:86,bandit,86,6.016034256080317,4.886308411988173,1.6585365853658538,1.6585365853658538,0.0,0.0,3.0,24.711667452699817
seed-12129-pa-0.65-pb-0.35,seed-12129-pa-0.65-pb-0.35:87,bandit,87,5.886047744848593,4.8874554241060295,1.6746987951807228,1.6746987951807228,0.0,0.0,3.0,24.726084080064826
seed-12129-pa-0.65-pb-0.35,seed-12129-pa-0.65-pb-0.35:88,bandit,88,5.3199361996449746,4.888545085617993,1.630952380952381,1.630952380952381,0.0,0.0,-2.0,24.739779876061583
seed-12129-pa-0.65-pb-0.35,seed-12129-pa-0.65-pb-0.35:89,bandit,89,6.014163456931506,4.889580264054359,1.6470588235294117,1.6470588235294117,0.0,0.0,3.0,24.752790882258502
seed-12129-pa-0.65-pb-0.35,seed-12129-pa-0.65-pb-0.35:90,bandit,90,5.887509570276173,4.890563683568907,1.6627906976744184,1.6627906976744184,0.0,0.0,3.0,24.765151338145575
seed-12129-pa-0.65-pb-0.35,seed-12129-pa-0.65-pb-0.35:91,bandit,91,5.884755911000223,4.891497932107726,1.6781609195402298,1.6781609195402298,0.0,0.0,3.0,24.776893771238296
seed-12129-pa-0.65-pb-0.35,seed-12129-pa-0.65-pb-0.35:92,bandit,92,5.42358735157374,4.892385468219605,1.6363636363636362,1.6363636363636362,0.0,0.0,-2.0,24.78804908267638
seed-12129-pa-0.65-pb-0.35,seed-12129-pa-0.65-pb-0.35:93,bandit,93,4.600206558916746,4.8932286275258905,1.595505617977528,1.595505617977528,0.0,0.0,-2.0,24.79864662854256
seed-12129-pa-0.65-pb-0.35,seed-12129-pa-0.65-pb-0.35:94,bandit,94,4.487822278771571,4.8940296288668605,1.5555555555555554,1.5555555555555554,0.0,0.0,-2.0,24.80871429711543
seed-12129-pa-0.65-pb-0.35,seed-12129-pa-0.65-pb-0.35:95,bandit,95,4.251928011042974,4.894790580140783,1.5164835164835164,1.5164835164835164,0.0,0.0,-2.0,24.818278582259655
seed-12129-pa-0.65-pb-0.35,seed-12129-pa-0.65-pb-0.35:96,bandit,96,6.014163456931506,4.895513483851009,1.5326086956521738,1.5326086956521738,0.0,0.0,3.0,24.82736465314667
seed-12129-pa-0.65-pb-0.35,seed-12129-pa-0.65-pb-0.35:97,bandit,97,5.889163456931506,4.896200242375724,1.5483870967741935,1.5483870967741935,0.0,0.0,3.0,24.835996420489337
seed-12129-pa-0.65-pb-0.35,seed-12129-pa-0.65-pb-0.35:98,bandit,98,5.637509570276173,4.8968526629742035,1.5638297872340423,1.5638297872340423,0.0,0.0,3.0,24.84419659946487
seed-12129-pa-0.65-pb-0.35,seed-12129-pa-0.65-pb-0.35:99,bandit,99,5.29858735157374,4.897472462542758,1.526315789473684,1.526315789473684,0.0,0.0,-2.0,24.851986769491624
seed-12143-pa-0.20-pb-0.35,seed-12143-pa-0.20-pb-0.35:0,bandit,0,4.203889734292549,2.9003144395248324,0.5,0.5,0.0,0.0,0.0,-0.25
seed-12143-pa-0.20-pb-0.35,seed-12143-pa-0.20-pb-0.35:1,bandit,1,3.849076984180108,2.8814185236428576,0.5,0.5,0.0,0.0,-2.0,-0.4875
seed-12143-pa-0.20-pb-0.35,seed-12143-pa-0.20-pb-0.35:2,bandit,2,1.2575990353171704,2.8634674035549814,0.5,0.5,0.0,0.0,-2.0,-0.713125
seed-12143-pa-0.20-pb-0.35,seed-12143-pa-0.20-pb-0.35:3,bandit,3,0.2731232641398406,2.8464138394714995,0.5,0.5,0.0,0.0,-2.0,-0.92746875
seed-12143-pa-0.20-pb-0.35,seed-12143-pa-0.20-pb-0.35:4,bandit,4,1.2240769841801082,2.830212953592191,-0.3333333333333332,-0.3333333333333332,0.0,0.0,-2.0,-1.1310953124999998
seed-12143-pa-0.20-pb-0.35,seed-12143-pa-0.20-pb-0.35:5,bandit,5,0.7731232641398407,2.8148221120068486,-0.75,-0.75,0.0,0.0,-2.0,-1.3245405468749998
seed-12146-pa-0.50-pb-0.50,seed-12146-pa-0.50-pb-0.50:0,bandit,0,4.203889734292549,2.9599857528363316,0.5,0.5,0.0,0.0,0.0,0.5
seed-12146-pa-0.50-pb-0.50,seed-12146-pa-0.50-pb-0.50:1,bandit,1,4.42870067827652,2.997777584600281,1.3333333333333337,1.3333333333333337,0.0,0.0,3.0,0.975
seed-12146-pa-0.50-pb-0.50,seed-12146-pa-0.50-pb-0.50:2,bandit,2,3.6368710061149017,3.033679824776033,0.5,0.5,0.0,0.0,-2.0,1.42625
seed-12146-pa-0.50-pb-0.50,seed-12146-pa-0.50-pb-0.50:3,bandit,3,4.71393946547494,3.0677869529429977,1.0,1.0,0.0,0.0,3.0,1.8549375
seed-12146-pa-0.50-pb-0.50,seed-12146-pa-0.50-pb-0.50:4,bandit,4,1.9754126516016477,3.100188724701614,0.5,0.5,0.0,0.0,-2.0,2.2621906249999997
seed-12146-pa-0.50-pb-0.50,seed-12146-pa-0.50-pb-0.50:5,bandit,5,1.7618710061149017,3.130970407872299,0.5,0.5,0.0,0.0,-2.0,2.6490810937499996
seed-12146-pa-0.50-pb-0.50,seed-12146-pa-0.50-pb-0.50:6,bandit,6,3.531150136248314,3.1602130068844505,0.5,0.5,0.0,0.0,3.0,3.0166270390624996
seed-12146-pa-0.50-pb-0.50,seed-12146-pa-0.50-pb-0.50:7,bandit,7,2.3825990353171704,3.1879934759459942,0.5,0.5,0.0,0.0,-2.0,3.3657956871093746
seed-12146-pa-0.50-pb-0.50,seed-12146-pa-0.50-pb-0.50:8,bandit,8,2.3981232641398407,3.2143849215544607,0.1428571428571428,0.1428571428571428,0.0,0.0,-2.0,3.697505902753906
seed-12146-pa-0.50-pb-0.50,seed-12146-pa-0.50-pb-0.50:9,bandit,9,2.1481232641398407,3.2394567948825035,0.1428571428571428,0.1428571428571428,0.0,0.0,-2.0,4.01263060761621
seed-12146-pa-0.50-pb-0.50,seed-12146-pa-0.50-pb-0.50:10,bandit,10,4.100412651601648,3.2632750745441443,0.5,0.5,0.0,0.0,3.0,4.3119990772353995
seed-12146-pa-0.50-pb-0.50,seed-12146-pa-0.50-pb-0.50:11,bandit,11,3.5681471805599436,3.2859024402227033,0.2222222222222223,0.2222222222222223,0.0,0.0,-2.0,4.596399123373629
seed-12146-pa-0.50-pb-0.50,seed-12146-pa-0.50-pb-0.50:12,bandit,12,4.862822278771571,3.3073984376173344,0.2222222222222223,0.2222222222222223,0.0,0.0,3.0,4.866579167204947
seed-12146-pa-0.50-pb-0.50,seed-12146-pa-0.50-pb-0.50:13,bandit,13,4.50759903531717,3.327819635142234,0.1428571428571428,0.1428571428571428,0.0,0.0,-2.0,5.1232502088447
seed-12146-pa-0.50-pb-0.50,seed-12146-pa-0.50-pb-0.50:14,bandit,14,5.33893946547494,3.347219772790888,0.5,0.5,0.0,0.0,3.0,5.367087698402465
seed-12146-pa-0.50-pb-0.50,seed-12146-pa-0.50-pb-0.50:15,bandit,15,4.568147180559944,3.36564990355711,0.5,0.5,0.0,0.0,-2.0,5.598733313482342
seed-12146-pa-0.50-pb-0.50,seed-12146-pa-0.50-pb-0.50:16,bandit,16,3.3181471805599436,3.3831585277850205,0.5,0.5,0.0,0.0,-2.0,5.818796647808225
seed-12146-pa-0.50-pb-0.50,seed-12146-pa-0.50-pb-0.50:17,bandit,17,3.700939419878843,3.399791720801536,0.2222222222222223,0.2222222222222223,0.0,0.0,-2.0,6.027856815417813
seed-12146-pa-0.50-pb-0.50,seed-12146-pa-0.50-pb-0.50:18,bandit,18,4.910224150438086,3.415593254167225,0.2222222222222223,0.2222222222222223,0.0,0.0,3.0,6.226463974646922
seed-12146-pa-0.50-pb-0.50,seed-12146-pa-0.50-pb-0.50:19,bandit,19,4.267675057605601,3.43060471086463,0.2222222222222223,0.2222222222222223,0.0,0.0,3.0,6.415140775914575
seed-12146-pa-0.50-pb-0.50,seed-12146-pa-0.50-pb-0.50:20,bandit,20,4.561967589003199,3.4448655947271645,0.3333333333333335,0.3333333333333335,0.0,0.0,3.0,6.5943837371188465
seed-12146-pa-0.50-pb-0.50,seed-12146-pa-0.50-pb-0.50:21,bandit,21,5.148123264139841,3.4584134343965722,0.2222222222222223,0.2222222222222223,0.0,0.0,-2.0,6.7646645502629035
seed-12146-pa-0.50-pb-0.50,seed-12146-pa-0.50-pb-0.50:22,bandit,22,4.648123264139841,3.47128388208251,0.1875,0.1875,0.0,0.0,-2.0,6.926431322749758
seed-12146-pa-0.50-pb-0.50,seed-12146-pa-0.50-pb-0.50:23,bandit,23,4.50759903531717,3.4835108073841505,0.0588235294117645,0.0588235294117645,0.0,0.0,-2.0,7.080109756612269
seed-12146-pa-0.50-pb-0.50,seed-12146-pa-0.50-pb-0.50:24,bandit,24,5.46393946547494,3.4951263864207087,0.2222222222222223,0.2222222222222223,0.0,0.0,3.0,7.226104268781655
seed-12146-pa-0.50-pb-0.50,seed-12146-pa-0.50-pb-0.50:25,bandit,25,4.96393946547494,3.5061611865054396,0.3684210526315787,0.3684210526315787,0.0,0.0,3.0,7.364799055342572
seed-12146-pa-0.50-pb-0.50,seed-12146-pa-0.50-pb-0.50:26,bandit,26,5.474076984180108,3.5166442465859338,0.25,0.25,0.0,0.0,-2.0,7.496559102575443
seed-12146-pa-0.50-pb-0.50,seed-12146-pa-0.50-pb-0.50:27,bandit,27,4.325939419878843,3.526603153662403,0.1428571428571428,0.1428571428571428,0.0,0.0,-2.0,7.6217311474466705
seed-12146-pa-0.50-pb-0.50,seed-12146-pa-0.50-pb-0.50:28,bandit,28,5.792999079229087,3.536064115385049,0.2727272727272729,0.2727272727272729,0.0,0.0,3.0,7.740644590074337
seed-12146-pa-0.50-pb-0.50,seed-12146-pa-0.50-pb-0.50:29,bandit,29,5.523123264139841,3.5450520290215626,0.2727272727272729,0.2727272727272729,0.0,0.0,-2.0,7.85361236057062
seed-12146-pa-0.50-pb-0.50,seed-12146-pa-0.50-pb-0.50:30,bandit,30,6.0380413716877825,3.5535905469762508,0.5,0.5,0.0,0.0,3.0,7.960931742542089
seed-12146-pa-0.50-pb-0.50,seed-12146-pa-0.50-pb-0.50:31,bandit,31,5.724076984180108,3.5617021390332044,0.5,0.5,0.0,0.0,-2.0,8.062885155414984
seed-12146-pa-0.50-pb-0.50,seed-12146-pa-0.50-pb-0.50:32,bandit,32,6.292999079229087,3.56940815148731,0.5,0.5,0.0,0.0,3.0,8.159740897644234
seed-12146-pa-0.50-pb-0.50,seed-12146-pa-0.50-pb-0.50:33,bandit,33,5.773123264139841,3.576728863318711,0.5,0.5,0.0,0.0,-2.0,8.251753852762022
seed-12146-pa-0.50-pb-0.50,seed-12146-pa-0.50-pb-0.50:34,bandit,34,6.292999079229087,3.583683539558541,0.6923076923076925,0.6923076923076925,0.0,0.0,3.0,8.33916616012392
seed-12146-pa-0.50-pb-0.50,seed-12146-pa-0.50-pb-0.50:35,bandit,35,6.151300195186874,3.59029048198638,0.6923076923076925,0.6923076923076925,0.0,0.0,3.0,8.422207852117722
seed-12146-pa-0.50-pb-0.50,seed-12146-pa-0.50-pb-0.50:36,bandit,36,5.895541900901097,3.5965670772928275,0.6923076923076925,0.6923076923076925,0.0,0.0,3.0,8.501097459511836
seed-12146-pa-0.50-pb-0.50,seed-12146-pa-0.50-pb-0.50:37,bandit,37,5.895541900901097,3.602529842833952,0.6923076923076925,0.6923076923076925,0.0,0.0,3.0,8.576042586536245
seed-12146-pa-0.50-pb-0.50,seed-12146-pa-0.50-pb-0.50:38,bandit,38,6.281150136248314,3.6081944700980206,0.6923076923076925,0.6923076923076925,0.0,0.0,-2.0,8.647240457209431
seed-12146-pa-0.50-pb-0.50,seed-12146-pa-0.50-pb-0.50:39,bandit,39,5.261871006114902,3.6135758659988855,0.5,0.5,0.0,0.0,-2.0,8.71487843434896
seed-12146-pa-0.50-pb-0.50,seed-12146-pa-0.50-pb-0.50:40,bandit,40,6.90864569998304,3.6186881921047074,0.5,0.5,0.0,0.0,3.0,8.779134512631511
seed-12146-pa-0.50-pb-0.50,seed-12146-pa-0.50-pb-0.50:41,bandit,41,6.28364569998304,3.6235449019052384,0.5,0.5,0.0,0.0,3.0,8.840177786999936
seed-12146-pa-0.50-pb-0.50,seed-12146-pa-0.50-pb-0.50:42,bandit,42,6.656150136248314,3.6281587762157423,0.5,0.5,0.0,0.0,-2.0,8.898168897649938
seed-12146-pa-0.50-pb-0.50,seed-12146-pa-0.50-pb-0.50:43,bandit,43,6.77975041827262,3.6325419568107216,0.5,0.5,0.0,0.0,3.0,8.953260452767442
seed-12146-pa-0.50-pb-0.50,seed-12146-pa-0.50-pb-0.50:44,bandit,44,6.520541900901097,3.6367059783759514,0.5,0.5,0.0,0.0,3.0,9.005597430129068
seed-12146-pa-0.50-pb-0.50,seed-12146-pa-0.50-pb-0.50:45,bandit,45,6.514163456931506,3.64066179886292,0.5714285714285716,0.5714285714285716,0.0,0.0,3.0,9.055317558622614
seed-12146-pa-0.50-pb-0.50,seed-12146-pa-0.50-pb-0.50:46,bandit,46,6.391034256080317,3.64441982832554,0.6388888888888888,0.6388888888888888,0.0,0.0,3.0,9.102551680691482
seed-12146-pa-0.50-pb-0.50,seed-12146-pa-0.50-pb-0.50:47,bandit,47,5.951413277982752,3.647989956315029,0.5675675675675675,0.5675675675675675,0.0,0.0,-2.0,9.147424096656907
seed-12146-pa-0.50-pb-0.50,seed-12146-pa-0.50-pb-0.50:48,bandit,48,6.523245464372426,3.6513815779050436,0.6315789473684212,0.6315789473684212,0.0,0.0,3.0,9.190052891824061
seed-12146-pa-0.50-pb-0.50,seed-12146-pa-0.50-pb-0.50:49,bandit,49,6.0984445810050545,3.6546036184155577,0.5641025641025643,0.5641025641025643,0.0,0.0,-2.0,9.230550247232857
seed-12146-pa-0.50-pb-0.50,seed-12146-pa-0.50-pb-0.50:50,bandit,50,5.188261687518224,3.6576645569005457,0.5641025641025643,0.5641025641025643,0.0,0.0,-2.0,9.269022734871214
seed-12146-pa-0.50-pb-0.50,seed-12146-pa-0.50-pb-0.50:51,bandit,51,5.5984445810050545,3.6605724484612847,0.5,0.5,0.0,0.0,-2.0,9.305571598127653
seed-12146-pa-0.50-pb-0.50,seed-12146-pa-0.50-pb-0.50:52,bandit,52,6.776300195186874,3.6633349454439865,0.5609756097560976,0.5609756097560976,0.0,0.0,3.0,9.340293018221269
seed-12146-pa-0.50-pb-0.50,seed-12146-pa-0.50-pb-0.50:53,bandit,53,6.261871006114902,3.665959317577553,0.5,0.5,0.0,0.0,-2.0,9.373278367310204
seed-12146-pa-0.50-pb-0.50,seed-12146-pa-0.50-pb-0.50:54,bandit,54,5.5984445810050545,3.6684524711044415,0.4418604651162789,0.4418604651162789,0.0,0.0,-2.0,9.404614448944693
seed-12146-pa-0.50-pb-0.50,seed-12146-pa-0.50-pb-0.50:55,bandit,55,6.53364569998304,3.6708209669549854,0.5,0.5,0.0,0.0,3.0,9.434383726497458
seed-12146-pa-0.50-pb-0.50,seed-12146-pa-0.50-pb-0.50:56,bandit,56,6.148245464372426,3.6730710380130023,0.5555555555555554,0.5555555555555554,0.0,0.0,3.0,9.462664540172584
seed-12146-pa-0.50-pb-0.50,seed-12146-pa-0.50-pb-0.50:57,bandit,57,6.376928011042974,3.6752086055181183,0.5,0.5,0.0,0.0,-2.0,9.489531313163955
seed-12146-pa-0.50-pb-0.50,seed-12146-pa-0.50-pb-0.50:58,bandit,58,6.768149927917811,3.6772392946479786,0.5531914893617023,0.5531914893617023,0.0,0.0,3.0,9.515054747505756
seed-12146-pa-0.50-pb-0.50,seed-12146-pa-0.50-pb-0.50:59,bandit,59,6.475412651601648,3.6791684493213457,0.5,0.5,0.0,0.0,-2.0,9.539302010130468
seed-12146-pa-0.50-pb-0.50,seed-12146-pa-0.50-pb-0.50:60,bandit,60,6.768149927917811,3.6810011462610444,0.5510204081632653,0.5510204081632653,0.0,0.0,3.0,9.562336909623944
seed-12146-pa-0.50-pb-0.50,seed-12146-pa-0.50-pb-0.50:61,bandit,61,7.008614483762177,3.6827422083537584,0.6000000000000001,0.6000000000000001,0.0,0.0,3.0,9.584220064142746
seed-12146-pa-0.50-pb-0.50,seed-12146-pa-0.50-pb-0.50:62,bandit,62,6.79858735157374,3.6843962173418365,0.6000000000000001,0.6000000000000001,0.0,0.0,3.0,9.60500906093561
seed-12146-pa-0.50-pb-0.50,seed-12146-pa-0.50-pb-0.50:63,bandit,63,6.516034256080317,3.685967525880511,0.6470588235294117,0.6470588235294117,0.0,0.0,3.0,9.624758607888829
seed-12146-pa-0.50-pb-0.50,seed-12146-pa-0.50-pb-0.50:64,bandit,64,6.6949361996449746,3.6874602689922513,0.5961538461538463,0.5961538461538463,0.0,0.0,-2.0,9.643520677494386
seed-12146-pa-0.50-pb-0.50,seed-12146-pa-0.50-pb-0.50:65,bandit,65,6.160224150438086,3.688878374948405,0.5471698113207548,0.5471698113207548,0.0,0.0,-2.0,9.661344643619667
seed-12146-pa-0.50-pb-0.50,seed-12146-pa-0.50-pb-0.50:66,bandit,66,5.892675057605601,3.6902255756067506,0.5,0.5,0.0,0.0,-2.0,9.678277411438684
seed-12146-pa-0.50-pb-0.50,seed-12146-pa-0.50-pb-0.50:67,bandit,67,5.517675057605601,3.691505416232179,0.5,0.5,0.0,0.0,-2.0,9.69436354086675
seed-12146-pa-0.50-pb-0.50,seed-12146-pa-0.50-pb-0.50:68,bandit,68,5.362822278771571,3.6927212648263366,0.5,0.5,0.0,0.0,-2.0,9.709645363823412
seed-12146-pa-0.50-pb-0.50,seed-12146-pa-0.50-pb-0.50:69,bandit,69,6.78364569998304,3.693876320990786,0.5,0.5,0.0,0.0,3.0,9.72416309563224
seed-12146-pa-0.50-pb-0.50,seed-12146-pa-0.50-pb-0.50:70,bandit,70,6.251928011042974,3.6949736243470124,0.5,0.5,0.0,0.0,-2.0,9.737954940850628
seed-12146-pa-0.50-pb-0.50,seed-12146-pa-0.50-pb-0.50:71,bandit,71,5.626928011042974,3.696016062535428,0.5,0.5,0.0,0.0,-2.0,9.751057193808096
seed-12146-pa-0.50-pb-0.50,seed-12146-pa-0.50-pb-0.50:72,bandit,72,6.773245464372426,3.697006378814423,0.5,0.5,0.0,0.0,3.0,9.763504334117691
seed-12146-pa-0.50-pb-0.50,seed-12146-pa-0.50-pb-0.50:73,bandit,73,6.40475041827262,3.697947179279468,0.5,0.5,0.0,0.0,3.0,9.775329117411806
seed-12146-pa-0.50-pb-0.50,seed-12146-pa-0.50-pb-0.50:74,bandit,74,6.311967589003199,3.6988409397212605,0.5,0.5,0.0,0.0,-2.0,9.786562661541215
seed-12146-pa-0.50-pb-0.50,seed-12146-pa-0.50-pb-0.50:75,bandit,75,6.895541900901097,3.6996900121409633,0.5,0.5,0.0,0.0,3.0,9.797234528464154
seed-12146-pa-0.50-pb-0.50,seed-12146-pa-0.50-pb-0.50:76,bandit,76,6.33893946547494,3.7004966309396816,0.5,0.5,0.0,0.0,-2.0,9.807372802040947
seed-12146-pa-0.50-pb-0.50,seed-12146-pa-0.50-pb-0.50:77,bandit,77,6.770541900901097,3.7012629187984634,0.5,0.5,0.0,0.0,3.0,9.817004161938899
seed-12146-pa-0.50-pb-0.50,seed-12146-pa-0.50-pb-0.50:78,bandit,78,6.203889734292549,3.7019908922643063,0.5,0.5,0.0,0.0,-2.0,9.826153953841953
seed-12146-pa-0.50-pb-0.50,seed-12146-pa-0.50-pb-0.50:79,bandit,79,5.46393946547494,3.702682467056857,0.5,0.5,0.0,0.0,-2.0,9.834846256149854
seed-12146-pa-0.50-pb-0.50,seed-12146-pa-0.50-pb-0.50:80,bandit,80,5.186967589003199,3.7033394631097805,0.5,0.5,0.0,0.0,-2.0,9.843103943342362
seed-12146-pa-0.50-pb-0.50,seed-12146-pa-0.50-pb-0.50:81,bandit,81,6.035224150438086,3.7039636093600574,0.3529411764705883,0.3529411764705883,0.0,0.0,-2.0,9.850948746175243
seed-12146-pa-0.50-pb-0.50,seed-12146-pa-0.50-pb-0.50:82,bandit,82,5.9449361996449746,3.7045565482978207,0.3529411764705883,0.3529411764705883,0.0,0.0,-2.0,9.858401308866481
seed-12146-pa-0.50-pb-0.50,seed-12146-pa-0.50-pb-0.50:83,bandit,83,6.776300195186874,3.705119840288696,0.3571428571428572,0.3571428571428572,0.0,0.0,3.0,9.865481243423156
seed-12146-pa-0.50-pb-0.50,seed-12146-pa-0.50-pb-0.50:84,bandit,84,6.4449361996449746,3.7056549676800272,0.3529411764705883,0.3529411764705883,0.0,0.0,-2.0,9.872207181251998
seed-12146-pa-0.50-pb-0.50,seed-12146-pa-0.50-pb-0.50:85,bandit,85,6.645541900901097,3.7061633387017916,0.3611111111111111,0.3611111111111111,0.0,0.0,3.0,9.878596822189397
seed-12146-pa-0.50-pb-0.50,seed-12146-pa-0.50-pb-0.50:86,bandit,86,6.1949361996449746,3.7066462911724685,0.3529411764705883,0.3529411764705883,0.0,0.0,-2.0,9.884666981079928
seed-12146-pa-0.50-pb-0.50,seed-12146-pa-0.50-pb-0.50:87,bandit,87,5.953889734292549,3.707105096019611,0.3529411764705883,0.3529411764705883,0.0,0.0,-2.0,9.89043363202593
seed-12146-pa-0.50-pb-0.50,seed-12146-pa-0.50-pb-0.50:88,bandit,88,5.58893946547494,3.7075409606243963,0.3529411764705883,0.3529411764705883,0.0,0.0,-2.0,9.895911950424633
seed-12146-pa-0.50-pb-0.50,seed-12146-pa-0.50-pb-0.50:89,bandit,89,5.561967589003199,3.7079550319989427,0.3529411764705883,0.3529411764705883,0.0,0.0,-2.0,9.9011163529034
seed-12146-pa-0.50-pb-0.50,seed-12146-pa-0.50-pb-0.50:90,bandit,90,5.203889734292549,3.7083483998047617,0.3529411764705883,0.3529411764705883,0.0,0.0,-2.0,9.90606053525823
seed-12146-pa-0.50-pb-0.50,seed-12146-pa-0.50-pb-0.50:91,bandit,91,5.078889734292549,3.7087220992202896,0.3529411764705883,0.3529411764705883,0.0,0.0,-2.0,9.910757508495319
seed-12146-pa-0.50-pb-0.50,seed-12146-pa-0.50-pb-0.50:92,bandit,92,5.186967589003199,3.7090771136650416,0.3529411764705883,0.3529411764705883,0.0,0.0,-2.0,9.915219633070553
seed-12146-pa-0.50-pb-0.50,seed-12146-pa-0.50-pb-0.50:93,bandit,93,5.96393946547494,3.709414377387555,0.2222222222222223,0.2222222222222223,0.0,0.0,-2.0,9.919458651417024
seed-12146-pa-0.50-pb-0.50,seed-12146-pa-0.50-pb-0.50:94,bandit,94,5.804882179158078,3.7097347779239436,0.2222222222222223,0.2222222222222223,0.0,0.0,-2.0,9.923485718846173
seed-12146-pa-0.50-pb-0.50,seed-12146-pa-0.50-pb-0.50:95,bandit,95,5.561967589003199,3.7100391584335126,0.2222222222222223,0.2222222222222223,0.0,0.0,-2.0,9.927311432903863
seed-12146-pa-0.50-pb-0.50,seed-12146-pa-0.50-pb-0.50:96,bandit,96,5.725206558916746,3.710328319917603,0.1052631578947367,0.1052631578947367,0.0,0.0,-2.0,9.93094586125867
seed-12146-pa-0.50-pb-0.50,seed-12146-pa-0.50-pb-0.50:97,bandit,97,5.811967589003199,3.710603023327489,0.1052631578947367,0.1052631578947367,0.0,0.0,-2.0,9.934398568195736
seed-12146-pa-0.50-pb-0.50,seed-12146-pa-0.50-pb-0.50:98,bandit,98,5.6949361996449746,3.710863991566881,0.1052631578947367,0.1052631578947367,0.0,0.0,-2.0,9.937678639785949
seed-12146-pa-0.50-pb-0.50,seed-12146-pa-0.50-pb-0.50:99,bandit,99,6.276300195186874,3.7111119113943025,0.1052631578947367,0.1052631578947367,0.0,0.0,3.0,9.94079470779665
seed-12148-pa-0.65-pb-0.65,seed-12148-pa-0.65-pb-0.65:0,bandit,0,4.203889734292549,3.019657066147831,0.5,0.5,0.0,0.0,0.0,1.25
seed-12148-pa-0.65-pb-0.65,seed-12148-pa-0.65-pb-0.65:1,bandit,1,3.849076984180108,3.114136645557705,0.5,0.5,0.0,0.0,-2.0,2.4375
seed-12148-pa-0.65-pb-0.65,seed-12148-pa-0.65-pb-0.65:2,bandit,2,1.2575990353171704,3.2038922459970847,0.5,0.5,0.0,0.0,-2.0,3.565625
seed-12150-pa-0.50-pb-0.35,seed-12150-pa-0.50-pb-0.35:0,bandit,0,4.203889734292549,2.9599857528363316,0.5,0.5,0.0,0.0,0.0,0.5
seed-12150-pa-0.50-pb-0.35,seed-12150-pa-0.50-pb-0.35:1,bandit,1,4.42870067827652,2.997777584600281,1.3333333333333337,1.3333333333333337,0.0,0.0,3.0,0.975
seed-12150-pa-0.50-pb-0.35,seed-12150-pa-0.50-pb-0.35:2,bandit,2,2.501928011042974,3.033679824776033,1.3333333333333337,1.3333333333333337,0.0,0.0,-2.0,1.42625
seed-12150-pa-0.50-pb-0.35,seed-12150-pa-0.50-pb-0.35:3,bandit,3,1.2254126516016477,3.0677869529429977,0.5,0.5,0.0,0.0,-2.0,1.8549375
seed-12153-pa-0.35-pb-0.65,seed-12153-pa-0.35-pb-0.65:0,bandit,0,4.203889734292549,3.019657066147831,0.5,0.5,0.0,0.0,0.0,1.25
seed-12153-pa-0.35-pb-0.65,seed-12153-pa-0.35-pb-0.65:1,bandit,1,3.849076984180108,3.114136645557705,0.5,0.5,0.0,0.0,-2.0,2.4375
seed-12153-pa-0.35-pb-0.65,seed-12153-pa-0.35-pb-0.65:2,bandit,2,1.2575990353171704,3.2038922459970847,0.5,0.5,0.0,0.0,-2.0,3.565625
seed-12163-pa-0.35-pb-0.35,seed-12163-pa-0.35-pb-0.35:0,bandit,0,4.203889734292549,2.9003144395248324,0.5,0.5,0.0,0.0,0.0,-0.25
seed-12163-pa-0.35-pb-0.35,seed-12163-pa-0.35-pb-0.35:1,bandit,1,4.42870067827652,2.8814185236428576,1.3333333333333337,1.3333333333333337,0.0,0.0,3.0,-0.4875
seed-12163-pa-0.35-pb-0.35,seed-12163-pa-0.35-pb-0.35:2,bandit,2,2.501928011042974,2.8634674035549814,1.3333333333333337,1.3333333333333337,0.0,0.0,-2.0,-0.713125
seed-12163-pa-0.35-pb-0.35,seed-12163-pa-0.35-pb-0.35:3,bandit,3,2.6368710061149017,2.8464138394714995,1.75,1.75,0.0,0.0,3.0,-0.92746875
seed-12163-pa-0.35-pb-0.35,seed-12163-pa-0.35-pb-0.35:4,bandit,4,2.2575990353171704,2.830212953592191,2.0,2.0,0.0,0.0,3.0,-1.1310953124999998
seed-12163-pa-0.35-pb-0.35,seed-12163-pa-0.35-pb-0.35:5,bandit,5,2.031150136248314,2.8148221120068486,2.0,2.0,0.0,0.0,-2.0,-1.3245405468749998
seed-12163-pa-0.35-pb-0.35,seed-12163-pa-0.35-pb-0.35:6,bandit,6,2.0019290813453736,2.8002008125007727,1.3333333333333337,1.3333333333333337,0.0,0.0,-2.0,-1.5083135195312498
seed-12163-pa-0.35-pb-0.35,seed-12163-pa-0.35-pb-0.35:7,bandit,7,1.3484445810050545,2.786310577970001,1.3333333333333337,1.3333333333333337,0.0,0.0,-2.0,-1.6828978435546873
seed-12172-pa-0.35-pb-0.20,seed-12172-pa-0.35-pb-0.20:0,bandit,0,4.203889734292549,2.9003144395248324,0.5,0.5,0.0,0.0,0.0,-0.25
seed-12172-pa-0.35-pb-0.20,seed-12172-pa-0.35-pb-0.20:1,bandit,1,3.849076984180108,2.8814185236428576,0.5,0.5,0.0,0.0,-2.0,-0.4875
seed-12172-pa-0.35-pb-0.20,seed-12172-pa-0.35-pb-0.20:2,bandit,2,1.2575990353171704,2.8634674035549814,0.5,0.5,0.0,0.0,-2.0,-0.713125
seed-12186-pa-0.65-pb-0.20,seed-12186-pa-0.65-pb-0.20:0,bandit,0,4.203889734292549,3.019657066147831,0.5,0.5,0.0,0.0,0.0,1.25
seed-12186-pa-0.65-pb-0.20,seed-12186-pa-0.65-pb-0.20:1,bandit,1,4.42870067827652,3.114136645557705,1.3333333333333337,1.3333333333333337,0.0,0.0,3.0,2.4375
seed-12186-pa-0.65-pb-0.20,seed-12186-pa-0.65-pb-0.20:2,bandit,2,3.201413277982752,3.2038922459970847,1.75,1.75,0.0,0.0,3.0,3.565625
seed-12186-pa-0.65-pb-0.20,seed-12186-pa-0.65-pb-0.20:3,bandit,3,3.4878222787715707,3.289160066414496,2.0,2.0,0.0,0.0,3.0,4.637343749999999
seed-12186-pa-0.65-pb-0.20,seed-12186-pa-0.65-pb-0.20:4,bandit,4,2.1602241504380864,3.3701644958110366,2.166666666666667,2.166666666666667,0.0,0.0,3.0,5.6554765625
seed-12186-pa-0.65-pb-0.20,seed-12186-pa-0.65-pb-0.20:5,bandit,5,2.517675057605601,3.4471187037377504,2.2857142857142856,2.2857142857142856,0.0,0.0,3.0,6.622702734374999
seed-12186-pa-0.65-pb-0.20,seed-12186-pa-0.65-pb-0.20:6,bandit,6,2.6269290813453736,3.5202252012681283,1.75,1.75,0.0,0.0,-2.0,7.5415675976562495
seed-12186-pa-0.65-pb-0.20,seed-12186-pa-0.65-pb-0.20:7,bandit,7,4.054882179158078,3.589676373921987,1.8888888888888888,1.8888888888888888,0.0,0.0,3.0,8.414489217773436
seed-12186-pa-0.65-pb-0.20,seed-12186-pa-0.65-pb-0.20:8,bandit,8,4.04858735157374,3.6556549879431532,2.0,2.0,0.0,0.0,3.0,9.243764756884765
seed-12186-pa-0.65-pb-0.20,seed-12186-pa-0.65-pb-0.20:9,bandit,9,2.2575990353171704,3.718334671263261,2.0,2.0,0.0,0.0,-2.0,10.031576519040527
seed-12186-pa-0.65-pb-0.20,seed-12186-pa-0.65-pb-0.20:10,bandit,10,4.075939419878843,3.7778803704173636,2.0,2.0,0.0,0.0,3.0,10.7799976930885
seed-12188-pa-0.35-pb-0.20,seed-12188-pa-0.35-pb-0.20:0,bandit,0,4.203889734292549,2.9003144395248324,0.5,0.5,0.0,0.0,0.0,-0.25
seed-12188-pa-0.35-pb-0.20,seed-12188-pa-0.35-pb-0.20:1,bandit,1,3.849076984180108,2.8814185236428576,0.5,0.5,0.0,0.0,-2.0,-0.4875
seed-12188-pa-0.35-pb-0.20,seed-12188-pa-0.35-pb-0.20:2,bandit,2,2.71393946547494,2.8634674035549814,1.3333333333333337,1.3333333333333337,0.0,0.0,3.0,-0.713125
seed-12190-pa-0.65-pb-0.50,seed-12190-pa-0.65-pb-0.50:0,bandit,0,4.203889734292549,3.019657066147831,0.5,0.5,0.0,0.0,0.0,1.25
seed-12190-pa-0.65-pb-0.50,seed-12190-pa-0.65-pb-0.50:1,bandit,1,4.42870067827652,3.114136645557705,1.3333333333333337,1.3333333333333337,0.0,0.0,3.0,2.4375
seed-12190-pa-0.65-pb-0.50,seed-12190-pa-0.65-pb-0.50:2,bandit,2,3.201413277982752,3.2038922459970847,1.75,1.75,0.0,0.0,3.0,3.565625
seed-12194-pa-0.50-pb-0.50,seed-12194-pa-0.50-pb-0.50:0,bandit,0,4.203889734292549,2.9599857528363316,0.5,0.5,0.0,0.0,0.0,0.5
seed-12194-pa-0.50-pb-0.50,seed-12194-pa-0.50-pb-0.50:1,bandit,1,4.42870067827652,2.997777584600281,1.3333333333333337,1.3333333333333337,0.0,0.0,3.0,0.975
seed-12194-pa-0.50-pb-0.50,seed-12194-pa-0.50-pb-0.50:2,bandit,2,2.501928011042974,3.033679824776033,1.3333333333333337,1.3333333333333337,0.0,0.0,-2.0,1.42625
seed-12194-pa-0.50-pb-0.50,seed-12194-pa-0.50-pb-0.50:3,bandit,3,1.2254126516016477,3.0677869529429977,0.5,0.5,0.0,0.0,-2.0,1.8549375
seed-12194-pa-0.50-pb-0.50,seed-12194-pa-0.50-pb-0.50:4,bandit,4,0.1004126516016477,3.100188724701614,0.5,0.5,0.0,0.0,-2.0,2.2621906249999997
seed-12194-pa-0.50-pb-0.50,seed-12194-pa-0.50-pb-0.50:5,bandit,5,2.1368710061149017,3.130970407872299,0.5,0.5,0.0,0.0,3.0,2.6490810937499996
seed-12194-pa-0.50-pb-0.50,seed-12194-pa-0.50-pb-0.50:6,bandit,6,1.5311501362483142,3.1602130068844505,0.0,0.0,0.0,0.0,-2.0,3.0166270390624996
seed-12194-pa-0.50-pb-0.50,seed-12194-pa-0.50-pb-0.50:7,bandit,7,2.1325990353171704,3.1879934759459942,0.5,0.5,0.0,0.0,3.0,3.3657956871093746
seed-12194-pa-0.50-pb-0.50,seed-12194-pa-0.50-pb-0.50:8,bandit,8,1.8259394198788428,3.2143849215544607,0.8571428571428572,0.8571428571428572,0.0,0.0,3.0,3.697505902753906
seed-12194-pa-0.50-pb-0.50,seed-12194-pa-0.50-pb-0.50:9,bandit,9,2.0231232641398407,3.2394567948825035,1.125,1.125,0.0,0.0,3.0,4.01263060761621
seed-12194-pa-0.50-pb-0.50,seed-12194-pa-0.50-pb-0.50:10,bandit,10,2.3484445810050545,3.2632750745441443,1.3333333333333337,1.3333333333333337,0.0,0.0,3.0,4.3119990772353995
seed-12194-pa-0.50-pb-0.50,seed-12194-pa-0.50-pb-0.50:11,bandit,11,1.898123264139841,3.2859024402227033,1.0,1.0,0.0,0.0,-2.0,4.596399123373629
seed-12194-pa-0.50-pb-0.50,seed-12194-pa-0.50-pb-0.50:12,bandit,12,4.017675057605601,3.3073984376173344,1.0,1.0,0.0,0.0,3.0,4.866579167204947
seed-12194-pa-0.50-pb-0.50,seed-12194-pa-0.50-pb-0.50:13,bandit,13,2.849076984180108,3.327819635142234,0.7272727272727271,0.7272727272727271,0.0,0.0,-2.0,5.1232502088447
seed-12199-pa-0.50-pb-0.65,seed-12199-pa-0.50-pb-0.65:0,bandit,0,4.203889734292549,3.019657066147831,0.5,0.5,0.0,0.0,0.0,1.25
seed-12199-pa-0.50-pb-0.65,seed-12199-pa-0.50-pb-0.65:1,bandit,1,4.42870067827652,3.114136645557705,1.3333333333333337,1.3333333333333337,0.0,0.0,3.0,2.4375
seed-12199-pa-0.50-pb-0.65,seed-12199-pa-0.50-pb-0.65:2,bandit,2,3.6368710061149017,3.2038922459970847,0.5,0.5,0.0,0.0,-2.0,3.565625
seed-12199-pa-0.50-pb-0.65,seed-12199-pa-0.50-pb-0.65:3,bandit,3,4.71393946547494,3.289160066414496,1.0,1.0,0.0,0.0,3.0,4.637343749999999
seed-12199-pa-0.50-pb-0.65,seed-12199-pa-0.50-pb-0.65:4,bandit,4,3.8288897342925488,3.3701644958110366,1.3333333333333337,1.3333333333333337,0.0,0.0,3.0,5.6554765625
seed-12199-pa-0.50-pb-0.65,seed-12199-pa-0.50-pb-0.65:5,bandit,5,2.9102241504380864,3.4471187037377504,0.8571428571428572,0.8571428571428572,0.0,0.0,-2.0,6.622702734374999
seed-12199-pa-0.50-pb-0.65,seed-12199-pa-0.50-pb-0.65:6,bandit,6,1.6561501362483142,3.5202252012681283,0.5,0.5,0.0,0.0,-2.0,7.5415675976562495
seed-12207-pa-0.20-pb-0.35,seed-12207-pa-0.20-pb-0.35:0,bandit,0,4.203889734292549,2.9003144395248324,0.5,0.5,0.0,0.0,0.0,-0.25
seed-12207-pa-0.20-pb-0.35,seed-12207-pa-0.20-pb-0.35:1,bandit,1,3.849076984180108,2.8814185236428576,0.5,0.5,0.0,0.0,-2.0,-0.4875
seed-12207-pa-0.20-pb-0.35,seed-12207-pa-0.20-pb-0.35:2,bandit,2,2.71393946547494,2.8634674035549814,1.3333333333333337,1.3333333333333337,0.0,0.0,3.0,-0.713125
seed-12207-pa-0.20-pb-0.35,seed-12207-pa-0.20-pb-0.35:3,bandit,3,1.826413277982752,2.8464138394714995,1.3333333333333337,1.3333333333333337,0.0,0.0,-2.0,-0.92746875
seed-12207-pa-0.20-pb-0.35,seed-12207-pa-0.20-pb-0.35:4,bandit,4,0.1787006782765203,2.830212953592191,0.5,0.5,0.0,0.0,-2.0,-1.1310953124999998
seed-12213-pa-0.50-pb-0.20,seed-12213-pa-0.50-pb-0.20:0,bandit,0,4.203889734292549,2.9599857528363316,0.5,0.5,0.0,0.0,0.0,0.5
seed-12213-pa-0.50-pb-0.20,seed-12213-pa-0.50-pb-0.20:1,bandit,1,4.42870067827652,2.997777584600281,1.3333333333333337,1.3333333333333337,0.0,0.0,3.0,0.975
seed-12213-pa-0.50-pb-0.20,seed-12213-pa-0.50-pb-0.20:2,bandit,2,0.951413277982752,3.033679824776033,1.3333333333333337,1.3333333333333337,0.0,0.0,3.0,1.42625
seed-12213-pa-0.50-pb-0.20,seed-12213-pa-0.50-pb-0.20:3,bandit,3,2.6325990353171704,3.0677869529429977,1.3333333333333337,1.3333333333333337,0.0,0.0,-2.0,1.8549375
seed-12213-pa-0.50-pb-0.20,seed-12213-pa-0.50-pb-0.20:4,bandit,4,2.6368710061149017,3.100188724701614,1.75,1.75,0.0,0.0,3.0,2.2621906249999997
seed-12213-pa-0.50-pb-0.20,seed-12213-pa-0.50-pb-0.20:5,bandit,5,1.6882616875182244,3.130970407872299,1.0,1.0,0.0,0.0,-2.0,2.6490810937499996
seed-12220-pa-0.35-pb-0.20,seed-12220-pa-0.35-pb-0.20:0,bandit,0,4.203889734292549,2.9003144395248324,0.5,0.5,0.0,0.0,0.0,-0.25
seed-12220-pa-0.35-pb-0.20,seed-12220-pa-0.35-pb-0.20:1,bandit,1,3.849076984180108,2.8814185236428576,0.5,0.5,0.0,0.0,-2.0,-0.4875
seed-12220-pa-0.35-pb-0.20,seed-12220-pa-0.35-pb-0.20:2,bandit,2,1.2575990353171704,2.8634674035549814,0.5,0.5,0.0,0.0,-2.0,-0.713125
seed-12220-pa-0.35-pb-0.20,seed-12220-pa-0.35-pb-0.20:3,bandit,3,3.017675057605601,2.8464138394714995,1.3333333333333337,1.3333333333333337,0.0,0.0,3.0,-0.92746875
seed-12220-pa-0.35-pb-0.20,seed-12220-pa-0.35-pb-0.20:4,bandit,4,1.5984445810050545,2.830212953592191,1.3333333333333337,1.3333333333333337,0.0,0.0,-2.0,-1.1310953124999998
seed-12220-pa-0.35-pb-0.20,seed-12220-pa-0.35-pb-0.20:5,bandit,5,3.075939419878843,2.8148221120068486,1.3333333333333337,1.3333333333333337,0.0,0.0,3.0,-1.3245405468749998
seed-12220-pa-0.35-pb-0.20,seed-12220-pa-0.35-pb-0.20:6,bandit,6,1.8037006782765204,2.8002008125007727,0.5,0.5,0.0,0.0,-2.0,-1.5083135195312498
seed-12220-pa-0.35-pb-0.20,seed-12220-pa-0.35-pb-0.20:7,bandit,7,0.9734445810050544,2.786310577970001,0.0,0.0,0.0,0.0,-2.0,-1.6828978435546873
seed-12220-pa-0.35-pb-0.20,seed-12220-pa-0.35-pb-0.20:8,bandit,8,0.8132616875182244,2.7731148551657676,0.0,0.0,0.0,0.0,-2.0,-1.848752951376953
seed-12220-pa-0.35-pb-0.20,seed-12220-pa-0.35-pb-0.20:9,bandit,9,2.7519290813453736,2.7605789185017464,0.5,0.5,0.0,0.0,3.0,-2.006315303808105
seed-12220-pa-0.35-pb-0.20,seed-12220-pa-0.35-pb-0.20:10,bandit,10,2.825939419878843,2.7486697786709255,0.5,0.5,0.0,0.0,3.0,-2.1559995386176998
seed-12220-pa-0.35-pb-0.20,seed-12220-pa-0.35-pb-0.20:11,bandit,11,2.8037006782765204,2.7373560958316463,0.1428571428571428,0.1428571428571428,0.0,0.0,-2.0,-2.2981995616868147
seed-12220-pa-0.35-pb-0.20,seed-12220-pa-0.35-pb-0.20:12,bandit,12,3.693147180559944,2.726608097134331,0.2222222222222223,0.2222222222222223,0.0,0.0,3.0,-2.4332895836024737
seed-12220-pa-0.35-pb-0.20,seed-12220-pa-0.35-pb-0.20:13,bandit,13,3.0019290813453736,2.7163974983718813,0.1428571428571428,0.1428571428571428,0.0,0.0,-2.0,-2.56162510442235
seed-12226-pa-0.50-pb-0.50,seed-12226-pa-0.50-pb-0.50:0,bandit,0,4.203889734292549,2.9599857528363316,0.5,0.5,0.0,0.0,0.0,0.5
seed-12226-pa-0.50-pb-0.50,seed-12226-pa-0.50-pb-0.50:1,bandit,1,3.849076984180108,2.997777584600281,0.5,0.5,0.0,0.0,-2.0,0.975
seed-12226-pa-0.50-pb-0.50,seed-12226-pa-0.50-pb-0.50:2,bandit,2,2.71393946547494,3.033679824776033,1.3333333333333337,1.3333333333333337,0.0,0.0,3.0,1.42625
seed-12226-pa-0.50-pb-0.50,seed-12226-pa-0.50-pb-0.50:3,bandit,3,1.826413277982752,3.0677869529429977,1.3333333333333337,1.3333333333333337,0.0,0.0,-2.0,1.8549375
seed-12226-pa-0.50-pb-0.50,seed-12226-pa-0.50-pb-0.50:4,bandit,4,2.626928011042974,3.100188724701614,1.75,1.75,0.0,0.0,3.0,2.2621906249999997
seed-12226-pa-0.50-pb-0.50,seed-12226-pa-0.50-pb-0.50:5,bandit,5,2.201413277982752,3.130970407872299,1.75,1.75,0.0,0.0,-2.0,2.6490810937499996
seed-12226-pa-0.50-pb-0.50,seed-12226-pa-0.50-pb-0.50:6,bandit,6,0.3181471805599436,3.1602130068844505,1.0,1.0,0.0,0.0,-2.0,3.0166270390624996
seed-12227-pa-0.35-pb-0.35,seed-12227-pa-0.35-pb-0.35:0,bandit,0,4.203889734292549,2.9003144395248324,0.5,0.5,0.0,0.0,0.0,-0.25
seed-12227-pa-0.35-pb-0.35,seed-12227-pa-0.35-pb-0.35:1,bandit,1,4.42870067827652,2.8814185236428576,1.3333333333333337,1.3333333333333337,0.0,0.0,3.0,-0.4875
seed-12227-pa-0.35-pb-0.35,seed-12227-pa-0.35-pb-0.35:2,bandit,2,3.6368710061149017,2.8634674035549814,0.5,0.5,0.0,0.0,-2.0,-0.713125
seed-12227-pa-0.35-pb-0.35,seed-12227-pa-0.35-pb-0.35:3,bandit,3,1.9754126516016477,2.8464138394714995,0.5,0.5,0.0,0.0,-2.0,-0.92746875
seed-12227-pa-0.35-pb-0.35,seed-12227-pa-0.35-pb-0.35:4,bandit,4,3.099076984180108,2.830212953592191,1.0,1.0,0.0,0.0,3.0,-1.1310953124999998
seed-12227-pa-0.35-pb-0.35,seed-12227-pa-0.35-pb-0.35:5,bandit,5,2.6787006782765204,2.8148221120068486,0.5,0.5,0.0,0.0,-2.0,-1.3245405468749998
seed-12227-pa-0.35-pb-0.35,seed-12227-pa-0.35-pb-0.35:6,bandit,6,4.186967589003199,2.8002008125007727,0.5,0.5,0.0,0.0,3.0,-1.5083135195312498
seed-12227-pa-0.35-pb-0.35,seed-12227-pa-0.35-pb-0.35:7,bandit,7,3.1481232641398407,2.786310577970001,0.5,0.5,0.0,0.0,-2.0,-1.6828978435546873
seed-12227-pa-0.35-pb-0.35,seed-12227-pa-0.35-pb-0.35:8,bandit,8,4.417999079229087,2.7731148551657676,1.0,1.0,0.0,0.0,3.0,-1.848752951376953
seed-12227-pa-0.35-pb-0.35,seed-12227-pa-0.35-pb-0.35:9,bandit,9,3.075939419878843,2.7605789185017464,1.0,1.0,0.0,0.0,-2.0,-2.006315303808105
seed-12227-pa-0.35-pb-0.35,seed-12227-pa-0.35-pb-0.35:10,bandit,10,2.3181471805599436,2.7486697786709255,1.0,1.0,0.0,0.0,-2.0,-2.1559995386176998
seed-12227-pa-0.35-pb-0.35,seed-12227-pa-0.35-pb-0.35:11,bandit,11,2.5118710061149017,2.7373560958316463,1.0,1.0,0.0,0.0,-2.0,-2.2981995616868147
seed-12227-pa-0.35-pb-0.35,seed-12227-pa-0.35-pb-0.35:12,bandit,12,4.035224150438086,2.726608097134331,1.0,1.0,0.0,0.0,3.0,-2.4332895836024737
seed-12235-pa-0.35-pb-0.50,seed-12235-pa-0.35-pb-0.50:0,bandit,0,4.203889734292549,2.9599857528363316,0.5,0.5,0.0,0.0,0.0,0.5
seed-12243-pa-0.35-pb-0.35,seed-12243-pa-0.35-pb-0.35:0,bandit,0,4.203889734292549,2.9003144395248324,0.5,0.5,0.0,0.0,0.0,-0.25
seed-12243-pa-0.35-pb-0.35,seed-12243-pa-0.35-pb-0.35:1,bandit,1,4.42870067827652,2.8814185236428576,1.3333333333333337,1.3333333333333337,0.0,0.0,3.0,-0.4875
seed-12243-pa-0.35-pb-0.35,seed-12243-pa-0.35-pb-0.35:2,bandit,2,3.201413277982752,2.8634674035549814,1.75,1.75,0.0,0.0,3.0,-0.713125
seed-12243-pa-0.35-pb-0.35,seed-12243-pa-0.35-pb-0.35:3,bandit,3,3.4878222787715707,2.8464138394714995,2.0,2.0,0.0,0.0,3.0,-0.92746875
seed-12243-pa-0.35-pb-0.35,seed-12243-pa-0.35-pb-0.35:4,bandit,4,2.826413277982752,2.830212953592191,1.3333333333333337,1.3333333333333337,0.0,0.0,-2.0,-1.1310953124999998
seed-12243-pa-0.35-pb-0.35,seed-12243-pa-0.35-pb-0.35:5,bandit,5,2.71393946547494,2.8148221120068486,0.8571428571428572,0.8571428571428572,0.0,0.0,-2.0,-1.3245405468749998
seed-12243-pa-0.35-pb-0.35,seed-12243-pa-0.35-pb-0.35:6,bandit,6,4.535224150438086,2.8002008125007727,1.3333333333333337,1.3333333333333337,0.0,0.0,3.0,-1.5083135195312498
seed-12243-pa-0.35-pb-0.35,seed-12243-pa-0.35-pb-0.35:7,bandit,7,2.724076984180108,2.786310577970001,1.3333333333333337,1.3333333333333337,0.0,0.0,-2.0,-1.6828978435546873
seed-12243-pa-0.35-pb-0.35,seed-12243-pa-0.35-pb-0.35:8,bandit,8,2.3825990353171704,2.7731148551657676,1.3333333333333337,1.3333333333333337,0.0,0.0,-2.0,-1.848752951376953
seed-12243-pa-0.35-pb-0.35,seed-12243-pa-0.35-pb-0.35:9,bandit,9,1.8825990353171704,2.7605789185017464,1.3333333333333337,1.3333333333333337,0.0,0.0,-2.0,-2.006315303808105
seed-12247-pa-0.50-pb-0.65,seed-12247-pa-0.50-pb-0.65:0,bandit,0,4.203889734292549,3.019657066147831,0.5,0.5,0.0,0.0,0.0,1.25
seed-12247-pa-0.50-pb-0.65,seed-12247-pa-0.50-pb-0.65:1,bandit,1,4.42870067827652,3.114136645557705,1.3333333333333337,1.3333333333333337,0.0,0.0,3.0,2.4375
seed-12247-pa-0.50-pb-0.65,seed-12247-pa-0.50-pb-0.65:2,bandit,2,0.951413277982752,3.2038922459970847,1.3333333333333337,1.3333333333333337,0.0,0.0,3.0,3.565625
seed-12247-pa-0.50-pb-0.65,seed-12247-pa-0.50-pb-0.65:3,bandit,3,2.6325990353171704,3.289160066414496,1.3333333333333337,1.3333333333333337,0.0,0.0,-2.0,4.637343749999999
seed-12247-pa-0.50-pb-0.65,seed-12247-pa-0.50-pb-0.65:4,bandit,4,2.6368710061149017,3.3701644958110366,1.75,1.75,0.0,0.0,3.0,5.6554765625
seed-12247-pa-0.50-pb-0.65,seed-12247-pa-0.50-pb-0.65:5,bandit,5,1.6882616875182244,3.4471187037377504,1.0,1.0,0.0,0.0,-2.0,6.622702734374999
seed-12247-pa-0.50-pb-0.65,seed-12247-pa-0.50-pb-0.65:6,bandit,6,0.8825990353171704,3.5202252012681283,0.5,0.5,0.0,0.0,-2.0,7.5415675976562495
seed-12247-pa-0.50-pb-0.65,seed-12247-pa-0.50-pb-0.65:7,bandit,7,-0.1515554189949455,3.589676373921987,0.5,0.5,0.0,0.0,-2.0,8.414489217773436
seed-12251-pa-0.35-pb-0.50,seed-12251-pa-0.35-pb-0.50:0,bandit,0,4.203889734292549,2.9599857528363316,0.5,0.5,0.0,0.0,0.0,0.5
seed-12251-pa-0.35-pb-0.50,seed-12251-pa-0.35-pb-0.50:1,bandit,1,3.849076984180108,2.997777584600281,0.5,0.5,0.0,0.0,-2.0,0.975
seed-12251-pa-0.35-pb-0.50,seed-12251-pa-0.35-pb-0.50:2,bandit,2,1.2575990353171704,3.033679824776033,0.5,0.5,0.0,0.0,-2.0,1.42625
seed-12251-pa-0.35-pb-0.50,seed-12251-pa-0.35-pb-0.50:3,bandit,3,0.2731232641398406,3.0677869529429977,0.5,0.5,0.0,0.0,-2.0,1.8549375
seed-12251-pa-0.35-pb-0.50,seed-12251-pa-0.35-pb-0.50:4,bandit,4,-0.4768767358601593,3.100188724701614,0.5,0.5,0.0,0.0,-2.0,2.2621906249999997
seed-12252-pa-0.35-pb-0.20,seed-12252-pa-0.35-pb-0.20:0,bandit,0,4.203889734292549,2.9003144395248324,0.5,0.5,0.0,0.0,0.0,-0.25
seed-12252-pa-0.35-pb-0.20,seed-12252-pa-0.35-pb-0.20:1,bandit,1,3.849076984180108,2.8814185236428576,0.5,0.5,0.0,0.0,-2.0,-0.4875
seed-12252-pa-0.35-pb-0.20,seed-12252-pa-0.35-pb-0.20:2,bandit,2,1.2575990353171704,2.8634674035549814,0.5,0.5,0.0,0.0,-2.0,-0.713125
seed-12252-pa-0.35-pb-0.20,seed-12252-pa-0.35-pb-0.20:3,bandit,3,0.5231232641398407,2.8464138394714995,-0.3333333333333332,-0.3333333333333332,0.0,0.0,-2.0,-0.92746875
seed-12252-pa-0.35-pb-0.20,seed-12252-pa-0.35-pb-0.20:4,bandit,4,0.8926750576056008,2.830212953592191,-0.3333333333333332,-0.3333333333333332,0.0,0.0,-2.0,-1.1310953124999998
seed-12255-pa-0.20-pb-0.35,seed-12255-pa-0.20-pb-0.35:0,bandit,0,4.203889734292549,2.9003144395248324,0.5,0.5,0.0,0.0,0.0,-0.25
seed-12255-pa-0.20-pb-0.35,seed-12255-pa-0.20-pb-0.35:1,bandit,1,3.849076984180108,2.8814185236428576,0.5,0.5,0.0,0.0,-2.0,-0.4875
seed-12255-pa-0.20-pb-0.35,seed-12255-pa-0.20-pb-0.35:2,bandit,2,1.2575990353171704,2.8634674035549814,0.5,0.5,0.0,0.0,-2.0,-0.713125
seed-12255-pa-0.20-pb-0.35,seed-12255-pa-0.20-pb-0.35:3,bandit,3,3.017675057605601,2.8464138394714995,1.3333333333333337,1.3333333333333337,0.0,0.0,3.0,-0.92746875
seed-12255-pa-0.20-pb-0.35,seed-12255-pa-0.20-pb-0.35:4,bandit,4,1.0537006782765204,2.830212953592191,0.5,0.5,0.0,0.0,-2.0,-1.1310953124999998
seed-12255-pa-0.20-pb-0.35,seed-12255-pa-0.20-pb-0.35:5,bandit,5,2.2731232641398407,2.8148221120068486,1.0,1.0,0.0,0.0,3.0,-1.3245405468749998
seed-12255-pa-0.20-pb-0.35,seed-12255-pa-0.20-pb-0.35:6,bandit,6,1.0759394198788428,2.8002008125007727,0.5,0.5,0.0,0.0,-2.0,-1.5083135195312498
seed-12255-pa-0.20-pb-0.35,seed-12255-pa-0.20-pb-0.35:7,bandit,7,1.0019290813453736,2.786310577970001,0.5,0.5,0.0,0.0,-2.0,-1.6828978435546873
seed-12261-pa-0.50-pb-0.20,seed-12261-pa-0.50-pb-0.20:0,bandit,0,4.203889734292549,2.9599857528363316,0.5,0.5,0.0,0.0,0.0,0.5
seed-12261-pa-0.50-pb-0.20,seed-12261-pa-0.50-pb-0.20:1,bandit,1,3.4287006782765204,2.997777584600281,1.3333333333333337,1.3333333333333337,0.0,0.0,3.0,0.975
seed-12261-pa-0.50-pb-0.20,seed-12261-pa-0.50-pb-0.20:2,bandit,2,2.0019290813453736,3.033679824776033,1.75,1.75,0.0,0.0,3.0,1.42625
seed-12261-pa-0.50-pb-0.20,seed-12261-pa-0.50-pb-0.20:3,bandit,3,3.05474463538566,3.0677869529429977,1.0,1.0,0.0,0.0,-2.0,1.8549375
seed-12261-pa-0.50-pb-0.20,seed-12261-pa-0.50-pb-0.20:4,bandit,4,2.1269290813453736,3.100188724701614,1.0,1.0,0.0,0.0,-2.0,2.2621906249999997
seed-12264-pa-0.20-pb-0.65,seed-12264-pa-0.20-pb-0.65:0,bandit,0,4.203889734292549,3.019657066147831,0.5,0.5,0.0,0.0,0.0,1.25
seed-12264-pa-0.20-pb-0.65,seed-12264-pa-0.20-pb-0.65:1,bandit,1,3.849076984180108,3.114136645557705,0.5,0.5,0.0,0.0,-2.0,2.4375
seed-12264-pa-0.20-pb-0.65,seed-12264-pa-0.20-pb-0.65:2,bandit,2,0.1004126516016477,3.2038922459970847,-0.3333333333333332,-0.3333333333333332,0.0,0.0,-2.0,3.565625
seed-12271-pa-0.20-pb-0.35,seed-12271-pa-0.20-pb-0.35:0,bandit,0,4.203889734292549,2.9003144395248324,0.5,0.5,0.0,0.0,0.0,-0.25
seed-12271-pa-0.20-pb-0.35,seed-12271-pa-0.20-pb-0.35:1,bandit,1,3.849076984180108,2.8814185236428576,0.5,0.5,0.0,0.0,-2.0,-0.4875
seed-12271-pa-0.20-pb-0.35,seed-12271-pa-0.20-pb-0.35:2,bandit,2,1.2575990353171704,2.8634674035549814,0.5,0.5,0.0,0.0,-2.0,-0.713125
seed-12271-pa-0.20-pb-0.35,seed-12271-pa-0.20-pb-0.35:3,bandit,3,3.017675057605601,2.8464138394714995,1.3333333333333337,1.3333333333333337,0.0,0.0,3.0,-0.92746875
seed-12271-pa-0.20-pb-0.35,seed-12271-pa-0.20-pb-0.35:4,bandit,4,1.5984445810050545,2.830212953592191,1.3333333333333337,1.3333333333333337,0.0,0.0,-2.0,-1.1310953124999998
seed-12271-pa-0.20-pb-0.35,seed-12271-pa-0.20-pb-0.35:5,bandit,5,0.6561501362483142,2.8148221120068486,0.5,0.5,0.0,0.0,-2.0,-1.3245405468749998
seed-12277-pa-0.50-pb-0.20,seed-12277-pa-0.50-pb-0.20:0,bandit,0,4.203889734292549,2.9599857528363316,0.5,0.5,0.0,0.0,0.0,0.5
seed-12277-pa-0.50-pb-0.20,seed-12277-pa-0.50-pb-0.20:1,bandit,1,4.42870067827652,2.997777584600281,1.3333333333333337,1.3333333333333337,0.0,0.0,3.0,0.975
seed-12277-pa-0.50-pb-0.20,seed-12277-pa-0.50-pb-0.20:2,bandit,2,3.6368710061149017,3.033679824776033,0.5,0.5,0.0,0.0,-2.0,1.42625
seed-12277-pa-0.50-pb-0.20,seed-12277-pa-0.50-pb-0.20:3,bandit,3,4.71393946547494,3.0677869529429977,1.0,1.0,0.0,0.0,3.0,1.8549375
seed-12277-pa-0.50-pb-0.20,seed-12277-pa-0.50-pb-0.20:4,bandit,4,1.9754126516016477,3.100188724701614,0.5,0.5,0.0,0.0,-2.0,2.2621906249999997
seed-12277-pa-0.50-pb-0.20,seed-12277-pa-0.50-pb-0.20:5,bandit,5,4.600206558916746,3.130970407872299,1.3333333333333337,1.3333333333333337,0.0,0.0,3.0,2.6490810937499996
seed-12277-pa-0.50-pb-0.20,seed-12277-pa-0.50-pb-0.20:6,bandit,6,2.906150136248314,3.1602130068844505,1.3333333333333337,1.3333333333333337,0.0,0.0,-2.0,3.0166270390624996
seed-12277-pa-0.50-pb-0.20,seed-12277-pa-0.50-pb-0.20:7,bandit,7,4.017675057605601,3.1879934759459942,1.3333333333333337,1.3333333333333337,0.0,0.0,3.0,3.3657956871093746
seed-12277-pa-0.50-pb-0.20,seed-12277-pa-0.50-pb-0.20:8,bandit,8,2.5537006782765204,3.2143849215544607,1.3333333333333337,1.3333333333333337,0.0,0.0,-2.0,3.697505902753906
seed-12277-pa-0.50-pb-0.20,seed-12277-pa-0.50-pb-0.20:9,bandit,9,3.6602241504380864,3.2394567948825035,1.3333333333333337,1.3333333333333337,0.0,0.0,3.0,4.01263060761621
seed-12277-pa-0.50-pb-0.20,seed-12277-pa-0.50-pb-0.20:10,bandit,10,3.58893946547494,3.2632750745441443,1.3333333333333337,1.3333333333333337,0.0,0.0,3.0,4.3119990772353995
seed-12277-pa-0.50-pb-0.20,seed-12277-pa-0.50-pb-0.20:11,bandit,11,3.929882179158078,3.2859024402227033,1.3333333333333337,1.3333333333333337,0.0,0.0,3.0,4.596399123373629
seed-12277-pa-0.50-pb-0.20,seed-12277-pa-0.50-pb-0.20:12,bandit,12,4.001928011042974,3.3073984376173344,1.3333333333333337,1.3333333333333337,0.0,0.0,-2.0,4.866579167204947
seed-12277-pa-0.50-pb-0.20,seed-12277-pa-0.50-pb-0.20:13,bandit,13,4.79858735157374,3.327819635142234,1.3333333333333337,1.3333333333333337,0.0,0.0,3.0,5.1232502088447
seed-12277-pa-0.50-pb-0.20,seed-12277-pa-0.50-pb-0.20:14,bandit,14,4.65475041827262,3.347219772790888,1.3333333333333337,1.3333333333333337,0.0,0.0,3.0,5.367087698402465
seed-12277-pa-0.50-pb-0.20,seed-12277-pa-0.50-pb-0.20:15,bandit,15,4.895541900901097,3.36564990355711,1.3333333333333337,1.3333333333333337,0.0,0.0,3.0,5.598733313482342
seed-12277-pa-0.50-pb-0.20,seed-12277-pa-0.50-pb-0.20:16,bandit,16,4.54858735157374,3.3831585277850205,1.3333333333333337,1.3333333333333337,0.0,0.0,-2.0,5.818796647808225
seed-12277-pa-0.50-pb-0.20,seed-12277-pa-0.50-pb-0.20:17,bandit,17,3.6949361996449746,3.399791720801536,1.3333333333333337,1.3333333333333337,0.0,0.0,-2.0,6.027856815417813
seed-12277-pa-0.50-pb-0.20,seed-12277-pa-0.50-pb-0.20:18,bandit,18,3.679882179158078,3.415593254167225,1.3333333333333337,1.3333333333333337,0.0,0.0,-2.0,6.226463974646922
seed-12277-pa-0.50-pb-0.20,seed-12277-pa-0.50-pb-0.20:19,bandit,19,3.4179990792290873,3.43060471086463,1.3333333333333337,1.3333333333333337,0.0,0.0,-2.0,6.415140775914575
seed-12277-pa-0.50-pb-0.20,seed-12277-pa-0.50-pb-0.20:20,bandit,20,3.429882179158078,3.4448655947271645,1.3333333333333337,1.3333333333333337,0.0,0.0,-2.0,6.5943837371188465
seed-12277-pa-0.50-pb-0.20,seed-12277-pa-0.50-pb-0.20:21,bandit,21,4.90475041827262,3.4584134343965722,1.3333333333333337,1.3333333333333337,0.0,0.0,3.0,6.7646645502629035
seed-12277-pa-0.50-pb-0.20,seed-12277-pa-0.50-pb-0.20:22,bandit,22,4.53364569998304,3.47128388208251,1.3333333333333337,1.3333333333333337,0.0,0.0,3.0,6.926431322749758
seed-12277-pa-0.50-pb-0.20,seed-12277-pa-0.50-pb-0.20:23,bandit,23,4.770541900901097,3.4835108073841505,1.3333333333333337,1.3333333333333337,0.0,0.0,3.0,7.080109756612269
seed-12277-pa-0.50-pb-0.20,seed-12277-pa-0.50-pb-0.20:24,bandit,24,4.65864569998304,3.4951263864207087,1.3333333333333337,1.3333333333333337,0.0,0.0,-2.0,7.226104268781655
seed-12277-pa-0.50-pb-0.20,seed-12277-pa-0.50-pb-0.20:25,bandit,25,3.7880413716877825,3.5061611865054396,1.3333333333333337,1.3333333333333337,0.0,0.0,-2.0,7.364799055342572
seed-12277-pa-0.50-pb-0.20,seed-12277-pa-0.50-pb-0.20:26,bandit,26,5.018149927917811,3.5166442465859338,1.3333333333333337,1.3333333333333337,0.0,0.0,3.0,7.496559102575443
seed-12277-pa-0.50-pb-0.20,seed-12277-pa-0.50-pb-0.20:27,bandit,27,4.27975041827262,3.526603153662403,1.3333333333333337,1.3333333333333337,0.0,0.0,-2.0,7.6217311474466705
seed-12277-pa-0.50-pb-0.20,seed-12277-pa-0.50-pb-0.20:28,bandit,28,3.898245464372426,3.536064115385049,1.3333333333333337,1.3333333333333337,0.0,0.0,-2.0,7.740644590074337
seed-12278-pa-0.50-pb-0.35,seed-12278-pa-0.50-pb-0.35:0,bandit,0,4.203889734292549,2.9599857528363316,0.5,0.5,0.0,0.0,0.0,0.5
seed-12278-pa-0.50-pb-0.35,seed-12278-pa-0.50-pb-0.35:1,bandit,1,3.849076984180108,2.997777584600281,0.5,0.5,0.0,0.0,-2.0,0.975
seed-12278-pa-0.50-pb-0.35,seed-12278-pa-0.50-pb-0.35:2,bandit,2,4.350412651601648,3.033679824776033,0.5,0.5,0.0,0.0,3.0,1.42625
seed-12278-pa-0.50-pb-0.35,seed-12278-pa-0.50-pb-0.35:3,bandit,3,4.21393946547494,3.0677869529429977,1.0,1.0,0.0,0.0,3.0,1.8549375
seed-12278-pa-0.50-pb-0.35,seed-12278-pa-0.50-pb-0.35:4,bandit,4,2.7254126516016477,3.100188724701614,0.5,0.5,0.0,0.0,-2.0,2.2621906249999997
seed-12290-pa-0.50-pb-0.50,seed-12290-pa-0.50-pb-0.50:0,bandit,0,4.203889734292549,2.9599857528363316,0.5,0.5,0.0,0.0,0.0,0.5
seed-12290-pa-0.50-pb-0.50,seed-12290-pa-0.50-pb-0.50:1,bandit,1,4.42870067827652,2.997777584600281,1.3333333333333337,1.3333333333333337,0.0,0.0,3.0,0.975
seed-12290-pa-0.50-pb-0.50,seed-12290-pa-0.50-pb-0.50:2,bandit,2,3.201413277982752,3.033679824776033,1.75,1.75,0.0,0.0,3.0,1.42625
seed-12290-pa-0.50-pb-0.50,seed-12290-pa-0.50-pb-0.50:3,bandit,3,3.4878222787715707,3.0677869529429977,2.0,2.0,0.0,0.0,3.0,1.8549375
seed-12290-pa-0.50-pb-0.50,seed-12290-pa-0.50-pb-0.50:4,bandit,4,2.826413277982752,3.100188724701614,1.3333333333333337,1.3333333333333337,0.0,0.0,-2.0,2.2621906249999997
seed-12290-pa-0.50-pb-0.50,seed-12290-pa-0.50-pb-0.50:5,bandit,5,2.71393946547494,3.130970407872299,0.8571428571428572,0.8571428571428572,0.0,0.0,-2.0,2.6490810937499996
seed-12290-pa-0.50-pb-0.50,seed-12290-pa-0.50-pb-0.50:6,bandit,6,3.929882179158078,3.1602130068844505,1.125,1.125,0.0,0.0,3.0,3.0166270390624996
seed-12290-pa-0.50-pb-0.50,seed-12290-pa-0.50-pb-0.50:7,bandit,7,2.392675057605601,3.1879934759459942,0.7777777777777777,0.7777777777777777,0.0,0.0,-2.0,3.3657956871093746
seed-12290-pa-0.50-pb-0.50,seed-12290-pa-0.50-pb-0.50:8,bandit,8,3.5485873515737403,3.2143849215544607,1.0,1.0,0.0,0.0,3.0,3.697505902753906
seed-12290-pa-0.50-pb-0.50,seed-12290-pa-0.50-pb-0.50:9,bandit,9,3.1949361996449746,3.2394567948825035,1.1818181818181817,1.1818181818181817,0.0,0.0,3.0,4.01263060761621
seed-12290-pa-0.50-pb-0.50,seed-12290-pa-0.50-pb-0.50:10,bandit,10,2.58893946547494,3.2632750745441443,0.9166666666666664,0.9166666666666664,0.0,0.0,-2.0,4.3119990772353995
seed-12290-pa-0.50-pb-0.50,seed-12290-pa-0.50-pb-0.50:11,bandit,11,3.7880413716877825,3.2859024402227033,1.076923076923077,1.076923076923077,0.0,0.0,3.0,4.596399123373629
seed-12290-pa-0.50-pb-0.50,seed-12290-pa-0.50-pb-0.50:12,bandit,12,2.8199361996449746,3.3073984376173344,0.8571428571428572,0.8571428571428572,0.0,0.0,-2.0,4.866579167204947
seed-12290-pa-0.50-pb-0.50,seed-12290-pa-0.50-pb-0.50:13,bandit,13,2.46393946547494,3.327819635142234,0.6666666666666665,0.6666666666666665,0.0,0.0,-2.0,5.1232502088447
seed-12290-pa-0.50-pb-0.50,seed-12290-pa-0.50-pb-0.50:14,bandit,14,2.3288897342925488,3.347219772790888,0.5,0.5,0.0,0.0,-2.0,5.367087698402465
seed-12290-pa-0.50-pb-0.50,seed-12290-pa-0.50-pb-0.50:15,bandit,15,5.251928011042974,3.36564990355711,1.3333333333333337,1.3333333333333337,0.0,0.0,3.0,5.598733313482342
seed-12290-pa-0.50-pb-0.50,seed-12290-pa-0.50-pb-0.50:16,bandit,16,4.42974463538566,3.3831585277850205,1.3333333333333337,1.3333333333333337,0.0,0.0,-2.0,5.818796647808225
seed-12290-pa-0.50-pb-0.50,seed-12290-pa-0.50-pb-0.50:17,bandit,17,3.80474463538566,3.399791720801536,1.3333333333333337,1.3333333333333337,0.0,0.0,-2.0,6.027856815417813
seed-12290-pa-0.50-pb-0.50,seed-12290-pa-0.50-pb-0.50:18,bandit,18,3.6602241504380864,3.415593254167225,1.3333333333333337,1.3333333333333337,0.0,0.0,-2.0,6.226463974646922
seed-12290-pa-0.50-pb-0.50,seed-12290-pa-0.50-pb-0.50:19,bandit,19,2.951413277982752,3.43060471086463,1.3333333333333337,1.3333333333333337,0.0,0.0,-2.0,6.415140775914575
seed-12290-pa-0.50-pb-0.50,seed-12290-pa-0.50-pb-0.50:20,bandit,20,3.30474463538566,3.4448655947271645,1.3333333333333337,1.3333333333333337,0.0,0.0,-2.0,6.5943837371188465
seed-12290-pa-0.50-pb-0.50,seed-12290-pa-0.50-pb-0.50:21,bandit,21,4.917999079229087,3.4584134343965722,1.3333333333333337,1.3333333333333337,0.0,0.0,3.0,6.7646645502629035
seed-12290-pa-0.50-pb-0.50,seed-12290-pa-0.50-pb-0.50:22,bandit,22,4.112822278771571,3.47128388208251,1.3333333333333337,1.3333333333333337,0.0,0.0,-2.0,6.926431322749758
seed-12290-pa-0.50-pb-0.50,seed-12290-pa-0.50-pb-0.50:23,bandit,23,4.17974463538566,3.4835108073841505,0.5,0.5,0.0,0.0,-2.0,7.080109756612269
seed-12290-pa-0.50-pb-0.50,seed-12290-pa-0.50-pb-0.50:24,bandit,24,4.33893946547494,3.4951263864207087,0.5,0.5,0.0,0.0,-2.0,7.226104268781655
seed-12290-pa-0.50-pb-0.50,seed-12290-pa-0.50-pb-0.50:25,bandit,25,4.001929081345374,3.5061611865054396,0.0,0.0,0.0,0.0,-2.0,7.364799055342572
seed-12290-pa-0.50-pb-0.50,seed-12290-pa-0.50-pb-0.50:26,bandit,26,4.05474463538566,3.5166442465859338,0.0,0.0,0.0,0.0,-2.0,7.496559102575443
seed-12290-pa-0.50-pb-0.50,seed-12290-pa-0.50-pb-0.50:27,bandit,27,5.100206558916746,3.526603153662403,0.5,0.5,0.0,0.0,3.0,7.6217311474466705
seed-12290-pa-0.50-pb-0.50,seed-12290-pa-0.50-pb-0.50:28,bandit,28,4.475206558916746,3.536064115385049,0.5,0.5,0.0,0.0,3.0,7.740644590074337
seed-12290-pa-0.50-pb-0.50,seed-12290-pa-0.50-pb-0.50:29,bandit,29,5.0380413716877825,3.5450520290215626,0.5,0.5,0.0,0.0,3.0,7.85361236057062
seed-12290-pa-0.50-pb-0.50,seed-12290-pa-0.50-pb-0.50:30,bandit,30,5.30474463538566,3.5535905469762508,0.5,0.5,0.0,0.0,-2.0,7.960931742542089
seed-12290-pa-0.50-pb-0.50,seed-12290-pa-0.50-pb-0.50:31,bandit,31,5.78364569998304,3.5617021390332044,0.5,0.5,0.0,0.0,3.0,8.062885155414984
seed-12290-pa-0.50-pb-0.50,seed-12290-pa-0.50-pb-0.50:32,bandit,32,4.850412651601648,3.56940815148731,0.5,0.5,0.0,0.0,-2.0,8.159740897644234
seed-12290-pa-0.50-pb-0.50,seed-12290-pa-0.50-pb-0.50:33,bandit,33,3.975412651601648,3.576728863318711,0.5,0.5,0.0,0.0,-2.0,8.251753852762022
seed-12290-pa-0.50-pb-0.50,seed-12290-pa-0.50-pb-0.50:34,bandit,34,5.78364569998304,3.583683539558541,0.5,0.5,0.0,0.0,3.0,8.33916616012392
seed-12290-pa-0.50-pb-0.50,seed-12290-pa-0.50-pb-0.50:35,bandit,35,4.910224150438086,3.59029048198638,0.5,0.5,0.0,0.0,-2.0,8.422207852117722
seed-12290-pa-0.50-pb-0.50,seed-12290-pa-0.50-pb-0.50:36,bandit,36,5.4130413716877825,3.5965670772928275,0.5,0.5,0.0,0.0,3.0,8.501097459511836
seed-12290-pa-0.50-pb-0.50,seed-12290-pa-0.50-pb-0.50:37,bandit,37,5.15864569998304,3.602529842833952,0.5,0.5,0.0,0.0,3.0,8.576042586536245
seed-12290-pa-0.50-pb-0.50,seed-12290-pa-0.50-pb-0.50:38,bandit,38,5.026300195186874,3.6081944700980206,0.5,0.5,0.0,0.0,3.0,8.647240457209431
seed-12290-pa-0.50-pb-0.50,seed-12290-pa-0.50-pb-0.50:39,bandit,39,4.901300195186874,3.6135758659988855,0.5,0.5,0.0,0.0,3.0,8.71487843434896
seed-12290-pa-0.50-pb-0.50,seed-12290-pa-0.50-pb-0.50:40,bandit,40,5.035224150438086,3.6186881921047074,0.2972972972972973,0.2972972972972973,0.0,0.0,-2.0,8.779134512631511
seed-12290-pa-0.50-pb-0.50,seed-12290-pa-0.50-pb-0.50:41,bandit,41,6.285224150438086,3.6235449019052384,0.5,0.5,0.0,0.0,3.0,8.840177786999936
seed-12290-pa-0.50-pb-0.50,seed-12290-pa-0.50-pb-0.50:42,bandit,42,5.828889734292549,3.6281587762157423,0.5,0.5,0.0,0.0,3.0,8.898168897649938
seed-12290-pa-0.50-pb-0.50,seed-12290-pa-0.50-pb-0.50:43,bandit,43,5.42974463538566,3.6325419568107216,0.7777777777777777,0.7777777777777777,0.0,0.0,3.0,8.953260452767442
seed-12290-pa-0.50-pb-0.50,seed-12290-pa-0.50-pb-0.50:44,bandit,44,5.501928011042974,3.6367059783759514,0.7777777777777777,0.7777777777777777,0.0,0.0,3.0,9.005597430129068
seed-12290-pa-0.50-pb-0.50,seed-12290-pa-0.50-pb-0.50:45,bandit,45,5.451413277982752,3.64066179886292,0.7777777777777777,0.7777777777777777,0.0,0.0,-2.0,9.055317558622614
seed-12290-pa-0.50-pb-0.50,seed-12290-pa-0.50-pb-0.50:46,bandit,46,4.781150136248314,3.64441982832554,0.7777777777777777,0.7777777777777777,0.0,0.0,-2.0,9.102551680691482
seed-12290-pa-0.50-pb-0.50,seed-12290-pa-0.50-pb-0.50:47,bandit,47,4.451413277982752,3.647989956315029,0.7777777777777777,0.7777777777777777,0.0,0.0,-2.0,9.147424096656907
seed-12290-pa-0.50-pb-0.50,seed-12290-pa-0.50-pb-0.50:48,bandit,48,6.1949361996449746,3.6513815779050436,0.7777777777777777,0.7777777777777777,0.0,0.0,3.0,9.190052891824061
seed-12290-pa-0.50-pb-0.50,seed-12290-pa-0.50-pb-0.50:49,bandit,49,5.725206558916746,3.6546036184155577,0.7777777777777777,0.7777777777777777,0.0,0.0,3.0,9.230550247232857
seed-12290-pa-0.50-pb-0.50,seed-12290-pa-0.50-pb-0.50:50,bandit,50,5.517675057605601,3.6576645569005457,0.7777777777777777,0.7777777777777777,0.0,0.0,-2.0,9.269022734871214
seed-12290-pa-0.50-pb-0.50,seed-12290-pa-0.50-pb-0.50:51,bandit,51,4.850412651601648,3.6605724484612847,0.7777777777777777,0.7777777777777777,0.0,0.0,-2.0,9.305571598127653
seed-12290-pa-0.50-pb-0.50,seed-12290-pa-0.50-pb-0.50:52,bandit,52,6.186967589003199,3.6633349454439865,0.7777777777777777,0.7777777777777777,0.0,0.0,3.0,9.340293018221269
seed-12290-pa-0.50-pb-0.50,seed-12290-pa-0.50-pb-0.50:53,bandit,53,5.656150136248314,3.665959317577553,0.5,0.5,0.0,0.0,-2.0,9.373278367310204
seed-12290-pa-0.50-pb-0.50,seed-12290-pa-0.50-pb-0.50:54,bandit,54,5.55474463538566,3.6684524711044415,0.5,0.5,0.0,0.0,-2.0,9.404614448944693
seed-12290-pa-0.50-pb-0.50,seed-12290-pa-0.50-pb-0.50:55,bandit,55,5.30474463538566,3.6708209669549854,0.5,0.5,0.0,0.0,-2.0,9.434383726497458
seed-12290-pa-0.50-pb-0.50,seed-12290-pa-0.50-pb-0.50:56,bandit,56,6.46393946547494,3.6730710380130023,0.5,0.5,0.0,0.0,3.0,9.462664540172584
seed-12290-pa-0.50-pb-0.50,seed-12290-pa-0.50-pb-0.50:57,bandit,57,5.826413277982752,3.6752086055181183,0.2999999999999998,0.2999999999999998,0.0,0.0,-2.0,9.489531313163955
seed-12290-pa-0.50-pb-0.50,seed-12290-pa-0.50-pb-0.50:58,bandit,58,5.376929081345374,3.6772392946479786,0.2999999999999998,0.2999999999999998,0.0,0.0,-2.0,9.515054747505756
seed-12290-pa-0.50-pb-0.50,seed-12290-pa-0.50-pb-0.50:59,bandit,59,6.751928011042974,3.6791684493213457,0.3529411764705883,0.3529411764705883,0.0,0.0,3.0,9.539302010130468
seed-12290-pa-0.50-pb-0.50,seed-12290-pa-0.50-pb-0.50:60,bandit,60,5.80474463538566,3.6810011462610444,0.3076923076923075,0.3076923076923075,0.0,0.0,-2.0,9.562336909623944
seed-12290-pa-0.50-pb-0.50,seed-12290-pa-0.50-pb-0.50:61,bandit,61,6.350206558916746,3.6827422083537584,0.358490566037736,0.358490566037736,0.0,0.0,3.0,9.584220064142746
seed-12290-pa-0.50-pb-0.50,seed-12290-pa-0.50-pb-0.50:62,bandit,62,5.785224150438086,3.6843962173418365,0.3148148148148149,0.3148148148148149,0.0,0.0,-2.0,9.60500906093561
seed-12290-pa-0.50-pb-0.50,seed-12290-pa-0.50-pb-0.50:63,bandit,63,6.350206558916746,3.685967525880511,0.3636363636363637,0.3636363636363637,0.0,0.0,3.0,9.624758607888829
seed-12290-pa-0.50-pb-0.50,seed-12290-pa-0.50-pb-0.50:64,bandit,64,6.33893946547494,3.6874602689922513,0.4107142857142856,0.4107142857142856,0.0,0.0,3.0,9.643520677494386
seed-12290-pa-0.50-pb-0.50,seed-12290-pa-0.50-pb-0.50:65,bandit,65,6.100206558916746,3.688878374948405,0.3684210526315787,0.3684210526315787,0.0,0.0,-2.0,9.661344643619667
seed-12290-pa-0.50-pb-0.50,seed-12290-pa-0.50-pb-0.50:66,bandit,66,6.46393946547494,3.6902255756067506,0.4137931034482758,0.4137931034482758,0.0,0.0,3.0,9.678277411438684
seed-12290-pa-0.50-pb-0.50,seed-12290-pa-0.50-pb-0.50:67,bandit,67,6.328889734292549,3.691505416232179,0.4576271186440679,0.4576271186440679,0.0,0.0,3.0,9.69436354086675
seed-12290-pa-0.50-pb-0.50,seed-12290-pa-0.50-pb-0.50:68,bandit,68,5.876928011042974,3.6927212648263366,0.4166666666666665,0.4166666666666665,0.0,0.0,-2.0,9.709645363823412
seed-12290-pa-0.50-pb-0.50,seed-12290-pa-0.50-pb-0.50:69,bandit,69,6.4449361996449746,3.693876320990786,0.459016393442623,0.459016393442623,0.0,0.0,3.0,9.72416309563224
seed-12290-pa-0.50-pb-0.50,seed-12290-pa-0.50-pb-0.50:70,bandit,70,5.767675057605601,3.6949736243470124,0.4193548387096775,0.4193548387096775,0.0,0.0,-2.0,9.737954940850628
seed-12290-pa-0.50-pb-0.50,seed-12290-pa-0.50-pb-0.50:71,bandit,71,5.517675057605601,3.696016062535428,0.3809523809523809,0.3809523809523809,0.0,0.0,-2.0,9.751057193808096
seed-12290-pa-0.50-pb-0.50,seed-12290-pa-0.50-pb-0.50:72,bandit,72,6.725206558916746,3.697006378814423,0.3809523809523809,0.3809523809523809,0.0,0.0,3.0,9.763504334117691
seed-12290-pa-0.50-pb-0.50,seed-12290-pa-0.50-pb-0.50:73,bandit,73,6.21393946547494,3.697947179279468,0.421875,0.421875,0.0,0.0,3.0,9.775329117411806
seed-12290-pa-0.50-pb-0.50,seed-12290-pa-0.50-pb-0.50:74,bandit,74,6.186967589003199,3.6988409397212605,0.4615384615384617,0.4615384615384617,0.0,0.0,3.0,9.786562661541215
seed-12290-pa-0.50-pb-0.50,seed-12290-pa-0.50-pb-0.50:75,bandit,75,6.061967589003199,3.6996900121409633,0.5,0.5,0.0,0.0,3.0,9.797234528464154
seed-12290-pa-0.50-pb-0.50,seed-12290-pa-0.50-pb-0.50:76,bandit,76,6.203889734292549,3.7004966309396816,0.4626865671641789,0.4626865671641789,0.0,0.0,-2.0,9.807372802040947
seed-12290-pa-0.50-pb-0.50,seed-12290-pa-0.50-pb-0.50:77,bandit,77,7.04858735157374,3.7012629187984634,0.5,0.5,0.0,0.0,3.0,9.817004161938899
seed-12290-pa-0.50-pb-0.50,seed-12290-pa-0.50-pb-0.50:78,bandit,78,6.5699361996449746,3.7019908922643063,0.5,0.5,0.0,0.0,3.0,9.826153953841953
seed-12290-pa-0.50-pb-0.50,seed-12290-pa-0.50-pb-0.50:79,bandit,79,6.304882179158078,3.702682467056857,0.5362318840579712,0.5362318840579712,0.0,0.0,3.0,9.834846256149854
seed-12290-pa-0.50-pb-0.50,seed-12290-pa-0.50-pb-0.50:80,bandit,80,6.142675057605601,3.7033394631097805,0.5,0.5,0.0,0.0,-2.0,9.843103943342362
seed-12290-pa-0.50-pb-0.50,seed-12290-pa-0.50-pb-0.50:81,bandit,81,7.042999079229087,3.7039636093600574,0.535211267605634,0.535211267605634,0.0,0.0,3.0,9.850948746175243
seed-12290-pa-0.50-pb-0.50,seed-12290-pa-0.50-pb-0.50:82,bandit,82,6.42358735157374,3.7045565482978207,0.5694444444444446,0.5694444444444446,0.0,0.0,3.0,9.858401308866481
seed-12290-pa-0.50-pb-0.50,seed-12290-pa-0.50-pb-0.50:83,bandit,83,6.29858735157374,3.705119840288696,0.6027397260273974,0.6027397260273974,0.0,0.0,3.0,9.865481243423156
seed-12290-pa-0.50-pb-0.50,seed-12290-pa-0.50-pb-0.50:84,bandit,84,6.237822278771571,3.7056549676800272,0.5675675675675675,0.5675675675675675,0.0,0.0,-2.0,9.872207181251998
seed-12290-pa-0.50-pb-0.50,seed-12290-pa-0.50-pb-0.50:85,bandit,85,6.917999079229087,3.7061633387017916,0.6000000000000001,0.6000000000000001,0.0,0.0,3.0,9.878596822189397
seed-12290-pa-0.50-pb-0.50,seed-12290-pa-0.50-pb-0.50:86,bandit,86,5.826413277982752,3.7066462911724685,0.5657894736842106,0.5657894736842106,0.0,0.0,-2.0,9.884666981079928
seed-12290-pa-0.50-pb-0.50,seed-12290-pa-0.50-pb-0.50:87,bandit,87,5.475412651601648,3.707105096019611,0.5324675324675323,0.5324675324675323,0.0,0.0,-2.0,9.89043363202593
seed-12290-pa-0.50-pb-0.50,seed-12290-pa-0.50-pb-0.50:88,bandit,88,6.679882179158078,3.7075409606243963,0.5641025641025643,0.5641025641025643,0.0,0.0,3.0,9.895911950424633
seed-12290-pa-0.50-pb-0.50,seed-12290-pa-0.50-pb-0.50:89,bandit,89,6.54858735157374,3.7079550319989427,0.5949367088607596,0.5949367088607596,0.0,0.0,3.0,9.9011163529034
seed-12290-pa-0.50-pb-0.50,seed-12290-pa-0.50-pb-0.50:90,bandit,90,6.328889734292549,3.7083483998047617,0.5625,0.5625,0.0,0.0,-2.0,9.90606053525823
seed-12290-pa-0.50-pb-0.50,seed-12290-pa-0.50-pb-0.50:91,bandit,91,5.876928011042974,3.7087220992202896,0.5308641975308643,0.5308641975308643,0.0,0.0,-2.0,9.910757508495319
seed-12290-pa-0.50-pb-0.50,seed-12290-pa-0.50-pb-0.50:92,bandit,92,5.42974463538566,3.7090771136650416,0.5,0.5,0.0,0.0,-2.0,9.915219633070553
seed-12290-pa-0.50-pb-0.50,seed-12290-pa-0.50-pb-0.50:93,bandit,93,6.54858735157374,3.709414377387555,0.5301204819277108,0.5301204819277108,0.0,0.0,3.0,9.919458651417024
seed-12290-pa-0.50-pb-0.50,seed-12290-pa-0.50-pb-0.50:94,bandit,94,6.42358735157374,3.7097347779239436,0.5595238095238093,0.5595238095238093,0.0,0.0,3.0,9.923485718846173
seed-12290-pa-0.50-pb-0.50,seed-12290-pa-0.50-pb-0.50:95,bandit,95,6.078889734292549,3.7100391584335126,0.5294117647058822,0.5294117647058822,0.0,0.0,-2.0,9.927311432903863
seed-12290-pa-0.50-pb-0.50,seed-12290-pa-0.50-pb-0.50:96,bandit,96,5.725206558916746,3.710328319917603,0.5,0.5,0.0,0.0,-2.0,9.93094586125867
seed-12290-pa-0.50-pb-0.50,seed-12290-pa-0.50-pb-0.50:97,bandit,97,6.42358735157374,3.710603023327489,0.5287356321839081,0.5287356321839081,0.0,0.0,3.0,9.934398568195736
seed-12290-pa-0.50-pb-0.50,seed-12290-pa-0.50-pb-0.50:98,bandit,98,6.08893946547494,3.710863991566881,0.5,0.5,0.0,0.0,-2.0,9.937678639785949
seed-12290-pa-0.50-pb-0.50,seed-12290-pa-0.50-pb-0.50:99,bandit,99,6.542999079229087,3.7111119113943025,0.6666666666666665,0.6666666666666665,0.0,0.0,3.0,9.94079470779665
seed-12303-pa-0.20-pb-0.35,seed-12303-pa-0.20-pb-0.35:0,bandit,0,4.203889734292549,2.9003144395248324,0.5,0.5,0.0,0.0,0.0,-0.25
seed-12303-pa-0.20-pb-0.35,seed-12303-pa-0.20-pb-0.35:1,bandit,1,3.849076984180108,2.8814185236428576,0.5,0.5,0.0,0.0,-2.0,-0.4875
seed-12303-pa-0.20-pb-0.35,seed-12303-pa-0.20-pb-0.35:2,bandit,2,0.1004126516016477,2.8634674035549814,-0.3333333333333332,-0.3333333333333332,0.0,0.0,-2.0,-0.713125
seed-12304-pa-0.20-pb-0.50,seed-12304-pa-0.20-pb-0.50:0,bandit,0,4.203889734292549,2.9599857528363316,0.5,0.5,0.0,0.0,0.0,0.5
seed-12304-pa-0.20-pb-0.50,seed-12304-pa-0.20-pb-0.50:1,bandit,1,3.849076984180108,2.997777584600281,0.5,0.5,0.0,0.0,-2.0,0.975
seed-12304-pa-0.20-pb-0.50,seed-12304-pa-0.20-pb-0.50:2,bandit,2,4.350412651601648,3.033679824776033,0.5,0.5,0.0,0.0,3.0,1.42625
seed-12304-pa-0.20-pb-0.50,seed-12304-pa-0.20-pb-0.50:3,bandit,3,2.7731232641398407,3.0677869529429977,0.5,0.5,0.0,0.0,-2.0,1.8549375
seed-12304-pa-0.20-pb-0.50,seed-12304-pa-0.20-pb-0.50:4,bandit,4,3.376928011042974,3.100188724701614,0.5,0.5,0.0,0.0,3.0,2.2621906249999997
seed-12304-pa-0.20-pb-0.50,seed-12304-pa-0.20-pb-0.50:5,bandit,5,2.5019290813453736,3.130970407872299,0.5,0.5,0.0,0.0,-2.0,2.6490810937499996
seed-12304-pa-0.20-pb-0.50,seed-12304-pa-0.20-pb-0.50:6,bandit,6,3.9102241504380864,3.1602130068844505,1.3333333333333337,1.3333333333333337,0.0,0.0,3.0,3.0166270390624996
seed-12304-pa-0.20-pb-0.50,seed-12304-pa-0.20-pb-0.50:7,bandit,7,2.8037006782765204,3.1879934759459942,1.3333333333333337,1.3333333333333337,0.0,0.0,-2.0,3.3657956871093746
seed-12304-pa-0.20-pb-0.50,seed-12304-pa-0.20-pb-0.50:8,bandit,8,2.099076984180108,3.2143849215544607,0.5,0.5,0.0,0.0,-2.0,3.697505902753906
seed-12310-pa-0.50-pb-0.35,seed-12310-pa-0.50-pb-0.35:0,bandit,0,4.203889734292549,2.9599857528363316,0.5,0.5,0.0,0.0,0.0,0.5
seed-12310-pa-0.50-pb-0.35,seed-12310-pa-0.50-pb-0.35:1,bandit,1,4.42870067827652,2.997777584600281,1.3333333333333337,1.3333333333333337,0.0,0.0,3.0,0.975
seed-12310-pa-0.50-pb-0.35,seed-12310-pa-0.50-pb-0.35:2,bandit,2,0.951413277982752,3.033679824776033,1.3333333333333337,1.3333333333333337,0.0,0.0,3.0,1.42625
seed-12311-pa-0.50-pb-0.65,seed-12311-pa-0.50-pb-0.65:0,bandit,0,4.203889734292549,3.019657066147831,0.5,0.5,0.0,0.0,0.0,1.25
seed-12311-pa-0.50-pb-0.65,seed-12311-pa-0.50-pb-0.65:1,bandit,1,4.42870067827652,3.114136645557705,1.3333333333333337,1.3333333333333337,0.0,0.0,3.0,2.4375
seed-12311-pa-0.50-pb-0.65,seed-12311-pa-0.50-pb-0.65:2,bandit,2,3.201413277982752,3.2038922459970847,1.75,1.75,0.0,0.0,3.0,3.565625
seed-12311-pa-0.50-pb-0.65,seed-12311-pa-0.50-pb-0.65:3,bandit,3,2.67974463538566,3.289160066414496,1.75,1.75,0.0,0.0,3.0,4.637343749999999
seed-12311-pa-0.50-pb-0.65,seed-12311-pa-0.50-pb-0.65:4,bandit,4,2.4734445810050545,3.3701644958110366,1.75,1.75,0.0,0.0,-2.0,5.6554765625
seed-12311-pa-0.50-pb-0.65,seed-12311-pa-0.50-pb-0.65:5,bandit,5,3.80370067827652,3.4471187037377504,2.0,2.0,0.0,0.0,3.0,6.622702734374999
seed-12311-pa-0.50-pb-0.65,seed-12311-pa-0.50-pb-0.65:6,bandit,6,2.781150136248314,3.5202252012681283,2.0,2.0,0.0,0.0,3.0,7.5415675976562495
seed-12311-pa-0.50-pb-0.65,seed-12311-pa-0.50-pb-0.65:7,bandit,7,2.8868710061149017,3.589676373921987,2.166666666666667,2.166666666666667,0.0,0.0,3.0,8.414489217773436
seed-12311-pa-0.50-pb-0.65,seed-12311-pa-0.50-pb-0.65:8,bandit,8,2.9754126516016477,3.6556549879431532,2.166666666666667,2.166666666666667,0.0,0.0,3.0,9.243764756884765
seed-12311-pa-0.50-pb-0.65,seed-12311-pa-0.50-pb-0.65:9,bandit,9,3.531150136248314,3.718334671263261,2.2857142857142856,2.2857142857142856,0.0,0.0,3.0,10.031576519040527
seed-12311-pa-0.50-pb-0.65,seed-12311-pa-0.50-pb-0.65:10,bandit,10,2.0231232641398407,3.7778803704173636,2.2857142857142856,2.2857142857142856,0.0,0.0,-2.0,10.7799976930885
seed-12311-pa-0.50-pb-0.65,seed-12311-pa-0.50-pb-0.65:11,bandit,11,4.349076984180108,3.8344487846137607,2.375,2.375,0.0,0.0,3.0,11.490997808434075
seed-12311-pa-0.50-pb-0.65,seed-12311-pa-0.50-pb-0.65:12,bandit,12,4.281150136248314,3.888188778100338,2.4444444444444446,2.4444444444444446,0.0,0.0,3.0,12.166447918012372
seed-12311-pa-0.50-pb-0.65,seed-12311-pa-0.50-pb-0.65:13,bandit,13,4.325939419878843,3.9392417719125867,2.5,2.5,0.0,0.0,3.0,12.808125522111753
seed-12311-pa-0.50-pb-0.65,seed-12311-pa-0.50-pb-0.65:14,bandit,14,4.001929081345374,3.9877421160342226,2.5,2.5,0.0,0.0,3.0,13.417719246006165
seed-12311-pa-0.50-pb-0.65,seed-12311-pa-0.50-pb-0.65:15,bandit,15,4.700939419878843,4.033817442949777,2.545454545454546,2.545454545454546,0.0,0.0,3.0,13.996833283705856
seed-12311-pa-0.50-pb-0.65,seed-12311-pa-0.50-pb-0.65:16,bandit,16,2.4431471805599436,4.077589003519553,2.545454545454546,2.545454545454546,0.0,0.0,-2.0,14.546991619520563
seed-12311-pa-0.50-pb-0.65,seed-12311-pa-0.50-pb-0.65:17,bandit,17,2.099076984180108,4.119171986060842,2.545454545454546,2.545454545454546,0.0,0.0,-2.0,15.069642038544535
seed-12311-pa-0.50-pb-0.65,seed-12311-pa-0.50-pb-0.65:18,bandit,18,4.656150136248314,4.158675819475064,2.545454545454546,2.545454545454546,0.0,0.0,3.0,15.566159936617307
seed-12311-pa-0.50-pb-0.65,seed-12311-pa-0.50-pb-0.65:19,bandit,19,2.825939419878843,4.196204461218577,2.545454545454546,2.545454545454546,0.0,0.0,-2.0,16.037851939786442
seed-12324-pa-0.65-pb-0.65,seed-12324-pa-0.65-pb-0.65:0,bandit,0,4.203889734292549,3.019657066147831,0.5,0.5,0.0,0.0,0.0,1.25
seed-12324-pa-0.65-pb-0.65,seed-12324-pa-0.65-pb-0.65:1,bandit,1,4.42870067827652,3.114136645557705,1.3333333333333337,1.3333333333333337,0.0,0.0,3.0,2.4375
seed-12324-pa-0.65-pb-0.65,seed-12324-pa-0.65-pb-0.65:2,bandit,2,2.501928011042974,3.2038922459970847,1.3333333333333337,1.3333333333333337,0.0,0.0,-2.0,3.565625
seed-12324-pa-0.65-pb-0.65,seed-12324-pa-0.65-pb-0.65:3,bandit,3,2.6368710061149017,3.289160066414496,1.75,1.75,0.0,0.0,3.0,4.637343749999999
seed-12324-pa-0.65-pb-0.65,seed-12324-pa-0.65-pb-0.65:4,bandit,4,1.6882616875182244,3.3701644958110366,1.0,1.0,0.0,0.0,-2.0,5.6554765625
seed-12324-pa-0.65-pb-0.65,seed-12324-pa-0.65-pb-0.65:5,bandit,5,3.001928011042974,3.4471187037377504,1.0,1.0,0.0,0.0,3.0,6.622702734374999
seed-12324-pa-0.65-pb-0.65,seed-12324-pa-0.65-pb-0.65:6,bandit,6,1.8259394198788428,3.5202252012681283,0.5,0.5,0.0,0.0,-2.0,7.5415675976562495
seed-12324-pa-0.65-pb-0.65,seed-12324-pa-0.65-pb-0.65:7,bandit,7,3.561967589003199,3.589676373921987,1.0,1.0,0.0,0.0,3.0,8.414489217773436
seed-12324-pa-0.65-pb-0.65,seed-12324-pa-0.65-pb-0.65:8,bandit,8,2.5632616875182244,3.6556549879431532,1.0,1.0,0.0,0.0,3.0,9.243764756884765
seed-12324-pa-0.65-pb-0.65,seed-12324-pa-0.65-pb-0.65:9,bandit,9,2.8769290813453736,3.718334671263261,1.125,1.125,0.0,0.0,3.0,10.031576519040527
seed-12324-pa-0.65-pb-0.65,seed-12324-pa-0.65-pb-0.65:10,bandit,10,3.392675057605601,3.7778803704173636,1.3333333333333337,1.3333333333333337,0.0,0.0,3.0,10.7799976930885
seed-12324-pa-0.65-pb-0.65,seed-12324-pa-0.65-pb-0.65:11,bandit,11,3.392675057605601,3.8344487846137607,1.5,1.5,0.0,0.0,3.0,11.490997808434075
seed-12324-pa-0.65-pb-0.65,seed-12324-pa-0.65-pb-0.65:12,bandit,12,3.5075990353171704,3.888188778100338,1.1818181818181817,1.1818181818181817,0.0,0.0,-2.0,12.166447918012372
seed-12324-pa-0.65-pb-0.65,seed-12324-pa-0.65-pb-0.65:13,bandit,13,5.1630413716877825,3.9392417719125867,1.3333333333333337,1.3333333333333337,0.0,0.0,3.0,12.808125522111753
seed-12324-pa-0.65-pb-0.65,seed-12324-pa-0.65-pb-0.65:14,bandit,14,4.929882179158078,3.9877421160342226,1.3333333333333337,1.3333333333333337,0.0,0.0,3.0,13.417719246006165
seed-12324-pa-0.65-pb-0.65,seed-12324-pa-0.65-pb-0.65:15,bandit,15,5.15475041827262,4.033817442949777,1.4615384615384617,1.4615384615384617,0.0,0.0,3.0,13.996833283705856
seed-12324-pa-0.65-pb-0.65,seed-12324-pa-0.65-pb-0.65:16,bandit,16,5.15475041827262,4.077589003519553,1.5714285714285716,1.5714285714285716,0.0,0.0,3.0,14.546991619520563
seed-12324-pa-0.65-pb-0.65,seed-12324-pa-0.65-pb-0.65:17,bandit,17,4.474076984180108,4.119171986060842,1.3333333333333337,1.3333333333333337,0.0,0.0,-2.0,15.069642038544535
seed-12324-pa-0.65-pb-0.65,seed-12324-pa-0.65-pb-0.65:18,bandit,18,3.5681471805599436,4.158675819475064,1.3333333333333337,1.3333333333333337,0.0,0.0,-2.0,15.566159936617307
seed-12324-pa-0.65-pb-0.65,seed-12324-pa-0.65-pb-0.65:19,bandit,19,3.575939419878843,4.196204461218577,1.125,1.125,0.0,0.0,-2.0,16.037851939786442
seed-12324-pa-0.65-pb-0.65,seed-12324-pa-0.65-pb-0.65:20,bandit,20,3.3037006782765204,4.2318566708749135,0.9411764705882356,0.9411764705882356,0.0,0.0,-2.0,16.48595934279712
seed-12324-pa-0.65-pb-0.65,seed-12324-pa-0.65-pb-0.65:21,bandit,21,5.21393946547494,4.265726270048432,1.0555555555555554,1.0555555555555554,0.0,0.0,3.0,16.91166137565726
seed-12324-pa-0.65-pb-0.65,seed-12324-pa-0.65-pb-0.65:22,bandit,22,4.811967589003199,4.297902389263276,1.1578947368421053,1.1578947368421053,0.0,0.0,3.0,17.316078306874395
seed-12324-pa-0.65-pb-0.65,seed-12324-pa-0.65-pb-0.65:23,bandit,23,4.943147180559944,4.328469702517378,1.0,1.0,0.0,0.0,-2.0,17.700274391530673
seed-12324-pa-0.65-pb-0.65,seed-12324-pa-0.65-pb-0.65:24,bandit,24,5.28364569998304,4.357508650108774,1.0952380952380951,1.0952380952380951,0.0,0.0,3.0,18.06526067195414
seed-12324-pa-0.65-pb-0.65,seed-12324-pa-0.65-pb-0.65:25,bandit,25,4.42870067827652,4.385095650320601,0.9545454545454546,0.9545454545454546,0.0,0.0,-2.0,18.411997638356432
seed-12324-pa-0.65-pb-0.65,seed-12324-pa-0.65-pb-0.65:26,bandit,26,3.55474463538566,4.411303300521836,0.8571428571428572,0.8571428571428572,0.0,0.0,-2.0,18.74139775643861
seed-12324-pa-0.65-pb-0.65,seed-12324-pa-0.65-pb-0.65:27,bandit,27,3.7378222787715703,4.4362005682130095,0.8571428571428572,0.8571428571428572,0.0,0.0,-2.0,19.054327868616678
seed-12324-pa-0.65-pb-0.65,seed-12324-pa-0.65-pb-0.65:28,bandit,28,5.0380413716877825,4.4598529725196245,0.8571428571428572,0.8571428571428572,0.0,0.0,3.0,19.351611475185845
seed-12324-pa-0.65-pb-0.65,seed-12324-pa-0.65-pb-0.65:29,bandit,29,4.90475041827262,4.482322756610909,0.8846153846153846,0.8846153846153846,0.0,0.0,3.0,19.634030901426552
seed-12324-pa-0.65-pb-0.65,seed-12324-pa-0.65-pb-0.65:30,bandit,30,5.141034256080317,4.503669051497629,0.9629629629629628,0.9629629629629628,0.0,0.0,3.0,19.902329356355224
seed-12324-pa-0.65-pb-0.65,seed-12324-pa-0.65-pb-0.65:31,bandit,31,5.141034256080317,4.523948031640013,1.0357142857142856,1.0357142857142856,0.0,0.0,3.0,20.15721288853746
seed-12324-pa-0.65-pb-0.65,seed-12324-pa-0.65-pb-0.65:32,bandit,32,5.014163456931506,4.543213062775278,1.103448275862069,1.103448275862069,0.0,0.0,3.0,20.399352244110588
seed-12324-pa-0.65-pb-0.65,seed-12324-pa-0.65-pb-0.65:33,bandit,33,4.766034256080317,4.561514842353779,1.1666666666666663,1.1666666666666663,0.0,0.0,3.0,20.629384631905058
seed-12324-pa-0.65-pb-0.65,seed-12324-pa-0.65-pb-0.65:34,bandit,34,5.05474463538566,4.578901532953355,1.064516129032258,1.064516129032258,0.0,0.0,-2.0,20.847915400309805
seed-12324-pa-0.65-pb-0.65,seed-12324-pa-0.65-pb-0.65:35,bandit,35,5.520541900901097,4.5954188890229535,1.125,1.125,0.0,0.0,3.0,21.055519630294313
seed-12324-pa-0.65-pb-0.65,seed-12324-pa-0.65-pb-0.65:36,bandit,36,5.389163456931506,4.611110377289071,1.1818181818181817,1.1818181818181817,0.0,0.0,3.0,21.252743648779596
seed-12324-pa-0.65-pb-0.65,seed-12324-pa-0.65-pb-0.65:37,bandit,37,5.261047744848593,4.626017291141882,1.2352941176470589,1.2352941176470589,0.0,0.0,3.0,21.440106466340616
seed-12324-pa-0.65-pb-0.65,seed-12324-pa-0.65-pb-0.65:38,bandit,38,5.137509570276173,4.640178859302054,1.2857142857142856,1.2857142857142856,0.0,0.0,3.0,21.618101143023583
seed-12324-pa-0.65-pb-0.65,seed-12324-pa-0.65-pb-0.65:39,bandit,39,4.889163456931506,4.653632349054217,1.3333333333333337,1.3333333333333337,0.0,0.0,3.0,21.787196085872402
seed-12324-pa-0.65-pb-0.65,seed-12324-pa-0.65-pb-0.65:40,bandit,40,4.766034256080317,4.6664131643187705,1.3783783783783785,1.3783783783783785,0.0,0.0,3.0,21.94783628157878
seed-12324-pa-0.65-pb-0.65,seed-12324-pa-0.65-pb-0.65:41,bandit,41,4.887509570276173,4.678554938820097,1.4210526315789471,1.4210526315789471,0.0,0.0,3.0,22.10044446749984
seed-12324-pa-0.65-pb-0.65,seed-12324-pa-0.65-pb-0.65:42,bandit,42,5.386047744848593,4.690089624596358,1.4615384615384617,1.4615384615384617,0.0,0.0,3.0,22.24542224412485
seed-12324-pa-0.65-pb-0.65,seed-12324-pa-0.65-pb-0.65:43,bandit,43,4.203889734292549,4.7010475760838055,1.375,1.375,0.0,0.0,-2.0,22.383151131918606
seed-12324-pa-0.65-pb-0.65,seed-12324-pa-0.65-pb-0.65:44,bandit,44,3.436967589003199,4.711457629996881,1.292682926829268,1.292682926829268,0.0,0.0,-2.0,22.513993575322676
seed-12324-pa-0.65-pb-0.65,seed-12324-pa-0.65-pb-0.65:45,bandit,45,3.78364569998304,4.721347181214302,1.2142857142857144,1.2142857142857144,0.0,0.0,-2.0,22.63829389655654
seed-12324-pa-0.65-pb-0.65,seed-12324-pa-0.65-pb-0.65:46,bandit,46,5.651300195186874,4.730742254870853,1.2142857142857144,1.2142857142857144,0.0,0.0,3.0,22.756379201728713
seed-12324-pa-0.65-pb-0.65,seed-12324-pa-0.65-pb-0.65:47,bandit,47,4.90475041827262,4.739667574844575,1.255813953488372,1.255813953488372,0.0,0.0,3.0,22.868560241642275
seed-12324-pa-0.65-pb-0.65,seed-12324-pa-0.65-pb-0.65:48,bandit,48,5.268149927917811,4.748146628819612,1.2954545454545454,1.2954545454545454,0.0,0.0,3.0,22.97513222956016
seed-12324-pa-0.65-pb-0.65,seed-12324-pa-0.65-pb-0.65:49,bandit,49,5.141034256080317,4.756201730095896,1.3333333333333337,1.3333333333333337,0.0,0.0,3.0,23.07637561808215
seed-12324-pa-0.65-pb-0.65,seed-12324-pa-0.65-pb-0.65:50,bandit,50,5.141034256080317,4.763854076308367,1.3695652173913042,1.3695652173913042,0.0,0.0,3.0,23.172556837178043
seed-12324-pa-0.65-pb-0.65,seed-12324-pa-0.65-pb-0.65:51,bandit,51,5.139163456931506,4.771123805210214,1.4042553191489362,1.4042553191489362,0.0,0.0,3.0,23.26392899531914
seed-12324-pa-0.65-pb-0.65,seed-12324-pa-0.65-pb-0.65:52,bandit,52,5.389163456931506,4.778030047666968,1.4375,1.4375,0.0,0.0,3.0,23.350732545553182
seed-12324-pa-0.65-pb-0.65,seed-12324-pa-0.65-pb-0.65:53,bandit,53,5.141034256080317,4.784590978000885,1.469387755102041,1.469387755102041,0.0,0.0,3.0,23.433195918275523
seed-12324-pa-0.65-pb-0.65,seed-12324-pa-0.65-pb-0.65:54,bandit,54,4.953889734292549,4.790823861818106,1.4,1.4,0.0,0.0,-2.0,23.511536122361747
seed-12324-pa-0.65-pb-0.65,seed-12324-pa-0.65-pb-0.65:55,bandit,55,5.768149927917811,4.796745101444467,1.4313725490196076,1.4313725490196076,0.0,0.0,3.0,23.58595931624366
seed-12324-pa-0.65-pb-0.65,seed-12324-pa-0.65-pb-0.65:56,bandit,56,5.762509570276173,4.802370279089509,1.4615384615384617,1.4615384615384617,0.0,0.0,3.0,23.656661350431477
seed-12324-pa-0.65-pb-0.65,seed-12324-pa-0.65-pb-0.65:57,bandit,57,5.758614483762177,4.807714197852299,1.490566037735849,1.490566037735849,0.0,0.0,3.0,23.723828282909903
seed-12324-pa-0.65-pb-0.65,seed-12324-pa-0.65-pb-0.65:58,bandit,58,5.203889734292549,4.8127909206769495,1.425925925925926,1.425925925925926,0.0,0.0,-2.0,23.787636868764405
seed-12324-pa-0.65-pb-0.65,seed-12324-pa-0.65-pb-0.65:59,bandit,59,5.891034256080317,4.817613807360367,1.4545454545454546,1.4545454545454546,0.0,0.0,3.0,23.848255025326186
seed-12324-pa-0.65-pb-0.65,seed-12324-pa-0.65-pb-0.65:60,bandit,60,4.71393946547494,4.822195549709614,1.3928571428571428,1.3928571428571428,0.0,0.0,-2.0,23.905842274059875
seed-12324-pa-0.65-pb-0.65,seed-12324-pa-0.65-pb-0.65:61,bandit,61,4.4449361996449746,4.826548204941399,1.3333333333333337,1.3333333333333337,0.0,0.0,-2.0,23.96055016035688
seed-12324-pa-0.65-pb-0.65,seed-12324-pa-0.65-pb-0.65:62,bandit,62,6.508614483762177,4.830683227411594,1.3620689655172415,1.3620689655172415,0.0,0.0,3.0,24.012522652339037
seed-12324-pa-0.65-pb-0.65,seed-12324-pa-0.65-pb-0.65:63,bandit,63,6.134755911000223,4.83461149875828,1.389830508474576,1.389830508474576,0.0,0.0,3.0,24.061896519722083
seed-12324-pa-0.65-pb-0.65,seed-12324-pa-0.65-pb-0.65:64,bandit,64,6.008614483762177,4.8383433565376315,1.4166666666666663,1.4166666666666663,0.0,0.0,3.0,24.108801693735977
seed-12324-pa-0.65-pb-0.65,seed-12324-pa-0.65-pb-0.65:65,bandit,65,6.007606094404334,4.841888621428015,1.442622950819672,1.442622950819672,0.0,0.0,3.0,24.153361609049178
seed-12324-pa-0.65-pb-0.65,seed-12324-pa-0.65-pb-0.65:66,bandit,66,5.759755911000223,4.84525662307388,1.467741935483871,1.467741935483871,0.0,0.0,3.0,24.195693528596717
seed-12324-pa-0.65-pb-0.65,seed-12324-pa-0.65-pb-0.65:67,bandit,67,5.883614483762177,4.8484562246374505,1.492063492063492,1.492063492063492,0.0,0.0,3.0,24.23590885216688
seed-12340-pa-0.65-pb-0.65,seed-12340-pa-0.65-pb-0.65:0,bandit,0,4.203889734292549,3.019657066147831,0.5,0.5,0.0,0.0,0.0,1.25
seed-12340-pa-0.65-pb-0.65,seed-12340-pa-0.65-pb-0.65:1,bandit,1,4.42870067827652,3.114136645557705,1.3333333333333337,1.3333333333333337,0.0,0.0,3.0,2.4375
seed-12340-pa-0.65-pb-0.65,seed-12340-pa-0.65-pb-0.65:2,bandit,2,3.6368710061149017,3.2038922459970847,0.5,0.5,0.0,0.0,-2.0,3.565625
seed-12340-pa-0.65-pb-0.65,seed-12340-pa-0.65-pb-0.65:3,bandit,3,4.71393946547494,3.289160066414496,1.0,1.0,0.0,0.0,3.0,4.637343749999999
seed-12340-pa-0.65-pb-0.65,seed-12340-pa-0.65-pb-0.65:4,bandit,4,1.9754126516016477,3.3701644958110366,0.5,0.5,0.0,0.0,-2.0,5.6554765625
seed-12340-pa-0.65-pb-0.65,seed-12340-pa-0.65-pb-0.65:5,bandit,5,4.600206558916746,3.4471187037377504,1.3333333333333337,1.3333333333333337,0.0,0.0,3.0,6.622702734374999
seed-12340-pa-0.65-pb-0.65,seed-12340-pa-0.65-pb-0.65:6,bandit,6,3.6602241504380864,3.5202252012681283,1.3333333333333337,1.3333333333333337,0.0,0.0,3.0,7.5415675976562495
seed-12340-pa-0.65-pb-0.65,seed-12340-pa-0.65-pb-0.65:7,bandit,7,3.1602241504380864,3.589676373921987,1.3333333333333337,1.3333333333333337,0.0,0.0,3.0,8.414489217773436
seed-12340-pa-0.65-pb-0.65,seed-12340-pa-0.65-pb-0.65:8,bandit,8,3.0984445810050545,3.6556549879431532,1.3333333333333337,1.3333333333333337,0.0,0.0,-2.0,9.243764756884765
seed-12340-pa-0.65-pb-0.65,seed-12340-pa-0.65-pb-0.65:9,bandit,9,4.328889734292549,3.718334671263261,1.3333333333333337,1.3333333333333337,0.0,0.0,3.0,10.031576519040527
seed-12340-pa-0.65-pb-0.65,seed-12340-pa-0.65-pb-0.65:10,bandit,10,4.0699361996449746,3.7778803704173636,1.3333333333333337,1.3333333333333337,0.0,0.0,3.0,10.7799976930885
seed-12340-pa-0.65-pb-0.65,seed-12340-pa-0.65-pb-0.65:11,bandit,11,4.292999079229087,3.8344487846137607,1.3333333333333337,1.3333333333333337,0.0,0.0,3.0,11.490997808434075
seed-12340-pa-0.65-pb-0.65,seed-12340-pa-0.65-pb-0.65:12,bandit,12,4.1630413716877825,3.888188778100338,1.4615384615384617,1.4615384615384617,0.0,0.0,3.0,12.166447918012372
seed-12340-pa-0.65-pb-0.65,seed-12340-pa-0.65-pb-0.65:13,bandit,13,4.4130413716877825,3.9392417719125867,1.5714285714285716,1.5714285714285716,0.0,0.0,3.0,12.808125522111753
seed-12340-pa-0.65-pb-0.65,seed-12340-pa-0.65-pb-0.65:14,bandit,14,4.40864569998304,3.9877421160342226,1.6666666666666663,1.6666666666666663,0.0,0.0,3.0,13.417719246006165
seed-12340-pa-0.65-pb-0.65,seed-12340-pa-0.65-pb-0.65:15,bandit,15,3.975206558916746,4.033817442949777,1.4375,1.4375,0.0,0.0,-2.0,13.996833283705856
seed-12340-pa-0.65-pb-0.65,seed-12340-pa-0.65-pb-0.65:16,bandit,16,4.78364569998304,4.077589003519553,1.5294117647058822,1.5294117647058822,0.0,0.0,3.0,14.546991619520563
seed-12340-pa-0.65-pb-0.65,seed-12340-pa-0.65-pb-0.65:17,bandit,17,4.776300195186874,4.119171986060842,1.6111111111111112,1.6111111111111112,0.0,0.0,3.0,15.069642038544535
seed-12340-pa-0.65-pb-0.65,seed-12340-pa-0.65-pb-0.65:18,bandit,18,4.648245464372426,4.158675819475064,1.6842105263157894,1.6842105263157894,0.0,0.0,3.0,15.566159936617307
seed-12340-pa-0.65-pb-0.65,seed-12340-pa-0.65-pb-0.65:19,bandit,19,4.54858735157374,4.196204461218577,1.5,1.5,0.0,0.0,-2.0,16.037851939786442
seed-12340-pa-0.65-pb-0.65,seed-12340-pa-0.65-pb-0.65:20,bandit,20,3.2378222787715707,4.2318566708749135,1.3333333333333337,1.3333333333333337,0.0,0.0,-2.0,16.48595934279712
seed-12340-pa-0.65-pb-0.65,seed-12340-pa-0.65-pb-0.65:21,bandit,21,5.273245464372426,4.265726270048432,1.4090909090909092,1.4090909090909092,0.0,0.0,3.0,16.91166137565726
seed-12340-pa-0.65-pb-0.65,seed-12340-pa-0.65-pb-0.65:22,bandit,22,4.898245464372426,4.297902389263276,1.4782608695652173,1.4782608695652173,0.0,0.0,3.0,17.316078306874395
seed-12340-pa-0.65-pb-0.65,seed-12340-pa-0.65-pb-0.65:23,bandit,23,5.17358735157374,4.328469702517378,1.75,1.75,0.0,0.0,3.0,17.700274391530673
seed-12340-pa-0.65-pb-0.65,seed-12340-pa-0.65-pb-0.65:24,bandit,24,5.276300195186874,4.357508650108774,1.75,1.75,0.0,0.0,3.0,18.06526067195414
seed-12340-pa-0.65-pb-0.65,seed-12340-pa-0.65-pb-0.65:25,bandit,25,5.398245464372426,4.385095650320601,1.75,1.75,0.0,0.0,3.0,18.411997638356432
seed-12340-pa-0.65-pb-0.65,seed-12340-pa-0.65-pb-0.65:26,bandit,26,5.151300195186874,4.411303300521836,1.75,1.75,0.0,0.0,3.0,18.74139775643861
seed-12340-pa-0.65-pb-0.65,seed-12340-pa-0.65-pb-0.65:27,bandit,27,4.929882179158078,4.4362005682130095,1.75,1.75,0.0,0.0,-2.0,19.054327868616678
seed-12340-pa-0.65-pb-0.65,seed-12340-pa-0.65-pb-0.65:28,bandit,28,5.65864569998304,4.4598529725196245,1.75,1.75,0.0,0.0,3.0,19.351611475185845
seed-12340-pa-0.65-pb-0.65,seed-12340-pa-0.65-pb-0.65:29,bandit,29,5.52975041827262,4.482322756610909,1.75,1.75,0.0,0.0,3.0,19.634030901426552
seed-12340-pa-0.65-pb-0.65,seed-12340-pa-0.65-pb-0.65:30,bandit,30,5.520541900901097,4.503669051497629,1.75,1.75,0.0,0.0,3.0,19.902329356355224
seed-12340-pa-0.65-pb-0.65,seed-12340-pa-0.65-pb-0.65:31,bandit,31,5.523245464372426,4.523948031640013,1.75,1.75,0.0,0.0,3.0,20.15721288853746
seed-12340-pa-0.65-pb-0.65,seed-12340-pa-0.65-pb-0.65:32,bandit,32,5.401300195186874,4.543213062775278,1.75,1.75,0.0,0.0,3.0,20.399352244110588
seed-12340-pa-0.65-pb-0.65,seed-12340-pa-0.65-pb-0.65:33,bandit,33,5.40864569998304,4.561514842353779,1.75,1.75,0.0,0.0,-2.0,20.629384631905058
seed-12340-pa-0.65-pb-0.65,seed-12340-pa-0.65-pb-0.65:34,bandit,34,5.65864569998304,4.578901532953355,1.75,1.75,0.0,0.0,3.0,20.847915400309805
seed-12340-pa-0.65-pb-0.65,seed-12340-pa-0.65-pb-0.65:35,bandit,35,5.90864569998304,4.5954188890229535,2.0,2.0,0.0,0.0,3.0,21.055519630294313
seed-12340-pa-0.65-pb-0.65,seed-12340-pa-0.65-pb-0.65:36,bandit,36,5.554882179158078,4.611110377289071,2.0,2.0,0.0,0.0,-2.0,21.252743648779596
seed-12340-pa-0.65-pb-0.65,seed-12340-pa-0.65-pb-0.65:37,bandit,37,4.71393946547494,4.626017291141882,2.0,2.0,0.0,0.0,-2.0,21.440106466340616
seed-12340-pa-0.65-pb-0.65,seed-12340-pa-0.65-pb-0.65:38,bandit,38,6.65475041827262,4.640178859302054,2.0,2.0,0.0,0.0,3.0,21.618101143023583
seed-12340-pa-0.65-pb-0.65,seed-12340-pa-0.65-pb-0.65:39,bandit,39,5.46393946547494,4.653632349054217,2.0,2.0,0.0,0.0,-2.0,21.787196085872402
seed-12340-pa-0.65-pb-0.65,seed-12340-pa-0.65-pb-0.65:40,bandit,40,4.328889734292549,4.6664131643187705,2.0,2.0,0.0,0.0,-2.0,21.94783628157878
seed-12340-pa-0.65-pb-0.65,seed-12340-pa-0.65-pb-0.65:41,bandit,41,3.9102241504380864,4.678554938820097,1.3333333333333337,1.3333333333333337,0.0,0.0,-2.0,22.10044446749984
seed-12340-pa-0.65-pb-0.65,seed-12340-pa-0.65-pb-0.65:42,bandit,42,4.100206558916746,4.690089624596358,1.3333333333333337,1.3333333333333337,0.0,0.0,-2.0,22.24542224412485
seed-12340-pa-0.65-pb-0.65,seed-12340-pa-0.65-pb-0.65:43,bandit,43,6.1630413716877825,4.7010475760838055,1.3333333333333337,1.3333333333333337,0.0,0.0,3.0,22.383151131918606
seed-12340-pa-0.65-pb-0.65,seed-12340-pa-0.65-pb-0.65:44,bandit,44,5.0699361996449746,4.711457629996881,1.3333333333333337,1.3333333333333337,0.0,0.0,-2.0,22.513993575322676
seed-12340-pa-0.65-pb-0.65,seed-12340-pa-0.65-pb-0.65:45,bandit,45,6.4130413716877825,4.721347181214302,1.3333333333333337,1.3333333333333337,0.0,0.0,3.0,22.63829389655654
seed-12340-pa-0.65-pb-0.65,seed-12340-pa-0.65-pb-0.65:46,bandit,46,5.679882179158078,4.730742254870853,1.3333333333333337,1.3333333333333337,0.0,0.0,-2.0,22.756379201728713
seed-12340-pa-0.65-pb-0.65,seed-12340-pa-0.65-pb-0.65:47,bandit,47,6.40864569998304,4.739667574844575,1.3333333333333337,1.3333333333333337,0.0,0.0,3.0,22.868560241642275
seed-12340-pa-0.65-pb-0.65,seed-12340-pa-0.65-pb-0.65:48,bandit,48,6.27975041827262,4.748146628819612,1.3333333333333337,1.3333333333333337,0.0,0.0,3.0,22.97513222956016
seed-12340-pa-0.65-pb-0.65,seed-12340-pa-0.65-pb-0.65:49,bandit,49,6.270541900901097,4.756201730095896,1.3333333333333337,1.3333333333333337,0.0,0.0,3.0,23.07637561808215
seed-12340-pa-0.65-pb-0.65,seed-12340-pa-0.65-pb-0.65:50,bandit,50,6.145541900901097,4.763854076308367,1.3333333333333337,1.3333333333333337,0.0,0.0,3.0,23.172556837178043
seed-12340-pa-0.65-pb-0.65,seed-12340-pa-0.65-pb-0.65:51,bandit,51,6.023245464372426,4.771123805210214,1.3673469387755102,1.3673469387755102,0.0,0.0,3.0,23.26392899531914
seed-12340-pa-0.65-pb-0.65,seed-12340-pa-0.65-pb-0.65:52,bandit,52,6.020541900901097,4.778030047666968,1.4,1.4,0.0,0.0,3.0,23.350732545553182
seed-12340-pa-0.65-pb-0.65,seed-12340-pa-0.65-pb-0.65:53,bandit,53,5.898245464372426,4.784590978000885,1.4313725490196076,1.4313725490196076,0.0,0.0,3.0,23.433195918275523
seed-12340-pa-0.65-pb-0.65,seed-12340-pa-0.65-pb-0.65:54,bandit,54,5.895541900901097,4.790823861818106,1.4615384615384617,1.4615384615384617,0.0,0.0,3.0,23.511536122361747
seed-12340-pa-0.65-pb-0.65,seed-12340-pa-0.65-pb-0.65:55,bandit,55,6.020541900901097,4.796745101444467,1.490566037735849,1.490566037735849,0.0,0.0,3.0,23.58595931624366
seed-12340-pa-0.65-pb-0.65,seed-12340-pa-0.65-pb-0.65:56,bandit,56,6.023245464372426,4.802370279089509,1.425925925925926,1.425925925925926,0.0,0.0,-2.0,23.656661350431477
seed-12340-pa-0.65-pb-0.65,seed-12340-pa-0.65-pb-0.65:57,bandit,57,6.773245464372426,4.807714197852299,1.4545454545454546,1.4545454545454546,0.0,0.0,3.0,23.723828282909903
seed-12340-pa-0.65-pb-0.65,seed-12340-pa-0.65-pb-0.65:58,bandit,58,5.54858735157374,4.8127909206769495,1.3928571428571428,1.3928571428571428,0.0,0.0,-2.0,23.787636868764405
seed-12340-pa-0.65-pb-0.65,seed-12340-pa-0.65-pb-0.65:59,bandit,59,4.703889734292549,4.817613807360367,1.3333333333333337,1.3333333333333337,0.0,0.0,-2.0,23.848255025326186
seed-12340-pa-0.65-pb-0.65,seed-12340-pa-0.65-pb-0.65:60,bandit,60,4.350206558916746,4.822195549709614,1.3333333333333337,1.3333333333333337,0.0,0.0,-2.0,23.905842274059875
seed-12340-pa-0.65-pb-0.65,seed-12340-pa-0.65-pb-0.65:61,bandit,61,6.895541900901097,4.826548204941399,1.3333333333333337,1.3333333333333337,0.0,0.0,3.0,23.96055016035688
seed-12340-pa-0.65-pb-0.65,seed-12340-pa-0.65-pb-0.65:62,bandit,62,5.78364569998304,4.830683227411594,1.3333333333333337,1.3333333333333337,0.0,0.0,-2.0,24.012522652339037
seed-12340-pa-0.65-pb-0.65,seed-12340-pa-0.65-pb-0.65:63,bandit,63,6.651300195186874,4.83461149875828,1.3333333333333337,1.3333333333333337,0.0,0.0,3.0,24.061896519722083
seed-12340-pa-0.65-pb-0.65,seed-12340-pa-0.65-pb-0.65:64,bandit,64,6.645541900901097,4.8383433565376315,1.3333333333333337,1.3333333333333337,0.0,0.0,3.0,24.108801693735977
seed-12340-pa-0.65-pb-0.65,seed-12340-pa-0.65-pb-0.65:65,bandit,65,6.514163456931506,4.841888621428015,1.3333333333333337,1.3333333333333337,0.0,0.0,3.0,24.153361609049178
seed-12340-pa-0.65-pb-0.65,seed-12340-pa-0.65-pb-0.65:66,bandit,66,6.391034256080317,4.84525662307388,1.359375,1.359375,0.0,0.0,3.0,24.195693528596717
seed-12340-pa-0.65-pb-0.65,seed-12340-pa-0.65-pb-0.65:67,bandit,67,6.391034256080317,4.8484562246374505,1.3846153846153846,1.3846153846153846,0.0,0.0,3.0,24.23590885216688
seed-12340-pa-0.65-pb-0.65,seed-12340-pa-0.65-pb-0.65:68,bandit,68,6.389163456931506,4.851495846122844,1.4090909090909092,1.4090909090909092,0.0,0.0,3.0,24.274113409558534
seed-12340-pa-0.65-pb-0.65,seed-12340-pa-0.65-pb-0.65:69,bandit,69,6.389163456931506,4.854383486533967,1.4328358208955223,1.4328358208955223,0.0,0.0,3.0,24.310407739080606
seed-12340-pa-0.65-pb-0.65,seed-12340-pa-0.65-pb-0.65:70,bandit,70,6.139163456931506,4.857126744924534,1.4558823529411766,1.4558823529411766,0.0,0.0,3.0,24.344887352126573
seed-12340-pa-0.65-pb-0.65,seed-12340-pa-0.65-pb-0.65:71,bandit,71,6.264163456931506,4.859732840395572,1.4782608695652173,1.4782608695652173,0.0,0.0,3.0,24.377642984520243
seed-12340-pa-0.65-pb-0.65,seed-12340-pa-0.65-pb-0.65:72,bandit,72,6.143149927917811,4.8622086310930595,1.4285714285714284,1.4285714285714284,0.0,0.0,-2.0,24.40876083529423
seed-12340-pa-0.65-pb-0.65,seed-12340-pa-0.65-pb-0.65:73,bandit,73,6.648245464372426,4.864560632255672,1.4507042253521123,1.4507042253521123,0.0,0.0,3.0,24.43832279352952
seed-12340-pa-0.65-pb-0.65,seed-12340-pa-0.65-pb-0.65:74,bandit,74,6.520541900901097,4.8667950333601535,1.4722222222222223,1.4722222222222223,0.0,0.0,3.0,24.466406653853042
seed-12340-pa-0.65-pb-0.65,seed-12340-pa-0.65-pb-0.65:75,bandit,75,6.151300195186874,4.8689177144094105,1.4246575342465753,1.4246575342465753,0.0,0.0,-2.0,24.493086321160387
seed-12340-pa-0.65-pb-0.65,seed-12340-pa-0.65-pb-0.65:76,bandit,76,5.561967589003199,4.870934261406205,1.4246575342465753,1.4246575342465753,0.0,0.0,-2.0,24.518432005102365
seed-12340-pa-0.65-pb-0.65,seed-12340-pa-0.65-pb-0.65:77,bandit,77,7.262509570276173,4.872849981053161,1.445945945945946,1.445945945945946,0.0,0.0,3.0,24.542510404847246
seed-12340-pa-0.65-pb-0.65,seed-12340-pa-0.65-pb-0.65:78,bandit,78,6.768149927917811,4.874669914717768,1.4666666666666668,1.4666666666666668,0.0,0.0,3.0,24.56538488460488
seed-12340-pa-0.65-pb-0.65,seed-12340-pa-0.65-pb-0.65:79,bandit,79,6.884755911000223,4.876398851699145,1.486842105263158,1.486842105263158,0.0,0.0,3.0,24.587115640374638
seed-12340-pa-0.65-pb-0.65,seed-12340-pa-0.65-pb-0.65:80,bandit,80,6.761047744848593,4.878041341831453,1.5064935064935066,1.5064935064935066,0.0,0.0,3.0,24.607759858355905
seed-12340-pa-0.65-pb-0.65,seed-12340-pa-0.65-pb-0.65:81,bandit,81,6.761047744848593,4.879601707457145,1.5256410256410255,1.5256410256410255,0.0,0.0,3.0,24.627371865438107
seed-12340-pa-0.65-pb-0.65,seed-12340-pa-0.65-pb-0.65:82,bandit,82,6.512509570276173,4.881084054801554,1.5443037974683542,1.5443037974683542,0.0,0.0,3.0,24.6460032721662
seed-12340-pa-0.65-pb-0.65,seed-12340-pa-0.65-pb-0.65:83,bandit,83,6.389163456931506,4.882492284778741,1.5625,1.5625,0.0,0.0,3.0,24.66370310855789
seed-12340-pa-0.65-pb-0.65,seed-12340-pa-0.65-pb-0.65:84,bandit,84,6.389163456931506,4.883830103257069,1.5802469135802468,1.5802469135802468,0.0,0.0,3.0,24.680517953129993
seed-12340-pa-0.65-pb-0.65,seed-12340-pa-0.65-pb-0.65:85,bandit,85,6.512509570276173,4.885101030811481,1.5975609756097562,1.5975609756097562,0.0,0.0,3.0,24.69649205547349
seed-12340-pa-0.65-pb-0.65,seed-12340-pa-0.65-pb-0.65:86,bandit,86,6.395541900901097,4.886308411988173,1.5542168674698793,1.5542168674698793,0.0,0.0,-2.0,24.711667452699817
seed-12340-pa-0.65-pb-0.65,seed-12340-pa-0.65-pb-0.65:87,bandit,87,6.898245464372426,4.8874554241060295,1.5714285714285716,1.5714285714285716,0.0,0.0,3.0,24.726084080064826
seed-12340-pa-0.65-pb-0.65,seed-12340-pa-0.65-pb-0.65:88,bandit,88,6.773245464372426,4.888545085617993,1.5882352941176472,1.5882352941176472,0.0,0.0,3.0,24.739779876061583
seed-12340-pa-0.65-pb-0.65,seed-12340-pa-0.65-pb-0.65:89,bandit,89,6.1630413716877825,4.889580264054359,1.5465116279069768,1.5465116279069768,0.0,0.0,-2.0,24.752790882258502
seed-12340-pa-0.65-pb-0.65,seed-12340-pa-0.65-pb-0.65:90,bandit,90,5.429882179158078,4.890563683568907,1.5057471264367814,1.5057471264367814,0.0,0.0,-2.0,24.765151338145575
seed-12340-pa-0.65-pb-0.65,seed-12340-pa-0.65-pb-0.65:91,bandit,91,7.139163456931506,4.891497932107726,1.522727272727273,1.522727272727273,0.0,0.0,3.0,24.776893771238296
seed-12340-pa-0.65-pb-0.65,seed-12340-pa-0.65-pb-0.65:92,bandit,92,6.893149927917811,4.892385468219605,1.5393258426966292,1.5393258426966292,0.0,0.0,3.0,24.78804908267638
seed-12340-pa-0.65-pb-0.65,seed-12340-pa-0.65-pb-0.65:93,bandit,93,6.639163456931506,4.8932286275258905,1.5555555555555554,1.5555555555555554,0.0,0.0,3.0,24.79864662854256
seed-12340-pa-0.65-pb-0.65,seed-12340-pa-0.65-pb-0.65:94,bandit,94,6.401300195186874,4.8940296288668605,1.5164835164835164,1.5164835164835164,0.0,0.0,-2.0,24.80871429711543
seed-12340-pa-0.65-pb-0.65,seed-12340-pa-0.65-pb-0.65:95,bandit,95,5.67358735157374,4.894790580140783,1.4782608695652173,1.4782608695652173,0.0,0.0,-2.0,24.818278582259655
seed-12340-pa-0.65-pb-0.65,seed-12340-pa-0.65-pb-0.65:96,bandit,96,6.766034256080317,4.895513483851009,1.4946236559139785,1.4946236559139785,0.0,0.0,3.0,24.82736465314667
seed-12340-pa-0.65-pb-0.65,seed-12340-pa-0.65-pb-0.65:97,bandit,97,6.648245464372426,4.896200242375724,1.5106382978723405,1.5106382978723405,0.0,0.0,3.0,24.835996420489337
seed-12340-pa-0.65-pb-0.65,seed-12340-pa-0.65-pb-0.65:98,bandit,98,6.391034256080317,4.8968526629742035,1.526315789473684,1.526315789473684,0.0,0.0,3.0,24.84419659946487
seed-12340-pa-0.65-pb-0.65,seed-12340-pa-0.65-pb-0.65:99,bandit,99,6.391034256080317,4.897472462542758,1.5416666666666663,1.5416666666666663,0.0,0.0,3.0,24.851986769491624
seed-12363-pa-0.35-pb-0.50,seed-12363-pa-0.35-pb-0.50:0,bandit,0,4.203889734292549,2.9599857528363316,0.5,0.5,0.0,0.0,0.0,0.5
seed-12363-pa-0.35-pb-0.50,seed-12363-pa-0.35-pb-0.50:1,bandit,1,4.42870067827652,2.997777584600281,1.3333333333333337,1.3333333333333337,0.0,0.0,3.0,0.975
seed-12363-pa-0.35-pb-0.50,seed-12363-pa-0.35-pb-0.50:2,bandit,2,3.6368710061149017,3.033679824776033,0.5,0.5,0.0,0.0,-2.0,1.42625
seed-12363-pa-0.35-pb-0.50,seed-12363-pa-0.35-pb-0.50:3,bandit,3,1.9754126516016477,3.0677869529429977,0.5,0.5,0.0,0.0,-2.0,1.8549375
seed-12363-pa-0.35-pb-0.50,seed-12363-pa-0.35-pb-0.50:4,bandit,4,3.725412651601648,3.100188724701614,0.5,0.5,0.0,0.0,3.0,2.2621906249999997
seed-12363-pa-0.35-pb-0.50,seed-12363-pa-0.35-pb-0.50:5,bandit,5,3.3769290813453736,3.130970407872299,1.0,1.0,0.0,0.0,3.0,2.6490810937499996
seed-12363-pa-0.35-pb-0.50,seed-12363-pa-0.35-pb-0.50:6,bandit,6,2.0984445810050545,3.1602130068844505,0.5,0.5,0.0,0.0,-2.0,3.0166270390624996
seed-12363-pa-0.35-pb-0.50,seed-12363-pa-0.35-pb-0.50:7,bandit,7,4.667999079229087,3.1879934759459942,1.0,1.0,0.0,0.0,3.0,3.3657956871093746
seed-12363-pa-0.35-pb-0.50,seed-12363-pa-0.35-pb-0.50:8,bandit,8,2.700939419878843,3.2143849215544607,1.0,1.0,0.0,0.0,-2.0,3.697505902753906
seed-12363-pa-0.35-pb-0.50,seed-12363-pa-0.35-pb-0.50:9,bandit,9,2.200939419878843,3.2394567948825035,1.0,1.0,0.0,0.0,-2.0,4.01263060761621
seed-12363-pa-0.35-pb-0.50,seed-12363-pa-0.35-pb-0.50:10,bandit,10,2.7575990353171704,3.2632750745441443,0.5,0.5,0.0,0.0,-2.0,4.3119990772353995
seed-12363-pa-0.35-pb-0.50,seed-12363-pa-0.35-pb-0.50:11,bandit,11,2.724076984180108,3.2859024402227033,0.5,0.5,0.0,0.0,-2.0,4.596399123373629
seed-12363-pa-0.35-pb-0.50,seed-12363-pa-0.35-pb-0.50:12,bandit,12,2.8825990353171704,3.3073984376173344,0.5,0.5,0.0,0.0,-2.0,4.866579167204947
seed-12363-pa-0.35-pb-0.50,seed-12363-pa-0.35-pb-0.50:13,bandit,13,3.7852241504380864,3.327819635142234,0.5,0.5,0.0,0.0,3.0,5.1232502088447
seed-12363-pa-0.35-pb-0.50,seed-12363-pa-0.35-pb-0.50:14,bandit,14,3.5681471805599436,3.347219772790888,0.5,0.5,0.0,0.0,-2.0,5.367087698402465
seed-12363-pa-0.35-pb-0.50,seed-12363-pa-0.35-pb-0.50:15,bandit,15,4.08893946547494,3.36564990355711,0.5,0.5,0.0,0.0,3.0,5.598733313482342
seed-12363-pa-0.35-pb-0.50,seed-12363-pa-0.35-pb-0.50:16,bandit,16,3.8484445810050545,3.3831585277850205,0.5,0.5,0.0,0.0,-2.0,5.818796647808225
seed-12363-pa-0.35-pb-0.50,seed-12363-pa-0.35-pb-0.50:17,bandit,17,5.304882179158078,3.399791720801536,0.8571428571428572,0.8571428571428572,0.0,0.0,3.0,6.027856815417813
seed-12363-pa-0.35-pb-0.50,seed-12363-pa-0.35-pb-0.50:18,bandit,18,4.511871006114902,3.415593254167225,0.8571428571428572,0.8571428571428572,0.0,0.0,-2.0,6.226463974646922
seed-12363-pa-0.35-pb-0.50,seed-12363-pa-0.35-pb-0.50:19,bandit,19,4.313261687518224,3.43060471086463,0.8571428571428572,0.8571428571428572,0.0,0.0,-2.0,6.415140775914575
seed-12363-pa-0.35-pb-0.50,seed-12363-pa-0.35-pb-0.50:20,bandit,20,4.031150136248314,3.4448655947271645,0.5,0.5,0.0,0.0,-2.0,6.5943837371188465
seed-12363-pa-0.35-pb-0.50,seed-12363-pa-0.35-pb-0.50:21,bandit,21,4.376929081345374,3.4584134343965722,0.5,0.5,0.0,0.0,-2.0,6.7646645502629035
seed-12363-pa-0.35-pb-0.50,seed-12363-pa-0.35-pb-0.50:22,bandit,22,4.251929081345374,3.47128388208251,0.5,0.5,0.0,0.0,-2.0,6.926431322749758
seed-12363-pa-0.35-pb-0.50,seed-12363-pa-0.35-pb-0.50:23,bandit,23,3.975412651601648,3.4835108073841505,0.5,0.5,0.0,0.0,-2.0,7.080109756612269
seed-12363-pa-0.35-pb-0.50,seed-12363-pa-0.35-pb-0.50:24,bandit,24,3.975412651601648,3.4951263864207087,0.5,0.5,0.0,0.0,-2.0,7.226104268781655
seed-12363-pa-0.35-pb-0.50,seed-12363-pa-0.35-pb-0.50:25,bandit,25,3.92974463538566,3.5061611865054396,0.5,0.5,0.0,0.0,-2.0,7.364799055342572
seed-12363-pa-0.35-pb-0.50,seed-12363-pa-0.35-pb-0.50:26,bandit,26,3.850206558916746,3.5166442465859338,0.5,0.5,0.0,0.0,3.0,7.496559102575443
seed-12363-pa-0.35-pb-0.50,seed-12363-pa-0.35-pb-0.50:27,bandit,27,4.475412651601648,3.526603153662403,0.7777777777777777,0.7777777777777777,0.0,0.0,3.0,7.6217311474466705
seed-12363-pa-0.35-pb-0.50,seed-12363-pa-0.35-pb-0.50:28,bandit,28,4.886871006114902,3.536064115385049,0.5,0.5,0.0,0.0,-2.0,7.740644590074337
seed-12363-pa-0.35-pb-0.50,seed-12363-pa-0.35-pb-0.50:29,bandit,29,4.563261687518224,3.5450520290215626,0.5,0.5,0.0,0.0,-2.0,7.85361236057062
seed-12363-pa-0.35-pb-0.50,seed-12363-pa-0.35-pb-0.50:30,bandit,30,5.410224150438086,3.5535905469762508,0.5,0.5,0.0,0.0,3.0,7.960931742542089
seed-12363-pa-0.35-pb-0.50,seed-12363-pa-0.35-pb-0.50:31,bandit,31,5.031150136248314,3.5617021390332044,0.5,0.5,0.0,0.0,-2.0,8.062885155414984
seed-12363-pa-0.35-pb-0.50,seed-12363-pa-0.35-pb-0.50:32,bandit,32,4.501929081345374,3.56940815148731,0.5,0.5,0.0,0.0,-2.0,8.159740897644234
seed-12363-pa-0.35-pb-0.50,seed-12363-pa-0.35-pb-0.50:33,bandit,33,5.237822278771571,3.576728863318711,0.5,0.5,0.0,0.0,3.0,8.251753852762022
seed-12363-pa-0.35-pb-0.50,seed-12363-pa-0.35-pb-0.50:34,bandit,34,4.826413277982752,3.583683539558541,0.5,0.5,0.0,0.0,-2.0,8.33916616012392
seed-12363-pa-0.35-pb-0.50,seed-12363-pa-0.35-pb-0.50:35,bandit,35,5.112822278771571,3.59029048198638,0.5,0.5,0.0,0.0,3.0,8.422207852117722
seed-12363-pa-0.35-pb-0.50,seed-12363-pa-0.35-pb-0.50:36,bandit,36,5.078889734292549,3.5965670772928275,0.5,0.5,0.0,0.0,3.0,8.501097459511836
seed-12363-pa-0.35-pb-0.50,seed-12363-pa-0.35-pb-0.50:37,bandit,37,4.679882179158078,3.602529842833952,0.5,0.5,0.0,0.0,3.0,8.576042586536245
seed-12363-pa-0.35-pb-0.50,seed-12363-pa-0.35-pb-0.50:38,bandit,38,4.90864569998304,3.6081944700980206,0.5,0.5,0.0,0.0,3.0,8.647240457209431
seed-12363-pa-0.35-pb-0.50,seed-12363-pa-0.35-pb-0.50:39,bandit,39,4.701413277982752,3.6135758659988855,0.5,0.5,0.0,0.0,-2.0,8.71487843434896
seed-12363-pa-0.35-pb-0.50,seed-12363-pa-0.35-pb-0.50:40,bandit,40,6.292999079229087,3.6186881921047074,0.7272727272727271,0.7272727272727271,0.0,0.0,3.0,8.779134512631511
seed-12363-pa-0.35-pb-0.50,seed-12363-pa-0.35-pb-0.50:41,bandit,41,5.406150136248314,3.6235449019052384,0.7272727272727271,0.7272727272727271,0.0,0.0,-2.0,8.840177786999936
seed-12363-pa-0.35-pb-0.50,seed-12363-pa-0.35-pb-0.50:42,bandit,42,5.100412651601648,3.6281587762157423,0.5,0.5,0.0,0.0,-2.0,8.898168897649938
seed-12363-pa-0.35-pb-0.50,seed-12363-pa-0.35-pb-0.50:43,bandit,43,5.410224150438086,3.6325419568107216,0.5,0.5,0.0,0.0,-2.0,8.953260452767442
seed-12363-pa-0.35-pb-0.50,seed-12363-pa-0.35-pb-0.50:44,bandit,44,5.487822278771571,3.6367059783759514,0.5,0.5,0.0,0.0,-2.0,9.005597430129068
seed-12363-pa-0.35-pb-0.50,seed-12363-pa-0.35-pb-0.50:45,bandit,45,5.350206558916746,3.64066179886292,0.5,0.5,0.0,0.0,-2.0,9.055317558622614
seed-12363-pa-0.35-pb-0.50,seed-12363-pa-0.35-pb-0.50:46,bandit,46,5.725206558916746,3.64441982832554,0.6923076923076925,0.6923076923076925,0.0,0.0,3.0,9.102551680691482
seed-12363-pa-0.35-pb-0.50,seed-12363-pa-0.35-pb-0.50:47,bandit,47,5.453889734292549,3.647989956315029,0.6923076923076925,0.6923076923076925,0.0,0.0,3.0,9.147424096656907
seed-12363-pa-0.35-pb-0.50,seed-12363-pa-0.35-pb-0.50:48,bandit,48,5.600412651601648,3.6513815779050436,0.6923076923076925,0.6923076923076925,0.0,0.0,-2.0,9.190052891824061
seed-12363-pa-0.35-pb-0.50,seed-12363-pa-0.35-pb-0.50:49,bandit,49,6.054882179158078,3.6546036184155577,0.6923076923076925,0.6923076923076925,0.0,0.0,3.0,9.230550247232857
seed-12363-pa-0.35-pb-0.50,seed-12363-pa-0.35-pb-0.50:50,bandit,50,5.600412651601648,3.6576645569005457,0.6923076923076925,0.6923076923076925,0.0,0.0,-2.0,9.269022734871214
seed-12363-pa-0.35-pb-0.50,seed-12363-pa-0.35-pb-0.50:51,bandit,51,5.201413277982752,3.6605724484612847,0.6923076923076925,0.6923076923076925,0.0,0.0,-2.0,9.305571598127653
seed-12363-pa-0.35-pb-0.50,seed-12363-pa-0.35-pb-0.50:52,bandit,52,4.910224150438086,3.6633349454439865,0.6923076923076925,0.6923076923076925,0.0,0.0,-2.0,9.340293018221269
seed-12363-pa-0.35-pb-0.50,seed-12363-pa-0.35-pb-0.50:53,bandit,53,5.804882179158078,3.665959317577553,0.6923076923076925,0.6923076923076925,0.0,0.0,3.0,9.373278367310204
seed-12363-pa-0.35-pb-0.50,seed-12363-pa-0.35-pb-0.50:54,bandit,54,5.5380413716877825,3.6684524711044415,0.6923076923076925,0.6923076923076925,0.0,0.0,3.0,9.404614448944693
seed-12363-pa-0.35-pb-0.50,seed-12363-pa-0.35-pb-0.50:55,bandit,55,5.626928011042974,3.6708209669549854,0.6923076923076925,0.6923076923076925,0.0,0.0,-2.0,9.434383726497458
seed-12363-pa-0.35-pb-0.50,seed-12363-pa-0.35-pb-0.50:56,bandit,56,6.4130413716877825,3.6730710380130023,0.8571428571428572,0.8571428571428572,0.0,0.0,3.0,9.462664540172584
seed-12363-pa-0.35-pb-0.50,seed-12363-pa-0.35-pb-0.50:57,bandit,57,6.076413277982752,3.6752086055181183,0.8571428571428572,0.8571428571428572,0.0,0.0,-2.0,9.489531313163955
seed-12363-pa-0.35-pb-0.50,seed-12363-pa-0.35-pb-0.50:58,bandit,58,5.517675057605601,3.6772392946479786,0.6666666666666665,0.6666666666666665,0.0,0.0,-2.0,9.515054747505756
seed-12363-pa-0.35-pb-0.50,seed-12363-pa-0.35-pb-0.50:59,bandit,59,5.406150136248314,3.6791684493213457,0.5,0.5,0.0,0.0,-2.0,9.539302010130468
seed-12363-pa-0.35-pb-0.50,seed-12363-pa-0.35-pb-0.50:60,bandit,60,5.148123264139841,3.6810011462610444,0.3529411764705883,0.3529411764705883,0.0,0.0,-2.0,9.562336909623944
seed-12363-pa-0.35-pb-0.50,seed-12363-pa-0.35-pb-0.50:61,bandit,61,5.67974463538566,3.6827422083537584,0.3529411764705883,0.3529411764705883,0.0,0.0,-2.0,9.584220064142746
seed-12363-pa-0.35-pb-0.50,seed-12363-pa-0.35-pb-0.50:62,bandit,62,5.767675057605601,3.6843962173418365,0.3529411764705883,0.3529411764705883,0.0,0.0,-2.0,9.60500906093561
seed-12363-pa-0.35-pb-0.50,seed-12363-pa-0.35-pb-0.50:63,bandit,63,5.501928011042974,3.685967525880511,0.3529411764705883,0.3529411764705883,0.0,0.0,-2.0,9.624758607888829
seed-12363-pa-0.35-pb-0.50,seed-12363-pa-0.35-pb-0.50:64,bandit,64,6.328889734292549,3.6874602689922513,0.5,0.5,0.0,0.0,3.0,9.643520677494386
seed-12363-pa-0.35-pb-0.50,seed-12363-pa-0.35-pb-0.50:65,bandit,65,5.686967589003199,3.688878374948405,0.5,0.5,0.0,0.0,3.0,9.661344643619667
seed-12363-pa-0.35-pb-0.50,seed-12363-pa-0.35-pb-0.50:66,bandit,66,6.17974463538566,3.6902255756067506,0.5,0.5,0.0,0.0,-2.0,9.678277411438684
seed-12363-pa-0.35-pb-0.50,seed-12363-pa-0.35-pb-0.50:67,bandit,67,6.4130413716877825,3.691505416232179,0.5,0.5,0.0,0.0,3.0,9.69436354086675
seed-12363-pa-0.35-pb-0.50,seed-12363-pa-0.35-pb-0.50:68,bandit,68,6.100412651601648,3.6927212648263366,0.5,0.5,0.0,0.0,-2.0,9.709645363823412
seed-12363-pa-0.35-pb-0.50,seed-12363-pa-0.35-pb-0.50:69,bandit,69,5.701413277982752,3.693876320990786,0.5,0.5,0.0,0.0,-2.0,9.72416309563224
seed-12363-pa-0.35-pb-0.50,seed-12363-pa-0.35-pb-0.50:70,bandit,70,5.785224150438086,3.6949736243470124,0.5,0.5,0.0,0.0,-2.0,9.737954940850628
seed-12363-pa-0.35-pb-0.50,seed-12363-pa-0.35-pb-0.50:71,bandit,71,5.876928011042974,3.696016062535428,0.5,0.5,0.0,0.0,-2.0,9.751057193808096
seed-12363-pa-0.35-pb-0.50,seed-12363-pa-0.35-pb-0.50:72,bandit,72,5.392675057605601,3.697006378814423,0.5,0.5,0.0,0.0,-2.0,9.763504334117691
seed-12363-pa-0.35-pb-0.50,seed-12363-pa-0.35-pb-0.50:73,bandit,73,5.517675057605601,3.697947179279468,0.5,0.5,0.0,0.0,-2.0,9.775329117411806
seed-12363-pa-0.35-pb-0.50,seed-12363-pa-0.35-pb-0.50:74,bandit,74,6.078889734292549,3.6988409397212605,0.5,0.5,0.0,0.0,3.0,9.786562661541215
seed-12363-pa-0.35-pb-0.50,seed-12363-pa-0.35-pb-0.50:75,bandit,75,5.975412651601648,3.6996900121409633,0.5,0.5,0.0,0.0,-2.0,9.797234528464154
seed-12363-pa-0.35-pb-0.50,seed-12363-pa-0.35-pb-0.50:76,bandit,76,5.785224150438086,3.7004966309396816,0.5,0.5,0.0,0.0,-2.0,9.807372802040947
seed-12363-pa-0.35-pb-0.50,seed-12363-pa-0.35-pb-0.50:77,bandit,77,6.167999079229087,3.7012629187984634,0.5,0.5,0.0,0.0,3.0,9.817004161938899
seed-12363-pa-0.35-pb-0.50,seed-12363-pa-0.35-pb-0.50:78,bandit,78,5.892675057605601,3.7019908922643063,0.5,0.5,0.0,0.0,-2.0,9.826153953841953
seed-12363-pa-0.35-pb-0.50,seed-12363-pa-0.35-pb-0.50:79,bandit,79,5.642675057605601,3.702682467056857,0.5,0.5,0.0,0.0,-2.0,9.834846256149854
seed-12363-pa-0.35-pb-0.50,seed-12363-pa-0.35-pb-0.50:80,bandit,80,5.535224150438086,3.7033394631097805,0.3684210526315787,0.3684210526315787,0.0,0.0,-2.0,9.843103943342362
seed-12363-pa-0.35-pb-0.50,seed-12363-pa-0.35-pb-0.50:81,bandit,81,5.600206558916746,3.7039636093600574,0.3684210526315787,0.3684210526315787,0.0,0.0,-2.0,9.850948746175243
seed-12363-pa-0.35-pb-0.50,seed-12363-pa-0.35-pb-0.50:82,bandit,82,6.17358735157374,3.7045565482978207,0.5,0.5,0.0,0.0,3.0,9.858401308866481
seed-12363-pa-0.35-pb-0.50,seed-12363-pa-0.35-pb-0.50:83,bandit,83,5.90864569998304,3.705119840288696,0.5,0.5,0.0,0.0,3.0,9.865481243423156
seed-12363-pa-0.35-pb-0.50,seed-12363-pa-0.35-pb-0.50:84,bandit,84,6.018149927917811,3.7056549676800272,0.5,0.5,0.0,0.0,3.0,9.872207181251998
seed-12363-pa-0.35-pb-0.50,seed-12363-pa-0.35-pb-0.50:85,bandit,85,6.100206558916746,3.7061633387017916,0.5,0.5,0.0,0.0,-2.0,9.878596822189397
seed-12363-pa-0.35-pb-0.50,seed-12363-pa-0.35-pb-0.50:86,bandit,86,6.523245464372426,3.7066462911724685,0.5,0.5,0.0,0.0,3.0,9.884666981079928
seed-12363-pa-0.35-pb-0.50,seed-12363-pa-0.35-pb-0.50:87,bandit,87,6.143149927917811,3.707105096019611,0.5,0.5,0.0,0.0,3.0,9.89043363202593
seed-12363-pa-0.35-pb-0.50,seed-12363-pa-0.35-pb-0.50:88,bandit,88,6.112822278771571,3.7075409606243963,0.5,0.5,0.0,0.0,-2.0,9.895911950424633
seed-12363-pa-0.35-pb-0.50,seed-12363-pa-0.35-pb-0.50:89,bandit,89,5.910224150438086,3.7079550319989427,0.5,0.5,0.0,0.0,-2.0,9.9011163529034
seed-12363-pa-0.35-pb-0.50,seed-12363-pa-0.35-pb-0.50:90,bandit,90,6.401300195186874,3.7083483998047617,0.5,0.5,0.0,0.0,3.0,9.90606053525823
seed-12363-pa-0.35-pb-0.50,seed-12363-pa-0.35-pb-0.50:91,bandit,91,6.398245464372426,3.7087220992202896,0.5,0.5,0.0,0.0,3.0,9.910757508495319
seed-12363-pa-0.35-pb-0.50,seed-12363-pa-0.35-pb-0.50:92,bandit,92,6.1949361996449746,3.7090771136650416,0.5,0.5,0.0,0.0,-2.0,9.915219633070553
seed-12363-pa-0.35-pb-0.50,seed-12363-pa-0.35-pb-0.50:93,bandit,93,5.737822278771571,3.709414377387555,0.5,0.5,0.0,0.0,-2.0,9.919458651417024
seed-12363-pa-0.35-pb-0.50,seed-12363-pa-0.35-pb-0.50:94,bandit,94,6.401300195186874,3.7097347779239436,0.5,0.5,0.0,0.0,3.0,9.923485718846173
seed-12363-pa-0.35-pb-0.50,seed-12363-pa-0.35-pb-0.50:95,bandit,95,5.975206558916746,3.7100391584335126,0.5,0.5,0.0,0.0,-2.0,9.927311432903863
seed-12363-pa-0.35-pb-0.50,seed-12363-pa-0.35-pb-0.50:96,bandit,96,5.892675057605601,3.710328319917603,0.3809523809523809,0.3809523809523809,0.0,0.0,-2.0,9.93094586125867
seed-12363-pa-0.35-pb-0.50,seed-12363-pa-0.35-pb-0.50:97,bandit,97,5.862822278771571,3.710603023327489,0.3809523809523809,0.3809523809523809,0.0,0.0,-2.0,9.934398568195736
seed-12363-pa-0.35-pb-0.50,seed-12363-pa-0.35-pb-0.50:98,bandit,98,5.83893946547494,3.710863991566881,0.3809523809523809,0.3809523809523809,0.0,0.0,-2.0,9.937678639785949
seed-12363-pa-0.35-pb-0.50,seed-12363-pa-0.35-pb-0.50:99,bandit,99,5.703889734292549,3.7111119113943025,0.3809523809523809,0.3809523809523809,0.0,0.0,-2.0,9.94079470779665
seed-12370-pa-0.50-pb-0.50,seed-12370-pa-0.50-pb-0.50:0,bandit,0,4.203889734292549,2.9599857528363316,0.5,0.5,0.0,0.0,0.0,0.5
seed-12370-pa-0.50-pb-0.50,seed-12370-pa-0.50-pb-0.50:1,bandit,1,4.42870067827652,2.997777584600281,1.3333333333333337,1.3333333333333337,0.0,0.0,3.0,0.975
seed-12370-pa-0.50-pb-0.50,seed-12370-pa-0.50-pb-0.50:2,bandit,2,3.201413277982752,3.033679824776033,1.75,1.75,0.0,0.0,3.0,1.42625
seed-12370-pa-0.50-pb-0.50,seed-12370-pa-0.50-pb-0.50:3,bandit,3,3.42974463538566,3.0677869529429977,1.0,1.0,0.0,0.0,-2.0,1.8549375
seed-12370-pa-0.50-pb-0.50,seed-12370-pa-0.50-pb-0.50:4,bandit,4,2.142675057605601,3.100188724701614,0.5,0.5,0.0,0.0,-2.0,2.2621906249999997
seed-12379-pa-0.35-pb-0.50,seed-12379-pa-0.35-pb-0.50:0,bandit,0,4.203889734292549,2.9599857528363316,0.5,0.5,0.0,0.0,0.0,0.5
seed-12379-pa-0.35-pb-0.50,seed-12379-pa-0.35-pb-0.50:1,bandit,1,3.849076984180108,2.997777584600281,0.5,0.5,0.0,0.0,-2.0,0.975
seed-12379-pa-0.35-pb-0.50,seed-12379-pa-0.35-pb-0.50:2,bandit,2,1.2575990353171704,3.033679824776033,0.5,0.5,0.0,0.0,-2.0,1.42625
seed-12379-pa-0.35-pb-0.50,seed-12379-pa-0.35-pb-0.50:3,bandit,3,0.2731232641398406,3.0677869529429977,0.5,0.5,0.0,0.0,-2.0,1.8549375
seed-12379-pa-0.35-pb-0.50,seed-12379-pa-0.35-pb-0.50:4,bandit,4,3.17974463538566,3.100188724701614,0.5,0.5,0.0,0.0,3.0,2.2621906249999997
seed-12379-pa-0.35-pb-0.50,seed-12379-pa-0.35-pb-0.50:5,bandit,5,2.6368710061149017,3.130970407872299,-0.3333333333333332,-0.3333333333333332,0.0,0.0,-2.0,2.6490810937499996
seed-12379-pa-0.35-pb-0.50,seed-12379-pa-0.35-pb-0.50:6,bandit,6,3.849076984180108,3.1602130068844505,0.1428571428571428,0.1428571428571428,0.0,0.0,3.0,3.0166270390624996
seed-12379-pa-0.35-pb-0.50,seed-12379-pa-0.35-pb-0.50:7,bandit,7,3.156150136248314,3.1879934759459942,0.5,0.5,0.0,0.0,3.0,3.3657956871093746
seed-12379-pa-0.35-pb-0.50,seed-12379-pa-0.35-pb-0.50:8,bandit,8,3.325939419878843,3.2143849215544607,0.5,0.5,0.0,0.0,3.0,3.697505902753906
seed-12379-pa-0.35-pb-0.50,seed-12379-pa-0.35-pb-0.50:9,bandit,9,1.7009394198788428,3.2394567948825035,0.5,0.5,0.0,0.0,-2.0,4.01263060761621
seed-12379-pa-0.35-pb-0.50,seed-12379-pa-0.35-pb-0.50:10,bandit,10,2.1481232641398407,3.2632750745441443,0.5,0.5,0.0,0.0,-2.0,4.3119990772353995
seed-12379-pa-0.35-pb-0.50,seed-12379-pa-0.35-pb-0.50:11,bandit,11,3.813261687518224,3.2859024402227033,1.0,1.0,0.0,0.0,3.0,4.596399123373629
seed-12379-pa-0.35-pb-0.50,seed-12379-pa-0.35-pb-0.50:12,bandit,12,3.075939419878843,3.3073984376173344,1.0,1.0,0.0,0.0,-2.0,4.866579167204947
seed-12379-pa-0.35-pb-0.50,seed-12379-pa-0.35-pb-0.50:13,bandit,13,4.126929081345374,3.327819635142234,1.3333333333333337,1.3333333333333337,0.0,0.0,3.0,5.1232502088447
seed-12379-pa-0.35-pb-0.50,seed-12379-pa-0.35-pb-0.50:14,bandit,14,3.1368710061149017,3.347219772790888,0.8571428571428572,0.8571428571428572,0.0,0.0,-2.0,5.367087698402465
seed-12379-pa-0.35-pb-0.50,seed-12379-pa-0.35-pb-0.50:15,bandit,15,2.8181471805599436,3.36564990355711,0.8571428571428572,0.8571428571428572,0.0,0.0,-2.0,5.598733313482342
seed-12379-pa-0.35-pb-0.50,seed-12379-pa-0.35-pb-0.50:16,bandit,16,2.4431471805599436,3.3831585277850205,0.8571428571428572,0.8571428571428572,0.0,0.0,-2.0,5.818796647808225
seed-12379-pa-0.35-pb-0.50,seed-12379-pa-0.35-pb-0.50:17,bandit,17,4.011871006114902,3.399791720801536,1.125,1.125,0.0,0.0,3.0,6.027856815417813
seed-12379-pa-0.35-pb-0.50,seed-12379-pa-0.35-pb-0.50:18,bandit,18,3.575939419878843,3.415593254167225,1.125,1.125,0.0,0.0,-2.0,6.226463974646922
seed-12379-pa-0.35-pb-0.50,seed-12379-pa-0.35-pb-0.50:19,bandit,19,3.1325990353171704,3.43060471086463,1.125,1.125,0.0,0.0,-2.0,6.415140775914575
seed-12379-pa-0.35-pb-0.50,seed-12379-pa-0.35-pb-0.50:20,bandit,20,2.9431471805599436,3.4448655947271645,1.125,1.125,0.0,0.0,-2.0,6.5943837371188465
seed-12379-pa-0.35-pb-0.50,seed-12379-pa-0.35-pb-0.50:21,bandit,21,2.575939419878843,3.4584134343965722,1.125,1.125,0.0,0.0,-2.0,6.7646645502629035
seed-12379-pa-0.35-pb-0.50,seed-12379-pa-0.35-pb-0.50:22,bandit,22,3.9734445810050545,3.47128388208251,1.125,1.125,0.0,0.0,3.0,6.926431322749758
seed-12379-pa-0.35-pb-0.50,seed-12379-pa-0.35-pb-0.50:23,bandit,23,4.05370067827652,3.4835108073841505,0.7777777777777777,0.7777777777777777,0.0,0.0,-2.0,7.080109756612269
seed-12379-pa-0.35-pb-0.50,seed-12379-pa-0.35-pb-0.50:24,bandit,24,3.8868710061149017,3.4951263864207087,0.5,0.5,0.0,0.0,-2.0,7.226104268781655
seed-12379-pa-0.35-pb-0.50,seed-12379-pa-0.35-pb-0.50:25,bandit,25,3.849076984180108,3.5061611865054396,0.5,0.5,0.0,0.0,-2.0,7.364799055342572
seed-12379-pa-0.35-pb-0.50,seed-12379-pa-0.35-pb-0.50:26,bandit,26,3.7618710061149017,3.5166442465859338,0.5,0.5,0.0,0.0,-2.0,7.496559102575443
seed-12379-pa-0.35-pb-0.50,seed-12379-pa-0.35-pb-0.50:27,bandit,27,4.011871006114902,3.526603153662403,0.2727272727272729,0.2727272727272729,0.0,0.0,-2.0,7.6217311474466705
seed-12379-pa-0.35-pb-0.50,seed-12379-pa-0.35-pb-0.50:28,bandit,28,4.17870067827652,3.536064115385049,0.5,0.5,0.0,0.0,3.0,7.740644590074337
seed-12385-pa-0.65-pb-0.35,seed-12385-pa-0.65-pb-0.35:0,bandit,0,4.203889734292549,3.019657066147831,0.5,0.5,0.0,0.0,0.0,1.25
seed-12385-pa-0.65-pb-0.35,seed-12385-pa-0.65-pb-0.35:1,bandit,1,3.849076984180108,3.114136645557705,0.5,0.5,0.0,0.0,-2.0,2.4375
seed-12385-pa-0.65-pb-0.35,seed-12385-pa-0.65-pb-0.35:2,bandit,2,4.350412651601648,3.2038922459970847,0.5,0.5,0.0,0.0,3.0,3.565625
seed-12385-pa-0.65-pb-0.35,seed-12385-pa-0.65-pb-0.35:3,bandit,3,2.7731232641398407,3.289160066414496,0.5,0.5,0.0,0.0,-2.0,4.637343749999999
seed-12385-pa-0.65-pb-0.35,seed-12385-pa-0.65-pb-0.35:4,bandit,4,3.376928011042974,3.3701644958110366,0.5,0.5,0.0,0.0,3.0,5.6554765625
seed-12385-pa-0.65-pb-0.35,seed-12385-pa-0.65-pb-0.35:5,bandit,5,3.1128222787715707,3.4471187037377504,0.8571428571428572,0.8571428571428572,0.0,0.0,3.0,6.622702734374999
seed-12385-pa-0.65-pb-0.35,seed-12385-pa-0.65-pb-0.35:6,bandit,6,3.429882179158078,3.5202252012681283,1.125,1.125,0.0,0.0,3.0,7.5415675976562495
seed-12385-pa-0.65-pb-0.35,seed-12385-pa-0.65-pb-0.35:7,bandit,7,3.4235873515737403,3.589676373921987,1.3333333333333337,1.3333333333333337,0.0,0.0,3.0,8.414489217773436
seed-12385-pa-0.65-pb-0.35,seed-12385-pa-0.65-pb-0.35:8,bandit,8,2.6602241504380864,3.6556549879431532,1.0,1.0,0.0,0.0,-2.0,9.243764756884765
seed-12385-pa-0.65-pb-0.35,seed-12385-pa-0.65-pb-0.35:9,bandit,9,1.92974463538566,3.718334671263261,0.7272727272727271,0.7272727272727271,0.0,0.0,-2.0,10.031576519040527
seed-12385-pa-0.65-pb-0.35,seed-12385-pa-0.65-pb-0.35:10,bandit,10,3.7880413716877825,3.7778803704173636,0.9166666666666664,0.9166666666666664,0.0,0.0,3.0,10.7799976930885
seed-12385-pa-0.65-pb-0.35,seed-12385-pa-0.65-pb-0.35:11,bandit,11,3.7880413716877825,3.8344487846137607,1.076923076923077,1.076923076923077,0.0,0.0,3.0,11.490997808434075
seed-12385-pa-0.65-pb-0.35,seed-12385-pa-0.65-pb-0.35:12,bandit,12,4.026300195186874,3.888188778100338,1.2142857142857144,1.2142857142857144,0.0,0.0,3.0,12.166447918012372
seed-12385-pa-0.65-pb-0.35,seed-12385-pa-0.65-pb-0.35:13,bandit,13,3.90864569998304,3.9392417719125867,1.3333333333333337,1.3333333333333337,0.0,0.0,3.0,12.808125522111753
seed-12385-pa-0.65-pb-0.35,seed-12385-pa-0.65-pb-0.35:14,bandit,14,3.78364569998304,3.9877421160342226,1.4375,1.4375,0.0,0.0,3.0,13.417719246006165
seed-12385-pa-0.65-pb-0.35,seed-12385-pa-0.65-pb-0.35:15,bandit,15,3.311967589003199,4.033817442949777,1.2352941176470589,1.2352941176470589,0.0,0.0,-2.0,13.996833283705856
seed-12385-pa-0.65-pb-0.35,seed-12385-pa-0.65-pb-0.35:16,bandit,16,2.811967589003199,4.077589003519553,1.0555555555555554,1.0555555555555554,0.0,0.0,-2.0,14.546991619520563
seed-12385-pa-0.65-pb-0.35,seed-12385-pa-0.65-pb-0.35:17,bandit,17,4.03364569998304,4.119171986060842,1.1578947368421053,1.1578947368421053,0.0,0.0,3.0,15.069642038544535
seed-12385-pa-0.65-pb-0.35,seed-12385-pa-0.65-pb-0.35:18,bandit,18,4.03364569998304,4.158675819475064,1.25,1.25,0.0,0.0,3.0,15.566159936617307
seed-12385-pa-0.65-pb-0.35,seed-12385-pa-0.65-pb-0.35:19,bandit,19,3.429882179158078,4.196204461218577,1.0952380952380951,1.0952380952380951,0.0,0.0,-2.0,16.037851939786442
seed-12385-pa-0.65-pb-0.35,seed-12385-pa-0.65-pb-0.35:20,bandit,20,3.3868710061149017,4.2318566708749135,1.0952380952380951,1.0952380952380951,0.0,0.0,-2.0,16.48595934279712
seed-12385-pa-0.65-pb-0.35,seed-12385-pa-0.65-pb-0.35:21,bandit,21,3.2852241504380864,4.265726270048432,0.9545454545454546,0.9545454545454546,0.0,0.0,-2.0,16.91166137565726
seed-12385-pa-0.65-pb-0.35,seed-12385-pa-0.65-pb-0.35:22,bandit,22,3.126928011042974,4.297902389263276,0.8260869565217392,0.8260869565217392,0.0,0.0,-2.0,17.316078306874395
seed-12385-pa-0.65-pb-0.35,seed-12385-pa-0.65-pb-0.35:23,bandit,23,3.001928011042974,4.328469702517378,0.7083333333333335,0.7083333333333335,0.0,0.0,-2.0,17.700274391530673
seed-12385-pa-0.65-pb-0.35,seed-12385-pa-0.65-pb-0.35:24,bandit,24,4.792999079229087,4.357508650108774,0.7999999999999998,0.7999999999999998,0.0,0.0,3.0,18.06526067195414
seed-12385-pa-0.65-pb-0.35,seed-12385-pa-0.65-pb-0.35:25,bandit,25,4.6630413716877825,4.385095650320601,0.8846153846153846,0.8846153846153846,0.0,0.0,3.0,18.411997638356432
seed-12385-pa-0.65-pb-0.35,seed-12385-pa-0.65-pb-0.35:26,bandit,26,4.4449361996449746,4.411303300521836,0.7777777777777777,0.7777777777777777,0.0,0.0,-2.0,18.74139775643861
seed-12385-pa-0.65-pb-0.35,seed-12385-pa-0.65-pb-0.35:27,bandit,27,5.02975041827262,4.4362005682130095,0.8571428571428572,0.8571428571428572,0.0,0.0,3.0,19.054327868616678
seed-12385-pa-0.65-pb-0.35,seed-12385-pa-0.65-pb-0.35:28,bandit,28,4.4449361996449746,4.4598529725196245,0.7586206896551726,0.7586206896551726,0.0,0.0,-2.0,19.351611475185845
seed-12385-pa-0.65-pb-0.35,seed-12385-pa-0.65-pb-0.35:29,bandit,29,5.026300195186874,4.482322756610909,0.8333333333333335,0.8333333333333335,0.0,0.0,3.0,19.634030901426552
seed-12385-pa-0.65-pb-0.35,seed-12385-pa-0.65-pb-0.35:30,bandit,30,4.3199361996449746,4.503669051497629,0.7419354838709675,0.7419354838709675,0.0,0.0,-2.0,19.902329356355224
seed-12385-pa-0.65-pb-0.35,seed-12385-pa-0.65-pb-0.35:31,bandit,31,5.026300195186874,4.523948031640013,0.8125,0.8125,0.0,0.0,3.0,20.15721288853746
seed-12385-pa-0.65-pb-0.35,seed-12385-pa-0.65-pb-0.35:32,bandit,32,5.026300195186874,4.543213062775278,0.8787878787878789,0.8787878787878789,0.0,0.0,3.0,20.399352244110588
seed-12385-pa-0.65-pb-0.35,seed-12385-pa-0.65-pb-0.35:33,bandit,33,5.0380413716877825,4.561514842353779,0.7941176470588234,0.7941176470588234,0.0,0.0,-2.0,20.629384631905058
seed-12385-pa-0.65-pb-0.35,seed-12385-pa-0.65-pb-0.35:34,bandit,34,3.8288897342925488,4.578901532953355,0.7142857142857144,0.7142857142857144,0.0,0.0,-2.0,20.847915400309805
seed-12385-pa-0.65-pb-0.35,seed-12385-pa-0.65-pb-0.35:35,bandit,35,5.15864569998304,4.5954188890229535,0.7777777777777777,0.7777777777777777,0.0,0.0,3.0,21.055519630294313
seed-12385-pa-0.65-pb-0.35,seed-12385-pa-0.65-pb-0.35:36,bandit,36,4.6949361996449746,4.611110377289071,0.7027027027027026,0.7027027027027026,0.0,0.0,-2.0,21.252743648779596
seed-12385-pa-0.65-pb-0.35,seed-12385-pa-0.65-pb-0.35:37,bandit,37,4.186967589003199,4.626017291141882,0.6315789473684212,0.6315789473684212,0.0,0.0,-2.0,21.440106466340616
seed-12385-pa-0.65-pb-0.35,seed-12385-pa-0.65-pb-0.35:38,bandit,38,4.29858735157374,4.640178859302054,0.5641025641025643,0.5641025641025643,0.0,0.0,-2.0,21.618101143023583
seed-12385-pa-0.65-pb-0.35,seed-12385-pa-0.65-pb-0.35:39,bandit,39,5.273245464372426,4.653632349054217,0.625,0.625,0.0,0.0,3.0,21.787196085872402
seed-12385-pa-0.65-pb-0.35,seed-12385-pa-0.65-pb-0.35:40,bandit,40,4.7880413716877825,4.6664131643187705,0.6829268292682928,0.6829268292682928,0.0,0.0,3.0,21.94783628157878
seed-12385-pa-0.65-pb-0.35,seed-12385-pa-0.65-pb-0.35:41,bandit,41,5.145541900901097,4.678554938820097,0.7380952380952381,0.7380952380952381,0.0,0.0,3.0,22.10044446749984
seed-12385-pa-0.65-pb-0.35,seed-12385-pa-0.65-pb-0.35:42,bandit,42,4.898245464372426,4.690089624596358,0.7906976744186047,0.7906976744186047,0.0,0.0,3.0,22.24542224412485
seed-12385-pa-0.65-pb-0.35,seed-12385-pa-0.65-pb-0.35:43,bandit,43,4.895541900901097,4.7010475760838055,0.8409090909090908,0.8409090909090908,0.0,0.0,3.0,22.383151131918606
seed-12385-pa-0.65-pb-0.35,seed-12385-pa-0.65-pb-0.35:44,bandit,44,5.0380413716877825,4.711457629996881,0.7777777777777777,0.7777777777777777,0.0,0.0,-2.0,22.513993575322676
seed-12385-pa-0.65-pb-0.35,seed-12385-pa-0.65-pb-0.35:45,bandit,45,4.186967589003199,4.721347181214302,0.7173913043478262,0.7173913043478262,0.0,0.0,-2.0,22.63829389655654
seed-12385-pa-0.65-pb-0.35,seed-12385-pa-0.65-pb-0.35:46,bandit,46,5.4130413716877825,4.730742254870853,0.7173913043478262,0.7173913043478262,0.0,0.0,3.0,22.756379201728713
seed-12385-pa-0.65-pb-0.35,seed-12385-pa-0.65-pb-0.35:47,bandit,47,5.40475041827262,4.739667574844575,0.7659574468085109,0.7659574468085109,0.0,0.0,3.0,22.868560241642275
seed-12385-pa-0.65-pb-0.35,seed-12385-pa-0.65-pb-0.35:48,bandit,48,5.891034256080317,4.748146628819612,0.8125,0.8125,0.0,0.0,3.0,22.97513222956016
seed-12385-pa-0.65-pb-0.35,seed-12385-pa-0.65-pb-0.35:49,bandit,49,5.518149927917811,4.756201730095896,0.8571428571428572,0.8571428571428572,0.0,0.0,3.0,23.07637561808215
seed-12385-pa-0.65-pb-0.35,seed-12385-pa-0.65-pb-0.35:50,bandit,50,5.393149927917811,4.763854076308367,0.8999999999999999,0.8999999999999999,0.0,0.0,3.0,23.172556837178043
seed-12385-pa-0.65-pb-0.35,seed-12385-pa-0.65-pb-0.35:51,bandit,51,5.641034256080317,4.771123805210214,0.9411764705882356,0.9411764705882356,0.0,0.0,3.0,23.26392899531914
seed-12385-pa-0.65-pb-0.35,seed-12385-pa-0.65-pb-0.35:52,bandit,52,5.641034256080317,4.778030047666968,0.9807692307692308,0.9807692307692308,0.0,0.0,3.0,23.350732545553182
seed-12385-pa-0.65-pb-0.35,seed-12385-pa-0.65-pb-0.35:53,bandit,53,5.04858735157374,4.784590978000885,0.9245283018867924,0.9245283018867924,0.0,0.0,-2.0,23.433195918275523
seed-12385-pa-0.65-pb-0.35,seed-12385-pa-0.65-pb-0.35:54,bandit,54,5.648245464372426,4.790823861818106,0.9629629629629628,0.9629629629629628,0.0,0.0,3.0,23.511536122361747
seed-12385-pa-0.65-pb-0.35,seed-12385-pa-0.65-pb-0.35:55,bandit,55,5.398245464372426,4.796745101444467,1.0,1.0,0.0,0.0,3.0,23.58595931624366
seed-12385-pa-0.65-pb-0.35,seed-12385-pa-0.65-pb-0.35:56,bandit,56,5.641034256080317,4.802370279089509,1.0357142857142856,1.0357142857142856,0.0,0.0,3.0,23.656661350431477
seed-12385-pa-0.65-pb-0.35,seed-12385-pa-0.65-pb-0.35:57,bandit,57,5.514163456931506,4.807714197852299,1.0701754385964914,1.0701754385964914,0.0,0.0,3.0,23.723828282909903
seed-12385-pa-0.65-pb-0.35,seed-12385-pa-0.65-pb-0.35:58,bandit,58,5.764163456931506,4.8127909206769495,1.103448275862069,1.103448275862069,0.0,0.0,3.0,23.787636868764405
seed-12385-pa-0.65-pb-0.35,seed-12385-pa-0.65-pb-0.35:59,bandit,59,5.0380413716877825,4.817613807360367,1.0508474576271185,1.0508474576271185,0.0,0.0,-2.0,23.848255025326186
seed-12385-pa-0.65-pb-0.35,seed-12385-pa-0.65-pb-0.35:60,bandit,60,5.643149927917811,4.822195549709614,1.0833333333333337,1.0833333333333337,0.0,0.0,3.0,23.905842274059875
seed-12385-pa-0.65-pb-0.35,seed-12385-pa-0.65-pb-0.35:61,bandit,61,5.643149927917811,4.826548204941399,1.1147540983606556,1.1147540983606556,0.0,0.0,3.0,23.96055016035688
seed-12385-pa-0.65-pb-0.35,seed-12385-pa-0.65-pb-0.35:62,bandit,62,5.762509570276173,4.830683227411594,1.1451612903225803,1.1451612903225803,0.0,0.0,3.0,24.012522652339037
seed-12385-pa-0.65-pb-0.35,seed-12385-pa-0.65-pb-0.35:63,bandit,63,5.054882179158078,4.83461149875828,1.0952380952380951,1.0952380952380951,0.0,0.0,-2.0,24.061896519722083
seed-12385-pa-0.65-pb-0.35,seed-12385-pa-0.65-pb-0.35:64,bandit,64,5.893149927917811,4.8383433565376315,1.125,1.125,0.0,0.0,3.0,24.108801693735977
seed-12385-pa-0.65-pb-0.35,seed-12385-pa-0.65-pb-0.35:65,bandit,65,5.768149927917811,4.841888621428015,1.1538461538461535,1.1538461538461535,0.0,0.0,3.0,24.153361609049178
seed-12385-pa-0.65-pb-0.35,seed-12385-pa-0.65-pb-0.35:66,bandit,66,5.514163456931506,4.84525662307388,1.1818181818181817,1.1818181818181817,0.0,0.0,3.0,24.195693528596717
seed-12385-pa-0.65-pb-0.35,seed-12385-pa-0.65-pb-0.35:67,bandit,67,5.637509570276173,4.8484562246374505,1.2089552238805972,1.2089552238805972,0.0,0.0,3.0,24.23590885216688
seed-12385-pa-0.65-pb-0.35,seed-12385-pa-0.65-pb-0.35:68,bandit,68,5.512509570276173,4.851495846122844,1.2352941176470589,1.2352941176470589,0.0,0.0,3.0,24.274113409558534
seed-12385-pa-0.65-pb-0.35,seed-12385-pa-0.65-pb-0.35:69,bandit,69,5.637509570276173,4.854383486533967,1.2608695652173911,1.2608695652173911,0.0,0.0,3.0,24.310407739080606
seed-12385-pa-0.65-pb-0.35,seed-12385-pa-0.65-pb-0.35:70,bandit,70,5.27975041827262,4.857126744924534,1.2142857142857144,1.2142857142857144,0.0,0.0,-2.0,24.344887352126573
seed-12385-pa-0.65-pb-0.35,seed-12385-pa-0.65-pb-0.35:71,bandit,71,5.895541900901097,4.859732840395572,1.23943661971831,1.23943661971831,0.0,0.0,3.0,24.377642984520243
seed-12385-pa-0.65-pb-0.35,seed-12385-pa-0.65-pb-0.35:72,bandit,72,5.893149927917811,4.8622086310930595,1.2638888888888888,1.2638888888888888,0.0,0.0,3.0,24.40876083529423
seed-12385-pa-0.65-pb-0.35,seed-12385-pa-0.65-pb-0.35:73,bandit,73,6.012509570276173,4.864560632255672,1.287671232876712,1.287671232876712,0.0,0.0,3.0,24.43832279352952
seed-12385-pa-0.65-pb-0.35,seed-12385-pa-0.65-pb-0.35:74,bandit,74,5.762509570276173,4.8667950333601535,1.310810810810811,1.310810810810811,0.0,0.0,3.0,24.466406653853042
seed-12385-pa-0.65-pb-0.35,seed-12385-pa-0.65-pb-0.35:75,bandit,75,5.761047744848593,4.8689177144094105,1.3333333333333337,1.3333333333333337,0.0,0.0,3.0,24.493086321160387
seed-12385-pa-0.65-pb-0.35,seed-12385-pa-0.65-pb-0.35:76,bandit,76,5.52975041827262,4.870934261406205,1.289473684210526,1.289473684210526,0.0,0.0,-2.0,24.518432005102365
seed-12385-pa-0.65-pb-0.35,seed-12385-pa-0.65-pb-0.35:77,bandit,77,5.893149927917811,4.872849981053161,1.3116883116883118,1.3116883116883118,0.0,0.0,3.0,24.542510404847246
seed-12385-pa-0.65-pb-0.35,seed-12385-pa-0.65-pb-0.35:78,bandit,78,4.703889734292549,4.874669914717768,1.2692307692307692,1.2692307692307692,0.0,0.0,-2.0,24.56538488460488
seed-12385-pa-0.65-pb-0.35,seed-12385-pa-0.65-pb-0.35:79,bandit,79,6.141034256080317,4.876398851699145,1.2911392405063291,1.2911392405063291,0.0,0.0,3.0,24.587115640374638
seed-12385-pa-0.65-pb-0.35,seed-12385-pa-0.65-pb-0.35:80,bandit,80,6.014163456931506,4.878041341831453,1.3125,1.3125,0.0,0.0,3.0,24.607759858355905
seed-12385-pa-0.65-pb-0.35,seed-12385-pa-0.65-pb-0.35:81,bandit,81,6.136047744848593,4.879601707457145,1.3333333333333337,1.3333333333333337,0.0,0.0,3.0,24.627371865438107
seed-12385-pa-0.65-pb-0.35,seed-12385-pa-0.65-pb-0.35:82,bandit,82,6.009755911000223,4.881084054801554,1.3536585365853655,1.3536585365853655,0.0,0.0,3.0,24.6460032721662
seed-12385-pa-0.65-pb-0.35,seed-12385-pa-0.65-pb-0.35:83,bandit,83,5.651300195186874,4.882492284778741,1.313253012048193,1.313253012048193,0.0,0.0,-2.0,24.66370310855789
seed-12385-pa-0.65-pb-0.35,seed-12385-pa-0.65-pb-0.35:84,bandit,84,6.016034256080317,4.883830103257069,1.3333333333333337,1.3333333333333337,0.0,0.0,3.0,24.680517953129993
seed-12385-pa-0.65-pb-0.35,seed-12385-pa-0.65-pb-0.35:85,bandit,85,6.014163456931506,4.885101030811481,1.3529411764705883,1.3529411764705883,0.0,0.0,3.0,24.69649205547349
seed-12385-pa-0.65-pb-0.35,seed-12385-pa-0.65-pb-0.35:86,bandit,86,5.4130413716877825,4.886308411988173,1.3139534883720931,1.3139534883720931,0.0,0.0,-2.0,24.711667452699817
seed-12385-pa-0.65-pb-0.35,seed-12385-pa-0.65-pb-0.35:87,bandit,87,4.8199361996449746,4.8874554241060295,1.2758620689655171,1.2758620689655171,0.0,0.0,-2.0,24.726084080064826
seed-12385-pa-0.65-pb-0.35,seed-12385-pa-0.65-pb-0.35:88,bandit,88,5.17358735157374,4.888545085617993,1.2386363636363638,1.2386363636363638,0.0,0.0,-2.0,24.739779876061583
seed-12385-pa-0.65-pb-0.35,seed-12385-pa-0.65-pb-0.35:89,bandit,89,4.92358735157374,4.889580264054359,1.202247191011236,1.202247191011236,0.0,0.0,-2.0,24.752790882258502
seed-12385-pa-0.65-pb-0.35,seed-12385-pa-0.65-pb-0.35:90,bandit,90,4.804882179158078,4.890563683568907,1.1666666666666663,1.1666666666666663,0.0,0.0,-2.0,24.765151338145575
seed-12385-pa-0.65-pb-0.35,seed-12385-pa-0.65-pb-0.35:91,bandit,91,6.266034256080317,4.891497932107726,1.1868131868131866,1.1868131868131866,0.0,0.0,3.0,24.776893771238296
seed-12385-pa-0.65-pb-0.35,seed-12385-pa-0.65-pb-0.35:92,bandit,92,6.018149927917811,4.892385468219605,1.2065217391304346,1.2065217391304346,0.0,0.0,3.0,24.78804908267638
seed-12385-pa-0.65-pb-0.35,seed-12385-pa-0.65-pb-0.35:93,bandit,93,6.136047744848593,4.8932286275258905,1.225806451612903,1.225806451612903,0.0,0.0,3.0,24.79864662854256
seed-12385-pa-0.65-pb-0.35,seed-12385-pa-0.65-pb-0.35:94,bandit,94,5.65475041827262,4.8940296288668605,1.1914893617021276,1.1914893617021276,0.0,0.0,-2.0,24.80871429711543
seed-12385-pa-0.65-pb-0.35,seed-12385-pa-0.65-pb-0.35:95,bandit,95,4.936967589003199,4.894790580140783,1.1578947368421053,1.1578947368421053,0.0,0.0,-2.0,24.818278582259655
seed-12385-pa-0.65-pb-0.35,seed-12385-pa-0.65-pb-0.35:96,bandit,96,5.148245464372426,4.895513483851009,1.125,1.125,0.0,0.0,-2.0,24.82736465314667
seed-12385-pa-0.65-pb-0.35,seed-12385-pa-0.65-pb-0.35:97,bandit,97,5.026300195186874,4.896200242375724,1.0927835051546393,1.0927835051546393,0.0,0.0,-2.0,24.835996420489337
seed-12385-pa-0.65-pb-0.35,seed-12385-pa-0.65-pb-0.35:98,bandit,98,6.137509570276173,4.8968526629742035,1.1122448979591837,1.1122448979591837,0.0,0.0,3.0,24.84419659946487
seed-12385-pa-0.65-pb-0.35,seed-12385-pa-0.65-pb-0.35:99,bandit,99,5.292999079229087,4.897472462542758,1.0808080808080809,1.0808080808080809,0.0,0.0,-2.0,24.851986769491624
seed-12391-pa-0.50-pb-0.65,seed-12391-pa-0.50-pb-0.65:0,bandit,0,4.203889734292549,3.019657066147831,0.5,0.5,0.0,0.0,0.0,1.25
seed-12391-pa-0.50-pb-0.65,seed-12391-pa-0.50-pb-0.65:1,bandit,1,3.4287006782765204,3.114136645557705,1.3333333333333337,1.3333333333333337,0.0,0.0,3.0,2.4375
seed-12391-pa-0.50-pb-0.65,seed-12391-pa-0.50-pb-0.65:2,bandit,2,1.7852241504380864,3.2038922459970847,1.3333333333333337,1.3333333333333337,0.0,0.0,-2.0,3.565625
seed-12403-pa-0.35-pb-0.35,seed-12403-pa-0.35-pb-0.35:0,bandit,0,4.203889734292549,2.9003144395248324,0.5,0.5,0.0,0.0,0.0,-0.25
seed-12403-pa-0.35-pb-0.35,seed-12403-pa-0.35-pb-0.35:1,bandit,1,3.0075990353171704,2.8814185236428576,0.5,0.5,0.0,0.0,-2.0,-0.4875
seed-12404-pa-0.65-pb-0.65,seed-12404-pa-0.65-pb-0.65:0,bandit,0,4.203889734292549,3.019657066147831,0.5,0.5,0.0,0.0,0.0,1.25
seed-12404-pa-0.65-pb-0.65,seed-12404-pa-0.65-pb-0.65:1,bandit,1,3.0075990353171704,3.114136645557705,0.5,0.5,0.0,0.0,-2.0,2.4375
seed-12404-pa-0.65-pb-0.65,seed-12404-pa-0.65-pb-0.65:2,bandit,2,0.3868710061149016,3.2038922459970847,0.5,0.5,0.0,0.0,-2.0,3.565625
seed-12410-pa-0.65-pb-0.20,seed-12410-pa-0.65-pb-0.20:0,bandit,0,4.203889734292549,3.019657066147831,0.5,0.5,0.0,0.0,0.0,1.25
seed-12410-pa-0.65-pb-0.20,seed-12410-pa-0.65-pb-0.20:1,bandit,1,4.42870067827652,3.114136645557705,1.3333333333333337,1.3333333333333337,0.0,0.0,3.0,2.4375
seed-12410-pa-0.65-pb-0.20,seed-12410-pa-0.65-pb-0.20:2,bandit,2,2.501928011042974,3.2038922459970847,1.3333333333333337,1.3333333333333337,0.0,0.0,-2.0,3.565625
seed-12410-pa-0.65-pb-0.20,seed-12410-pa-0.65-pb-0.20:3,bandit,3,2.6368710061149017,3.289160066414496,1.75,1.75,0.0,0.0,3.0,4.637343749999999
seed-12410-pa-0.65-pb-0.20,seed-12410-pa-0.65-pb-0.20:4,bandit,4,2.2575990353171704,3.3701644958110366,2.0,2.0,0.0,0.0,3.0,5.6554765625
seed-12410-pa-0.65-pb-0.20,seed-12410-pa-0.65-pb-0.20:5,bandit,5,2.3981232641398407,3.4471187037377504,1.3333333333333337,1.3333333333333337,0.0,0.0,-2.0,6.622702734374999
seed-12410-pa-0.65-pb-0.20,seed-12410-pa-0.65-pb-0.20:6,bandit,6,1.9382616875182244,3.5202252012681283,1.3333333333333337,1.3333333333333337,0.0,0.0,-2.0,7.5415675976562495
seed-12410-pa-0.65-pb-0.20,seed-12410-pa-0.65-pb-0.20:7,bandit,7,3.42974463538566,3.589676373921987,1.3333333333333337,1.3333333333333337,0.0,0.0,3.0,8.414489217773436
seed-12410-pa-0.65-pb-0.20,seed-12410-pa-0.65-pb-0.20:8,bandit,8,2.3181471805599436,3.6556549879431532,0.8571428571428572,0.8571428571428572,0.0,0.0,-2.0,9.243764756884765
seed-12410-pa-0.65-pb-0.20,seed-12410-pa-0.65-pb-0.20:9,bandit,9,3.281150136248314,3.718334671263261,1.125,1.125,0.0,0.0,3.0,10.031576519040527
seed-12410-pa-0.65-pb-0.20,seed-12410-pa-0.65-pb-0.20:10,bandit,10,2.9382616875182244,3.7778803704173636,1.3333333333333337,1.3333333333333337,0.0,0.0,3.0,10.7799976930885
seed-12410-pa-0.65-pb-0.20,seed-12410-pa-0.65-pb-0.20:11,bandit,11,3.17974463538566,3.8344487846137607,1.5,1.5,0.0,0.0,3.0,11.490997808434075
seed-12410-pa-0.65-pb-0.20,seed-12410-pa-0.65-pb-0.20:12,bandit,12,2.450939419878843,3.888188778100338,1.5,1.5,0.0,0.0,-2.0,12.166447918012372
seed-12414-pa-0.65-pb-0.50,seed-12414-pa-0.65-pb-0.50:0,bandit,0,4.203889734292549,3.019657066147831,0.5,0.5,0.0,0.0,0.0,1.25
seed-12414-pa-0.65-pb-0.50,seed-12414-pa-0.65-pb-0.50:1,bandit,1,3.849076984180108,3.114136645557705,0.5,0.5,0.0,0.0,-2.0,2.4375
seed-12414-pa-0.65-pb-0.50,seed-12414-pa-0.65-pb-0.50:2,bandit,2,4.350412651601648,3.2038922459970847,0.5,0.5,0.0,0.0,3.0,3.565625
seed-12414-pa-0.65-pb-0.50,seed-12414-pa-0.65-pb-0.50:3,bandit,3,4.21393946547494,3.289160066414496,1.0,1.0,0.0,0.0,3.0,4.637343749999999
seed-12414-pa-0.65-pb-0.50,seed-12414-pa-0.65-pb-0.50:4,bandit,4,2.951413277982752,3.3701644958110366,1.3333333333333337,1.3333333333333337,0.0,0.0,3.0,5.6554765625
seed-12414-pa-0.65-pb-0.50,seed-12414-pa-0.65-pb-0.50:5,bandit,5,3.0681471805599436,3.4471187037377504,1.3333333333333337,1.3333333333333337,0.0,0.0,3.0,6.622702734374999
seed-12414-pa-0.65-pb-0.50,seed-12414-pa-0.65-pb-0.50:6,bandit,6,1.7240769841801082,3.5202252012681283,1.3333333333333337,1.3333333333333337,0.0,0.0,-2.0,7.5415675976562495
seed-12427-pa-0.35-pb-0.50,seed-12427-pa-0.35-pb-0.50:0,bandit,0,4.203889734292549,2.9599857528363316,0.5,0.5,0.0,0.0,0.0,0.5
seed-12427-pa-0.35-pb-0.50,seed-12427-pa-0.35-pb-0.50:1,bandit,1,3.849076984180108,2.997777584600281,0.5,0.5,0.0,0.0,-2.0,0.975
seed-12427-pa-0.35-pb-0.50,seed-12427-pa-0.35-pb-0.50:2,bandit,2,0.1004126516016477,3.033679824776033,-0.3333333333333332,-0.3333333333333332,0.0,0.0,-2.0,1.42625
seed-12429-pa-0.20-pb-0.20,seed-12429-pa-0.20-pb-0.20:0,bandit,0,4.203889734292549,2.840643126213333,0.5,0.5,0.0,0.0,0.0,-1.0
seed-12429-pa-0.20-pb-0.20,seed-12429-pa-0.20-pb-0.20:1,bandit,1,3.849076984180108,2.765059462685434,0.5,0.5,0.0,0.0,-2.0,-1.95
seed-12429-pa-0.20-pb-0.20,seed-12429-pa-0.20-pb-0.20:2,bandit,2,0.1004126516016477,2.6932549823339293,-0.3333333333333332,-0.3333333333333332,0.0,0.0,-2.0,-2.8525
seed-12429-pa-0.20-pb-0.20,seed-12429-pa-0.20-pb-0.20:3,bandit,3,-0.5568528194400564,2.625040726000001,-0.3333333333333332,-0.3333333333333332,0.0,0.0,-2.0,-3.709875
seed-12433-pa-0.65-pb-0.35,seed-12433-pa-0.65-pb-0.35:0,bandit,0,4.203889734292549,3.019657066147831,0.5,0.5,0.0,0.0,0.0,1.25
seed-12433-pa-0.65-pb-0.35,seed-12433-pa-0.65-pb-0.35:1,bandit,1,4.42870067827652,3.114136645557705,1.3333333333333337,1.3333333333333337,0.0,0.0,3.0,2.4375
seed-12433-pa-0.65-pb-0.35,seed-12433-pa-0.65-pb-0.35:2,bandit,2,3.201413277982752,3.2038922459970847,1.75,1.75,0.0,0.0,3.0,3.565625
seed-12433-pa-0.65-pb-0.35,seed-12433-pa-0.65-pb-0.35:3,bandit,3,3.42974463538566,3.289160066414496,1.0,1.0,0.0,0.0,-2.0,4.637343749999999
seed-12433-pa-0.65-pb-0.35,seed-12433-pa-0.65-pb-0.35:4,bandit,4,4.186967589003199,3.3701644958110366,1.3333333333333337,1.3333333333333337,0.0,0.0,3.0,5.6554765625
seed-12433-pa-0.65-pb-0.35,seed-12433-pa-0.65-pb-0.35:5,bandit,5,3.6949361996449746,3.4471187037377504,1.5714285714285716,1.5714285714285716,0.0,0.0,3.0,6.622702734374999
seed-12433-pa-0.65-pb-0.35,seed-12433-pa-0.65-pb-0.35:6,bandit,6,2.767675057605601,3.5202252012681283,1.125,1.125,0.0,0.0,-2.0,7.5415675976562495
seed-12433-pa-0.65-pb-0.35,seed-12433-pa-0.65-pb-0.35:7,bandit,7,1.951413277982752,3.589676373921987,0.7777777777777777,0.7777777777777777,0.0,0.0,-2.0,8.414489217773436
seed-12433-pa-0.65-pb-0.35,seed-12433-pa-0.65-pb-0.35:8,bandit,8,0.9061501362483142,3.6556549879431532,0.5,0.5,0.0,0.0,-2.0,9.243764756884765
seed-12433-pa-0.65-pb-0.35,seed-12433-pa-0.65-pb-0.35:9,bandit,9,2.0075990353171704,3.718334671263261,0.5,0.5,0.0,0.0,-2.0,10.031576519040527
seed-12433-pa-0.65-pb-0.35,seed-12433-pa-0.65-pb-0.35:10,bandit,10,4.313261687518224,3.7778803704173636,0.5,0.5,0.0,0.0,3.0,10.7799976930885
seed-12433-pa-0.65-pb-0.35,seed-12433-pa-0.65-pb-0.35:11,bandit,11,4.160224150438086,3.8344487846137607,0.7272727272727271,0.7272727272727271,0.0,0.0,3.0,11.490997808434075
seed-12433-pa-0.65-pb-0.35,seed-12433-pa-0.65-pb-0.35:12,bandit,12,4.112822278771571,3.888188778100338,0.9166666666666664,0.9166666666666664,0.0,0.0,3.0,12.166447918012372
seed-12433-pa-0.65-pb-0.35,seed-12433-pa-0.65-pb-0.35:13,bandit,13,4.112822278771571,3.9392417719125867,1.076923076923077,1.076923076923077,0.0,0.0,3.0,12.808125522111753
seed-12433-pa-0.65-pb-0.35,seed-12433-pa-0.65-pb-0.35:14,bandit,14,3.975206558916746,3.9877421160342226,1.2142857142857144,1.2142857142857144,0.0,0.0,3.0,13.417719246006165
seed-12433-pa-0.65-pb-0.35,seed-12433-pa-0.65-pb-0.35:15,bandit,15,2.8037006782765204,4.033817442949777,1.0,1.0,0.0,0.0,-2.0,13.996833283705856
seed-12433-pa-0.65-pb-0.35,seed-12433-pa-0.65-pb-0.35:16,bandit,16,2.8868710061149017,4.077589003519553,0.8125,0.8125,0.0,0.0,-2.0,14.546991619520563
seed-12433-pa-0.65-pb-0.35,seed-12433-pa-0.65-pb-0.35:17,bandit,17,5.554882179158078,4.119171986060842,1.0,1.0,0.0,0.0,3.0,15.069642038544535
seed-12433-pa-0.65-pb-0.35,seed-12433-pa-0.65-pb-0.35:18,bandit,18,3.6325990353171704,4.158675819475064,0.8125,0.8125,0.0,0.0,-2.0,15.566159936617307
seed-12433-pa-0.65-pb-0.35,seed-12433-pa-0.65-pb-0.35:19,bandit,19,5.392675057605601,4.196204461218577,0.9411764705882356,0.9411764705882356,0.0,0.0,3.0,16.037851939786442
seed-12433-pa-0.65-pb-0.35,seed-12433-pa-0.65-pb-0.35:20,bandit,20,3.849076984180108,4.2318566708749135,0.7777777777777777,0.7777777777777777,0.0,0.0,-2.0,16.48595934279712
seed-12433-pa-0.65-pb-0.35,seed-12433-pa-0.65-pb-0.35:21,bandit,21,5.100206558916746,4.265726270048432,0.8947368421052633,0.8947368421052633,0.0,0.0,3.0,16.91166137565726
seed-12433-pa-0.65-pb-0.35,seed-12433-pa-0.65-pb-0.35:22,bandit,22,4.9449361996449746,4.297902389263276,1.0,1.0,0.0,0.0,3.0,17.316078306874395
seed-12433-pa-0.65-pb-0.35,seed-12433-pa-0.65-pb-0.35:23,bandit,23,4.531150136248314,4.328469702517378,0.8571428571428572,0.8571428571428572,0.0,0.0,-2.0,17.700274391530673
seed-12433-pa-0.65-pb-0.35,seed-12433-pa-0.65-pb-0.35:24,bandit,24,5.453889734292549,4.357508650108774,0.9545454545454546,0.9545454545454546,0.0,0.0,3.0,18.06526067195414
seed-12433-pa-0.65-pb-0.35,seed-12433-pa-0.65-pb-0.35:25,bandit,25,4.023123264139841,4.385095650320601,0.9545454545454546,0.9545454545454546,0.0,0.0,-2.0,18.411997638356432
seed-12433-pa-0.65-pb-0.35,seed-12433-pa-0.65-pb-0.35:26,bandit,26,3.4431471805599436,4.411303300521836,0.9545454545454546,0.9545454545454546,0.0,0.0,-2.0,18.74139775643861
seed-12433-pa-0.65-pb-0.35,seed-12433-pa-0.65-pb-0.35:27,bandit,27,5.517675057605601,4.4362005682130095,1.0434782608695654,1.0434782608695654,0.0,0.0,3.0,19.054327868616678
seed-12433-pa-0.65-pb-0.35,seed-12433-pa-0.65-pb-0.35:28,bandit,28,5.237822278771571,4.4598529725196245,1.125,1.125,0.0,0.0,3.0,19.351611475185845
seed-12433-pa-0.65-pb-0.35,seed-12433-pa-0.65-pb-0.35:29,bandit,29,5.4449361996449746,4.482322756610909,1.2000000000000002,1.2000000000000002,0.0,0.0,3.0,19.634030901426552
seed-12433-pa-0.65-pb-0.35,seed-12433-pa-0.65-pb-0.35:30,bandit,30,5.4449361996449746,4.503669051497629,1.2692307692307692,1.2692307692307692,0.0,0.0,3.0,19.902329356355224
seed-12433-pa-0.65-pb-0.35,seed-12433-pa-0.65-pb-0.35:31,bandit,31,5.311967589003199,4.523948031640013,1.3333333333333337,1.3333333333333337,0.0,0.0,3.0,20.15721288853746
seed-12433-pa-0.65-pb-0.35,seed-12433-pa-0.65-pb-0.35:32,bandit,32,5.001929081345374,4.543213062775278,1.2142857142857144,1.2142857142857144,0.0,0.0,-2.0,20.399352244110588
seed-12433-pa-0.65-pb-0.35,seed-12433-pa-0.65-pb-0.35:33,bandit,33,3.8981232641398407,4.561514842353779,1.103448275862069,1.103448275862069,0.0,0.0,-2.0,20.629384631905058
seed-12452-pa-0.65-pb-0.65,seed-12452-pa-0.65-pb-0.65:0,bandit,0,4.203889734292549,3.019657066147831,0.5,0.5,0.0,0.0,0.0,1.25
seed-12452-pa-0.65-pb-0.65,seed-12452-pa-0.65-pb-0.65:1,bandit,1,3.849076984180108,3.114136645557705,0.5,0.5,0.0,0.0,-2.0,2.4375
seed-12452-pa-0.65-pb-0.65,seed-12452-pa-0.65-pb-0.65:2,bandit,2,2.71393946547494,3.2038922459970847,1.3333333333333337,1.3333333333333337,0.0,0.0,3.0,3.565625
seed-12452-pa-0.65-pb-0.65,seed-12452-pa-0.65-pb-0.65:3,bandit,3,2.5231232641398407,3.289160066414496,1.75,1.75,0.0,0.0,3.0,4.637343749999999
seed-12452-pa-0.65-pb-0.65,seed-12452-pa-0.65-pb-0.65:4,bandit,4,2.3037006782765204,3.3701644958110366,2.0,2.0,0.0,0.0,3.0,5.6554765625
seed-12452-pa-0.65-pb-0.65,seed-12452-pa-0.65-pb-0.65:5,bandit,5,2.3868710061149017,3.4471187037377504,2.0,2.0,0.0,0.0,3.0,6.622702734374999
seed-12452-pa-0.65-pb-0.65,seed-12452-pa-0.65-pb-0.65:6,bandit,6,2.1931471805599436,3.5202252012681283,2.166666666666667,2.166666666666667,0.0,0.0,3.0,7.5415675976562495
seed-12452-pa-0.65-pb-0.65,seed-12452-pa-0.65-pb-0.65:7,bandit,7,1.5759394198788428,3.589676373921987,1.5714285714285716,1.5714285714285716,0.0,0.0,-2.0,8.414489217773436
seed-12454-pa-0.50-pb-0.35,seed-12454-pa-0.50-pb-0.35:0,bandit,0,4.203889734292549,2.9599857528363316,0.5,0.5,0.0,0.0,0.0,0.5
seed-12454-pa-0.50-pb-0.35,seed-12454-pa-0.50-pb-0.35:1,bandit,1,3.849076984180108,2.997777584600281,0.5,0.5,0.0,0.0,-2.0,0.975
seed-12454-pa-0.50-pb-0.35,seed-12454-pa-0.50-pb-0.35:2,bandit,2,0.1004126516016477,3.033679824776033,-0.3333333333333332,-0.3333333333333332,0.0,0.0,-2.0,1.42625
seed-12454-pa-0.50-pb-0.35,seed-12454-pa-0.50-pb-0.35:3,bandit,3,2.3181471805599436,3.0677869529429977,0.5,0.5,0.0,0.0,3.0,1.8549375
seed-12454-pa-0.50-pb-0.35,seed-12454-pa-0.50-pb-0.35:4,bandit,4,1.5176750576056008,3.100188724701614,0.0,0.0,0.0,0.0,-2.0,2.2621906249999997
seed-12454-pa-0.50-pb-0.35,seed-12454-pa-0.50-pb-0.35:5,bandit,5,0.6269290813453736,3.130970407872299,0.0,0.0,0.0,0.0,-2.0,2.6490810937499996
seed-12454-pa-0.50-pb-0.35,seed-12454-pa-0.50-pb-0.35:6,bandit,6,0.7139394654749402,3.1602130068844505,-0.3333333333333332,-0.3333333333333332,0.0,0.0,-2.0,3.0166270390624996
seed-12460-pa-0.35-pb-0.20,seed-12460-pa-0.35-pb-0.20:0,bandit,0,4.203889734292549,2.9003144395248324,0.5,0.5,0.0,0.0,0.0,-0.25
seed-12460-pa-0.35-pb-0.20,seed-12460-pa-0.35-pb-0.20:1,bandit,1,3.849076984180108,2.8814185236428576,0.5,0.5,0.0,0.0,-2.0,-0.4875
seed-12460-pa-0.35-pb-0.20,seed-12460-pa-0.35-pb-0.20:2,bandit,2,1.2575990353171704,2.8634674035549814,0.5,0.5,0.0,0.0,-2.0,-0.713125
seed-12463-pa-0.20-pb-0.35,seed-12463-pa-0.20-pb-0.35:0,bandit,0,4.203889734292549,2.9003144395248324,0.5,0.5,0.0,0.0,0.0,-0.25
seed-12463-pa-0.20-pb-0.35,seed-12463-pa-0.20-pb-0.35:1,bandit,1,3.849076984180108,2.8814185236428576,0.5,0.5,0.0,0.0,-2.0,-0.4875
seed-12463-pa-0.20-pb-0.35,seed-12463-pa-0.20-pb-0.35:2,bandit,2,1.2575990353171704,2.8634674035549814,0.5,0.5,0.0,0.0,-2.0,-0.713125
seed-12463-pa-0.20-pb-0.35,seed-12463-pa-0.20-pb-0.35:3,bandit,3,0.2731232641398406,2.8464138394714995,0.5,0.5,0.0,0.0,-2.0,-0.92746875
seed-12463-pa-0.20-pb-0.35,seed-12463-pa-0.20-pb-0.35:4,bandit,4,-0.4768767358601593,2.830212953592191,0.5,0.5,0.0,0.0,-2.0,-1.1310953124999998
seed-12465-pa-0.65-pb-0.35,seed-12465-pa-0.65-pb-0.35:0,bandit,0,4.203889734292549,3.019657066147831,0.5,0.5,0.0,0.0,0.0,1.25
seed-12465-pa-0.65-pb-0.35,seed-12465-pa-0.65-pb-0.35:1,bandit,1,4.42870067827652,3.114136645557705,1.3333333333333337,1.3333333333333337,0.0,0.0,3.0,2.4375
seed-12465-pa-0.65-pb-0.35,seed-12465-pa-0.65-pb-0.35:2,bandit,2,3.6368710061149017,3.2038922459970847,0.5,0.5,0.0,0.0,-2.0,3.565625
seed-12465-pa-0.65-pb-0.35,seed-12465-pa-0.65-pb-0.35:3,bandit,3,4.71393946547494,3.289160066414496,1.0,1.0,0.0,0.0,3.0,4.637343749999999
seed-12465-pa-0.65-pb-0.35,seed-12465-pa-0.65-pb-0.35:4,bandit,4,3.8288897342925488,3.3701644958110366,1.3333333333333337,1.3333333333333337,0.0,0.0,3.0,5.6554765625
seed-12465-pa-0.65-pb-0.35,seed-12465-pa-0.65-pb-0.35:5,bandit,5,3.686967589003199,3.4471187037377504,1.5714285714285716,1.5714285714285716,0.0,0.0,3.0,6.622702734374999
seed-12465-pa-0.65-pb-0.35,seed-12465-pa-0.65-pb-0.35:6,bandit,6,2.92974463538566,3.5202252012681283,1.125,1.125,0.0,0.0,-2.0,7.5415675976562495
seed-12465-pa-0.65-pb-0.35,seed-12465-pa-0.65-pb-0.35:7,bandit,7,1.951413277982752,3.589676373921987,0.7777777777777777,0.7777777777777777,0.0,0.0,-2.0,8.414489217773436
seed-12465-pa-0.65-pb-0.35,seed-12465-pa-0.65-pb-0.35:8,bandit,8,3.92358735157374,3.6556549879431532,1.0,1.0,0.0,0.0,3.0,9.243764756884765
seed-12465-pa-0.65-pb-0.35,seed-12465-pa-0.65-pb-0.35:9,bandit,9,3.225206558916746,3.718334671263261,0.7272727272727271,0.7272727272727271,0.0,0.0,-2.0,10.031576519040527
seed-12465-pa-0.65-pb-0.35,seed-12465-pa-0.65-pb-0.35:10,bandit,10,4.292999079229087,3.7778803704173636,0.9166666666666664,0.9166666666666664,0.0,0.0,3.0,10.7799976930885
seed-12465-pa-0.65-pb-0.35,seed-12465-pa-0.65-pb-0.35:11,bandit,11,3.554882179158078,3.8344487846137607,0.6923076923076925,0.6923076923076925,0.0,0.0,-2.0,11.490997808434075
seed-12465-pa-0.65-pb-0.35,seed-12465-pa-0.65-pb-0.35:12,bandit,12,2.7038897342925488,3.888188778100338,0.5,0.5,0.0,0.0,-2.0,12.166447918012372
seed-12465-pa-0.65-pb-0.35,seed-12465-pa-0.65-pb-0.35:13,bandit,13,4.167999079229087,3.9392417719125867,0.6666666666666665,0.6666666666666665,0.0,0.0,3.0,12.808125522111753
seed-12465-pa-0.65-pb-0.35,seed-12465-pa-0.65-pb-0.35:14,bandit,14,3.79858735157374,3.9877421160342226,0.8125,0.8125,0.0,0.0,3.0,13.417719246006165
seed-12465-pa-0.65-pb-0.35,seed-12465-pa-0.65-pb-0.35:15,bandit,15,4.276300195186874,4.033817442949777,0.9411764705882356,0.9411764705882356,0.0,0.0,3.0,13.996833283705856
seed-12465-pa-0.65-pb-0.35,seed-12465-pa-0.65-pb-0.35:16,bandit,16,4.151300195186874,4.077589003519553,1.0555555555555554,1.0555555555555554,0.0,0.0,3.0,14.546991619520563
seed-12465-pa-0.65-pb-0.35,seed-12465-pa-0.65-pb-0.35:17,bandit,17,4.276300195186874,4.119171986060842,1.1578947368421053,1.1578947368421053,0.0,0.0,3.0,15.069642038544535
seed-12465-pa-0.65-pb-0.35,seed-12465-pa-0.65-pb-0.35:18,bandit,18,4.276300195186874,4.158675819475064,1.25,1.25,0.0,0.0,3.0,15.566159936617307
seed-12475-pa-0.35-pb-0.50,seed-12475-pa-0.35-pb-0.50:0,bandit,0,4.203889734292549,2.9599857528363316,0.5,0.5,0.0,0.0,0.0,0.5
seed-12475-pa-0.35-pb-0.50,seed-12475-pa-0.35-pb-0.50:1,bandit,1,3.849076984180108,2.997777584600281,0.5,0.5,0.0,0.0,-2.0,0.975
seed-12475-pa-0.35-pb-0.50,seed-12475-pa-0.35-pb-0.50:2,bandit,2,0.1004126516016477,3.033679824776033,-0.3333333333333332,-0.3333333333333332,0.0,0.0,-2.0,1.42625
seed-12475-pa-0.35-pb-0.50,seed-12475-pa-0.35-pb-0.50:3,bandit,3,0.251928011042974,3.0677869529429977,-0.3333333333333332,-0.3333333333333332,0.0,0.0,-2.0,1.8549375
seed-12475-pa-0.35-pb-0.50,seed-12475-pa-0.35-pb-0.50:4,bandit,4,2.201413277982752,3.100188724701614,0.5,0.5,0.0,0.0,3.0,2.2621906249999997
seed-12475-pa-0.35-pb-0.50,seed-12475-pa-0.35-pb-0.50:5,bandit,5,1.4061501362483142,3.130970407872299,0.5,0.5,0.0,0.0,-2.0,2.6490810937499996
seed-12475-pa-0.35-pb-0.50,seed-12475-pa-0.35-pb-0.50:6,bandit,6,2.8628222787715707,3.1602130068844505,1.0,1.0,0.0,0.0,3.0,3.0166270390624996
seed-12475-pa-0.35-pb-0.50,seed-12475-pa-0.35-pb-0.50:7,bandit,7,1.4754126516016477,3.1879934759459942,0.5,0.5,0.0,0.0,-2.0,3.3657956871093746
seed-12475-pa-0.35-pb-0.50,seed-12475-pa-0.35-pb-0.50:8,bandit,8,0.7240769841801082,3.2143849215544607,0.1428571428571428,0.1428571428571428,0.0,0.0,-2.0,3.697505902753906
seed-12475-pa-0.35-pb-0.50,seed-12475-pa-0.35-pb-0.50:9,bandit,9,2.4431471805599436,3.2394567948825035,0.1428571428571428,0.1428571428571428,0.0,0.0,3.0,4.01263060761621
seed-12475-pa-0.35-pb-0.50,seed-12475-pa-0.35-pb-0.50:10,bandit,10,2.575939419878843,3.2632750745441443,0.1428571428571428,0.1428571428571428,0.0,0.0,3.0,4.3119990772353995
seed-12475-pa-0.35-pb-0.50,seed-12475-pa-0.35-pb-0.50:11,bandit,11,2.5118710061149017,3.2859024402227033,0.5,0.5,0.0,0.0,3.0,4.596399123373629
seed-12475-pa-0.35-pb-0.50,seed-12475-pa-0.35-pb-0.50:12,bandit,12,2.3132616875182244,3.3073984376173344,0.5,0.5,0.0,0.0,-2.0,4.866579167204947
seed-12475-pa-0.35-pb-0.50,seed-12475-pa-0.35-pb-0.50:13,bandit,13,3.2618710061149017,3.327819635142234,0.7777777777777777,0.7777777777777777,0.0,0.0,3.0,5.1232502088447
seed-12475-pa-0.35-pb-0.50,seed-12475-pa-0.35-pb-0.50:14,bandit,14,3.1368710061149017,3.347219772790888,1.0,1.0,0.0,0.0,3.0,5.367087698402465
seed-12475-pa-0.35-pb-0.50,seed-12475-pa-0.35-pb-0.50:15,bandit,15,2.849076984180108,3.36564990355711,0.7272727272727271,0.7272727272727271,0.0,0.0,-2.0,5.598733313482342
seed-12475-pa-0.35-pb-0.50,seed-12475-pa-0.35-pb-0.50:16,bandit,16,2.3981232641398407,3.3831585277850205,0.5,0.5,0.0,0.0,-2.0,5.818796647808225
seed-12475-pa-0.35-pb-0.50,seed-12475-pa-0.35-pb-0.50:17,bandit,17,2.8132616875182244,3.399791720801536,0.5,0.5,0.0,0.0,-2.0,6.027856815417813
seed-12475-pa-0.35-pb-0.50,seed-12475-pa-0.35-pb-0.50:18,bandit,18,3.2575990353171704,3.415593254167225,0.5,0.5,0.0,0.0,3.0,6.226463974646922
seed-12475-pa-0.35-pb-0.50,seed-12475-pa-0.35-pb-0.50:19,bandit,19,3.0231232641398407,3.43060471086463,0.5,0.5,0.0,0.0,3.0,6.415140775914575
seed-12475-pa-0.35-pb-0.50,seed-12475-pa-0.35-pb-0.50:20,bandit,20,3.1787006782765204,3.4448655947271645,0.3076923076923075,0.3076923076923075,0.0,0.0,-2.0,6.5943837371188465
seed-12475-pa-0.35-pb-0.50,seed-12475-pa-0.35-pb-0.50:21,bandit,21,3.825939419878843,3.4584134343965722,0.5,0.5,0.0,0.0,3.0,6.7646645502629035
seed-12475-pa-0.35-pb-0.50,seed-12475-pa-0.35-pb-0.50:22,bandit,22,2.8981232641398407,3.47128388208251,0.3333333333333335,0.3333333333333335,0.0,0.0,-2.0,6.926431322749758
seed-12475-pa-0.35-pb-0.50,seed-12475-pa-0.35-pb-0.50:23,bandit,23,2.9431471805599436,3.4835108073841505,0.2727272727272729,0.2727272727272729,0.0,0.0,-2.0,7.080109756612269
seed-12475-pa-0.35-pb-0.50,seed-12475-pa-0.35-pb-0.50:24,bandit,24,2.6481232641398407,3.4951263864207087,0.2727272727272729,0.2727272727272729,0.0,0.0,-2.0,7.226104268781655
seed-12478-pa-0.65-pb-0.50,seed-12478-pa-0.65-pb-0.50:0,bandit,0,4.203889734292549,3.019657066147831,0.5,0.5,0.0,0.0,0.0,1.25
seed-12478-pa-0.65-pb-0.50,seed-12478-pa-0.65-pb-0.50:1,bandit,1,4.42870067827652,3.114136645557705,1.3333333333333337,1.3333333333333337,0.0,0.0,3.0,2.4375
seed-12478-pa-0.65-pb-0.50,seed-12478-pa-0.65-pb-0.50:2,bandit,2,3.6368710061149017,3.2038922459970847,0.5,0.5,0.0,0.0,-2.0,3.565625
seed-12478-pa-0.65-pb-0.50,seed-12478-pa-0.65-pb-0.50:3,bandit,3,4.71393946547494,3.289160066414496,1.0,1.0,0.0,0.0,3.0,4.637343749999999
seed-12478-pa-0.65-pb-0.50,seed-12478-pa-0.65-pb-0.50:4,bandit,4,3.8288897342925488,3.3701644958110366,1.3333333333333337,1.3333333333333337,0.0,0.0,3.0,5.6554765625
seed-12478-pa-0.65-pb-0.50,seed-12478-pa-0.65-pb-0.50:5,bandit,5,3.686967589003199,3.4471187037377504,1.5714285714285716,1.5714285714285716,0.0,0.0,3.0,6.622702734374999
seed-12478-pa-0.65-pb-0.50,seed-12478-pa-0.65-pb-0.50:6,bandit,6,3.9013001951868738,3.5202252012681283,1.75,1.75,0.0,0.0,3.0,7.5415675976562495
seed-12478-pa-0.65-pb-0.50,seed-12478-pa-0.65-pb-0.50:7,bandit,7,3.9130413716877825,3.589676373921987,1.8888888888888888,1.8888888888888888,0.0,0.0,3.0,8.414489217773436
seed-12478-pa-0.65-pb-0.50,seed-12478-pa-0.65-pb-0.50:8,bandit,8,3.4538897342925488,3.6556549879431532,1.5,1.5,0.0,0.0,-2.0,9.243764756884765
seed-12478-pa-0.65-pb-0.50,seed-12478-pa-0.65-pb-0.50:9,bandit,9,3.9130413716877825,3.718334671263261,1.6363636363636362,1.6363636363636362,0.0,0.0,3.0,10.031576519040527
seed-12478-pa-0.65-pb-0.50,seed-12478-pa-0.65-pb-0.50:10,bandit,10,2.936967589003199,3.7778803704173636,1.3333333333333337,1.3333333333333337,0.0,0.0,-2.0,10.7799976930885
seed-12478-pa-0.65-pb-0.50,seed-12478-pa-0.65-pb-0.50:11,bandit,11,2.33893946547494,3.8344487846137607,1.076923076923077,1.076923076923077,0.0,0.0,-2.0,11.490997808434075
seed-12478-pa-0.65-pb-0.50,seed-12478-pa-0.65-pb-0.50:12,bandit,12,4.401300195186874,3.888188778100338,1.2142857142857144,1.2142857142857144,0.0,0.0,3.0,12.166447918012372
seed-12478-pa-0.65-pb-0.50,seed-12478-pa-0.65-pb-0.50:13,bandit,13,4.273245464372426,3.9392417719125867,1.3333333333333337,1.3333333333333337,0.0,0.0,3.0,12.808125522111753
seed-12478-pa-0.65-pb-0.50,seed-12478-pa-0.65-pb-0.50:14,bandit,14,4.145541900901097,3.9877421160342226,1.4375,1.4375,0.0,0.0,3.0,13.417719246006165
seed-12478-pa-0.65-pb-0.50,seed-12478-pa-0.65-pb-0.50:15,bandit,15,4.0380413716877825,4.033817442949777,1.2352941176470589,1.2352941176470589,0.0,0.0,-2.0,13.996833283705856
seed-12478-pa-0.65-pb-0.50,seed-12478-pa-0.65-pb-0.50:16,bandit,16,4.276300195186874,4.077589003519553,1.3333333333333337,1.3333333333333337,0.0,0.0,3.0,14.546991619520563
seed-12478-pa-0.65-pb-0.50,seed-12478-pa-0.65-pb-0.50:17,bandit,17,4.518149927917811,4.119171986060842,1.4210526315789471,1.4210526315789471,0.0,0.0,3.0,15.069642038544535
seed-12478-pa-0.65-pb-0.50,seed-12478-pa-0.65-pb-0.50:18,bandit,18,4.026300195186874,4.158675819475064,1.25,1.25,0.0,0.0,-2.0,15.566159936617307
seed-12478-pa-0.65-pb-0.50,seed-12478-pa-0.65-pb-0.50:19,bandit,19,4.768149927917811,4.196204461218577,1.3333333333333337,1.3333333333333337,0.0,0.0,3.0,16.037851939786442
seed-12478-pa-0.65-pb-0.50,seed-12478-pa-0.65-pb-0.50:20,bandit,20,4.15475041827262,4.2318566708749135,1.1818181818181817,1.1818181818181817,0.0,0.0,-2.0,16.48595934279712
seed-12478-pa-0.65-pb-0.50,seed-12478-pa-0.65-pb-0.50:21,bandit,21,3.5380413716877825,4.265726270048432,1.0434782608695654,1.0434782608695654,0.0,0.0,-2.0,16.91166137565726
seed-12478-pa-0.65-pb-0.50,seed-12478-pa-0.65-pb-0.50:22,bandit,22,4.891034256080317,4.297902389263276,1.125,1.125,0.0,0.0,3.0,17.316078306874395
seed-12478-pa-0.65-pb-0.50,seed-12478-pa-0.65-pb-0.50:23,bandit,23,4.523245464372426,4.328469702517378,1.2000000000000002,1.2000000000000002,0.0,0.0,3.0,17.700274391530673
seed-12478-pa-0.65-pb-0.50,seed-12478-pa-0.65-pb-0.50:24,bandit,24,4.391034256080317,4.357508650108774,1.2692307692307692,1.2692307692307692,0.0,0.0,3.0,18.06526067195414
seed-12478-pa-0.65-pb-0.50,seed-12478-pa-0.65-pb-0.50:25,bandit,25,4.273245464372426,4.385095650320601,1.1481481481481484,1.1481481481481484,0.0,0.0,-2.0,18.411997638356432
seed-12478-pa-0.65-pb-0.50,seed-12478-pa-0.65-pb-0.50:26,bandit,26,3.4013001951868738,4.411303300521836,1.0357142857142856,1.0357142857142856,0.0,0.0,-2.0,18.74139775643861
seed-12478-pa-0.65-pb-0.50,seed-12478-pa-0.65-pb-0.50:27,bandit,27,3.5205419009010974,4.4362005682130095,0.9310344827586206,0.9310344827586206,0.0,0.0,-2.0,19.054327868616678
seed-12478-pa-0.65-pb-0.50,seed-12478-pa-0.65-pb-0.50:28,bandit,28,3.2705419009010974,4.4598529725196245,0.8333333333333335,0.8333333333333335,0.0,0.0,-2.0,19.351611475185845
seed-12478-pa-0.65-pb-0.50,seed-12478-pa-0.65-pb-0.50:29,bandit,29,4.639163456931506,4.482322756610909,0.903225806451613,0.903225806451613,0.0,0.0,3.0,19.634030901426552
seed-12478-pa-0.65-pb-0.50,seed-12478-pa-0.65-pb-0.50:30,bandit,30,4.270541900901097,4.503669051497629,0.96875,0.96875,0.0,0.0,3.0,19.902329356355224
seed-12478-pa-0.65-pb-0.50,seed-12478-pa-0.65-pb-0.50:31,bandit,31,4.389163456931506,4.523948031640013,1.0303030303030305,1.0303030303030305,0.0,0.0,3.0,20.15721288853746
seed-12478-pa-0.65-pb-0.50,seed-12478-pa-0.65-pb-0.50:32,bandit,32,4.764163456931506,4.543213062775278,0.9411764705882356,0.9411764705882356,0.0,0.0,-2.0,20.399352244110588
seed-12478-pa-0.65-pb-0.50,seed-12478-pa-0.65-pb-0.50:33,bandit,33,5.134755911000223,4.561514842353779,1.0,1.0,0.0,0.0,3.0,20.629384631905058
seed-12478-pa-0.65-pb-0.50,seed-12478-pa-0.65-pb-0.50:34,bandit,34,4.139163456931506,4.578901532953355,0.9166666666666664,0.9166666666666664,0.0,0.0,-2.0,20.847915400309805
seed-12478-pa-0.65-pb-0.50,seed-12478-pa-0.65-pb-0.50:35,bandit,35,5.009755911000223,4.5954188890229535,0.9729729729729728,0.9729729729729728,0.0,0.0,3.0,21.055519630294313
seed-12478-pa-0.65-pb-0.50,seed-12478-pa-0.65-pb-0.50:36,bandit,36,5.134755911000223,4.611110377289071,1.026315789473684,1.026315789473684,0.0,0.0,3.0,21.252743648779596
seed-12478-pa-0.65-pb-0.50,seed-12478-pa-0.65-pb-0.50:37,bandit,37,5.1317153484891165,4.626017291141882,1.076923076923077,1.076923076923077,0.0,0.0,3.0,21.440106466340616
seed-12478-pa-0.65-pb-0.50,seed-12478-pa-0.65-pb-0.50:38,bandit,38,5.007606094404334,4.640178859302054,1.125,1.125,0.0,0.0,3.0,21.618101143023583
seed-12478-pa-0.65-pb-0.50,seed-12478-pa-0.65-pb-0.50:39,bandit,39,5.007606094404334,4.653632349054217,1.170731707317073,1.170731707317073,0.0,0.0,3.0,21.787196085872402
seed-12478-pa-0.65-pb-0.50,seed-12478-pa-0.65-pb-0.50:40,bandit,40,5.008614483762177,4.6664131643187705,1.2142857142857144,1.2142857142857144,0.0,0.0,3.0,21.94783628157878
seed-12478-pa-0.65-pb-0.50,seed-12478-pa-0.65-pb-0.50:41,bandit,41,4.759755911000223,4.678554938820097,1.13953488372093,1.13953488372093,0.0,0.0,-2.0,22.10044446749984
seed-12478-pa-0.65-pb-0.50,seed-12478-pa-0.65-pb-0.50:42,bandit,42,4.759755911000223,4.690089624596358,1.1818181818181817,1.1818181818181817,0.0,0.0,3.0,22.24542224412485
seed-12478-pa-0.65-pb-0.50,seed-12478-pa-0.65-pb-0.50:43,bandit,43,4.512509570276173,4.7010475760838055,1.2222222222222223,1.2222222222222223,0.0,0.0,3.0,22.383151131918606
seed-12478-pa-0.65-pb-0.50,seed-12478-pa-0.65-pb-0.50:44,bandit,44,4.883614483762177,4.711457629996881,1.2608695652173911,1.2608695652173911,0.0,0.0,3.0,22.513993575322676
seed-12478-pa-0.65-pb-0.50,seed-12478-pa-0.65-pb-0.50:45,bandit,45,5.011047744848593,4.721347181214302,1.1914893617021276,1.1914893617021276,0.0,0.0,-2.0,22.63829389655654
seed-12478-pa-0.65-pb-0.50,seed-12478-pa-0.65-pb-0.50:46,bandit,46,5.384755911000223,4.730742254870853,1.2291666666666663,1.2291666666666663,0.0,0.0,3.0,22.756379201728713
seed-12478-pa-0.65-pb-0.50,seed-12478-pa-0.65-pb-0.50:47,bandit,47,4.887509570276173,4.739667574844575,1.2653061224489797,1.2653061224489797,0.0,0.0,3.0,22.868560241642275
seed-12478-pa-0.65-pb-0.50,seed-12478-pa-0.65-pb-0.50:48,bandit,48,5.133614483762177,4.748146628819612,1.2999999999999998,1.2999999999999998,0.0,0.0,3.0,22.97513222956016
seed-12478-pa-0.65-pb-0.50,seed-12478-pa-0.65-pb-0.50:49,bandit,49,5.132606094404334,4.756201730095896,1.3333333333333337,1.3333333333333337,0.0,0.0,3.0,23.07637561808215
seed-12478-pa-0.65-pb-0.50,seed-12478-pa-0.65-pb-0.50:50,bandit,50,5.132606094404334,4.763854076308367,1.3653846153846154,1.3653846153846154,0.0,0.0,3.0,23.172556837178043
seed-12478-pa-0.65-pb-0.50,seed-12478-pa-0.65-pb-0.50:51,bandit,51,5.132606094404334,4.771123805210214,1.30188679245283,1.30188679245283,0.0,0.0,-2.0,23.26392899531914
seed-12478-pa-0.65-pb-0.50,seed-12478-pa-0.65-pb-0.50:52,bandit,52,5.258614483762177,4.778030047666968,1.3333333333333337,1.3333333333333337,0.0,0.0,3.0,23.350732545553182
seed-12478-pa-0.65-pb-0.50,seed-12478-pa-0.65-pb-0.50:53,bandit,53,5.009755911000223,4.784590978000885,1.3636363636363638,1.3636363636363638,0.0,0.0,3.0,23.433195918275523
seed-12478-pa-0.65-pb-0.50,seed-12478-pa-0.65-pb-0.50:54,bandit,54,5.1317153484891165,4.790823861818106,1.3928571428571428,1.3928571428571428,0.0,0.0,3.0,23.511536122361747
seed-12478-pa-0.65-pb-0.50,seed-12478-pa-0.65-pb-0.50:55,bandit,55,5.5052337981517425,4.796745101444467,1.4210526315789471,1.4210526315789471,0.0,0.0,3.0,23.58595931624366
seed-12478-pa-0.65-pb-0.50,seed-12478-pa-0.65-pb-0.50:56,bandit,56,5.3809286083761165,4.802370279089509,1.3620689655172415,1.3620689655172415,0.0,0.0,-2.0,23.656661350431477
seed-12478-pa-0.65-pb-0.50,seed-12478-pa-0.65-pb-0.50:57,bandit,57,4.3817153484891165,4.807714197852299,1.305084745762712,1.305084745762712,0.0,0.0,-2.0,23.723828282909903
seed-12478-pa-0.65-pb-0.50,seed-12478-pa-0.65-pb-0.50:58,bandit,58,5.504620229018805,4.8127909206769495,1.3333333333333337,1.3333333333333337,0.0,0.0,3.0,23.787636868764405
seed-12478-pa-0.65-pb-0.50,seed-12478-pa-0.65-pb-0.50:59,bandit,59,5.5059286083761165,4.817613807360367,1.360655737704918,1.360655737704918,0.0,0.0,3.0,23.848255025326186
seed-12478-pa-0.65-pb-0.50,seed-12478-pa-0.65-pb-0.50:60,bandit,60,5.132606094404334,4.822195549709614,1.306451612903226,1.306451612903226,0.0,0.0,-2.0,23.905842274059875
seed-12478-pa-0.65-pb-0.50,seed-12478-pa-0.65-pb-0.50:61,bandit,61,5.6302337981517425,4.826548204941399,1.3333333333333337,1.3333333333333337,0.0,0.0,3.0,23.96055016035688
seed-12478-pa-0.65-pb-0.50,seed-12478-pa-0.65-pb-0.50:62,bandit,62,6.004078443270572,4.830683227411594,1.359375,1.359375,0.0,0.0,3.0,24.012522652339037
seed-12478-pa-0.65-pb-0.50,seed-12478-pa-0.65-pb-0.50:63,bandit,63,5.629620229018805,4.83461149875828,1.3076923076923077,1.3076923076923077,0.0,0.0,-2.0,24.061896519722083
seed-12478-pa-0.65-pb-0.50,seed-12478-pa-0.65-pb-0.50:64,bandit,64,5.879620229018805,4.8383433565376315,1.3333333333333337,1.3333333333333337,0.0,0.0,3.0,24.108801693735977
seed-12478-pa-0.65-pb-0.50,seed-12478-pa-0.65-pb-0.50:65,bandit,65,5.754078443270572,4.841888621428015,1.3582089552238807,1.3582089552238807,0.0,0.0,3.0,24.153361609049178
seed-12478-pa-0.65-pb-0.50,seed-12478-pa-0.65-pb-0.50:66,bandit,66,5.504078443270572,4.84525662307388,1.3823529411764706,1.3823529411764706,0.0,0.0,3.0,24.195693528596717
seed-12478-pa-0.65-pb-0.50,seed-12478-pa-0.65-pb-0.50:67,bandit,67,5.1309286083761165,4.8484562246374505,1.3333333333333337,1.3333333333333337,0.0,0.0,-2.0,24.23590885216688
seed-12478-pa-0.65-pb-0.50,seed-12478-pa-0.65-pb-0.50:68,bandit,68,4.8802337981517425,4.851495846122844,1.2857142857142856,1.2857142857142856,0.0,0.0,-2.0,24.274113409558534
seed-12478-pa-0.65-pb-0.50,seed-12478-pa-0.65-pb-0.50:69,bandit,69,4.8802337981517425,4.854383486533967,1.23943661971831,1.23943661971831,0.0,0.0,-2.0,24.310407739080606
seed-12478-pa-0.65-pb-0.50,seed-12478-pa-0.65-pb-0.50:70,bandit,70,4.5067153484891165,4.857126744924534,1.1944444444444446,1.1944444444444446,0.0,0.0,-2.0,24.344887352126573
seed-12478-pa-0.65-pb-0.50,seed-12478-pa-0.65-pb-0.50:71,bandit,71,5.87817772647141,4.859732840395572,1.2191780821917808,1.2191780821917808,0.0,0.0,3.0,24.377642984520243
seed-12478-pa-0.65-pb-0.50,seed-12478-pa-0.65-pb-0.50:72,bandit,72,5.5052337981517425,4.8622086310930595,1.2432432432432434,1.2432432432432434,0.0,0.0,3.0,24.40876083529423
seed-12478-pa-0.65-pb-0.50,seed-12478-pa-0.65-pb-0.50:73,bandit,73,5.754078443270572,4.864560632255672,1.2666666666666666,1.2666666666666666,0.0,0.0,3.0,24.43832279352952
seed-12478-pa-0.65-pb-0.50,seed-12478-pa-0.65-pb-0.50:74,bandit,74,5.6309286083761165,4.8667950333601535,1.223684210526316,1.223684210526316,0.0,0.0,-2.0,24.466406653853042
seed-12478-pa-0.65-pb-0.50,seed-12478-pa-0.65-pb-0.50:75,bandit,75,5.0052337981517425,4.8689177144094105,1.1818181818181817,1.1818181818181817,0.0,0.0,-2.0,24.493086321160387
seed-12478-pa-0.65-pb-0.50,seed-12478-pa-0.65-pb-0.50:76,bandit,76,4.879078443270572,4.870934261406205,1.141025641025641,1.141025641025641,0.0,0.0,-2.0,24.518432005102365
seed-12478-pa-0.65-pb-0.50,seed-12478-pa-0.65-pb-0.50:77,bandit,77,5.87817772647141,4.872849981053161,1.1645569620253164,1.1645569620253164,0.0,0.0,3.0,24.542510404847246
seed-12478-pa-0.65-pb-0.50,seed-12478-pa-0.65-pb-0.50:78,bandit,78,5.3802337981517425,4.874669914717768,1.125,1.125,0.0,0.0,-2.0,24.56538488460488
seed-12478-pa-0.65-pb-0.50,seed-12478-pa-0.65-pb-0.50:79,bandit,79,5.629078443270572,4.876398851699145,1.1481481481481484,1.1481481481481484,0.0,0.0,3.0,24.587115640374638
seed-12478-pa-0.65-pb-0.50,seed-12478-pa-0.65-pb-0.50:80,bandit,80,5.254620229018805,4.878041341831453,1.1097560975609757,1.1097560975609757,0.0,0.0,-2.0,24.607759858355905
seed-12478-pa-0.65-pb-0.50,seed-12478-pa-0.65-pb-0.50:81,bandit,81,5.629078443270572,4.879601707457145,1.1325301204819276,1.1325301204819276,0.0,0.0,3.0,24.627371865438107
seed-12478-pa-0.65-pb-0.50,seed-12478-pa-0.65-pb-0.50:82,bandit,82,5.753600075082225,4.881084054801554,1.1547619047619049,1.1547619047619049,0.0,0.0,3.0,24.6460032721662
seed-12478-pa-0.65-pb-0.50,seed-12478-pa-0.65-pb-0.50:83,bandit,83,5.752804856903083,4.882492284778741,1.176470588235294,1.176470588235294,0.0,0.0,3.0,24.66370310855789
seed-12478-pa-0.65-pb-0.50,seed-12478-pa-0.65-pb-0.50:84,bandit,84,5.877804856903083,4.883830103257069,1.197674418604651,1.197674418604651,0.0,0.0,3.0,24.680517953129993
seed-12478-pa-0.65-pb-0.50,seed-12478-pa-0.65-pb-0.50:85,bandit,85,6.00317772647141,4.885101030811481,1.160919540229885,1.160919540229885,0.0,0.0,-2.0,24.69649205547349
seed-12478-pa-0.65-pb-0.50,seed-12478-pa-0.65-pb-0.50:86,bandit,86,6.003600075082225,4.886308411988173,1.1818181818181817,1.1818181818181817,0.0,0.0,3.0,24.711667452699817
seed-12478-pa-0.65-pb-0.50,seed-12478-pa-0.65-pb-0.50:87,bandit,87,6.003600075082225,4.8874554241060295,1.202247191011236,1.202247191011236,0.0,0.0,3.0,24.726084080064826
seed-12478-pa-0.65-pb-0.50,seed-12478-pa-0.65-pb-0.50:88,bandit,88,5.878600075082225,4.888545085617993,1.2222222222222223,1.2222222222222223,0.0,0.0,3.0,24.739779876061583
seed-12478-pa-0.65-pb-0.50,seed-12478-pa-0.65-pb-0.50:89,bandit,89,5.754078443270572,4.889580264054359,1.2417582417582418,1.2417582417582418,0.0,0.0,3.0,24.752790882258502
seed-12478-pa-0.65-pb-0.50,seed-12478-pa-0.65-pb-0.50:90,bandit,90,5.629620229018805,4.890563683568907,1.2065217391304346,1.2065217391304346,0.0,0.0,-2.0,24.765151338145575
seed-12478-pa-0.65-pb-0.50,seed-12478-pa-0.65-pb-0.50:91,bandit,91,5.8802337981517425,4.891497932107726,1.225806451612903,1.225806451612903,0.0,0.0,3.0,24.776893771238296
seed-12478-pa-0.65-pb-0.50,seed-12478-pa-0.65-pb-0.50:92,bandit,92,6.004620229018805,4.892385468219605,1.24468085106383,1.24468085106383,0.0,0.0,3.0,24.78804908267638
seed-12478-pa-0.65-pb-0.50,seed-12478-pa-0.65-pb-0.50:93,bandit,93,6.002804856903083,4.8932286275258905,1.263157894736842,1.263157894736842,0.0,0.0,3.0,24.79864662854256
seed-12478-pa-0.65-pb-0.50,seed-12478-pa-0.65-pb-0.50:94,bandit,94,6.002804856903083,4.8940296288668605,1.28125,1.28125,0.0,0.0,3.0,24.80871429711543
seed-12478-pa-0.65-pb-0.50,seed-12478-pa-0.65-pb-0.50:95,bandit,95,5.629620229018805,4.894790580140783,1.2474226804123711,1.2474226804123711,0.0,0.0,-2.0,24.818278582259655
seed-12478-pa-0.65-pb-0.50,seed-12478-pa-0.65-pb-0.50:96,bandit,96,5.254078443270572,4.895513483851009,1.2142857142857144,1.2142857142857144,0.0,0.0,-2.0,24.82736465314667
seed-12478-pa-0.65-pb-0.50,seed-12478-pa-0.65-pb-0.50:97,bandit,97,5.003600075082225,4.896200242375724,1.1818181818181817,1.1818181818181817,0.0,0.0,-2.0,24.835996420489337
seed-12478-pa-0.65-pb-0.50,seed-12478-pa-0.65-pb-0.50:98,bandit,98,5.878600075082225,4.8968526629742035,1.2000000000000002,1.2000000000000002,0.0,0.0,3.0,24.84419659946487
seed-12478-pa-0.65-pb-0.50,seed-12478-pa-0.65-pb-0.50:99,bandit,99,6.004078443270572,4.897472462542758,1.217821782178218,1.217821782178218,0.0,0.0,3.0,24.851986769491624
seed-12485-pa-0.50-pb-0.20,seed-12485-pa-0.50-pb-0.20:0,bandit,0,4.203889734292549,2.9599857528363316,0.5,0.5,0.0,0.0,0.0,0.5
seed-12485-pa-0.50-pb-0.20,seed-12485-pa-0.50-pb-0.20:1,bandit,1,3.849076984180108,2.997777584600281,0.5,0.5,0.0,0.0,-2.0,0.975
seed-12485-pa-0.50-pb-0.20,seed-12485-pa-0.50-pb-0.20:2,bandit,2,0.1004126516016477,3.033679824776033,-0.3333333333333332,-0.3333333333333332,0.0,0.0,-2.0,1.42625
seed-12496-pa-0.20-pb-0.50,seed-12496-pa-0.20-pb-0.50:0,bandit,0,4.203889734292549,2.9599857528363316,0.5,0.5,0.0,0.0,0.0,0.5
seed-12496-pa-0.20-pb-0.50,seed-12496-pa-0.20-pb-0.50:1,bandit,1,3.849076984180108,2.997777584600281,0.5,0.5,0.0,0.0,-2.0,0.975
seed-12496-pa-0.20-pb-0.50,seed-12496-pa-0.20-pb-0.50:2,bandit,2,2.71393946547494,3.033679824776033,1.3333333333333337,1.3333333333333337,0.0,0.0,3.0,1.42625
seed-12496-pa-0.20-pb-0.50,seed-12496-pa-0.20-pb-0.50:3,bandit,3,2.825939419878843,3.0677869529429977,1.3333333333333337,1.3333333333333337,0.0,0.0,3.0,1.8549375
seed-12496-pa-0.20-pb-0.50,seed-12496-pa-0.20-pb-0.50:4,bandit,4,1.6882616875182244,3.100188724701614,1.3333333333333337,1.3333333333333337,0.0,0.0,-2.0,2.2621906249999997
seed-12496-pa-0.20-pb-0.50,seed-12496-pa-0.20-pb-0.50:5,bandit,5,4.054882179158078,3.130970407872299,1.75,1.75,0.0,0.0,3.0,2.6490810937499996
seed-12496-pa-0.20-pb-0.50,seed-12496-pa-0.20-pb-0.50:6,bandit,6,3.2852241504380864,3.1602130068844505,1.75,1.75,0.0,0.0,3.0,3.0166270390624996
seed-12496-pa-0.20-pb-0.50,seed-12496-pa-0.20-pb-0.50:7,bandit,7,2.6269290813453736,3.1879934759459942,2.0,2.0,0.0,0.0,3.0,3.3657956871093746
seed-12496-pa-0.20-pb-0.50,seed-12496-pa-0.20-pb-0.50:8,bandit,8,1.8484445810050545,3.2143849215544607,2.0,2.0,0.0,0.0,-2.0,3.697505902753906
seed-12496-pa-0.20-pb-0.50,seed-12496-pa-0.20-pb-0.50:9,bandit,9,1.5311501362483142,3.2394567948825035,1.3333333333333337,1.3333333333333337,0.0,0.0,-2.0,4.01263060761621
seed-12496-pa-0.20-pb-0.50,seed-12496-pa-0.20-pb-0.50:10,bandit,10,1.5984445810050545,3.2632750745441443,1.3333333333333337,1.3333333333333337,0.0,0.0,-2.0,4.3119990772353995
seed-12496-pa-0.20-pb-0.50,seed-12496-pa-0.20-pb-0.50:11,bandit,11,1.5984445810050545,3.2859024402227033,1.3333333333333337,1.3333333333333337,0.0,0.0,-2.0,4.596399123373629
seed-12496-pa-0.20-pb-0.50,seed-12496-pa-0.20-pb-0.50:12,bandit,12,1.7240769841801082,3.3073984376173344,0.8571428571428572,0.8571428571428572,0.0,0.0,-2.0,4.866579167204947
seed-12496-pa-0.20-pb-0.50,seed-12496-pa-0.20-pb-0.50:13,bandit,13,3.8769290813453736,3.327819635142234,1.125,1.125,0.0,0.0,3.0,5.1232502088447
seed-12496-pa-0.20-pb-0.50,seed-12496-pa-0.20-pb-0.50:14,bandit,14,3.281150136248314,3.347219772790888,1.125,1.125,0.0,0.0,-2.0,5.367087698402465
seed-12496-pa-0.20-pb-0.50,seed-12496-pa-0.20-pb-0.50:15,bandit,15,2.8981232641398407,3.36564990355711,0.7777777777777777,0.7777777777777777,0.0,0.0,-2.0,5.598733313482342
seed-12496-pa-0.20-pb-0.50,seed-12496-pa-0.20-pb-0.50:16,bandit,16,2.8825990353171704,3.3831585277850205,0.5,0.5,0.0,0.0,-2.0,5.818796647808225
seed-12496-pa-0.20-pb-0.50,seed-12496-pa-0.20-pb-0.50:17,bandit,17,3.3868710061149017,3.399791720801536,0.5,0.5,0.0,0.0,-2.0,6.027856815417813
seed-12496-pa-0.20-pb-0.50,seed-12496-pa-0.20-pb-0.50:18,bandit,18,4.100412651601648,3.415593254167225,0.7272727272727271,0.7272727272727271,0.0,0.0,3.0,6.226463974646922
seed-12496-pa-0.20-pb-0.50,seed-12496-pa-0.20-pb-0.50:19,bandit,19,3.575939419878843,3.43060471086463,0.7272727272727271,0.7272727272727271,0.0,0.0,3.0,6.415140775914575
seed-12496-pa-0.20-pb-0.50,seed-12496-pa-0.20-pb-0.50:20,bandit,20,4.261871006114902,3.4448655947271645,0.7272727272727271,0.7272727272727271,0.0,0.0,-2.0,6.5943837371188465
seed-12496-pa-0.20-pb-0.50,seed-12496-pa-0.20-pb-0.50:21,bandit,21,4.392675057605601,3.4584134343965722,0.9166666666666664,0.9166666666666664,0.0,0.0,3.0,6.7646645502629035
seed-12496-pa-0.20-pb-0.50,seed-12496-pa-0.20-pb-0.50:22,bandit,22,4.031150136248314,3.47128388208251,0.9166666666666664,0.9166666666666664,0.0,0.0,-2.0,6.926431322749758
seed-12496-pa-0.20-pb-0.50,seed-12496-pa-0.20-pb-0.50:23,bandit,23,3.3825990353171704,3.4835108073841505,0.6923076923076925,0.6923076923076925,0.0,0.0,-2.0,7.080109756612269
seed-12496-pa-0.20-pb-0.50,seed-12496-pa-0.20-pb-0.50:24,bandit,24,3.450939419878843,3.4951263864207087,0.5,0.5,0.0,0.0,-2.0,7.226104268781655
seed-12496-pa-0.20-pb-0.50,seed-12496-pa-0.20-pb-0.50:25,bandit,25,4.642675057605601,3.5061611865054396,0.6666666666666665,0.6666666666666665,0.0,0.0,3.0,7.364799055342572
seed-12496-pa-0.20-pb-0.50,seed-12496-pa-0.20-pb-0.50:26,bandit,26,4.350412651601648,3.5166442465859338,0.6666666666666665,0.6666666666666665,0.0,0.0,-2.0,7.496559102575443
seed-12496-pa-0.20-pb-0.50,seed-12496-pa-0.20-pb-0.50:27,bandit,27,4.642675057605601,3.526603153662403,0.8125,0.8125,0.0,0.0,3.0,7.6217311474466705
seed-12496-pa-0.20-pb-0.50,seed-12496-pa-0.20-pb-0.50:28,bandit,28,3.938261687518224,3.536064115385049,0.8125,0.8125,0.0,0.0,3.0,7.740644590074337
seed-12496-pa-0.20-pb-0.50,seed-12496-pa-0.20-pb-0.50:29,bandit,29,5.100412651601648,3.5450520290215626,0.8125,0.8125,0.0,0.0,-2.0,7.85361236057062
seed-12496-pa-0.20-pb-0.50,seed-12496-pa-0.20-pb-0.50:30,bandit,30,5.328889734292549,3.5535905469762508,0.9411764705882356,0.9411764705882356,0.0,0.0,3.0,7.960931742542089
seed-12496-pa-0.20-pb-0.50,seed-12496-pa-0.20-pb-0.50:31,bandit,31,4.406150136248314,3.5617021390332044,0.9411764705882356,0.9411764705882356,0.0,0.0,3.0,8.062885155414984
seed-12496-pa-0.20-pb-0.50,seed-12496-pa-0.20-pb-0.50:32,bandit,32,5.17974463538566,3.56940815148731,0.9411764705882356,0.9411764705882356,0.0,0.0,-2.0,8.159740897644234
seed-12496-pa-0.20-pb-0.50,seed-12496-pa-0.20-pb-0.50:33,bandit,33,4.313261687518224,3.576728863318711,0.7777777777777777,0.7777777777777777,0.0,0.0,-2.0,8.251753852762022
seed-12496-pa-0.20-pb-0.50,seed-12496-pa-0.20-pb-0.50:34,bandit,34,4.406150136248314,3.583683539558541,0.7777777777777777,0.7777777777777777,0.0,0.0,-2.0,8.33916616012392
seed-12496-pa-0.20-pb-0.50,seed-12496-pa-0.20-pb-0.50:35,bandit,35,5.17974463538566,3.59029048198638,0.7777777777777777,0.7777777777777777,0.0,0.0,3.0,8.422207852117722
seed-12496-pa-0.20-pb-0.50,seed-12496-pa-0.20-pb-0.50:36,bandit,36,4.987822278771571,3.5965670772928275,0.7777777777777777,0.7777777777777777,0.0,0.0,-2.0,8.501097459511836
seed-12496-pa-0.20-pb-0.50,seed-12496-pa-0.20-pb-0.50:37,bandit,37,5.203889734292549,3.602529842833952,0.8947368421052633,0.8947368421052633,0.0,0.0,3.0,8.576042586536245
seed-12496-pa-0.20-pb-0.50,seed-12496-pa-0.20-pb-0.50:38,bandit,38,5.285224150438086,3.6081944700980206,0.8947368421052633,0.8947368421052633,0.0,0.0,-2.0,8.647240457209431
seed-12496-pa-0.20-pb-0.50,seed-12496-pa-0.20-pb-0.50:39,bandit,39,4.7234445810050545,3.6135758659988855,0.75,0.75,0.0,0.0,-2.0,8.71487843434896
seed-12496-pa-0.20-pb-0.50,seed-12496-pa-0.20-pb-0.50:40,bandit,40,4.511871006114902,3.6186881921047074,0.6190476190476191,0.6190476190476191,0.0,0.0,-2.0,8.779134512631511
seed-12496-pa-0.20-pb-0.50,seed-12496-pa-0.20-pb-0.50:41,bandit,41,5.6949361996449746,3.6235449019052384,0.7272727272727271,0.7272727272727271,0.0,0.0,3.0,8.840177786999936
seed-12496-pa-0.20-pb-0.50,seed-12496-pa-0.20-pb-0.50:42,bandit,42,5.660224150438086,3.6281587762157423,0.7272727272727271,0.7272727272727271,0.0,0.0,-2.0,8.898168897649938
seed-12496-pa-0.20-pb-0.50,seed-12496-pa-0.20-pb-0.50:43,bandit,43,5.686967589003199,3.6325419568107216,0.8260869565217392,0.8260869565217392,0.0,0.0,3.0,8.953260452767442
seed-12496-pa-0.20-pb-0.50,seed-12496-pa-0.20-pb-0.50:44,bandit,44,5.767675057605601,3.6367059783759514,0.8260869565217392,0.8260869565217392,0.0,0.0,-2.0,9.005597430129068
seed-12496-pa-0.20-pb-0.50,seed-12496-pa-0.20-pb-0.50:45,bandit,45,5.313261687518224,3.64066179886292,0.7083333333333335,0.7083333333333335,0.0,0.0,-2.0,9.055317558622614
seed-12496-pa-0.20-pb-0.50,seed-12496-pa-0.20-pb-0.50:46,bandit,46,5.703889734292549,3.64441982832554,0.7999999999999998,0.7999999999999998,0.0,0.0,3.0,9.102551680691482
seed-12496-pa-0.20-pb-0.50,seed-12496-pa-0.20-pb-0.50:47,bandit,47,5.142675057605601,3.647989956315029,0.7999999999999998,0.7999999999999998,0.0,0.0,3.0,9.147424096656907
seed-12496-pa-0.20-pb-0.50,seed-12496-pa-0.20-pb-0.50:48,bandit,48,5.876929081345374,3.6513815779050436,0.7999999999999998,0.7999999999999998,0.0,0.0,-2.0,9.190052891824061
seed-12496-pa-0.20-pb-0.50,seed-12496-pa-0.20-pb-0.50:49,bandit,49,5.79858735157374,3.6546036184155577,0.8846153846153846,0.8846153846153846,0.0,0.0,3.0,9.230550247232857
seed-12496-pa-0.20-pb-0.50,seed-12496-pa-0.20-pb-0.50:50,bandit,50,5.876928011042974,3.6576645569005457,0.8846153846153846,0.8846153846153846,0.0,0.0,-2.0,9.269022734871214
seed-12496-pa-0.20-pb-0.50,seed-12496-pa-0.20-pb-0.50:51,bandit,51,5.679882179158078,3.6605724484612847,0.9629629629629628,0.9629629629629628,0.0,0.0,3.0,9.305571598127653
seed-12496-pa-0.20-pb-0.50,seed-12496-pa-0.20-pb-0.50:52,bandit,52,5.33893946547494,3.6633349454439865,0.9629629629629628,0.9629629629629628,0.0,0.0,3.0,9.340293018221269
seed-12496-pa-0.20-pb-0.50,seed-12496-pa-0.20-pb-0.50:53,bandit,53,6.100412651601648,3.665959317577553,0.9629629629629628,0.9629629629629628,0.0,0.0,-2.0,9.373278367310204
seed-12496-pa-0.20-pb-0.50,seed-12496-pa-0.20-pb-0.50:54,bandit,54,5.261871006114902,3.6684524711044415,0.8571428571428572,0.8571428571428572,0.0,0.0,-2.0,9.404614448944693
seed-12496-pa-0.20-pb-0.50,seed-12496-pa-0.20-pb-0.50:55,bandit,55,5.7234445810050545,3.6708209669549854,0.8571428571428572,0.8571428571428572,0.0,0.0,-2.0,9.434383726497458
seed-12496-pa-0.20-pb-0.50,seed-12496-pa-0.20-pb-0.50:56,bandit,56,6.237822278771571,3.6730710380130023,0.9310344827586206,0.9310344827586206,0.0,0.0,3.0,9.462664540172584
seed-12496-pa-0.20-pb-0.50,seed-12496-pa-0.20-pb-0.50:57,bandit,57,5.501929081345374,3.6752086055181183,1.0,1.0,0.0,0.0,3.0,9.489531313163955
seed-12496-pa-0.20-pb-0.50,seed-12496-pa-0.20-pb-0.50:58,bandit,58,5.410224150438086,3.6772392946479786,1.0,1.0,0.0,0.0,3.0,9.515054747505756
seed-12496-pa-0.20-pb-0.50,seed-12496-pa-0.20-pb-0.50:59,bandit,59,6.225412651601648,3.6791684493213457,1.0,1.0,0.0,0.0,-2.0,9.539302010130468
seed-12496-pa-0.20-pb-0.50,seed-12496-pa-0.20-pb-0.50:60,bandit,60,5.701413277982752,3.6810011462610444,1.0,1.0,0.0,0.0,-2.0,9.562336909623944
seed-12496-pa-0.20-pb-0.50,seed-12496-pa-0.20-pb-0.50:61,bandit,61,6.100206558916746,3.6827422083537584,1.064516129032258,1.064516129032258,0.0,0.0,3.0,9.584220064142746
seed-12496-pa-0.20-pb-0.50,seed-12496-pa-0.20-pb-0.50:62,bandit,62,6.251928011042974,3.6843962173418365,1.064516129032258,1.064516129032258,0.0,0.0,-2.0,9.60500906093561
seed-12496-pa-0.20-pb-0.50,seed-12496-pa-0.20-pb-0.50:63,bandit,63,6.0699361996449746,3.685967525880511,1.125,1.125,0.0,0.0,3.0,9.624758607888829
seed-12496-pa-0.20-pb-0.50,seed-12496-pa-0.20-pb-0.50:64,bandit,64,6.126928011042974,3.6874602689922513,1.125,1.125,0.0,0.0,-2.0,9.643520677494386
seed-12496-pa-0.20-pb-0.50,seed-12496-pa-0.20-pb-0.50:65,bandit,65,6.186967589003199,3.688878374948405,1.1818181818181817,1.1818181818181817,0.0,0.0,3.0,9.661344643619667
seed-12496-pa-0.20-pb-0.50,seed-12496-pa-0.20-pb-0.50:66,bandit,66,6.001928011042974,3.6902255756067506,1.1818181818181817,1.1818181818181817,0.0,0.0,-2.0,9.678277411438684
seed-12496-pa-0.20-pb-0.50,seed-12496-pa-0.20-pb-0.50:67,bandit,67,5.563261687518224,3.691505416232179,1.0882352941176472,1.0882352941176472,0.0,0.0,-2.0,9.69436354086675
seed-12496-pa-0.20-pb-0.50,seed-12496-pa-0.20-pb-0.50:68,bandit,68,5.511871006114902,3.6927212648263366,1.0882352941176472,1.0882352941176472,0.0,0.0,-2.0,9.709645363823412
seed-12496-pa-0.20-pb-0.50,seed-12496-pa-0.20-pb-0.50:69,bandit,69,5.376929081345374,3.693876320990786,1.0,1.0,0.0,0.0,-2.0,9.72416309563224
seed-12496-pa-0.20-pb-0.50,seed-12496-pa-0.20-pb-0.50:70,bandit,70,6.001929081345374,3.6949736243470124,1.0555555555555554,1.0555555555555554,0.0,0.0,3.0,9.737954940850628
seed-12496-pa-0.20-pb-0.50,seed-12496-pa-0.20-pb-0.50:71,bandit,71,6.410224150438086,3.696016062535428,1.0555555555555554,1.0555555555555554,0.0,0.0,-2.0,9.751057193808096
seed-12496-pa-0.20-pb-0.50,seed-12496-pa-0.20-pb-0.50:72,bandit,72,5.501929081345374,3.697006378814423,1.0555555555555554,1.0555555555555554,0.0,0.0,-2.0,9.763504334117691
seed-12496-pa-0.20-pb-0.50,seed-12496-pa-0.20-pb-0.50:73,bandit,73,5.688261687518224,3.697947179279468,0.9729729729729728,0.9729729729729728,0.0,0.0,-2.0,9.775329117411806
seed-12496-pa-0.20-pb-0.50,seed-12496-pa-0.20-pb-0.50:74,bandit,74,6.142675057605601,3.6988409397212605,1.026315789473684,1.026315789473684,0.0,0.0,3.0,9.786562661541215
seed-12496-pa-0.20-pb-0.50,seed-12496-pa-0.20-pb-0.50:75,bandit,75,6.350412651601648,3.6996900121409633,1.026315789473684,1.026315789473684,0.0,0.0,-2.0,9.797234528464154
seed-12496-pa-0.20-pb-0.50,seed-12496-pa-0.20-pb-0.50:76,bandit,76,5.80370067827652,3.7004966309396816,0.9487179487179488,0.9487179487179488,0.0,0.0,-2.0,9.807372802040947
seed-12496-pa-0.20-pb-0.50,seed-12496-pa-0.20-pb-0.50:77,bandit,77,5.261871006114902,3.7012629187984634,0.875,0.875,0.0,0.0,-2.0,9.817004161938899
seed-12496-pa-0.20-pb-0.50,seed-12496-pa-0.20-pb-0.50:78,bandit,78,5.876928011042974,3.7019908922643063,0.9268292682926828,0.9268292682926828,0.0,0.0,3.0,9.826153953841953
seed-12496-pa-0.20-pb-0.50,seed-12496-pa-0.20-pb-0.50:79,bandit,79,6.031150136248314,3.702682467056857,0.9268292682926828,0.9268292682926828,0.0,0.0,-2.0,9.834846256149854
seed-12496-pa-0.20-pb-0.50,seed-12496-pa-0.20-pb-0.50:80,bandit,80,5.600206558916746,3.7033394631097805,0.9268292682926828,0.9268292682926828,0.0,0.0,3.0,9.843103943342362
seed-12496-pa-0.20-pb-0.50,seed-12496-pa-0.20-pb-0.50:81,bandit,81,6.035224150438086,3.7039636093600574,0.9268292682926828,0.9268292682926828,0.0,0.0,-2.0,9.850948746175243
seed-12496-pa-0.20-pb-0.50,seed-12496-pa-0.20-pb-0.50:82,bandit,82,6.04858735157374,3.7045565482978207,0.9761904761904764,0.9761904761904764,0.0,0.0,3.0,9.858401308866481
seed-12496-pa-0.20-pb-0.50,seed-12496-pa-0.20-pb-0.50:83,bandit,83,6.001928011042974,3.705119840288696,0.9761904761904764,0.9761904761904764,0.0,0.0,-2.0,9.865481243423156
seed-12496-pa-0.20-pb-0.50,seed-12496-pa-0.20-pb-0.50:84,bandit,84,5.7880413716877825,3.7056549676800272,1.0232558139534884,1.0232558139534884,0.0,0.0,3.0,9.872207181251998
seed-12496-pa-0.20-pb-0.50,seed-12496-pa-0.20-pb-0.50:85,bandit,85,5.92974463538566,3.7061633387017916,1.0232558139534884,1.0232558139534884,0.0,0.0,-2.0,9.878596822189397
seed-12496-pa-0.20-pb-0.50,seed-12496-pa-0.20-pb-0.50:86,bandit,86,5.563261687518224,3.7066462911724685,0.9545454545454546,0.9545454545454546,0.0,0.0,-2.0,9.884666981079928
seed-12496-pa-0.20-pb-0.50,seed-12496-pa-0.20-pb-0.50:87,bandit,87,5.600412651601648,3.707105096019611,0.8888888888888888,0.8888888888888888,0.0,0.0,-2.0,9.89043363202593
seed-12496-pa-0.20-pb-0.50,seed-12496-pa-0.20-pb-0.50:88,bandit,88,5.100412651601648,3.7075409606243963,0.8260869565217392,0.8260869565217392,0.0,0.0,-2.0,9.895911950424633
seed-12496-pa-0.20-pb-0.50,seed-12496-pa-0.20-pb-0.50:89,bandit,89,4.92974463538566,3.7079550319989427,0.7659574468085109,0.7659574468085109,0.0,0.0,-2.0,9.9011163529034
seed-12496-pa-0.20-pb-0.50,seed-12496-pa-0.20-pb-0.50:90,bandit,90,5.767675057605601,3.7083483998047617,0.8125,0.8125,0.0,0.0,3.0,9.90606053525823
seed-12496-pa-0.20-pb-0.50,seed-12496-pa-0.20-pb-0.50:91,bandit,91,6.063261687518224,3.7087220992202896,0.8125,0.8125,0.0,0.0,-2.0,9.910757508495319
seed-12496-pa-0.20-pb-0.50,seed-12496-pa-0.20-pb-0.50:92,bandit,92,5.811967589003199,3.7090771136650416,0.8571428571428572,0.8571428571428572,0.0,0.0,3.0,9.915219633070553
seed-12496-pa-0.20-pb-0.50,seed-12496-pa-0.20-pb-0.50:93,bandit,93,6.017675057605601,3.709414377387555,0.8571428571428572,0.8571428571428572,0.0,0.0,-2.0,9.919458651417024
seed-12496-pa-0.20-pb-0.50,seed-12496-pa-0.20-pb-0.50:94,bandit,94,5.9130413716877825,3.7097347779239436,0.8999999999999999,0.8999999999999999,0.0,0.0,3.0,9.923485718846173
seed-12496-pa-0.20-pb-0.50,seed-12496-pa-0.20-pb-0.50:95,bandit,95,5.892675057605601,3.7100391584335126,0.8999999999999999,0.8999999999999999,0.0,0.0,-2.0,9.927311432903863
seed-12496-pa-0.20-pb-0.50,seed-12496-pa-0.20-pb-0.50:96,bandit,96,5.65864569998304,3.710328319917603,0.9411764705882356,0.9411764705882356,0.0,0.0,3.0,9.93094586125867
seed-12496-pa-0.20-pb-0.50,seed-12496-pa-0.20-pb-0.50:97,bandit,97,5.767675057605601,3.710603023327489,0.9411764705882356,0.9411764705882356,0.0,0.0,-2.0,9.934398568195736
seed-12496-pa-0.20-pb-0.50,seed-12496-pa-0.20-pb-0.50:98,bandit,98,5.53364569998304,3.710863991566881,0.9807692307692308,0.9807692307692308,0.0,0.0,3.0,9.937678639785949
seed-12496-pa-0.20-pb-0.50,seed-12496-pa-0.20-pb-0.50:99,bandit,99,5.417999079229087,3.7111119113943025,0.9807692307692308,0.9807692307692308,0.0,0.0,3.0,9.94079470779665
seed-12503-pa-0.50-pb-0.65,seed-12503-pa-0.50-pb-0.65:0,bandit,0,4.203889734292549,3.019657066147831,0.5,0.5,0.0,0.0,0.0,1.25
seed-12503-pa-0.50-pb-0.65,seed-12503-pa-0.50-pb-0.65:1,bandit,1,3.4287006782765204,3.114136645557705,1.3333333333333337,1.3333333333333337,0.0,0.0,3.0,2.4375
seed-12503-pa-0.50-pb-0.65,seed-12503-pa-0.50-pb-0.65:2,bandit,2,2.0019290813453736,3.2038922459970847,1.75,1.75,0.0,0.0,3.0,3.565625
seed-12508-pa-0.35-pb-0.20,seed-12508-pa-0.35-pb-0.20:0,bandit,0,4.203889734292549,2.9003144395248324,0.5,0.5,0.0,0.0,0.0,-0.25
seed-12508-pa-0.35-pb-0.20,seed-12508-pa-0.35-pb-0.20:1,bandit,1,3.849076984180108,2.8814185236428576,0.5,0.5,0.0,0.0,-2.0,-0.4875
seed-12508-pa-0.35-pb-0.20,seed-12508-pa-0.35-pb-0.20:2,bandit,2,4.350412651601648,2.8634674035549814,0.5,0.5,0.0,0.0,3.0,-0.713125
seed-12508-pa-0.35-pb-0.20,seed-12508-pa-0.35-pb-0.20:3,bandit,3,2.1787006782765204,2.8464138394714995,0.5,0.5,0.0,0.0,-2.0,-0.92746875
seed-12508-pa-0.35-pb-0.20,seed-12508-pa-0.35-pb-0.20:4,bandit,4,1.7254126516016477,2.830212953592191,0.0,0.0,0.0,0.0,-2.0,-1.1310953124999998
seed-12508-pa-0.35-pb-0.20,seed-12508-pa-0.35-pb-0.20:5,bandit,5,0.9509394198788428,2.8148221120068486,0.0,0.0,0.0,0.0,-2.0,-1.3245405468749998
seed-12508-pa-0.35-pb-0.20,seed-12508-pa-0.35-pb-0.20:6,bandit,6,0.67974463538566,2.8002008125007727,-0.3333333333333332,-0.3333333333333332,0.0,0.0,-2.0,-1.5083135195312498
seed-12508-pa-0.35-pb-0.20,seed-12508-pa-0.35-pb-0.20:7,bandit,7,1.8132616875182244,2.786310577970001,0.0,0.0,0.0,0.0,3.0,-1.6828978435546873
seed-12508-pa-0.35-pb-0.20,seed-12508-pa-0.35-pb-0.20:8,bandit,8,2.099076984180108,2.7731148551657676,0.1428571428571428,0.1428571428571428,0.0,0.0,3.0,-1.848752951376953
seed-12512-pa-0.20-pb-0.50,seed-12512-pa-0.20-pb-0.50:0,bandit,0,4.203889734292549,2.9599857528363316,0.5,0.5,0.0,0.0,0.0,0.5
seed-12512-pa-0.20-pb-0.50,seed-12512-pa-0.20-pb-0.50:1,bandit,1,3.849076984180108,2.997777584600281,0.5,0.5,0.0,0.0,-2.0,0.975
seed-12516-pa-0.65-pb-0.65,seed-12516-pa-0.65-pb-0.65:0,bandit,0,4.203889734292549,3.019657066147831,0.5,0.5,0.0,0.0,0.0,1.25
seed-12516-pa-0.65-pb-0.65,seed-12516-pa-0.65-pb-0.65:1,bandit,1,3.0075990353171704,3.114136645557705,0.5,0.5,0.0,0.0,-2.0,2.4375
seed-12516-pa-0.65-pb-0.65,seed-12516-pa-0.65-pb-0.65:2,bandit,2,0.3868710061149016,3.2038922459970847,0.5,0.5,0.0,0.0,-2.0,3.565625
seed-12526-pa-0.65-pb-0.50,seed-12526-pa-0.65-pb-0.50:0,bandit,0,4.203889734292549,3.019657066147831,0.5,0.5,0.0,0.0,0.0,1.25
seed-12526-pa-0.65-pb-0.50,seed-12526-pa-0.65-pb-0.50:1,bandit,1,4.42870067827652,3.114136645557705,1.3333333333333337,1.3333333333333337,0.0,0.0,3.0,2.4375
seed-12526-pa-0.65-pb-0.50,seed-12526-pa-0.65-pb-0.50:2,bandit,2,3.201413277982752,3.2038922459970847,1.75,1.75,0.0,0.0,3.0,3.565625
seed-12526-pa-0.65-pb-0.50,seed-12526-pa-0.65-pb-0.50:3,bandit,3,3.4878222787715707,3.289160066414496,2.0,2.0,0.0,0.0,3.0,4.637343749999999
seed-12526-pa-0.65-pb-0.50,seed-12526-pa-0.65-pb-0.50:4,bandit,4,2.1602241504380864,3.3701644958110366,2.166666666666667,2.166666666666667,0.0,0.0,3.0,5.6554765625
seed-12526-pa-0.65-pb-0.50,seed-12526-pa-0.65-pb-0.50:5,bandit,5,2.517675057605601,3.4471187037377504,2.2857142857142856,2.2857142857142856,0.0,0.0,3.0,6.622702734374999
seed-12529-pa-0.65-pb-0.35,seed-12529-pa-0.65-pb-0.35:0,bandit,0,4.203889734292549,3.019657066147831,0.5,0.5,0.0,0.0,0.0,1.25
seed-12529-pa-0.65-pb-0.35,seed-12529-pa-0.65-pb-0.35:1,bandit,1,4.42870067827652,3.114136645557705,1.3333333333333337,1.3333333333333337,0.0,0.0,3.0,2.4375
seed-12529-pa-0.65-pb-0.35,seed-12529-pa-0.65-pb-0.35:2,bandit,2,2.501928011042974,3.2038922459970847,1.3333333333333337,1.3333333333333337,0.0,0.0,-2.0,3.565625
seed-12529-pa-0.65-pb-0.35,seed-12529-pa-0.65-pb-0.35:3,bandit,3,2.6368710061149017,3.289160066414496,1.75,1.75,0.0,0.0,3.0,4.637343749999999
seed-12534-pa-0.50-pb-0.35,seed-12534-pa-0.50-pb-0.35:0,bandit,0,4.203889734292549,2.9599857528363316,0.5,0.5,0.0,0.0,0.0,0.5
seed-12534-pa-0.50-pb-0.35,seed-12534-pa-0.50-pb-0.35:1,bandit,1,4.42870067827652,2.997777584600281,1.3333333333333337,1.3333333333333337,0.0,0.0,3.0,0.975
seed-12534-pa-0.50-pb-0.35,seed-12534-pa-0.50-pb-0.35:2,bandit,2,0.951413277982752,3.033679824776033,1.3333333333333337,1.3333333333333337,0.0,0.0,3.0,1.42625
foraging-pair-0072037-stay_x,foraging-pair-0072037-stay_x:0,foraging,0,3.5,2.0012061587737,2.0,2.0,0.0,0.0,0.0,3.0
foraging-pair-0072037-stay_x,foraging-pair-0072037-stay_x:1,foraging,1,1.5,1.9229934615985371,2.6666666666666665,2.6666666666666665,0.0,0.0,4.0,2.8
foraging-pair-0072037-stay_x,foraging-pair-0072037-stay_x:2,foraging,2,-0.25,1.8447807644233745,3.0,3.0,0.0,0.0,4.0,2.6
foraging-pair-0072037-stay_y,foraging-pair-0072037-stay_y:0,foraging,0,2.875,2.0012061587737,2.0,2.0,0.0,0.0,0.0,3.0
foraging-pair-0072037-stay_y,foraging-pair-0072037-stay_y:1,foraging,1,1.25,1.9229934615985371,2.6666666666666665,2.6666666666666665,0.0,0.0,4.0,2.8
foraging-pair-0072037-stay_y,foraging-pair-0072037-stay_y:2,foraging,2,-0.375,1.8447807644233745,3.0,3.0,0.0,0.0,4.0,2.6
foraging-pair-0072040-stay_x,foraging-pair-0072040-stay_x:0,foraging,0,1.375,0.5151649124456086,-1.0,1.0,2.0,1.0,0.0,-0.7999999999999998
foraging-pair-0072040-stay_x,foraging-pair-0072040-stay_x:1,foraging,1,1.375,0.4369522152704458,-0.3333333333333335,1.6666666666666663,2.0,1.0,3.0,-1.0
foraging-pair-0072040-stay_x,foraging-pair-0072040-stay_x:2,foraging,2,0.5,0.35873951809528326,-1.0,1.0,2.0,1.0,-1.0,-1.1999999999999995
foraging-pair-0072040-stay_x,foraging-pair-0072040-stay_x:3,foraging,3,0.25,0.2805268209201205,-0.6000000000000001,1.4,2.0,1.0,3.0,-1.4
foraging-pair-0072040-stay_y,foraging-pair-0072040-stay_y:0,foraging,0,1.125,0.5151649124456086,-1.0,1.0,2.0,1.0,0.0,-0.7999999999999998
foraging-pair-0072040-stay_y,foraging-pair-0072040-stay_y:1,foraging,1,1.25,0.4369522152704458,-0.3333333333333335,1.6666666666666663,2.0,1.0,3.0,-1.0
foraging-pair-0072040-stay_y,foraging-pair-0072040-stay_y:2,foraging,2,0.75,0.35873951809528326,-1.0,1.0,2.0,1.0,-1.0,-1.1999999999999995
foraging-pair-0072040-stay_y,foraging-pair-0072040-stay_y:3,foraging,3,0.125,0.2805268209201205,-0.6000000000000001,1.4,2.0,1.0,3.0,-1.4
foraging-pair-0072043-stay_x,foraging-pair-0072043-stay_x:0,foraging,0,1.875,1.2190791870220727,0.0,2.0,2.0,0.0,0.0,1.0
foraging-pair-0072043-stay_x,foraging-pair-0072043-stay_x:1,foraging,1,1.5,1.0313687138016823,0.6666666666666665,2.6666666666666665,2.0,0.0,4.0,0.52
foraging-pair-0072043-stay_x,foraging-pair-0072043-stay_x:2,foraging,2,-0.75,0.8436582405812919,1.0,3.0,2.0,0.0,4.0,0.04
foraging-pair-0072043-stay_y,foraging-pair-0072043-stay_y:0,foraging,0,1.5,1.2190791870220727,0.0,2.0,2.0,0.0,0.0,1.0
foraging-pair-0072043-stay_y,foraging-pair-0072043-stay_y:1,foraging,1,0.875,1.0313687138016823,0.6666666666666665,2.6666666666666665,2.0,0.0,4.0,0.52
foraging-pair-0072043-stay_y,foraging-pair-0072043-stay_y:2,foraging,2,-0.875,0.8436582405812919,1.0,3.0,2.0,0.0,4.0,0.04
foraging-pair-0072045-stay_x,foraging-pair-0072045-stay_x:0,foraging,0,2.375,1.6101426728978863,1.0,1.0,0.0,1.0,0.0,2.0
foraging-pair-0072045-stay_x,foraging-pair-0072045-stay_x:1,foraging,1,1.75,1.5319299757227234,1.6666666666666663,1.6666666666666663,0.0,1.0,3.0,1.7999999999999998
foraging-pair-0072045-stay_x,foraging-pair-0072045-stay_x:2,foraging,2,0.75,1.453717278547561,1.0,1.0,0.0,1.0,-1.0,1.6
foraging-pair-0072045-stay_y,foraging-pair-0072045-stay_y:0,foraging,0,2.0,1.6101426728978863,1.0,1.0,0.0,1.0,0.0,2.0
foraging-pair-0072045-stay_y,foraging-pair-0072045-stay_y:1,foraging,1,1.25,1.5319299757227234,1.6666666666666663,1.6666666666666663,0.0,1.0,3.0,1.7999999999999998
foraging-pair-0072045-stay_y,foraging-pair-0072045-stay_y:2,foraging,2,1.0,1.453717278547561,1.0,1.0,0.0,1.0,-1.0,1.6
foraging-pair-0072047-stay_x,foraging-pair-0072047-stay_x:0,foraging,0,2.375,1.6101426728978863,1.0,1.0,0.0,1.0,0.0,2.0
foraging-pair-0072047-stay_x,foraging-pair-0072047-stay_x:1,foraging,1,1.75,1.4224321996774958,1.6666666666666663,1.6666666666666663,0.0,1.0,3.0,1.52
foraging-pair-0072047-stay_x,foraging-pair-0072047-stay_x:2,foraging,2,-0.25,1.2347217264571053,2.0,2.0,0.0,1.0,3.0,1.04
foraging-pair-0072047-stay_x,foraging-pair-0072047-stay_x:3,foraging,3,0.5,1.0470112532367148,1.4,1.4,0.0,1.0,-1.0,0.56
foraging-pair-0072047-stay_y,foraging-pair-0072047-stay_y:0,foraging,0,2.0,1.6101426728978863,1.0,1.0,0.0,1.0,0.0,2.0
foraging-pair-0072047-stay_y,foraging-pair-0072047-stay_y:1,foraging,1,1.25,1.4224321996774958,1.6666666666666663,1.6666666666666663,0.0,1.0,3.0,1.52
foraging-pair-0072047-stay_y,foraging-pair-0072047-stay_y:2,foraging,2,-0.25,1.2347217264571053,2.0,2.0,0.0,1.0,3.0,1.04
foraging-pair-0072047-stay_y,foraging-pair-0072047-stay_y:3,foraging,3,0.375,1.0470112532367148,1.4,1.4,0.0,1.0,-1.0,0.56
foraging-pair-0072051-stay_x,foraging-pair-0072051-stay_x:0,foraging,0,1.875,0.9062283983214221,0.0,2.0,2.0,0.0,0.0,0.2000000000000001
foraging-pair-0072051-stay_y,foraging-pair-0072051-stay_y:0,foraging,0,1.5,0.9062283983214221,0.0,2.0,2.0,0.0,0.0,0.2000000000000001
foraging-pair-0072055-stay_x,foraging-pair-0072055-stay_x:0,foraging,0,2.375,0.9844410954965847,1.0,1.0,0.0,1.0,0.0,0.3999999999999999
foraging-pair-0072055-stay_x,foraging-pair-0072055-stay_x:1,foraging,1,-0.375,0.7967306222761943,0.3333333333333332,0.3333333333333332,0.0,1.0,-1.0,-0.08
foraging-pair-0072055-stay_y,foraging-pair-0072055-stay_y:0,foraging,0,2.0,0.9844410954965847,1.0,1.0,0.0,1.0,0.0,0.3999999999999999
foraging-pair-0072055-stay_y,foraging-pair-0072055-stay_y:1,foraging,1,-0.875,0.7967306222761943,0.3333333333333332,0.3333333333333332,0.0,1.0,-1.0,-0.08
foraging-pair-0072059-stay_x,foraging-pair-0072059-stay_x:0,foraging,0,1.375,0.20231412374495783,-1.0,1.0,2.0,1.0,0.0,-1.6
foraging-pair-0072059-stay_y,foraging-pair-0072059-stay_y:0,foraging,0,1.125,0.20231412374495783,-1.0,1.0,2.0,1.0,0.0,-1.6
foraging-pair-0072065-stay_x,foraging-pair-0072065-stay_x:0,foraging,0,1.875,0.5933776096207712,0.0,2.0,2.0,0.0,0.0,-0.6000000000000001
foraging-pair-0072065-stay_x,foraging-pair-0072065-stay_x:1,foraging,1,0.375,0.5151649124456086,-0.6666666666666667,1.3333333333333333,2.0,0.0,0.0,-0.8
foraging-pair-0072065-stay_x,foraging-pair-0072065-stay_x:2,foraging,2,-0.875,0.4369522152704458,-1.0,1.0,2.0,0.0,0.0,-1.0
foraging-pair-0072065-stay_y,foraging-pair-0072065-stay_y:0,foraging,0,1.5,0.5933776096207712,0.0,2.0,2.0,0.0,0.0,-0.6000000000000001
foraging-pair-0072065-stay_y,foraging-pair-0072065-stay_y:1,foraging,1,-0.375,0.5151649124456086,-0.6666666666666667,1.3333333333333333,2.0,0.0,0.0,-0.8
foraging-pair-0072068-stay_x,foraging-pair-0072068-stay_x:0,foraging,0,3.5,1.375504581372398,2.0,2.0,0.0,0.0,0.0,1.4
foraging-pair-0072068-stay_x,foraging-pair-0072068-stay_x:1,foraging,1,0.75,1.1877941081520078,1.3333333333333333,1.3333333333333333,0.0,0.0,0.0,0.92
foraging-pair-0072068-stay_x,foraging-pair-0072068-stay_x:2,foraging,2,-0.375,1.0000836349316171,2.0,2.0,0.0,0.0,4.0,0.4399999999999999
foraging-pair-0072068-stay_x,foraging-pair-0072068-stay_x:3,foraging,3,-0.25,0.906228398321422,1.6,1.6,0.0,0.0,0.0,0.2
foraging-pair-0072068-stay_x,foraging-pair-0072068-stay_x:4,foraging,4,-0.75,0.906228398321422,1.3333333333333333,1.3333333333333333,0.0,0.0,0.0,0.2
foraging-pair-0072068-stay_y,foraging-pair-0072068-stay_y:0,foraging,0,2.875,1.375504581372398,2.0,2.0,0.0,0.0,0.0,1.4
foraging-pair-0072068-stay_y,foraging-pair-0072068-stay_y:1,foraging,1,0.375,1.1877941081520078,1.3333333333333333,1.3333333333333333,0.0,0.0,0.0,0.92
foraging-pair-0072069-stay_x,foraging-pair-0072069-stay_x:0,foraging,0,2.375,1.6101426728978863,1.0,1.0,0.0,1.0,0.0,2.0
foraging-pair-0072069-stay_x,foraging-pair-0072069-stay_x:1,foraging,1,1.75,1.5319299757227234,1.6666666666666663,1.6666666666666663,0.0,1.0,3.0,1.7999999999999998
foraging-pair-0072069-stay_x,foraging-pair-0072069-stay_x:2,foraging,2,0.75,1.453717278547561,1.0,1.0,0.0,1.0,-1.0,1.6
foraging-pair-0072069-stay_x,foraging-pair-0072069-stay_x:3,foraging,3,0.5,1.375504581372398,1.4,1.4,0.0,1.0,3.0,1.4
foraging-pair-0072069-stay_y,foraging-pair-0072069-stay_y:0,foraging,0,2.0,1.6101426728978863,1.0,1.0,0.0,1.0,0.0,2.0
foraging-pair-0072069-stay_y,foraging-pair-0072069-stay_y:1,foraging,1,1.25,1.5319299757227234,1.6666666666666663,1.6666666666666663,0.0,1.0,3.0,1.7999999999999998
foraging-pair-0072069-stay_y,foraging-pair-0072069-stay_y:2,foraging,2,1.0,1.453717278547561,1.0,1.0,0.0,1.0,-1.0,1.6
foraging-pair-0072069-stay_y,foraging-pair-0072069-stay_y:3,foraging,3,0.5,1.375504581372398,1.4,1.4,0.0,1.0,3.0,1.4
foraging-pair-0072082-stay_x,foraging-pair-0072082-stay_x:0,foraging,0,3.5,1.6883553700730491,2.0,2.0,0.0,0.0,0.0,2.2
foraging-pair-0072082-stay_x,foraging-pair-0072082-stay_x:1,foraging,1,0.75,1.6101426728978863,1.3333333333333333,1.3333333333333333,0.0,0.0,0.0,2.0
foraging-pair-0072082-stay_x,foraging-pair-0072082-stay_x:2,foraging,2,-0.375,1.5319299757227238,2.0,2.0,0.0,0.0,4.0,1.8000000000000005
foraging-pair-0072082-stay_x,foraging-pair-0072082-stay_x:3,foraging,3,-0.25,1.453717278547561,1.6,1.6,0.0,0.0,0.0,1.6
foraging-pair-0072082-stay_x,foraging-pair-0072082-stay_x:4,foraging,4,-0.75,1.375504581372398,1.3333333333333333,1.3333333333333333,0.0,0.0,0.0,1.4
foraging-pair-0072082-stay_y,foraging-pair-0072082-stay_y:0,foraging,0,2.875,1.6883553700730491,2.0,2.0,0.0,0.0,0.0,2.2
foraging-pair-0072082-stay_y,foraging-pair-0072082-stay_y:1,foraging,1,0.375,1.6101426728978863,1.3333333333333333,1.3333333333333333,0.0,0.0,0.0,2.0
foraging-pair-0072082-stay_y,foraging-pair-0072082-stay_y:2,foraging,2,0.375,1.5319299757227238,2.0,2.0,0.0,0.0,4.0,1.8000000000000005
foraging-pair-0072082-stay_y,foraging-pair-0072082-stay_y:3,foraging,3,0.0,1.453717278547561,1.6,1.6,0.0,0.0,0.0,1.6
foraging-pair-0072082-stay_y,foraging-pair-0072082-stay_y:4,foraging,4,-0.625,1.375504581372398,1.3333333333333333,1.3333333333333333,0.0,0.0,0.0,1.4
foraging-pair-0072088-stay_x,foraging-pair-0072088-stay_x:0,foraging,0,1.375,0.5151649124456086,-1.0,1.0,2.0,1.0,0.0,-0.7999999999999998
foraging-pair-0072088-stay_x,foraging-pair-0072088-stay_x:1,foraging,1,1.375,0.4369522152704458,-0.3333333333333335,1.6666666666666663,2.0,1.0,3.0,-1.0
foraging-pair-0072088-stay_x,foraging-pair-0072088-stay_x:2,foraging,2,0.5,0.35873951809528326,-1.0,1.0,2.0,1.0,-1.0,-1.1999999999999995
foraging-pair-0072088-stay_x,foraging-pair-0072088-stay_x:3,foraging,3,-0.375,0.2805268209201205,-1.4,0.6000000000000001,2.0,1.0,-1.0,-1.4
foraging-pair-0072088-stay_y,foraging-pair-0072088-stay_y:0,foraging,0,1.125,0.5151649124456086,-1.0,1.0,2.0,1.0,0.0,-0.7999999999999998
foraging-pair-0072088-stay_y,foraging-pair-0072088-stay_y:1,foraging,1,1.25,0.4369522152704458,-0.3333333333333335,1.6666666666666663,2.0,1.0,3.0,-1.0
foraging-pair-0072088-stay_y,foraging-pair-0072088-stay_y:2,foraging,2,0.75,0.35873951809528326,-1.0,1.0,2.0,1.0,-1.0,-1.1999999999999995
foraging-pair-0072088-stay_y,foraging-pair-0072088-stay_y:3,foraging,3,-0.125,0.2805268209201205,-1.4,0.6000000000000001,2.0,1.0,-1.0,-1.4
foraging-pair-0072101-stay_x,foraging-pair-0072101-stay_x:0,foraging,0,1.375,0.20231412374495783,-1.0,1.0,2.0,1.0,0.0,-1.6
foraging-pair-0072101-stay_x,foraging-pair-0072101-stay_x:1,foraging,1,1.375,0.014603650524567358,-0.3333333333333335,1.6666666666666663,2.0,1.0,3.0,-2.08
foraging-pair-0072101-stay_y,foraging-pair-0072101-stay_y:0,foraging,0,1.125,0.20231412374495783,-1.0,1.0,2.0,1.0,0.0,-1.6
foraging-pair-0072101-stay_y,foraging-pair-0072101-stay_y:1,foraging,1,1.25,0.014603650524567358,-0.3333333333333335,1.6666666666666663,2.0,1.0,3.0,-2.08
foraging-pair-0072136-stay_x,foraging-pair-0072136-stay_x:0,foraging,0,1.375,0.5151649124456086,-1.0,1.0,2.0,1.0,0.0,-0.7999999999999998
foraging-pair-0072136-stay_x,foraging-pair-0072136-stay_x:1,foraging,1,-0.5,0.4369522152704458,-1.6666666666666667,0.3333333333333332,2.0,1.0,-1.0,-1.0
foraging-pair-0072136-stay_y,foraging-pair-0072136-stay_y:0,foraging,0,1.125,0.5151649124456086,-1.0,1.0,2.0,1.0,0.0,-0.7999999999999998
foraging-pair-0072136-stay_y,foraging-pair-0072136-stay_y:1,foraging,1,-0.625,0.4369522152704458,-1.6666666666666667,0.3333333333333332,2.0,1.0,-1.0,-1.0
foraging-pair-0072137-stay_x,foraging-pair-0072137-stay_x:0,foraging,0,1.875,0.5933776096207712,0.0,2.0,2.0,0.0,0.0,-0.6000000000000001
foraging-pair-0072137-stay_x,foraging-pair-0072137-stay_x:1,foraging,1,1.5,0.5151649124456086,0.6666666666666665,2.6666666666666665,2.0,0.0,4.0,-0.8
foraging-pair-0072137-stay_y,foraging-pair-0072137-stay_y:0,foraging,0,1.5,0.5933776096207712,0.0,2.0,2.0,0.0,0.0,-0.6000000000000001
foraging-pair-0072137-stay_y,foraging-pair-0072137-stay_y:1,foraging,1,0.875,0.5151649124456086,0.6666666666666665,2.6666666666666665,2.0,0.0,4.0,-0.8
foraging-pair-0072139-stay_x,foraging-pair-0072139-stay_x:0,foraging,0,1.875,1.2190791870220727,0.0,2.0,2.0,0.0,0.0,1.0
foraging-pair-0072139-stay_x,foraging-pair-0072139-stay_x:1,foraging,1,1.5,1.0313687138016823,0.6666666666666665,2.6666666666666665,2.0,0.0,4.0,0.52
foraging-pair-0072139-stay_x,foraging-pair-0072139-stay_x:2,foraging,2,-0.625,0.8436582405812919,0.0,2.0,2.0,0.0,0.0,0.04
foraging-pair-0072139-stay_x,foraging-pair-0072139-stay_x:3,foraging,3,-1.0,0.6559477673609014,-0.3999999999999999,1.6,2.0,0.0,0.0,-0.4399999999999999
foraging-pair-0072139-stay_x,foraging-pair-0072139-stay_x:4,foraging,4,-1.125,0.46823729414051096,-0.6666666666666667,1.3333333333333333,2.0,0.0,0.0,-0.92
foraging-pair-0072139-stay_y,foraging-pair-0072139-stay_y:0,foraging,0,1.5,1.2190791870220727,0.0,2.0,2.0,0.0,0.0,1.0
foraging-pair-0072139-stay_y,foraging-pair-0072139-stay_y:1,foraging,1,0.875,1.0313687138016823,0.6666666666666665,2.6666666666666665,2.0,0.0,4.0,0.52
foraging-pair-0072139-stay_y,foraging-pair-0072139-stay_y:2,foraging,2,-0.625,0.8436582405812919,0.0,2.0,2.0,0.0,0.0,0.04
foraging-pair-0072139-stay_y,foraging-pair-0072139-stay_y:3,foraging,3,-1.0,0.6559477673609014,-0.3999999999999999,1.6,2.0,0.0,0.0,-0.4399999999999999
foraging-pair-0072139-stay_y,foraging-pair-0072139-stay_y:4,foraging,4,-1.25,0.46823729414051096,-0.6666666666666667,1.3333333333333333,2.0,0.0,0.0,-0.92
foraging-pair-0072146-stay_x,foraging-pair-0072146-stay_x:0,foraging,0,1.375,0.5151649124456086,-1.0,1.0,2.0,1.0,0.0,-0.7999999999999998
foraging-pair-0072146-stay_x,foraging-pair-0072146-stay_x:1,foraging,1,1.375,0.3274544392252181,-0.3333333333333335,1.6666666666666663,2.0,1.0,3.0,-1.2799999999999998
foraging-pair-0072146-stay_x,foraging-pair-0072146-stay_x:2,foraging,2,0.5,0.13974396600482775,-1.0,1.0,2.0,1.0,-1.0,-1.7599999999999998
foraging-pair-0072146-stay_y,foraging-pair-0072146-stay_y:0,foraging,0,1.125,0.5151649124456086,-1.0,1.0,2.0,1.0,0.0,-0.7999999999999998
foraging-pair-0072146-stay_y,foraging-pair-0072146-stay_y:1,foraging,1,1.25,0.3274544392252181,-0.3333333333333335,1.6666666666666663,2.0,1.0,3.0,-1.2799999999999998
foraging-pair-0072146-stay_y,foraging-pair-0072146-stay_y:2,foraging,2,0.75,0.13974396600482775,-1.0,1.0,2.0,1.0,-1.0,-1.7599999999999998
foraging-pair-0072158-stay_x,foraging-pair-0072158-stay_x:0,foraging,0,3.5,2.0012061587737,2.0,2.0,0.0,0.0,0.0,3.0
foraging-pair-0072158-stay_x,foraging-pair-0072158-stay_x:1,foraging,1,1.5,1.8134956855533093,2.6666666666666665,2.6666666666666665,0.0,0.0,4.0,2.52
foraging-pair-0072158-stay_x,foraging-pair-0072158-stay_x:2,foraging,2,-0.25,1.6257852123329188,3.0,3.0,0.0,0.0,4.0,2.04
foraging-pair-0072158-stay_x,foraging-pair-0072158-stay_x:3,foraging,3,0.5,1.4380747391125284,3.2,3.2,0.0,0.0,4.0,1.56
foraging-pair-0072158-stay_y,foraging-pair-0072158-stay_y:0,foraging,0,2.875,2.0012061587737,2.0,2.0,0.0,0.0,0.0,3.0
foraging-pair-0072158-stay_y,foraging-pair-0072158-stay_y:1,foraging,1,1.25,1.8134956855533093,2.6666666666666665,2.6666666666666665,0.0,0.0,4.0,2.52
foraging-pair-0072158-stay_y,foraging-pair-0072158-stay_y:2,foraging,2,-0.375,1.6257852123329188,3.0,3.0,0.0,0.0,4.0,2.04
foraging-pair-0072158-stay_y,foraging-pair-0072158-stay_y:3,foraging,3,0.5,1.4380747391125284,3.2,3.2,0.0,0.0,4.0,1.56
foraging-pair-0072159-stay_x,foraging-pair-0072159-stay_x:0,foraging,0,3.5,1.375504581372398,2.0,2.0,0.0,0.0,0.0,1.4
foraging-pair-0072159-stay_x,foraging-pair-0072159-stay_x:1,foraging,1,1.5,1.2972918841972354,2.6666666666666665,2.6666666666666665,0.0,0.0,4.0,1.2
foraging-pair-0072159-stay_x,foraging-pair-0072159-stay_x:2,foraging,2,-1.125,1.2190791870220727,2.0,2.0,0.0,0.0,0.0,1.0
foraging-pair-0072159-stay_x,foraging-pair-0072159-stay_x:3,foraging,3,-1.25,1.14086648984691,1.6,1.6,0.0,0.0,0.0,0.7999999999999998
foraging-pair-0072159-stay_y,foraging-pair-0072159-stay_y:0,foraging,0,2.875,1.375504581372398,2.0,2.0,0.0,0.0,0.0,1.4
foraging-pair-0072159-stay_y,foraging-pair-0072159-stay_y:1,foraging,1,1.25,1.2972918841972354,2.6666666666666665,2.6666666666666665,0.0,0.0,4.0,1.2
foraging-pair-0072159-stay_y,foraging-pair-0072159-stay_y:2,foraging,2,-0.875,1.2190791870220727,2.0,2.0,0.0,0.0,0.0,1.0
foraging-pair-0072159-stay_y,foraging-pair-0072159-stay_y:3,foraging,3,-1.0,1.14086648984691,1.6,1.6,0.0,0.0,0.0,0.7999999999999998
foraging-pair-0072161-stay_x,foraging-pair-0072161-stay_x:0,foraging,0,1.875,0.5933776096207712,0.0,2.0,2.0,0.0,0.0,-0.6000000000000001
foraging-pair-0072161-stay_x,foraging-pair-0072161-stay_x:1,foraging,1,1.5,0.5151649124456086,0.6666666666666665,2.6666666666666665,2.0,0.0,4.0,-0.8
foraging-pair-0072161-stay_x,foraging-pair-0072161-stay_x:2,foraging,2,-0.75,0.4369522152704458,1.0,3.0,2.0,0.0,4.0,-1.0
foraging-pair-0072161-stay_x,foraging-pair-0072161-stay_x:3,foraging,3,-0.875,0.35873951809528304,0.3999999999999999,2.4,2.0,0.0,0.0,-1.2000000000000002
foraging-pair-0072161-stay_x,foraging-pair-0072161-stay_x:4,foraging,4,-0.375,0.2805268209201205,0.6666666666666665,2.6666666666666665,2.0,0.0,4.0,-1.4
foraging-pair-0072161-stay_x,foraging-pair-0072161-stay_x:5,foraging,5,-1.0,0.20231412374495783,0.2857142857142856,2.2857142857142856,2.0,0.0,0.0,-1.6
foraging-pair-0072161-stay_x,foraging-pair-0072161-stay_x:6,foraging,6,-0.75,0.12410142656979506,0.0,2.0,2.0,0.0,0.0,-1.8
foraging-pair-0072161-stay_x,foraging-pair-0072161-stay_x:7,foraging,7,-0.625,0.12410142656979506,-0.2222222222222223,1.7777777777777777,2.0,0.0,0.0,-1.8
foraging-pair-0072161-stay_y,foraging-pair-0072161-stay_y:0,foraging,0,1.5,0.5933776096207712,0.0,2.0,2.0,0.0,0.0,-0.6000000000000001
foraging-pair-0072161-stay_y,foraging-pair-0072161-stay_y:1,foraging,1,0.875,0.5151649124456086,0.6666666666666665,2.6666666666666665,2.0,0.0,4.0,-0.8
foraging-pair-0072161-stay_y,foraging-pair-0072161-stay_y:2,foraging,2,-0.875,0.4369522152704458,1.0,3.0,2.0,0.0,4.0,-1.0
foraging-pair-0072161-stay_y,foraging-pair-0072161-stay_y:3,foraging,3,-0.5,0.35873951809528304,0.3999999999999999,2.4,2.0,0.0,0.0,-1.2000000000000002
foraging-pair-0072161-stay_y,foraging-pair-0072161-stay_y:4,foraging,4,-0.125,0.2805268209201205,0.6666666666666665,2.6666666666666665,2.0,0.0,4.0,-1.4
foraging-pair-0072161-stay_y,foraging-pair-0072161-stay_y:5,foraging,5,-0.875,0.20231412374495783,0.2857142857142856,2.2857142857142856,2.0,0.0,0.0,-1.6
foraging-pair-0072161-stay_y,foraging-pair-0072161-stay_y:6,foraging,6,-0.75,0.12410142656979506,0.0,2.0,2.0,0.0,0.0,-1.8
foraging-pair-0072161-stay_y,foraging-pair-0072161-stay_y:7,foraging,7,-0.75,0.12410142656979506,-0.2222222222222223,1.7777777777777777,2.0,0.0,0.0,-1.8
foraging-pair-0072162-stay_x,foraging-pair-0072162-stay_x:0,foraging,0,2.375,0.9844410954965847,1.0,1.0,0.0,1.0,0.0,0.3999999999999999
foraging-pair-0072162-stay_x,foraging-pair-0072162-stay_x:1,foraging,1,-0.375,0.906228398321422,0.3333333333333332,0.3333333333333332,0.0,1.0,-1.0,0.1999999999999999
foraging-pair-0072162-stay_y,foraging-pair-0072162-stay_y:0,foraging,0,2.0,0.9844410954965847,1.0,1.0,0.0,1.0,0.0,0.3999999999999999
foraging-pair-0072162-stay_y,foraging-pair-0072162-stay_y:1,foraging,1,-0.875,0.906228398321422,0.3333333333333332,0.3333333333333332,0.0,1.0,-1.0,0.1999999999999999
foraging-pair-0072163-stay_x,foraging-pair-0072163-stay_x:0,foraging,0,1.875,1.2190791870220727,0.0,2.0,2.0,0.0,0.0,1.0
foraging-pair-0072163-stay_x,foraging-pair-0072163-stay_x:1,foraging,1,1.5,1.0313687138016823,0.6666666666666665,2.6666666666666665,2.0,0.0,4.0,0.52
foraging-pair-0072163-stay_x,foraging-pair-0072163-stay_x:2,foraging,2,-0.625,0.8436582405812919,0.0,2.0,2.0,0.0,0.0,0.04
foraging-pair-0072163-stay_y,foraging-pair-0072163-stay_y:0,foraging,0,1.5,1.2190791870220727,0.0,2.0,2.0,0.0,0.0,1.0
foraging-pair-0072163-stay_y,foraging-pair-0072163-stay_y:1,foraging,1,0.875,1.0313687138016823,0.6666666666666665,2.6666666666666665,2.0,0.0,4.0,0.52
foraging-pair-0072163-stay_y,foraging-pair-0072163-stay_y:2,foraging,2,-0.625,0.8436582405812919,0.0,2.0,2.0,0.0,0.0,0.04
foraging-pair-0072182-stay_x,foraging-pair-0072182-stay_x:0,foraging,0,3.5,2.0012061587737,2.0,2.0,0.0,0.0,0.0,3.0
foraging-pair-0072182-stay_y,foraging-pair-0072182-stay_y:0,foraging,0,2.875,2.0012061587737,2.0,2.0,0.0,0.0,0.0,3.0
foraging-pair-0072185-stay_x,foraging-pair-0072185-stay_x:0,foraging,0,1.875,0.5933776096207712,0.0,2.0,2.0,0.0,0.0,-0.6000000000000001
foraging-pair-0072185-stay_x,foraging-pair-0072185-stay_x:1,foraging,1,0.375,0.5151649124456086,-0.6666666666666667,1.3333333333333333,2.0,0.0,0.0,-0.8
foraging-pair-0072185-stay_x,foraging-pair-0072185-stay_x:2,foraging,2,-0.25,0.4369522152704458,0.0,2.0,2.0,0.0,4.0,-1.0
foraging-pair-0072185-stay_y,foraging-pair-0072185-stay_y:0,foraging,0,1.5,0.5933776096207712,0.0,2.0,2.0,0.0,0.0,-0.6000000000000001
foraging-pair-0072185-stay_y,foraging-pair-0072185-stay_y:1,foraging,1,-0.375,0.5151649124456086,-0.6666666666666667,1.3333333333333333,2.0,0.0,0.0,-0.8
foraging-pair-0072185-stay_y,foraging-pair-0072185-stay_y:2,foraging,2,0.125,0.4369522152704458,0.0,2.0,2.0,0.0,4.0,-1.0
foraging-pair-0072191-stay_x,foraging-pair-0072191-stay_x:0,foraging,0,2.375,1.6101426728978863,1.0,1.0,0.0,1.0,0.0,2.0
foraging-pair-0072191-stay_x,foraging-pair-0072191-stay_x:1,foraging,1,1.75,1.4224321996774958,1.6666666666666663,1.6666666666666663,0.0,1.0,3.0,1.52
foraging-pair-0072191-stay_x,foraging-pair-0072191-stay_x:2,foraging,2,0.75,1.2347217264571053,1.0,1.0,0.0,1.0,-1.0,1.04
foraging-pair-0072191-stay_x,foraging-pair-0072191-stay_x:3,foraging,3,0.5,1.0470112532367148,1.4,1.4,0.0,1.0,3.0,0.56
foraging-pair-0072191-stay_y,foraging-pair-0072191-stay_y:0,foraging,0,2.0,1.6101426728978863,1.0,1.0,0.0,1.0,0.0,2.0
foraging-pair-0072191-stay_y,foraging-pair-0072191-stay_y:1,foraging,1,1.25,1.4224321996774958,1.6666666666666663,1.6666666666666663,0.0,1.0,3.0,1.52
foraging-pair-0072200-stay_x,foraging-pair-0072200-stay_x:0,foraging,0,2.375,1.2972918841972356,1.0,1.0,0.0,1.0,0.0,1.2000000000000002
foraging-pair-0072200-stay_x,foraging-pair-0072200-stay_x:1,foraging,1,1.75,1.1095814109768452,1.6666666666666663,1.6666666666666663,0.0,1.0,3.0,0.7200000000000002
foraging-pair-0072200-stay_x,foraging-pair-0072200-stay_x:2,foraging,2,-0.25,0.9218709377564547,2.0,2.0,0.0,1.0,3.0,0.2400000000000002
foraging-pair-0072200-stay_y,foraging-pair-0072200-stay_y:0,foraging,0,2.0,1.2972918841972356,1.0,1.0,0.0,1.0,0.0,1.2000000000000002
foraging-pair-0072200-stay_y,foraging-pair-0072200-stay_y:1,foraging,1,1.25,1.1095814109768452,1.6666666666666663,1.6666666666666663,0.0,1.0,3.0,0.7200000000000002
foraging-pair-0072200-stay_y,foraging-pair-0072200-stay_y:2,foraging,2,-0.25,0.9218709377564547,2.0,2.0,0.0,1.0,3.0,0.2400000000000002
foraging-pair-0072222-stay_x,foraging-pair-0072222-stay_x:0,foraging,0,2.375,1.2972918841972356,1.0,1.0,0.0,1.0,0.0,1.2000000000000002
foraging-pair-0072222-stay_x,foraging-pair-0072222-stay_x:1,foraging,1,-0.375,1.2190791870220727,0.3333333333333332,0.3333333333333332,0.0,1.0,-1.0,1.0
foraging-pair-0072222-stay_x,foraging-pair-0072222-stay_x:2,foraging,2,0.5,1.1408664898469103,1.0,1.0,0.0,1.0,3.0,0.8000000000000003
foraging-pair-0072222-stay_y,foraging-pair-0072222-stay_y:0,foraging,0,2.0,1.2972918841972356,1.0,1.0,0.0,1.0,0.0,1.2000000000000002
foraging-pair-0072222-stay_y,foraging-pair-0072222-stay_y:1,foraging,1,-0.875,1.2190791870220727,0.3333333333333332,0.3333333333333332,0.0,1.0,-1.0,1.0
foraging-pair-0072222-stay_y,foraging-pair-0072222-stay_y:2,foraging,2,0.75,1.1408664898469103,1.0,1.0,0.0,1.0,3.0,0.8000000000000003
foraging-pair-0072229-stay_x,foraging-pair-0072229-stay_x:0,foraging,0,3.5,2.0012061587737,2.0,2.0,0.0,0.0,0.0,3.0
foraging-pair-0072229-stay_x,foraging-pair-0072229-stay_x:1,foraging,1,1.5,1.9229934615985371,2.6666666666666665,2.6666666666666665,0.0,0.0,4.0,2.8
foraging-pair-0072229-stay_x,foraging-pair-0072229-stay_x:2,foraging,2,-1.125,1.8447807644233745,2.0,2.0,0.0,0.0,0.0,2.6
foraging-pair-0072229-stay_y,foraging-pair-0072229-stay_y:0,foraging,0,2.875,2.0012061587737,2.0,2.0,0.0,0.0,0.0,3.0
foraging-pair-0072229-stay_y,foraging-pair-0072229-stay_y:1,foraging,1,1.25,1.9229934615985371,2.6666666666666665,2.6666666666666665,0.0,0.0,4.0,2.8
foraging-pair-0072229-stay_y,foraging-pair-0072229-stay_y:2,foraging,2,-0.875,1.8447807644233745,2.0,2.0,0.0,0.0,0.0,2.6
foraging-pair-0072236-stay_x,foraging-pair-0072236-stay_x:0,foraging,0,3.5,1.375504581372398,2.0,2.0,0.0,0.0,0.0,1.4
foraging-pair-0072236-stay_x,foraging-pair-0072236-stay_x:1,foraging,1,1.5,1.1877941081520078,2.6666666666666665,2.6666666666666665,0.0,0.0,4.0,0.92
foraging-pair-0072236-stay_x,foraging-pair-0072236-stay_x:2,foraging,2,-0.25,1.0000836349316171,3.0,3.0,0.0,0.0,4.0,0.4399999999999999
foraging-pair-0072236-stay_x,foraging-pair-0072236-stay_x:3,foraging,3,-1.125,0.906228398321422,2.4,2.4,0.0,0.0,0.0,0.2
foraging-pair-0072236-stay_y,foraging-pair-0072236-stay_y:0,foraging,0,2.875,1.375504581372398,2.0,2.0,0.0,0.0,0.0,1.4
foraging-pair-0072236-stay_y,foraging-pair-0072236-stay_y:1,foraging,1,1.25,1.1877941081520078,2.6666666666666665,2.6666666666666665,0.0,0.0,4.0,0.92
foraging-pair-0072236-stay_y,foraging-pair-0072236-stay_y:2,foraging,2,-0.375,1.0000836349316171,3.0,3.0,0.0,0.0,4.0,0.4399999999999999
foraging-pair-0072236-stay_y,foraging-pair-0072236-stay_y:3,foraging,3,-0.5,0.906228398321422,2.4,2.4,0.0,0.0,0.0,0.2
foraging-pair-0072241-stay_x,foraging-pair-0072241-stay_x:0,foraging,0,1.875,0.9062283983214221,0.0,2.0,2.0,0.0,0.0,0.2000000000000001
foraging-pair-0072241-stay_x,foraging-pair-0072241-stay_x:1,foraging,1,1.5,0.7185179251010316,0.6666666666666665,2.6666666666666665,2.0,0.0,4.0,-0.2799999999999998
foraging-pair-0072241-stay_x,foraging-pair-0072241-stay_x:2,foraging,2,-0.75,0.5308074518806412,1.0,3.0,2.0,0.0,4.0,-0.7599999999999998
foraging-pair-0072241-stay_y,foraging-pair-0072241-stay_y:0,foraging,0,1.5,0.9062283983214221,0.0,2.0,2.0,0.0,0.0,0.2000000000000001
foraging-pair-0072241-stay_y,foraging-pair-0072241-stay_y:1,foraging,1,0.875,0.7185179251010316,0.6666666666666665,2.6666666666666665,2.0,0.0,4.0,-0.2799999999999998
foraging-pair-0072241-stay_y,foraging-pair-0072241-stay_y:2,foraging,2,-0.875,0.5308074518806412,1.0,3.0,2.0,0.0,4.0,-0.7599999999999998
foraging-pair-0072242-stay_x,foraging-pair-0072242-stay_x:0,foraging,0,1.375,0.5151649124456086,-1.0,1.0,2.0,1.0,0.0,-0.7999999999999998
foraging-pair-0072242-stay_x,foraging-pair-0072242-stay_x:1,foraging,1,1.375,0.3274544392252181,-0.3333333333333335,1.6666666666666663,2.0,1.0,3.0,-1.2799999999999998
foraging-pair-0072242-stay_x,foraging-pair-0072242-stay_x:2,foraging,2,0.5,0.13974396600482775,-1.0,1.0,2.0,1.0,-1.0,-1.7599999999999998
foraging-pair-0072242-stay_x,foraging-pair-0072242-stay_x:3,foraging,3,-0.375,-0.04796650721556284,-1.4,0.6000000000000001,2.0,1.0,-1.0,-2.24
foraging-pair-0072242-stay_x,foraging-pair-0072242-stay_x:4,foraging,4,-0.75,-0.2356769804359533,-1.6666666666666667,0.3333333333333332,2.0,1.0,-1.0,-2.72
foraging-pair-0072242-stay_x,foraging-pair-0072242-stay_x:5,foraging,5,-1.625,-0.26696205930601824,-1.8571428571428572,0.1428571428571428,2.0,1.0,-1.0,-2.8
foraging-pair-0072242-stay_y,foraging-pair-0072242-stay_y:0,foraging,0,1.125,0.5151649124456086,-1.0,1.0,2.0,1.0,0.0,-0.7999999999999998
foraging-pair-0072242-stay_y,foraging-pair-0072242-stay_y:1,foraging,1,1.25,0.3274544392252181,-0.3333333333333335,1.6666666666666663,2.0,1.0,3.0,-1.2799999999999998
foraging-pair-0072242-stay_y,foraging-pair-0072242-stay_y:2,foraging,2,0.75,0.13974396600482775,-1.0,1.0,2.0,1.0,-1.0,-1.7599999999999998
foraging-pair-0072242-stay_y,foraging-pair-0072242-stay_y:3,foraging,3,-0.125,-0.04796650721556284,-1.4,0.6000000000000001,2.0,1.0,-1.0,-2.24
foraging-pair-0072242-stay_y,foraging-pair-0072242-stay_y:4,foraging,4,-0.75,-0.2356769804359533,-1.6666666666666667,0.3333333333333332,2.0,1.0,-1.0,-2.72
foraging-pair-0072242-stay_y,foraging-pair-0072242-stay_y:5,foraging,5,-1.625,-0.26696205930601824,-1.8571428571428572,0.1428571428571428,2.0,1.0,-1.0,-2.8
foraging-pair-0072251-stay_x,foraging-pair-0072251-stay_x:0,foraging,0,1.375,0.20231412374495783,-1.0,1.0,2.0,1.0,0.0,-1.6
foraging-pair-0072251-stay_x,foraging-pair-0072251-stay_x:1,foraging,1,-0.5,0.12410142656979506,-1.6666666666666667,0.3333333333333332,2.0,1.0,-1.0,-1.8
foraging-pair-0072251-stay_y,foraging-pair-0072251-stay_y:0,foraging,0,1.125,0.20231412374495783,-1.0,1.0,2.0,1.0,0.0,-1.6
foraging-pair-0072251-stay_y,foraging-pair-0072251-stay_y:1,foraging,1,-0.625,0.12410142656979506,-1.6666666666666667,0.3333333333333332,2.0,1.0,-1.0,-1.8
foraging-pair-0072254-stay_x,foraging-pair-0072254-stay_x:0,foraging,0,3.5,2.0012061587737,2.0,2.0,0.0,0.0,0.0,3.0
foraging-pair-0072254-stay_x,foraging-pair-0072254-stay_x:1,foraging,1,1.5,1.8134956855533093,2.6666666666666665,2.6666666666666665,0.0,0.0,4.0,2.52
foraging-pair-0072254-stay_y,foraging-pair-0072254-stay_y:0,foraging,0,2.875,2.0012061587737,2.0,2.0,0.0,0.0,0.0,3.0
foraging-pair-0072254-stay_y,foraging-pair-0072254-stay_y:1,foraging,1,1.25,1.8134956855533093,2.6666666666666665,2.6666666666666665,0.0,0.0,4.0,2.52
foraging-pair-0072255-stay_x,foraging-pair-0072255-stay_x:0,foraging,0,3.5,1.375504581372398,2.0,2.0,0.0,0.0,0.0,1.4
foraging-pair-0072255-stay_x,foraging-pair-0072255-stay_x:1,foraging,1,0.75,1.2972918841972354,1.3333333333333333,1.3333333333333333,0.0,0.0,0.0,1.2
foraging-pair-0072255-stay_x,foraging-pair-0072255-stay_x:2,foraging,2,-1.125,1.2190791870220727,1.0,1.0,0.0,0.0,0.0,1.0
foraging-pair-0072255-stay_y,foraging-pair-0072255-stay_y:0,foraging,0,2.875,1.375504581372398,2.0,2.0,0.0,0.0,0.0,1.4
foraging-pair-0072255-stay_y,foraging-pair-0072255-stay_y:1,foraging,1,0.375,1.2972918841972354,1.3333333333333333,1.3333333333333333,0.0,0.0,0.0,1.2
foraging-pair-0072257-stay_x,foraging-pair-0072257-stay_x:0,foraging,0,1.875,0.5933776096207712,0.0,2.0,2.0,0.0,0.0,-0.6000000000000001
foraging-pair-0072257-stay_x,foraging-pair-0072257-stay_x:1,foraging,1,1.5,0.5151649124456086,0.6666666666666665,2.6666666666666665,2.0,0.0,4.0,-0.8
foraging-pair-0072257-stay_x,foraging-pair-0072257-stay_x:2,foraging,2,-0.625,0.4369522152704458,0.0,2.0,2.0,0.0,0.0,-1.0
foraging-pair-0072257-stay_x,foraging-pair-0072257-stay_x:3,foraging,3,-1.0,0.35873951809528304,-0.3999999999999999,1.6,2.0,0.0,0.0,-1.2000000000000002
foraging-pair-0072257-stay_y,foraging-pair-0072257-stay_y:0,foraging,0,1.5,0.5933776096207712,0.0,2.0,2.0,0.0,0.0,-0.6000000000000001
foraging-pair-0072257-stay_y,foraging-pair-0072257-stay_y:1,foraging,1,0.875,0.5151649124456086,0.6666666666666665,2.6666666666666665,2.0,0.0,4.0,-0.8
foraging-pair-0072257-stay_y,foraging-pair-0072257-stay_y:2,foraging,2,-0.625,0.4369522152704458,0.0,2.0,2.0,0.0,0.0,-1.0
foraging-pair-0072257-stay_y,foraging-pair-0072257-stay_y:3,foraging,3,-1.0,0.35873951809528304,-0.3999999999999999,1.6,2.0,0.0,0.0,-1.2000000000000002
foraging-pair-0072261-stay_x,foraging-pair-0072261-stay_x:0,foraging,0,2.375,1.6101426728978863,1.0,1.0,0.0,1.0,0.0,2.0
foraging-pair-0072261-stay_x,foraging-pair-0072261-stay_x:1,foraging,1,1.75,1.5319299757227234,1.6666666666666663,1.6666666666666663,0.0,1.0,3.0,1.7999999999999998
foraging-pair-0072261-stay_x,foraging-pair-0072261-stay_x:2,foraging,2,0.75,1.453717278547561,1.0,1.0,0.0,1.0,-1.0,1.6
foraging-pair-0072261-stay_y,foraging-pair-0072261-stay_y:0,foraging,0,2.0,1.6101426728978863,1.0,1.0,0.0,1.0,0.0,2.0
foraging-pair-0072261-stay_y,foraging-pair-0072261-stay_y:1,foraging,1,1.25,1.5319299757227234,1.6666666666666663,1.6666666666666663,0.0,1.0,3.0,1.7999999999999998
foraging-pair-0072268-stay_x,foraging-pair-0072268-stay_x:0,foraging,0,1.875,0.5933776096207712,0.0,2.0,2.0,0.0,0.0,-0.6000000000000001
foraging-pair-0072268-stay_x,foraging-pair-0072268-stay_x:1,foraging,1,1.5,0.40566713640038066,0.6666666666666665,2.6666666666666665,2.0,0.0,4.0,-1.08
foraging-pair-0072268-stay_x,foraging-pair-0072268-stay_x:2,foraging,2,-0.625,0.21795666317999018,0.0,2.0,2.0,0.0,0.0,-1.56
foraging-pair-0072268-stay_x,foraging-pair-0072268-stay_x:3,foraging,3,-1.0,0.12410142656979506,-0.3999999999999999,1.6,2.0,0.0,0.0,-1.8
foraging-pair-0072268-stay_y,foraging-pair-0072268-stay_y:0,foraging,0,1.5,0.5933776096207712,0.0,2.0,2.0,0.0,0.0,-0.6000000000000001
foraging-pair-0072298-stay_x,foraging-pair-0072298-stay_x:0,foraging,0,3.5,1.6883553700730491,2.0,2.0,0.0,0.0,0.0,2.2
foraging-pair-0072298-stay_x,foraging-pair-0072298-stay_x:1,foraging,1,0.75,1.6101426728978863,1.3333333333333333,1.3333333333333333,0.0,0.0,0.0,2.0
foraging-pair-0072298-stay_y,foraging-pair-0072298-stay_y:0,foraging,0,2.875,1.6883553700730491,2.0,2.0,0.0,0.0,0.0,2.2
foraging-pair-0072298-stay_y,foraging-pair-0072298-stay_y:1,foraging,1,0.375,1.6101426728978863,1.3333333333333333,1.3333333333333333,0.0,0.0,0.0,2.0
foraging-pair-0072310-stay_x,foraging-pair-0072310-stay_x:0,foraging,0,1.375,0.8280157011462593,-1.0,1.0,2.0,1.0,0.0,0.0
foraging-pair-0072310-stay_x,foraging-pair-0072310-stay_x:1,foraging,1,-0.5,0.6403052279258689,-1.6666666666666667,0.3333333333333332,2.0,1.0,-1.0,-0.48
foraging-pair-0072310-stay_y,foraging-pair-0072310-stay_y:0,foraging,0,1.125,0.8280157011462593,-1.0,1.0,2.0,1.0,0.0,0.0
foraging-pair-0072310-stay_y,foraging-pair-0072310-stay_y:1,foraging,1,-0.625,0.6403052279258689,-1.6666666666666667,0.3333333333333332,2.0,1.0,-1.0,-0.48
foraging-pair-0072313-stay_x,foraging-pair-0072313-stay_x:0,foraging,0,1.875,0.9062283983214221,0.0,2.0,2.0,0.0,0.0,0.2000000000000001
foraging-pair-0072313-stay_y,foraging-pair-0072313-stay_y:0,foraging,0,1.5,0.9062283983214221,0.0,2.0,2.0,0.0,0.0,0.2000000000000001
foraging-pair-0072314-stay_x,foraging-pair-0072314-stay_x:0,foraging,0,1.375,0.5151649124456086,-1.0,1.0,2.0,1.0,0.0,-0.7999999999999998
foraging-pair-0072314-stay_x,foraging-pair-0072314-stay_x:1,foraging,1,1.375,0.3274544392252181,-0.3333333333333335,1.6666666666666663,2.0,1.0,3.0,-1.2799999999999998
foraging-pair-0072314-stay_x,foraging-pair-0072314-stay_x:2,foraging,2,0.5,0.13974396600482775,-1.0,1.0,2.0,1.0,-1.0,-1.7599999999999998
foraging-pair-0072314-stay_y,foraging-pair-0072314-stay_y:0,foraging,0,1.125,0.5151649124456086,-1.0,1.0,2.0,1.0,0.0,-0.7999999999999998
foraging-pair-0072314-stay_y,foraging-pair-0072314-stay_y:1,foraging,1,1.25,0.3274544392252181,-0.3333333333333335,1.6666666666666663,2.0,1.0,3.0,-1.2799999999999998
foraging-pair-0072314-stay_y,foraging-pair-0072314-stay_y:2,foraging,2,0.75,0.13974396600482775,-1.0,1.0,2.0,1.0,-1.0,-1.7599999999999998
foraging-pair-0072317-stay_x,foraging-pair-0072317-stay_x:0,foraging,0,1.375,0.20231412374495783,-1.0,1.0,2.0,1.0,0.0,-1.6
foraging-pair-0072317-stay_y,foraging-pair-0072317-stay_y:0,foraging,0,1.125,0.20231412374495783,-1.0,1.0,2.0,1.0,0.0,-1.6
foraging-pair-0072321-stay_x,foraging-pair-0072321-stay_x:0,foraging,0,1.375,0.8280157011462593,-1.0,1.0,2.0,1.0,0.0,0.0
foraging-pair-0072321-stay_x,foraging-pair-0072321-stay_x:1,foraging,1,1.375,0.7498030039710966,-0.3333333333333335,1.6666666666666663,2.0,1.0,3.0,-0.2000000000000001
foraging-pair-0072321-stay_x,foraging-pair-0072321-stay_x:2,foraging,2,0.5,0.6715903067959339,-1.0,1.0,2.0,1.0,-1.0,-0.3999999999999999
foraging-pair-0072321-stay_x,foraging-pair-0072321-stay_x:3,foraging,3,-0.375,0.5933776096207712,-1.4,0.6000000000000001,2.0,1.0,-1.0,-0.6000000000000001
foraging-pair-0072321-stay_x,foraging-pair-0072321-stay_x:4,foraging,4,0.25,0.5151649124456086,-1.0,1.0,2.0,1.0,3.0,-0.7999999999999998
foraging-pair-0072321-stay_x,foraging-pair-0072321-stay_x:5,foraging,5,-0.5,0.4369522152704458,-0.7142857142857144,1.2857142857142856,2.0,1.0,3.0,-1.0
foraging-pair-0072321-stay_y,foraging-pair-0072321-stay_y:0,foraging,0,1.125,0.8280157011462593,-1.0,1.0,2.0,1.0,0.0,0.0
foraging-pair-0072321-stay_y,foraging-pair-0072321-stay_y:1,foraging,1,1.25,0.7498030039710966,-0.3333333333333335,1.6666666666666663,2.0,1.0,3.0,-0.2000000000000001
foraging-pair-0072323-stay_x,foraging-pair-0072323-stay_x:0,foraging,0,1.375,0.20231412374495783,-1.0,1.0,2.0,1.0,0.0,-1.6
foraging-pair-0072323-stay_x,foraging-pair-0072323-stay_x:1,foraging,1,1.375,0.12410142656979506,-0.3333333333333335,1.6666666666666663,2.0,1.0,3.0,-1.8
foraging-pair-0072323-stay_x,foraging-pair-0072323-stay_x:2,foraging,2,0.5,0.0458887293946324,-1.0,1.0,2.0,1.0,-1.0,-2.0
foraging-pair-0072323-stay_x,foraging-pair-0072323-stay_x:3,foraging,3,-0.375,-0.03232396778053026,-1.4,0.6000000000000001,2.0,1.0,-1.0,-2.2
foraging-pair-0072323-stay_y,foraging-pair-0072323-stay_y:0,foraging,0,1.125,0.20231412374495783,-1.0,1.0,2.0,1.0,0.0,-1.6
foraging-pair-0072331-stay_x,foraging-pair-0072331-stay_x:0,foraging,0,1.875,1.2190791870220727,0.0,2.0,2.0,0.0,0.0,1.0
foraging-pair-0072331-stay_x,foraging-pair-0072331-stay_x:1,foraging,1,1.5,1.0313687138016823,0.6666666666666665,2.6666666666666665,2.0,0.0,4.0,0.52
foraging-pair-0072331-stay_x,foraging-pair-0072331-stay_x:2,foraging,2,-0.625,0.8436582405812919,0.0,2.0,2.0,0.0,0.0,0.04
foraging-pair-0072331-stay_x,foraging-pair-0072331-stay_x:3,foraging,3,-1.0,0.6559477673609014,-0.3999999999999999,1.6,2.0,0.0,0.0,-0.4399999999999999
foraging-pair-0072331-stay_x,foraging-pair-0072331-stay_x:4,foraging,4,-1.125,0.46823729414051096,-0.6666666666666667,1.3333333333333333,2.0,0.0,0.0,-0.92
foraging-pair-0072331-stay_y,foraging-pair-0072331-stay_y:0,foraging,0,1.5,1.2190791870220727,0.0,2.0,2.0,0.0,0.0,1.0
foraging-pair-0072331-stay_y,foraging-pair-0072331-stay_y:1,foraging,1,0.875,1.0313687138016823,0.6666666666666665,2.6666666666666665,2.0,0.0,4.0,0.52
foraging-pair-0072331-stay_y,foraging-pair-0072331-stay_y:2,foraging,2,-0.625,0.8436582405812919,0.0,2.0,2.0,0.0,0.0,0.04
foraging-pair-0072331-stay_y,foraging-pair-0072331-stay_y:3,foraging,3,-1.0,0.6559477673609014,-0.3999999999999999,1.6,2.0,0.0,0.0,-0.4399999999999999
foraging-pair-0072331-stay_y,foraging-pair-0072331-stay_y:4,foraging,4,-1.25,0.46823729414051096,-0.6666666666666667,1.3333333333333333,2.0,0.0,0.0,-0.92
foraging-pair-0072336-stay_x,foraging-pair-0072336-stay_x:0,foraging,0,1.875,1.2190791870220727,0.0,2.0,2.0,0.0,0.0,1.0
foraging-pair-0072336-stay_x,foraging-pair-0072336-stay_x:1,foraging,1,1.5,1.14086648984691,0.6666666666666665,2.6666666666666665,2.0,0.0,4.0,0.7999999999999998
foraging-pair-0072336-stay_x,foraging-pair-0072336-stay_x:2,foraging,2,-0.75,1.0626537926717474,1.0,3.0,2.0,0.0,4.0,0.6000000000000001
foraging-pair-0072336-stay_x,foraging-pair-0072336-stay_x:3,foraging,3,-0.125,0.9844410954965847,1.2000000000000002,3.2,2.0,0.0,4.0,0.3999999999999999
foraging-pair-0072336-stay_x,foraging-pair-0072336-stay_x:4,foraging,4,-0.625,0.9062283983214221,0.6666666666666665,2.6666666666666665,2.0,0.0,0.0,0.2000000000000001
foraging-pair-0072336-stay_y,foraging-pair-0072336-stay_y:0,foraging,0,1.5,1.2190791870220727,0.0,2.0,2.0,0.0,0.0,1.0
foraging-pair-0072336-stay_y,foraging-pair-0072336-stay_y:1,foraging,1,0.875,1.14086648984691,0.6666666666666665,2.6666666666666665,2.0,0.0,4.0,0.7999999999999998
foraging-pair-0072336-stay_y,foraging-pair-0072336-stay_y:2,foraging,2,-0.875,1.0626537926717474,1.0,3.0,2.0,0.0,4.0,0.6000000000000001
foraging-pair-0072336-stay_y,foraging-pair-0072336-stay_y:3,foraging,3,0.0,0.9844410954965847,1.2000000000000002,3.2,2.0,0.0,4.0,0.3999999999999999
foraging-pair-0072336-stay_y,foraging-pair-0072336-stay_y:4,foraging,4,-0.25,0.9062283983214221,0.6666666666666665,2.6666666666666665,2.0,0.0,0.0,0.2000000000000001
foraging-pair-0072356-stay_x,foraging-pair-0072356-stay_x:0,foraging,0,3.5,1.375504581372398,2.0,2.0,0.0,0.0,0.0,1.4
foraging-pair-0072356-stay_x,foraging-pair-0072356-stay_x:1,foraging,1,1.5,1.1877941081520078,2.6666666666666665,2.6666666666666665,0.0,0.0,4.0,0.92
foraging-pair-0072356-stay_x,foraging-pair-0072356-stay_x:2,foraging,2,-0.25,1.0000836349316171,3.0,3.0,0.0,0.0,4.0,0.4399999999999999
foraging-pair-0072356-stay_y,foraging-pair-0072356-stay_y:0,foraging,0,2.875,1.375504581372398,2.0,2.0,0.0,0.0,0.0,1.4
foraging-pair-0072356-stay_y,foraging-pair-0072356-stay_y:1,foraging,1,1.25,1.1877941081520078,2.6666666666666665,2.6666666666666665,0.0,0.0,4.0,0.92
foraging-pair-0072356-stay_y,foraging-pair-0072356-stay_y:2,foraging,2,-0.375,1.0000836349316171,3.0,3.0,0.0,0.0,4.0,0.4399999999999999
foraging-pair-0072362-stay_x,foraging-pair-0072362-stay_x:0,foraging,0,1.375,0.5151649124456086,-1.0,1.0,2.0,1.0,0.0,-0.7999999999999998
foraging-pair-0072362-stay_x,foraging-pair-0072362-stay_x:1,foraging,1,-0.5,0.3274544392252181,-1.6666666666666667,0.3333333333333332,2.0,1.0,-1.0,-1.2799999999999998
foraging-pair-0072362-stay_x,foraging-pair-0072362-stay_x:2,foraging,2,-1.125,0.13974396600482775,-2.0,0.0,2.0,1.0,-1.0,-1.7599999999999998
foraging-pair-0072362-stay_y,foraging-pair-0072362-stay_y:0,foraging,0,1.125,0.5151649124456086,-1.0,1.0,2.0,1.0,0.0,-0.7999999999999998
foraging-pair-0072362-stay_y,foraging-pair-0072362-stay_y:1,foraging,1,-0.625,0.3274544392252181,-1.6666666666666667,0.3333333333333332,2.0,1.0,-1.0,-1.2799999999999998
foraging-pair-0072362-stay_y,foraging-pair-0072362-stay_y:2,foraging,2,-1.625,0.13974396600482775,-2.0,0.0,2.0,1.0,-1.0,-1.7599999999999998
foraging-pair-0072370-stay_x,foraging-pair-0072370-stay_x:0,foraging,0,3.5,1.6883553700730491,2.0,2.0,0.0,0.0,0.0,2.2
foraging-pair-0072370-stay_x,foraging-pair-0072370-stay_x:1,foraging,1,0.75,1.6101426728978863,1.3333333333333333,1.3333333333333333,0.0,0.0,0.0,2.0
foraging-pair-0072370-stay_x,foraging-pair-0072370-stay_x:2,foraging,2,-1.125,1.5319299757227238,1.0,1.0,0.0,0.0,0.0,1.8000000000000005
foraging-pair-0072370-stay_y,foraging-pair-0072370-stay_y:0,foraging,0,2.875,1.6883553700730491,2.0,2.0,0.0,0.0,0.0,2.2
foraging-pair-0072370-stay_y,foraging-pair-0072370-stay_y:1,foraging,1,0.375,1.6101426728978863,1.3333333333333333,1.3333333333333333,0.0,0.0,0.0,2.0
foraging-pair-0072370-stay_y,foraging-pair-0072370-stay_y:2,foraging,2,-1.5,1.5319299757227238,1.0,1.0,0.0,0.0,0.0,1.8000000000000005
foraging-pair-0072371-stay_x,foraging-pair-0072371-stay_x:0,foraging,0,1.375,0.20231412374495783,-1.0,1.0,2.0,1.0,0.0,-1.6
foraging-pair-0072371-stay_x,foraging-pair-0072371-stay_x:1,foraging,1,-0.5,0.12410142656979506,-1.6666666666666667,0.3333333333333332,2.0,1.0,-1.0,-1.8
foraging-pair-0072371-stay_y,foraging-pair-0072371-stay_y:0,foraging,0,1.125,0.20231412374495783,-1.0,1.0,2.0,1.0,0.0,-1.6
foraging-pair-0072371-stay_y,foraging-pair-0072371-stay_y:1,foraging,1,-0.625,0.12410142656979506,-1.6666666666666667,0.3333333333333332,2.0,1.0,-1.0,-1.8
foraging-pair-0072374-stay_x,foraging-pair-0072374-stay_x:0,foraging,0,3.5,2.0012061587737,2.0,2.0,0.0,0.0,0.0,3.0
foraging-pair-0072374-stay_x,foraging-pair-0072374-stay_x:1,foraging,1,1.5,1.8134956855533093,2.6666666666666665,2.6666666666666665,0.0,0.0,4.0,2.52
foraging-pair-0072374-stay_x,foraging-pair-0072374-stay_x:2,foraging,2,-0.25,1.6257852123329188,3.0,3.0,0.0,0.0,4.0,2.04
foraging-pair-0072374-stay_x,foraging-pair-0072374-stay_x:3,foraging,3,-1.125,1.4380747391125284,2.4,2.4,0.0,0.0,0.0,1.56
foraging-pair-0072374-stay_y,foraging-pair-0072374-stay_y:0,foraging,0,2.875,2.0012061587737,2.0,2.0,0.0,0.0,0.0,3.0
foraging-pair-0072374-stay_y,foraging-pair-0072374-stay_y:1,foraging,1,1.25,1.8134956855533093,2.6666666666666665,2.6666666666666665,0.0,0.0,4.0,2.52
foraging-pair-0072374-stay_y,foraging-pair-0072374-stay_y:2,foraging,2,-0.375,1.6257852123329188,3.0,3.0,0.0,0.0,4.0,2.04
foraging-pair-0072374-stay_y,foraging-pair-0072374-stay_y:3,foraging,3,-0.5,1.4380747391125284,2.4,2.4,0.0,0.0,0.0,1.56
foraging-pair-0072379-stay_x,foraging-pair-0072379-stay_x:0,foraging,0,1.875,1.2190791870220727,0.0,2.0,2.0,0.0,0.0,1.0
foraging-pair-0072379-stay_x,foraging-pair-0072379-stay_x:1,foraging,1,1.5,1.0313687138016823,0.6666666666666665,2.6666666666666665,2.0,0.0,4.0,0.52
foraging-pair-0072379-stay_x,foraging-pair-0072379-stay_x:2,foraging,2,-0.75,0.8436582405812919,1.0,3.0,2.0,0.0,4.0,0.04
foraging-pair-0072379-stay_x,foraging-pair-0072379-stay_x:3,foraging,3,-0.125,0.6559477673609014,1.2000000000000002,3.2,2.0,0.0,4.0,-0.4399999999999999
foraging-pair-0072379-stay_x,foraging-pair-0072379-stay_x:4,foraging,4,-0.625,0.46823729414051096,0.6666666666666665,2.6666666666666665,2.0,0.0,0.0,-0.92
foraging-pair-0072379-stay_y,foraging-pair-0072379-stay_y:0,foraging,0,1.5,1.2190791870220727,0.0,2.0,2.0,0.0,0.0,1.0
foraging-pair-0072379-stay_y,foraging-pair-0072379-stay_y:1,foraging,1,0.875,1.0313687138016823,0.6666666666666665,2.6666666666666665,2.0,0.0,4.0,0.52
foraging-pair-0072379-stay_y,foraging-pair-0072379-stay_y:2,foraging,2,-0.875,0.8436582405812919,1.0,3.0,2.0,0.0,4.0,0.04
foraging-pair-0072379-stay_y,foraging-pair-0072379-stay_y:3,foraging,3,0.0,0.6559477673609014,1.2000000000000002,3.2,2.0,0.0,4.0,-0.4399999999999999
foraging-pair-0072379-stay_y,foraging-pair-0072379-stay_y:4,foraging,4,-0.25,0.46823729414051096,0.6666666666666665,2.6666666666666665,2.0,0.0,0.0,-0.92
foraging-pair-0072384-stay_x,foraging-pair-0072384-stay_x:0,foraging,0,1.875,1.2190791870220727,0.0,2.0,2.0,0.0,0.0,1.0
foraging-pair-0072384-stay_x,foraging-pair-0072384-stay_x:1,foraging,1,0.375,1.14086648984691,-0.6666666666666667,1.3333333333333333,2.0,0.0,0.0,0.7999999999999998
foraging-pair-0072384-stay_x,foraging-pair-0072384-stay_x:2,foraging,2,-0.875,1.0626537926717474,-1.0,1.0,2.0,0.0,0.0,0.6000000000000001
foraging-pair-0072384-stay_x,foraging-pair-0072384-stay_x:3,foraging,3,0.0,0.9844410954965847,-0.3999999999999999,1.6,2.0,0.0,4.0,0.3999999999999999
foraging-pair-0072384-stay_x,foraging-pair-0072384-stay_x:4,foraging,4,-0.125,0.9062283983214221,0.0,2.0,2.0,0.0,4.0,0.2000000000000001
foraging-pair-0072384-stay_y,foraging-pair-0072384-stay_y:0,foraging,0,1.5,1.2190791870220727,0.0,2.0,2.0,0.0,0.0,1.0
foraging-pair-0072384-stay_y,foraging-pair-0072384-stay_y:1,foraging,1,-0.375,1.14086648984691,-0.6666666666666667,1.3333333333333333,2.0,0.0,0.0,0.7999999999999998
foraging-pair-0072389-stay_x,foraging-pair-0072389-stay_x:0,foraging,0,1.375,0.20231412374495783,-1.0,1.0,2.0,1.0,0.0,-1.6
foraging-pair-0072389-stay_x,foraging-pair-0072389-stay_x:1,foraging,1,-0.5,0.014603650524567358,-1.6666666666666667,0.3333333333333332,2.0,1.0,-1.0,-2.08
foraging-pair-0072389-stay_y,foraging-pair-0072389-stay_y:0,foraging,0,1.125,0.20231412374495783,-1.0,1.0,2.0,1.0,0.0,-1.6
foraging-pair-0072389-stay_y,foraging-pair-0072389-stay_y:1,foraging,1,-0.625,0.014603650524567358,-1.6666666666666667,0.3333333333333332,2.0,1.0,-1.0,-2.08
foraging-pair-0072391-stay_x,foraging-pair-0072391-stay_x:0,foraging,0,2.375,0.9844410954965847,1.0,1.0,0.0,1.0,0.0,0.3999999999999999
foraging-pair-0072391-stay_x,foraging-pair-0072391-stay_x:1,foraging,1,-0.375,0.7967306222761943,0.3333333333333332,0.3333333333333332,0.0,1.0,-1.0,-0.08
foraging-pair-0072391-stay_x,foraging-pair-0072391-stay_x:2,foraging,2,0.5,0.6090201490558038,1.0,1.0,0.0,1.0,3.0,-0.56
foraging-pair-0072391-stay_y,foraging-pair-0072391-stay_y:0,foraging,0,2.0,0.9844410954965847,1.0,1.0,0.0,1.0,0.0,0.3999999999999999
foraging-pair-0072391-stay_y,foraging-pair-0072391-stay_y:1,foraging,1,-0.875,0.7967306222761943,0.3333333333333332,0.3333333333333332,0.0,1.0,-1.0,-0.08
foraging-pair-0072393-stay_x,foraging-pair-0072393-stay_x:0,foraging,0,1.375,0.8280157011462593,-1.0,1.0,2.0,1.0,0.0,0.0
foraging-pair-0072393-stay_x,foraging-pair-0072393-stay_x:1,foraging,1,1.375,0.7498030039710966,-0.3333333333333335,1.6666666666666663,2.0,1.0,3.0,-0.2000000000000001
foraging-pair-0072393-stay_y,foraging-pair-0072393-stay_y:0,foraging,0,1.125,0.8280157011462593,-1.0,1.0,2.0,1.0,0.0,0.0
foraging-pair-0072393-stay_y,foraging-pair-0072393-stay_y:1,foraging,1,1.25,0.7498030039710966,-0.3333333333333335,1.6666666666666663,2.0,1.0,3.0,-0.2000000000000001
foraging-pair-0072394-stay_x,foraging-pair-0072394-stay_x:0,foraging,0,3.5,1.6883553700730491,2.0,2.0,0.0,0.0,0.0,2.2
foraging-pair-0072394-stay_x,foraging-pair-0072394-stay_x:1,foraging,1,0.75,1.6101426728978863,1.3333333333333333,1.3333333333333333,0.0,0.0,0.0,2.0
foraging-pair-0072394-stay_y,foraging-pair-0072394-stay_y:0,foraging,0,2.875,1.6883553700730491,2.0,2.0,0.0,0.0,0.0,2.2
foraging-pair-0072394-stay_y,foraging-pair-0072394-stay_y:1,foraging,1,0.375,1.6101426728978863,1.3333333333333333,1.3333333333333333,0.0,0.0,0.0,2.0
foraging-pair-0072404-stay_x,foraging-pair-0072404-stay_x:0,foraging,0,3.5,1.375504581372398,2.0,2.0,0.0,0.0,0.0,1.4
foraging-pair-0072404-stay_x,foraging-pair-0072404-stay_x:1,foraging,1,1.5,1.1877941081520078,2.6666666666666665,2.6666666666666665,0.0,0.0,4.0,0.92
foraging-pair-0072404-stay_x,foraging-pair-0072404-stay_x:2,foraging,2,-1.125,1.0000836349316171,2.0,2.0,0.0,0.0,0.0,0.4399999999999999
foraging-pair-0072404-stay_x,foraging-pair-0072404-stay_x:3,foraging,3,-1.25,0.906228398321422,1.6,1.6,0.0,0.0,0.0,0.2
foraging-pair-0072404-stay_x,foraging-pair-0072404-stay_x:4,foraging,4,-1.25,0.906228398321422,1.3333333333333333,1.3333333333333333,0.0,0.0,0.0,0.2
foraging-pair-0072404-stay_y,foraging-pair-0072404-stay_y:0,foraging,0,2.875,1.375504581372398,2.0,2.0,0.0,0.0,0.0,1.4
foraging-pair-0072404-stay_y,foraging-pair-0072404-stay_y:1,foraging,1,1.25,1.1877941081520078,2.6666666666666665,2.6666666666666665,0.0,0.0,4.0,0.92
foraging-pair-0072404-stay_y,foraging-pair-0072404-stay_y:2,foraging,2,-0.875,1.0000836349316171,2.0,2.0,0.0,0.0,0.0,0.4399999999999999
foraging-pair-0072404-stay_y,foraging-pair-0072404-stay_y:3,foraging,3,-1.0,0.906228398321422,1.6,1.6,0.0,0.0,0.0,0.2
foraging-pair-0072404-stay_y,foraging-pair-0072404-stay_y:4,foraging,4,-1.25,0.906228398321422,1.3333333333333333,1.3333333333333333,0.0,0.0,0.0,0.2
solvability-pair-0072037-try_again_m,solvability-pair-0072037-try_again_m:0,solvability,0,-0.125,-0.4380534668850614,-2.5,-0.5,2.0,1.0,0.0,-2.5
solvability-pair-0072037-try_again_n,solvability-pair-0072037-try_again_n:0,solvability,0,-1.25,-0.4380534668850614,-2.5,-0.5,2.0,1.0,0.0,-2.5
solvability-pair-0072040-try_again_m,solvability-pair-0072040-try_again_m:0,solvability,0,3.25,0.8395771678652186,-0.25,-0.25,0.0,1.0,0.0,-0.1999999999999999
solvability-pair-0072040-try_again_m,solvability-pair-0072040-try_again_m:1,solvability,1,7.75,0.8395771678652186,-0.1666666666666666,-0.1666666666666666,0.0,1.0,1.0,-0.1999999999999999
solvability-pair-0072040-try_again_m,solvability-pair-0072040-try_again_m:2,solvability,2,4.75,0.8395771678652186,-0.125,-0.125,0.0,1.0,2.0,-0.1999999999999999
solvability-pair-0072040-try_again_m,solvability-pair-0072040-try_again_m:3,solvability,3,3.75,0.8395771678652186,-0.0999999999999999,-0.0999999999999999,0.0,1.0,3.0,-0.1999999999999999
solvability-pair-0072040-try_again_m,solvability-pair-0072040-try_again_m:4,solvability,4,2.125,0.8395771678652186,-0.0833333333333333,-0.0833333333333333,0.0,1.0,4.0,-0.1999999999999999
solvability-pair-0072040-try_again_n,solvability-pair-0072040-try_again_n:0,solvability,0,1.125,0.8395771678652186,-0.25,-0.25,0.0,1.0,0.0,-0.1999999999999999
solvability-pair-0072040-try_again_n,solvability-pair-0072040-try_again_n:1,solvability,1,8.625,0.8395771678652186,-0.1666666666666666,-0.1666666666666666,0.0,1.0,1.0,-0.1999999999999999
solvability-pair-0072040-try_again_n,solvability-pair-0072040-try_again_n:2,solvability,2,6.0,0.8395771678652186,-0.125,-0.125,0.0,1.0,2.0,-0.1999999999999999
solvability-pair-0072040-try_again_n,solvability-pair-0072040-try_again_n:3,solvability,3,4.75,0.8395771678652186,-0.0999999999999999,-0.0999999999999999,0.0,1.0,3.0,-0.1999999999999999
solvability-pair-0072040-try_again_n,solvability-pair-0072040-try_again_n:4,solvability,4,2.625,0.8395771678652186,-0.0833333333333333,-0.0833333333333333,0.0,1.0,4.0,-0.1999999999999999
solvability-pair-0072043-try_again_m,solvability-pair-0072043-try_again_m:0,solvability,0,0.0,1.061773799995702,0.25,0.25,0.0,0.0,0.0,0.2
solvability-pair-0072043-try_again_m,solvability-pair-0072043-try_again_m:1,solvability,1,-3.625,1.061773799995702,0.1666666666666666,0.1666666666666666,0.0,0.0,0.0,0.2
solvability-pair-0072043-try_again_n,solvability-pair-0072043-try_again_n:0,solvability,0,-1.25,1.061773799995702,0.25,0.25,0.0,0.0,0.0,0.2
solvability-pair-0072045-try_again_m,solvability-pair-0072045-try_again_m:0,solvability,0,-0.5,0.5062822196694934,-0.75,-0.75,0.0,1.0,0.0,-0.8
solvability-pair-0072045-try_again_n,solvability-pair-0072045-try_again_n:0,solvability,0,-1.25,0.5062822196694934,-0.75,-0.75,0.0,1.0,0.0,-0.8
solvability-pair-0072047-try_again_m,solvability-pair-0072047-try_again_m:0,solvability,0,2.75,-0.2714059927871989,-2.25,-0.25,2.0,1.0,0.0,-2.2
solvability-pair-0072047-try_again_m,solvability-pair-0072047-try_again_m:1,solvability,1,-2.5,-0.2714059927871989,-2.5,-0.5,2.0,1.0,0.0,-2.2
solvability-pair-0072047-try_again_n,solvability-pair-0072047-try_again_n:0,solvability,0,0.75,-0.2714059927871989,-2.25,-0.25,2.0,1.0,0.0,-2.2
solvability-pair-0072047-try_again_n,solvability-pair-0072047-try_again_n:1,solvability,1,-2.375,-0.2714059927871989,-2.5,-0.5,2.0,1.0,0.0,-2.2
solvability-pair-0072051-try_again_m,solvability-pair-0072051-try_again_m:0,solvability,0,-0.75,-0.6047009409829242,-2.75,-0.75,2.0,1.0,0.0,-2.8
solvability-pair-0072051-try_again_m,solvability-pair-0072051-try_again_m:1,solvability,1,-3.25,-0.6047009409829242,-2.8333333333333335,-0.8333333333333334,2.0,1.0,0.0,-2.8
solvability-pair-0072051-try_again_n,solvability-pair-0072051-try_again_n:0,solvability,0,-1.5,-0.6047009409829242,-2.75,-0.75,2.0,1.0,0.0,-2.8
solvability-pair-0072055-try_again_m,solvability-pair-0072055-try_again_m:0,solvability,0,0.0,1.061773799995702,0.25,0.25,0.0,0.0,0.0,0.2
solvability-pair-0072055-try_again_n,solvability-pair-0072055-try_again_n:0,solvability,0,-1.25,1.061773799995702,0.25,0.25,0.0,0.0,0.0,0.2
solvability-pair-0072059-try_again_m,solvability-pair-0072059-try_again_m:0,solvability,0,2.75,-0.2714059927871989,-2.25,-0.25,2.0,1.0,0.0,-2.2
solvability-pair-0072059-try_again_m,solvability-pair-0072059-try_again_m:1,solvability,1,7.375,-0.2714059927871989,-2.1666666666666665,-0.1666666666666666,2.0,1.0,1.0,-2.2
solvability-pair-0072059-try_again_m,solvability-pair-0072059-try_again_m:2,solvability,2,3.75,-0.2714059927871989,-2.125,-0.125,2.0,1.0,2.0,-2.2
solvability-pair-0072059-try_again_m,solvability-pair-0072059-try_again_m:3,solvability,3,2.75,-0.2714059927871989,-2.1,-0.0999999999999999,2.0,1.0,3.0,-2.2
solvability-pair-0072059-try_again_m,solvability-pair-0072059-try_again_m:4,solvability,4,1.625,-0.2714059927871989,-2.0833333333333335,-0.0833333333333333,2.0,1.0,4.0,-2.2
solvability-pair-0072059-try_again_m,solvability-pair-0072059-try_again_m:5,solvability,5,0.875,-0.2714059927871989,-2.071428571428571,-0.0714285714285714,2.0,1.0,5.0,-2.2
solvability-pair-0072059-try_again_m,solvability-pair-0072059-try_again_m:6,solvability,6,0.75,-0.2714059927871989,-2.0625,-0.0625,2.0,1.0,6.0,-2.2
solvability-pair-0072059-try_again_m,solvability-pair-0072059-try_again_m:7,solvability,7,-3.0,-0.2714059927871989,-2.1666666666666665,-0.1666666666666666,2.0,1.0,6.0,-2.2
solvability-pair-0072059-try_again_n,solvability-pair-0072059-try_again_n:0,solvability,0,0.75,-0.2714059927871989,-2.25,-0.25,2.0,1.0,0.0,-2.2
solvability-pair-0072059-try_again_n,solvability-pair-0072059-try_again_n:1,solvability,1,7.75,-0.2714059927871989,-2.1666666666666665,-0.1666666666666666,2.0,1.0,1.0,-2.2
solvability-pair-0072059-try_again_n,solvability-pair-0072059-try_again_n:2,solvability,2,5.0,-0.2714059927871989,-2.125,-0.125,2.0,1.0,2.0,-2.2
solvability-pair-0072059-try_again_n,solvability-pair-0072059-try_again_n:3,solvability,3,3.875,-0.2714059927871989,-2.1,-0.0999999999999999,2.0,1.0,3.0,-2.2
solvability-pair-0072059-try_again_n,solvability-pair-0072059-try_again_n:4,solvability,4,1.875,-0.2714059927871989,-2.0833333333333335,-0.0833333333333333,2.0,1.0,4.0,-2.2
solvability-pair-0072059-try_again_n,solvability-pair-0072059-try_again_n:5,solvability,5,0.75,-0.2714059927871989,-2.071428571428571,-0.0714285714285714,2.0,1.0,5.0,-2.2
solvability-pair-0072059-try_again_n,solvability-pair-0072059-try_again_n:6,solvability,6,0.75,-0.2714059927871989,-2.0625,-0.0625,2.0,1.0,6.0,-2.2
solvability-pair-0072059-try_again_n,solvability-pair-0072059-try_again_n:7,solvability,7,-3.125,-0.2714059927871989,-2.1666666666666665,-0.1666666666666666,2.0,1.0,6.0,-2.2
solvability-pair-0072065-try_again_m,solvability-pair-0072065-try_again_m:0,solvability,0,0.5,0.1174381134411473,-1.5,0.5,2.0,0.0,0.0,-1.5
solvability-pair-0072065-try_again_n,solvability-pair-0072065-try_again_n:0,solvability,0,-1.0,0.1174381134411473,-1.5,0.5,2.0,0.0,0.0,-1.5
solvability-pair-0072068-try_again_m,solvability-pair-0072068-try_again_m:0,solvability,0,-0.375,-0.04920936065671533,-1.75,0.25,2.0,0.0,0.0,-1.8
solvability-pair-0072068-try_again_n,solvability-pair-0072068-try_again_n:0,solvability,0,-1.375,-0.04920936065671533,-1.75,0.25,2.0,0.0,0.0,-1.8
solvability-pair-0072069-try_again_m,solvability-pair-0072069-try_again_m:0,solvability,0,-0.5,0.5062822196694934,-0.75,-0.75,0.0,1.0,0.0,-0.8
solvability-pair-0072069-try_again_n,solvability-pair-0072069-try_again_n:0,solvability,0,-1.25,0.5062822196694934,-0.75,-0.75,0.0,1.0,0.0,-0.8
solvability-pair-0072082-try_again_m,solvability-pair-0072082-try_again_m:0,solvability,0,4.125,1.3950687481914272,0.75,0.75,0.0,0.0,0.0,0.8
solvability-pair-0072082-try_again_m,solvability-pair-0072082-try_again_m:1,solvability,1,8.5,1.3950687481914272,0.8333333333333334,0.8333333333333334,0.0,0.0,1.0,0.8
solvability-pair-0072082-try_again_m,solvability-pair-0072082-try_again_m:2,solvability,2,1.625,1.3950687481914272,0.625,0.625,0.0,0.0,1.0,0.8
solvability-pair-0072082-try_again_n,solvability-pair-0072082-try_again_n:0,solvability,0,1.5,1.3950687481914272,0.75,0.75,0.0,0.0,0.0,0.8
solvability-pair-0072082-try_again_n,solvability-pair-0072082-try_again_n:1,solvability,1,9.5,1.3950687481914272,0.8333333333333334,0.8333333333333334,0.0,0.0,1.0,0.8
solvability-pair-0072082-try_again_n,solvability-pair-0072082-try_again_n:2,solvability,2,3.0,1.3950687481914272,0.625,0.625,0.0,0.0,1.0,0.8
solvability-pair-0072082-try_again_n,solvability-pair-0072082-try_again_n:3,solvability,3,5.625,1.3950687481914272,0.7,0.7,0.0,0.0,2.0,0.8
solvability-pair-0072082-try_again_n,solvability-pair-0072082-try_again_n:4,solvability,4,4.125,1.3950687481914272,0.75,0.75,0.0,0.0,3.0,0.8
solvability-pair-0072082-try_again_n,solvability-pair-0072082-try_again_n:5,solvability,5,1.875,1.3950687481914272,0.7857142857142857,0.7857142857142857,0.0,0.0,4.0,0.8
solvability-pair-0072088-try_again_m,solvability-pair-0072088-try_again_m:0,solvability,0,3.25,0.8395771678652186,-0.25,-0.25,0.0,1.0,0.0,-0.1999999999999999
solvability-pair-0072088-try_again_m,solvability-pair-0072088-try_again_m:1,solvability,1,7.75,0.8395771678652186,-0.1666666666666666,-0.1666666666666666,0.0,1.0,1.0,-0.1999999999999999
solvability-pair-0072088-try_again_m,solvability-pair-0072088-try_again_m:2,solvability,2,4.75,0.8395771678652186,-0.125,-0.125,0.0,1.0,2.0,-0.1999999999999999
solvability-pair-0072088-try_again_m,solvability-pair-0072088-try_again_m:3,solvability,3,3.75,0.8395771678652186,-0.0999999999999999,-0.0999999999999999,0.0,1.0,3.0,-0.1999999999999999
solvability-pair-0072088-try_again_m,solvability-pair-0072088-try_again_m:4,solvability,4,2.125,0.8395771678652186,-0.0833333333333333,-0.0833333333333333,0.0,1.0,4.0,-0.1999999999999999
solvability-pair-0072088-try_again_m,solvability-pair-0072088-try_again_m:5,solvability,5,1.375,0.8395771678652186,-0.0714285714285714,-0.0714285714285714,0.0,1.0,5.0,-0.1999999999999999
solvability-pair-0072088-try_again_m,solvability-pair-0072088-try_again_m:6,solvability,6,1.5,0.8395771678652186,-0.0625,-0.0625,0.0,1.0,6.0,-0.1999999999999999
solvability-pair-0072088-try_again_n,solvability-pair-0072088-try_again_n:0,solvability,0,1.125,0.8395771678652186,-0.25,-0.25,0.0,1.0,0.0,-0.1999999999999999
solvability-pair-0072088-try_again_n,solvability-pair-0072088-try_again_n:1,solvability,1,8.625,0.8395771678652186,-0.1666666666666666,-0.1666666666666666,0.0,1.0,1.0,-0.1999999999999999
solvability-pair-0072088-try_again_n,solvability-pair-0072088-try_again_n:2,solvability,2,6.0,0.8395771678652186,-0.125,-0.125,0.0,1.0,2.0,-0.1999999999999999
solvability-pair-0072088-try_again_n,solvability-pair-0072088-try_again_n:3,solvability,3,4.75,0.8395771678652186,-0.0999999999999999,-0.0999999999999999,0.0,1.0,3.0,-0.1999999999999999
solvability-pair-0072088-try_again_n,solvability-pair-0072088-try_again_n:4,solvability,4,2.625,0.8395771678652186,-0.0833333333333333,-0.0833333333333333,0.0,1.0,4.0,-0.1999999999999999
solvability-pair-0072088-try_again_n,solvability-pair-0072088-try_again_n:5,solvability,5,1.125,0.8395771678652186,-0.0714285714285714,-0.0714285714285714,0.0,1.0,5.0,-0.1999999999999999
solvability-pair-0072088-try_again_n,solvability-pair-0072088-try_again_n:6,solvability,6,1.25,0.8395771678652186,-0.0625,-0.0625,0.0,1.0,6.0,-0.1999999999999999
solvability-pair-0072101-try_again_m,solvability-pair-0072101-try_again_m:0,solvability,0,0.5,0.1174381134411473,-1.5,0.5,2.0,0.0,0.0,-1.5
solvability-pair-0072101-try_again_m,solvability-pair-0072101-try_again_m:1,solvability,1,6.25,0.1174381134411473,-1.3333333333333337,0.6666666666666666,2.0,0.0,1.0,-1.5
solvability-pair-0072101-try_again_m,solvability-pair-0072101-try_again_m:2,solvability,2,0.5,0.1174381134411473,-1.5,0.5,2.0,0.0,1.0,-1.5
solvability-pair-0072101-try_again_m,solvability-pair-0072101-try_again_m:3,solvability,3,2.25,0.1174381134411473,-1.4,0.6,2.0,0.0,2.0,-1.5
solvability-pair-0072101-try_again_n,solvability-pair-0072101-try_again_n:0,solvability,0,-1.0,0.1174381134411473,-1.5,0.5,2.0,0.0,0.0,-1.5
solvability-pair-0072136-try_again_m,solvability-pair-0072136-try_again_m:0,solvability,0,3.25,0.8395771678652186,-0.25,-0.25,0.0,1.0,0.0,-0.1999999999999999
solvability-pair-0072136-try_again_m,solvability-pair-0072136-try_again_m:1,solvability,1,-2.75,0.8395771678652186,-0.5,-0.5,0.0,1.0,0.0,-0.1999999999999999
solvability-pair-0072136-try_again_n,solvability-pair-0072136-try_again_n:0,solvability,0,1.125,0.8395771678652186,-0.25,-0.25,0.0,1.0,0.0,-0.1999999999999999
solvability-pair-0072136-try_again_n,solvability-pair-0072136-try_again_n:1,solvability,1,-2.375,0.8395771678652186,-0.5,-0.5,0.0,1.0,0.0,-0.1999999999999999
solvability-pair-0072137-try_again_m,solvability-pair-0072137-try_again_m:0,solvability,0,0.5,0.1174381134411473,-1.5,0.5,2.0,0.0,0.0,-1.5
solvability-pair-0072137-try_again_m,solvability-pair-0072137-try_again_m:1,solvability,1,6.25,0.1174381134411473,-1.3333333333333337,0.6666666666666666,2.0,0.0,1.0,-1.5
solvability-pair-0072137-try_again_m,solvability-pair-0072137-try_again_m:2,solvability,2,0.5,0.1174381134411473,-1.5,0.5,2.0,0.0,1.0,-1.5
solvability-pair-0072137-try_again_n,solvability-pair-0072137-try_again_n:0,solvability,0,-1.0,0.1174381134411473,-1.5,0.5,2.0,0.0,0.0,-1.5
solvability-pair-0072139-try_again_m,solvability-pair-0072139-try_again_m:0,solvability,0,0.0,1.061773799995702,0.25,0.25,0.0,0.0,0.0,0.2
solvability-pair-0072139-try_again_n,solvability-pair-0072139-try_again_n:0,solvability,0,-1.25,1.061773799995702,0.25,0.25,0.0,0.0,0.0,0.2
solvability-pair-0072146-try_again_m,solvability-pair-0072146-try_again_m:0,solvability,0,0.25,0.672929693767356,-0.5,-0.5,0.0,1.0,0.0,-0.5
solvability-pair-0072146-try_again_m,solvability-pair-0072146-try_again_m:1,solvability,1,-3.375,0.672929693767356,-0.6666666666666667,-0.6666666666666667,0.0,1.0,0.0,-0.5
solvability-pair-0072146-try_again_n,solvability-pair-0072146-try_again_n:0,solvability,0,-1.0,0.672929693767356,-0.5,-0.5,0.0,1.0,0.0,-0.5
solvability-pair-0072158-try_again_m,solvability-pair-0072158-try_again_m:0,solvability,0,0.25,0.672929693767356,-0.5,-0.5,0.0,1.0,0.0,-0.5
solvability-pair-0072158-try_again_n,solvability-pair-0072158-try_again_n:0,solvability,0,-1.0,0.672929693767356,-0.5,-0.5,0.0,1.0,0.0,-0.5
solvability-pair-0072159-try_again_m,solvability-pair-0072159-try_again_m:0,solvability,0,-0.75,-0.6047009409829242,-2.75,-0.75,2.0,1.0,0.0,-2.8
solvability-pair-0072159-try_again_n,solvability-pair-0072159-try_again_n:0,solvability,0,-1.5,-0.6047009409829242,-2.75,-0.75,2.0,1.0,0.0,-2.8
solvability-pair-0072161-try_again_m,solvability-pair-0072161-try_again_m:0,solvability,0,0.5,0.1174381134411473,-1.5,0.5,2.0,0.0,0.0,-1.5
solvability-pair-0072161-try_again_m,solvability-pair-0072161-try_again_m:1,solvability,1,6.25,0.1174381134411473,-1.3333333333333337,0.6666666666666666,2.0,0.0,1.0,-1.5
solvability-pair-0072161-try_again_m,solvability-pair-0072161-try_again_m:2,solvability,2,2.875,0.1174381134411473,-1.25,0.75,2.0,0.0,2.0,-1.5
solvability-pair-0072161-try_again_m,solvability-pair-0072161-try_again_m:3,solvability,3,2.625,0.1174381134411473,-1.2,0.8,2.0,0.0,3.0,-1.5
solvability-pair-0072161-try_again_m,solvability-pair-0072161-try_again_m:4,solvability,4,2.0,0.1174381134411473,-1.1666666666666663,0.8333333333333334,2.0,0.0,4.0,-1.5
solvability-pair-0072161-try_again_m,solvability-pair-0072161-try_again_m:5,solvability,5,1.25,0.1174381134411473,-1.1428571428571428,0.8571428571428571,2.0,0.0,5.0,-1.5
solvability-pair-0072161-try_again_m,solvability-pair-0072161-try_again_m:6,solvability,6,-1.25,0.1174381134411473,-1.25,0.75,2.0,0.0,5.0,-1.5
solvability-pair-0072161-try_again_n,solvability-pair-0072161-try_again_n:0,solvability,0,-1.0,0.1174381134411473,-1.5,0.5,2.0,0.0,0.0,-1.5
solvability-pair-0072162-try_again_m,solvability-pair-0072162-try_again_m:0,solvability,0,1.125,1.2284212740935647,0.5,0.5,0.0,0.0,0.0,0.5
solvability-pair-0072162-try_again_m,solvability-pair-0072162-try_again_m:1,solvability,1,6.875,1.2284212740935647,0.6666666666666666,0.6666666666666666,0.0,0.0,1.0,0.5
solvability-pair-0072162-try_again_m,solvability-pair-0072162-try_again_m:2,solvability,2,3.375,1.2284212740935647,0.75,0.75,0.0,0.0,2.0,0.5
solvability-pair-0072162-try_again_m,solvability-pair-0072162-try_again_m:3,solvability,3,3.25,1.2284212740935647,0.8,0.8,0.0,0.0,3.0,0.5
solvability-pair-0072162-try_again_m,solvability-pair-0072162-try_again_m:4,solvability,4,-0.125,1.2284212740935647,0.6666666666666666,0.6666666666666666,0.0,0.0,3.0,0.5
solvability-pair-0072162-try_again_m,solvability-pair-0072162-try_again_m:5,solvability,5,1.25,1.2284212740935647,0.7142857142857143,0.7142857142857143,0.0,0.0,4.0,0.5
solvability-pair-0072162-try_again_n,solvability-pair-0072162-try_again_n:0,solvability,0,-0.625,1.2284212740935647,0.5,0.5,0.0,0.0,0.0,0.5
solvability-pair-0072163-try_again_m,solvability-pair-0072163-try_again_m:0,solvability,0,0.0,1.061773799995702,0.25,0.25,0.0,0.0,0.0,0.2
solvability-pair-0072163-try_again_n,solvability-pair-0072163-try_again_n:0,solvability,0,-1.25,1.061773799995702,0.25,0.25,0.0,0.0,0.0,0.2
solvability-pair-0072182-try_again_m,solvability-pair-0072182-try_again_m:0,solvability,0,0.25,0.672929693767356,-0.5,-0.5,0.0,1.0,0.0,-0.5
solvability-pair-0072182-try_again_m,solvability-pair-0072182-try_again_m:1,solvability,1,6.125,0.672929693767356,-0.3333333333333333,-0.3333333333333333,0.0,1.0,1.0,-0.5
solvability-pair-0072182-try_again_m,solvability-pair-0072182-try_again_m:2,solvability,2,2.875,0.672929693767356,-0.25,-0.25,0.0,1.0,2.0,-0.5
solvability-pair-0072182-try_again_m,solvability-pair-0072182-try_again_m:3,solvability,3,0.25,0.672929693767356,-0.4,-0.4,0.0,1.0,2.0,-0.5
solvability-pair-0072182-try_again_n,solvability-pair-0072182-try_again_n:0,solvability,0,-1.0,0.672929693767356,-0.5,-0.5,0.0,1.0,0.0,-0.5
solvability-pair-0072185-try_again_m,solvability-pair-0072185-try_again_m:0,solvability,0,0.5,0.1174381134411473,-1.5,0.5,2.0,0.0,0.0,-1.5
solvability-pair-0072185-try_again_m,solvability-pair-0072185-try_again_m:1,solvability,1,-3.125,0.1174381134411473,-1.6666666666666667,0.3333333333333333,2.0,0.0,0.0,-1.5
solvability-pair-0072185-try_again_n,solvability-pair-0072185-try_again_n:0,solvability,0,-1.0,0.1174381134411473,-1.5,0.5,2.0,0.0,0.0,-1.5
solvability-pair-0072185-try_again_n,solvability-pair-0072185-try_again_n:1,solvability,1,-3.5,0.1174381134411473,-1.6666666666666667,0.3333333333333333,2.0,0.0,0.0,-1.5
solvability-pair-0072191-try_again_m,solvability-pair-0072191-try_again_m:0,solvability,0,2.75,-0.2714059927871989,-2.25,-0.25,2.0,1.0,0.0,-2.2
solvability-pair-0072191-try_again_m,solvability-pair-0072191-try_again_m:1,solvability,1,7.375,-0.2714059927871989,-2.1666666666666665,-0.1666666666666666,2.0,1.0,1.0,-2.2
solvability-pair-0072191-try_again_m,solvability-pair-0072191-try_again_m:2,solvability,2,0.625,-0.2714059927871989,-2.375,-0.375,2.0,1.0,1.0,-2.2
solvability-pair-0072191-try_again_m,solvability-pair-0072191-try_again_m:3,solvability,3,2.5,-0.2714059927871989,-2.3,-0.3,2.0,1.0,2.0,-2.2
solvability-pair-0072191-try_again_m,solvability-pair-0072191-try_again_m:4,solvability,4,-0.875,-0.2714059927871989,-2.4166666666666665,-0.4166666666666666,2.0,1.0,2.0,-2.2
solvability-pair-0072191-try_again_n,solvability-pair-0072191-try_again_n:0,solvability,0,0.75,-0.2714059927871989,-2.25,-0.25,2.0,1.0,0.0,-2.2
solvability-pair-0072191-try_again_n,solvability-pair-0072191-try_again_n:1,solvability,1,7.75,-0.2714059927871989,-2.1666666666666665,-0.1666666666666666,2.0,1.0,1.0,-2.2
solvability-pair-0072191-try_again_n,solvability-pair-0072191-try_again_n:2,solvability,2,1.0,-0.2714059927871989,-2.375,-0.375,2.0,1.0,1.0,-2.2
solvability-pair-0072191-try_again_n,solvability-pair-0072191-try_again_n:3,solvability,3,3.625,-0.2714059927871989,-2.3,-0.3,2.0,1.0,2.0,-2.2
solvability-pair-0072191-try_again_n,solvability-pair-0072191-try_again_n:4,solvability,4,-0.125,-0.2714059927871989,-2.4166666666666665,-0.4166666666666666,2.0,1.0,2.0,-2.2
solvability-pair-0072191-try_again_n,solvability-pair-0072191-try_again_n:5,solvability,5,-0.875,-0.2714059927871989,-2.5,-0.5,2.0,1.0,2.0,-2.2
solvability-pair-0072191-try_again_n,solvability-pair-0072191-try_again_n:6,solvability,6,0.875,-0.2714059927871989,-2.4375,-0.4375,2.0,1.0,3.0,-2.2
solvability-pair-0072191-try_again_n,solvability-pair-0072191-try_again_n:7,solvability,7,0.0,-0.2714059927871989,-2.388888888888889,-0.3888888888888888,2.0,1.0,4.0,-2.2
solvability-pair-0072200-try_again_m,solvability-pair-0072200-try_again_m:0,solvability,0,-0.375,-0.04920936065671533,-1.75,0.25,2.0,0.0,0.0,-1.8
solvability-pair-0072200-try_again_n,solvability-pair-0072200-try_again_n:0,solvability,0,-1.375,-0.04920936065671533,-1.75,0.25,2.0,0.0,0.0,-1.8
solvability-pair-0072222-try_again_m,solvability-pair-0072222-try_again_m:0,solvability,0,1.125,1.2284212740935647,0.5,0.5,0.0,0.0,0.0,0.5
solvability-pair-0072222-try_again_m,solvability-pair-0072222-try_again_m:1,solvability,1,-3.25,1.2284212740935647,0.3333333333333333,0.3333333333333333,0.0,0.0,0.0,0.5
solvability-pair-0072222-try_again_n,solvability-pair-0072222-try_again_n:0,solvability,0,-0.625,1.2284212740935647,0.5,0.5,0.0,0.0,0.0,0.5
solvability-pair-0072229-try_again_m,solvability-pair-0072229-try_again_m:0,solvability,0,-0.125,-0.4380534668850614,-2.5,-0.5,2.0,1.0,0.0,-2.5
solvability-pair-0072229-try_again_n,solvability-pair-0072229-try_again_n:0,solvability,0,-1.25,-0.4380534668850614,-2.5,-0.5,2.0,1.0,0.0,-2.5
solvability-pair-0072236-try_again_m,solvability-pair-0072236-try_again_m:0,solvability,0,-0.375,-0.04920936065671533,-1.75,0.25,2.0,0.0,0.0,-1.8
solvability-pair-0072236-try_again_n,solvability-pair-0072236-try_again_n:0,solvability,0,-1.375,-0.04920936065671533,-1.75,0.25,2.0,0.0,0.0,-1.8
solvability-pair-0072241-try_again_m,solvability-pair-0072241-try_again_m:0,solvability,0,-0.125,-0.4380534668850614,-2.5,-0.5,2.0,1.0,0.0,-2.5
solvability-pair-0072241-try_again_n,solvability-pair-0072241-try_again_n:0,solvability,0,-1.25,-0.4380534668850614,-2.5,-0.5,2.0,1.0,0.0,-2.5
solvability-pair-0072242-try_again_m,solvability-pair-0072242-try_again_m:0,solvability,0,0.25,0.672929693767356,-0.5,-0.5,0.0,1.0,0.0,-0.5
solvability-pair-0072242-try_again_m,solvability-pair-0072242-try_again_m:1,solvability,1,-3.375,0.672929693767356,-0.6666666666666667,-0.6666666666666667,0.0,1.0,0.0,-0.5
solvability-pair-0072242-try_again_n,solvability-pair-0072242-try_again_n:0,solvability,0,-1.0,0.672929693767356,-0.5,-0.5,0.0,1.0,0.0,-0.5
solvability-pair-0072251-try_again_m,solvability-pair-0072251-try_again_m:0,solvability,0,2.75,-0.2714059927871989,-2.25,-0.25,2.0,1.0,0.0,-2.2
solvability-pair-0072251-try_again_m,solvability-pair-0072251-try_again_m:1,solvability,1,7.375,-0.2714059927871989,-2.1666666666666665,-0.1666666666666666,2.0,1.0,1.0,-2.2
solvability-pair-0072251-try_again_m,solvability-pair-0072251-try_again_m:2,solvability,2,0.625,-0.2714059927871989,-2.375,-0.375,2.0,1.0,1.0,-2.2
solvability-pair-0072251-try_again_m,solvability-pair-0072251-try_again_m:3,solvability,3,-0.25,-0.2714059927871989,-2.5,-0.5,2.0,1.0,1.0,-2.2
solvability-pair-0072251-try_again_m,solvability-pair-0072251-try_again_m:4,solvability,4,1.875,-0.2714059927871989,-2.4166666666666665,-0.4166666666666666,2.0,1.0,2.0,-2.2
solvability-pair-0072251-try_again_m,solvability-pair-0072251-try_again_m:5,solvability,5,0.375,-0.2714059927871989,-2.357142857142857,-0.3571428571428571,2.0,1.0,3.0,-2.2
solvability-pair-0072251-try_again_m,solvability-pair-0072251-try_again_m:6,solvability,6,0.75,-0.2714059927871989,-2.3125,-0.3125,2.0,1.0,4.0,-2.2
solvability-pair-0072251-try_again_n,solvability-pair-0072251-try_again_n:0,solvability,0,0.75,-0.2714059927871989,-2.25,-0.25,2.0,1.0,0.0,-2.2
solvability-pair-0072251-try_again_n,solvability-pair-0072251-try_again_n:1,solvability,1,7.75,-0.2714059927871989,-2.1666666666666665,-0.1666666666666666,2.0,1.0,1.0,-2.2
solvability-pair-0072251-try_again_n,solvability-pair-0072251-try_again_n:2,solvability,2,1.0,-0.2714059927871989,-2.375,-0.375,2.0,1.0,1.0,-2.2
solvability-pair-0072251-try_again_n,solvability-pair-0072251-try_again_n:3,solvability,3,0.125,-0.2714059927871989,-2.5,-0.5,2.0,1.0,1.0,-2.2
solvability-pair-0072251-try_again_n,solvability-pair-0072251-try_again_n:4,solvability,4,2.875,-0.2714059927871989,-2.4166666666666665,-0.4166666666666666,2.0,1.0,2.0,-2.2
solvability-pair-0072251-try_again_n,solvability-pair-0072251-try_again_n:5,solvability,5,0.5,-0.2714059927871989,-2.357142857142857,-0.3571428571428571,2.0,1.0,3.0,-2.2
solvability-pair-0072251-try_again_n,solvability-pair-0072251-try_again_n:6,solvability,6,0.5,-0.2714059927871989,-2.3125,-0.3125,2.0,1.0,4.0,-2.2
solvability-pair-0072254-try_again_m,solvability-pair-0072254-try_again_m:0,solvability,0,0.25,0.672929693767356,-0.5,-0.5,0.0,1.0,0.0,-0.5
solvability-pair-0072254-try_again_m,solvability-pair-0072254-try_again_m:1,solvability,1,6.125,0.672929693767356,-0.3333333333333333,-0.3333333333333333,0.0,1.0,1.0,-0.5
solvability-pair-0072254-try_again_m,solvability-pair-0072254-try_again_m:2,solvability,2,0.25,0.672929693767356,-0.5,-0.5,0.0,1.0,1.0,-0.5
solvability-pair-0072254-try_again_n,solvability-pair-0072254-try_again_n:0,solvability,0,-1.0,0.672929693767356,-0.5,-0.5,0.0,1.0,0.0,-0.5
solvability-pair-0072255-try_again_m,solvability-pair-0072255-try_again_m:0,solvability,0,-0.75,-0.6047009409829242,-2.75,-0.75,2.0,1.0,0.0,-2.8
solvability-pair-0072255-try_again_n,solvability-pair-0072255-try_again_n:0,solvability,0,-1.5,-0.6047009409829242,-2.75,-0.75,2.0,1.0,0.0,-2.8
solvability-pair-0072257-try_again_m,solvability-pair-0072257-try_again_m:0,solvability,0,0.5,0.1174381134411473,-1.5,0.5,2.0,0.0,0.0,-1.5
solvability-pair-0072257-try_again_m,solvability-pair-0072257-try_again_m:1,solvability,1,-3.125,0.1174381134411473,-1.6666666666666667,0.3333333333333333,2.0,0.0,0.0,-1.5
solvability-pair-0072257-try_again_n,solvability-pair-0072257-try_again_n:0,solvability,0,-1.0,0.1174381134411473,-1.5,0.5,2.0,0.0,0.0,-1.5
solvability-pair-0072261-try_again_m,solvability-pair-0072261-try_again_m:0,solvability,0,-0.5,0.5062822196694934,-0.75,-0.75,0.0,1.0,0.0,-0.8
solvability-pair-0072261-try_again_m,solvability-pair-0072261-try_again_m:1,solvability,1,-3.625,0.5062822196694934,-0.8333333333333334,-0.8333333333333334,0.0,1.0,0.0,-0.8
solvability-pair-0072261-try_again_n,solvability-pair-0072261-try_again_n:0,solvability,0,-1.25,0.5062822196694934,-0.75,-0.75,0.0,1.0,0.0,-0.8
solvability-pair-0072261-try_again_n,solvability-pair-0072261-try_again_n:1,solvability,1,-3.875,0.5062822196694934,-0.8333333333333334,-0.8333333333333334,0.0,1.0,0.0,-0.8
solvability-pair-0072268-try_again_m,solvability-pair-0072268-try_again_m:0,solvability,0,3.25,0.8395771678652186,-0.25,-0.25,0.0,1.0,0.0,-0.1999999999999999
solvability-pair-0072268-try_again_m,solvability-pair-0072268-try_again_m:1,solvability,1,7.75,0.8395771678652186,-0.1666666666666666,-0.1666666666666666,0.0,1.0,1.0,-0.1999999999999999
solvability-pair-0072268-try_again_m,solvability-pair-0072268-try_again_m:2,solvability,2,4.75,0.8395771678652186,-0.125,-0.125,0.0,1.0,2.0,-0.1999999999999999
solvability-pair-0072268-try_again_m,solvability-pair-0072268-try_again_m:3,solvability,3,3.75,0.8395771678652186,-0.0999999999999999,-0.0999999999999999,0.0,1.0,3.0,-0.1999999999999999
solvability-pair-0072268-try_again_m,solvability-pair-0072268-try_again_m:4,solvability,4,2.125,0.8395771678652186,-0.0833333333333333,-0.0833333333333333,0.0,1.0,4.0,-0.1999999999999999
solvability-pair-0072268-try_again_m,solvability-pair-0072268-try_again_m:5,solvability,5,1.375,0.8395771678652186,-0.0714285714285714,-0.0714285714285714,0.0,1.0,5.0,-0.1999999999999999
solvability-pair-0072268-try_again_m,solvability-pair-0072268-try_again_m:6,solvability,6,1.5,0.8395771678652186,-0.0625,-0.0625,0.0,1.0,6.0,-0.1999999999999999
solvability-pair-0072268-try_again_n,solvability-pair-0072268-try_again_n:0,solvability,0,1.125,0.8395771678652186,-0.25,-0.25,0.0,1.0,0.0,-0.1999999999999999
solvability-pair-0072268-try_again_n,solvability-pair-0072268-try_again_n:1,solvability,1,8.625,0.8395771678652186,-0.1666666666666666,-0.1666666666666666,0.0,1.0,1.0,-0.1999999999999999
solvability-pair-0072268-try_again_n,solvability-pair-0072268-try_again_n:2,solvability,2,6.0,0.8395771678652186,-0.125,-0.125,0.0,1.0,2.0,-0.1999999999999999
solvability-pair-0072268-try_again_n,solvability-pair-0072268-try_again_n:3,solvability,3,4.75,0.8395771678652186,-0.0999999999999999,-0.0999999999999999,0.0,1.0,3.0,-0.1999999999999999
solvability-pair-0072268-try_again_n,solvability-pair-0072268-try_again_n:4,solvability,4,2.625,0.8395771678652186,-0.0833333333333333,-0.0833333333333333,0.0,1.0,4.0,-0.1999999999999999
solvability-pair-0072268-try_again_n,solvability-pair-0072268-try_again_n:5,solvability,5,1.125,0.8395771678652186,-0.0714285714285714,-0.0714285714285714,0.0,1.0,5.0,-0.1999999999999999
solvability-pair-0072268-try_again_n,solvability-pair-0072268-try_again_n:6,solvability,6,1.25,0.8395771678652186,-0.0625,-0.0625,0.0,1.0,6.0,-0.1999999999999999
solvability-pair-0072298-try_again_m,solvability-pair-0072298-try_again_m:0,solvability,0,4.125,1.3950687481914272,0.75,0.75,0.0,0.0,0.0,0.8
solvability-pair-0072298-try_again_m,solvability-pair-0072298-try_again_m:1,solvability,1,8.5,1.3950687481914272,0.8333333333333334,0.8333333333333334,0.0,0.0,1.0,0.8
solvability-pair-0072298-try_again_m,solvability-pair-0072298-try_again_m:2,solvability,2,5.75,1.3950687481914272,0.875,0.875,0.0,0.0,2.0,0.8
solvability-pair-0072298-try_again_m,solvability-pair-0072298-try_again_m:3,solvability,3,5.125,1.3950687481914272,0.9,0.9,0.0,0.0,3.0,0.8
solvability-pair-0072298-try_again_m,solvability-pair-0072298-try_again_m:4,solvability,4,0.625,1.3950687481914272,0.75,0.75,0.0,0.0,3.0,0.8
solvability-pair-0072298-try_again_n,solvability-pair-0072298-try_again_n:0,solvability,0,1.5,1.3950687481914272,0.75,0.75,0.0,0.0,0.0,0.8
solvability-pair-0072298-try_again_n,solvability-pair-0072298-try_again_n:1,solvability,1,9.5,1.3950687481914272,0.8333333333333334,0.8333333333333334,0.0,0.0,1.0,0.8
solvability-pair-0072298-try_again_n,solvability-pair-0072298-try_again_n:2,solvability,2,7.0,1.3950687481914272,0.875,0.875,0.0,0.0,2.0,0.8
solvability-pair-0072298-try_again_n,solvability-pair-0072298-try_again_n:3,solvability,3,6.25,1.3950687481914272,0.9,0.9,0.0,0.0,3.0,0.8
solvability-pair-0072298-try_again_n,solvability-pair-0072298-try_again_n:4,solvability,4,0.625,1.3950687481914272,0.75,0.75,0.0,0.0,3.0,0.8
solvability-pair-0072310-try_again_m,solvability-pair-0072310-try_again_m:0,solvability,0,4.125,1.3950687481914272,0.75,0.75,0.0,0.0,0.0,0.8
solvability-pair-0072310-try_again_m,solvability-pair-0072310-try_again_m:1,solvability,1,-2.125,1.3950687481914272,0.5,0.5,0.0,0.0,0.0,0.8
solvability-pair-0072310-try_again_n,solvability-pair-0072310-try_again_n:0,solvability,0,1.5,1.3950687481914272,0.75,0.75,0.0,0.0,0.0,0.8
solvability-pair-0072310-try_again_n,solvability-pair-0072310-try_again_n:1,solvability,1,-1.875,1.3950687481914272,0.5,0.5,0.0,0.0,0.0,0.8
solvability-pair-0072313-try_again_m,solvability-pair-0072313-try_again_m:0,solvability,0,-0.125,-0.4380534668850614,-2.5,-0.5,2.0,1.0,0.0,-2.5
solvability-pair-0072313-try_again_n,solvability-pair-0072313-try_again_n:0,solvability,0,-1.25,-0.4380534668850614,-2.5,-0.5,2.0,1.0,0.0,-2.5
solvability-pair-0072314-try_again_m,solvability-pair-0072314-try_again_m:0,solvability,0,0.25,0.672929693767356,-0.5,-0.5,0.0,1.0,0.0,-0.5
solvability-pair-0072314-try_again_n,solvability-pair-0072314-try_again_n:0,solvability,0,-1.0,0.672929693767356,-0.5,-0.5,0.0,1.0,0.0,-0.5
solvability-pair-0072317-try_again_m,solvability-pair-0072317-try_again_m:0,solvability,0,0.5,0.1174381134411473,-1.5,0.5,2.0,0.0,0.0,-1.5
solvability-pair-0072317-try_again_m,solvability-pair-0072317-try_again_m:1,solvability,1,6.25,0.1174381134411473,-1.3333333333333337,0.6666666666666666,2.0,0.0,1.0,-1.5
solvability-pair-0072317-try_again_m,solvability-pair-0072317-try_again_m:2,solvability,2,0.5,0.1174381134411473,-1.5,0.5,2.0,0.0,1.0,-1.5
solvability-pair-0072317-try_again_m,solvability-pair-0072317-try_again_m:3,solvability,3,2.25,0.1174381134411473,-1.4,0.6,2.0,0.0,2.0,-1.5
solvability-pair-0072317-try_again_m,solvability-pair-0072317-try_again_m:4,solvability,4,2.25,0.1174381134411473,-1.3333333333333337,0.6666666666666666,2.0,0.0,3.0,-1.5
solvability-pair-0072317-try_again_m,solvability-pair-0072317-try_again_m:5,solvability,5,1.125,0.1174381134411473,-1.2857142857142856,0.7142857142857143,2.0,0.0,4.0,-1.5
solvability-pair-0072317-try_again_n,solvability-pair-0072317-try_again_n:0,solvability,0,-1.0,0.1174381134411473,-1.5,0.5,2.0,0.0,0.0,-1.5
solvability-pair-0072317-try_again_n,solvability-pair-0072317-try_again_n:1,solvability,1,6.25,0.1174381134411473,-1.3333333333333337,0.6666666666666666,2.0,0.0,1.0,-1.5
solvability-pair-0072317-try_again_n,solvability-pair-0072317-try_again_n:2,solvability,2,1.375,0.1174381134411473,-1.5,0.5,2.0,0.0,1.0,-1.5
solvability-pair-0072317-try_again_n,solvability-pair-0072317-try_again_n:3,solvability,3,3.375,0.1174381134411473,-1.4,0.6,2.0,0.0,2.0,-1.5
solvability-pair-0072317-try_again_n,solvability-pair-0072317-try_again_n:4,solvability,4,2.125,0.1174381134411473,-1.3333333333333337,0.6666666666666666,2.0,0.0,3.0,-1.5
solvability-pair-0072317-try_again_n,solvability-pair-0072317-try_again_n:5,solvability,5,1.125,0.1174381134411473,-1.2857142857142856,0.7142857142857143,2.0,0.0,4.0,-1.5
solvability-pair-0072321-try_again_m,solvability-pair-0072321-try_again_m:0,solvability,0,-0.5,0.5062822196694934,-0.75,-0.75,0.0,1.0,0.0,-0.8
solvability-pair-0072321-try_again_m,solvability-pair-0072321-try_again_m:1,solvability,1,-3.625,0.5062822196694934,-0.8333333333333334,-0.8333333333333334,0.0,1.0,0.0,-0.8
solvability-pair-0072321-try_again_n,solvability-pair-0072321-try_again_n:0,solvability,0,-1.25,0.5062822196694934,-0.75,-0.75,0.0,1.0,0.0,-0.8
solvability-pair-0072321-try_again_n,solvability-pair-0072321-try_again_n:1,solvability,1,-3.875,0.5062822196694934,-0.8333333333333334,-0.8333333333333334,0.0,1.0,0.0,-0.8
solvability-pair-0072323-try_again_m,solvability-pair-0072323-try_again_m:0,solvability,0,2.75,-0.2714059927871989,-2.25,-0.25,2.0,1.0,0.0,-2.2
solvability-pair-0072323-try_again_m,solvability-pair-0072323-try_again_m:1,solvability,1,7.375,-0.2714059927871989,-2.1666666666666665,-0.1666666666666666,2.0,1.0,1.0,-2.2
solvability-pair-0072323-try_again_m,solvability-pair-0072323-try_again_m:2,solvability,2,0.625,-0.2714059927871989,-2.375,-0.375,2.0,1.0,1.0,-2.2
solvability-pair-0072323-try_again_n,solvability-pair-0072323-try_again_n:0,solvability,0,0.75,-0.2714059927871989,-2.25,-0.25,2.0,1.0,0.0,-2.2
solvability-pair-0072323-try_again_n,solvability-pair-0072323-try_again_n:1,solvability,1,7.75,-0.2714059927871989,-2.1666666666666665,-0.1666666666666666,2.0,1.0,1.0,-2.2
solvability-pair-0072323-try_again_n,solvability-pair-0072323-try_again_n:2,solvability,2,1.0,-0.2714059927871989,-2.375,-0.375,2.0,1.0,1.0,-2.2
solvability-pair-0072323-try_again_n,solvability-pair-0072323-try_again_n:3,solvability,3,3.625,-0.2714059927871989,-2.3,-0.3,2.0,1.0,2.0,-2.2
solvability-pair-0072323-try_again_n,solvability-pair-0072323-try_again_n:4,solvability,4,2.125,-0.2714059927871989,-2.25,-0.25,2.0,1.0,3.0,-2.2
solvability-pair-0072323-try_again_n,solvability-pair-0072323-try_again_n:5,solvability,5,1.125,-0.2714059927871989,-2.2142857142857144,-0.2142857142857143,2.0,1.0,4.0,-2.2
solvability-pair-0072323-try_again_n,solvability-pair-0072323-try_again_n:6,solvability,6,1.125,-0.2714059927871989,-2.1875,-0.1875,2.0,1.0,5.0,-2.2
solvability-pair-0072331-try_again_m,solvability-pair-0072331-try_again_m:0,solvability,0,0.0,1.061773799995702,0.25,0.25,0.0,0.0,0.0,0.2
solvability-pair-0072331-try_again_n,solvability-pair-0072331-try_again_n:0,solvability,0,-1.25,1.061773799995702,0.25,0.25,0.0,0.0,0.0,0.2
solvability-pair-0072336-try_again_m,solvability-pair-0072336-try_again_m:0,solvability,0,3.75,0.2840855875390099,-1.25,0.75,2.0,0.0,0.0,-1.2
solvability-pair-0072336-try_again_m,solvability-pair-0072336-try_again_m:1,solvability,1,8.0,0.2840855875390099,-1.1666666666666663,0.8333333333333334,2.0,0.0,1.0,-1.2
solvability-pair-0072336-try_again_m,solvability-pair-0072336-try_again_m:2,solvability,2,4.875,0.2840855875390099,-1.125,0.875,2.0,0.0,2.0,-1.2
solvability-pair-0072336-try_again_m,solvability-pair-0072336-try_again_m:3,solvability,3,4.25,0.2840855875390099,-1.1,0.9,2.0,0.0,3.0,-1.2
solvability-pair-0072336-try_again_m,solvability-pair-0072336-try_again_m:4,solvability,4,0.25,0.2840855875390099,-1.25,0.75,2.0,0.0,3.0,-1.2
solvability-pair-0072336-try_again_m,solvability-pair-0072336-try_again_m:5,solvability,5,1.75,0.2840855875390099,-1.2142857142857144,0.7857142857142857,2.0,0.0,4.0,-1.2
solvability-pair-0072336-try_again_m,solvability-pair-0072336-try_again_m:6,solvability,6,-0.5,0.2840855875390099,-1.3125,0.6875,2.0,0.0,4.0,-1.2
solvability-pair-0072336-try_again_n,solvability-pair-0072336-try_again_n:0,solvability,0,1.25,0.2840855875390099,-1.25,0.75,2.0,0.0,0.0,-1.2
solvability-pair-0072336-try_again_n,solvability-pair-0072336-try_again_n:1,solvability,1,8.375,0.2840855875390099,-1.1666666666666663,0.8333333333333334,2.0,0.0,1.0,-1.2
solvability-pair-0072336-try_again_n,solvability-pair-0072336-try_again_n:2,solvability,2,5.375,0.2840855875390099,-1.125,0.875,2.0,0.0,2.0,-1.2
solvability-pair-0072336-try_again_n,solvability-pair-0072336-try_again_n:3,solvability,3,4.375,0.2840855875390099,-1.1,0.9,2.0,0.0,3.0,-1.2
solvability-pair-0072336-try_again_n,solvability-pair-0072336-try_again_n:4,solvability,4,0.0,0.2840855875390099,-1.25,0.75,2.0,0.0,3.0,-1.2
solvability-pair-0072336-try_again_n,solvability-pair-0072336-try_again_n:5,solvability,5,2.375,0.2840855875390099,-1.2142857142857144,0.7857142857142857,2.0,0.0,4.0,-1.2
solvability-pair-0072336-try_again_n,solvability-pair-0072336-try_again_n:6,solvability,6,-0.375,0.2840855875390099,-1.3125,0.6875,2.0,0.0,4.0,-1.2
solvability-pair-0072356-try_again_m,solvability-pair-0072356-try_again_m:0,solvability,0,-0.375,-0.04920936065671533,-1.75,0.25,2.0,0.0,0.0,-1.8
solvability-pair-0072356-try_again_m,solvability-pair-0072356-try_again_m:1,solvability,1,-3.375,-0.04920936065671533,-1.8333333333333333,0.1666666666666666,2.0,0.0,0.0,-1.8
solvability-pair-0072356-try_again_n,solvability-pair-0072356-try_again_n:0,solvability,0,-1.375,-0.04920936065671533,-1.75,0.25,2.0,0.0,0.0,-1.8
solvability-pair-0072362-try_again_m,solvability-pair-0072362-try_again_m:0,solvability,0,0.25,0.672929693767356,-0.5,-0.5,0.0,1.0,0.0,-0.5
solvability-pair-0072362-try_again_n,solvability-pair-0072362-try_again_n:0,solvability,0,-1.0,0.672929693767356,-0.5,-0.5,0.0,1.0,0.0,-0.5
solvability-pair-0072370-try_again_m,solvability-pair-0072370-try_again_m:0,solvability,0,4.125,1.3950687481914272,0.75,0.75,0.0,0.0,0.0,0.8
solvability-pair-0072370-try_again_m,solvability-pair-0072370-try_again_m:1,solvability,1,8.5,1.3950687481914272,0.8333333333333334,0.8333333333333334,0.0,0.0,1.0,0.8
solvability-pair-0072370-try_again_m,solvability-pair-0072370-try_again_m:2,solvability,2,5.75,1.3950687481914272,0.875,0.875,0.0,0.0,2.0,0.8
solvability-pair-0072370-try_again_m,solvability-pair-0072370-try_again_m:3,solvability,3,5.125,1.3950687481914272,0.9,0.9,0.0,0.0,3.0,0.8
solvability-pair-0072370-try_again_m,solvability-pair-0072370-try_again_m:4,solvability,4,0.625,1.3950687481914272,0.75,0.75,0.0,0.0,3.0,0.8
solvability-pair-0072370-try_again_n,solvability-pair-0072370-try_again_n:0,solvability,0,1.5,1.3950687481914272,0.75,0.75,0.0,0.0,0.0,0.8
solvability-pair-0072370-try_again_n,solvability-pair-0072370-try_again_n:1,solvability,1,9.5,1.3950687481914272,0.8333333333333334,0.8333333333333334,0.0,0.0,1.0,0.8
solvability-pair-0072370-try_again_n,solvability-pair-0072370-try_again_n:2,solvability,2,7.0,1.3950687481914272,0.875,0.875,0.0,0.0,2.0,0.8
solvability-pair-0072370-try_again_n,solvability-pair-0072370-try_again_n:3,solvability,3,6.25,1.3950687481914272,0.9,0.9,0.0,0.0,3.0,0.8
solvability-pair-0072370-try_again_n,solvability-pair-0072370-try_again_n:4,solvability,4,0.625,1.3950687481914272,0.75,0.75,0.0,0.0,3.0,0.8
solvability-pair-0072371-try_again_m,solvability-pair-0072371-try_again_m:0,solvability,0,2.75,-0.2714059927871989,-2.25,-0.25,2.0,1.0,0.0,-2.2
solvability-pair-0072371-try_again_m,solvability-pair-0072371-try_again_m:1,solvability,1,7.375,-0.2714059927871989,-2.1666666666666665,-0.1666666666666666,2.0,1.0,1.0,-2.2
solvability-pair-0072371-try_again_m,solvability-pair-0072371-try_again_m:2,solvability,2,3.75,-0.2714059927871989,-2.125,-0.125,2.0,1.0,2.0,-2.2
solvability-pair-0072371-try_again_m,solvability-pair-0072371-try_again_m:3,solvability,3,2.75,-0.2714059927871989,-2.1,-0.0999999999999999,2.0,1.0,3.0,-2.2
solvability-pair-0072371-try_again_m,solvability-pair-0072371-try_again_m:4,solvability,4,1.625,-0.2714059927871989,-2.0833333333333335,-0.0833333333333333,2.0,1.0,4.0,-2.2
solvability-pair-0072371-try_again_m,solvability-pair-0072371-try_again_m:5,solvability,5,-1.75,-0.2714059927871989,-2.2142857142857144,-0.2142857142857143,2.0,1.0,4.0,-2.2
solvability-pair-0072371-try_again_n,solvability-pair-0072371-try_again_n:0,solvability,0,0.75,-0.2714059927871989,-2.25,-0.25,2.0,1.0,0.0,-2.2
solvability-pair-0072371-try_again_n,solvability-pair-0072371-try_again_n:1,solvability,1,7.75,-0.2714059927871989,-2.1666666666666665,-0.1666666666666666,2.0,1.0,1.0,-2.2
solvability-pair-0072371-try_again_n,solvability-pair-0072371-try_again_n:2,solvability,2,5.0,-0.2714059927871989,-2.125,-0.125,2.0,1.0,2.0,-2.2
solvability-pair-0072371-try_again_n,solvability-pair-0072371-try_again_n:3,solvability,3,3.875,-0.2714059927871989,-2.1,-0.0999999999999999,2.0,1.0,3.0,-2.2
solvability-pair-0072371-try_again_n,solvability-pair-0072371-try_again_n:4,solvability,4,1.875,-0.2714059927871989,-2.0833333333333335,-0.0833333333333333,2.0,1.0,4.0,-2.2
solvability-pair-0072371-try_again_n,solvability-pair-0072371-try_again_n:5,solvability,5,-2.0,-0.2714059927871989,-2.2142857142857144,-0.2142857142857143,2.0,1.0,4.0,-2.2
solvability-pair-0072374-try_again_m,solvability-pair-0072374-try_again_m:0,solvability,0,0.25,0.672929693767356,-0.5,-0.5,0.0,1.0,0.0,-0.5
solvability-pair-0072374-try_again_n,solvability-pair-0072374-try_again_n:0,solvability,0,-1.0,0.672929693767356,-0.5,-0.5,0.0,1.0,0.0,-0.5
solvability-pair-0072379-try_again_m,solvability-pair-0072379-try_again_m:0,solvability,0,0.0,1.061773799995702,0.25,0.25,0.0,0.0,0.0,0.2
solvability-pair-0072379-try_again_n,solvability-pair-0072379-try_again_n:0,solvability,0,-1.25,1.061773799995702,0.25,0.25,0.0,0.0,0.0,0.2
solvability-pair-0072384-try_again_m,solvability-pair-0072384-try_again_m:0,solvability,0,3.75,0.2840855875390099,-1.25,0.75,2.0,0.0,0.0,-1.2
solvability-pair-0072384-try_again_m,solvability-pair-0072384-try_again_m:1,solvability,1,8.0,0.2840855875390099,-1.1666666666666663,0.8333333333333334,2.0,0.0,1.0,-1.2
solvability-pair-0072384-try_again_m,solvability-pair-0072384-try_again_m:2,solvability,2,4.875,0.2840855875390099,-1.125,0.875,2.0,0.0,2.0,-1.2
solvability-pair-0072384-try_again_m,solvability-pair-0072384-try_again_m:3,solvability,3,0.625,0.2840855875390099,-1.3,0.7,2.0,0.0,2.0,-1.2
solvability-pair-0072384-try_again_m,solvability-pair-0072384-try_again_m:4,solvability,4,2.375,0.2840855875390099,-1.25,0.75,2.0,0.0,3.0,-1.2
solvability-pair-0072384-try_again_m,solvability-pair-0072384-try_again_m:5,solvability,5,-0.375,0.2840855875390099,-1.3571428571428572,0.6428571428571429,2.0,0.0,3.0,-1.2
solvability-pair-0072384-try_again_m,solvability-pair-0072384-try_again_m:6,solvability,6,-1.0,0.2840855875390099,-1.4375,0.5625,2.0,0.0,3.0,-1.2
solvability-pair-0072384-try_again_n,solvability-pair-0072384-try_again_n:0,solvability,0,1.25,0.2840855875390099,-1.25,0.75,2.0,0.0,0.0,-1.2
solvability-pair-0072384-try_again_n,solvability-pair-0072384-try_again_n:1,solvability,1,8.375,0.2840855875390099,-1.1666666666666663,0.8333333333333334,2.0,0.0,1.0,-1.2
solvability-pair-0072384-try_again_n,solvability-pair-0072384-try_again_n:2,solvability,2,5.375,0.2840855875390099,-1.125,0.875,2.0,0.0,2.0,-1.2
solvability-pair-0072384-try_again_n,solvability-pair-0072384-try_again_n:3,solvability,3,0.25,0.2840855875390099,-1.3,0.7,2.0,0.0,2.0,-1.2
solvability-pair-0072384-try_again_n,solvability-pair-0072384-try_again_n:4,solvability,4,2.5,0.2840855875390099,-1.25,0.75,2.0,0.0,3.0,-1.2
solvability-pair-0072384-try_again_n,solvability-pair-0072384-try_again_n:5,solvability,5,-0.25,0.2840855875390099,-1.3571428571428572,0.6428571428571429,2.0,0.0,3.0,-1.2
solvability-pair-0072384-try_again_n,solvability-pair-0072384-try_again_n:6,solvability,6,-0.75,0.2840855875390099,-1.4375,0.5625,2.0,0.0,3.0,-1.2
solvability-pair-0072389-try_again_m,solvability-pair-0072389-try_again_m:0,solvability,0,0.5,0.1174381134411473,-1.5,0.5,2.0,0.0,0.0,-1.5
solvability-pair-0072389-try_again_m,solvability-pair-0072389-try_again_m:1,solvability,1,6.25,0.1174381134411473,-1.3333333333333337,0.6666666666666666,2.0,0.0,1.0,-1.5
solvability-pair-0072389-try_again_m,solvability-pair-0072389-try_again_m:2,solvability,2,0.5,0.1174381134411473,-1.5,0.5,2.0,0.0,1.0,-1.5
solvability-pair-0072389-try_again_n,solvability-pair-0072389-try_again_n:0,solvability,0,-1.0,0.1174381134411473,-1.5,0.5,2.0,0.0,0.0,-1.5
solvability-pair-0072389-try_again_n,solvability-pair-0072389-try_again_n:1,solvability,1,6.25,0.1174381134411473,-1.3333333333333337,0.6666666666666666,2.0,0.0,1.0,-1.5
solvability-pair-0072389-try_again_n,solvability-pair-0072389-try_again_n:2,solvability,2,1.375,0.1174381134411473,-1.5,0.5,2.0,0.0,1.0,-1.5
solvability-pair-0072389-try_again_n,solvability-pair-0072389-try_again_n:3,solvability,3,-0.25,0.1174381134411473,-1.6,0.4,2.0,0.0,1.0,-1.5
solvability-pair-0072391-try_again_m,solvability-pair-0072391-try_again_m:0,solvability,0,0.0,1.061773799995702,0.25,0.25,0.0,0.0,0.0,0.2
solvability-pair-0072391-try_again_n,solvability-pair-0072391-try_again_n:0,solvability,0,-1.25,1.061773799995702,0.25,0.25,0.0,0.0,0.0,0.2
solvability-pair-0072393-try_again_m,solvability-pair-0072393-try_again_m:0,solvability,0,-0.5,0.5062822196694934,-0.75,-0.75,0.0,1.0,0.0,-0.8
solvability-pair-0072393-try_again_n,solvability-pair-0072393-try_again_n:0,solvability,0,-1.25,0.5062822196694934,-0.75,-0.75,0.0,1.0,0.0,-0.8
solvability-pair-0072394-try_again_m,solvability-pair-0072394-try_again_m:0,solvability,0,4.125,1.3950687481914272,0.75,0.75,0.0,0.0,0.0,0.8
solvability-pair-0072394-try_again_m,solvability-pair-0072394-try_again_m:1,solvability,1,8.5,1.3950687481914272,0.8333333333333334,0.8333333333333334,0.0,0.0,1.0,0.8
solvability-pair-0072394-try_again_m,solvability-pair-0072394-try_again_m:2,solvability,2,1.625,1.3950687481914272,0.625,0.625,0.0,0.0,1.0,0.8
solvability-pair-0072394-try_again_m,solvability-pair-0072394-try_again_m:3,solvability,3,-0.125,1.3950687481914272,0.5,0.5,0.0,0.0,1.0,0.8
solvability-pair-0072394-try_again_m,solvability-pair-0072394-try_again_m:4,solvability,4,2.875,1.3950687481914272,0.5833333333333334,0.5833333333333334,0.0,0.0,2.0,0.8
solvability-pair-0072394-try_again_m,solvability-pair-0072394-try_again_m:5,solvability,5,1.75,1.3950687481914272,0.6428571428571429,0.6428571428571429,0.0,0.0,3.0,0.8
solvability-pair-0072394-try_again_m,solvability-pair-0072394-try_again_m:6,solvability,6,1.625,1.3950687481914272,0.6875,0.6875,0.0,0.0,4.0,0.8
solvability-pair-0072394-try_again_n,solvability-pair-0072394-try_again_n:0,solvability,0,1.5,1.3950687481914272,0.75,0.75,0.0,0.0,0.0,0.8
solvability-pair-0072404-try_again_m,solvability-pair-0072404-try_again_m:0,solvability,0,-0.375,-0.04920936065671533,-1.75,0.25,2.0,0.0,0.0,-1.8
solvability-pair-0072404-try_again_n,solvability-pair-0072404-try_again_n:0,solvability,0,-1.375,-0.04920936065671533,-1.75,0.25,2.0,0.0,0.0,-1.8
