episode_id,state_id,task,round,observed_persistence_logit,predicted_persistence_logit,termination_advantage,estimated_continue_value,estimated_outside_value,cost_component,progress_component,commitment_input_state_0,commitment_input_state_1,commitment_input_state_2
seed-12026-pa-0.65-pb-0.20,seed-12026-pa-0.65-pb-0.20:0,bandit,0,4.203889734292549,3.181680162779613,0.5,0.5,0.0,0.0,0.0,0.5,0.0,0.0
seed-12026-pa-0.65-pb-0.20,seed-12026-pa-0.65-pb-0.20:1,bandit,1,3.0075990353171704,2.7381370135275556,0.5,0.5,0.0,0.0,-2.0,0.5,0.0,-2.0
seed-12026-pa-0.65-pb-0.20,seed-12026-pa-0.65-pb-0.20:2,bandit,2,3.7234445810050545,3.8469948866576997,0.5,0.5,0.0,0.0,3.0,0.5,0.0,3.0
seed-12026-pa-0.65-pb-0.20,seed-12026-pa-0.65-pb-0.20:3,bandit,3,3.2234445810050545,4.047057253214244,1.3333333333333337,1.3333333333333337,0.0,0.0,3.0,1.3333333333333337,0.0,3.0
seed-12026-pa-0.65-pb-0.20,seed-12026-pa-0.65-pb-0.20:4,bandit,4,1.4287006782765204,2.9381993800840993,1.3333333333333337,1.3333333333333337,0.0,0.0,-2.0,1.3333333333333337,0.0,-2.0
seed-12026-pa-0.65-pb-0.20,seed-12026-pa-0.65-pb-0.20:5,bandit,5,3.0075990353171704,4.047057253214244,1.3333333333333337,1.3333333333333337,0.0,0.0,3.0,1.3333333333333337,0.0,3.0
seed-12026-pa-0.65-pb-0.20,seed-12026-pa-0.65-pb-0.20:6,bandit,6,2.7254126516016477,4.147088436492515,1.75,1.75,0.0,0.0,3.0,1.75,0.0,3.0
seed-12026-pa-0.65-pb-0.20,seed-12026-pa-0.65-pb-0.20:7,bandit,7,2.031150136248314,3.038230563362371,1.75,1.75,0.0,0.0,-2.0,1.75,0.0,-2.0
seed-12026-pa-0.65-pb-0.20,seed-12026-pa-0.65-pb-0.20:8,bandit,8,1.6787006782765204,3.038230563362371,1.75,1.75,0.0,0.0,-2.0,1.75,0.0,-2.0
seed-12026-pa-0.65-pb-0.20,seed-12026-pa-0.65-pb-0.20:9,bandit,9,0.826413277982752,3.038230563362371,1.75,1.75,0.0,0.0,-2.0,1.75,0.0,-2.0
seed-12026-pa-0.65-pb-0.20,seed-12026-pa-0.65-pb-0.20:10,bandit,10,0.2676750576056008,3.038230563362371,1.75,1.75,0.0,0.0,-2.0,1.75,0.0,-2.0
seed-12026-pa-0.65-pb-0.20,seed-12026-pa-0.65-pb-0.20:11,bandit,11,0.376928011042974,3.038230563362371,1.75,1.75,0.0,0.0,-2.0,1.75,0.0,-2.0
seed-12033-pa-0.65-pb-0.35,seed-12033-pa-0.65-pb-0.35:0,bandit,0,4.203889734292549,3.181680162779613,0.5,0.5,0.0,0.0,0.0,0.5,0.0,0.0
seed-12033-pa-0.65-pb-0.35,seed-12033-pa-0.65-pb-0.35:1,bandit,1,4.42870067827652,4.047057253214244,1.3333333333333337,1.3333333333333337,0.0,0.0,3.0,1.3333333333333337,0.0,3.0
seed-12033-pa-0.65-pb-0.35,seed-12033-pa-0.65-pb-0.35:2,bandit,2,3.6368710061149017,2.7381370135275556,0.5,0.5,0.0,0.0,-2.0,0.5,0.0,-2.0
seed-12033-pa-0.65-pb-0.35,seed-12033-pa-0.65-pb-0.35:3,bandit,3,4.71393946547494,3.967032306591626,1.0,1.0,0.0,0.0,3.0,1.0,0.0,3.0
seed-12033-pa-0.65-pb-0.35,seed-12033-pa-0.65-pb-0.35:4,bandit,4,3.8288897342925488,4.047057253214244,1.3333333333333337,1.3333333333333337,0.0,0.0,3.0,1.3333333333333337,0.0,3.0
seed-12033-pa-0.65-pb-0.35,seed-12033-pa-0.65-pb-0.35:5,bandit,5,3.686967589003199,4.104217929373256,1.5714285714285716,1.5714285714285716,0.0,0.0,3.0,1.5714285714285716,0.0,3.0
seed-12033-pa-0.65-pb-0.35,seed-12033-pa-0.65-pb-0.35:6,bandit,6,2.92974463538566,2.8881837884449633,1.125,1.125,0.0,0.0,-2.0,1.125,0.0,-2.0
seed-12033-pa-0.65-pb-0.35,seed-12033-pa-0.65-pb-0.35:7,bandit,7,1.951413277982752,2.8048244690464035,0.7777777777777777,0.7777777777777777,0.0,0.0,-2.0,0.7777777777777777,0.0,-2.0
seed-12033-pa-0.65-pb-0.35,seed-12033-pa-0.65-pb-0.35:8,bandit,8,3.92358735157374,3.967032306591626,1.0,1.0,0.0,0.0,3.0,1.0,0.0,3.0
seed-12033-pa-0.65-pb-0.35,seed-12033-pa-0.65-pb-0.35:9,bandit,9,3.6949361996449746,4.01068227747669,1.1818181818181817,1.1818181818181817,0.0,0.0,3.0,1.1818181818181817,0.0,3.0
seed-12033-pa-0.65-pb-0.35,seed-12033-pa-0.65-pb-0.35:10,bandit,10,4.52975041827262,4.047057253214244,1.3333333333333337,1.3333333333333337,0.0,0.0,3.0,1.3333333333333337,0.0,3.0
seed-12033-pa-0.65-pb-0.35,seed-12033-pa-0.65-pb-0.35:11,bandit,11,4.27975041827262,4.077836078838327,1.4615384615384617,1.4615384615384617,0.0,0.0,3.0,1.4615384615384617,0.0,3.0
seed-12033-pa-0.65-pb-0.35,seed-12033-pa-0.65-pb-0.35:12,bandit,12,3.3199361996449746,2.909619042004593,1.2142857142857144,1.2142857142857144,0.0,0.0,-2.0,1.2142857142857144,0.0,-2.0
seed-12033-pa-0.65-pb-0.35,seed-12033-pa-0.65-pb-0.35:13,bandit,13,4.0380413716877825,4.047057253214244,1.3333333333333337,1.3333333333333337,0.0,0.0,3.0,1.3333333333333337,0.0,3.0
seed-12033-pa-0.65-pb-0.35,seed-12033-pa-0.65-pb-0.35:14,bandit,14,4.15864569998304,4.072065049033812,1.4375,1.4375,0.0,0.0,3.0,1.4375,0.0,3.0
seed-12033-pa-0.65-pb-0.35,seed-12033-pa-0.65-pb-0.35:15,bandit,15,3.79858735157374,2.914662631077447,1.2352941176470589,1.2352941176470589,0.0,0.0,-2.0,1.2352941176470589,0.0,-2.0
seed-12033-pa-0.65-pb-0.35,seed-12033-pa-0.65-pb-0.35:16,bandit,16,3.0429990792290873,2.871511924565251,1.0555555555555554,1.0555555555555554,0.0,0.0,-2.0,1.0555555555555554,0.0,-2.0
seed-12033-pa-0.65-pb-0.35,seed-12033-pa-0.65-pb-0.35:17,bandit,17,4.643149927917811,4.004938860254971,1.1578947368421053,1.1578947368421053,0.0,0.0,3.0,1.1578947368421053,0.0,3.0
seed-12033-pa-0.65-pb-0.35,seed-12033-pa-0.65-pb-0.35:18,bandit,18,4.151300195186874,4.027051016558589,1.25,1.25,0.0,0.0,3.0,1.25,0.0,3.0
seed-12033-pa-0.65-pb-0.35,seed-12033-pa-0.65-pb-0.35:19,bandit,19,4.251929081345374,2.9181931434284447,1.25,1.25,0.0,0.0,-2.0,1.25,0.0,-2.0
seed-12033-pa-0.65-pb-0.35,seed-12033-pa-0.65-pb-0.35:20,bandit,20,4.328889734292549,2.8810387039250864,1.0952380952380951,1.0952380952380951,0.0,0.0,-2.0,1.0952380952380951,0.0,-2.0
seed-12033-pa-0.65-pb-0.35,seed-12033-pa-0.65-pb-0.35:21,bandit,21,5.54858735157374,4.01068227747669,1.1818181818181817,1.1818181818181817,0.0,0.0,3.0,1.1818181818181817,0.0,3.0
seed-12033-pa-0.65-pb-0.35,seed-12033-pa-0.65-pb-0.35:22,bandit,22,4.929882179158078,4.0296605256875875,1.2608695652173911,1.2608695652173911,0.0,0.0,3.0,1.2608695652173911,0.0,3.0
seed-12033-pa-0.65-pb-0.35,seed-12033-pa-0.65-pb-0.35:23,bandit,23,5.15475041827262,4.047057253214244,1.3333333333333337,1.3333333333333337,0.0,0.0,3.0,1.3333333333333337,0.0,3.0
seed-12033-pa-0.65-pb-0.35,seed-12033-pa-0.65-pb-0.35:24,bandit,24,5.03364569998304,4.063062242538767,1.4,1.4,0.0,0.0,3.0,1.4,0.0,3.0
seed-12033-pa-0.65-pb-0.35,seed-12033-pa-0.65-pb-0.35:25,bandit,25,5.03364569998304,4.077836078838327,1.4615384615384617,1.4615384615384617,0.0,0.0,3.0,1.4615384615384617,0.0,3.0
seed-12033-pa-0.65-pb-0.35,seed-12033-pa-0.65-pb-0.35:26,bandit,26,4.7880413716877825,4.091515556893476,1.5185185185185186,1.5185185185185186,0.0,0.0,3.0,1.5185185185185186,0.0,3.0
seed-12033-pa-0.65-pb-0.35,seed-12033-pa-0.65-pb-0.35:27,bandit,27,4.679882179158078,2.952489549123852,1.3928571428571428,1.3928571428571428,0.0,0.0,-2.0,1.3928571428571428,0.0,-2.0
seed-12033-pa-0.65-pb-0.35,seed-12033-pa-0.65-pb-0.35:28,bandit,28,5.28364569998304,4.074652062394456,1.4482758620689653,1.4482758620689653,0.0,0.0,3.0,1.4482758620689653,0.0,3.0
seed-12033-pa-0.65-pb-0.35,seed-12033-pa-0.65-pb-0.35:29,bandit,29,5.0380413716877825,4.087069726525552,1.5,1.5,0.0,0.0,3.0,1.5,0.0,3.0
seed-12033-pa-0.65-pb-0.35,seed-12033-pa-0.65-pb-0.35:30,bandit,30,5.273245464372426,4.0986862510352875,1.5483870967741935,1.5483870967741935,0.0,0.0,3.0,1.5483870967741935,0.0,3.0
seed-12033-pa-0.65-pb-0.35,seed-12033-pa-0.65-pb-0.35:31,bandit,31,5.148245464372426,4.1095767427631635,1.59375,1.59375,0.0,0.0,3.0,1.59375,0.0,3.0
seed-12033-pa-0.65-pb-0.35,seed-12033-pa-0.65-pb-0.35:32,bandit,32,5.026300195186874,4.119807204689351,1.6363636363636362,1.6363636363636362,0.0,0.0,3.0,1.6363636363636362,0.0,3.0
seed-12033-pa-0.65-pb-0.35,seed-12033-pa-0.65-pb-0.35:33,bandit,33,4.901300195186874,4.129435874737526,1.676470588235294,1.676470588235294,0.0,0.0,3.0,1.676470588235294,0.0,3.0
seed-12033-pa-0.65-pb-0.35,seed-12033-pa-0.65-pb-0.35:34,bandit,34,5.026300195186874,4.138514335068663,1.7142857142857144,1.7142857142857144,0.0,0.0,3.0,1.7142857142857144,0.0,3.0
seed-12033-pa-0.65-pb-0.35,seed-12033-pa-0.65-pb-0.35:35,bandit,35,5.02975041827262,4.147088436492515,1.75,1.75,0.0,0.0,3.0,1.75,0.0,3.0
seed-12033-pa-0.65-pb-0.35,seed-12033-pa-0.65-pb-0.35:36,bandit,36,5.023245464372426,4.155199072974538,1.7837837837837838,1.7837837837837838,0.0,0.0,3.0,1.7837837837837838,0.0,3.0
seed-12033-pa-0.65-pb-0.35,seed-12033-pa-0.65-pb-0.35:37,bandit,37,4.898245464372426,4.162882833852242,1.8157894736842104,1.8157894736842104,0.0,0.0,3.0,1.8157894736842104,0.0,3.0
seed-12035-pa-0.35-pb-0.35,seed-12035-pa-0.35-pb-0.35:0,bandit,0,4.203889734292549,3.181680162779613,0.5,0.5,0.0,0.0,0.0,0.5,0.0,0.0
seed-12035-pa-0.35-pb-0.35,seed-12035-pa-0.35-pb-0.35:1,bandit,1,3.849076984180108,2.7381370135275556,0.5,0.5,0.0,0.0,-2.0,0.5,0.0,-2.0
seed-12035-pa-0.35-pb-0.35,seed-12035-pa-0.35-pb-0.35:2,bandit,2,1.2575990353171704,2.7381370135275556,0.5,0.5,0.0,0.0,-2.0,0.5,0.0,-2.0
seed-12039-pa-0.50-pb-0.65,seed-12039-pa-0.50-pb-0.65:0,bandit,0,4.203889734292549,3.181680162779613,0.5,0.5,0.0,0.0,0.0,0.5,0.0,0.0
seed-12039-pa-0.50-pb-0.65,seed-12039-pa-0.50-pb-0.65:1,bandit,1,3.849076984180108,2.7381370135275556,0.5,0.5,0.0,0.0,-2.0,0.5,0.0,-2.0
seed-12039-pa-0.50-pb-0.65,seed-12039-pa-0.50-pb-0.65:2,bandit,2,4.350412651601648,3.8469948866576997,0.5,0.5,0.0,0.0,3.0,0.5,0.0,3.0
seed-12039-pa-0.50-pb-0.65,seed-12039-pa-0.50-pb-0.65:3,bandit,3,2.7731232641398407,2.7381370135275556,0.5,0.5,0.0,0.0,-2.0,0.5,0.0,-2.0
seed-12039-pa-0.50-pb-0.65,seed-12039-pa-0.50-pb-0.65:4,bandit,4,3.376928011042974,3.8469948866576997,0.5,0.5,0.0,0.0,3.0,0.5,0.0,3.0
seed-12039-pa-0.50-pb-0.65,seed-12039-pa-0.50-pb-0.65:5,bandit,5,3.1128222787715707,3.9327359008962186,0.8571428571428572,0.8571428571428572,0.0,0.0,3.0,0.8571428571428572,0.0,3.0
seed-12039-pa-0.50-pb-0.65,seed-12039-pa-0.50-pb-0.65:6,bandit,6,3.429882179158078,3.997041661575108,1.125,1.125,0.0,0.0,3.0,1.125,0.0,3.0
seed-12039-pa-0.50-pb-0.65,seed-12039-pa-0.50-pb-0.65:7,bandit,7,3.017675057605601,2.8048244690464035,0.7777777777777777,0.7777777777777777,0.0,0.0,-2.0,0.7777777777777777,0.0,-2.0
seed-12039-pa-0.50-pb-0.65,seed-12039-pa-0.50-pb-0.65:8,bandit,8,1.8504126516016477,2.7381370135275556,0.5,0.5,0.0,0.0,-2.0,0.5,0.0,-2.0
seed-12039-pa-0.50-pb-0.65,seed-12039-pa-0.50-pb-0.65:9,bandit,9,4.892675057605601,4.047057253214244,1.3333333333333337,1.3333333333333337,0.0,0.0,3.0,1.3333333333333337,0.0,3.0
seed-12039-pa-0.50-pb-0.65,seed-12039-pa-0.50-pb-0.65:10,bandit,10,4.350206558916746,4.047057253214244,1.3333333333333337,1.3333333333333337,0.0,0.0,3.0,1.3333333333333337,0.0,3.0
seed-12039-pa-0.50-pb-0.65,seed-12039-pa-0.50-pb-0.65:11,bandit,11,3.975412651601648,2.9381993800840993,1.3333333333333337,1.3333333333333337,0.0,0.0,-2.0,1.3333333333333337,0.0,-2.0
seed-12039-pa-0.50-pb-0.65,seed-12039-pa-0.50-pb-0.65:12,bandit,12,2.974076984180108,2.9381993800840993,1.3333333333333337,1.3333333333333337,0.0,0.0,-2.0,1.3333333333333337,0.0,-2.0
seed-12039-pa-0.50-pb-0.65,seed-12039-pa-0.50-pb-0.65:13,bandit,13,4.828889734292549,4.047057253214244,1.3333333333333337,1.3333333333333337,0.0,0.0,3.0,1.3333333333333337,0.0,3.0
seed-12039-pa-0.50-pb-0.65,seed-12039-pa-0.50-pb-0.65:14,bandit,14,4.436967589003199,4.047057253214244,1.3333333333333337,1.3333333333333337,0.0,0.0,3.0,1.3333333333333337,0.0,3.0
seed-12039-pa-0.50-pb-0.65,seed-12039-pa-0.50-pb-0.65:15,bandit,15,4.667999079229087,4.047057253214244,1.3333333333333337,1.3333333333333337,0.0,0.0,3.0,1.3333333333333337,0.0,3.0
seed-12039-pa-0.50-pb-0.65,seed-12039-pa-0.50-pb-0.65:16,bandit,16,4.4130413716877825,4.047057253214244,1.3333333333333337,1.3333333333333337,0.0,0.0,3.0,1.3333333333333337,0.0,3.0
seed-12039-pa-0.50-pb-0.65,seed-12039-pa-0.50-pb-0.65:17,bandit,17,4.4130413716877825,4.047057253214244,1.3333333333333337,1.3333333333333337,0.0,0.0,3.0,1.3333333333333337,0.0,3.0
seed-12039-pa-0.50-pb-0.65,seed-12039-pa-0.50-pb-0.65:18,bandit,18,4.001928011042974,2.9381993800840993,1.3333333333333337,1.3333333333333337,0.0,0.0,-2.0,1.3333333333333337,0.0,-2.0
seed-12039-pa-0.50-pb-0.65,seed-12039-pa-0.50-pb-0.65:19,bandit,19,4.792999079229087,4.047057253214244,1.3333333333333337,1.3333333333333337,0.0,0.0,3.0,1.3333333333333337,0.0,3.0
seed-12039-pa-0.50-pb-0.65,seed-12039-pa-0.50-pb-0.65:20,bandit,20,4.7880413716877825,4.047057253214244,1.3333333333333337,1.3333333333333337,0.0,0.0,3.0,1.3333333333333337,0.0,3.0
seed-12039-pa-0.50-pb-0.65,seed-12039-pa-0.50-pb-0.65:21,bandit,21,4.578889734292549,2.9381993800840993,1.3333333333333337,1.3333333333333337,0.0,0.0,-2.0,1.3333333333333337,0.0,-2.0
seed-12039-pa-0.50-pb-0.65,seed-12039-pa-0.50-pb-0.65:22,bandit,22,5.15864569998304,4.047057253214244,1.3333333333333337,1.3333333333333337,0.0,0.0,3.0,1.3333333333333337,0.0,3.0
seed-12039-pa-0.50-pb-0.65,seed-12039-pa-0.50-pb-0.65:23,bandit,23,4.21393946547494,2.9381993800840993,1.3333333333333337,1.3333333333333337,0.0,0.0,-2.0,1.3333333333333337,0.0,-2.0
seed-12039-pa-0.50-pb-0.65,seed-12039-pa-0.50-pb-0.65:24,bandit,24,3.767675057605601,2.9381993800840993,1.3333333333333337,1.3333333333333337,0.0,0.0,-2.0,1.3333333333333337,0.0,-2.0
seed-12039-pa-0.50-pb-0.65,seed-12039-pa-0.50-pb-0.65:25,bandit,25,5.401300195186874,4.047057253214244,1.3333333333333337,1.3333333333333337,0.0,0.0,3.0,1.3333333333333337,0.0,3.0
seed-12039-pa-0.50-pb-0.65,seed-12039-pa-0.50-pb-0.65:26,bandit,26,4.33893946547494,2.9381993800840993,1.3333333333333337,1.3333333333333337,0.0,0.0,-2.0,1.3333333333333337,0.0,-2.0
seed-12039-pa-0.50-pb-0.65,seed-12039-pa-0.50-pb-0.65:27,bandit,27,3.6128222787715703,2.9381993800840993,1.3333333333333337,1.3333333333333337,0.0,0.0,-2.0,1.3333333333333337,0.0,-2.0
seed-12039-pa-0.50-pb-0.65,seed-12039-pa-0.50-pb-0.65:28,bandit,28,3.71393946547494,2.9381993800840993,1.3333333333333337,1.3333333333333337,0.0,0.0,-2.0,1.3333333333333337,0.0,-2.0
seed-12039-pa-0.50-pb-0.65,seed-12039-pa-0.50-pb-0.65:29,bandit,29,3.58893946547494,2.9381993800840993,1.3333333333333337,1.3333333333333337,0.0,0.0,-2.0,1.3333333333333337,0.0,-2.0
seed-12039-pa-0.50-pb-0.65,seed-12039-pa-0.50-pb-0.65:30,bandit,30,5.02975041827262,4.047057253214244,1.3333333333333337,1.3333333333333337,0.0,0.0,3.0,1.3333333333333337,0.0,3.0
seed-12039-pa-0.50-pb-0.65,seed-12039-pa-0.50-pb-0.65:31,bandit,31,4.21393946547494,2.9381993800840993,1.3333333333333337,1.3333333333333337,0.0,0.0,-2.0,1.3333333333333337,0.0,-2.0
seed-12039-pa-0.50-pb-0.65,seed-12039-pa-0.50-pb-0.65:32,bandit,32,4.90475041827262,4.047057253214244,1.3333333333333337,1.3333333333333337,0.0,0.0,3.0,1.3333333333333337,0.0,3.0
seed-12039-pa-0.50-pb-0.65,seed-12039-pa-0.50-pb-0.65:33,bandit,33,4.895541900901097,4.047057253214244,1.3333333333333337,1.3333333333333337,0.0,0.0,3.0,1.3333333333333337,0.0,3.0
seed-12039-pa-0.50-pb-0.65,seed-12039-pa-0.50-pb-0.65:34,bandit,34,4.9130413716877825,2.9381993800840993,1.3333333333333337,1.3333333333333337,0.0,0.0,-2.0,1.3333333333333337,0.0,-2.0
seed-12039-pa-0.50-pb-0.65,seed-12039-pa-0.50-pb-0.65:35,bandit,35,4.0699361996449746,2.9381993800840993,1.3333333333333337,1.3333333333333337,0.0,0.0,-2.0,1.3333333333333337,0.0,-2.0
seed-12039-pa-0.50-pb-0.65,seed-12039-pa-0.50-pb-0.65:36,bandit,36,5.273245464372426,4.047057253214244,1.3333333333333337,1.3333333333333337,0.0,0.0,3.0,1.3333333333333337,0.0,3.0
seed-12039-pa-0.50-pb-0.65,seed-12039-pa-0.50-pb-0.65:37,bandit,37,4.792999079229087,2.9381993800840993,1.3333333333333337,1.3333333333333337,0.0,0.0,-2.0,1.3333333333333337,0.0,-2.0
seed-12039-pa-0.50-pb-0.65,seed-12039-pa-0.50-pb-0.65:38,bandit,38,5.270541900901097,4.047057253214244,1.3333333333333337,1.3333333333333337,0.0,0.0,3.0,1.3333333333333337,0.0,3.0
seed-12039-pa-0.50-pb-0.65,seed-12039-pa-0.50-pb-0.65:39,bandit,39,4.78364569998304,2.9381993800840993,1.3333333333333337,1.3333333333333337,0.0,0.0,-2.0,1.3333333333333337,0.0,-2.0
seed-12039-pa-0.50-pb-0.65,seed-12039-pa-0.50-pb-0.65:40,bandit,40,5.520541900901097,4.047057253214244,1.3333333333333337,1.3333333333333337,0.0,0.0,3.0,1.3333333333333337,0.0,3.0
seed-12039-pa-0.50-pb-0.65,seed-12039-pa-0.50-pb-0.65:41,bandit,41,5.268149927917811,4.047057253214244,1.3333333333333337,1.3333333333333337,0.0,0.0,3.0,1.3333333333333337,0.0,3.0
seed-12039-pa-0.50-pb-0.65,seed-12039-pa-0.50-pb-0.65:42,bandit,42,5.27975041827262,2.9381993800840993,1.3333333333333337,1.3333333333333337,0.0,0.0,-2.0,1.3333333333333337,0.0,-2.0
seed-12039-pa-0.50-pb-0.65,seed-12039-pa-0.50-pb-0.65:43,bandit,43,5.273245464372426,4.047057253214244,1.3333333333333337,1.3333333333333337,0.0,0.0,3.0,1.3333333333333337,0.0,3.0
seed-12039-pa-0.50-pb-0.65,seed-12039-pa-0.50-pb-0.65:44,bandit,44,4.7880413716877825,2.9381993800840993,1.3333333333333337,1.3333333333333337,0.0,0.0,-2.0,1.3333333333333337,0.0,-2.0
seed-12039-pa-0.50-pb-0.65,seed-12039-pa-0.50-pb-0.65:45,bandit,45,4.7880413716877825,2.9381993800840993,1.3333333333333337,1.3333333333333337,0.0,0.0,-2.0,1.3333333333333337,0.0,-2.0
seed-12039-pa-0.50-pb-0.65,seed-12039-pa-0.50-pb-0.65:46,bandit,46,5.768149927917811,4.047057253214244,1.3333333333333337,1.3333333333333337,0.0,0.0,3.0,1.3333333333333337,0.0,3.0
seed-12039-pa-0.50-pb-0.65,seed-12039-pa-0.50-pb-0.65:47,bandit,47,5.398245464372426,4.047057253214244,1.3333333333333337,1.3333333333333337,0.0,0.0,3.0,1.3333333333333337,0.0,3.0
seed-12039-pa-0.50-pb-0.65,seed-12039-pa-0.50-pb-0.65:48,bandit,48,5.516034256080317,4.047057253214244,1.3333333333333337,1.3333333333333337,0.0,0.0,3.0,1.3333333333333337,0.0,3.0
seed-12039-pa-0.50-pb-0.65,seed-12039-pa-0.50-pb-0.65:49,bandit,49,5.512509570276173,4.047057253214244,1.3333333333333337,1.3333333333333337,0.0,0.0,3.0,1.3333333333333337,0.0,3.0
seed-12039-pa-0.50-pb-0.65,seed-12039-pa-0.50-pb-0.65:50,bandit,50,5.266034256080317,4.047057253214244,1.3333333333333337,1.3333333333333337,0.0,0.0,3.0,1.3333333333333337,0.0,3.0
seed-12039-pa-0.50-pb-0.65,seed-12039-pa-0.50-pb-0.65:51,bandit,51,5.395541900901097,2.9381993800840993,1.3333333333333337,1.3333333333333337,0.0,0.0,-2.0,1.3333333333333337,0.0,-2.0
seed-12039-pa-0.50-pb-0.65,seed-12039-pa-0.50-pb-0.65:52,bandit,52,4.29858735157374,2.9381993800840993,1.3333333333333337,1.3333333333333337,0.0,0.0,-2.0,1.3333333333333337,0.0,-2.0
seed-12039-pa-0.50-pb-0.65,seed-12039-pa-0.50-pb-0.65:53,bandit,53,5.643149927917811,4.047057253214244,1.3333333333333337,1.3333333333333337,0.0,0.0,3.0,1.3333333333333337,0.0,3.0
seed-12039-pa-0.50-pb-0.65,seed-12039-pa-0.50-pb-0.65:54,bandit,54,5.03364569998304,2.9381993800840993,1.3333333333333337,1.3333333333333337,0.0,0.0,-2.0,1.3333333333333337,0.0,-2.0
seed-12039-pa-0.50-pb-0.65,seed-12039-pa-0.50-pb-0.65:55,bandit,55,5.643149927917811,4.047057253214244,1.3333333333333337,1.3333333333333337,0.0,0.0,3.0,1.3333333333333337,0.0,3.0
seed-12039-pa-0.50-pb-0.65,seed-12039-pa-0.50-pb-0.65:56,bandit,56,5.151300195186874,2.9381993800840993,1.3333333333333337,1.3333333333333337,0.0,0.0,-2.0,1.3333333333333337,0.0,-2.0
seed-12039-pa-0.50-pb-0.65,seed-12039-pa-0.50-pb-0.65:57,bandit,57,5.02975041827262,2.9381993800840993,1.3333333333333337,1.3333333333333337,0.0,0.0,-2.0,1.3333333333333337,0.0,-2.0
seed-12039-pa-0.50-pb-0.65,seed-12039-pa-0.50-pb-0.65:58,bandit,58,5.762509570276173,4.047057253214244,1.3333333333333337,1.3333333333333337,0.0,0.0,3.0,1.3333333333333337,0.0,3.0
seed-12039-pa-0.50-pb-0.65,seed-12039-pa-0.50-pb-0.65:59,bandit,59,5.151300195186874,2.9381993800840993,1.3333333333333337,1.3333333333333337,0.0,0.0,-2.0,1.3333333333333337,0.0,-2.0
seed-12039-pa-0.50-pb-0.65,seed-12039-pa-0.50-pb-0.65:60,bandit,60,5.026300195186874,2.9381993800840993,1.3333333333333337,1.3333333333333337,0.0,0.0,-2.0,1.3333333333333337,0.0,-2.0
seed-12039-pa-0.50-pb-0.65,seed-12039-pa-0.50-pb-0.65:61,bandit,61,5.887509570276173,4.047057253214244,1.3333333333333337,1.3333333333333337,0.0,0.0,3.0,1.3333333333333337,0.0,3.0
seed-12039-pa-0.50-pb-0.65,seed-12039-pa-0.50-pb-0.65:62,bandit,62,5.523245464372426,2.9381993800840993,1.3333333333333337,1.3333333333333337,0.0,0.0,-2.0,1.3333333333333337,0.0,-2.0
seed-12039-pa-0.50-pb-0.65,seed-12039-pa-0.50-pb-0.65:63,bandit,63,5.148245464372426,2.9381993800840993,1.3333333333333337,1.3333333333333337,0.0,0.0,-2.0,1.3333333333333337,0.0,-2.0
seed-12039-pa-0.50-pb-0.65,seed-12039-pa-0.50-pb-0.65:64,bandit,64,4.776300195186874,2.9381993800840993,1.3333333333333337,1.3333333333333337,0.0,0.0,-2.0,1.3333333333333337,0.0,-2.0
seed-12039-pa-0.50-pb-0.65,seed-12039-pa-0.50-pb-0.65:65,bandit,65,5.636047744848593,4.047057253214244,1.3333333333333337,1.3333333333333337,0.0,0.0,3.0,1.3333333333333337,0.0,3.0
seed-12039-pa-0.50-pb-0.65,seed-12039-pa-0.50-pb-0.65:66,bandit,66,5.145541900901097,2.9381993800840993,1.3333333333333337,1.3333333333333337,0.0,0.0,-2.0,1.3333333333333337,0.0,-2.0
seed-12039-pa-0.50-pb-0.65,seed-12039-pa-0.50-pb-0.65:67,bandit,67,4.895541900901097,2.9381993800840993,1.3333333333333337,1.3333333333333337,0.0,0.0,-2.0,1.3333333333333337,0.0,-2.0
seed-12039-pa-0.50-pb-0.65,seed-12039-pa-0.50-pb-0.65:68,bandit,68,4.523245464372426,2.9381993800840993,1.3333333333333337,1.3333333333333337,0.0,0.0,-2.0,1.3333333333333337,0.0,-2.0
seed-12039-pa-0.50-pb-0.65,seed-12039-pa-0.50-pb-0.65:69,bandit,69,5.65864569998304,4.147088436492515,1.75,1.75,0.0,0.0,3.0,1.75,0.0,3.0
seed-12039-pa-0.50-pb-0.65,seed-12039-pa-0.50-pb-0.65:70,bandit,70,5.518149927917811,4.147088436492515,1.75,1.75,0.0,0.0,3.0,1.75,0.0,3.0
seed-12039-pa-0.50-pb-0.65,seed-12039-pa-0.50-pb-0.65:71,bandit,71,5.78364569998304,3.038230563362371,1.75,1.75,0.0,0.0,-2.0,1.75,0.0,-2.0
seed-12039-pa-0.50-pb-0.65,seed-12039-pa-0.50-pb-0.65:72,bandit,72,4.929882179158078,3.038230563362371,1.75,1.75,0.0,0.0,-2.0,1.75,0.0,-2.0
seed-12039-pa-0.50-pb-0.65,seed-12039-pa-0.50-pb-0.65:73,bandit,73,6.014163456931506,4.147088436492515,1.75,1.75,0.0,0.0,3.0,1.75,0.0,3.0
seed-12039-pa-0.50-pb-0.65,seed-12039-pa-0.50-pb-0.65:74,bandit,74,5.65475041827262,3.038230563362371,1.75,1.75,0.0,0.0,-2.0,1.75,0.0,-2.0
seed-12039-pa-0.50-pb-0.65,seed-12039-pa-0.50-pb-0.65:75,bandit,75,6.012509570276173,4.147088436492515,1.75,1.75,0.0,0.0,3.0,1.75,0.0,3.0
seed-12039-pa-0.50-pb-0.65,seed-12039-pa-0.50-pb-0.65:76,bandit,76,5.526300195186874,3.038230563362371,1.75,1.75,0.0,0.0,-2.0,1.75,0.0,-2.0
seed-12039-pa-0.50-pb-0.65,seed-12039-pa-0.50-pb-0.65:77,bandit,77,5.764163456931506,4.147088436492515,1.75,1.75,0.0,0.0,3.0,1.75,0.0,3.0
seed-12039-pa-0.50-pb-0.65,seed-12039-pa-0.50-pb-0.65:78,bandit,78,5.639163456931506,4.147088436492515,1.75,1.75,0.0,0.0,3.0,1.75,0.0,3.0
seed-12039-pa-0.50-pb-0.65,seed-12039-pa-0.50-pb-0.65:79,bandit,79,5.761047744848593,4.147088436492515,1.75,1.75,0.0,0.0,3.0,1.75,0.0,3.0
seed-12039-pa-0.50-pb-0.65,seed-12039-pa-0.50-pb-0.65:80,bandit,80,5.648245464372426,3.038230563362371,1.75,1.75,0.0,0.0,-2.0,1.75,0.0,-2.0
seed-12039-pa-0.50-pb-0.65,seed-12039-pa-0.50-pb-0.65:81,bandit,81,6.016034256080317,4.147088436492515,1.75,1.75,0.0,0.0,3.0,1.75,0.0,3.0
seed-12039-pa-0.50-pb-0.65,seed-12039-pa-0.50-pb-0.65:82,bandit,82,5.40864569998304,3.038230563362371,1.75,1.75,0.0,0.0,-2.0,1.75,0.0,-2.0
seed-12039-pa-0.50-pb-0.65,seed-12039-pa-0.50-pb-0.65:83,bandit,83,5.1630413716877825,3.038230563362371,1.75,1.75,0.0,0.0,-2.0,1.75,0.0,-2.0
seed-12039-pa-0.50-pb-0.65,seed-12039-pa-0.50-pb-0.65:84,bandit,84,5.04858735157374,3.038230563362371,1.75,1.75,0.0,0.0,-2.0,1.75,0.0,-2.0
seed-12039-pa-0.50-pb-0.65,seed-12039-pa-0.50-pb-0.65:85,bandit,85,4.929882179158078,3.038230563362371,1.75,1.75,0.0,0.0,-2.0,1.75,0.0,-2.0
seed-12039-pa-0.50-pb-0.65,seed-12039-pa-0.50-pb-0.65:86,bandit,86,4.92358735157374,3.038230563362371,1.75,1.75,0.0,0.0,-2.0,1.75,0.0,-2.0
seed-12039-pa-0.50-pb-0.65,seed-12039-pa-0.50-pb-0.65:87,bandit,87,4.79858735157374,3.038230563362371,1.75,1.75,0.0,0.0,-2.0,1.75,0.0,-2.0
seed-12039-pa-0.50-pb-0.65,seed-12039-pa-0.50-pb-0.65:88,bandit,88,5.891034256080317,4.147088436492515,1.75,1.75,0.0,0.0,3.0,1.75,0.0,3.0
seed-12039-pa-0.50-pb-0.65,seed-12039-pa-0.50-pb-0.65:89,bandit,89,5.523245464372426,4.147088436492515,1.75,1.75,0.0,0.0,3.0,1.75,0.0,3.0
seed-12039-pa-0.50-pb-0.65,seed-12039-pa-0.50-pb-0.65:90,bandit,90,5.776300195186874,3.038230563362371,1.75,1.75,0.0,0.0,-2.0,1.75,0.0,-2.0
seed-12039-pa-0.50-pb-0.65,seed-12039-pa-0.50-pb-0.65:91,bandit,91,5.292999079229087,3.038230563362371,1.75,1.75,0.0,0.0,-2.0,1.75,0.0,-2.0
seed-12039-pa-0.50-pb-0.65,seed-12039-pa-0.50-pb-0.65:92,bandit,92,5.15864569998304,3.038230563362371,1.75,1.75,0.0,0.0,-2.0,1.75,0.0,-2.0
seed-12039-pa-0.50-pb-0.65,seed-12039-pa-0.50-pb-0.65:93,bandit,93,5.15864569998304,3.038230563362371,1.75,1.75,0.0,0.0,-2.0,1.75,0.0,-2.0
seed-12039-pa-0.50-pb-0.65,seed-12039-pa-0.50-pb-0.65:94,bandit,94,5.15864569998304,3.038230563362371,1.75,1.75,0.0,0.0,-2.0,1.75,0.0,-2.0
seed-12039-pa-0.50-pb-0.65,seed-12039-pa-0.50-pb-0.65:95,bandit,95,4.917999079229087,3.038230563362371,1.75,1.75,0.0,0.0,-2.0,1.75,0.0,-2.0
seed-12039-pa-0.50-pb-0.65,seed-12039-pa-0.50-pb-0.65:96,bandit,96,4.9130413716877825,3.038230563362371,1.75,1.75,0.0,0.0,-2.0,1.75,0.0,-2.0
seed-12039-pa-0.50-pb-0.65,seed-12039-pa-0.50-pb-0.65:97,bandit,97,4.7880413716877825,3.038230563362371,1.75,1.75,0.0,0.0,-2.0,1.75,0.0,-2.0
seed-12039-pa-0.50-pb-0.65,seed-12039-pa-0.50-pb-0.65:98,bandit,98,5.391034256080317,4.147088436492515,1.75,1.75,0.0,0.0,3.0,1.75,0.0,3.0
seed-12039-pa-0.50-pb-0.65,seed-12039-pa-0.50-pb-0.65:99,bandit,99,5.40864569998304,3.038230563362371,1.75,1.75,0.0,0.0,-2.0,1.75,0.0,-2.0
seed-12043-pa-0.35-pb-0.50,seed-12043-pa-0.35-pb-0.50:0,bandit,0,4.203889734292549,3.181680162779613,0.5,0.5,0.0,0.0,0.0,0.5,0.0,0.0
seed-12043-pa-0.35-pb-0.50,seed-12043-pa-0.35-pb-0.50:1,bandit,1,3.849076984180108,2.7381370135275556,0.5,0.5,0.0,0.0,-2.0,0.5,0.0,-2.0
seed-12043-pa-0.35-pb-0.50,seed-12043-pa-0.35-pb-0.50:2,bandit,2,4.350412651601648,3.8469948866576997,0.5,0.5,0.0,0.0,3.0,0.5,0.0,3.0
seed-12043-pa-0.35-pb-0.50,seed-12043-pa-0.35-pb-0.50:3,bandit,3,4.21393946547494,3.967032306591626,1.0,1.0,0.0,0.0,3.0,1.0,0.0,3.0
seed-12043-pa-0.35-pb-0.50,seed-12043-pa-0.35-pb-0.50:4,bandit,4,2.7254126516016477,2.7381370135275556,0.5,0.5,0.0,0.0,-2.0,0.5,0.0,-2.0
seed-12043-pa-0.35-pb-0.50,seed-12043-pa-0.35-pb-0.50:5,bandit,5,1.6368710061149017,2.7381370135275556,0.5,0.5,0.0,0.0,-2.0,0.5,0.0,-2.0
seed-12048-pa-0.20-pb-0.50,seed-12048-pa-0.20-pb-0.50:0,bandit,0,4.203889734292549,3.181680162779613,0.5,0.5,0.0,0.0,0.0,0.5,0.0,0.0
seed-12048-pa-0.20-pb-0.50,seed-12048-pa-0.20-pb-0.50:1,bandit,1,3.0075990353171704,2.7381370135275556,0.5,0.5,0.0,0.0,-2.0,0.5,0.0,-2.0
seed-12048-pa-0.20-pb-0.50,seed-12048-pa-0.20-pb-0.50:2,bandit,2,0.1882616875182243,2.538074646971012,-0.3333333333333332,-0.3333333333333332,0.0,0.0,-2.0,-0.3333333333333332,0.0,-2.0
seed-12073-pa-0.35-pb-0.65,seed-12073-pa-0.35-pb-0.65:0,bandit,0,4.203889734292549,3.181680162779613,0.5,0.5,0.0,0.0,0.0,0.5,0.0,0.0
seed-12073-pa-0.35-pb-0.65,seed-12073-pa-0.35-pb-0.65:1,bandit,1,3.849076984180108,2.7381370135275556,0.5,0.5,0.0,0.0,-2.0,0.5,0.0,-2.0
seed-12073-pa-0.35-pb-0.65,seed-12073-pa-0.35-pb-0.65:2,bandit,2,2.71393946547494,4.047057253214244,1.3333333333333337,1.3333333333333337,0.0,0.0,3.0,1.3333333333333337,0.0,3.0
seed-12073-pa-0.35-pb-0.65,seed-12073-pa-0.35-pb-0.65:3,bandit,3,2.5231232641398407,4.147088436492515,1.75,1.75,0.0,0.0,3.0,1.75,0.0,3.0
seed-12073-pa-0.35-pb-0.65,seed-12073-pa-0.35-pb-0.65:4,bandit,4,2.3037006782765204,4.207107146459479,2.0,2.0,0.0,0.0,3.0,2.0,0.0,3.0
seed-12073-pa-0.35-pb-0.65,seed-12073-pa-0.35-pb-0.65:5,bandit,5,2.3868710061149017,4.207107146459479,2.0,2.0,0.0,0.0,3.0,2.0,0.0,3.0
seed-12073-pa-0.35-pb-0.65,seed-12073-pa-0.35-pb-0.65:6,bandit,6,1.273123264139841,2.9381993800840993,1.3333333333333337,1.3333333333333337,0.0,0.0,-2.0,1.3333333333333337,0.0,-2.0
seed-12073-pa-0.35-pb-0.65,seed-12073-pa-0.35-pb-0.65:7,bandit,7,1.023123264139841,2.8238780277660744,0.8571428571428572,0.8571428571428572,0.0,0.0,-2.0,0.8571428571428572,0.0,-2.0
seed-12073-pa-0.35-pb-0.65,seed-12073-pa-0.35-pb-0.65:8,bandit,8,3.099076984180108,3.997041661575108,1.125,1.125,0.0,0.0,3.0,1.125,0.0,3.0
seed-12073-pa-0.35-pb-0.65,seed-12073-pa-0.35-pb-0.65:9,bandit,9,1.9734445810050545,2.8048244690464035,0.7777777777777777,0.7777777777777777,0.0,0.0,-2.0,0.7777777777777777,0.0,-2.0
seed-12073-pa-0.35-pb-0.65,seed-12073-pa-0.35-pb-0.65:10,bandit,10,2.326413277982752,2.8048244690464035,0.7777777777777777,0.7777777777777777,0.0,0.0,-2.0,0.7777777777777777,0.0,-2.0
seed-12073-pa-0.35-pb-0.65,seed-12073-pa-0.35-pb-0.65:11,bandit,11,1.8868710061149017,2.8048244690464035,0.7777777777777777,0.7777777777777777,0.0,0.0,-2.0,0.7777777777777777,0.0,-2.0
seed-12073-pa-0.35-pb-0.65,seed-12073-pa-0.35-pb-0.65:12,bandit,12,2.0537006782765204,2.8048244690464035,0.7777777777777777,0.7777777777777777,0.0,0.0,-2.0,0.7777777777777777,0.0,-2.0
seed-12073-pa-0.35-pb-0.65,seed-12073-pa-0.35-pb-0.65:13,bandit,13,3.474076984180108,3.9136823421765476,0.7777777777777777,0.7777777777777777,0.0,0.0,3.0,0.7777777777777777,0.0,3.0
seed-12073-pa-0.35-pb-0.65,seed-12073-pa-0.35-pb-0.65:14,bandit,14,3.67870067827652,3.967032306591626,1.0,1.0,0.0,0.0,3.0,1.0,0.0,3.0
seed-12073-pa-0.35-pb-0.65,seed-12073-pa-0.35-pb-0.65:15,bandit,15,3.92870067827652,4.01068227747669,1.1818181818181817,1.1818181818181817,0.0,0.0,3.0,1.1818181818181817,0.0,3.0
seed-12073-pa-0.35-pb-0.65,seed-12073-pa-0.35-pb-0.65:16,bandit,16,4.011871006114902,4.047057253214244,1.3333333333333337,1.3333333333333337,0.0,0.0,3.0,1.3333333333333337,0.0,3.0
seed-12073-pa-0.35-pb-0.65,seed-12073-pa-0.35-pb-0.65:17,bandit,17,3.92870067827652,4.077836078838327,1.4615384615384617,1.4615384615384617,0.0,0.0,3.0,1.4615384615384617,0.0,3.0
seed-12073-pa-0.35-pb-0.65,seed-12073-pa-0.35-pb-0.65:18,bandit,18,4.063261687518224,4.104217929373256,1.5714285714285716,1.5714285714285716,0.0,0.0,3.0,1.5714285714285716,0.0,3.0
seed-12073-pa-0.35-pb-0.65,seed-12073-pa-0.35-pb-0.65:19,bandit,19,3.781150136248314,4.127082199836861,1.6666666666666663,1.6666666666666663,0.0,0.0,3.0,1.6666666666666663,0.0,3.0
seed-12073-pa-0.35-pb-0.65,seed-12073-pa-0.35-pb-0.65:20,bandit,20,2.6481232641398407,3.018224326706717,1.6666666666666663,1.6666666666666663,0.0,0.0,-2.0,1.6666666666666663,0.0,-2.0
seed-12073-pa-0.35-pb-0.65,seed-12073-pa-0.35-pb-0.65:21,bandit,21,2.8037006782765204,2.9632071759036673,1.4375,1.4375,0.0,0.0,-2.0,1.4375,0.0,-2.0
seed-12073-pa-0.35-pb-0.65,seed-12073-pa-0.35-pb-0.65:22,bandit,22,4.4734445810050545,4.0941307512275475,1.5294117647058822,1.5294117647058822,0.0,0.0,3.0,1.5294117647058822,0.0,3.0
seed-12073-pa-0.35-pb-0.65,seed-12073-pa-0.35-pb-0.65:23,bandit,23,3.1787006782765204,2.9381993800840993,1.3333333333333337,1.3333333333333337,0.0,0.0,-2.0,1.3333333333333337,0.0,-2.0
seed-12073-pa-0.35-pb-0.65,seed-12073-pa-0.35-pb-0.65:24,bandit,24,3.1325990353171704,2.9381993800840993,1.3333333333333337,1.3333333333333337,0.0,0.0,-2.0,1.3333333333333337,0.0,-2.0
seed-12073-pa-0.35-pb-0.65,seed-12073-pa-0.35-pb-0.65:25,bandit,25,2.950939419878843,2.9381993800840993,1.3333333333333337,1.3333333333333337,0.0,0.0,-2.0,1.3333333333333337,0.0,-2.0
seed-12073-pa-0.35-pb-0.65,seed-12073-pa-0.35-pb-0.65:26,bandit,26,4.281150136248314,4.06811644969388,1.4210526315789471,1.4210526315789471,0.0,0.0,3.0,1.4210526315789471,0.0,3.0
seed-12073-pa-0.35-pb-0.65,seed-12073-pa-0.35-pb-0.65:27,bandit,27,3.1481232641398407,2.9592585765637356,1.4210526315789471,1.4210526315789471,0.0,0.0,-2.0,1.4210526315789471,0.0,-2.0
seed-12073-pa-0.35-pb-0.65,seed-12073-pa-0.35-pb-0.65:28,bandit,28,2.8825990353171704,2.9592585765637356,1.4210526315789471,1.4210526315789471,0.0,0.0,-2.0,1.4210526315789471,0.0,-2.0
seed-12073-pa-0.35-pb-0.65,seed-12073-pa-0.35-pb-0.65:29,bandit,29,2.8181471805599436,2.9592585765637356,1.4210526315789471,1.4210526315789471,0.0,0.0,-2.0,1.4210526315789471,0.0,-2.0
seed-12073-pa-0.35-pb-0.65,seed-12073-pa-0.35-pb-0.65:30,bandit,30,3.2731232641398407,2.9181931434284447,1.25,1.25,0.0,0.0,-2.0,1.25,0.0,-2.0
seed-12073-pa-0.35-pb-0.65,seed-12073-pa-0.35-pb-0.65:31,bandit,31,4.2234445810050545,4.047057253214244,1.3333333333333337,1.3333333333333337,0.0,0.0,3.0,1.3333333333333337,0.0,3.0
seed-12073-pa-0.35-pb-0.65,seed-12073-pa-0.35-pb-0.65:32,bandit,32,3.7731232641398407,2.901824404346546,1.1818181818181817,1.1818181818181817,0.0,0.0,-2.0,1.1818181818181817,0.0,-2.0
seed-12073-pa-0.35-pb-0.65,seed-12073-pa-0.35-pb-0.65:33,bandit,33,4.438261687518224,4.0296605256875875,1.2608695652173911,1.2608695652173911,0.0,0.0,3.0,1.2608695652173911,0.0,3.0
seed-12073-pa-0.35-pb-0.65,seed-12073-pa-0.35-pb-0.65:34,bandit,34,3.849076984180108,2.8881837884449633,1.125,1.125,0.0,0.0,-2.0,1.125,0.0,-2.0
seed-12073-pa-0.35-pb-0.65,seed-12073-pa-0.35-pb-0.65:35,bandit,35,3.8868710061149017,2.858174433461482,1.0,1.0,0.0,0.0,-2.0,1.0,0.0,-2.0
seed-12073-pa-0.35-pb-0.65,seed-12073-pa-0.35-pb-0.65:36,bandit,36,3.7234445810050545,2.8304734903998066,0.8846153846153846,0.8846153846153846,0.0,0.0,-2.0,0.8846153846153846,0.0,-2.0
seed-12075-pa-0.35-pb-0.50,seed-12075-pa-0.35-pb-0.50:0,bandit,0,4.203889734292549,3.181680162779613,0.5,0.5,0.0,0.0,0.0,0.5,0.0,0.0
seed-12075-pa-0.35-pb-0.50,seed-12075-pa-0.35-pb-0.50:1,bandit,1,3.849076984180108,2.7381370135275556,0.5,0.5,0.0,0.0,-2.0,0.5,0.0,-2.0
seed-12075-pa-0.35-pb-0.50,seed-12075-pa-0.35-pb-0.50:2,bandit,2,2.71393946547494,4.047057253214244,1.3333333333333337,1.3333333333333337,0.0,0.0,3.0,1.3333333333333337,0.0,3.0
seed-12075-pa-0.35-pb-0.50,seed-12075-pa-0.35-pb-0.50:3,bandit,3,1.826413277982752,2.9381993800840993,1.3333333333333337,1.3333333333333337,0.0,0.0,-2.0,1.3333333333333337,0.0,-2.0
seed-12075-pa-0.35-pb-0.50,seed-12075-pa-0.35-pb-0.50:4,bandit,4,2.626928011042974,4.147088436492515,1.75,1.75,0.0,0.0,3.0,1.75,0.0,3.0
seed-12075-pa-0.35-pb-0.50,seed-12075-pa-0.35-pb-0.50:5,bandit,5,2.201413277982752,3.038230563362371,1.75,1.75,0.0,0.0,-2.0,1.75,0.0,-2.0
seed-12075-pa-0.35-pb-0.50,seed-12075-pa-0.35-pb-0.50:6,bandit,6,3.225206558916746,4.207107146459479,2.0,2.0,0.0,0.0,3.0,2.0,0.0,3.0
seed-12075-pa-0.35-pb-0.50,seed-12075-pa-0.35-pb-0.50:7,bandit,7,2.7234445810050545,4.207107146459479,2.0,2.0,0.0,0.0,3.0,2.0,0.0,3.0
seed-12075-pa-0.35-pb-0.50,seed-12075-pa-0.35-pb-0.50:8,bandit,8,3.0352241504380864,3.0982492733293343,2.0,2.0,0.0,0.0,-2.0,2.0,0.0,-2.0
seed-12075-pa-0.35-pb-0.50,seed-12075-pa-0.35-pb-0.50:9,bandit,9,4.429882179158078,4.247119619770787,2.166666666666667,2.166666666666667,0.0,0.0,3.0,2.166666666666667,0.0,3.0
seed-12075-pa-0.35-pb-0.50,seed-12075-pa-0.35-pb-0.50:10,bandit,10,3.626928011042974,3.138261746640643,2.166666666666667,2.166666666666667,0.0,0.0,-2.0,2.166666666666667,0.0,-2.0
seed-12075-pa-0.35-pb-0.50,seed-12075-pa-0.35-pb-0.50:11,bandit,11,2.0075990353171704,2.9953600562431117,1.5714285714285716,1.5714285714285716,0.0,0.0,-2.0,1.5714285714285716,0.0,-2.0
seed-12075-pa-0.35-pb-0.50,seed-12075-pa-0.35-pb-0.50:12,bandit,12,4.188261687518224,4.104217929373256,1.5714285714285716,1.5714285714285716,0.0,0.0,3.0,1.5714285714285716,0.0,3.0
seed-12075-pa-0.35-pb-0.50,seed-12075-pa-0.35-pb-0.50:13,bandit,13,2.7618710061149017,2.8881837884449633,1.125,1.125,0.0,0.0,-2.0,1.125,0.0,-2.0
seed-12075-pa-0.35-pb-0.50,seed-12075-pa-0.35-pb-0.50:14,bandit,14,4.30474463538566,4.047057253214244,1.3333333333333337,1.3333333333333337,0.0,0.0,3.0,1.3333333333333337,0.0,3.0
seed-12075-pa-0.35-pb-0.50,seed-12075-pa-0.35-pb-0.50:15,bandit,15,3.6368710061149017,2.9381993800840993,1.3333333333333337,1.3333333333333337,0.0,0.0,-2.0,1.3333333333333337,0.0,-2.0
seed-12075-pa-0.35-pb-0.50,seed-12075-pa-0.35-pb-0.50:16,bandit,16,2.9734445810050545,2.858174433461482,1.0,1.0,0.0,0.0,-2.0,1.0,0.0,-2.0
seed-12075-pa-0.35-pb-0.50,seed-12075-pa-0.35-pb-0.50:17,bandit,17,4.25759903531717,3.967032306591626,1.0,1.0,0.0,0.0,3.0,1.0,0.0,3.0
seed-12075-pa-0.35-pb-0.50,seed-12075-pa-0.35-pb-0.50:18,bandit,18,4.00759903531717,2.7926994771338856,0.7272727272727271,0.7272727272727271,0.0,0.0,-2.0,0.7272727272727271,0.0,-2.0
seed-12075-pa-0.35-pb-0.50,seed-12075-pa-0.35-pb-0.50:19,bandit,19,3.4734445810050545,2.7926994771338856,0.7272727272727271,0.7272727272727271,0.0,0.0,-2.0,0.7272727272727271,0.0,-2.0
seed-12075-pa-0.35-pb-0.50,seed-12075-pa-0.35-pb-0.50:20,bandit,20,4.626929081345374,3.947026069935972,0.9166666666666664,0.9166666666666664,0.0,0.0,3.0,0.9166666666666664,0.0,3.0
seed-12075-pa-0.35-pb-0.50,seed-12075-pa-0.35-pb-0.50:21,bandit,21,4.813261687518224,2.838168196805827,0.9166666666666664,0.9166666666666664,0.0,0.0,-2.0,0.9166666666666664,0.0,-2.0
seed-12075-pa-0.35-pb-0.50,seed-12075-pa-0.35-pb-0.50:22,bandit,22,3.6368710061149017,2.838168196805827,0.9166666666666664,0.9166666666666664,0.0,0.0,-2.0,0.9166666666666664,0.0,-2.0
seed-12075-pa-0.35-pb-0.50,seed-12075-pa-0.35-pb-0.50:23,bandit,23,3.3825990353171704,2.838168196805827,0.9166666666666664,0.9166666666666664,0.0,0.0,-2.0,0.9166666666666664,0.0,-2.0
seed-12084-pa-0.65-pb-0.65,seed-12084-pa-0.65-pb-0.65:0,bandit,0,4.203889734292549,3.181680162779613,0.5,0.5,0.0,0.0,0.0,0.5,0.0,0.0
seed-12084-pa-0.65-pb-0.65,seed-12084-pa-0.65-pb-0.65:1,bandit,1,3.849076984180108,2.7381370135275556,0.5,0.5,0.0,0.0,-2.0,0.5,0.0,-2.0
seed-12084-pa-0.65-pb-0.65,seed-12084-pa-0.65-pb-0.65:2,bandit,2,4.350412651601648,3.8469948866576997,0.5,0.5,0.0,0.0,3.0,0.5,0.0,3.0
seed-12084-pa-0.65-pb-0.65,seed-12084-pa-0.65-pb-0.65:3,bandit,3,4.21393946547494,3.967032306591626,1.0,1.0,0.0,0.0,3.0,1.0,0.0,3.0
seed-12084-pa-0.65-pb-0.65,seed-12084-pa-0.65-pb-0.65:4,bandit,4,3.21393946547494,4.047057253214244,1.3333333333333337,1.3333333333333337,0.0,0.0,3.0,1.3333333333333337,0.0,3.0
seed-12084-pa-0.65-pb-0.65,seed-12084-pa-0.65-pb-0.65:5,bandit,5,3.5699361996449746,4.104217929373256,1.5714285714285716,1.5714285714285716,0.0,0.0,3.0,1.5714285714285716,0.0,3.0
seed-12084-pa-0.65-pb-0.65,seed-12084-pa-0.65-pb-0.65:6,bandit,6,2.8504126516016477,2.8881837884449633,1.125,1.125,0.0,0.0,-2.0,1.125,0.0,-2.0
seed-12084-pa-0.65-pb-0.65,seed-12084-pa-0.65-pb-0.65:7,bandit,7,3.436967589003199,4.047057253214244,1.3333333333333337,1.3333333333333337,0.0,0.0,3.0,1.3333333333333337,0.0,3.0
seed-12084-pa-0.65-pb-0.65,seed-12084-pa-0.65-pb-0.65:8,bandit,8,3.9179990792290873,4.087069726525552,1.5,1.5,0.0,0.0,3.0,1.5,0.0,3.0
seed-12084-pa-0.65-pb-0.65,seed-12084-pa-0.65-pb-0.65:9,bandit,9,4.0380413716877825,4.119807204689351,1.6363636363636362,1.6363636363636362,0.0,0.0,3.0,1.6363636363636362,0.0,3.0
seed-12084-pa-0.65-pb-0.65,seed-12084-pa-0.65-pb-0.65:10,bandit,10,3.9130413716877825,4.147088436492515,1.75,1.75,0.0,0.0,3.0,1.75,0.0,3.0
seed-12084-pa-0.65-pb-0.65,seed-12084-pa-0.65-pb-0.65:11,bandit,11,4.151300195186874,4.170172555710578,1.8461538461538465,1.8461538461538465,0.0,0.0,3.0,1.8461538461538465,0.0,3.0
seed-12084-pa-0.65-pb-0.65,seed-12084-pa-0.65-pb-0.65:12,bandit,12,3.90475041827262,4.189958943611774,1.9285714285714284,1.9285714285714284,0.0,0.0,3.0,1.9285714285714284,0.0,3.0
seed-12084-pa-0.65-pb-0.65,seed-12084-pa-0.65-pb-0.65:13,bandit,13,3.65475041827262,4.207107146459479,2.0,2.0,0.0,0.0,3.0,2.0,0.0,3.0
seed-12084-pa-0.65-pb-0.65,seed-12084-pa-0.65-pb-0.65:14,bandit,14,3.77975041827262,4.222111823951219,2.0625,2.0625,0.0,0.0,3.0,2.0625,0.0,3.0
seed-12084-pa-0.65-pb-0.65,seed-12084-pa-0.65-pb-0.65:15,bandit,15,3.90475041827262,4.235351245267461,2.117647058823529,2.117647058823529,0.0,0.0,3.0,2.117647058823529,0.0,3.0
seed-12084-pa-0.65-pb-0.65,seed-12084-pa-0.65-pb-0.65:16,bandit,16,3.0699361996449746,3.071574291121795,1.8888888888888888,1.8888888888888888,0.0,0.0,-2.0,1.8888888888888888,0.0,-2.0
seed-12084-pa-0.65-pb-0.65,seed-12084-pa-0.65-pb-0.65:17,bandit,17,4.151300195186874,4.194471628571697,1.9473684210526312,1.9473684210526312,0.0,0.0,3.0,1.9473684210526312,0.0,3.0
seed-12084-pa-0.65-pb-0.65,seed-12084-pa-0.65-pb-0.65:18,bandit,18,2.9449361996449746,3.038230563362371,1.75,1.75,0.0,0.0,-2.0,1.75,0.0,-2.0
seed-12084-pa-0.65-pb-0.65,seed-12084-pa-0.65-pb-0.65:19,bandit,19,4.770541900901097,4.161378605532269,1.809523809523809,1.809523809523809,0.0,0.0,3.0,1.809523809523809,0.0,3.0
seed-12084-pa-0.65-pb-0.65,seed-12084-pa-0.65-pb-0.65:20,bandit,20,3.67358735157374,3.010949331559206,1.6363636363636362,1.6363636363636362,0.0,0.0,-2.0,1.6363636363636362,0.0,-2.0
seed-12084-pa-0.65-pb-0.65,seed-12084-pa-0.65-pb-0.65:21,bandit,21,4.645541900901097,4.1340408908475235,1.6956521739130437,1.6956521739130437,0.0,0.0,3.0,1.6956521739130437,0.0,3.0
seed-12084-pa-0.65-pb-0.65,seed-12084-pa-0.65-pb-0.65:22,bandit,22,3.90475041827262,2.988214971723235,1.5416666666666663,1.5416666666666663,0.0,0.0,-2.0,1.5416666666666663,0.0,-2.0
seed-12084-pa-0.65-pb-0.65,seed-12084-pa-0.65-pb-0.65:23,bandit,23,4.887509570276173,4.111077210512338,1.6,1.6,0.0,0.0,3.0,1.6,0.0,3.0
seed-12084-pa-0.65-pb-0.65,seed-12084-pa-0.65-pb-0.65:24,bandit,24,4.026300195186874,2.968978205708183,1.4615384615384617,1.4615384615384617,0.0,0.0,-2.0,1.4615384615384617,0.0,-2.0
seed-12084-pa-0.65-pb-0.65,seed-12084-pa-0.65-pb-0.65:25,bandit,25,4.516034256080317,4.091515556893476,1.5185185185185186,1.5185185185185186,0.0,0.0,3.0,1.5185185185185186,0.0,3.0
seed-12084-pa-0.65-pb-0.65,seed-12084-pa-0.65-pb-0.65:26,bandit,26,4.516034256080317,4.104217929373256,1.5714285714285716,1.5714285714285716,0.0,0.0,3.0,1.5714285714285716,0.0,3.0
seed-12084-pa-0.65-pb-0.65,seed-12084-pa-0.65-pb-0.65:27,bandit,27,4.512509570276173,4.116044276164776,1.6206896551724137,1.6206896551724137,0.0,0.0,3.0,1.6206896551724137,0.0,3.0
seed-12084-pa-0.65-pb-0.65,seed-12084-pa-0.65-pb-0.65:28,bandit,28,4.514163456931506,4.127082199836861,1.6666666666666663,1.6666666666666663,0.0,0.0,3.0,1.6666666666666663,0.0,3.0
seed-12084-pa-0.65-pb-0.65,seed-12084-pa-0.65-pb-0.65:29,bandit,29,4.386047744848593,4.13740799940107,1.7096774193548383,1.7096774193548383,0.0,0.0,3.0,1.7096774193548383,0.0,3.0
seed-12084-pa-0.65-pb-0.65,seed-12084-pa-0.65-pb-0.65:30,bandit,30,4.509755911000223,4.147088436492515,1.75,1.75,0.0,0.0,3.0,1.75,0.0,3.0
seed-12084-pa-0.65-pb-0.65,seed-12084-pa-0.65-pb-0.65:31,bandit,31,4.509755911000223,4.156182180426904,1.787878787878788,1.787878787878788,0.0,0.0,3.0,1.787878787878788,0.0,3.0
seed-12084-pa-0.65-pb-0.65,seed-12084-pa-0.65-pb-0.65:32,bandit,32,4.508614483762177,4.164740998247504,1.823529411764706,1.823529411764706,0.0,0.0,3.0,1.823529411764706,0.0,3.0
seed-12084-pa-0.65-pb-0.65,seed-12084-pa-0.65-pb-0.65:33,bandit,33,4.633614483762177,4.172810740764071,1.8571428571428572,1.8571428571428572,0.0,0.0,3.0,1.8571428571428572,0.0,3.0
seed-12084-pa-0.65-pb-0.65,seed-12084-pa-0.65-pb-0.65:34,bandit,34,4.384755911000223,4.18043216425194,1.8888888888888888,1.8888888888888888,0.0,0.0,3.0,1.8888888888888888,0.0,3.0
seed-12084-pa-0.65-pb-0.65,seed-12084-pa-0.65-pb-0.65:35,bandit,35,4.264163456931506,3.046341199844393,1.7837837837837838,1.7837837837837838,0.0,0.0,-2.0,1.7837837837837838,0.0,-2.0
seed-12084-pa-0.65-pb-0.65,seed-12084-pa-0.65-pb-0.65:36,bandit,36,4.641034256080317,4.162882833852242,1.8157894736842104,1.8157894736842104,0.0,0.0,3.0,1.8157894736842104,0.0,3.0
seed-12084-pa-0.65-pb-0.65,seed-12084-pa-0.65-pb-0.65:37,bandit,37,4.514163456931506,4.170172555710578,1.8461538461538465,1.8461538461538465,0.0,0.0,3.0,1.8461538461538465,0.0,3.0
seed-12084-pa-0.65-pb-0.65,seed-12084-pa-0.65-pb-0.65:38,bandit,38,4.634755911000223,4.1770977914759975,1.875,1.875,0.0,0.0,3.0,1.875,0.0,3.0
seed-12084-pa-0.65-pb-0.65,seed-12084-pa-0.65-pb-0.65:39,bandit,39,4.514163456931506,3.045549918236391,1.7804878048780486,1.7804878048780486,0.0,0.0,-2.0,1.7804878048780486,0.0,-2.0
seed-12084-pa-0.65-pb-0.65,seed-12084-pa-0.65-pb-0.65:40,bandit,40,4.762509570276173,4.161378605532269,1.809523809523809,1.809523809523809,0.0,0.0,3.0,1.809523809523809,0.0,3.0
seed-12084-pa-0.65-pb-0.65,seed-12084-pa-0.65-pb-0.65:41,bandit,41,3.8955419009010974,3.031251643598771,1.7209302325581397,1.7209302325581397,0.0,0.0,-2.0,1.7209302325581397,0.0,-2.0
seed-12084-pa-0.65-pb-0.65,seed-12084-pa-0.65-pb-0.65:42,bandit,42,4.886047744848593,4.147088436492515,1.75,1.75,0.0,0.0,3.0,1.75,0.0,3.0
seed-12084-pa-0.65-pb-0.65,seed-12084-pa-0.65-pb-0.65:43,bandit,43,4.886047744848593,4.153757182044401,1.7777777777777777,1.7777777777777777,0.0,0.0,3.0,1.7777777777777777,0.0,3.0
seed-12084-pa-0.65-pb-0.65,seed-12084-pa-0.65-pb-0.65:44,bandit,44,5.132606094404334,4.160135982137508,1.8043478260869563,1.8043478260869563,0.0,0.0,3.0,1.8043478260869563,0.0,3.0
seed-12084-pa-0.65-pb-0.65,seed-12084-pa-0.65-pb-0.65:45,bandit,45,4.886047744848593,4.16624334392878,1.8297872340425536,1.8297872340425536,0.0,0.0,3.0,1.8297872340425536,0.0,3.0
seed-12084-pa-0.65-pb-0.65,seed-12084-pa-0.65-pb-0.65:46,bandit,46,4.637509570276173,4.172096232312083,1.8541666666666663,1.8541666666666663,0.0,0.0,3.0,1.8541666666666663,0.0,3.0
seed-12084-pa-0.65-pb-0.65,seed-12084-pa-0.65-pb-0.65:47,bandit,47,4.886047744848593,3.0443549215222654,1.7755102040816326,1.7755102040816326,0.0,0.0,-2.0,1.7755102040816326,0.0,-2.0
seed-12084-pa-0.65-pb-0.65,seed-12084-pa-0.65-pb-0.65:48,bandit,48,4.762509570276173,4.159092178485908,1.7999999999999998,1.7999999999999998,0.0,0.0,3.0,1.7999999999999998,0.0,3.0
seed-12084-pa-0.65-pb-0.65,seed-12084-pa-0.65-pb-0.65:49,bandit,49,4.639163456931506,4.164740998247504,1.823529411764706,1.823529411764706,0.0,0.0,3.0,1.823529411764706,0.0,3.0
seed-12084-pa-0.65-pb-0.65,seed-12084-pa-0.65-pb-0.65:50,bandit,50,4.884755911000223,4.170172555710578,1.8461538461538465,1.8461538461538465,0.0,0.0,3.0,1.8461538461538465,0.0,3.0
seed-12084-pa-0.65-pb-0.65,seed-12084-pa-0.65-pb-0.65:51,bandit,51,4.883614483762177,4.175399148741083,1.8679245283018864,1.8679245283018864,0.0,0.0,3.0,1.8679245283018864,0.0,3.0
seed-12084-pa-0.65-pb-0.65,seed-12084-pa-0.65-pb-0.65:52,bandit,52,4.883614483762177,4.18043216425194,1.8888888888888888,1.8888888888888888,0.0,0.0,3.0,1.8888888888888888,0.0,3.0
seed-12084-pa-0.65-pb-0.65,seed-12084-pa-0.65-pb-0.65:53,bandit,53,4.636047744848593,4.185282161016946,1.9090909090909092,1.9090909090909092,0.0,0.0,3.0,1.9090909090909092,0.0,3.0
seed-12084-pa-0.65-pb-0.65,seed-12084-pa-0.65-pb-0.65:54,bandit,54,4.758614483762177,4.189958943611774,1.9285714285714284,1.9285714285714284,0.0,0.0,3.0,1.9285714285714284,0.0,3.0
seed-12084-pa-0.65-pb-0.65,seed-12084-pa-0.65-pb-0.65:55,bandit,55,5.1317153484891165,4.194471628571697,1.9473684210526312,1.9473684210526312,0.0,0.0,3.0,1.9473684210526312,0.0,3.0
seed-12084-pa-0.65-pb-0.65,seed-12084-pa-0.65-pb-0.65:56,bandit,56,5.2552337981517425,4.198828703705415,1.9655172413793105,1.9655172413793105,0.0,0.0,3.0,1.9655172413793105,0.0,3.0
seed-12084-pa-0.65-pb-0.65,seed-12084-pa-0.65-pb-0.65:57,bandit,57,4.951413277982752,4.198828703705415,1.9655172413793105,1.9655172413793105,0.0,0.0,3.0,1.9655172413793105,0.0,3.0
seed-12084-pa-0.65-pb-0.65,seed-12084-pa-0.65-pb-0.65:58,bandit,58,5.2880413716877825,3.0738348828342983,1.8983050847457623,1.8983050847457623,0.0,0.0,-2.0,1.8983050847457623,0.0,-2.0
seed-12084-pa-0.65-pb-0.65,seed-12084-pa-0.65-pb-0.65:59,bandit,59,5.901300195186874,4.187100909803824,1.9166666666666663,1.9166666666666663,0.0,0.0,3.0,1.9166666666666663,0.0,3.0
seed-12084-pa-0.65-pb-0.65,seed-12084-pa-0.65-pb-0.65:60,bandit,60,5.648245464372426,4.191364534009128,1.9344262295081969,1.9344262295081969,0.0,0.0,3.0,1.9344262295081969,0.0,3.0
seed-12084-pa-0.65-pb-0.65,seed-12084-pa-0.65-pb-0.65:61,bandit,61,5.15475041827262,3.0672718746367083,1.870967741935484,1.870967741935484,0.0,0.0,-2.0,1.870967741935484,0.0,-2.0
seed-12084-pa-0.65-pb-0.65,seed-12084-pa-0.65-pb-0.65:62,bandit,62,5.898245464372426,4.18043216425194,1.8888888888888888,1.8888888888888888,0.0,0.0,3.0,1.8888888888888888,0.0,3.0
seed-12084-pa-0.65-pb-0.65,seed-12084-pa-0.65-pb-0.65:63,bandit,63,5.03364569998304,3.056986410227047,1.828125,1.828125,0.0,0.0,-2.0,1.828125,0.0,-2.0
seed-12084-pa-0.65-pb-0.65,seed-12084-pa-0.65-pb-0.65:64,bandit,64,4.311967589003199,3.042847387205984,1.7692307692307692,1.7692307692307692,0.0,0.0,-2.0,1.7692307692307692,0.0,-2.0
seed-12084-pa-0.65-pb-0.65,seed-12084-pa-0.65-pb-0.65:65,bandit,65,3.4449361996449746,3.0291368194279826,1.712121212121212,1.712121212121212,0.0,0.0,-2.0,1.712121212121212,0.0,-2.0
seed-12084-pa-0.65-pb-0.65,seed-12084-pa-0.65-pb-0.65:66,bandit,66,2.7985873515737403,3.0158355223299225,1.656716417910448,1.656716417910448,0.0,0.0,-2.0,1.656716417910448,0.0,-2.0
seed-12084-pa-0.65-pb-0.65,seed-12084-pa-0.65-pb-0.65:67,bandit,67,5.15864569998304,4.129435874737526,1.676470588235294,1.676470588235294,0.0,0.0,3.0,1.676470588235294,0.0,3.0
seed-12084-pa-0.65-pb-0.65,seed-12084-pa-0.65-pb-0.65:68,bandit,68,4.042999079229087,3.0077862901907233,1.6231884057971016,1.6231884057971016,0.0,0.0,-2.0,1.6231884057971016,0.0,-2.0
seed-12084-pa-0.65-pb-0.65,seed-12084-pa-0.65-pb-0.65:69,bandit,69,5.15864569998304,4.12136613222096,1.6428571428571428,1.6428571428571428,0.0,0.0,3.0,1.6428571428571428,0.0,3.0
seed-12084-pa-0.65-pb-0.65,seed-12084-pa-0.65-pb-0.65:70,bandit,70,4.526300195186874,3.000190535918521,1.591549295774648,1.591549295774648,0.0,0.0,-2.0,1.591549295774648,0.0,-2.0
seed-12084-pa-0.65-pb-0.65,seed-12084-pa-0.65-pb-0.65:71,bandit,71,5.276300195186874,4.113744708733091,1.6111111111111112,1.6111111111111112,0.0,0.0,3.0,1.6111111111111112,0.0,3.0
seed-12084-pa-0.65-pb-0.65,seed-12084-pa-0.65-pb-0.65:72,bandit,72,5.15864569998304,4.118312342672739,1.6301369863013695,1.6301369863013695,0.0,0.0,3.0,1.6301369863013695,0.0,3.0
seed-12084-pa-0.65-pb-0.65,seed-12084-pa-0.65-pb-0.65:73,bandit,73,4.90475041827262,2.9976773809522608,1.5810810810810811,1.5810810810810811,0.0,0.0,-2.0,1.5810810810810811,0.0,-2.0
seed-12084-pa-0.65-pb-0.65,seed-12084-pa-0.65-pb-0.65:74,bandit,74,5.27975041827262,4.111077210512338,1.6,1.6,0.0,0.0,3.0,1.6,0.0,3.0
seed-12084-pa-0.65-pb-0.65,seed-12084-pa-0.65-pb-0.65:75,bandit,75,5.401300195186874,4.115499641773061,1.6184210526315788,1.6184210526315788,0.0,0.0,3.0,1.6184210526315788,0.0,3.0
seed-12084-pa-0.65-pb-0.65,seed-12084-pa-0.65-pb-0.65:76,bandit,76,5.148245464372426,4.119807204689351,1.6363636363636362,1.6363636363636362,0.0,0.0,3.0,1.6363636363636362,0.0,3.0
seed-12084-pa-0.65-pb-0.65,seed-12084-pa-0.65-pb-0.65:77,bandit,77,5.026300195186874,4.124004317274453,1.6538461538461535,1.6538461538461535,0.0,0.0,3.0,1.6538461538461535,0.0,3.0
seed-12084-pa-0.65-pb-0.65,seed-12084-pa-0.65-pb-0.65:78,bandit,78,5.151300195186874,3.0040426905963793,1.6075949367088609,1.6075949367088609,0.0,0.0,-2.0,1.6075949367088609,0.0,-2.0
seed-12084-pa-0.65-pb-0.65,seed-12084-pa-0.65-pb-0.65:79,bandit,79,4.02975041827262,2.993216530887149,1.5625,1.5625,0.0,0.0,-2.0,1.5625,0.0,-2.0
seed-12084-pa-0.65-pb-0.65,seed-12084-pa-0.65-pb-0.65:80,bandit,80,5.648245464372426,4.1063349914532195,1.5802469135802468,1.5802469135802468,0.0,0.0,3.0,1.5802469135802468,0.0,3.0
seed-12084-pa-0.65-pb-0.65,seed-12084-pa-0.65-pb-0.65:81,bandit,81,5.398245464372426,4.110491662122416,1.5975609756097562,1.5975609756097562,0.0,0.0,3.0,1.5975609756097562,0.0,3.0
seed-12084-pa-0.65-pb-0.65,seed-12084-pa-0.65-pb-0.65:82,bandit,82,5.273245464372426,4.114548172052595,1.6144578313253013,1.6144578313253013,0.0,0.0,3.0,1.6144578313253013,0.0,3.0
seed-12084-pa-0.65-pb-0.65,seed-12084-pa-0.65-pb-0.65:83,bandit,83,5.273245464372426,4.11850809841301,1.630952380952381,1.630952380952381,0.0,0.0,3.0,1.630952380952381,0.0,3.0
seed-12084-pa-0.65-pb-0.65,seed-12084-pa-0.65-pb-0.65:84,bandit,84,5.148245464372426,2.999394927501395,1.5882352941176472,1.5882352941176472,0.0,0.0,-2.0,1.5882352941176472,0.0,-2.0
seed-12084-pa-0.65-pb-0.65,seed-12084-pa-0.65-pb-0.65:85,bandit,85,6.054882179158078,4.147088436492515,1.75,1.75,0.0,0.0,3.0,1.75,0.0,3.0
seed-12084-pa-0.65-pb-0.65,seed-12084-pa-0.65-pb-0.65:86,bandit,86,5.77975041827262,4.147088436492515,1.75,1.75,0.0,0.0,3.0,1.75,0.0,3.0
seed-12084-pa-0.65-pb-0.65,seed-12084-pa-0.65-pb-0.65:87,bandit,87,5.773245464372426,4.147088436492515,1.75,1.75,0.0,0.0,3.0,1.75,0.0,3.0
seed-12084-pa-0.65-pb-0.65,seed-12084-pa-0.65-pb-0.65:88,bandit,88,5.436967589003199,3.038230563362371,1.75,1.75,0.0,0.0,-2.0,1.75,0.0,-2.0
seed-12084-pa-0.65-pb-0.65,seed-12084-pa-0.65-pb-0.65:89,bandit,89,6.523245464372426,4.147088436492515,1.75,1.75,0.0,0.0,3.0,1.75,0.0,3.0
seed-12084-pa-0.65-pb-0.65,seed-12084-pa-0.65-pb-0.65:90,bandit,90,5.311967589003199,3.038230563362371,1.75,1.75,0.0,0.0,-2.0,1.75,0.0,-2.0
seed-12084-pa-0.65-pb-0.65,seed-12084-pa-0.65-pb-0.65:91,bandit,91,6.151300195186874,4.147088436492515,1.75,1.75,0.0,0.0,3.0,1.75,0.0,3.0
seed-12084-pa-0.65-pb-0.65,seed-12084-pa-0.65-pb-0.65:92,bandit,92,6.02975041827262,4.147088436492515,1.75,1.75,0.0,0.0,3.0,1.75,0.0,3.0
seed-12084-pa-0.65-pb-0.65,seed-12084-pa-0.65-pb-0.65:93,bandit,93,5.776300195186874,4.147088436492515,1.75,1.75,0.0,0.0,3.0,1.75,0.0,3.0
seed-12084-pa-0.65-pb-0.65,seed-12084-pa-0.65-pb-0.65:94,bandit,94,5.112822278771571,3.0027356273604036,1.6021505376344083,1.6021505376344083,0.0,0.0,-2.0,1.6021505376344083,0.0,-2.0
seed-12084-pa-0.65-pb-0.65,seed-12084-pa-0.65-pb-0.65:95,bandit,95,6.40864569998304,4.115163590765407,1.6170212765957448,1.6170212765957448,0.0,0.0,3.0,1.6170212765957448,0.0,3.0
seed-12084-pa-0.65-pb-0.65,seed-12084-pa-0.65-pb-0.65:96,bandit,96,6.042999079229087,4.118658521245006,1.6315789473684212,1.6315789473684212,0.0,0.0,3.0,1.6315789473684212,0.0,3.0
seed-12084-pa-0.65-pb-0.65,seed-12084-pa-0.65-pb-0.65:97,bandit,97,5.561967589003199,3.000718869633019,1.59375,1.59375,0.0,0.0,-2.0,1.59375,0.0,-2.0
seed-12084-pa-0.65-pb-0.65,seed-12084-pa-0.65-pb-0.65:98,bandit,98,6.4130413716877825,4.11305720919166,1.6082474226804124,1.6082474226804124,0.0,0.0,3.0,1.6082474226804124,0.0,3.0
seed-12084-pa-0.65-pb-0.65,seed-12084-pa-0.65-pb-0.65:99,bandit,99,5.08893946547494,2.9953600562431117,1.5714285714285716,1.5714285714285716,0.0,0.0,-2.0,1.5714285714285716,0.0,-2.0
seed-12108-pa-0.35-pb-0.20,seed-12108-pa-0.35-pb-0.20:0,bandit,0,4.203889734292549,3.181680162779613,0.5,0.5,0.0,0.0,0.0,0.5,0.0,0.0
seed-12108-pa-0.35-pb-0.20,seed-12108-pa-0.35-pb-0.20:1,bandit,1,3.849076984180108,2.7381370135275556,0.5,0.5,0.0,0.0,-2.0,0.5,0.0,-2.0
seed-12108-pa-0.35-pb-0.20,seed-12108-pa-0.35-pb-0.20:2,bandit,2,0.1004126516016477,2.538074646971012,-0.3333333333333332,-0.3333333333333332,0.0,0.0,-2.0,-0.3333333333333332,0.0,-2.0
seed-12113-pa-0.65-pb-0.35,seed-12113-pa-0.65-pb-0.35:0,bandit,0,4.203889734292549,3.181680162779613,0.5,0.5,0.0,0.0,0.0,0.5,0.0,0.0
seed-12113-pa-0.65-pb-0.35,seed-12113-pa-0.65-pb-0.35:1,bandit,1,4.42870067827652,4.047057253214244,1.3333333333333337,1.3333333333333337,0.0,0.0,3.0,1.3333333333333337,0.0,3.0
seed-12113-pa-0.65-pb-0.35,seed-12113-pa-0.65-pb-0.35:2,bandit,2,3.6368710061149017,2.7381370135275556,0.5,0.5,0.0,0.0,-2.0,0.5,0.0,-2.0
seed-12113-pa-0.65-pb-0.35,seed-12113-pa-0.65-pb-0.35:3,bandit,3,1.9754126516016477,2.7381370135275556,0.5,0.5,0.0,0.0,-2.0,0.5,0.0,-2.0
seed-12113-pa-0.65-pb-0.35,seed-12113-pa-0.65-pb-0.35:4,bandit,4,3.099076984180108,3.967032306591626,1.0,1.0,0.0,0.0,3.0,1.0,0.0,3.0
seed-12113-pa-0.65-pb-0.35,seed-12113-pa-0.65-pb-0.35:5,bandit,5,2.6787006782765204,2.7381370135275556,0.5,0.5,0.0,0.0,-2.0,0.5,0.0,-2.0
seed-12113-pa-0.65-pb-0.35,seed-12113-pa-0.65-pb-0.35:6,bandit,6,1.5984445810050545,2.6523959992890367,0.1428571428571428,0.1428571428571428,0.0,0.0,-2.0,0.1428571428571428,0.0,-2.0
seed-12113-pa-0.65-pb-0.35,seed-12113-pa-0.65-pb-0.35:7,bandit,7,1.3490769841801082,2.6523959992890367,0.1428571428571428,0.1428571428571428,0.0,0.0,-2.0,0.1428571428571428,0.0,-2.0
seed-12113-pa-0.65-pb-0.35,seed-12113-pa-0.65-pb-0.35:8,bandit,8,1.5990769841801082,2.6523959992890367,0.1428571428571428,0.1428571428571428,0.0,0.0,-2.0,0.1428571428571428,0.0,-2.0
seed-12113-pa-0.65-pb-0.35,seed-12113-pa-0.65-pb-0.35:9,bandit,9,2.8769290813453736,3.761253872419181,0.1428571428571428,0.1428571428571428,0.0,0.0,3.0,0.1428571428571428,0.0,3.0
seed-12113-pa-0.65-pb-0.35,seed-12113-pa-0.65-pb-0.35:10,bandit,10,2.5681471805599436,2.5880902386101474,-0.125,-0.125,0.0,0.0,-2.0,-0.125,0.0,-2.0
seed-12113-pa-0.65-pb-0.35,seed-12113-pa-0.65-pb-0.35:11,bandit,11,3.1325990353171704,2.5880902386101474,-0.125,-0.125,0.0,0.0,-2.0,-0.125,0.0,-2.0
seed-12113-pa-0.65-pb-0.35,seed-12113-pa-0.65-pb-0.35:12,bandit,12,4.201413277982752,3.696948111740292,-0.125,-0.125,0.0,0.0,3.0,-0.125,0.0,3.0
seed-12113-pa-0.65-pb-0.35,seed-12113-pa-0.65-pb-0.35:13,bandit,13,3.474076984180108,3.780307431138852,0.2222222222222223,0.2222222222222223,0.0,0.0,3.0,0.2222222222222223,0.0,3.0
seed-12113-pa-0.65-pb-0.35,seed-12113-pa-0.65-pb-0.35:14,bandit,14,3.349076984180108,2.6180995935936293,0.0,0.0,0.0,0.0,-2.0,0.0,0.0,-2.0
seed-12113-pa-0.65-pb-0.35,seed-12113-pa-0.65-pb-0.35:15,bandit,15,4.200939419878843,3.7924324230513697,0.2727272727272729,0.2727272727272729,0.0,0.0,3.0,0.2727272727272729,0.0,3.0
seed-12113-pa-0.65-pb-0.35,seed-12113-pa-0.65-pb-0.35:16,bandit,16,3.7618710061149017,3.7924324230513697,0.2727272727272729,0.2727272727272729,0.0,0.0,3.0,0.2727272727272729,0.0,3.0
seed-12113-pa-0.65-pb-0.35,seed-12113-pa-0.65-pb-0.35:17,bandit,17,3.849076984180108,2.6714495580087076,0.2222222222222223,0.2222222222222223,0.0,0.0,-2.0,0.2222222222222223,0.0,-2.0
seed-12113-pa-0.65-pb-0.35,seed-12113-pa-0.65-pb-0.35:18,bandit,18,4.80370067827652,3.8469948866576997,0.5,0.5,0.0,0.0,3.0,0.5,0.0,3.0
seed-12113-pa-0.65-pb-0.35,seed-12113-pa-0.65-pb-0.35:19,bandit,19,3.724076984180108,2.683574549921225,0.2727272727272729,0.2727272727272729,0.0,0.0,-2.0,0.2727272727272729,0.0,-2.0
seed-12113-pa-0.65-pb-0.35,seed-12113-pa-0.65-pb-0.35:20,bandit,20,4.5984445810050545,3.8469948866576997,0.5,0.5,0.0,0.0,3.0,0.5,0.0,3.0
seed-12113-pa-0.65-pb-0.35,seed-12113-pa-0.65-pb-0.35:21,bandit,21,3.700939419878843,2.69196877509143,0.3076923076923075,0.3076923076923075,0.0,0.0,-2.0,0.3076923076923075,0.0,-2.0
seed-12113-pa-0.65-pb-0.35,seed-12113-pa-0.65-pb-0.35:22,bandit,22,5.0984445810050545,3.800826648221574,0.3076923076923075,0.3076923076923075,0.0,0.0,3.0,0.3076923076923075,0.0,3.0
seed-12113-pa-0.65-pb-0.35,seed-12113-pa-0.65-pb-0.35:23,bandit,23,4.7234445810050545,3.8469948866576997,0.5,0.5,0.0,0.0,3.0,0.5,0.0,3.0
seed-12113-pa-0.65-pb-0.35,seed-12113-pa-0.65-pb-0.35:24,bandit,24,4.200939419878843,2.7381370135275556,0.5,0.5,0.0,0.0,-2.0,0.5,0.0,-2.0
seed-12113-pa-0.65-pb-0.35,seed-12113-pa-0.65-pb-0.35:25,bandit,25,5.3484445810050545,3.8870073599690085,0.6666666666666665,0.6666666666666665,0.0,0.0,3.0,0.6666666666666665,0.0,3.0
seed-12113-pa-0.65-pb-0.35,seed-12113-pa-0.65-pb-0.35:26,bandit,26,4.200939419878843,2.7381370135275556,0.5,0.5,0.0,0.0,-2.0,0.5,0.0,-2.0
seed-12113-pa-0.65-pb-0.35,seed-12113-pa-0.65-pb-0.35:27,bandit,27,3.974076984180108,2.702831890017577,0.3529411764705883,0.3529411764705883,0.0,0.0,-2.0,0.3529411764705883,0.0,-2.0
seed-12113-pa-0.65-pb-0.35,seed-12113-pa-0.65-pb-0.35:28,bandit,28,4.136871006114902,2.702831890017577,0.3529411764705883,0.3529411764705883,0.0,0.0,-2.0,0.3529411764705883,0.0,-2.0
seed-12113-pa-0.65-pb-0.35,seed-12113-pa-0.65-pb-0.35:29,bandit,29,4.501929081345374,2.702831890017577,0.3529411764705883,0.3529411764705883,0.0,0.0,-2.0,0.3529411764705883,0.0,-2.0
seed-12113-pa-0.65-pb-0.35,seed-12113-pa-0.65-pb-0.35:30,bandit,30,5.5984445810050545,3.8469948866576997,0.5,0.5,0.0,0.0,3.0,0.5,0.0,3.0
seed-12113-pa-0.65-pb-0.35,seed-12113-pa-0.65-pb-0.35:31,bandit,31,4.773123264139841,2.706548218808101,0.3684210526315787,0.3684210526315787,0.0,0.0,-2.0,0.3684210526315787,0.0,-2.0
seed-12113-pa-0.65-pb-0.35,seed-12113-pa-0.65-pb-0.35:32,bandit,32,5.313261687518224,3.8469948866576997,0.5,0.5,0.0,0.0,3.0,0.5,0.0,3.0
seed-12113-pa-0.65-pb-0.35,seed-12113-pa-0.65-pb-0.35:33,bandit,33,5.2234445810050545,3.875575224737206,0.6190476190476191,0.6190476190476191,0.0,0.0,3.0,0.6190476190476191,0.0,3.0
seed-12113-pa-0.65-pb-0.35,seed-12113-pa-0.65-pb-0.35:34,bandit,34,5.076413277982752,3.9015573502640297,0.7272727272727271,0.7272727272727271,0.0,0.0,3.0,0.7272727272727271,0.0,3.0
seed-12113-pa-0.65-pb-0.35,seed-12113-pa-0.65-pb-0.35:35,bandit,35,5.023123264139841,2.7926994771338856,0.7272727272727271,0.7272727272727271,0.0,0.0,-2.0,0.7272727272727271,0.0,-2.0
seed-12113-pa-0.65-pb-0.35,seed-12113-pa-0.65-pb-0.35:36,bandit,36,4.63259903531717,2.7642321048175393,0.6086956521739131,0.6086956521739131,0.0,0.0,-2.0,0.6086956521739131,0.0,-2.0
seed-12113-pa-0.65-pb-0.35,seed-12113-pa-0.65-pb-0.35:37,bandit,37,4.88259903531717,2.7642321048175393,0.6086956521739131,0.6086956521739131,0.0,0.0,-2.0,0.6086956521739131,0.0,-2.0
seed-12113-pa-0.65-pb-0.35,seed-12113-pa-0.65-pb-0.35:38,bandit,38,4.700939419878843,2.7642321048175393,0.6086956521739131,0.6086956521739131,0.0,0.0,-2.0,0.6086956521739131,0.0,-2.0
seed-12113-pa-0.65-pb-0.35,seed-12113-pa-0.65-pb-0.35:39,bandit,39,5.00759903531717,2.7381370135275556,0.5,0.5,0.0,0.0,-2.0,0.5,0.0,-2.0
seed-12113-pa-0.65-pb-0.35,seed-12113-pa-0.65-pb-0.35:40,bandit,40,5.200939419878843,2.7381370135275556,0.5,0.5,0.0,0.0,-2.0,0.5,0.0,-2.0
seed-12113-pa-0.65-pb-0.35,seed-12113-pa-0.65-pb-0.35:41,bandit,41,4.898123264139841,2.7381370135275556,0.5,0.5,0.0,0.0,-2.0,0.5,0.0,-2.0
seed-12113-pa-0.65-pb-0.35,seed-12113-pa-0.65-pb-0.35:42,bandit,42,5.13259903531717,2.71412952954077,0.3999999999999999,0.3999999999999999,0.0,0.0,-2.0,0.3999999999999999,0.0,-2.0
seed-12113-pa-0.65-pb-0.35,seed-12113-pa-0.65-pb-0.35:43,bandit,43,5.126929081345374,3.8469948866576997,0.5,0.5,0.0,0.0,3.0,0.5,0.0,3.0
seed-12113-pa-0.65-pb-0.35,seed-12113-pa-0.65-pb-0.35:44,bandit,44,4.773123264139841,3.8469948866576997,0.5,0.5,0.0,0.0,3.0,0.5,0.0,3.0
seed-12113-pa-0.65-pb-0.35,seed-12113-pa-0.65-pb-0.35:45,bandit,45,5.773123264139841,2.7381370135275556,0.5,0.5,0.0,0.0,-2.0,0.5,0.0,-2.0
seed-12113-pa-0.65-pb-0.35,seed-12113-pa-0.65-pb-0.35:46,bandit,46,6.438261687518224,3.8692240384973156,0.5925925925925926,0.5925925925925926,0.0,0.0,3.0,0.5925925925925926,0.0,3.0
seed-12113-pa-0.65-pb-0.35,seed-12113-pa-0.65-pb-0.35:47,bandit,47,5.648123264139841,3.8692240384973156,0.5925925925925926,0.5925925925925926,0.0,0.0,3.0,0.5925925925925926,0.0,3.0
seed-12113-pa-0.65-pb-0.35,seed-12113-pa-0.65-pb-0.35:48,bandit,48,5.898123264139841,3.8692240384973156,0.5925925925925926,0.5925925925925926,0.0,0.0,3.0,0.5925925925925926,0.0,3.0
seed-12113-pa-0.65-pb-0.35,seed-12113-pa-0.65-pb-0.35:49,bandit,49,5.523123264139841,2.7603661653671714,0.5925925925925926,0.5925925925925926,0.0,0.0,-2.0,0.5925925925925926,0.0,-2.0
seed-12113-pa-0.65-pb-0.35,seed-12113-pa-0.65-pb-0.35:50,bandit,50,6.42870067827652,3.889865393776959,0.6785714285714284,0.6785714285714284,0.0,0.0,3.0,0.6785714285714284,0.0,3.0
seed-12113-pa-0.65-pb-0.35,seed-12113-pa-0.65-pb-0.35:51,bandit,51,5.398123264139841,2.758833120412715,0.5862068965517242,0.5862068965517242,0.0,0.0,-2.0,0.5862068965517242,0.0,-2.0
seed-12113-pa-0.65-pb-0.35,seed-12113-pa-0.65-pb-0.35:52,bandit,52,6.4734445810050545,3.8676909935428596,0.5862068965517242,0.5862068965517242,0.0,0.0,3.0,0.5862068965517242,0.0,3.0
seed-12113-pa-0.65-pb-0.35,seed-12113-pa-0.65-pb-0.35:53,bandit,53,5.9734445810050545,3.8870073599690085,0.6666666666666665,0.6666666666666665,0.0,0.0,3.0,0.6666666666666665,0.0,3.0
seed-12113-pa-0.65-pb-0.35,seed-12113-pa-0.65-pb-0.35:54,bandit,54,5.761871006114902,3.905077509206374,0.7419354838709675,0.7419354838709675,0.0,0.0,3.0,0.7419354838709675,0.0,3.0
seed-12113-pa-0.65-pb-0.35,seed-12113-pa-0.65-pb-0.35:55,bandit,55,5.55370067827652,2.7962196360762293,0.7419354838709675,0.7419354838709675,0.0,0.0,-2.0,0.7419354838709675,0.0,-2.0
seed-12113-pa-0.65-pb-0.35,seed-12113-pa-0.65-pb-0.35:56,bandit,56,6.5984445810050545,3.905077509206374,0.7419354838709675,0.7419354838709675,0.0,0.0,3.0,0.7419354838709675,0.0,3.0
seed-12113-pa-0.65-pb-0.35,seed-12113-pa-0.65-pb-0.35:57,bandit,57,6.05370067827652,3.922018274116404,0.8125,0.8125,0.0,0.0,3.0,0.8125,0.0,3.0
seed-12113-pa-0.65-pb-0.35,seed-12113-pa-0.65-pb-0.35:58,bandit,58,5.724076984180108,2.7926994771338856,0.7272727272727271,0.7272727272727271,0.0,0.0,-2.0,0.7272727272727271,0.0,-2.0
seed-12113-pa-0.65-pb-0.35,seed-12113-pa-0.65-pb-0.35:59,bandit,59,6.313261687518224,3.9176051336776565,0.7941176470588234,0.7941176470588234,0.0,0.0,3.0,0.7941176470588234,0.0,3.0
seed-12113-pa-0.65-pb-0.35,seed-12113-pa-0.65-pb-0.35:60,bandit,60,6.4734445810050545,3.9327359008962186,0.8571428571428572,0.8571428571428572,0.0,0.0,3.0,0.8571428571428572,0.0,3.0
seed-12113-pa-0.65-pb-0.35,seed-12113-pa-0.65-pb-0.35:61,bandit,61,6.156150136248314,3.947026069935972,0.9166666666666664,0.9166666666666664,0.0,0.0,3.0,0.9166666666666664,0.0,3.0
seed-12113-pa-0.65-pb-0.35,seed-12113-pa-0.65-pb-0.35:62,bandit,62,6.326413277982752,3.9605437974060083,0.9729729729729728,0.9729729729729728,0.0,0.0,3.0,0.9729729729729728,0.0,3.0
seed-12113-pa-0.65-pb-0.35,seed-12113-pa-0.65-pb-0.35:63,bandit,63,7.011871006114902,3.9605437974060083,0.9729729729729728,0.9729729729729728,0.0,0.0,3.0,0.9729729729729728,0.0,3.0
seed-12113-pa-0.65-pb-0.35,seed-12113-pa-0.65-pb-0.35:64,bandit,64,6.376929081345374,3.973350065535517,1.026315789473684,1.026315789473684,0.0,0.0,3.0,1.026315789473684,0.0,3.0
seed-12113-pa-0.65-pb-0.35,seed-12113-pa-0.65-pb-0.35:65,bandit,65,6.410224150438086,3.9854996019660764,1.076923076923077,1.076923076923077,0.0,0.0,3.0,1.076923076923077,0.0,3.0
seed-12113-pa-0.65-pb-0.35,seed-12113-pa-0.65-pb-0.35:66,bandit,66,6.160224150438086,3.997041661575108,1.125,1.125,0.0,0.0,3.0,1.125,0.0,3.0
seed-12113-pa-0.65-pb-0.35,seed-12113-pa-0.65-pb-0.35:67,bandit,67,6.126928011042974,4.008020693886137,1.170731707317073,1.170731707317073,0.0,0.0,3.0,1.170731707317073,0.0,3.0
seed-12113-pa-0.65-pb-0.35,seed-12113-pa-0.65-pb-0.35:68,bandit,68,6.225206558916746,4.0184769151347375,1.2142857142857144,1.2142857142857144,0.0,0.0,3.0,1.2142857142857144,0.0,3.0
seed-12113-pa-0.65-pb-0.35,seed-12113-pa-0.65-pb-0.35:69,bandit,69,6.46393946547494,4.028446800511309,1.255813953488372,1.255813953488372,0.0,0.0,3.0,1.255813953488372,0.0,3.0
seed-12113-pa-0.65-pb-0.35,seed-12113-pa-0.65-pb-0.35:70,bandit,70,6.626929081345374,4.028446800511309,1.255813953488372,1.255813953488372,0.0,0.0,3.0,1.255813953488372,0.0,3.0
seed-12113-pa-0.65-pb-0.35,seed-12113-pa-0.65-pb-0.35:71,bandit,71,5.563261687518224,2.901824404346546,1.1818181818181817,1.1818181818181817,0.0,0.0,-2.0,1.1818181818181817,0.0,-2.0
seed-12113-pa-0.65-pb-0.35,seed-12113-pa-0.65-pb-0.35:72,bandit,72,5.156150136248314,2.884849415669021,1.1111111111111112,1.1111111111111112,0.0,0.0,-2.0,1.1111111111111112,0.0,-2.0
seed-12113-pa-0.65-pb-0.35,seed-12113-pa-0.65-pb-0.35:73,bandit,73,4.951413277982752,2.8686124699774753,1.0434782608695654,1.0434782608695654,0.0,0.0,-2.0,1.0434782608695654,0.0,-2.0
seed-12113-pa-0.65-pb-0.35,seed-12113-pa-0.65-pb-0.35:74,bandit,74,4.451413277982752,2.853066458145144,0.978723404255319,0.978723404255319,0.0,0.0,-2.0,0.978723404255319,0.0,-2.0
seed-12113-pa-0.65-pb-0.35,seed-12113-pa-0.65-pb-0.35:75,bandit,75,6.376928011042974,3.97203386575554,1.0208333333333337,1.0208333333333337,0.0,0.0,3.0,1.0208333333333337,0.0,3.0
seed-12113-pa-0.65-pb-0.35,seed-12113-pa-0.65-pb-0.35:76,bandit,76,6.031150136248314,2.8631759926253952,1.0208333333333337,1.0208333333333337,0.0,0.0,-2.0,1.0208333333333337,0.0,-2.0
seed-12113-pa-0.65-pb-0.35,seed-12113-pa-0.65-pb-0.35:77,bandit,77,6.850412651601648,3.9817307661753722,1.0612244897959182,1.0612244897959182,0.0,0.0,3.0,1.0612244897959182,0.0,3.0
seed-12113-pa-0.65-pb-0.35,seed-12113-pa-0.65-pb-0.35:78,bandit,78,6.660224150438086,3.9910397905784114,1.1,1.1,0.0,0.0,3.0,1.1,0.0,3.0
seed-12113-pa-0.65-pb-0.35,seed-12113-pa-0.65-pb-0.35:79,bandit,79,6.612822278771571,3.9999837552009394,1.1372549019607845,1.1372549019607845,0.0,0.0,3.0,1.1372549019607845,0.0,3.0
seed-12113-pa-0.65-pb-0.35,seed-12113-pa-0.65-pb-0.35:80,bandit,80,6.475206558916746,4.008583721184139,1.173076923076923,1.173076923076923,0.0,0.0,3.0,1.173076923076923,0.0,3.0
seed-12113-pa-0.65-pb-0.35,seed-12113-pa-0.65-pb-0.35:81,bandit,81,6.46393946547494,4.016859160149105,1.207547169811321,1.207547169811321,0.0,0.0,3.0,1.207547169811321,0.0,3.0
seed-12113-pa-0.65-pb-0.35,seed-12113-pa-0.65-pb-0.35:82,bandit,82,5.80474463538566,2.893741076404867,1.1481481481481484,1.1481481481481484,0.0,0.0,-2.0,1.1481481481481484,0.0,-2.0
seed-12113-pa-0.65-pb-0.35,seed-12113-pa-0.65-pb-0.35:83,bandit,83,6.83893946547494,4.01068227747669,1.1818181818181817,1.1818181818181817,0.0,0.0,3.0,1.1818181818181817,0.0,3.0
seed-12113-pa-0.65-pb-0.35,seed-12113-pa-0.65-pb-0.35:84,bandit,84,6.578889734292549,4.0184769151347375,1.2142857142857144,1.2142857142857144,0.0,0.0,3.0,1.2142857142857144,0.0,3.0
seed-12113-pa-0.65-pb-0.35,seed-12113-pa-0.65-pb-0.35:85,bandit,85,5.785224150438086,2.8960809871248268,1.1578947368421053,1.1578947368421053,0.0,0.0,-2.0,1.1578947368421053,0.0,-2.0
seed-12113-pa-0.65-pb-0.35,seed-12113-pa-0.65-pb-0.35:86,bandit,86,5.688261687518224,2.8960809871248268,1.1578947368421053,1.1578947368421053,0.0,0.0,-2.0,1.1578947368421053,0.0,-2.0
seed-12113-pa-0.65-pb-0.35,seed-12113-pa-0.65-pb-0.35:87,bandit,87,7.21393946547494,4.012563741738978,1.1896551724137931,1.1896551724137931,0.0,0.0,3.0,1.1896551724137931,0.0,3.0
seed-12113-pa-0.65-pb-0.35,seed-12113-pa-0.65-pb-0.35:88,bandit,88,6.58893946547494,4.0199301526642035,1.220338983050847,1.220338983050847,0.0,0.0,3.0,1.220338983050847,0.0,3.0
seed-12113-pa-0.65-pb-0.35,seed-12113-pa-0.65-pb-0.35:89,bandit,89,6.8199361996449746,4.027051016558589,1.25,1.25,0.0,0.0,3.0,1.25,0.0,3.0
seed-12113-pa-0.65-pb-0.35,seed-12113-pa-0.65-pb-0.35:90,bandit,90,6.001928011042974,2.9054022708125347,1.19672131147541,1.19672131147541,0.0,0.0,-2.0,1.19672131147541,0.0,-2.0
seed-12113-pa-0.65-pb-0.35,seed-12113-pa-0.65-pb-0.35:91,bandit,91,5.910224150438086,2.893024006990686,1.1451612903225803,1.1451612903225803,0.0,0.0,-2.0,1.1451612903225803,0.0,-2.0
seed-12113-pa-0.65-pb-0.35,seed-12113-pa-0.65-pb-0.35:92,bandit,92,6.975206558916746,4.008950135774902,1.1746031746031744,1.1746031746031744,0.0,0.0,3.0,1.1746031746031744,0.0,3.0
seed-12113-pa-0.65-pb-0.35,seed-12113-pa-0.65-pb-0.35:93,bandit,93,6.6949361996449746,4.015797508439784,1.203125,1.203125,0.0,0.0,3.0,1.203125,0.0,3.0
seed-12113-pa-0.65-pb-0.35,seed-12113-pa-0.65-pb-0.35:94,bandit,94,6.561967589003199,4.022434192714977,1.2307692307692308,1.2307692307692308,0.0,0.0,3.0,1.2307692307692308,0.0,3.0
seed-12113-pa-0.65-pb-0.35,seed-12113-pa-0.65-pb-0.35:95,bandit,95,6.554882179158078,4.028869765345467,1.2575757575757578,1.2575757575757578,0.0,0.0,3.0,1.2575757575757578,0.0,3.0
seed-12113-pa-0.65-pb-0.35,seed-12113-pa-0.65-pb-0.35:96,bandit,96,6.0699361996449746,2.9083393253741674,1.2089552238805972,1.2089552238805972,0.0,0.0,-2.0,1.2089552238805972,0.0,-2.0
seed-12113-pa-0.65-pb-0.35,seed-12113-pa-0.65-pb-0.35:97,bandit,97,6.804882179158078,4.023520504207592,1.2352941176470589,1.2352941176470589,0.0,0.0,3.0,1.2352941176470589,0.0,3.0
seed-12113-pa-0.65-pb-0.35,seed-12113-pa-0.65-pb-0.35:98,bandit,98,6.54858735157374,4.0296605256875875,1.2608695652173911,1.2608695652173911,0.0,0.0,3.0,1.2608695652173911,0.0,3.0
seed-12113-pa-0.65-pb-0.35,seed-12113-pa-0.65-pb-0.35:99,bandit,99,6.417999079229087,4.035625117982441,1.2857142857142856,1.2857142857142856,0.0,0.0,3.0,1.2857142857142856,0.0,3.0
seed-12115-pa-0.35-pb-0.35,seed-12115-pa-0.35-pb-0.35:0,bandit,0,4.203889734292549,3.181680162779613,0.5,0.5,0.0,0.0,0.0,0.5,0.0,0.0
seed-12115-pa-0.35-pb-0.35,seed-12115-pa-0.35-pb-0.35:1,bandit,1,4.42870067827652,4.047057253214244,1.3333333333333337,1.3333333333333337,0.0,0.0,3.0,1.3333333333333337,0.0,3.0
seed-12115-pa-0.35-pb-0.35,seed-12115-pa-0.35-pb-0.35:2,bandit,2,3.201413277982752,4.147088436492515,1.75,1.75,0.0,0.0,3.0,1.75,0.0,3.0
seed-12115-pa-0.35-pb-0.35,seed-12115-pa-0.35-pb-0.35:3,bandit,3,3.42974463538566,2.858174433461482,1.0,1.0,0.0,0.0,-2.0,1.0,0.0,-2.0
seed-12115-pa-0.35-pb-0.35,seed-12115-pa-0.35-pb-0.35:4,bandit,4,2.2254126516016477,2.858174433461482,1.0,1.0,0.0,0.0,-2.0,1.0,0.0,-2.0
seed-12115-pa-0.35-pb-0.35,seed-12115-pa-0.35-pb-0.35:5,bandit,5,4.001929081345374,4.047057253214244,1.3333333333333337,1.3333333333333337,0.0,0.0,3.0,1.3333333333333337,0.0,3.0
seed-12115-pa-0.35-pb-0.35,seed-12115-pa-0.35-pb-0.35:6,bandit,6,2.701413277982752,4.047057253214244,1.3333333333333337,1.3333333333333337,0.0,0.0,3.0,1.3333333333333337,0.0,3.0
seed-12115-pa-0.35-pb-0.35,seed-12115-pa-0.35-pb-0.35:7,bandit,7,2.8825990353171704,4.104217929373256,1.5714285714285716,1.5714285714285716,0.0,0.0,3.0,1.5714285714285716,0.0,3.0
seed-12115-pa-0.35-pb-0.35,seed-12115-pa-0.35-pb-0.35:8,bandit,8,2.767675057605601,4.104217929373256,1.5714285714285716,1.5714285714285716,0.0,0.0,3.0,1.5714285714285716,0.0,3.0
seed-12115-pa-0.35-pb-0.35,seed-12115-pa-0.35-pb-0.35:9,bandit,9,2.0537006782765204,2.9953600562431117,1.5714285714285716,1.5714285714285716,0.0,0.0,-2.0,1.5714285714285716,0.0,-2.0
seed-12115-pa-0.35-pb-0.35,seed-12115-pa-0.35-pb-0.35:10,bandit,10,2.656150136248314,2.8881837884449633,1.125,1.125,0.0,0.0,-2.0,1.125,0.0,-2.0
seed-12115-pa-0.35-pb-0.35,seed-12115-pa-0.35-pb-0.35:11,bandit,11,2.0231232641398407,2.8881837884449633,1.125,1.125,0.0,0.0,-2.0,1.125,0.0,-2.0
seed-12115-pa-0.35-pb-0.35,seed-12115-pa-0.35-pb-0.35:12,bandit,12,4.075939419878843,4.047057253214244,1.3333333333333337,1.3333333333333337,0.0,0.0,3.0,1.3333333333333337,0.0,3.0
seed-12115-pa-0.35-pb-0.35,seed-12115-pa-0.35-pb-0.35:13,bandit,13,3.7234445810050545,4.047057253214244,1.3333333333333337,1.3333333333333337,0.0,0.0,3.0,1.3333333333333337,0.0,3.0
seed-12115-pa-0.35-pb-0.35,seed-12115-pa-0.35-pb-0.35:14,bandit,14,4.224076984180108,4.087069726525552,1.5,1.5,0.0,0.0,3.0,1.5,0.0,3.0
seed-12115-pa-0.35-pb-0.35,seed-12115-pa-0.35-pb-0.35:15,bandit,15,3.6481232641398407,2.978211853395408,1.5,1.5,0.0,0.0,-2.0,1.5,0.0,-2.0
seed-12115-pa-0.35-pb-0.35,seed-12115-pa-0.35-pb-0.35:16,bandit,16,4.281150136248314,4.087069726525552,1.5,1.5,0.0,0.0,3.0,1.5,0.0,3.0
seed-12115-pa-0.35-pb-0.35,seed-12115-pa-0.35-pb-0.35:17,bandit,17,3.474076984180108,2.901824404346546,1.1818181818181817,1.1818181818181817,0.0,0.0,-2.0,1.1818181818181817,0.0,-2.0
seed-12115-pa-0.35-pb-0.35,seed-12115-pa-0.35-pb-0.35:18,bandit,18,4.7234445810050545,4.01068227747669,1.1818181818181817,1.1818181818181817,0.0,0.0,3.0,1.1818181818181817,0.0,3.0
seed-12115-pa-0.35-pb-0.35,seed-12115-pa-0.35-pb-0.35:19,bandit,19,4.3484445810050545,4.01068227747669,1.1818181818181817,1.1818181818181817,0.0,0.0,3.0,1.1818181818181817,0.0,3.0
seed-12115-pa-0.35-pb-0.35,seed-12115-pa-0.35-pb-0.35:20,bandit,20,3.7731232641398407,2.838168196805827,0.9166666666666664,0.9166666666666664,0.0,0.0,-2.0,0.9166666666666664,0.0,-2.0
seed-12115-pa-0.35-pb-0.35,seed-12115-pa-0.35-pb-0.35:21,bandit,21,3.224076984180108,2.838168196805827,0.9166666666666664,0.9166666666666664,0.0,0.0,-2.0,0.9166666666666664,0.0,-2.0
seed-12115-pa-0.35-pb-0.35,seed-12115-pa-0.35-pb-0.35:22,bandit,22,4.575939419878843,3.9854996019660764,1.076923076923077,1.076923076923077,0.0,0.0,3.0,1.076923076923077,0.0,3.0
seed-12115-pa-0.35-pb-0.35,seed-12115-pa-0.35-pb-0.35:23,bandit,23,3.8825990353171704,2.876641728835932,1.076923076923077,1.076923076923077,0.0,0.0,-2.0,1.076923076923077,0.0,-2.0
seed-12115-pa-0.35-pb-0.35,seed-12115-pa-0.35-pb-0.35:24,bandit,24,4.67870067827652,3.9854996019660764,1.076923076923077,1.076923076923077,0.0,0.0,3.0,1.076923076923077,0.0,3.0
seed-12115-pa-0.35-pb-0.35,seed-12115-pa-0.35-pb-0.35:25,bandit,25,3.9734445810050545,2.8238780277660744,0.8571428571428572,0.8571428571428572,0.0,0.0,-2.0,0.8571428571428572,0.0,-2.0
seed-12115-pa-0.35-pb-0.35,seed-12115-pa-0.35-pb-0.35:26,bandit,26,4.80370067827652,3.967032306591626,1.0,1.0,0.0,0.0,3.0,1.0,0.0,3.0
seed-12115-pa-0.35-pb-0.35,seed-12115-pa-0.35-pb-0.35:27,bandit,27,3.974076984180108,2.858174433461482,1.0,1.0,0.0,0.0,-2.0,1.0,0.0,-2.0
seed-12115-pa-0.35-pb-0.35,seed-12115-pa-0.35-pb-0.35:28,bandit,28,3.700939419878843,2.858174433461482,1.0,1.0,0.0,0.0,-2.0,1.0,0.0,-2.0
seed-12115-pa-0.35-pb-0.35,seed-12115-pa-0.35-pb-0.35:29,bandit,29,3.3825990353171704,2.858174433461482,1.0,1.0,0.0,0.0,-2.0,1.0,0.0,-2.0
seed-12115-pa-0.35-pb-0.35,seed-12115-pa-0.35-pb-0.35:30,bandit,30,4.011871006114902,2.813160400986259,0.8125,0.8125,0.0,0.0,-2.0,0.8125,0.0,-2.0
seed-12115-pa-0.35-pb-0.35,seed-12115-pa-0.35-pb-0.35:31,bandit,31,3.849076984180108,2.7734421370375335,0.6470588235294117,0.6470588235294117,0.0,0.0,-2.0,0.6470588235294117,0.0,-2.0
seed-12115-pa-0.35-pb-0.35,seed-12115-pa-0.35-pb-0.35:32,bandit,32,3.0231232641398407,2.7381370135275556,0.5,0.5,0.0,0.0,-2.0,0.5,0.0,-2.0
seed-12115-pa-0.35-pb-0.35,seed-12115-pa-0.35-pb-0.35:33,bandit,33,3.5231232641398407,2.7381370135275556,0.5,0.5,0.0,0.0,-2.0,0.5,0.0,-2.0
seed-12115-pa-0.35-pb-0.35,seed-12115-pa-0.35-pb-0.35:34,bandit,34,3.575939419878843,2.706548218808101,0.3684210526315787,0.3684210526315787,0.0,0.0,-2.0,0.3684210526315787,0.0,-2.0
seed-12115-pa-0.35-pb-0.35,seed-12115-pa-0.35-pb-0.35:35,bandit,35,4.13259903531717,2.706548218808101,0.3684210526315787,0.3684210526315787,0.0,0.0,-2.0,0.3684210526315787,0.0,-2.0
seed-12115-pa-0.35-pb-0.35,seed-12115-pa-0.35-pb-0.35:36,bandit,36,4.63259903531717,3.8154060919382453,0.3684210526315787,0.3684210526315787,0.0,0.0,3.0,0.3684210526315787,0.0,3.0
seed-12115-pa-0.35-pb-0.35,seed-12115-pa-0.35-pb-0.35:37,bandit,37,4.648123264139841,2.706548218808101,0.3684210526315787,0.3684210526315787,0.0,0.0,-2.0,0.3684210526315787,0.0,-2.0
seed-12115-pa-0.35-pb-0.35,seed-12115-pa-0.35-pb-0.35:38,bandit,38,4.450939419878843,2.706548218808101,0.3684210526315787,0.3684210526315787,0.0,0.0,-2.0,0.3684210526315787,0.0,-2.0
seed-12115-pa-0.35-pb-0.35,seed-12115-pa-0.35-pb-0.35:39,bandit,39,4.273123264139841,2.706548218808101,0.3684210526315787,0.3684210526315787,0.0,0.0,-2.0,0.3684210526315787,0.0,-2.0
seed-12115-pa-0.35-pb-0.35,seed-12115-pa-0.35-pb-0.35:40,bandit,40,5.148123264139841,3.8469948866576997,0.5,0.5,0.0,0.0,3.0,0.5,0.0,3.0
seed-12115-pa-0.35-pb-0.35,seed-12115-pa-0.35-pb-0.35:41,bandit,41,5.136871006114902,2.709556675448049,0.3809523809523809,0.3809523809523809,0.0,0.0,-2.0,0.3809523809523809,0.0,-2.0
seed-12115-pa-0.35-pb-0.35,seed-12115-pa-0.35-pb-0.35:42,bandit,42,5.13259903531717,3.8184145485781933,0.3809523809523809,0.3809523809523809,0.0,0.0,3.0,0.3809523809523809,0.0,3.0
seed-12115-pa-0.35-pb-0.35,seed-12115-pa-0.35-pb-0.35:43,bandit,43,5.011871006114902,2.683574549921225,0.2727272727272729,0.2727272727272729,0.0,0.0,-2.0,0.2727272727272729,0.0,-2.0
seed-12115-pa-0.35-pb-0.35,seed-12115-pa-0.35-pb-0.35:44,bandit,44,5.63259903531717,3.7924324230513697,0.2727272727272729,0.2727272727272729,0.0,0.0,3.0,0.2727272727272729,0.0,3.0
seed-12115-pa-0.35-pb-0.35,seed-12115-pa-0.35-pb-0.35:45,bandit,45,5.17870067827652,2.6598517396576034,0.1739130434782607,0.1739130434782607,0.0,0.0,-2.0,0.1739130434782607,0.0,-2.0
seed-12118-pa-0.50-pb-0.35,seed-12118-pa-0.50-pb-0.35:0,bandit,0,4.203889734292549,3.181680162779613,0.5,0.5,0.0,0.0,0.0,0.5,0.0,0.0
seed-12118-pa-0.50-pb-0.35,seed-12118-pa-0.50-pb-0.35:1,bandit,1,4.42870067827652,4.047057253214244,1.3333333333333337,1.3333333333333337,0.0,0.0,3.0,1.3333333333333337,0.0,3.0
seed-12118-pa-0.50-pb-0.35,seed-12118-pa-0.50-pb-0.35:2,bandit,2,3.6368710061149017,2.7381370135275556,0.5,0.5,0.0,0.0,-2.0,0.5,0.0,-2.0
seed-12118-pa-0.50-pb-0.35,seed-12118-pa-0.50-pb-0.35:3,bandit,3,4.100206558916746,4.047057253214244,1.3333333333333337,1.3333333333333337,0.0,0.0,3.0,1.3333333333333337,0.0,3.0
seed-12118-pa-0.50-pb-0.35,seed-12118-pa-0.50-pb-0.35:4,bandit,4,3.392675057605601,4.047057253214244,1.3333333333333337,1.3333333333333337,0.0,0.0,3.0,1.3333333333333337,0.0,3.0
seed-12118-pa-0.50-pb-0.35,seed-12118-pa-0.50-pb-0.35:5,bandit,5,3.251928011042974,4.047057253214244,1.3333333333333337,1.3333333333333337,0.0,0.0,3.0,1.3333333333333337,0.0,3.0
seed-12118-pa-0.50-pb-0.35,seed-12118-pa-0.50-pb-0.35:6,bandit,6,2.974076984180108,2.9381993800840993,1.3333333333333337,1.3333333333333337,0.0,0.0,-2.0,1.3333333333333337,0.0,-2.0
seed-12118-pa-0.50-pb-0.35,seed-12118-pa-0.50-pb-0.35:7,bandit,7,5.151300195186874,4.147088436492515,1.75,1.75,0.0,0.0,3.0,1.75,0.0,3.0
seed-12118-pa-0.50-pb-0.35,seed-12118-pa-0.50-pb-0.35:8,bandit,8,3.599076984180108,3.038230563362371,1.75,1.75,0.0,0.0,-2.0,1.75,0.0,-2.0
seed-12118-pa-0.50-pb-0.35,seed-12118-pa-0.50-pb-0.35:9,bandit,9,4.5699361996449746,4.147088436492515,1.75,1.75,0.0,0.0,3.0,1.75,0.0,3.0
seed-12118-pa-0.50-pb-0.35,seed-12118-pa-0.50-pb-0.35:10,bandit,10,3.3868710061149017,3.038230563362371,1.75,1.75,0.0,0.0,-2.0,1.75,0.0,-2.0
seed-12118-pa-0.50-pb-0.35,seed-12118-pa-0.50-pb-0.35:11,bandit,11,4.1949361996449746,4.147088436492515,1.75,1.75,0.0,0.0,3.0,1.75,0.0,3.0
seed-12118-pa-0.50-pb-0.35,seed-12118-pa-0.50-pb-0.35:12,bandit,12,3.4754126516016477,3.038230563362371,1.75,1.75,0.0,0.0,-2.0,1.75,0.0,-2.0
seed-12118-pa-0.50-pb-0.35,seed-12118-pa-0.50-pb-0.35:13,bandit,13,3.156150136248314,3.038230563362371,1.75,1.75,0.0,0.0,-2.0,1.75,0.0,-2.0
seed-12118-pa-0.50-pb-0.35,seed-12118-pa-0.50-pb-0.35:14,bandit,14,3.0352241504380864,3.038230563362371,1.75,1.75,0.0,0.0,-2.0,1.75,0.0,-2.0
seed-12118-pa-0.50-pb-0.35,seed-12118-pa-0.50-pb-0.35:15,bandit,15,2.326413277982752,3.038230563362371,1.75,1.75,0.0,0.0,-2.0,1.75,0.0,-2.0
seed-12118-pa-0.50-pb-0.35,seed-12118-pa-0.50-pb-0.35:16,bandit,16,2.474076984180108,2.858174433461482,1.0,1.0,0.0,0.0,-2.0,1.0,0.0,-2.0
seed-12118-pa-0.50-pb-0.35,seed-12118-pa-0.50-pb-0.35:17,bandit,17,3.031150136248314,2.858174433461482,1.0,1.0,0.0,0.0,-2.0,1.0,0.0,-2.0
seed-12118-pa-0.50-pb-0.35,seed-12118-pa-0.50-pb-0.35:18,bandit,18,4.453889734292549,3.967032306591626,1.0,1.0,0.0,0.0,3.0,1.0,0.0,3.0
seed-12118-pa-0.50-pb-0.35,seed-12118-pa-0.50-pb-0.35:19,bandit,19,4.0699361996449746,3.967032306591626,1.0,1.0,0.0,0.0,3.0,1.0,0.0,3.0
seed-12118-pa-0.50-pb-0.35,seed-12118-pa-0.50-pb-0.35:20,bandit,20,4.776300195186874,3.967032306591626,1.0,1.0,0.0,0.0,3.0,1.0,0.0,3.0
seed-12118-pa-0.50-pb-0.35,seed-12118-pa-0.50-pb-0.35:21,bandit,21,4.526300195186874,3.967032306591626,1.0,1.0,0.0,0.0,3.0,1.0,0.0,3.0
seed-12123-pa-0.35-pb-0.50,seed-12123-pa-0.35-pb-0.50:0,bandit,0,4.203889734292549,3.181680162779613,0.5,0.5,0.0,0.0,0.0,0.5,0.0,0.0
seed-12123-pa-0.35-pb-0.50,seed-12123-pa-0.35-pb-0.50:1,bandit,1,4.42870067827652,4.047057253214244,1.3333333333333337,1.3333333333333337,0.0,0.0,3.0,1.3333333333333337,0.0,3.0
seed-12123-pa-0.35-pb-0.50,seed-12123-pa-0.35-pb-0.50:2,bandit,2,2.501928011042974,2.9381993800840993,1.3333333333333337,1.3333333333333337,0.0,0.0,-2.0,1.3333333333333337,0.0,-2.0
seed-12123-pa-0.35-pb-0.50,seed-12123-pa-0.35-pb-0.50:3,bandit,3,2.6368710061149017,4.147088436492515,1.75,1.75,0.0,0.0,3.0,1.75,0.0,3.0
seed-12123-pa-0.35-pb-0.50,seed-12123-pa-0.35-pb-0.50:4,bandit,4,1.2254126516016477,3.038230563362371,1.75,1.75,0.0,0.0,-2.0,1.75,0.0,-2.0
seed-12129-pa-0.65-pb-0.35,seed-12129-pa-0.65-pb-0.35:0,bandit,0,4.203889734292549,3.181680162779613,0.5,0.5,0.0,0.0,0.0,0.5,0.0,0.0
seed-12129-pa-0.65-pb-0.35,seed-12129-pa-0.65-pb-0.35:1,bandit,1,4.42870067827652,4.047057253214244,1.3333333333333337,1.3333333333333337,0.0,0.0,3.0,1.3333333333333337,0.0,3.0
seed-12129-pa-0.65-pb-0.35,seed-12129-pa-0.65-pb-0.35:2,bandit,2,3.201413277982752,4.147088436492515,1.75,1.75,0.0,0.0,3.0,1.75,0.0,3.0
seed-12129-pa-0.65-pb-0.35,seed-12129-pa-0.65-pb-0.35:3,bandit,3,3.4878222787715707,4.207107146459479,2.0,2.0,0.0,0.0,3.0,2.0,0.0,3.0
seed-12129-pa-0.65-pb-0.35,seed-12129-pa-0.65-pb-0.35:4,bandit,4,2.826413277982752,2.9381993800840993,1.3333333333333337,1.3333333333333337,0.0,0.0,-2.0,1.3333333333333337,0.0,-2.0
seed-12129-pa-0.65-pb-0.35,seed-12129-pa-0.65-pb-0.35:5,bandit,5,4.96393946547494,4.047057253214244,1.3333333333333337,1.3333333333333337,0.0,0.0,3.0,1.3333333333333337,0.0,3.0
seed-12129-pa-0.65-pb-0.35,seed-12129-pa-0.65-pb-0.35:6,bandit,6,4.08893946547494,4.104217929373256,1.5714285714285716,1.5714285714285716,0.0,0.0,3.0,1.5714285714285716,0.0,3.0
seed-12129-pa-0.65-pb-0.35,seed-12129-pa-0.65-pb-0.35:7,bandit,7,3.6949361996449746,4.147088436492515,1.75,1.75,0.0,0.0,3.0,1.75,0.0,3.0
seed-12129-pa-0.65-pb-0.35,seed-12129-pa-0.65-pb-0.35:8,bandit,8,2.1269290813453736,3.038230563362371,1.75,1.75,0.0,0.0,-2.0,1.75,0.0,-2.0
seed-12129-pa-0.65-pb-0.35,seed-12129-pa-0.65-pb-0.35:9,bandit,9,4.001928011042974,4.18043216425194,1.8888888888888888,1.8888888888888888,0.0,0.0,3.0,1.8888888888888888,0.0,3.0
seed-12129-pa-0.65-pb-0.35,seed-12129-pa-0.65-pb-0.35:10,bandit,10,3.4754126516016477,4.207107146459479,2.0,2.0,0.0,0.0,3.0,2.0,0.0,3.0
seed-12129-pa-0.65-pb-0.35,seed-12129-pa-0.65-pb-0.35:11,bandit,11,3.6004126516016477,4.228932131902011,2.090909090909091,2.090909090909091,0.0,0.0,3.0,2.090909090909091,0.0,3.0
seed-12129-pa-0.65-pb-0.35,seed-12129-pa-0.65-pb-0.35:12,bandit,12,3.325939419878843,3.038230563362371,1.75,1.75,0.0,0.0,-2.0,1.75,0.0,-2.0
seed-12129-pa-0.65-pb-0.35,seed-12129-pa-0.65-pb-0.35:13,bandit,13,3.0681471805599436,2.968978205708183,1.4615384615384617,1.4615384615384617,0.0,0.0,-2.0,1.4615384615384617,0.0,-2.0
seed-12129-pa-0.65-pb-0.35,seed-12129-pa-0.65-pb-0.35:14,bandit,14,2.4287006782765204,2.968978205708183,1.4615384615384617,1.4615384615384617,0.0,0.0,-2.0,1.4615384615384617,0.0,-2.0
seed-12129-pa-0.65-pb-0.35,seed-12129-pa-0.65-pb-0.35:15,bandit,15,3.200939419878843,2.909619042004593,1.2142857142857144,1.2142857142857144,0.0,0.0,-2.0,1.2142857142857144,0.0,-2.0
seed-12129-pa-0.65-pb-0.35,seed-12129-pa-0.65-pb-0.35:16,bandit,16,5.203889734292549,4.0184769151347375,1.2142857142857144,1.2142857142857144,0.0,0.0,3.0,1.2142857142857144,0.0,3.0
seed-12129-pa-0.65-pb-0.35,seed-12129-pa-0.65-pb-0.35:17,bandit,17,5.001928011042974,4.047057253214244,1.3333333333333337,1.3333333333333337,0.0,0.0,3.0,1.3333333333333337,0.0,3.0
seed-12129-pa-0.65-pb-0.35,seed-12129-pa-0.65-pb-0.35:18,bandit,18,4.600206558916746,4.072065049033812,1.4375,1.4375,0.0,0.0,3.0,1.4375,0.0,3.0
seed-12129-pa-0.65-pb-0.35,seed-12129-pa-0.65-pb-0.35:19,bandit,19,4.474076984180108,2.914662631077447,1.2352941176470589,1.2352941176470589,0.0,0.0,-2.0,1.2352941176470589,0.0,-2.0
seed-12129-pa-0.65-pb-0.35,seed-12129-pa-0.65-pb-0.35:20,bandit,20,5.578889734292549,4.047057253214244,1.3333333333333337,1.3333333333333337,0.0,0.0,3.0,1.3333333333333337,0.0,3.0
seed-12129-pa-0.65-pb-0.35,seed-12129-pa-0.65-pb-0.35:21,bandit,21,4.71393946547494,4.06811644969388,1.4210526315789471,1.4210526315789471,0.0,0.0,3.0,1.4210526315789471,0.0,3.0
seed-12129-pa-0.65-pb-0.35,seed-12129-pa-0.65-pb-0.35:22,bandit,22,4.686967589003199,4.087069726525552,1.5,1.5,0.0,0.0,3.0,1.5,0.0,3.0
seed-12129-pa-0.65-pb-0.35,seed-12129-pa-0.65-pb-0.35:23,bandit,23,4.804882179158078,4.104217929373256,1.5714285714285716,1.5714285714285716,0.0,0.0,3.0,1.5714285714285716,0.0,3.0
seed-12129-pa-0.65-pb-0.35,seed-12129-pa-0.65-pb-0.35:24,bandit,24,4.67358735157374,4.119807204689351,1.6363636363636362,1.6363636363636362,0.0,0.0,3.0,1.6363636363636362,0.0,3.0
seed-12129-pa-0.65-pb-0.35,seed-12129-pa-0.65-pb-0.35:25,bandit,25,4.542999079229087,4.1340408908475235,1.6956521739130437,1.6956521739130437,0.0,0.0,3.0,1.6956521739130437,0.0,3.0
seed-12129-pa-0.65-pb-0.35,seed-12129-pa-0.65-pb-0.35:26,bandit,26,4.54858735157374,4.147088436492515,1.75,1.75,0.0,0.0,3.0,1.75,0.0,3.0
seed-12129-pa-0.65-pb-0.35,seed-12129-pa-0.65-pb-0.35:27,bandit,27,4.2880413716877825,4.159092178485908,1.7999999999999998,1.7999999999999998,0.0,0.0,3.0,1.7999999999999998,0.0,3.0
seed-12129-pa-0.65-pb-0.35,seed-12129-pa-0.65-pb-0.35:28,bandit,28,4.5380413716877825,4.170172555710578,1.8461538461538465,1.8461538461538465,0.0,0.0,3.0,1.8461538461538465,0.0,3.0
seed-12129-pa-0.65-pb-0.35,seed-12129-pa-0.65-pb-0.35:29,bandit,29,4.77975041827262,4.18043216425194,1.8888888888888888,1.8888888888888888,0.0,0.0,3.0,1.8888888888888888,0.0,3.0
seed-12129-pa-0.65-pb-0.35,seed-12129-pa-0.65-pb-0.35:30,bandit,30,3.6269290813453736,3.038230563362371,1.75,1.75,0.0,0.0,-2.0,1.75,0.0,-2.0
seed-12129-pa-0.65-pb-0.35,seed-12129-pa-0.65-pb-0.35:31,bandit,31,5.1630413716877825,4.157436489935096,1.793103448275862,1.793103448275862,0.0,0.0,3.0,1.793103448275862,0.0,3.0
seed-12129-pa-0.65-pb-0.35,seed-12129-pa-0.65-pb-0.35:32,bandit,32,4.6630413716877825,4.16709467314817,1.8333333333333337,1.8333333333333337,0.0,0.0,3.0,1.8333333333333337,0.0,3.0
seed-12129-pa-0.65-pb-0.35,seed-12129-pa-0.65-pb-0.35:33,bandit,33,4.901300195186874,4.176129747766852,1.870967741935484,1.870967741935484,0.0,0.0,3.0,1.870967741935484,0.0,3.0
seed-12129-pa-0.65-pb-0.35,seed-12129-pa-0.65-pb-0.35:34,bandit,34,3.8769290813453736,3.038230563362371,1.75,1.75,0.0,0.0,-2.0,1.75,0.0,-2.0
seed-12129-pa-0.65-pb-0.35,seed-12129-pa-0.65-pb-0.35:35,bandit,35,5.773245464372426,4.147088436492515,1.75,1.75,0.0,0.0,3.0,1.75,0.0,3.0
seed-12129-pa-0.65-pb-0.35,seed-12129-pa-0.65-pb-0.35:36,bandit,36,5.28364569998304,4.156182180426904,1.787878787878788,1.787878787878788,0.0,0.0,3.0,1.787878787878788,0.0,3.0
seed-12129-pa-0.65-pb-0.35,seed-12129-pa-0.65-pb-0.35:37,bandit,37,5.276300195186874,4.164740998247504,1.823529411764706,1.823529411764706,0.0,0.0,3.0,1.823529411764706,0.0,3.0
seed-12129-pa-0.65-pb-0.35,seed-12129-pa-0.65-pb-0.35:38,bandit,38,5.395541900901097,4.172810740764071,1.8571428571428572,1.8571428571428572,0.0,0.0,3.0,1.8571428571428572,0.0,3.0
seed-12129-pa-0.65-pb-0.35,seed-12129-pa-0.65-pb-0.35:39,bandit,39,5.393149927917811,4.18043216425194,1.8888888888888888,1.8888888888888888,0.0,0.0,3.0,1.8888888888888888,0.0,3.0
seed-12129-pa-0.65-pb-0.35,seed-12129-pa-0.65-pb-0.35:40,bandit,40,4.600412651601648,3.046341199844393,1.7837837837837838,1.7837837837837838,0.0,0.0,-2.0,1.7837837837837838,0.0,-2.0
seed-12129-pa-0.65-pb-0.35,seed-12129-pa-0.65-pb-0.35:41,bandit,41,3.8868710061149017,3.046341199844393,1.7837837837837838,1.7837837837837838,0.0,0.0,-2.0,1.7837837837837838,0.0,-2.0
seed-12129-pa-0.65-pb-0.35,seed-12129-pa-0.65-pb-0.35:42,bandit,42,4.67870067827652,3.022436166002644,1.6842105263157894,1.6842105263157894,0.0,0.0,-2.0,1.6842105263157894,0.0,-2.0
seed-12129-pa-0.65-pb-0.35,seed-12129-pa-0.65-pb-0.35:43,bandit,43,4.273123264139841,2.999757031332267,1.58974358974359,1.58974358974359,0.0,0.0,-2.0,1.58974358974359,0.0,-2.0
seed-12129-pa-0.65-pb-0.35,seed-12129-pa-0.65-pb-0.35:44,bandit,44,6.151300195186874,4.117079081509034,1.625,1.625,0.0,0.0,3.0,1.625,0.0,3.0
seed-12129-pa-0.65-pb-0.35,seed-12129-pa-0.65-pb-0.35:45,bandit,45,5.6630413716877825,4.125130371870456,1.6585365853658538,1.6585365853658538,0.0,0.0,3.0,1.6585365853658538,0.0,3.0
seed-12129-pa-0.65-pb-0.35,seed-12129-pa-0.65-pb-0.35:46,bandit,46,5.53364569998304,4.132798267452762,1.690476190476191,1.690476190476191,0.0,0.0,3.0,1.690476190476191,0.0,3.0
seed-12129-pa-0.65-pb-0.35,seed-12129-pa-0.65-pb-0.35:47,bandit,47,5.651300195186874,4.1401095167289155,1.7209302325581397,1.7209302325581397,0.0,0.0,3.0,1.7209302325581397,0.0,3.0
seed-12129-pa-0.65-pb-0.35,seed-12129-pa-0.65-pb-0.35:48,bandit,48,5.523245464372426,4.147088436492515,1.75,1.75,0.0,0.0,3.0,1.75,0.0,3.0
seed-12129-pa-0.65-pb-0.35,seed-12129-pa-0.65-pb-0.35:49,bandit,49,5.126929081345374,3.018224326706717,1.6666666666666663,1.6666666666666663,0.0,0.0,-2.0,1.6666666666666663,0.0,-2.0
seed-12129-pa-0.65-pb-0.35,seed-12129-pa-0.65-pb-0.35:50,bandit,50,5.773245464372426,4.1340408908475235,1.6956521739130437,1.6956521739130437,0.0,0.0,3.0,1.6956521739130437,0.0,3.0
seed-12129-pa-0.65-pb-0.35,seed-12129-pa-0.65-pb-0.35:51,bandit,51,5.401300195186874,4.140703467347094,1.7234042553191489,1.7234042553191489,0.0,0.0,3.0,1.7234042553191489,0.0,3.0
seed-12129-pa-0.65-pb-0.35,seed-12129-pa-0.65-pb-0.35:52,bandit,52,5.270541900901097,4.147088436492515,1.75,1.75,0.0,0.0,3.0,1.75,0.0,3.0
seed-12129-pa-0.65-pb-0.35,seed-12129-pa-0.65-pb-0.35:53,bandit,53,5.270541900901097,4.15321279465241,1.7755102040816326,1.7755102040816326,0.0,0.0,3.0,1.7755102040816326,0.0,3.0
seed-12129-pa-0.65-pb-0.35,seed-12129-pa-0.65-pb-0.35:54,bandit,54,5.201413277982752,3.0262268213689785,1.7000000000000002,1.7000000000000002,0.0,0.0,-2.0,1.7000000000000002,0.0,-2.0
seed-12129-pa-0.65-pb-0.35,seed-12129-pa-0.65-pb-0.35:55,bandit,55,4.30370067827652,3.008809627104056,1.6274509803921569,1.6274509803921569,0.0,0.0,-2.0,1.6274509803921569,0.0,-2.0
seed-12129-pa-0.65-pb-0.35,seed-12129-pa-0.65-pb-0.35:56,bandit,56,5.773245464372426,4.124004317274453,1.6538461538461535,1.6538461538461535,0.0,0.0,3.0,1.6538461538461535,0.0,3.0
seed-12129-pa-0.65-pb-0.35,seed-12129-pa-0.65-pb-0.35:57,bandit,57,5.401300195186874,4.130102009143375,1.6792452830188678,1.6792452830188678,0.0,0.0,3.0,1.6792452830188678,0.0,3.0
seed-12129-pa-0.65-pb-0.35,seed-12129-pa-0.65-pb-0.35:58,bandit,58,5.100412651601648,3.0048868356029472,1.6111111111111112,1.6111111111111112,0.0,0.0,-2.0,1.6111111111111112,0.0,-2.0
seed-12129-pa-0.65-pb-0.35,seed-12129-pa-0.65-pb-0.35:59,bandit,59,6.020541900901097,4.119807204689351,1.6363636363636362,1.6363636363636362,0.0,0.0,3.0,1.6363636363636362,0.0,3.0
seed-12129-pa-0.65-pb-0.35,seed-12129-pa-0.65-pb-0.35:60,bandit,60,5.893149927917811,4.1256531829328855,1.6607142857142856,1.6607142857142856,0.0,0.0,3.0,1.6607142857142856,0.0,3.0
seed-12129-pa-0.65-pb-0.35,seed-12129-pa-0.65-pb-0.35:61,bandit,61,5.392675057605601,3.0013769695230077,1.5964912280701755,1.5964912280701755,0.0,0.0,-2.0,1.5964912280701755,0.0,-2.0
seed-12129-pa-0.65-pb-0.35,seed-12129-pa-0.65-pb-0.35:62,bandit,62,6.268149927917811,4.116044276164776,1.6206896551724137,1.6206896551724137,0.0,0.0,3.0,1.6206896551724137,0.0,3.0
seed-12129-pa-0.65-pb-0.35,seed-12129-pa-0.65-pb-0.35:63,bandit,63,5.891034256080317,4.1216567797268535,1.6440677966101696,1.6440677966101696,0.0,0.0,3.0,1.6440677966101696,0.0,3.0
seed-12129-pa-0.65-pb-0.35,seed-12129-pa-0.65-pb-0.35:64,bandit,64,5.762509570276173,4.127082199836861,1.6666666666666663,1.6666666666666663,0.0,0.0,3.0,1.6666666666666663,0.0,3.0
seed-12129-pa-0.65-pb-0.35,seed-12129-pa-0.65-pb-0.35:65,bandit,65,6.137509570276173,4.132329737320312,1.6885245901639343,1.6885245901639343,0.0,0.0,3.0,1.6885245901639343,0.0,3.0
seed-12129-pa-0.65-pb-0.35,seed-12129-pa-0.65-pb-0.35:66,bandit,66,6.012509570276173,4.13740799940107,1.7096774193548383,1.7096774193548383,0.0,0.0,3.0,1.7096774193548383,0.0,3.0
seed-12129-pa-0.65-pb-0.35,seed-12129-pa-0.65-pb-0.35:67,bandit,67,5.889163456931506,4.142325046812598,1.7301587301587302,1.7301587301587302,0.0,0.0,3.0,1.7301587301587302,0.0,3.0
seed-12129-pa-0.65-pb-0.35,seed-12129-pa-0.65-pb-0.35:68,bandit,68,5.766034256080317,4.147088436492515,1.75,1.75,0.0,0.0,3.0,1.75,0.0,3.0
seed-12129-pa-0.65-pb-0.35,seed-12129-pa-0.65-pb-0.35:69,bandit,69,5.889163456931506,4.151705260336128,1.7692307692307692,1.7692307692307692,0.0,0.0,3.0,1.7692307692307692,0.0,3.0
seed-12129-pa-0.65-pb-0.35,seed-12129-pa-0.65-pb-0.35:70,bandit,70,5.764163456931506,4.156182180426904,1.787878787878788,1.787878787878788,0.0,0.0,3.0,1.787878787878788,0.0,3.0
seed-12129-pa-0.65-pb-0.35,seed-12129-pa-0.65-pb-0.35:71,bandit,71,5.3199361996449746,3.0337515551558814,1.7313432835820897,1.7313432835820897,0.0,0.0,-2.0,1.7313432835820897,0.0,-2.0
seed-12129-pa-0.65-pb-0.35,seed-12129-pa-0.65-pb-0.35:72,bandit,72,4.451413277982752,3.0205780016073818,1.676470588235294,1.676470588235294,0.0,0.0,-2.0,1.676470588235294,0.0,-2.0
seed-12129-pa-0.65-pb-0.35,seed-12129-pa-0.65-pb-0.35:73,bandit,73,6.020541900901097,4.1340408908475235,1.6956521739130437,1.6956521739130437,0.0,0.0,3.0,1.6956521739130437,0.0,3.0
seed-12129-pa-0.65-pb-0.35,seed-12129-pa-0.65-pb-0.35:74,bandit,74,5.770541900901097,4.138514335068663,1.7142857142857144,1.7142857142857144,0.0,0.0,3.0,1.7142857142857144,0.0,3.0
seed-12129-pa-0.65-pb-0.35,seed-12129-pa-0.65-pb-0.35:75,bandit,75,5.766034256080317,4.142861766776532,1.732394366197183,1.732394366197183,0.0,0.0,3.0,1.732394366197183,0.0,3.0
seed-12129-pa-0.65-pb-0.35,seed-12129-pa-0.65-pb-0.35:76,bandit,76,5.475206558916746,3.021558699482659,1.6805555555555554,1.6805555555555554,0.0,0.0,-2.0,1.6805555555555554,0.0,-2.0
seed-12129-pa-0.65-pb-0.35,seed-12129-pa-0.65-pb-0.35:77,bandit,77,6.018149927917811,4.1347558248554686,1.6986301369863015,1.6986301369863015,0.0,0.0,3.0,1.6986301369863015,0.0,3.0
seed-12129-pa-0.65-pb-0.35,seed-12129-pa-0.65-pb-0.35:78,bandit,78,5.17974463538566,3.0138986539163053,1.648648648648649,1.648648648648649,0.0,0.0,-2.0,1.648648648648649,0.0,-2.0
seed-12129-pa-0.65-pb-0.35,seed-12129-pa-0.65-pb-0.35:79,bandit,79,4.576413277982752,3.0022193373821935,1.6,1.6,0.0,0.0,-2.0,1.6,0.0,-2.0
seed-12129-pa-0.65-pb-0.35,seed-12129-pa-0.65-pb-0.35:80,bandit,80,5.891034256080317,4.115499641773061,1.6184210526315788,1.6184210526315788,0.0,0.0,3.0,1.6184210526315788,0.0,3.0
seed-12129-pa-0.65-pb-0.35,seed-12129-pa-0.65-pb-0.35:81,bandit,81,5.641034256080317,4.119807204689351,1.6363636363636362,1.6363636363636362,0.0,0.0,3.0,1.6363636363636362,0.0,3.0
seed-12129-pa-0.65-pb-0.35,seed-12129-pa-0.65-pb-0.35:82,bandit,82,5.512509570276173,4.124004317274453,1.6538461538461535,1.6538461538461535,0.0,0.0,3.0,1.6538461538461535,0.0,3.0
seed-12129-pa-0.65-pb-0.35,seed-12129-pa-0.65-pb-0.35:83,bandit,83,5.512509570276173,4.128095173844742,1.6708860759493671,1.6708860759493671,0.0,0.0,3.0,1.6708860759493671,0.0,3.0
seed-12129-pa-0.65-pb-0.35,seed-12129-pa-0.65-pb-0.35:84,bandit,84,5.511047744848593,4.132083759000775,1.6875,1.6875,0.0,0.0,3.0,1.6875,0.0,3.0
seed-12129-pa-0.65-pb-0.35,seed-12129-pa-0.65-pb-0.35:85,bandit,85,5.29858735157374,3.012296552882819,1.6419753086419755,1.6419753086419755,0.0,0.0,-2.0,1.6419753086419755,0.0,-2.0
seed-12129-pa-0.65-pb-0.35,seed-12129-pa-0.65-pb-0.35:86,bandit,86,6.016034256080317,4.125130371870456,1.6585365853658538,1.6585365853658538,0.0,0.0,3.0,1.6585365853658538,0.0,3.0
seed-12129-pa-0.65-pb-0.35,seed-12129-pa-0.65-pb-0.35:87,bandit,87,5.886047744848593,4.1290105118036715,1.6746987951807228,1.6746987951807228,0.0,0.0,3.0,1.6746987951807228,0.0,3.0
seed-12129-pa-0.65-pb-0.35,seed-12129-pa-0.65-pb-0.35:88,bandit,88,5.3199361996449746,3.009650225282865,1.630952380952381,1.630952380952381,0.0,0.0,-2.0,1.630952380952381,0.0,-2.0
seed-12129-pa-0.65-pb-0.35,seed-12129-pa-0.65-pb-0.35:89,bandit,89,6.014163456931506,4.122374850035531,1.6470588235294117,1.6470588235294117,0.0,0.0,3.0,1.6470588235294117,0.0,3.0
seed-12129-pa-0.65-pb-0.35,seed-12129-pa-0.65-pb-0.35:90,bandit,90,5.887509570276173,4.126151677201714,1.6627906976744184,1.6627906976744184,0.0,0.0,3.0,1.6627906976744184,0.0,3.0
seed-12129-pa-0.65-pb-0.35,seed-12129-pa-0.65-pb-0.35:91,bandit,91,5.884755911000223,4.129841680754883,1.6781609195402298,1.6781609195402298,0.0,0.0,3.0,1.6781609195402298,0.0,3.0
seed-12129-pa-0.65-pb-0.35,seed-12129-pa-0.65-pb-0.35:92,bandit,92,5.42358735157374,3.010949331559206,1.6363636363636362,1.6363636363636362,0.0,0.0,-2.0,1.6363636363636362,0.0,-2.0
seed-12129-pa-0.65-pb-0.35,seed-12129-pa-0.65-pb-0.35:93,bandit,93,4.600206558916746,3.0011403493378435,1.595505617977528,1.595505617977528,0.0,0.0,-2.0,1.595505617977528,0.0,-2.0
seed-12129-pa-0.65-pb-0.35,seed-12129-pa-0.65-pb-0.35:94,bandit,94,4.487822278771571,2.9915493444991776,1.5555555555555554,1.5555555555555554,0.0,0.0,-2.0,1.5555555555555554,0.0,-2.0
seed-12129-pa-0.65-pb-0.35,seed-12129-pa-0.65-pb-0.35:95,bandit,95,4.251928011042974,2.982169130975647,1.5164835164835164,1.5164835164835164,0.0,0.0,-2.0,1.5164835164835164,0.0,-2.0
seed-12129-pa-0.65-pb-0.35,seed-12129-pa-0.65-pb-0.35:96,bandit,96,6.014163456931506,4.094898253912548,1.5326086956521738,1.5326086956521738,0.0,0.0,3.0,1.5326086956521738,0.0,3.0
seed-12129-pa-0.65-pb-0.35,seed-12129-pa-0.65-pb-0.35:97,bandit,97,5.889163456931506,4.0986862510352875,1.5483870967741935,1.5483870967741935,0.0,0.0,3.0,1.5483870967741935,0.0,3.0
seed-12129-pa-0.65-pb-0.35,seed-12129-pa-0.65-pb-0.35:98,bandit,98,5.637509570276173,4.102393652474564,1.5638297872340423,1.5638297872340423,0.0,0.0,3.0,1.5638297872340423,0.0,3.0
seed-12129-pa-0.65-pb-0.35,seed-12129-pa-0.65-pb-0.35:99,bandit,99,5.29858735157374,2.9845296123392986,1.526315789473684,1.526315789473684,0.0,0.0,-2.0,1.526315789473684,0.0,-2.0
seed-12143-pa-0.20-pb-0.35,seed-12143-pa-0.20-pb-0.35:0,bandit,0,4.203889734292549,3.181680162779613,0.5,0.5,0.0,0.0,0.0,0.5,0.0,0.0
seed-12143-pa-0.20-pb-0.35,seed-12143-pa-0.20-pb-0.35:1,bandit,1,3.849076984180108,2.7381370135275556,0.5,0.5,0.0,0.0,-2.0,0.5,0.0,-2.0
seed-12143-pa-0.20-pb-0.35,seed-12143-pa-0.20-pb-0.35:2,bandit,2,1.2575990353171704,2.7381370135275556,0.5,0.5,0.0,0.0,-2.0,0.5,0.0,-2.0
seed-12143-pa-0.20-pb-0.35,seed-12143-pa-0.20-pb-0.35:3,bandit,3,0.2731232641398406,2.7381370135275556,0.5,0.5,0.0,0.0,-2.0,0.5,0.0,-2.0
seed-12143-pa-0.20-pb-0.35,seed-12143-pa-0.20-pb-0.35:4,bandit,4,1.2240769841801082,2.538074646971012,-0.3333333333333332,-0.3333333333333332,0.0,0.0,-2.0,-0.3333333333333332,0.0,-2.0
seed-12143-pa-0.20-pb-0.35,seed-12143-pa-0.20-pb-0.35:5,bandit,5,0.7731232641398407,2.4380434636927397,-0.75,-0.75,0.0,0.0,-2.0,-0.75,0.0,-2.0
seed-12146-pa-0.50-pb-0.50,seed-12146-pa-0.50-pb-0.50:0,bandit,0,4.203889734292549,3.181680162779613,0.5,0.5,0.0,0.0,0.0,0.5,0.0,0.0
seed-12146-pa-0.50-pb-0.50,seed-12146-pa-0.50-pb-0.50:1,bandit,1,4.42870067827652,4.047057253214244,1.3333333333333337,1.3333333333333337,0.0,0.0,3.0,1.3333333333333337,0.0,3.0
seed-12146-pa-0.50-pb-0.50,seed-12146-pa-0.50-pb-0.50:2,bandit,2,3.6368710061149017,2.7381370135275556,0.5,0.5,0.0,0.0,-2.0,0.5,0.0,-2.0
seed-12146-pa-0.50-pb-0.50,seed-12146-pa-0.50-pb-0.50:3,bandit,3,4.71393946547494,3.967032306591626,1.0,1.0,0.0,0.0,3.0,1.0,0.0,3.0
seed-12146-pa-0.50-pb-0.50,seed-12146-pa-0.50-pb-0.50:4,bandit,4,1.9754126516016477,2.7381370135275556,0.5,0.5,0.0,0.0,-2.0,0.5,0.0,-2.0
seed-12146-pa-0.50-pb-0.50,seed-12146-pa-0.50-pb-0.50:5,bandit,5,1.7618710061149017,2.7381370135275556,0.5,0.5,0.0,0.0,-2.0,0.5,0.0,-2.0
seed-12146-pa-0.50-pb-0.50,seed-12146-pa-0.50-pb-0.50:6,bandit,6,3.531150136248314,3.8469948866576997,0.5,0.5,0.0,0.0,3.0,0.5,0.0,3.0
seed-12146-pa-0.50-pb-0.50,seed-12146-pa-0.50-pb-0.50:7,bandit,7,2.3825990353171704,2.7381370135275556,0.5,0.5,0.0,0.0,-2.0,0.5,0.0,-2.0
seed-12146-pa-0.50-pb-0.50,seed-12146-pa-0.50-pb-0.50:8,bandit,8,2.3981232641398407,2.6523959992890367,0.1428571428571428,0.1428571428571428,0.0,0.0,-2.0,0.1428571428571428,0.0,-2.0
seed-12146-pa-0.50-pb-0.50,seed-12146-pa-0.50-pb-0.50:9,bandit,9,2.1481232641398407,2.6523959992890367,0.1428571428571428,0.1428571428571428,0.0,0.0,-2.0,0.1428571428571428,0.0,-2.0
seed-12146-pa-0.50-pb-0.50,seed-12146-pa-0.50-pb-0.50:10,bandit,10,4.100412651601648,3.8469948866576997,0.5,0.5,0.0,0.0,3.0,0.5,0.0,3.0
seed-12146-pa-0.50-pb-0.50,seed-12146-pa-0.50-pb-0.50:11,bandit,11,3.5681471805599436,2.6714495580087076,0.2222222222222223,0.2222222222222223,0.0,0.0,-2.0,0.2222222222222223,0.0,-2.0
seed-12146-pa-0.50-pb-0.50,seed-12146-pa-0.50-pb-0.50:12,bandit,12,4.862822278771571,3.780307431138852,0.2222222222222223,0.2222222222222223,0.0,0.0,3.0,0.2222222222222223,0.0,3.0
seed-12146-pa-0.50-pb-0.50,seed-12146-pa-0.50-pb-0.50:13,bandit,13,4.50759903531717,2.6523959992890367,0.1428571428571428,0.1428571428571428,0.0,0.0,-2.0,0.1428571428571428,0.0,-2.0
seed-12146-pa-0.50-pb-0.50,seed-12146-pa-0.50-pb-0.50:14,bandit,14,5.33893946547494,3.8469948866576997,0.5,0.5,0.0,0.0,3.0,0.5,0.0,3.0
seed-12146-pa-0.50-pb-0.50,seed-12146-pa-0.50-pb-0.50:15,bandit,15,4.568147180559944,2.7381370135275556,0.5,0.5,0.0,0.0,-2.0,0.5,0.0,-2.0
seed-12146-pa-0.50-pb-0.50,seed-12146-pa-0.50-pb-0.50:16,bandit,16,3.3181471805599436,2.7381370135275556,0.5,0.5,0.0,0.0,-2.0,0.5,0.0,-2.0
seed-12146-pa-0.50-pb-0.50,seed-12146-pa-0.50-pb-0.50:17,bandit,17,3.700939419878843,2.6714495580087076,0.2222222222222223,0.2222222222222223,0.0,0.0,-2.0,0.2222222222222223,0.0,-2.0
seed-12146-pa-0.50-pb-0.50,seed-12146-pa-0.50-pb-0.50:18,bandit,18,4.910224150438086,3.780307431138852,0.2222222222222223,0.2222222222222223,0.0,0.0,3.0,0.2222222222222223,0.0,3.0
seed-12146-pa-0.50-pb-0.50,seed-12146-pa-0.50-pb-0.50:19,bandit,19,4.267675057605601,3.780307431138852,0.2222222222222223,0.2222222222222223,0.0,0.0,3.0,0.2222222222222223,0.0,3.0
seed-12146-pa-0.50-pb-0.50,seed-12146-pa-0.50-pb-0.50:20,bandit,20,4.561967589003199,3.806982413346391,0.3333333333333335,0.3333333333333335,0.0,0.0,3.0,0.3333333333333335,0.0,3.0
seed-12146-pa-0.50-pb-0.50,seed-12146-pa-0.50-pb-0.50:21,bandit,21,5.148123264139841,2.6714495580087076,0.2222222222222223,0.2222222222222223,0.0,0.0,-2.0,0.2222222222222223,0.0,-2.0
seed-12146-pa-0.50-pb-0.50,seed-12146-pa-0.50-pb-0.50:22,bandit,22,4.648123264139841,2.6631136260688515,0.1875,0.1875,0.0,0.0,-2.0,0.1875,0.0,-2.0
seed-12146-pa-0.50-pb-0.50,seed-12146-pa-0.50-pb-0.50:23,bandit,23,4.50759903531717,2.6322216429976204,0.0588235294117645,0.0588235294117645,0.0,0.0,-2.0,0.0588235294117645,0.0,-2.0
seed-12146-pa-0.50-pb-0.50,seed-12146-pa-0.50-pb-0.50:24,bandit,24,5.46393946547494,3.780307431138852,0.2222222222222223,0.2222222222222223,0.0,0.0,3.0,0.2222222222222223,0.0,3.0
seed-12146-pa-0.50-pb-0.50,seed-12146-pa-0.50-pb-0.50:25,bandit,25,4.96393946547494,3.8154060919382453,0.3684210526315787,0.3684210526315787,0.0,0.0,3.0,0.3684210526315787,0.0,3.0
seed-12146-pa-0.50-pb-0.50,seed-12146-pa-0.50-pb-0.50:26,bandit,26,5.474076984180108,2.678118303560592,0.25,0.25,0.0,0.0,-2.0,0.25,0.0,-2.0
seed-12146-pa-0.50-pb-0.50,seed-12146-pa-0.50-pb-0.50:27,bandit,27,4.325939419878843,2.6523959992890367,0.1428571428571428,0.1428571428571428,0.0,0.0,-2.0,0.1428571428571428,0.0,-2.0
seed-12146-pa-0.50-pb-0.50,seed-12146-pa-0.50-pb-0.50:28,bandit,28,5.792999079229087,3.7924324230513697,0.2727272727272729,0.2727272727272729,0.0,0.0,3.0,0.2727272727272729,0.0,3.0
seed-12146-pa-0.50-pb-0.50,seed-12146-pa-0.50-pb-0.50:29,bandit,29,5.523123264139841,2.683574549921225,0.2727272727272729,0.2727272727272729,0.0,0.0,-2.0,0.2727272727272729,0.0,-2.0
seed-12146-pa-0.50-pb-0.50,seed-12146-pa-0.50-pb-0.50:30,bandit,30,6.0380413716877825,3.8469948866576997,0.5,0.5,0.0,0.0,3.0,0.5,0.0,3.0
seed-12146-pa-0.50-pb-0.50,seed-12146-pa-0.50-pb-0.50:31,bandit,31,5.724076984180108,2.7381370135275556,0.5,0.5,0.0,0.0,-2.0,0.5,0.0,-2.0
seed-12146-pa-0.50-pb-0.50,seed-12146-pa-0.50-pb-0.50:32,bandit,32,6.292999079229087,3.8469948866576997,0.5,0.5,0.0,0.0,3.0,0.5,0.0,3.0
seed-12146-pa-0.50-pb-0.50,seed-12146-pa-0.50-pb-0.50:33,bandit,33,5.773123264139841,2.7381370135275556,0.5,0.5,0.0,0.0,-2.0,0.5,0.0,-2.0
seed-12146-pa-0.50-pb-0.50,seed-12146-pa-0.50-pb-0.50:34,bandit,34,6.292999079229087,3.8931631250938254,0.6923076923076925,0.6923076923076925,0.0,0.0,3.0,0.6923076923076925,0.0,3.0
seed-12146-pa-0.50-pb-0.50,seed-12146-pa-0.50-pb-0.50:35,bandit,35,6.151300195186874,3.8931631250938254,0.6923076923076925,0.6923076923076925,0.0,0.0,3.0,0.6923076923076925,0.0,3.0
seed-12146-pa-0.50-pb-0.50,seed-12146-pa-0.50-pb-0.50:36,bandit,36,5.895541900901097,3.8931631250938254,0.6923076923076925,0.6923076923076925,0.0,0.0,3.0,0.6923076923076925,0.0,3.0
seed-12146-pa-0.50-pb-0.50,seed-12146-pa-0.50-pb-0.50:37,bandit,37,5.895541900901097,3.8931631250938254,0.6923076923076925,0.6923076923076925,0.0,0.0,3.0,0.6923076923076925,0.0,3.0
seed-12146-pa-0.50-pb-0.50,seed-12146-pa-0.50-pb-0.50:38,bandit,38,6.281150136248314,2.784305251963681,0.6923076923076925,0.6923076923076925,0.0,0.0,-2.0,0.6923076923076925,0.0,-2.0
seed-12146-pa-0.50-pb-0.50,seed-12146-pa-0.50-pb-0.50:39,bandit,39,5.261871006114902,2.7381370135275556,0.5,0.5,0.0,0.0,-2.0,0.5,0.0,-2.0
seed-12146-pa-0.50-pb-0.50,seed-12146-pa-0.50-pb-0.50:40,bandit,40,6.90864569998304,3.8469948866576997,0.5,0.5,0.0,0.0,3.0,0.5,0.0,3.0
seed-12146-pa-0.50-pb-0.50,seed-12146-pa-0.50-pb-0.50:41,bandit,41,6.28364569998304,3.8469948866576997,0.5,0.5,0.0,0.0,3.0,0.5,0.0,3.0
seed-12146-pa-0.50-pb-0.50,seed-12146-pa-0.50-pb-0.50:42,bandit,42,6.656150136248314,2.7381370135275556,0.5,0.5,0.0,0.0,-2.0,0.5,0.0,-2.0
seed-12146-pa-0.50-pb-0.50,seed-12146-pa-0.50-pb-0.50:43,bandit,43,6.77975041827262,3.8469948866576997,0.5,0.5,0.0,0.0,3.0,0.5,0.0,3.0
seed-12146-pa-0.50-pb-0.50,seed-12146-pa-0.50-pb-0.50:44,bandit,44,6.520541900901097,3.8469948866576997,0.5,0.5,0.0,0.0,3.0,0.5,0.0,3.0
seed-12146-pa-0.50-pb-0.50,seed-12146-pa-0.50-pb-0.50:45,bandit,45,6.514163456931506,3.8641430895054034,0.5714285714285716,0.5714285714285716,0.0,0.0,3.0,0.5714285714285716,0.0,3.0
seed-12146-pa-0.50-pb-0.50,seed-12146-pa-0.50-pb-0.50:46,bandit,46,6.391034256080317,3.880338614417124,0.6388888888888888,0.6388888888888888,0.0,0.0,3.0,0.6388888888888888,0.0,3.0
seed-12146-pa-0.50-pb-0.50,seed-12146-pa-0.50-pb-0.50:47,bandit,47,5.951413277982752,2.7543582864915996,0.5675675675675675,0.5675675675675675,0.0,0.0,-2.0,0.5675675675675675,0.0,-2.0
seed-12146-pa-0.50-pb-0.50,seed-12146-pa-0.50-pb-0.50:48,bandit,48,6.523245464372426,3.878583681377154,0.6315789473684212,0.6315789473684212,0.0,0.0,3.0,0.6315789473684212,0.0,3.0
seed-12146-pa-0.50-pb-0.50,seed-12146-pa-0.50-pb-0.50:49,bandit,49,6.0984445810050545,2.7535264263395973,0.5641025641025643,0.5641025641025643,0.0,0.0,-2.0,0.5641025641025643,0.0,-2.0
seed-12146-pa-0.50-pb-0.50,seed-12146-pa-0.50-pb-0.50:50,bandit,50,5.188261687518224,2.7535264263395973,0.5641025641025643,0.5641025641025643,0.0,0.0,-2.0,0.5641025641025643,0.0,-2.0
seed-12146-pa-0.50-pb-0.50,seed-12146-pa-0.50-pb-0.50:51,bandit,51,5.5984445810050545,2.7381370135275556,0.5,0.5,0.0,0.0,-2.0,0.5,0.0,-2.0
seed-12146-pa-0.50-pb-0.50,seed-12146-pa-0.50-pb-0.50:52,bandit,52,6.776300195186874,3.8616335964057398,0.5609756097560976,0.5609756097560976,0.0,0.0,3.0,0.5609756097560976,0.0,3.0
seed-12146-pa-0.50-pb-0.50,seed-12146-pa-0.50-pb-0.50:53,bandit,53,6.261871006114902,2.7381370135275556,0.5,0.5,0.0,0.0,-2.0,0.5,0.0,-2.0
seed-12146-pa-0.50-pb-0.50,seed-12146-pa-0.50-pb-0.50:54,bandit,54,5.5984445810050545,2.724179174000355,0.4418604651162789,0.4418604651162789,0.0,0.0,-2.0,0.4418604651162789,0.0,-2.0
seed-12146-pa-0.50-pb-0.50,seed-12146-pa-0.50-pb-0.50:55,bandit,55,6.53364569998304,3.8469948866576997,0.5,0.5,0.0,0.0,3.0,0.5,0.0,3.0
seed-12146-pa-0.50-pb-0.50,seed-12146-pa-0.50-pb-0.50:56,bandit,56,6.148245464372426,3.8603323777614693,0.5555555555555554,0.5555555555555554,0.0,0.0,3.0,0.5555555555555554,0.0,3.0
seed-12146-pa-0.50-pb-0.50,seed-12146-pa-0.50-pb-0.50:57,bandit,57,6.376928011042974,2.7381370135275556,0.5,0.5,0.0,0.0,-2.0,0.5,0.0,-2.0
seed-12146-pa-0.50-pb-0.50,seed-12146-pa-0.50-pb-0.50:58,bandit,58,6.768149927917811,3.859764824948543,0.5531914893617023,0.5531914893617023,0.0,0.0,3.0,0.5531914893617023,0.0,3.0
seed-12146-pa-0.50-pb-0.50,seed-12146-pa-0.50-pb-0.50:59,bandit,59,6.475412651601648,2.7381370135275556,0.5,0.5,0.0,0.0,-2.0,0.5,0.0,-2.0
seed-12146-pa-0.50-pb-0.50,seed-12146-pa-0.50-pb-0.50:60,bandit,60,6.768149927917811,3.859243602977488,0.5510204081632653,0.5510204081632653,0.0,0.0,3.0,0.5510204081632653,0.0,3.0
seed-12146-pa-0.50-pb-0.50,seed-12146-pa-0.50-pb-0.50:61,bandit,61,7.008614483762177,3.871002370644485,0.6000000000000001,0.6000000000000001,0.0,0.0,3.0,0.6000000000000001,0.0,3.0
seed-12146-pa-0.50-pb-0.50,seed-12146-pa-0.50-pb-0.50:62,bandit,62,6.79858735157374,3.871002370644485,0.6000000000000001,0.6000000000000001,0.0,0.0,3.0,0.6000000000000001,0.0,3.0
seed-12146-pa-0.50-pb-0.50,seed-12146-pa-0.50-pb-0.50:63,bandit,63,6.516034256080317,3.882300010167678,0.6470588235294117,0.6470588235294117,0.0,0.0,3.0,0.6470588235294117,0.0,3.0
seed-12146-pa-0.50-pb-0.50,seed-12146-pa-0.50-pb-0.50:64,bandit,64,6.6949361996449746,2.761221132745618,0.5961538461538463,0.5961538461538463,0.0,0.0,-2.0,0.5961538461538463,0.0,-2.0
seed-12146-pa-0.50-pb-0.50,seed-12146-pa-0.50-pb-0.50:65,bandit,65,6.160224150438086,2.7494612984269824,0.5471698113207548,0.5471698113207548,0.0,0.0,-2.0,0.5471698113207548,0.0,-2.0
seed-12146-pa-0.50-pb-0.50,seed-12146-pa-0.50-pb-0.50:66,bandit,66,5.892675057605601,2.7381370135275556,0.5,0.5,0.0,0.0,-2.0,0.5,0.0,-2.0
seed-12146-pa-0.50-pb-0.50,seed-12146-pa-0.50-pb-0.50:67,bandit,67,5.517675057605601,2.7381370135275556,0.5,0.5,0.0,0.0,-2.0,0.5,0.0,-2.0
seed-12146-pa-0.50-pb-0.50,seed-12146-pa-0.50-pb-0.50:68,bandit,68,5.362822278771571,2.7381370135275556,0.5,0.5,0.0,0.0,-2.0,0.5,0.0,-2.0
seed-12146-pa-0.50-pb-0.50,seed-12146-pa-0.50-pb-0.50:69,bandit,69,6.78364569998304,3.8469948866576997,0.5,0.5,0.0,0.0,3.0,0.5,0.0,3.0
seed-12146-pa-0.50-pb-0.50,seed-12146-pa-0.50-pb-0.50:70,bandit,70,6.251928011042974,2.7381370135275556,0.5,0.5,0.0,0.0,-2.0,0.5,0.0,-2.0
seed-12146-pa-0.50-pb-0.50,seed-12146-pa-0.50-pb-0.50:71,bandit,71,5.626928011042974,2.7381370135275556,0.5,0.5,0.0,0.0,-2.0,0.5,0.0,-2.0
seed-12146-pa-0.50-pb-0.50,seed-12146-pa-0.50-pb-0.50:72,bandit,72,6.773245464372426,3.8469948866576997,0.5,0.5,0.0,0.0,3.0,0.5,0.0,3.0
seed-12146-pa-0.50-pb-0.50,seed-12146-pa-0.50-pb-0.50:73,bandit,73,6.40475041827262,3.8469948866576997,0.5,0.5,0.0,0.0,3.0,0.5,0.0,3.0
seed-12146-pa-0.50-pb-0.50,seed-12146-pa-0.50-pb-0.50:74,bandit,74,6.311967589003199,2.7381370135275556,0.5,0.5,0.0,0.0,-2.0,0.5,0.0,-2.0
seed-12146-pa-0.50-pb-0.50,seed-12146-pa-0.50-pb-0.50:75,bandit,75,6.895541900901097,3.8469948866576997,0.5,0.5,0.0,0.0,3.0,0.5,0.0,3.0
seed-12146-pa-0.50-pb-0.50,seed-12146-pa-0.50-pb-0.50:76,bandit,76,6.33893946547494,2.7381370135275556,0.5,0.5,0.0,0.0,-2.0,0.5,0.0,-2.0
seed-12146-pa-0.50-pb-0.50,seed-12146-pa-0.50-pb-0.50:77,bandit,77,6.770541900901097,3.8469948866576997,0.5,0.5,0.0,0.0,3.0,0.5,0.0,3.0
seed-12146-pa-0.50-pb-0.50,seed-12146-pa-0.50-pb-0.50:78,bandit,78,6.203889734292549,2.7381370135275556,0.5,0.5,0.0,0.0,-2.0,0.5,0.0,-2.0
seed-12146-pa-0.50-pb-0.50,seed-12146-pa-0.50-pb-0.50:79,bandit,79,5.46393946547494,2.7381370135275556,0.5,0.5,0.0,0.0,-2.0,0.5,0.0,-2.0
seed-12146-pa-0.50-pb-0.50,seed-12146-pa-0.50-pb-0.50:80,bandit,80,5.186967589003199,2.7381370135275556,0.5,0.5,0.0,0.0,-2.0,0.5,0.0,-2.0
seed-12146-pa-0.50-pb-0.50,seed-12146-pa-0.50-pb-0.50:81,bandit,81,6.035224150438086,2.702831890017577,0.3529411764705883,0.3529411764705883,0.0,0.0,-2.0,0.3529411764705883,0.0,-2.0
seed-12146-pa-0.50-pb-0.50,seed-12146-pa-0.50-pb-0.50:82,bandit,82,5.9449361996449746,2.702831890017577,0.3529411764705883,0.3529411764705883,0.0,0.0,-2.0,0.3529411764705883,0.0,-2.0
seed-12146-pa-0.50-pb-0.50,seed-12146-pa-0.50-pb-0.50:83,bandit,83,6.776300195186874,3.8126984809622924,0.3571428571428572,0.3571428571428572,0.0,0.0,3.0,0.3571428571428572,0.0,3.0
seed-12146-pa-0.50-pb-0.50,seed-12146-pa-0.50-pb-0.50:84,bandit,84,6.4449361996449746,2.702831890017577,0.3529411764705883,0.3529411764705883,0.0,0.0,-2.0,0.3529411764705883,0.0,-2.0
seed-12146-pa-0.50-pb-0.50,seed-12146-pa-0.50-pb-0.50:85,bandit,85,6.645541900901097,3.813651158898276,0.3611111111111111,0.3611111111111111,0.0,0.0,3.0,0.3611111111111111,0.0,3.0
seed-12146-pa-0.50-pb-0.50,seed-12146-pa-0.50-pb-0.50:86,bandit,86,6.1949361996449746,2.702831890017577,0.3529411764705883,0.3529411764705883,0.0,0.0,-2.0,0.3529411764705883,0.0,-2.0
seed-12146-pa-0.50-pb-0.50,seed-12146-pa-0.50-pb-0.50:87,bandit,87,5.953889734292549,2.702831890017577,0.3529411764705883,0.3529411764705883,0.0,0.0,-2.0,0.3529411764705883,0.0,-2.0
seed-12146-pa-0.50-pb-0.50,seed-12146-pa-0.50-pb-0.50:88,bandit,88,5.58893946547494,2.702831890017577,0.3529411764705883,0.3529411764705883,0.0,0.0,-2.0,0.3529411764705883,0.0,-2.0
seed-12146-pa-0.50-pb-0.50,seed-12146-pa-0.50-pb-0.50:89,bandit,89,5.561967589003199,2.702831890017577,0.3529411764705883,0.3529411764705883,0.0,0.0,-2.0,0.3529411764705883,0.0,-2.0
seed-12146-pa-0.50-pb-0.50,seed-12146-pa-0.50-pb-0.50:90,bandit,90,5.203889734292549,2.702831890017577,0.3529411764705883,0.3529411764705883,0.0,0.0,-2.0,0.3529411764705883,0.0,-2.0
seed-12146-pa-0.50-pb-0.50,seed-12146-pa-0.50-pb-0.50:91,bandit,91,5.078889734292549,2.702831890017577,0.3529411764705883,0.3529411764705883,0.0,0.0,-2.0,0.3529411764705883,0.0,-2.0
seed-12146-pa-0.50-pb-0.50,seed-12146-pa-0.50-pb-0.50:92,bandit,92,5.186967589003199,2.702831890017577,0.3529411764705883,0.3529411764705883,0.0,0.0,-2.0,0.3529411764705883,0.0,-2.0
seed-12146-pa-0.50-pb-0.50,seed-12146-pa-0.50-pb-0.50:93,bandit,93,5.96393946547494,2.6714495580087076,0.2222222222222223,0.2222222222222223,0.0,0.0,-2.0,0.2222222222222223,0.0,-2.0
seed-12146-pa-0.50-pb-0.50,seed-12146-pa-0.50-pb-0.50:94,bandit,94,5.804882179158078,2.6714495580087076,0.2222222222222223,0.2222222222222223,0.0,0.0,-2.0,0.2222222222222223,0.0,-2.0
seed-12146-pa-0.50-pb-0.50,seed-12146-pa-0.50-pb-0.50:95,bandit,95,5.561967589003199,2.6714495580087076,0.2222222222222223,0.2222222222222223,0.0,0.0,-2.0,0.2222222222222223,0.0,-2.0
seed-12146-pa-0.50-pb-0.50,seed-12146-pa-0.50-pb-0.50:96,bandit,96,5.725206558916746,2.6433706293691923,0.1052631578947367,0.1052631578947367,0.0,0.0,-2.0,0.1052631578947367,0.0,-2.0
seed-12146-pa-0.50-pb-0.50,seed-12146-pa-0.50-pb-0.50:97,bandit,97,5.811967589003199,2.6433706293691923,0.1052631578947367,0.1052631578947367,0.0,0.0,-2.0,0.1052631578947367,0.0,-2.0
seed-12146-pa-0.50-pb-0.50,seed-12146-pa-0.50-pb-0.50:98,bandit,98,5.6949361996449746,2.6433706293691923,0.1052631578947367,0.1052631578947367,0.0,0.0,-2.0,0.1052631578947367,0.0,-2.0
seed-12146-pa-0.50-pb-0.50,seed-12146-pa-0.50-pb-0.50:99,bandit,99,6.276300195186874,3.752228502499337,0.1052631578947367,0.1052631578947367,0.0,0.0,3.0,0.1052631578947367,0.0,3.0
seed-12148-pa-0.65-pb-0.65,seed-12148-pa-0.65-pb-0.65:0,bandit,0,4.203889734292549,3.181680162779613,0.5,0.5,0.0,0.0,0.0,0.5,0.0,0.0
seed-12148-pa-0.65-pb-0.65,seed-12148-pa-0.65-pb-0.65:1,bandit,1,3.849076984180108,2.7381370135275556,0.5,0.5,0.0,0.0,-2.0,0.5,0.0,-2.0
seed-12148-pa-0.65-pb-0.65,seed-12148-pa-0.65-pb-0.65:2,bandit,2,1.2575990353171704,2.7381370135275556,0.5,0.5,0.0,0.0,-2.0,0.5,0.0,-2.0
seed-12150-pa-0.50-pb-0.35,seed-12150-pa-0.50-pb-0.35:0,bandit,0,4.203889734292549,3.181680162779613,0.5,0.5,0.0,0.0,0.0,0.5,0.0,0.0
seed-12150-pa-0.50-pb-0.35,seed-12150-pa-0.50-pb-0.35:1,bandit,1,4.42870067827652,4.047057253214244,1.3333333333333337,1.3333333333333337,0.0,0.0,3.0,1.3333333333333337,0.0,3.0
seed-12150-pa-0.50-pb-0.35,seed-12150-pa-0.50-pb-0.35:2,bandit,2,2.501928011042974,2.9381993800840993,1.3333333333333337,1.3333333333333337,0.0,0.0,-2.0,1.3333333333333337,0.0,-2.0
seed-12150-pa-0.50-pb-0.35,seed-12150-pa-0.50-pb-0.35:3,bandit,3,1.2254126516016477,2.7381370135275556,0.5,0.5,0.0,0.0,-2.0,0.5,0.0,-2.0
seed-12153-pa-0.35-pb-0.65,seed-12153-pa-0.35-pb-0.65:0,bandit,0,4.203889734292549,3.181680162779613,0.5,0.5,0.0,0.0,0.0,0.5,0.0,0.0
seed-12153-pa-0.35-pb-0.65,seed-12153-pa-0.35-pb-0.65:1,bandit,1,3.849076984180108,2.7381370135275556,0.5,0.5,0.0,0.0,-2.0,0.5,0.0,-2.0
seed-12153-pa-0.35-pb-0.65,seed-12153-pa-0.35-pb-0.65:2,bandit,2,1.2575990353171704,2.7381370135275556,0.5,0.5,0.0,0.0,-2.0,0.5,0.0,-2.0
seed-12163-pa-0.35-pb-0.35,seed-12163-pa-0.35-pb-0.35:0,bandit,0,4.203889734292549,3.181680162779613,0.5,0.5,0.0,0.0,0.0,0.5,0.0,0.0
seed-12163-pa-0.35-pb-0.35,seed-12163-pa-0.35-pb-0.35:1,bandit,1,4.42870067827652,4.047057253214244,1.3333333333333337,1.3333333333333337,0.0,0.0,3.0,1.3333333333333337,0.0,3.0
seed-12163-pa-0.35-pb-0.35,seed-12163-pa-0.35-pb-0.35:2,bandit,2,2.501928011042974,2.9381993800840993,1.3333333333333337,1.3333333333333337,0.0,0.0,-2.0,1.3333333333333337,0.0,-2.0
seed-12163-pa-0.35-pb-0.35,seed-12163-pa-0.35-pb-0.35:3,bandit,3,2.6368710061149017,4.147088436492515,1.75,1.75,0.0,0.0,3.0,1.75,0.0,3.0
seed-12163-pa-0.35-pb-0.35,seed-12163-pa-0.35-pb-0.35:4,bandit,4,2.2575990353171704,4.207107146459479,2.0,2.0,0.0,0.0,3.0,2.0,0.0,3.0
seed-12163-pa-0.35-pb-0.35,seed-12163-pa-0.35-pb-0.35:5,bandit,5,2.031150136248314,3.0982492733293343,2.0,2.0,0.0,0.0,-2.0,2.0,0.0,-2.0
seed-12163-pa-0.35-pb-0.35,seed-12163-pa-0.35-pb-0.35:6,bandit,6,2.0019290813453736,2.9381993800840993,1.3333333333333337,1.3333333333333337,0.0,0.0,-2.0,1.3333333333333337,0.0,-2.0
seed-12163-pa-0.35-pb-0.35,seed-12163-pa-0.35-pb-0.35:7,bandit,7,1.3484445810050545,2.9381993800840993,1.3333333333333337,1.3333333333333337,0.0,0.0,-2.0,1.3333333333333337,0.0,-2.0
seed-12172-pa-0.35-pb-0.20,seed-12172-pa-0.35-pb-0.20:0,bandit,0,4.203889734292549,3.181680162779613,0.5,0.5,0.0,0.0,0.0,0.5,0.0,0.0
seed-12172-pa-0.35-pb-0.20,seed-12172-pa-0.35-pb-0.20:1,bandit,1,3.849076984180108,2.7381370135275556,0.5,0.5,0.0,0.0,-2.0,0.5,0.0,-2.0
seed-12172-pa-0.35-pb-0.20,seed-12172-pa-0.35-pb-0.20:2,bandit,2,1.2575990353171704,2.7381370135275556,0.5,0.5,0.0,0.0,-2.0,0.5,0.0,-2.0
seed-12186-pa-0.65-pb-0.20,seed-12186-pa-0.65-pb-0.20:0,bandit,0,4.203889734292549,3.181680162779613,0.5,0.5,0.0,0.0,0.0,0.5,0.0,0.0
seed-12186-pa-0.65-pb-0.20,seed-12186-pa-0.65-pb-0.20:1,bandit,1,4.42870067827652,4.047057253214244,1.3333333333333337,1.3333333333333337,0.0,0.0,3.0,1.3333333333333337,0.0,3.0
seed-12186-pa-0.65-pb-0.20,seed-12186-pa-0.65-pb-0.20:2,bandit,2,3.201413277982752,4.147088436492515,1.75,1.75,0.0,0.0,3.0,1.75,0.0,3.0
seed-12186-pa-0.65-pb-0.20,seed-12186-pa-0.65-pb-0.20:3,bandit,3,3.4878222787715707,4.207107146459479,2.0,2.0,0.0,0.0,3.0,2.0,0.0,3.0
seed-12186-pa-0.65-pb-0.20,seed-12186-pa-0.65-pb-0.20:4,bandit,4,2.1602241504380864,4.247119619770787,2.166666666666667,2.166666666666667,0.0,0.0,3.0,2.166666666666667,0.0,3.0
seed-12186-pa-0.65-pb-0.20,seed-12186-pa-0.65-pb-0.20:5,bandit,5,2.517675057605601,4.275699957850294,2.2857142857142856,2.2857142857142856,0.0,0.0,3.0,2.2857142857142856,0.0,3.0
seed-12186-pa-0.65-pb-0.20,seed-12186-pa-0.65-pb-0.20:6,bandit,6,2.6269290813453736,3.038230563362371,1.75,1.75,0.0,0.0,-2.0,1.75,0.0,-2.0
seed-12186-pa-0.65-pb-0.20,seed-12186-pa-0.65-pb-0.20:7,bandit,7,4.054882179158078,4.18043216425194,1.8888888888888888,1.8888888888888888,0.0,0.0,3.0,1.8888888888888888,0.0,3.0
seed-12186-pa-0.65-pb-0.20,seed-12186-pa-0.65-pb-0.20:8,bandit,8,4.04858735157374,4.207107146459479,2.0,2.0,0.0,0.0,3.0,2.0,0.0,3.0
seed-12186-pa-0.65-pb-0.20,seed-12186-pa-0.65-pb-0.20:9,bandit,9,2.2575990353171704,3.0982492733293343,2.0,2.0,0.0,0.0,-2.0,2.0,0.0,-2.0
seed-12186-pa-0.65-pb-0.20,seed-12186-pa-0.65-pb-0.20:10,bandit,10,4.075939419878843,4.207107146459479,2.0,2.0,0.0,0.0,3.0,2.0,0.0,3.0
seed-12188-pa-0.35-pb-0.20,seed-12188-pa-0.35-pb-0.20:0,bandit,0,4.203889734292549,3.181680162779613,0.5,0.5,0.0,0.0,0.0,0.5,0.0,0.0
seed-12188-pa-0.35-pb-0.20,seed-12188-pa-0.35-pb-0.20:1,bandit,1,3.849076984180108,2.7381370135275556,0.5,0.5,0.0,0.0,-2.0,0.5,0.0,-2.0
seed-12188-pa-0.35-pb-0.20,seed-12188-pa-0.35-pb-0.20:2,bandit,2,2.71393946547494,4.047057253214244,1.3333333333333337,1.3333333333333337,0.0,0.0,3.0,1.3333333333333337,0.0,3.0
seed-12190-pa-0.65-pb-0.50,seed-12190-pa-0.65-pb-0.50:0,bandit,0,4.203889734292549,3.181680162779613,0.5,0.5,0.0,0.0,0.0,0.5,0.0,0.0
seed-12190-pa-0.65-pb-0.50,seed-12190-pa-0.65-pb-0.50:1,bandit,1,4.42870067827652,4.047057253214244,1.3333333333333337,1.3333333333333337,0.0,0.0,3.0,1.3333333333333337,0.0,3.0
seed-12190-pa-0.65-pb-0.50,seed-12190-pa-0.65-pb-0.50:2,bandit,2,3.201413277982752,4.147088436492515,1.75,1.75,0.0,0.0,3.0,1.75,0.0,3.0
seed-12194-pa-0.50-pb-0.50,seed-12194-pa-0.50-pb-0.50:0,bandit,0,4.203889734292549,3.181680162779613,0.5,0.5,0.0,0.0,0.0,0.5,0.0,0.0
seed-12194-pa-0.50-pb-0.50,seed-12194-pa-0.50-pb-0.50:1,bandit,1,4.42870067827652,4.047057253214244,1.3333333333333337,1.3333333333333337,0.0,0.0,3.0,1.3333333333333337,0.0,3.0
seed-12194-pa-0.50-pb-0.50,seed-12194-pa-0.50-pb-0.50:2,bandit,2,2.501928011042974,2.9381993800840993,1.3333333333333337,1.3333333333333337,0.0,0.0,-2.0,1.3333333333333337,0.0,-2.0
seed-12194-pa-0.50-pb-0.50,seed-12194-pa-0.50-pb-0.50:3,bandit,3,1.2254126516016477,2.7381370135275556,0.5,0.5,0.0,0.0,-2.0,0.5,0.0,-2.0
seed-12194-pa-0.50-pb-0.50,seed-12194-pa-0.50-pb-0.50:4,bandit,4,0.1004126516016477,2.7381370135275556,0.5,0.5,0.0,0.0,-2.0,0.5,0.0,-2.0
seed-12194-pa-0.50-pb-0.50,seed-12194-pa-0.50-pb-0.50:5,bandit,5,2.1368710061149017,3.8469948866576997,0.5,0.5,0.0,0.0,3.0,0.5,0.0,3.0
seed-12194-pa-0.50-pb-0.50,seed-12194-pa-0.50-pb-0.50:6,bandit,6,1.5311501362483142,2.6180995935936293,0.0,0.0,0.0,0.0,-2.0,0.0,0.0,-2.0
seed-12194-pa-0.50-pb-0.50,seed-12194-pa-0.50-pb-0.50:7,bandit,7,2.1325990353171704,3.8469948866576997,0.5,0.5,0.0,0.0,3.0,0.5,0.0,3.0
seed-12194-pa-0.50-pb-0.50,seed-12194-pa-0.50-pb-0.50:8,bandit,8,1.8259394198788428,3.9327359008962186,0.8571428571428572,0.8571428571428572,0.0,0.0,3.0,0.8571428571428572,0.0,3.0
seed-12194-pa-0.50-pb-0.50,seed-12194-pa-0.50-pb-0.50:9,bandit,9,2.0231232641398407,3.997041661575108,1.125,1.125,0.0,0.0,3.0,1.125,0.0,3.0
seed-12194-pa-0.50-pb-0.50,seed-12194-pa-0.50-pb-0.50:10,bandit,10,2.3484445810050545,4.047057253214244,1.3333333333333337,1.3333333333333337,0.0,0.0,3.0,1.3333333333333337,0.0,3.0
seed-12194-pa-0.50-pb-0.50,seed-12194-pa-0.50-pb-0.50:11,bandit,11,1.898123264139841,2.858174433461482,1.0,1.0,0.0,0.0,-2.0,1.0,0.0,-2.0
seed-12194-pa-0.50-pb-0.50,seed-12194-pa-0.50-pb-0.50:12,bandit,12,4.017675057605601,3.967032306591626,1.0,1.0,0.0,0.0,3.0,1.0,0.0,3.0
seed-12194-pa-0.50-pb-0.50,seed-12194-pa-0.50-pb-0.50:13,bandit,13,2.849076984180108,2.7926994771338856,0.7272727272727271,0.7272727272727271,0.0,0.0,-2.0,0.7272727272727271,0.0,-2.0
seed-12199-pa-0.50-pb-0.65,seed-12199-pa-0.50-pb-0.65:0,bandit,0,4.203889734292549,3.181680162779613,0.5,0.5,0.0,0.0,0.0,0.5,0.0,0.0
seed-12199-pa-0.50-pb-0.65,seed-12199-pa-0.50-pb-0.65:1,bandit,1,4.42870067827652,4.047057253214244,1.3333333333333337,1.3333333333333337,0.0,0.0,3.0,1.3333333333333337,0.0,3.0
seed-12199-pa-0.50-pb-0.65,seed-12199-pa-0.50-pb-0.65:2,bandit,2,3.6368710061149017,2.7381370135275556,0.5,0.5,0.0,0.0,-2.0,0.5,0.0,-2.0
seed-12199-pa-0.50-pb-0.65,seed-12199-pa-0.50-pb-0.65:3,bandit,3,4.71393946547494,3.967032306591626,1.0,1.0,0.0,0.0,3.0,1.0,0.0,3.0
seed-12199-pa-0.50-pb-0.65,seed-12199-pa-0.50-pb-0.65:4,bandit,4,3.8288897342925488,4.047057253214244,1.3333333333333337,1.3333333333333337,0.0,0.0,3.0,1.3333333333333337,0.0,3.0
seed-12199-pa-0.50-pb-0.65,seed-12199-pa-0.50-pb-0.65:5,bandit,5,2.9102241504380864,2.8238780277660744,0.8571428571428572,0.8571428571428572,0.0,0.0,-2.0,0.8571428571428572,0.0,-2.0
seed-12199-pa-0.50-pb-0.65,seed-12199-pa-0.50-pb-0.65:6,bandit,6,1.6561501362483142,2.7381370135275556,0.5,0.5,0.0,0.0,-2.0,0.5,0.0,-2.0
seed-12207-pa-0.20-pb-0.35,seed-12207-pa-0.20-pb-0.35:0,bandit,0,4.203889734292549,3.181680162779613,0.5,0.5,0.0,0.0,0.0,0.5,0.0,0.0
seed-12207-pa-0.20-pb-0.35,seed-12207-pa-0.20-pb-0.35:1,bandit,1,3.849076984180108,2.7381370135275556,0.5,0.5,0.0,0.0,-2.0,0.5,0.0,-2.0
seed-12207-pa-0.20-pb-0.35,seed-12207-pa-0.20-pb-0.35:2,bandit,2,2.71393946547494,4.047057253214244,1.3333333333333337,1.3333333333333337,0.0,0.0,3.0,1.3333333333333337,0.0,3.0
seed-12207-pa-0.20-pb-0.35,seed-12207-pa-0.20-pb-0.35:3,bandit,3,1.826413277982752,2.9381993800840993,1.3333333333333337,1.3333333333333337,0.0,0.0,-2.0,1.3333333333333337,0.0,-2.0
seed-12207-pa-0.20-pb-0.35,seed-12207-pa-0.20-pb-0.35:4,bandit,4,0.1787006782765203,2.7381370135275556,0.5,0.5,0.0,0.0,-2.0,0.5,0.0,-2.0
seed-12213-pa-0.50-pb-0.20,seed-12213-pa-0.50-pb-0.20:0,bandit,0,4.203889734292549,3.181680162779613,0.5,0.5,0.0,0.0,0.0,0.5,0.0,0.0
seed-12213-pa-0.50-pb-0.20,seed-12213-pa-0.50-pb-0.20:1,bandit,1,4.42870067827652,4.047057253214244,1.3333333333333337,1.3333333333333337,0.0,0.0,3.0,1.3333333333333337,0.0,3.0
seed-12213-pa-0.50-pb-0.20,seed-12213-pa-0.50-pb-0.20:2,bandit,2,0.951413277982752,4.047057253214244,1.3333333333333337,1.3333333333333337,0.0,0.0,3.0,1.3333333333333337,0.0,3.0
seed-12213-pa-0.50-pb-0.20,seed-12213-pa-0.50-pb-0.20:3,bandit,3,2.6325990353171704,2.9381993800840993,1.3333333333333337,1.3333333333333337,0.0,0.0,-2.0,1.3333333333333337,0.0,-2.0
seed-12213-pa-0.50-pb-0.20,seed-12213-pa-0.50-pb-0.20:4,bandit,4,2.6368710061149017,4.147088436492515,1.75,1.75,0.0,0.0,3.0,1.75,0.0,3.0
seed-12213-pa-0.50-pb-0.20,seed-12213-pa-0.50-pb-0.20:5,bandit,5,1.6882616875182244,2.858174433461482,1.0,1.0,0.0,0.0,-2.0,1.0,0.0,-2.0
seed-12220-pa-0.35-pb-0.20,seed-12220-pa-0.35-pb-0.20:0,bandit,0,4.203889734292549,3.181680162779613,0.5,0.5,0.0,0.0,0.0,0.5,0.0,0.0
seed-12220-pa-0.35-pb-0.20,seed-12220-pa-0.35-pb-0.20:1,bandit,1,3.849076984180108,2.7381370135275556,0.5,0.5,0.0,0.0,-2.0,0.5,0.0,-2.0
seed-12220-pa-0.35-pb-0.20,seed-12220-pa-0.35-pb-0.20:2,bandit,2,1.2575990353171704,2.7381370135275556,0.5,0.5,0.0,0.0,-2.0,0.5,0.0,-2.0
seed-12220-pa-0.35-pb-0.20,seed-12220-pa-0.35-pb-0.20:3,bandit,3,3.017675057605601,4.047057253214244,1.3333333333333337,1.3333333333333337,0.0,0.0,3.0,1.3333333333333337,0.0,3.0
seed-12220-pa-0.35-pb-0.20,seed-12220-pa-0.35-pb-0.20:4,bandit,4,1.5984445810050545,2.9381993800840993,1.3333333333333337,1.3333333333333337,0.0,0.0,-2.0,1.3333333333333337,0.0,-2.0
seed-12220-pa-0.35-pb-0.20,seed-12220-pa-0.35-pb-0.20:5,bandit,5,3.075939419878843,4.047057253214244,1.3333333333333337,1.3333333333333337,0.0,0.0,3.0,1.3333333333333337,0.0,3.0
seed-12220-pa-0.35-pb-0.20,seed-12220-pa-0.35-pb-0.20:6,bandit,6,1.8037006782765204,2.7381370135275556,0.5,0.5,0.0,0.0,-2.0,0.5,0.0,-2.0
seed-12220-pa-0.35-pb-0.20,seed-12220-pa-0.35-pb-0.20:7,bandit,7,0.9734445810050544,2.6180995935936293,0.0,0.0,0.0,0.0,-2.0,0.0,0.0,-2.0
seed-12220-pa-0.35-pb-0.20,seed-12220-pa-0.35-pb-0.20:8,bandit,8,0.8132616875182244,2.6180995935936293,0.0,0.0,0.0,0.0,-2.0,0.0,0.0,-2.0
seed-12220-pa-0.35-pb-0.20,seed-12220-pa-0.35-pb-0.20:9,bandit,9,2.7519290813453736,3.8469948866576997,0.5,0.5,0.0,0.0,3.0,0.5,0.0,3.0
seed-12220-pa-0.35-pb-0.20,seed-12220-pa-0.35-pb-0.20:10,bandit,10,2.825939419878843,3.8469948866576997,0.5,0.5,0.0,0.0,3.0,0.5,0.0,3.0
seed-12220-pa-0.35-pb-0.20,seed-12220-pa-0.35-pb-0.20:11,bandit,11,2.8037006782765204,2.6523959992890367,0.1428571428571428,0.1428571428571428,0.0,0.0,-2.0,0.1428571428571428,0.0,-2.0
seed-12220-pa-0.35-pb-0.20,seed-12220-pa-0.35-pb-0.20:12,bandit,12,3.693147180559944,3.780307431138852,0.2222222222222223,0.2222222222222223,0.0,0.0,3.0,0.2222222222222223,0.0,3.0
seed-12220-pa-0.35-pb-0.20,seed-12220-pa-0.35-pb-0.20:13,bandit,13,3.0019290813453736,2.6523959992890367,0.1428571428571428,0.1428571428571428,0.0,0.0,-2.0,0.1428571428571428,0.0,-2.0
seed-12226-pa-0.50-pb-0.50,seed-12226-pa-0.50-pb-0.50:0,bandit,0,4.203889734292549,3.181680162779613,0.5,0.5,0.0,0.0,0.0,0.5,0.0,0.0
seed-12226-pa-0.50-pb-0.50,seed-12226-pa-0.50-pb-0.50:1,bandit,1,3.849076984180108,2.7381370135275556,0.5,0.5,0.0,0.0,-2.0,0.5,0.0,-2.0
seed-12226-pa-0.50-pb-0.50,seed-12226-pa-0.50-pb-0.50:2,bandit,2,2.71393946547494,4.047057253214244,1.3333333333333337,1.3333333333333337,0.0,0.0,3.0,1.3333333333333337,0.0,3.0
seed-12226-pa-0.50-pb-0.50,seed-12226-pa-0.50-pb-0.50:3,bandit,3,1.826413277982752,2.9381993800840993,1.3333333333333337,1.3333333333333337,0.0,0.0,-2.0,1.3333333333333337,0.0,-2.0
seed-12226-pa-0.50-pb-0.50,seed-12226-pa-0.50-pb-0.50:4,bandit,4,2.626928011042974,4.147088436492515,1.75,1.75,0.0,0.0,3.0,1.75,0.0,3.0
seed-12226-pa-0.50-pb-0.50,seed-12226-pa-0.50-pb-0.50:5,bandit,5,2.201413277982752,3.038230563362371,1.75,1.75,0.0,0.0,-2.0,1.75,0.0,-2.0
seed-12226-pa-0.50-pb-0.50,seed-12226-pa-0.50-pb-0.50:6,bandit,6,0.3181471805599436,2.858174433461482,1.0,1.0,0.0,0.0,-2.0,1.0,0.0,-2.0
seed-12227-pa-0.35-pb-0.35,seed-12227-pa-0.35-pb-0.35:0,bandit,0,4.203889734292549,3.181680162779613,0.5,0.5,0.0,0.0,0.0,0.5,0.0,0.0
seed-12227-pa-0.35-pb-0.35,seed-12227-pa-0.35-pb-0.35:1,bandit,1,4.42870067827652,4.047057253214244,1.3333333333333337,1.3333333333333337,0.0,0.0,3.0,1.3333333333333337,0.0,3.0
seed-12227-pa-0.35-pb-0.35,seed-12227-pa-0.35-pb-0.35:2,bandit,2,3.6368710061149017,2.7381370135275556,0.5,0.5,0.0,0.0,-2.0,0.5,0.0,-2.0
seed-12227-pa-0.35-pb-0.35,seed-12227-pa-0.35-pb-0.35:3,bandit,3,1.9754126516016477,2.7381370135275556,0.5,0.5,0.0,0.0,-2.0,0.5,0.0,-2.0
seed-12227-pa-0.35-pb-0.35,seed-12227-pa-0.35-pb-0.35:4,bandit,4,3.099076984180108,3.967032306591626,1.0,1.0,0.0,0.0,3.0,1.0,0.0,3.0
seed-12227-pa-0.35-pb-0.35,seed-12227-pa-0.35-pb-0.35:5,bandit,5,2.6787006782765204,2.7381370135275556,0.5,0.5,0.0,0.0,-2.0,0.5,0.0,-2.0
seed-12227-pa-0.35-pb-0.35,seed-12227-pa-0.35-pb-0.35:6,bandit,6,4.186967589003199,3.8469948866576997,0.5,0.5,0.0,0.0,3.0,0.5,0.0,3.0
seed-12227-pa-0.35-pb-0.35,seed-12227-pa-0.35-pb-0.35:7,bandit,7,3.1481232641398407,2.7381370135275556,0.5,0.5,0.0,0.0,-2.0,0.5,0.0,-2.0
seed-12227-pa-0.35-pb-0.35,seed-12227-pa-0.35-pb-0.35:8,bandit,8,4.417999079229087,3.967032306591626,1.0,1.0,0.0,0.0,3.0,1.0,0.0,3.0
seed-12227-pa-0.35-pb-0.35,seed-12227-pa-0.35-pb-0.35:9,bandit,9,3.075939419878843,2.858174433461482,1.0,1.0,0.0,0.0,-2.0,1.0,0.0,-2.0
seed-12227-pa-0.35-pb-0.35,seed-12227-pa-0.35-pb-0.35:10,bandit,10,2.3181471805599436,2.858174433461482,1.0,1.0,0.0,0.0,-2.0,1.0,0.0,-2.0
seed-12227-pa-0.35-pb-0.35,seed-12227-pa-0.35-pb-0.35:11,bandit,11,2.5118710061149017,2.858174433461482,1.0,1.0,0.0,0.0,-2.0,1.0,0.0,-2.0
seed-12227-pa-0.35-pb-0.35,seed-12227-pa-0.35-pb-0.35:12,bandit,12,4.035224150438086,3.967032306591626,1.0,1.0,0.0,0.0,3.0,1.0,0.0,3.0
seed-12235-pa-0.35-pb-0.50,seed-12235-pa-0.35-pb-0.50:0,bandit,0,4.203889734292549,3.181680162779613,0.5,0.5,0.0,0.0,0.0,0.5,0.0,0.0
seed-12243-pa-0.35-pb-0.35,seed-12243-pa-0.35-pb-0.35:0,bandit,0,4.203889734292549,3.181680162779613,0.5,0.5,0.0,0.0,0.0,0.5,0.0,0.0
seed-12243-pa-0.35-pb-0.35,seed-12243-pa-0.35-pb-0.35:1,bandit,1,4.42870067827652,4.047057253214244,1.3333333333333337,1.3333333333333337,0.0,0.0,3.0,1.3333333333333337,0.0,3.0
seed-12243-pa-0.35-pb-0.35,seed-12243-pa-0.35-pb-0.35:2,bandit,2,3.201413277982752,4.147088436492515,1.75,1.75,0.0,0.0,3.0,1.75,0.0,3.0
seed-12243-pa-0.35-pb-0.35,seed-12243-pa-0.35-pb-0.35:3,bandit,3,3.4878222787715707,4.207107146459479,2.0,2.0,0.0,0.0,3.0,2.0,0.0,3.0
seed-12243-pa-0.35-pb-0.35,seed-12243-pa-0.35-pb-0.35:4,bandit,4,2.826413277982752,2.9381993800840993,1.3333333333333337,1.3333333333333337,0.0,0.0,-2.0,1.3333333333333337,0.0,-2.0
seed-12243-pa-0.35-pb-0.35,seed-12243-pa-0.35-pb-0.35:5,bandit,5,2.71393946547494,2.8238780277660744,0.8571428571428572,0.8571428571428572,0.0,0.0,-2.0,0.8571428571428572,0.0,-2.0
seed-12243-pa-0.35-pb-0.35,seed-12243-pa-0.35-pb-0.35:6,bandit,6,4.535224150438086,4.047057253214244,1.3333333333333337,1.3333333333333337,0.0,0.0,3.0,1.3333333333333337,0.0,3.0
seed-12243-pa-0.35-pb-0.35,seed-12243-pa-0.35-pb-0.35:7,bandit,7,2.724076984180108,2.9381993800840993,1.3333333333333337,1.3333333333333337,0.0,0.0,-2.0,1.3333333333333337,0.0,-2.0
seed-12243-pa-0.35-pb-0.35,seed-12243-pa-0.35-pb-0.35:8,bandit,8,2.3825990353171704,2.9381993800840993,1.3333333333333337,1.3333333333333337,0.0,0.0,-2.0,1.3333333333333337,0.0,-2.0
seed-12243-pa-0.35-pb-0.35,seed-12243-pa-0.35-pb-0.35:9,bandit,9,1.8825990353171704,2.9381993800840993,1.3333333333333337,1.3333333333333337,0.0,0.0,-2.0,1.3333333333333337,0.0,-2.0
seed-12247-pa-0.50-pb-0.65,seed-12247-pa-0.50-pb-0.65:0,bandit,0,4.203889734292549,3.181680162779613,0.5,0.5,0.0,0.0,0.0,0.5,0.0,0.0
seed-12247-pa-0.50-pb-0.65,seed-12247-pa-0.50-pb-0.65:1,bandit,1,4.42870067827652,4.047057253214244,1.3333333333333337,1.3333333333333337,0.0,0.0,3.0,1.3333333333333337,0.0,3.0
seed-12247-pa-0.50-pb-0.65,seed-12247-pa-0.50-pb-0.65:2,bandit,2,0.951413277982752,4.047057253214244,1.3333333333333337,1.3333333333333337,0.0,0.0,3.0,1.3333333333333337,0.0,3.0
seed-12247-pa-0.50-pb-0.65,seed-12247-pa-0.50-pb-0.65:3,bandit,3,2.6325990353171704,2.9381993800840993,1.3333333333333337,1.3333333333333337,0.0,0.0,-2.0,1.3333333333333337,0.0,-2.0
seed-12247-pa-0.50-pb-0.65,seed-12247-pa-0.50-pb-0.65:4,bandit,4,2.6368710061149017,4.147088436492515,1.75,1.75,0.0,0.0,3.0,1.75,0.0,3.0
seed-12247-pa-0.50-pb-0.65,seed-12247-pa-0.50-pb-0.65:5,bandit,5,1.6882616875182244,2.858174433461482,1.0,1.0,0.0,0.0,-2.0,1.0,0.0,-2.0
seed-12247-pa-0.50-pb-0.65,seed-12247-pa-0.50-pb-0.65:6,bandit,6,0.8825990353171704,2.7381370135275556,0.5,0.5,0.0,0.0,-2.0,0.5,0.0,-2.0
seed-12247-pa-0.50-pb-0.65,seed-12247-pa-0.50-pb-0.65:7,bandit,7,-0.1515554189949455,2.7381370135275556,0.5,0.5,0.0,0.0,-2.0,0.5,0.0,-2.0
seed-12251-pa-0.35-pb-0.50,seed-12251-pa-0.35-pb-0.50:0,bandit,0,4.203889734292549,3.181680162779613,0.5,0.5,0.0,0.0,0.0,0.5,0.0,0.0
seed-12251-pa-0.35-pb-0.50,seed-12251-pa-0.35-pb-0.50:1,bandit,1,3.849076984180108,2.7381370135275556,0.5,0.5,0.0,0.0,-2.0,0.5,0.0,-2.0
seed-12251-pa-0.35-pb-0.50,seed-12251-pa-0.35-pb-0.50:2,bandit,2,1.2575990353171704,2.7381370135275556,0.5,0.5,0.0,0.0,-2.0,0.5,0.0,-2.0
seed-12251-pa-0.35-pb-0.50,seed-12251-pa-0.35-pb-0.50:3,bandit,3,0.2731232641398406,2.7381370135275556,0.5,0.5,0.0,0.0,-2.0,0.5,0.0,-2.0
seed-12251-pa-0.35-pb-0.50,seed-12251-pa-0.35-pb-0.50:4,bandit,4,-0.4768767358601593,2.7381370135275556,0.5,0.5,0.0,0.0,-2.0,0.5,0.0,-2.0
seed-12252-pa-0.35-pb-0.20,seed-12252-pa-0.35-pb-0.20:0,bandit,0,4.203889734292549,3.181680162779613,0.5,0.5,0.0,0.0,0.0,0.5,0.0,0.0
seed-12252-pa-0.35-pb-0.20,seed-12252-pa-0.35-pb-0.20:1,bandit,1,3.849076984180108,2.7381370135275556,0.5,0.5,0.0,0.0,-2.0,0.5,0.0,-2.0
seed-12252-pa-0.35-pb-0.20,seed-12252-pa-0.35-pb-0.20:2,bandit,2,1.2575990353171704,2.7381370135275556,0.5,0.5,0.0,0.0,-2.0,0.5,0.0,-2.0
seed-12252-pa-0.35-pb-0.20,seed-12252-pa-0.35-pb-0.20:3,bandit,3,0.5231232641398407,2.538074646971012,-0.3333333333333332,-0.3333333333333332,0.0,0.0,-2.0,-0.3333333333333332,0.0,-2.0
seed-12252-pa-0.35-pb-0.20,seed-12252-pa-0.35-pb-0.20:4,bandit,4,0.8926750576056008,2.538074646971012,-0.3333333333333332,-0.3333333333333332,0.0,0.0,-2.0,-0.3333333333333332,0.0,-2.0
seed-12255-pa-0.20-pb-0.35,seed-12255-pa-0.20-pb-0.35:0,bandit,0,4.203889734292549,3.181680162779613,0.5,0.5,0.0,0.0,0.0,0.5,0.0,0.0
seed-12255-pa-0.20-pb-0.35,seed-12255-pa-0.20-pb-0.35:1,bandit,1,3.849076984180108,2.7381370135275556,0.5,0.5,0.0,0.0,-2.0,0.5,0.0,-2.0
seed-12255-pa-0.20-pb-0.35,seed-12255-pa-0.20-pb-0.35:2,bandit,2,1.2575990353171704,2.7381370135275556,0.5,0.5,0.0,0.0,-2.0,0.5,0.0,-2.0
seed-12255-pa-0.20-pb-0.35,seed-12255-pa-0.20-pb-0.35:3,bandit,3,3.017675057605601,4.047057253214244,1.3333333333333337,1.3333333333333337,0.0,0.0,3.0,1.3333333333333337,0.0,3.0
seed-12255-pa-0.20-pb-0.35,seed-12255-pa-0.20-pb-0.35:4,bandit,4,1.0537006782765204,2.7381370135275556,0.5,0.5,0.0,0.0,-2.0,0.5,0.0,-2.0
seed-12255-pa-0.20-pb-0.35,seed-12255-pa-0.20-pb-0.35:5,bandit,5,2.2731232641398407,3.967032306591626,1.0,1.0,0.0,0.0,3.0,1.0,0.0,3.0
seed-12255-pa-0.20-pb-0.35,seed-12255-pa-0.20-pb-0.35:6,bandit,6,1.0759394198788428,2.7381370135275556,0.5,0.5,0.0,0.0,-2.0,0.5,0.0,-2.0
seed-12255-pa-0.20-pb-0.35,seed-12255-pa-0.20-pb-0.35:7,bandit,7,1.0019290813453736,2.7381370135275556,0.5,0.5,0.0,0.0,-2.0,0.5,0.0,-2.0
seed-12261-pa-0.50-pb-0.20,seed-12261-pa-0.50-pb-0.20:0,bandit,0,4.203889734292549,3.181680162779613,0.5,0.5,0.0,0.0,0.0,0.5,0.0,0.0
seed-12261-pa-0.50-pb-0.20,seed-12261-pa-0.50-pb-0.20:1,bandit,1,3.4287006782765204,4.047057253214244,1.3333333333333337,1.3333333333333337,0.0,0.0,3.0,1.3333333333333337,0.0,3.0
seed-12261-pa-0.50-pb-0.20,seed-12261-pa-0.50-pb-0.20:2,bandit,2,2.0019290813453736,4.147088436492515,1.75,1.75,0.0,0.0,3.0,1.75,0.0,3.0
seed-12261-pa-0.50-pb-0.20,seed-12261-pa-0.50-pb-0.20:3,bandit,3,3.05474463538566,2.858174433461482,1.0,1.0,0.0,0.0,-2.0,1.0,0.0,-2.0
seed-12261-pa-0.50-pb-0.20,seed-12261-pa-0.50-pb-0.20:4,bandit,4,2.1269290813453736,2.858174433461482,1.0,1.0,0.0,0.0,-2.0,1.0,0.0,-2.0
seed-12264-pa-0.20-pb-0.65,seed-12264-pa-0.20-pb-0.65:0,bandit,0,4.203889734292549,3.181680162779613,0.5,0.5,0.0,0.0,0.0,0.5,0.0,0.0
seed-12264-pa-0.20-pb-0.65,seed-12264-pa-0.20-pb-0.65:1,bandit,1,3.849076984180108,2.7381370135275556,0.5,0.5,0.0,0.0,-2.0,0.5,0.0,-2.0
seed-12264-pa-0.20-pb-0.65,seed-12264-pa-0.20-pb-0.65:2,bandit,2,0.1004126516016477,2.538074646971012,-0.3333333333333332,-0.3333333333333332,0.0,0.0,-2.0,-0.3333333333333332,0.0,-2.0
seed-12271-pa-0.20-pb-0.35,seed-12271-pa-0.20-pb-0.35:0,bandit,0,4.203889734292549,3.181680162779613,0.5,0.5,0.0,0.0,0.0,0.5,0.0,0.0
seed-12271-pa-0.20-pb-0.35,seed-12271-pa-0.20-pb-0.35:1,bandit,1,3.849076984180108,2.7381370135275556,0.5,0.5,0.0,0.0,-2.0,0.5,0.0,-2.0
seed-12271-pa-0.20-pb-0.35,seed-12271-pa-0.20-pb-0.35:2,bandit,2,1.2575990353171704,2.7381370135275556,0.5,0.5,0.0,0.0,-2.0,0.5,0.0,-2.0
seed-12271-pa-0.20-pb-0.35,seed-12271-pa-0.20-pb-0.35:3,bandit,3,3.017675057605601,4.047057253214244,1.3333333333333337,1.3333333333333337,0.0,0.0,3.0,1.3333333333333337,0.0,3.0
seed-12271-pa-0.20-pb-0.35,seed-12271-pa-0.20-pb-0.35:4,bandit,4,1.5984445810050545,2.9381993800840993,1.3333333333333337,1.3333333333333337,0.0,0.0,-2.0,1.3333333333333337,0.0,-2.0
seed-12271-pa-0.20-pb-0.35,seed-12271-pa-0.20-pb-0.35:5,bandit,5,0.6561501362483142,2.7381370135275556,0.5,0.5,0.0,0.0,-2.0,0.5,0.0,-2.0
seed-12277-pa-0.50-pb-0.20,seed-12277-pa-0.50-pb-0.20:0,bandit,0,4.203889734292549,3.181680162779613,0.5,0.5,0.0,0.0,0.0,0.5,0.0,0.0
seed-12277-pa-0.50-pb-0.20,seed-12277-pa-0.50-pb-0.20:1,bandit,1,4.42870067827652,4.047057253214244,1.3333333333333337,1.3333333333333337,0.0,0.0,3.0,1.3333333333333337,0.0,3.0
seed-12277-pa-0.50-pb-0.20,seed-12277-pa-0.50-pb-0.20:2,bandit,2,3.6368710061149017,2.7381370135275556,0.5,0.5,0.0,0.0,-2.0,0.5,0.0,-2.0
seed-12277-pa-0.50-pb-0.20,seed-12277-pa-0.50-pb-0.20:3,bandit,3,4.71393946547494,3.967032306591626,1.0,1.0,0.0,0.0,3.0,1.0,0.0,3.0
seed-12277-pa-0.50-pb-0.20,seed-12277-pa-0.50-pb-0.20:4,bandit,4,1.9754126516016477,2.7381370135275556,0.5,0.5,0.0,0.0,-2.0,0.5,0.0,-2.0
seed-12277-pa-0.50-pb-0.20,seed-12277-pa-0.50-pb-0.20:5,bandit,5,4.600206558916746,4.047057253214244,1.3333333333333337,1.3333333333333337,0.0,0.0,3.0,1.3333333333333337,0.0,3.0
seed-12277-pa-0.50-pb-0.20,seed-12277-pa-0.50-pb-0.20:6,bandit,6,2.906150136248314,2.9381993800840993,1.3333333333333337,1.3333333333333337,0.0,0.0,-2.0,1.3333333333333337,0.0,-2.0
seed-12277-pa-0.50-pb-0.20,seed-12277-pa-0.50-pb-0.20:7,bandit,7,4.017675057605601,4.047057253214244,1.3333333333333337,1.3333333333333337,0.0,0.0,3.0,1.3333333333333337,0.0,3.0
seed-12277-pa-0.50-pb-0.20,seed-12277-pa-0.50-pb-0.20:8,bandit,8,2.5537006782765204,2.9381993800840993,1.3333333333333337,1.3333333333333337,0.0,0.0,-2.0,1.3333333333333337,0.0,-2.0
seed-12277-pa-0.50-pb-0.20,seed-12277-pa-0.50-pb-0.20:9,bandit,9,3.6602241504380864,4.047057253214244,1.3333333333333337,1.3333333333333337,0.0,0.0,3.0,1.3333333333333337,0.0,3.0
seed-12277-pa-0.50-pb-0.20,seed-12277-pa-0.50-pb-0.20:10,bandit,10,3.58893946547494,4.047057253214244,1.3333333333333337,1.3333333333333337,0.0,0.0,3.0,1.3333333333333337,0.0,3.0
seed-12277-pa-0.50-pb-0.20,seed-12277-pa-0.50-pb-0.20:11,bandit,11,3.929882179158078,4.047057253214244,1.3333333333333337,1.3333333333333337,0.0,0.0,3.0,1.3333333333333337,0.0,3.0
seed-12277-pa-0.50-pb-0.20,seed-12277-pa-0.50-pb-0.20:12,bandit,12,4.001928011042974,2.9381993800840993,1.3333333333333337,1.3333333333333337,0.0,0.0,-2.0,1.3333333333333337,0.0,-2.0
seed-12277-pa-0.50-pb-0.20,seed-12277-pa-0.50-pb-0.20:13,bandit,13,4.79858735157374,4.047057253214244,1.3333333333333337,1.3333333333333337,0.0,0.0,3.0,1.3333333333333337,0.0,3.0
seed-12277-pa-0.50-pb-0.20,seed-12277-pa-0.50-pb-0.20:14,bandit,14,4.65475041827262,4.047057253214244,1.3333333333333337,1.3333333333333337,0.0,0.0,3.0,1.3333333333333337,0.0,3.0
seed-12277-pa-0.50-pb-0.20,seed-12277-pa-0.50-pb-0.20:15,bandit,15,4.895541900901097,4.047057253214244,1.3333333333333337,1.3333333333333337,0.0,0.0,3.0,1.3333333333333337,0.0,3.0
seed-12277-pa-0.50-pb-0.20,seed-12277-pa-0.50-pb-0.20:16,bandit,16,4.54858735157374,2.9381993800840993,1.3333333333333337,1.3333333333333337,0.0,0.0,-2.0,1.3333333333333337,0.0,-2.0
seed-12277-pa-0.50-pb-0.20,seed-12277-pa-0.50-pb-0.20:17,bandit,17,3.6949361996449746,2.9381993800840993,1.3333333333333337,1.3333333333333337,0.0,0.0,-2.0,1.3333333333333337,0.0,-2.0
seed-12277-pa-0.50-pb-0.20,seed-12277-pa-0.50-pb-0.20:18,bandit,18,3.679882179158078,2.9381993800840993,1.3333333333333337,1.3333333333333337,0.0,0.0,-2.0,1.3333333333333337,0.0,-2.0
seed-12277-pa-0.50-pb-0.20,seed-12277-pa-0.50-pb-0.20:19,bandit,19,3.4179990792290873,2.9381993800840993,1.3333333333333337,1.3333333333333337,0.0,0.0,-2.0,1.3333333333333337,0.0,-2.0
seed-12277-pa-0.50-pb-0.20,seed-12277-pa-0.50-pb-0.20:20,bandit,20,3.429882179158078,2.9381993800840993,1.3333333333333337,1.3333333333333337,0.0,0.0,-2.0,1.3333333333333337,0.0,-2.0
seed-12277-pa-0.50-pb-0.20,seed-12277-pa-0.50-pb-0.20:21,bandit,21,4.90475041827262,4.047057253214244,1.3333333333333337,1.3333333333333337,0.0,0.0,3.0,1.3333333333333337,0.0,3.0
seed-12277-pa-0.50-pb-0.20,seed-12277-pa-0.50-pb-0.20:22,bandit,22,4.53364569998304,4.047057253214244,1.3333333333333337,1.3333333333333337,0.0,0.0,3.0,1.3333333333333337,0.0,3.0
seed-12277-pa-0.50-pb-0.20,seed-12277-pa-0.50-pb-0.20:23,bandit,23,4.770541900901097,4.047057253214244,1.3333333333333337,1.3333333333333337,0.0,0.0,3.0,1.3333333333333337,0.0,3.0
seed-12277-pa-0.50-pb-0.20,seed-12277-pa-0.50-pb-0.20:24,bandit,24,4.65864569998304,2.9381993800840993,1.3333333333333337,1.3333333333333337,0.0,0.0,-2.0,1.3333333333333337,0.0,-2.0
seed-12277-pa-0.50-pb-0.20,seed-12277-pa-0.50-pb-0.20:25,bandit,25,3.7880413716877825,2.9381993800840993,1.3333333333333337,1.3333333333333337,0.0,0.0,-2.0,1.3333333333333337,0.0,-2.0
seed-12277-pa-0.50-pb-0.20,seed-12277-pa-0.50-pb-0.20:26,bandit,26,5.018149927917811,4.047057253214244,1.3333333333333337,1.3333333333333337,0.0,0.0,3.0,1.3333333333333337,0.0,3.0
seed-12277-pa-0.50-pb-0.20,seed-12277-pa-0.50-pb-0.20:27,bandit,27,4.27975041827262,2.9381993800840993,1.3333333333333337,1.3333333333333337,0.0,0.0,-2.0,1.3333333333333337,0.0,-2.0
seed-12277-pa-0.50-pb-0.20,seed-12277-pa-0.50-pb-0.20:28,bandit,28,3.898245464372426,2.9381993800840993,1.3333333333333337,1.3333333333333337,0.0,0.0,-2.0,1.3333333333333337,0.0,-2.0
seed-12278-pa-0.50-pb-0.35,seed-12278-pa-0.50-pb-0.35:0,bandit,0,4.203889734292549,3.181680162779613,0.5,0.5,0.0,0.0,0.0,0.5,0.0,0.0
seed-12278-pa-0.50-pb-0.35,seed-12278-pa-0.50-pb-0.35:1,bandit,1,3.849076984180108,2.7381370135275556,0.5,0.5,0.0,0.0,-2.0,0.5,0.0,-2.0
seed-12278-pa-0.50-pb-0.35,seed-12278-pa-0.50-pb-0.35:2,bandit,2,4.350412651601648,3.8469948866576997,0.5,0.5,0.0,0.0,3.0,0.5,0.0,3.0
seed-12278-pa-0.50-pb-0.35,seed-12278-pa-0.50-pb-0.35:3,bandit,3,4.21393946547494,3.967032306591626,1.0,1.0,0.0,0.0,3.0,1.0,0.0,3.0
seed-12278-pa-0.50-pb-0.35,seed-12278-pa-0.50-pb-0.35:4,bandit,4,2.7254126516016477,2.7381370135275556,0.5,0.5,0.0,0.0,-2.0,0.5,0.0,-2.0
seed-12290-pa-0.50-pb-0.50,seed-12290-pa-0.50-pb-0.50:0,bandit,0,4.203889734292549,3.181680162779613,0.5,0.5,0.0,0.0,0.0,0.5,0.0,0.0
seed-12290-pa-0.50-pb-0.50,seed-12290-pa-0.50-pb-0.50:1,bandit,1,4.42870067827652,4.047057253214244,1.3333333333333337,1.3333333333333337,0.0,0.0,3.0,1.3333333333333337,0.0,3.0
seed-12290-pa-0.50-pb-0.50,seed-12290-pa-0.50-pb-0.50:2,bandit,2,3.201413277982752,4.147088436492515,1.75,1.75,0.0,0.0,3.0,1.75,0.0,3.0
seed-12290-pa-0.50-pb-0.50,seed-12290-pa-0.50-pb-0.50:3,bandit,3,3.4878222787715707,4.207107146459479,2.0,2.0,0.0,0.0,3.0,2.0,0.0,3.0
seed-12290-pa-0.50-pb-0.50,seed-12290-pa-0.50-pb-0.50:4,bandit,4,2.826413277982752,2.9381993800840993,1.3333333333333337,1.3333333333333337,0.0,0.0,-2.0,1.3333333333333337,0.0,-2.0
seed-12290-pa-0.50-pb-0.50,seed-12290-pa-0.50-pb-0.50:5,bandit,5,2.71393946547494,2.8238780277660744,0.8571428571428572,0.8571428571428572,0.0,0.0,-2.0,0.8571428571428572,0.0,-2.0
seed-12290-pa-0.50-pb-0.50,seed-12290-pa-0.50-pb-0.50:6,bandit,6,3.929882179158078,3.997041661575108,1.125,1.125,0.0,0.0,3.0,1.125,0.0,3.0
seed-12290-pa-0.50-pb-0.50,seed-12290-pa-0.50-pb-0.50:7,bandit,7,2.392675057605601,2.8048244690464035,0.7777777777777777,0.7777777777777777,0.0,0.0,-2.0,0.7777777777777777,0.0,-2.0
seed-12290-pa-0.50-pb-0.50,seed-12290-pa-0.50-pb-0.50:8,bandit,8,3.5485873515737403,3.967032306591626,1.0,1.0,0.0,0.0,3.0,1.0,0.0,3.0
seed-12290-pa-0.50-pb-0.50,seed-12290-pa-0.50-pb-0.50:9,bandit,9,3.1949361996449746,4.01068227747669,1.1818181818181817,1.1818181818181817,0.0,0.0,3.0,1.1818181818181817,0.0,3.0
seed-12290-pa-0.50-pb-0.50,seed-12290-pa-0.50-pb-0.50:10,bandit,10,2.58893946547494,2.838168196805827,0.9166666666666664,0.9166666666666664,0.0,0.0,-2.0,0.9166666666666664,0.0,-2.0
seed-12290-pa-0.50-pb-0.50,seed-12290-pa-0.50-pb-0.50:11,bandit,11,3.7880413716877825,3.9854996019660764,1.076923076923077,1.076923076923077,0.0,0.0,3.0,1.076923076923077,0.0,3.0
seed-12290-pa-0.50-pb-0.50,seed-12290-pa-0.50-pb-0.50:12,bandit,12,2.8199361996449746,2.8238780277660744,0.8571428571428572,0.8571428571428572,0.0,0.0,-2.0,0.8571428571428572,0.0,-2.0
seed-12290-pa-0.50-pb-0.50,seed-12290-pa-0.50-pb-0.50:13,bandit,13,2.46393946547494,2.7781494868388643,0.6666666666666665,0.6666666666666665,0.0,0.0,-2.0,0.6666666666666665,0.0,-2.0
seed-12290-pa-0.50-pb-0.50,seed-12290-pa-0.50-pb-0.50:14,bandit,14,2.3288897342925488,2.7381370135275556,0.5,0.5,0.0,0.0,-2.0,0.5,0.0,-2.0
seed-12290-pa-0.50-pb-0.50,seed-12290-pa-0.50-pb-0.50:15,bandit,15,5.251928011042974,4.047057253214244,1.3333333333333337,1.3333333333333337,0.0,0.0,3.0,1.3333333333333337,0.0,3.0
seed-12290-pa-0.50-pb-0.50,seed-12290-pa-0.50-pb-0.50:16,bandit,16,4.42974463538566,2.9381993800840993,1.3333333333333337,1.3333333333333337,0.0,0.0,-2.0,1.3333333333333337,0.0,-2.0
seed-12290-pa-0.50-pb-0.50,seed-12290-pa-0.50-pb-0.50:17,bandit,17,3.80474463538566,2.9381993800840993,1.3333333333333337,1.3333333333333337,0.0,0.0,-2.0,1.3333333333333337,0.0,-2.0
seed-12290-pa-0.50-pb-0.50,seed-12290-pa-0.50-pb-0.50:18,bandit,18,3.6602241504380864,2.9381993800840993,1.3333333333333337,1.3333333333333337,0.0,0.0,-2.0,1.3333333333333337,0.0,-2.0
seed-12290-pa-0.50-pb-0.50,seed-12290-pa-0.50-pb-0.50:19,bandit,19,2.951413277982752,2.9381993800840993,1.3333333333333337,1.3333333333333337,0.0,0.0,-2.0,1.3333333333333337,0.0,-2.0
seed-12290-pa-0.50-pb-0.50,seed-12290-pa-0.50-pb-0.50:20,bandit,20,3.30474463538566,2.9381993800840993,1.3333333333333337,1.3333333333333337,0.0,0.0,-2.0,1.3333333333333337,0.0,-2.0
seed-12290-pa-0.50-pb-0.50,seed-12290-pa-0.50-pb-0.50:21,bandit,21,4.917999079229087,4.047057253214244,1.3333333333333337,1.3333333333333337,0.0,0.0,3.0,1.3333333333333337,0.0,3.0
seed-12290-pa-0.50-pb-0.50,seed-12290-pa-0.50-pb-0.50:22,bandit,22,4.112822278771571,2.9381993800840993,1.3333333333333337,1.3333333333333337,0.0,0.0,-2.0,1.3333333333333337,0.0,-2.0
seed-12290-pa-0.50-pb-0.50,seed-12290-pa-0.50-pb-0.50:23,bandit,23,4.17974463538566,2.7381370135275556,0.5,0.5,0.0,0.0,-2.0,0.5,0.0,-2.0
seed-12290-pa-0.50-pb-0.50,seed-12290-pa-0.50-pb-0.50:24,bandit,24,4.33893946547494,2.7381370135275556,0.5,0.5,0.0,0.0,-2.0,0.5,0.0,-2.0
seed-12290-pa-0.50-pb-0.50,seed-12290-pa-0.50-pb-0.50:25,bandit,25,4.001929081345374,2.6180995935936293,0.0,0.0,0.0,0.0,-2.0,0.0,0.0,-2.0
seed-12290-pa-0.50-pb-0.50,seed-12290-pa-0.50-pb-0.50:26,bandit,26,4.05474463538566,2.6180995935936293,0.0,0.0,0.0,0.0,-2.0,0.0,0.0,-2.0
seed-12290-pa-0.50-pb-0.50,seed-12290-pa-0.50-pb-0.50:27,bandit,27,5.100206558916746,3.8469948866576997,0.5,0.5,0.0,0.0,3.0,0.5,0.0,3.0
seed-12290-pa-0.50-pb-0.50,seed-12290-pa-0.50-pb-0.50:28,bandit,28,4.475206558916746,3.8469948866576997,0.5,0.5,0.0,0.0,3.0,0.5,0.0,3.0
seed-12290-pa-0.50-pb-0.50,seed-12290-pa-0.50-pb-0.50:29,bandit,29,5.0380413716877825,3.8469948866576997,0.5,0.5,0.0,0.0,3.0,0.5,0.0,3.0
seed-12290-pa-0.50-pb-0.50,seed-12290-pa-0.50-pb-0.50:30,bandit,30,5.30474463538566,2.7381370135275556,0.5,0.5,0.0,0.0,-2.0,0.5,0.0,-2.0
seed-12290-pa-0.50-pb-0.50,seed-12290-pa-0.50-pb-0.50:31,bandit,31,5.78364569998304,3.8469948866576997,0.5,0.5,0.0,0.0,3.0,0.5,0.0,3.0
seed-12290-pa-0.50-pb-0.50,seed-12290-pa-0.50-pb-0.50:32,bandit,32,4.850412651601648,2.7381370135275556,0.5,0.5,0.0,0.0,-2.0,0.5,0.0,-2.0
seed-12290-pa-0.50-pb-0.50,seed-12290-pa-0.50-pb-0.50:33,bandit,33,3.975412651601648,2.7381370135275556,0.5,0.5,0.0,0.0,-2.0,0.5,0.0,-2.0
seed-12290-pa-0.50-pb-0.50,seed-12290-pa-0.50-pb-0.50:34,bandit,34,5.78364569998304,3.8469948866576997,0.5,0.5,0.0,0.0,3.0,0.5,0.0,3.0
seed-12290-pa-0.50-pb-0.50,seed-12290-pa-0.50-pb-0.50:35,bandit,35,4.910224150438086,2.7381370135275556,0.5,0.5,0.0,0.0,-2.0,0.5,0.0,-2.0
seed-12290-pa-0.50-pb-0.50,seed-12290-pa-0.50-pb-0.50:36,bandit,36,5.4130413716877825,3.8469948866576997,0.5,0.5,0.0,0.0,3.0,0.5,0.0,3.0
seed-12290-pa-0.50-pb-0.50,seed-12290-pa-0.50-pb-0.50:37,bandit,37,5.15864569998304,3.8469948866576997,0.5,0.5,0.0,0.0,3.0,0.5,0.0,3.0
seed-12290-pa-0.50-pb-0.50,seed-12290-pa-0.50-pb-0.50:38,bandit,38,5.026300195186874,3.8469948866576997,0.5,0.5,0.0,0.0,3.0,0.5,0.0,3.0
seed-12290-pa-0.50-pb-0.50,seed-12290-pa-0.50-pb-0.50:39,bandit,39,4.901300195186874,3.8469948866576997,0.5,0.5,0.0,0.0,3.0,0.5,0.0,3.0
seed-12290-pa-0.50-pb-0.50,seed-12290-pa-0.50-pb-0.50:40,bandit,40,5.035224150438086,2.689473194635423,0.2972972972972973,0.2972972972972973,0.0,0.0,-2.0,0.2972972972972973,0.0,-2.0
seed-12290-pa-0.50-pb-0.50,seed-12290-pa-0.50-pb-0.50:41,bandit,41,6.285224150438086,3.8469948866576997,0.5,0.5,0.0,0.0,3.0,0.5,0.0,3.0
seed-12290-pa-0.50-pb-0.50,seed-12290-pa-0.50-pb-0.50:42,bandit,42,5.828889734292549,3.8469948866576997,0.5,0.5,0.0,0.0,3.0,0.5,0.0,3.0
seed-12290-pa-0.50-pb-0.50,seed-12290-pa-0.50-pb-0.50:43,bandit,43,5.42974463538566,3.9136823421765476,0.7777777777777777,0.7777777777777777,0.0,0.0,3.0,0.7777777777777777,0.0,3.0
seed-12290-pa-0.50-pb-0.50,seed-12290-pa-0.50-pb-0.50:44,bandit,44,5.501928011042974,3.9136823421765476,0.7777777777777777,0.7777777777777777,0.0,0.0,3.0,0.7777777777777777,0.0,3.0
seed-12290-pa-0.50-pb-0.50,seed-12290-pa-0.50-pb-0.50:45,bandit,45,5.451413277982752,2.8048244690464035,0.7777777777777777,0.7777777777777777,0.0,0.0,-2.0,0.7777777777777777,0.0,-2.0
seed-12290-pa-0.50-pb-0.50,seed-12290-pa-0.50-pb-0.50:46,bandit,46,4.781150136248314,2.8048244690464035,0.7777777777777777,0.7777777777777777,0.0,0.0,-2.0,0.7777777777777777,0.0,-2.0
seed-12290-pa-0.50-pb-0.50,seed-12290-pa-0.50-pb-0.50:47,bandit,47,4.451413277982752,2.8048244690464035,0.7777777777777777,0.7777777777777777,0.0,0.0,-2.0,0.7777777777777777,0.0,-2.0
seed-12290-pa-0.50-pb-0.50,seed-12290-pa-0.50-pb-0.50:48,bandit,48,6.1949361996449746,3.9136823421765476,0.7777777777777777,0.7777777777777777,0.0,0.0,3.0,0.7777777777777777,0.0,3.0
seed-12290-pa-0.50-pb-0.50,seed-12290-pa-0.50-pb-0.50:49,bandit,49,5.725206558916746,3.9136823421765476,0.7777777777777777,0.7777777777777777,0.0,0.0,3.0,0.7777777777777777,0.0,3.0
seed-12290-pa-0.50-pb-0.50,seed-12290-pa-0.50-pb-0.50:50,bandit,50,5.517675057605601,2.8048244690464035,0.7777777777777777,0.7777777777777777,0.0,0.0,-2.0,0.7777777777777777,0.0,-2.0
seed-12290-pa-0.50-pb-0.50,seed-12290-pa-0.50-pb-0.50:51,bandit,51,4.850412651601648,2.8048244690464035,0.7777777777777777,0.7777777777777777,0.0,0.0,-2.0,0.7777777777777777,0.0,-2.0
seed-12290-pa-0.50-pb-0.50,seed-12290-pa-0.50-pb-0.50:52,bandit,52,6.186967589003199,3.9136823421765476,0.7777777777777777,0.7777777777777777,0.0,0.0,3.0,0.7777777777777777,0.0,3.0
seed-12290-pa-0.50-pb-0.50,seed-12290-pa-0.50-pb-0.50:53,bandit,53,5.656150136248314,2.7381370135275556,0.5,0.5,0.0,0.0,-2.0,0.5,0.0,-2.0
seed-12290-pa-0.50-pb-0.50,seed-12290-pa-0.50-pb-0.50:54,bandit,54,5.55474463538566,2.7381370135275556,0.5,0.5,0.0,0.0,-2.0,0.5,0.0,-2.0
seed-12290-pa-0.50-pb-0.50,seed-12290-pa-0.50-pb-0.50:55,bandit,55,5.30474463538566,2.7381370135275556,0.5,0.5,0.0,0.0,-2.0,0.5,0.0,-2.0
seed-12290-pa-0.50-pb-0.50,seed-12290-pa-0.50-pb-0.50:56,bandit,56,6.46393946547494,3.8469948866576997,0.5,0.5,0.0,0.0,3.0,0.5,0.0,3.0
seed-12290-pa-0.50-pb-0.50,seed-12290-pa-0.50-pb-0.50:57,bandit,57,5.826413277982752,2.690122045553985,0.2999999999999998,0.2999999999999998,0.0,0.0,-2.0,0.2999999999999998,0.0,-2.0
seed-12290-pa-0.50-pb-0.50,seed-12290-pa-0.50-pb-0.50:58,bandit,58,5.376929081345374,2.690122045553985,0.2999999999999998,0.2999999999999998,0.0,0.0,-2.0,0.2999999999999998,0.0,-2.0
seed-12290-pa-0.50-pb-0.50,seed-12290-pa-0.50-pb-0.50:59,bandit,59,6.751928011042974,3.8116897631477213,0.3529411764705883,0.3529411764705883,0.0,0.0,3.0,0.3529411764705883,0.0,3.0
seed-12290-pa-0.50-pb-0.50,seed-12290-pa-0.50-pb-0.50:60,bandit,60,5.80474463538566,2.69196877509143,0.3076923076923075,0.3076923076923075,0.0,0.0,-2.0,0.3076923076923075,0.0,-2.0
seed-12290-pa-0.50-pb-0.50,seed-12290-pa-0.50-pb-0.50:61,bandit,61,6.350206558916746,3.813022031959419,0.358490566037736,0.358490566037736,0.0,0.0,3.0,0.358490566037736,0.0,3.0
seed-12290-pa-0.50-pb-0.50,seed-12290-pa-0.50-pb-0.50:62,bandit,62,5.785224150438086,2.6936787098483235,0.3148148148148149,0.3148148148148149,0.0,0.0,-2.0,0.3148148148148149,0.0,-2.0
seed-12290-pa-0.50-pb-0.50,seed-12290-pa-0.50-pb-0.50:63,bandit,63,6.350206558916746,3.814257408493902,0.3636363636363637,0.3636363636363637,0.0,0.0,3.0,0.3636363636363637,0.0,3.0
seed-12290-pa-0.50-pb-0.50,seed-12290-pa-0.50-pb-0.50:64,bandit,64,6.33893946547494,3.82555963309807,0.4107142857142856,0.4107142857142856,0.0,0.0,3.0,0.4107142857142856,0.0,3.0
seed-12290-pa-0.50-pb-0.50,seed-12290-pa-0.50-pb-0.50:65,bandit,65,6.100206558916746,2.706548218808101,0.3684210526315787,0.3684210526315787,0.0,0.0,-2.0,0.3684210526315787,0.0,-2.0
seed-12290-pa-0.50-pb-0.50,seed-12290-pa-0.50-pb-0.50:66,bandit,66,6.46393946547494,3.8262987797725403,0.4137931034482758,0.4137931034482758,0.0,0.0,3.0,0.4137931034482758,0.0,3.0
seed-12290-pa-0.50-pb-0.50,seed-12290-pa-0.50-pb-0.50:67,bandit,67,6.328889734292549,3.836822223951435,0.4576271186440679,0.4576271186440679,0.0,0.0,3.0,0.4576271186440679,0.0,3.0
seed-12290-pa-0.50-pb-0.50,seed-12290-pa-0.50-pb-0.50:68,bandit,68,5.876928011042974,2.718130776871901,0.4166666666666665,0.4166666666666665,0.0,0.0,-2.0,0.4166666666666665,0.0,-2.0
seed-12290-pa-0.50-pb-0.50,seed-12290-pa-0.50-pb-0.50:69,bandit,69,6.4449361996449746,3.8371557538762304,0.459016393442623,0.459016393442623,0.0,0.0,3.0,0.459016393442623,0.0,3.0
seed-12290-pa-0.50-pb-0.50,seed-12290-pa-0.50-pb-0.50:70,bandit,70,5.767675057605601,2.718776139344664,0.4193548387096775,0.4193548387096775,0.0,0.0,-2.0,0.4193548387096775,0.0,-2.0
seed-12290-pa-0.50-pb-0.50,seed-12290-pa-0.50-pb-0.50:71,bandit,71,5.517675057605601,2.709556675448049,0.3809523809523809,0.3809523809523809,0.0,0.0,-2.0,0.3809523809523809,0.0,-2.0
seed-12290-pa-0.50-pb-0.50,seed-12290-pa-0.50-pb-0.50:72,bandit,72,6.725206558916746,3.8184145485781933,0.3809523809523809,0.3809523809523809,0.0,0.0,3.0,0.3809523809523809,0.0,3.0
seed-12290-pa-0.50-pb-0.50,seed-12290-pa-0.50-pb-0.50:73,bandit,73,6.21393946547494,3.828239039793024,0.421875,0.421875,0.0,0.0,3.0,0.421875,0.0,3.0
seed-12290-pa-0.50-pb-0.50,seed-12290-pa-0.50-pb-0.50:74,bandit,74,6.186967589003199,3.837761238970475,0.4615384615384617,0.4615384615384617,0.0,0.0,3.0,0.4615384615384617,0.0,3.0
seed-12290-pa-0.50-pb-0.50,seed-12290-pa-0.50-pb-0.50:75,bandit,75,6.061967589003199,3.8469948866576997,0.5,0.5,0.0,0.0,3.0,0.5,0.0,3.0
seed-12290-pa-0.50-pb-0.50,seed-12290-pa-0.50-pb-0.50:76,bandit,76,6.203889734292549,2.729178997114576,0.4626865671641789,0.4626865671641789,0.0,0.0,-2.0,0.4626865671641789,0.0,-2.0
seed-12290-pa-0.50-pb-0.50,seed-12290-pa-0.50-pb-0.50:77,bandit,77,7.04858735157374,3.8469948866576997,0.5,0.5,0.0,0.0,3.0,0.5,0.0,3.0
seed-12290-pa-0.50-pb-0.50,seed-12290-pa-0.50-pb-0.50:78,bandit,78,6.5699361996449746,3.8469948866576997,0.5,0.5,0.0,0.0,3.0,0.5,0.0,3.0
seed-12290-pa-0.50-pb-0.50,seed-12290-pa-0.50-pb-0.50:79,bandit,79,6.304882179158078,3.855693250421028,0.5362318840579712,0.5362318840579712,0.0,0.0,3.0,0.5362318840579712,0.0,3.0
seed-12290-pa-0.50-pb-0.50,seed-12290-pa-0.50-pb-0.50:80,bandit,80,6.142675057605601,2.7381370135275556,0.5,0.5,0.0,0.0,-2.0,0.5,0.0,-2.0
seed-12290-pa-0.50-pb-0.50,seed-12290-pa-0.50-pb-0.50:81,bandit,81,7.042999079229087,3.8554482260896665,0.535211267605634,0.535211267605634,0.0,0.0,3.0,0.535211267605634,0.0,3.0
seed-12290-pa-0.50-pb-0.50,seed-12290-pa-0.50-pb-0.50:82,bandit,82,6.42358735157374,3.863666750537412,0.5694444444444446,0.5694444444444446,0.0,0.0,3.0,0.5694444444444446,0.0,3.0
seed-12290-pa-0.50-pb-0.50,seed-12290-pa-0.50-pb-0.50:83,bandit,83,6.29858735157374,3.871660109931794,0.6027397260273974,0.6027397260273974,0.0,0.0,3.0,0.6027397260273974,0.0,3.0
seed-12290-pa-0.50-pb-0.50,seed-12290-pa-0.50-pb-0.50:84,bandit,84,6.237822278771571,2.7543582864915996,0.5675675675675675,0.5675675675675675,0.0,0.0,-2.0,0.5675675675675675,0.0,-2.0
seed-12290-pa-0.50-pb-0.50,seed-12290-pa-0.50-pb-0.50:85,bandit,85,6.917999079229087,3.871002370644485,0.6000000000000001,0.6000000000000001,0.0,0.0,3.0,0.6000000000000001,0.0,3.0
seed-12290-pa-0.50-pb-0.50,seed-12290-pa-0.50-pb-0.50:86,bandit,86,5.826413277982752,2.7539314108872825,0.5657894736842106,0.5657894736842106,0.0,0.0,-2.0,0.5657894736842106,0.0,-2.0
seed-12290-pa-0.50-pb-0.50,seed-12290-pa-0.50-pb-0.50:87,bandit,87,5.475412651601648,2.7459316511856025,0.5324675324675323,0.5324675324675323,0.0,0.0,-2.0,0.5324675324675323,0.0,-2.0
seed-12290-pa-0.50-pb-0.50,seed-12290-pa-0.50-pb-0.50:88,bandit,88,6.679882179158078,3.8623842994697415,0.5641025641025643,0.5641025641025643,0.0,0.0,3.0,0.5641025641025643,0.0,3.0
seed-12290-pa-0.50-pb-0.50,seed-12290-pa-0.50-pb-0.50:89,bandit,89,6.54858735157374,3.8697868018350277,0.5949367088607596,0.5949367088607596,0.0,0.0,3.0,0.5949367088607596,0.0,3.0
seed-12290-pa-0.50-pb-0.50,seed-12290-pa-0.50-pb-0.50:90,bandit,90,6.328889734292549,2.7531416910192963,0.5625,0.5625,0.0,0.0,-2.0,0.5625,0.0,-2.0
seed-12290-pa-0.50-pb-0.50,seed-12290-pa-0.50-pb-0.50:91,bandit,91,5.876928011042974,2.7455467308074275,0.5308641975308643,0.5308641975308643,0.0,0.0,-2.0,0.5308641975308643,0.0,-2.0
seed-12290-pa-0.50-pb-0.50,seed-12290-pa-0.50-pb-0.50:92,bandit,92,5.42974463538566,2.7381370135275556,0.5,0.5,0.0,0.0,-2.0,0.5,0.0,-2.0
seed-12290-pa-0.50-pb-0.50,seed-12290-pa-0.50-pb-0.50:93,bandit,93,6.54858735157374,3.8542260565332374,0.5301204819277108,0.5301204819277108,0.0,0.0,3.0,0.5301204819277108,0.0,3.0
seed-12290-pa-0.50-pb-0.50,seed-12290-pa-0.50-pb-0.50:94,bandit,94,6.42358735157374,3.861285055697453,0.5595238095238093,0.5595238095238093,0.0,0.0,3.0,0.5595238095238093,0.0,3.0
seed-12290-pa-0.50-pb-0.50,seed-12290-pa-0.50-pb-0.50:95,bandit,95,6.078889734292549,2.7451980382295513,0.5294117647058822,0.5294117647058822,0.0,0.0,-2.0,0.5294117647058822,0.0,-2.0
seed-12290-pa-0.50-pb-0.50,seed-12290-pa-0.50-pb-0.50:96,bandit,96,5.725206558916746,2.7381370135275556,0.5,0.5,0.0,0.0,-2.0,0.5,0.0,-2.0
seed-12290-pa-0.50-pb-0.50,seed-12290-pa-0.50-pb-0.50:97,bandit,97,6.42358735157374,3.853893588952753,0.5287356321839081,0.5287356321839081,0.0,0.0,3.0,0.5287356321839081,0.0,3.0
seed-12290-pa-0.50-pb-0.50,seed-12290-pa-0.50-pb-0.50:98,bandit,98,6.08893946547494,2.7381370135275556,0.5,0.5,0.0,0.0,-2.0,0.5,0.0,-2.0
seed-12290-pa-0.50-pb-0.50,seed-12290-pa-0.50-pb-0.50:99,bandit,99,6.542999079229087,3.8870073599690085,0.6666666666666665,0.6666666666666665,0.0,0.0,3.0,0.6666666666666665,0.0,3.0
seed-12303-pa-0.20-pb-0.35,seed-12303-pa-0.20-pb-0.35:0,bandit,0,4.203889734292549,3.181680162779613,0.5,0.5,0.0,0.0,0.0,0.5,0.0,0.0
seed-12303-pa-0.20-pb-0.35,seed-12303-pa-0.20-pb-0.35:1,bandit,1,3.849076984180108,2.7381370135275556,0.5,0.5,0.0,0.0,-2.0,0.5,0.0,-2.0
seed-12303-pa-0.20-pb-0.35,seed-12303-pa-0.20-pb-0.35:2,bandit,2,0.1004126516016477,2.538074646971012,-0.3333333333333332,-0.3333333333333332,0.0,0.0,-2.0,-0.3333333333333332,0.0,-2.0
seed-12304-pa-0.20-pb-0.50,seed-12304-pa-0.20-pb-0.50:0,bandit,0,4.203889734292549,3.181680162779613,0.5,0.5,0.0,0.0,0.0,0.5,0.0,0.0
seed-12304-pa-0.20-pb-0.50,seed-12304-pa-0.20-pb-0.50:1,bandit,1,3.849076984180108,2.7381370135275556,0.5,0.5,0.0,0.0,-2.0,0.5,0.0,-2.0
seed-12304-pa-0.20-pb-0.50,seed-12304-pa-0.20-pb-0.50:2,bandit,2,4.350412651601648,3.8469948866576997,0.5,0.5,0.0,0.0,3.0,0.5,0.0,3.0
seed-12304-pa-0.20-pb-0.50,seed-12304-pa-0.20-pb-0.50:3,bandit,3,2.7731232641398407,2.7381370135275556,0.5,0.5,0.0,0.0,-2.0,0.5,0.0,-2.0
seed-12304-pa-0.20-pb-0.50,seed-12304-pa-0.20-pb-0.50:4,bandit,4,3.376928011042974,3.8469948866576997,0.5,0.5,0.0,0.0,3.0,0.5,0.0,3.0
seed-12304-pa-0.20-pb-0.50,seed-12304-pa-0.20-pb-0.50:5,bandit,5,2.5019290813453736,2.7381370135275556,0.5,0.5,0.0,0.0,-2.0,0.5,0.0,-2.0
seed-12304-pa-0.20-pb-0.50,seed-12304-pa-0.20-pb-0.50:6,bandit,6,3.9102241504380864,4.047057253214244,1.3333333333333337,1.3333333333333337,0.0,0.0,3.0,1.3333333333333337,0.0,3.0
seed-12304-pa-0.20-pb-0.50,seed-12304-pa-0.20-pb-0.50:7,bandit,7,2.8037006782765204,2.9381993800840993,1.3333333333333337,1.3333333333333337,0.0,0.0,-2.0,1.3333333333333337,0.0,-2.0
seed-12304-pa-0.20-pb-0.50,seed-12304-pa-0.20-pb-0.50:8,bandit,8,2.099076984180108,2.7381370135275556,0.5,0.5,0.0,0.0,-2.0,0.5,0.0,-2.0
seed-12310-pa-0.50-pb-0.35,seed-12310-pa-0.50-pb-0.35:0,bandit,0,4.203889734292549,3.181680162779613,0.5,0.5,0.0,0.0,0.0,0.5,0.0,0.0
seed-12310-pa-0.50-pb-0.35,seed-12310-pa-0.50-pb-0.35:1,bandit,1,4.42870067827652,4.047057253214244,1.3333333333333337,1.3333333333333337,0.0,0.0,3.0,1.3333333333333337,0.0,3.0
seed-12310-pa-0.50-pb-0.35,seed-12310-pa-0.50-pb-0.35:2,bandit,2,0.951413277982752,4.047057253214244,1.3333333333333337,1.3333333333333337,0.0,0.0,3.0,1.3333333333333337,0.0,3.0
seed-12311-pa-0.50-pb-0.65,seed-12311-pa-0.50-pb-0.65:0,bandit,0,4.203889734292549,3.181680162779613,0.5,0.5,0.0,0.0,0.0,0.5,0.0,0.0
seed-12311-pa-0.50-pb-0.65,seed-12311-pa-0.50-pb-0.65:1,bandit,1,4.42870067827652,4.047057253214244,1.3333333333333337,1.3333333333333337,0.0,0.0,3.0,1.3333333333333337,0.0,3.0
seed-12311-pa-0.50-pb-0.65,seed-12311-pa-0.50-pb-0.65:2,bandit,2,3.201413277982752,4.147088436492515,1.75,1.75,0.0,0.0,3.0,1.75,0.0,3.0
seed-12311-pa-0.50-pb-0.65,seed-12311-pa-0.50-pb-0.65:3,bandit,3,2.67974463538566,4.147088436492515,1.75,1.75,0.0,0.0,3.0,1.75,0.0,3.0
seed-12311-pa-0.50-pb-0.65,seed-12311-pa-0.50-pb-0.65:4,bandit,4,2.4734445810050545,3.038230563362371,1.75,1.75,0.0,0.0,-2.0,1.75,0.0,-2.0
seed-12311-pa-0.50-pb-0.65,seed-12311-pa-0.50-pb-0.65:5,bandit,5,3.80370067827652,4.207107146459479,2.0,2.0,0.0,0.0,3.0,2.0,0.0,3.0
seed-12311-pa-0.50-pb-0.65,seed-12311-pa-0.50-pb-0.65:6,bandit,6,2.781150136248314,4.207107146459479,2.0,2.0,0.0,0.0,3.0,2.0,0.0,3.0
seed-12311-pa-0.50-pb-0.65,seed-12311-pa-0.50-pb-0.65:7,bandit,7,2.8868710061149017,4.247119619770787,2.166666666666667,2.166666666666667,0.0,0.0,3.0,2.166666666666667,0.0,3.0
seed-12311-pa-0.50-pb-0.65,seed-12311-pa-0.50-pb-0.65:8,bandit,8,2.9754126516016477,4.247119619770787,2.166666666666667,2.166666666666667,0.0,0.0,3.0,2.166666666666667,0.0,3.0
seed-12311-pa-0.50-pb-0.65,seed-12311-pa-0.50-pb-0.65:9,bandit,9,3.531150136248314,4.275699957850294,2.2857142857142856,2.2857142857142856,0.0,0.0,3.0,2.2857142857142856,0.0,3.0
seed-12311-pa-0.50-pb-0.65,seed-12311-pa-0.50-pb-0.65:10,bandit,10,2.0231232641398407,3.166842084720149,2.2857142857142856,2.2857142857142856,0.0,0.0,-2.0,2.2857142857142856,0.0,-2.0
seed-12311-pa-0.50-pb-0.65,seed-12311-pa-0.50-pb-0.65:11,bandit,11,4.349076984180108,4.297135211409923,2.375,2.375,0.0,0.0,3.0,2.375,0.0,3.0
seed-12311-pa-0.50-pb-0.65,seed-12311-pa-0.50-pb-0.65:12,bandit,12,4.281150136248314,4.313807075289636,2.4444444444444446,2.4444444444444446,0.0,0.0,3.0,2.4444444444444446,0.0,3.0
seed-12311-pa-0.50-pb-0.65,seed-12311-pa-0.50-pb-0.65:13,bandit,13,4.325939419878843,4.327144566393405,2.5,2.5,0.0,0.0,3.0,2.5,0.0,3.0
seed-12311-pa-0.50-pb-0.65,seed-12311-pa-0.50-pb-0.65:14,bandit,14,4.001929081345374,4.327144566393405,2.5,2.5,0.0,0.0,3.0,2.5,0.0,3.0
seed-12311-pa-0.50-pb-0.65,seed-12311-pa-0.50-pb-0.65:15,bandit,15,4.700939419878843,4.338057059114671,2.545454545454546,2.545454545454546,0.0,0.0,3.0,2.545454545454546,0.0,3.0
seed-12311-pa-0.50-pb-0.65,seed-12311-pa-0.50-pb-0.65:16,bandit,16,2.4431471805599436,3.229199185984527,2.545454545454546,2.545454545454546,0.0,0.0,-2.0,2.545454545454546,0.0,-2.0
seed-12311-pa-0.50-pb-0.65,seed-12311-pa-0.50-pb-0.65:17,bandit,17,2.099076984180108,3.229199185984527,2.545454545454546,2.545454545454546,0.0,0.0,-2.0,2.545454545454546,0.0,-2.0
seed-12311-pa-0.50-pb-0.65,seed-12311-pa-0.50-pb-0.65:18,bandit,18,4.656150136248314,4.338057059114671,2.545454545454546,2.545454545454546,0.0,0.0,3.0,2.545454545454546,0.0,3.0
seed-12311-pa-0.50-pb-0.65,seed-12311-pa-0.50-pb-0.65:19,bandit,19,2.825939419878843,3.229199185984527,2.545454545454546,2.545454545454546,0.0,0.0,-2.0,2.545454545454546,0.0,-2.0
seed-12324-pa-0.65-pb-0.65,seed-12324-pa-0.65-pb-0.65:0,bandit,0,4.203889734292549,3.181680162779613,0.5,0.5,0.0,0.0,0.0,0.5,0.0,0.0
seed-12324-pa-0.65-pb-0.65,seed-12324-pa-0.65-pb-0.65:1,bandit,1,4.42870067827652,4.047057253214244,1.3333333333333337,1.3333333333333337,0.0,0.0,3.0,1.3333333333333337,0.0,3.0
seed-12324-pa-0.65-pb-0.65,seed-12324-pa-0.65-pb-0.65:2,bandit,2,2.501928011042974,2.9381993800840993,1.3333333333333337,1.3333333333333337,0.0,0.0,-2.0,1.3333333333333337,0.0,-2.0
seed-12324-pa-0.65-pb-0.65,seed-12324-pa-0.65-pb-0.65:3,bandit,3,2.6368710061149017,4.147088436492515,1.75,1.75,0.0,0.0,3.0,1.75,0.0,3.0
seed-12324-pa-0.65-pb-0.65,seed-12324-pa-0.65-pb-0.65:4,bandit,4,1.6882616875182244,2.858174433461482,1.0,1.0,0.0,0.0,-2.0,1.0,0.0,-2.0
seed-12324-pa-0.65-pb-0.65,seed-12324-pa-0.65-pb-0.65:5,bandit,5,3.001928011042974,3.967032306591626,1.0,1.0,0.0,0.0,3.0,1.0,0.0,3.0
seed-12324-pa-0.65-pb-0.65,seed-12324-pa-0.65-pb-0.65:6,bandit,6,1.8259394198788428,2.7381370135275556,0.5,0.5,0.0,0.0,-2.0,0.5,0.0,-2.0
seed-12324-pa-0.65-pb-0.65,seed-12324-pa-0.65-pb-0.65:7,bandit,7,3.561967589003199,3.967032306591626,1.0,1.0,0.0,0.0,3.0,1.0,0.0,3.0
seed-12324-pa-0.65-pb-0.65,seed-12324-pa-0.65-pb-0.65:8,bandit,8,2.5632616875182244,3.967032306591626,1.0,1.0,0.0,0.0,3.0,1.0,0.0,3.0
seed-12324-pa-0.65-pb-0.65,seed-12324-pa-0.65-pb-0.65:9,bandit,9,2.8769290813453736,3.997041661575108,1.125,1.125,0.0,0.0,3.0,1.125,0.0,3.0
seed-12324-pa-0.65-pb-0.65,seed-12324-pa-0.65-pb-0.65:10,bandit,10,3.392675057605601,4.047057253214244,1.3333333333333337,1.3333333333333337,0.0,0.0,3.0,1.3333333333333337,0.0,3.0
seed-12324-pa-0.65-pb-0.65,seed-12324-pa-0.65-pb-0.65:11,bandit,11,3.392675057605601,4.087069726525552,1.5,1.5,0.0,0.0,3.0,1.5,0.0,3.0
seed-12324-pa-0.65-pb-0.65,seed-12324-pa-0.65-pb-0.65:12,bandit,12,3.5075990353171704,2.901824404346546,1.1818181818181817,1.1818181818181817,0.0,0.0,-2.0,1.1818181818181817,0.0,-2.0
seed-12324-pa-0.65-pb-0.65,seed-12324-pa-0.65-pb-0.65:13,bandit,13,5.1630413716877825,4.047057253214244,1.3333333333333337,1.3333333333333337,0.0,0.0,3.0,1.3333333333333337,0.0,3.0
seed-12324-pa-0.65-pb-0.65,seed-12324-pa-0.65-pb-0.65:14,bandit,14,4.929882179158078,4.047057253214244,1.3333333333333337,1.3333333333333337,0.0,0.0,3.0,1.3333333333333337,0.0,3.0
seed-12324-pa-0.65-pb-0.65,seed-12324-pa-0.65-pb-0.65:15,bandit,15,5.15475041827262,4.077836078838327,1.4615384615384617,1.4615384615384617,0.0,0.0,3.0,1.4615384615384617,0.0,3.0
seed-12324-pa-0.65-pb-0.65,seed-12324-pa-0.65-pb-0.65:16,bandit,16,5.15475041827262,4.104217929373256,1.5714285714285716,1.5714285714285716,0.0,0.0,3.0,1.5714285714285716,0.0,3.0
seed-12324-pa-0.65-pb-0.65,seed-12324-pa-0.65-pb-0.65:17,bandit,17,4.474076984180108,2.9381993800840993,1.3333333333333337,1.3333333333333337,0.0,0.0,-2.0,1.3333333333333337,0.0,-2.0
seed-12324-pa-0.65-pb-0.65,seed-12324-pa-0.65-pb-0.65:18,bandit,18,3.5681471805599436,2.9381993800840993,1.3333333333333337,1.3333333333333337,0.0,0.0,-2.0,1.3333333333333337,0.0,-2.0
seed-12324-pa-0.65-pb-0.65,seed-12324-pa-0.65-pb-0.65:19,bandit,19,3.575939419878843,2.8881837884449633,1.125,1.125,0.0,0.0,-2.0,1.125,0.0,-2.0
seed-12324-pa-0.65-pb-0.65,seed-12324-pa-0.65-pb-0.65:20,bandit,20,3.3037006782765204,2.8440523840574903,0.9411764705882356,0.9411764705882356,0.0,0.0,-2.0,0.9411764705882356,0.0,-2.0
seed-12324-pa-0.65-pb-0.65,seed-12324-pa-0.65-pb-0.65:21,bandit,21,5.21393946547494,3.9803697976953956,1.0555555555555554,1.0555555555555554,0.0,0.0,3.0,1.0555555555555554,0.0,3.0
seed-12324-pa-0.65-pb-0.65,seed-12324-pa-0.65-pb-0.65:22,bandit,22,4.811967589003199,4.004938860254971,1.1578947368421053,1.1578947368421053,0.0,0.0,3.0,1.1578947368421053,0.0,3.0
seed-12324-pa-0.65-pb-0.65,seed-12324-pa-0.65-pb-0.65:23,bandit,23,4.943147180559944,2.858174433461482,1.0,1.0,0.0,0.0,-2.0,1.0,0.0,-2.0
seed-12324-pa-0.65-pb-0.65,seed-12324-pa-0.65-pb-0.65:24,bandit,24,5.28364569998304,3.989896577055231,1.0952380952380951,1.0952380952380951,0.0,0.0,3.0,1.0952380952380951,0.0,3.0
seed-12324-pa-0.65-pb-0.65,seed-12324-pa-0.65-pb-0.65:25,bandit,25,4.42870067827652,2.8472619407402155,0.9545454545454546,0.9545454545454546,0.0,0.0,-2.0,0.9545454545454546,0.0,-2.0
seed-12324-pa-0.65-pb-0.65,seed-12324-pa-0.65-pb-0.65:26,bandit,26,3.55474463538566,2.8238780277660744,0.8571428571428572,0.8571428571428572,0.0,0.0,-2.0,0.8571428571428572,0.0,-2.0
seed-12324-pa-0.65-pb-0.65,seed-12324-pa-0.65-pb-0.65:27,bandit,27,3.7378222787715703,2.8238780277660744,0.8571428571428572,0.8571428571428572,0.0,0.0,-2.0,0.8571428571428572,0.0,-2.0
seed-12324-pa-0.65-pb-0.65,seed-12324-pa-0.65-pb-0.65:28,bandit,28,5.0380413716877825,3.9327359008962186,0.8571428571428572,0.8571428571428572,0.0,0.0,3.0,0.8571428571428572,0.0,3.0
seed-12324-pa-0.65-pb-0.65,seed-12324-pa-0.65-pb-0.65:29,bandit,29,4.90475041827262,3.9393313635299507,0.8846153846153846,0.8846153846153846,0.0,0.0,3.0,0.8846153846153846,0.0,3.0
seed-12324-pa-0.65-pb-0.65,seed-12324-pa-0.65-pb-0.65:30,bandit,30,5.141034256080317,3.9581406458557797,0.9629629629629628,0.9629629629629628,0.0,0.0,3.0,0.9629629629629628,0.0,3.0
seed-12324-pa-0.65-pb-0.65,seed-12324-pa-0.65-pb-0.65:31,bandit,31,5.141034256080317,3.975606408015478,1.0357142857142856,1.0357142857142856,0.0,0.0,3.0,1.0357142857142856,0.0,3.0
seed-12324-pa-0.65-pb-0.65,seed-12324-pa-0.65-pb-0.65:32,bandit,32,5.014163456931506,3.9918676348538176,1.103448275862069,1.103448275862069,0.0,0.0,3.0,1.103448275862069,0.0,3.0
seed-12324-pa-0.65-pb-0.65,seed-12324-pa-0.65-pb-0.65:33,bandit,33,4.766034256080317,4.007044779902935,1.1666666666666663,1.1666666666666663,0.0,0.0,3.0,1.1666666666666663,0.0,3.0
seed-12324-pa-0.65-pb-0.65,seed-12324-pa-0.65-pb-0.65:34,bandit,34,5.05474463538566,2.8736631328077946,1.064516129032258,1.064516129032258,0.0,0.0,-2.0,1.064516129032258,0.0,-2.0
seed-12324-pa-0.65-pb-0.65,seed-12324-pa-0.65-pb-0.65:35,bandit,35,5.520541900901097,3.997041661575108,1.125,1.125,0.0,0.0,3.0,1.125,0.0,3.0
seed-12324-pa-0.65-pb-0.65,seed-12324-pa-0.65-pb-0.65:36,bandit,36,5.389163456931506,4.01068227747669,1.1818181818181817,1.1818181818181817,0.0,0.0,3.0,1.1818181818181817,0.0,3.0
seed-12324-pa-0.65-pb-0.65,seed-12324-pa-0.65-pb-0.65:37,bandit,37,5.261047744848593,4.023520504207592,1.2352941176470589,1.2352941176470589,0.0,0.0,3.0,1.2352941176470589,0.0,3.0
seed-12324-pa-0.65-pb-0.65,seed-12324-pa-0.65-pb-0.65:38,bandit,38,5.137509570276173,4.035625117982441,1.2857142857142856,1.2857142857142856,0.0,0.0,3.0,1.2857142857142856,0.0,3.0
seed-12324-pa-0.65-pb-0.65,seed-12324-pa-0.65-pb-0.65:39,bandit,39,4.889163456931506,4.047057253214244,1.3333333333333337,1.3333333333333337,0.0,0.0,3.0,1.3333333333333337,0.0,3.0
seed-12324-pa-0.65-pb-0.65,seed-12324-pa-0.65-pb-0.65:40,bandit,40,4.766034256080317,4.057871435190273,1.3783783783783785,1.3783783783783785,0.0,0.0,3.0,1.3783783783783785,0.0,3.0
seed-12324-pa-0.65-pb-0.65,seed-12324-pa-0.65-pb-0.65:41,bandit,41,4.887509570276173,4.06811644969388,1.4210526315789471,1.4210526315789471,0.0,0.0,3.0,1.4210526315789471,0.0,3.0
seed-12324-pa-0.65-pb-0.65,seed-12324-pa-0.65-pb-0.65:42,bandit,42,5.386047744848593,4.077836078838327,1.4615384615384617,1.4615384615384617,0.0,0.0,3.0,1.4615384615384617,0.0,3.0
seed-12324-pa-0.65-pb-0.65,seed-12324-pa-0.65-pb-0.65:43,bandit,43,4.203889734292549,2.948202498411926,1.375,1.375,0.0,0.0,-2.0,1.375,0.0,-2.0
seed-12324-pa-0.65-pb-0.65,seed-12324-pa-0.65-pb-0.65:44,bandit,44,3.436967589003199,2.9284402402520726,1.292682926829268,1.292682926829268,0.0,0.0,-2.0,1.292682926829268,0.0,-2.0
seed-12324-pa-0.65-pb-0.65,seed-12324-pa-0.65-pb-0.65:45,bandit,45,3.78364569998304,2.909619042004593,1.2142857142857144,1.2142857142857144,0.0,0.0,-2.0,1.2142857142857144,0.0,-2.0
seed-12324-pa-0.65-pb-0.65,seed-12324-pa-0.65-pb-0.65:46,bandit,46,5.651300195186874,4.0184769151347375,1.2142857142857144,1.2142857142857144,0.0,0.0,3.0,1.2142857142857144,0.0,3.0
seed-12324-pa-0.65-pb-0.65,seed-12324-pa-0.65-pb-0.65:47,bandit,47,4.90475041827262,4.028446800511309,1.255813953488372,1.255813953488372,0.0,0.0,3.0,1.255813953488372,0.0,3.0
seed-12324-pa-0.65-pb-0.65,seed-12324-pa-0.65-pb-0.65:48,bandit,48,5.268149927917811,4.037963509279855,1.2954545454545454,1.2954545454545454,0.0,0.0,3.0,1.2954545454545454,0.0,3.0
seed-12324-pa-0.65-pb-0.65,seed-12324-pa-0.65-pb-0.65:49,bandit,49,5.141034256080317,4.047057253214244,1.3333333333333337,1.3333333333333337,0.0,0.0,3.0,1.3333333333333337,0.0,3.0
seed-12324-pa-0.65-pb-0.65,seed-12324-pa-0.65-pb-0.65:50,bandit,50,5.141034256080317,4.055755616977572,1.3695652173913042,1.3695652173913042,0.0,0.0,3.0,1.3695652173913042,0.0,3.0
seed-12324-pa-0.65-pb-0.65,seed-12324-pa-0.65-pb-0.65:51,bandit,51,5.139163456931506,4.064083837602034,1.4042553191489362,1.4042553191489362,0.0,0.0,3.0,1.4042553191489362,0.0,3.0
seed-12324-pa-0.65-pb-0.65,seed-12324-pa-0.65-pb-0.65:52,bandit,52,5.389163456931506,4.072065049033812,1.4375,1.4375,0.0,0.0,3.0,1.4375,0.0,3.0
seed-12324-pa-0.65-pb-0.65,seed-12324-pa-0.65-pb-0.65:53,bandit,53,5.141034256080317,4.079720496733679,1.469387755102041,1.469387755102041,0.0,0.0,3.0,1.469387755102041,0.0,3.0
seed-12324-pa-0.65-pb-0.65,seed-12324-pa-0.65-pb-0.65:54,bandit,54,4.953889734292549,2.9542043694086226,1.4,1.4,0.0,0.0,-2.0,1.4,0.0,-2.0
seed-12324-pa-0.65-pb-0.65,seed-12324-pa-0.65-pb-0.65:55,bandit,55,5.768149927917811,4.070594002220895,1.4313725490196076,1.4313725490196076,0.0,0.0,3.0,1.4313725490196076,0.0,3.0
seed-12324-pa-0.65-pb-0.65,seed-12324-pa-0.65-pb-0.65:56,bandit,56,5.762509570276173,4.077836078838327,1.4615384615384617,1.4615384615384617,0.0,0.0,3.0,1.4615384615384617,0.0,3.0
seed-12324-pa-0.65-pb-0.65,seed-12324-pa-0.65-pb-0.65:57,bandit,57,5.758614483762177,4.084804869545667,1.490566037735849,1.490566037735849,0.0,0.0,3.0,1.490566037735849,0.0,3.0
seed-12324-pa-0.65-pb-0.65,seed-12324-pa-0.65-pb-0.65:58,bandit,58,5.203889734292549,2.960428531923715,1.425925925925926,1.425925925925926,0.0,0.0,-2.0,1.425925925925926,0.0,-2.0
seed-12324-pa-0.65-pb-0.65,seed-12324-pa-0.65-pb-0.65:59,bandit,59,5.891034256080317,4.076157233804286,1.4545454545454546,1.4545454545454546,0.0,0.0,3.0,1.4545454545454546,0.0,3.0
seed-12324-pa-0.65-pb-0.65,seed-12324-pa-0.65-pb-0.65:60,bandit,60,4.71393946547494,2.952489549123852,1.3928571428571428,1.3928571428571428,0.0,0.0,-2.0,1.3928571428571428,0.0,-2.0
seed-12324-pa-0.65-pb-0.65,seed-12324-pa-0.65-pb-0.65:61,bandit,61,4.4449361996449746,2.9381993800840993,1.3333333333333337,1.3333333333333337,0.0,0.0,-2.0,1.3333333333333337,0.0,-2.0
seed-12324-pa-0.65-pb-0.65,seed-12324-pa-0.65-pb-0.65:62,bandit,62,6.508614483762177,4.053955955509297,1.3620689655172415,1.3620689655172415,0.0,0.0,3.0,1.3620689655172415,0.0,3.0
seed-12324-pa-0.65-pb-0.65,seed-12324-pa-0.65-pb-0.65:63,bandit,63,6.134755911000223,4.060620803489264,1.389830508474576,1.389830508474576,0.0,0.0,3.0,1.389830508474576,0.0,3.0
seed-12324-pa-0.65-pb-0.65,seed-12324-pa-0.65-pb-0.65:64,bandit,64,6.008614483762177,4.067063489869898,1.4166666666666663,1.4166666666666663,0.0,0.0,3.0,1.4166666666666663,0.0,3.0
seed-12324-pa-0.65-pb-0.65,seed-12324-pa-0.65-pb-0.65:65,bandit,65,6.007606094404334,4.073294940631495,1.442622950819672,1.442622950819672,0.0,0.0,3.0,1.442622950819672,0.0,3.0
seed-12324-pa-0.65-pb-0.65,seed-12324-pa-0.65-pb-0.65:66,bandit,66,5.759755911000223,4.079325376852395,1.467741935483871,1.467741935483871,0.0,0.0,3.0,1.467741935483871,0.0,3.0
seed-12324-pa-0.65-pb-0.65,seed-12324-pa-0.65-pb-0.65:67,bandit,67,5.883614483762177,4.085164370653585,1.492063492063492,1.492063492063492,0.0,0.0,3.0,1.492063492063492,0.0,3.0
seed-12340-pa-0.65-pb-0.65,seed-12340-pa-0.65-pb-0.65:0,bandit,0,4.203889734292549,3.181680162779613,0.5,0.5,0.0,0.0,0.0,0.5,0.0,0.0
seed-12340-pa-0.65-pb-0.65,seed-12340-pa-0.65-pb-0.65:1,bandit,1,4.42870067827652,4.047057253214244,1.3333333333333337,1.3333333333333337,0.0,0.0,3.0,1.3333333333333337,0.0,3.0
seed-12340-pa-0.65-pb-0.65,seed-12340-pa-0.65-pb-0.65:2,bandit,2,3.6368710061149017,2.7381370135275556,0.5,0.5,0.0,0.0,-2.0,0.5,0.0,-2.0
seed-12340-pa-0.65-pb-0.65,seed-12340-pa-0.65-pb-0.65:3,bandit,3,4.71393946547494,3.967032306591626,1.0,1.0,0.0,0.0,3.0,1.0,0.0,3.0
seed-12340-pa-0.65-pb-0.65,seed-12340-pa-0.65-pb-0.65:4,bandit,4,1.9754126516016477,2.7381370135275556,0.5,0.5,0.0,0.0,-2.0,0.5,0.0,-2.0
seed-12340-pa-0.65-pb-0.65,seed-12340-pa-0.65-pb-0.65:5,bandit,5,4.600206558916746,4.047057253214244,1.3333333333333337,1.3333333333333337,0.0,0.0,3.0,1.3333333333333337,0.0,3.0
seed-12340-pa-0.65-pb-0.65,seed-12340-pa-0.65-pb-0.65:6,bandit,6,3.6602241504380864,4.047057253214244,1.3333333333333337,1.3333333333333337,0.0,0.0,3.0,1.3333333333333337,0.0,3.0
seed-12340-pa-0.65-pb-0.65,seed-12340-pa-0.65-pb-0.65:7,bandit,7,3.1602241504380864,4.047057253214244,1.3333333333333337,1.3333333333333337,0.0,0.0,3.0,1.3333333333333337,0.0,3.0
seed-12340-pa-0.65-pb-0.65,seed-12340-pa-0.65-pb-0.65:8,bandit,8,3.0984445810050545,2.9381993800840993,1.3333333333333337,1.3333333333333337,0.0,0.0,-2.0,1.3333333333333337,0.0,-2.0
seed-12340-pa-0.65-pb-0.65,seed-12340-pa-0.65-pb-0.65:9,bandit,9,4.328889734292549,4.047057253214244,1.3333333333333337,1.3333333333333337,0.0,0.0,3.0,1.3333333333333337,0.0,3.0
seed-12340-pa-0.65-pb-0.65,seed-12340-pa-0.65-pb-0.65:10,bandit,10,4.0699361996449746,4.047057253214244,1.3333333333333337,1.3333333333333337,0.0,0.0,3.0,1.3333333333333337,0.0,3.0
seed-12340-pa-0.65-pb-0.65,seed-12340-pa-0.65-pb-0.65:11,bandit,11,4.292999079229087,4.047057253214244,1.3333333333333337,1.3333333333333337,0.0,0.0,3.0,1.3333333333333337,0.0,3.0
seed-12340-pa-0.65-pb-0.65,seed-12340-pa-0.65-pb-0.65:12,bandit,12,4.1630413716877825,4.077836078838327,1.4615384615384617,1.4615384615384617,0.0,0.0,3.0,1.4615384615384617,0.0,3.0
seed-12340-pa-0.65-pb-0.65,seed-12340-pa-0.65-pb-0.65:13,bandit,13,4.4130413716877825,4.104217929373256,1.5714285714285716,1.5714285714285716,0.0,0.0,3.0,1.5714285714285716,0.0,3.0
seed-12340-pa-0.65-pb-0.65,seed-12340-pa-0.65-pb-0.65:14,bandit,14,4.40864569998304,4.127082199836861,1.6666666666666663,1.6666666666666663,0.0,0.0,3.0,1.6666666666666663,0.0,3.0
seed-12340-pa-0.65-pb-0.65,seed-12340-pa-0.65-pb-0.65:15,bandit,15,3.975206558916746,2.9632071759036673,1.4375,1.4375,0.0,0.0,-2.0,1.4375,0.0,-2.0
seed-12340-pa-0.65-pb-0.65,seed-12340-pa-0.65-pb-0.65:16,bandit,16,4.78364569998304,4.0941307512275475,1.5294117647058822,1.5294117647058822,0.0,0.0,3.0,1.5294117647058822,0.0,3.0
seed-12340-pa-0.65-pb-0.65,seed-12340-pa-0.65-pb-0.65:17,bandit,17,4.776300195186874,4.113744708733091,1.6111111111111112,1.6111111111111112,0.0,0.0,3.0,1.6111111111111112,0.0,3.0
seed-12340-pa-0.65-pb-0.65,seed-12340-pa-0.65-pb-0.65:18,bandit,18,4.648245464372426,4.131294039132788,1.6842105263157894,1.6842105263157894,0.0,0.0,3.0,1.6842105263157894,0.0,3.0
seed-12340-pa-0.65-pb-0.65,seed-12340-pa-0.65-pb-0.65:19,bandit,19,4.54858735157374,2.978211853395408,1.5,1.5,0.0,0.0,-2.0,1.5,0.0,-2.0
seed-12340-pa-0.65-pb-0.65,seed-12340-pa-0.65-pb-0.65:20,bandit,20,3.2378222787715707,2.9381993800840993,1.3333333333333337,1.3333333333333337,0.0,0.0,-2.0,1.3333333333333337,0.0,-2.0
seed-12340-pa-0.65-pb-0.65,seed-12340-pa-0.65-pb-0.65:21,bandit,21,5.273245464372426,4.065244741083021,1.4090909090909092,1.4090909090909092,0.0,0.0,3.0,1.4090909090909092,0.0,3.0
seed-12340-pa-0.65-pb-0.65,seed-12340-pa-0.65-pb-0.65:22,bandit,22,4.898245464372426,4.081850708267556,1.4782608695652173,1.4782608695652173,0.0,0.0,3.0,1.4782608695652173,0.0,3.0
seed-12340-pa-0.65-pb-0.65,seed-12340-pa-0.65-pb-0.65:23,bandit,23,5.17358735157374,4.147088436492515,1.75,1.75,0.0,0.0,3.0,1.75,0.0,3.0
seed-12340-pa-0.65-pb-0.65,seed-12340-pa-0.65-pb-0.65:24,bandit,24,5.276300195186874,4.147088436492515,1.75,1.75,0.0,0.0,3.0,1.75,0.0,3.0
seed-12340-pa-0.65-pb-0.65,seed-12340-pa-0.65-pb-0.65:25,bandit,25,5.398245464372426,4.147088436492515,1.75,1.75,0.0,0.0,3.0,1.75,0.0,3.0
seed-12340-pa-0.65-pb-0.65,seed-12340-pa-0.65-pb-0.65:26,bandit,26,5.151300195186874,4.147088436492515,1.75,1.75,0.0,0.0,3.0,1.75,0.0,3.0
seed-12340-pa-0.65-pb-0.65,seed-12340-pa-0.65-pb-0.65:27,bandit,27,4.929882179158078,3.038230563362371,1.75,1.75,0.0,0.0,-2.0,1.75,0.0,-2.0
seed-12340-pa-0.65-pb-0.65,seed-12340-pa-0.65-pb-0.65:28,bandit,28,5.65864569998304,4.147088436492515,1.75,1.75,0.0,0.0,3.0,1.75,0.0,3.0
seed-12340-pa-0.65-pb-0.65,seed-12340-pa-0.65-pb-0.65:29,bandit,29,5.52975041827262,4.147088436492515,1.75,1.75,0.0,0.0,3.0,1.75,0.0,3.0
seed-12340-pa-0.65-pb-0.65,seed-12340-pa-0.65-pb-0.65:30,bandit,30,5.520541900901097,4.147088436492515,1.75,1.75,0.0,0.0,3.0,1.75,0.0,3.0
seed-12340-pa-0.65-pb-0.65,seed-12340-pa-0.65-pb-0.65:31,bandit,31,5.523245464372426,4.147088436492515,1.75,1.75,0.0,0.0,3.0,1.75,0.0,3.0
seed-12340-pa-0.65-pb-0.65,seed-12340-pa-0.65-pb-0.65:32,bandit,32,5.401300195186874,4.147088436492515,1.75,1.75,0.0,0.0,3.0,1.75,0.0,3.0
seed-12340-pa-0.65-pb-0.65,seed-12340-pa-0.65-pb-0.65:33,bandit,33,5.40864569998304,3.038230563362371,1.75,1.75,0.0,0.0,-2.0,1.75,0.0,-2.0
seed-12340-pa-0.65-pb-0.65,seed-12340-pa-0.65-pb-0.65:34,bandit,34,5.65864569998304,4.147088436492515,1.75,1.75,0.0,0.0,3.0,1.75,0.0,3.0
seed-12340-pa-0.65-pb-0.65,seed-12340-pa-0.65-pb-0.65:35,bandit,35,5.90864569998304,4.207107146459479,2.0,2.0,0.0,0.0,3.0,2.0,0.0,3.0
seed-12340-pa-0.65-pb-0.65,seed-12340-pa-0.65-pb-0.65:36,bandit,36,5.554882179158078,3.0982492733293343,2.0,2.0,0.0,0.0,-2.0,2.0,0.0,-2.0
seed-12340-pa-0.65-pb-0.65,seed-12340-pa-0.65-pb-0.65:37,bandit,37,4.71393946547494,3.0982492733293343,2.0,2.0,0.0,0.0,-2.0,2.0,0.0,-2.0
seed-12340-pa-0.65-pb-0.65,seed-12340-pa-0.65-pb-0.65:38,bandit,38,6.65475041827262,4.207107146459479,2.0,2.0,0.0,0.0,3.0,2.0,0.0,3.0
seed-12340-pa-0.65-pb-0.65,seed-12340-pa-0.65-pb-0.65:39,bandit,39,5.46393946547494,3.0982492733293343,2.0,2.0,0.0,0.0,-2.0,2.0,0.0,-2.0
seed-12340-pa-0.65-pb-0.65,seed-12340-pa-0.65-pb-0.65:40,bandit,40,4.328889734292549,3.0982492733293343,2.0,2.0,0.0,0.0,-2.0,2.0,0.0,-2.0
seed-12340-pa-0.65-pb-0.65,seed-12340-pa-0.65-pb-0.65:41,bandit,41,3.9102241504380864,2.9381993800840993,1.3333333333333337,1.3333333333333337,0.0,0.0,-2.0,1.3333333333333337,0.0,-2.0
seed-12340-pa-0.65-pb-0.65,seed-12340-pa-0.65-pb-0.65:42,bandit,42,4.100206558916746,2.9381993800840993,1.3333333333333337,1.3333333333333337,0.0,0.0,-2.0,1.3333333333333337,0.0,-2.0
seed-12340-pa-0.65-pb-0.65,seed-12340-pa-0.65-pb-0.65:43,bandit,43,6.1630413716877825,4.047057253214244,1.3333333333333337,1.3333333333333337,0.0,0.0,3.0,1.3333333333333337,0.0,3.0
seed-12340-pa-0.65-pb-0.65,seed-12340-pa-0.65-pb-0.65:44,bandit,44,5.0699361996449746,2.9381993800840993,1.3333333333333337,1.3333333333333337,0.0,0.0,-2.0,1.3333333333333337,0.0,-2.0
seed-12340-pa-0.65-pb-0.65,seed-12340-pa-0.65-pb-0.65:45,bandit,45,6.4130413716877825,4.047057253214244,1.3333333333333337,1.3333333333333337,0.0,0.0,3.0,1.3333333333333337,0.0,3.0
seed-12340-pa-0.65-pb-0.65,seed-12340-pa-0.65-pb-0.65:46,bandit,46,5.679882179158078,2.9381993800840993,1.3333333333333337,1.3333333333333337,0.0,0.0,-2.0,1.3333333333333337,0.0,-2.0
seed-12340-pa-0.65-pb-0.65,seed-12340-pa-0.65-pb-0.65:47,bandit,47,6.40864569998304,4.047057253214244,1.3333333333333337,1.3333333333333337,0.0,0.0,3.0,1.3333333333333337,0.0,3.0
seed-12340-pa-0.65-pb-0.65,seed-12340-pa-0.65-pb-0.65:48,bandit,48,6.27975041827262,4.047057253214244,1.3333333333333337,1.3333333333333337,0.0,0.0,3.0,1.3333333333333337,0.0,3.0
seed-12340-pa-0.65-pb-0.65,seed-12340-pa-0.65-pb-0.65:49,bandit,49,6.270541900901097,4.047057253214244,1.3333333333333337,1.3333333333333337,0.0,0.0,3.0,1.3333333333333337,0.0,3.0
seed-12340-pa-0.65-pb-0.65,seed-12340-pa-0.65-pb-0.65:50,bandit,50,6.145541900901097,4.047057253214244,1.3333333333333337,1.3333333333333337,0.0,0.0,3.0,1.3333333333333337,0.0,3.0
seed-12340-pa-0.65-pb-0.65,seed-12340-pa-0.65-pb-0.65:51,bandit,51,6.023245464372426,4.055223064094102,1.3673469387755102,1.3673469387755102,0.0,0.0,3.0,1.3673469387755102,0.0,3.0
seed-12340-pa-0.65-pb-0.65,seed-12340-pa-0.65-pb-0.65:52,bandit,52,6.020541900901097,4.063062242538767,1.4,1.4,0.0,0.0,3.0,1.4,0.0,3.0
seed-12340-pa-0.65-pb-0.65,seed-12340-pa-0.65-pb-0.65:53,bandit,53,5.898245464372426,4.070594002220895,1.4313725490196076,1.4313725490196076,0.0,0.0,3.0,1.4313725490196076,0.0,3.0
seed-12340-pa-0.65-pb-0.65,seed-12340-pa-0.65-pb-0.65:54,bandit,54,5.895541900901097,4.077836078838327,1.4615384615384617,1.4615384615384617,0.0,0.0,3.0,1.4615384615384617,0.0,3.0
seed-12340-pa-0.65-pb-0.65,seed-12340-pa-0.65-pb-0.65:55,bandit,55,6.020541900901097,4.084804869545667,1.490566037735849,1.490566037735849,0.0,0.0,3.0,1.490566037735849,0.0,3.0
seed-12340-pa-0.65-pb-0.65,seed-12340-pa-0.65-pb-0.65:56,bandit,56,6.023245464372426,2.960428531923715,1.425925925925926,1.425925925925926,0.0,0.0,-2.0,1.425925925925926,0.0,-2.0
seed-12340-pa-0.65-pb-0.65,seed-12340-pa-0.65-pb-0.65:57,bandit,57,6.773245464372426,4.076157233804286,1.4545454545454546,1.4545454545454546,0.0,0.0,3.0,1.4545454545454546,0.0,3.0
seed-12340-pa-0.65-pb-0.65,seed-12340-pa-0.65-pb-0.65:58,bandit,58,5.54858735157374,2.952489549123852,1.3928571428571428,1.3928571428571428,0.0,0.0,-2.0,1.3928571428571428,0.0,-2.0
seed-12340-pa-0.65-pb-0.65,seed-12340-pa-0.65-pb-0.65:59,bandit,59,4.703889734292549,2.9381993800840993,1.3333333333333337,1.3333333333333337,0.0,0.0,-2.0,1.3333333333333337,0.0,-2.0
seed-12340-pa-0.65-pb-0.65,seed-12340-pa-0.65-pb-0.65:60,bandit,60,4.350206558916746,2.9381993800840993,1.3333333333333337,1.3333333333333337,0.0,0.0,-2.0,1.3333333333333337,0.0,-2.0
seed-12340-pa-0.65-pb-0.65,seed-12340-pa-0.65-pb-0.65:61,bandit,61,6.895541900901097,4.047057253214244,1.3333333333333337,1.3333333333333337,0.0,0.0,3.0,1.3333333333333337,0.0,3.0
seed-12340-pa-0.65-pb-0.65,seed-12340-pa-0.65-pb-0.65:62,bandit,62,5.78364569998304,2.9381993800840993,1.3333333333333337,1.3333333333333337,0.0,0.0,-2.0,1.3333333333333337,0.0,-2.0
seed-12340-pa-0.65-pb-0.65,seed-12340-pa-0.65-pb-0.65:63,bandit,63,6.651300195186874,4.047057253214244,1.3333333333333337,1.3333333333333337,0.0,0.0,3.0,1.3333333333333337,0.0,3.0
seed-12340-pa-0.65-pb-0.65,seed-12340-pa-0.65-pb-0.65:64,bandit,64,6.645541900901097,4.047057253214244,1.3333333333333337,1.3333333333333337,0.0,0.0,3.0,1.3333333333333337,0.0,3.0
seed-12340-pa-0.65-pb-0.65,seed-12340-pa-0.65-pb-0.65:65,bandit,65,6.514163456931506,4.047057253214244,1.3333333333333337,1.3333333333333337,0.0,0.0,3.0,1.3333333333333337,0.0,3.0
seed-12340-pa-0.65-pb-0.65,seed-12340-pa-0.65-pb-0.65:66,bandit,66,6.391034256080317,4.053309202169135,1.359375,1.359375,0.0,0.0,3.0,1.359375,0.0,3.0
seed-12340-pa-0.65-pb-0.65,seed-12340-pa-0.65-pb-0.65:67,bandit,67,6.391034256080317,4.059368783463877,1.3846153846153846,1.3846153846153846,0.0,0.0,3.0,1.3846153846153846,0.0,3.0
seed-12340-pa-0.65-pb-0.65,seed-12340-pa-0.65-pb-0.65:68,bandit,68,6.389163456931506,4.065244741083021,1.4090909090909092,1.4090909090909092,0.0,0.0,3.0,1.4090909090909092,0.0,3.0
seed-12340-pa-0.65-pb-0.65,seed-12340-pa-0.65-pb-0.65:69,bandit,69,6.389163456931506,4.070945296982189,1.4328358208955223,1.4328358208955223,0.0,0.0,3.0,1.4328358208955223,0.0,3.0
seed-12340-pa-0.65-pb-0.65,seed-12340-pa-0.65-pb-0.65:70,bandit,70,6.139163456931506,4.076478189472559,1.4558823529411766,1.4558823529411766,0.0,0.0,3.0,1.4558823529411766,0.0,3.0
seed-12340-pa-0.65-pb-0.65,seed-12340-pa-0.65-pb-0.65:71,bandit,71,6.264163456931506,4.081850708267556,1.4782608695652173,1.4782608695652173,0.0,0.0,3.0,1.4782608695652173,0.0,3.0
seed-12340-pa-0.65-pb-0.65,seed-12340-pa-0.65-pb-0.65:72,bandit,72,6.143149927917811,2.961063650547704,1.4285714285714284,1.4285714285714284,0.0,0.0,-2.0,1.4285714285714284,0.0,-2.0
seed-12340-pa-0.65-pb-0.65,seed-12340-pa-0.65-pb-0.65:73,bandit,73,6.648245464372426,4.075235051320799,1.4507042253521123,1.4507042253521123,0.0,0.0,3.0,1.4507042253521123,0.0,3.0
seed-12340-pa-0.65-pb-0.65,seed-12340-pa-0.65-pb-0.65:74,bandit,74,6.520541900901097,4.080400980973668,1.4722222222222223,1.4722222222222223,0.0,0.0,3.0,1.4722222222222223,0.0,3.0
seed-12340-pa-0.65-pb-0.65,seed-12340-pa-0.65-pb-0.65:75,bandit,75,6.151300195186874,2.9601240229944055,1.4246575342465753,1.4246575342465753,0.0,0.0,-2.0,1.4246575342465753,0.0,-2.0
seed-12340-pa-0.65-pb-0.65,seed-12340-pa-0.65-pb-0.65:76,bandit,76,5.561967589003199,2.9601240229944055,1.4246575342465753,1.4246575342465753,0.0,0.0,-2.0,1.4246575342465753,0.0,-2.0
seed-12340-pa-0.65-pb-0.65,seed-12340-pa-0.65-pb-0.65:77,bandit,77,7.262509570276173,4.074092708154317,1.445945945945946,1.445945945945946,0.0,0.0,3.0,1.445945945945946,0.0,3.0
seed-12340-pa-0.65-pb-0.65,seed-12340-pa-0.65-pb-0.65:78,bandit,78,6.768149927917811,4.079067231863291,1.4666666666666668,1.4666666666666668,0.0,0.0,3.0,1.4666666666666668,0.0,3.0
seed-12340-pa-0.65-pb-0.65,seed-12340-pa-0.65-pb-0.65:79,bandit,79,6.884755911000223,4.083910847053607,1.486842105263158,1.486842105263158,0.0,0.0,3.0,1.486842105263158,0.0,3.0
seed-12340-pa-0.65-pb-0.65,seed-12340-pa-0.65-pb-0.65:80,bandit,80,6.761047744848593,4.088628654057162,1.5064935064935066,1.5064935064935066,0.0,0.0,3.0,1.5064935064935066,0.0,3.0
seed-12340-pa-0.65-pb-0.65,seed-12340-pa-0.65-pb-0.65:81,bandit,81,6.761047744848593,4.093225491650369,1.5256410256410255,1.5256410256410255,0.0,0.0,3.0,1.5256410256410255,0.0,3.0
seed-12340-pa-0.65-pb-0.65,seed-12340-pa-0.65-pb-0.65:82,bandit,82,6.512509570276173,4.097705953608306,1.5443037974683542,1.5443037974683542,0.0,0.0,3.0,1.5443037974683542,0.0,3.0
seed-12340-pa-0.65-pb-0.65,seed-12340-pa-0.65-pb-0.65:83,bandit,83,6.389163456931506,4.102074404017293,1.5625,1.5625,0.0,0.0,3.0,1.5625,0.0,3.0
seed-12340-pa-0.65-pb-0.65,seed-12340-pa-0.65-pb-0.65:84,bandit,84,6.389163456931506,4.1063349914532195,1.5802469135802468,1.5802469135802468,0.0,0.0,3.0,1.5802469135802468,0.0,3.0
seed-12340-pa-0.65-pb-0.65,seed-12340-pa-0.65-pb-0.65:85,bandit,85,6.512509570276173,4.110491662122416,1.5975609756097562,1.5975609756097562,0.0,0.0,3.0,1.5975609756097562,0.0,3.0
seed-12340-pa-0.65-pb-0.65,seed-12340-pa-0.65-pb-0.65:86,bandit,86,6.395541900901097,2.991227959171376,1.5542168674698793,1.5542168674698793,0.0,0.0,-2.0,1.5542168674698793,0.0,-2.0
seed-12340-pa-0.65-pb-0.65,seed-12340-pa-0.65-pb-0.65:87,bandit,87,6.898245464372426,4.104217929373256,1.5714285714285716,1.5714285714285716,0.0,0.0,3.0,1.5714285714285716,0.0,3.0
seed-12340-pa-0.65-pb-0.65,seed-12340-pa-0.65-pb-0.65:88,bandit,88,6.773245464372426,4.108252800631539,1.5882352941176472,1.5882352941176472,0.0,0.0,3.0,1.5882352941176472,0.0,3.0
seed-12340-pa-0.65-pb-0.65,seed-12340-pa-0.65-pb-0.65:89,bandit,89,6.1630413716877825,2.9893781250171685,1.5465116279069768,1.5465116279069768,0.0,0.0,-2.0,1.5465116279069768,0.0,-2.0
seed-12340-pa-0.65-pb-0.65,seed-12340-pa-0.65-pb-0.65:90,bandit,90,5.429882179158078,2.9795915938544186,1.5057471264367814,1.5057471264367814,0.0,0.0,-2.0,1.5057471264367814,0.0,-2.0
seed-12340-pa-0.65-pb-0.65,seed-12340-pa-0.65-pb-0.65:91,bandit,91,7.139163456931506,4.092525972886185,1.522727272727273,1.522727272727273,0.0,0.0,3.0,1.522727272727273,0.0,3.0
seed-12340-pa-0.65-pb-0.65,seed-12340-pa-0.65-pb-0.65:92,bandit,92,6.893149927917811,4.096510871913614,1.5393258426966292,1.5393258426966292,0.0,0.0,3.0,1.5393258426966292,0.0,3.0
seed-12340-pa-0.65-pb-0.65,seed-12340-pa-0.65-pb-0.65:93,bandit,93,6.639163456931506,4.100407217629322,1.5555555555555554,1.5555555555555554,0.0,0.0,3.0,1.5555555555555554,0.0,3.0
seed-12340-pa-0.65-pb-0.65,seed-12340-pa-0.65-pb-0.65:94,bandit,94,6.401300195186874,2.982169130975647,1.5164835164835164,1.5164835164835164,0.0,0.0,-2.0,1.5164835164835164,0.0,-2.0
seed-12340-pa-0.65-pb-0.65,seed-12340-pa-0.65-pb-0.65:95,bandit,95,5.67358735157374,2.9729928351374113,1.4782608695652173,1.4782608695652173,0.0,0.0,-2.0,1.4782608695652173,0.0,-2.0
seed-12340-pa-0.65-pb-0.65,seed-12340-pa-0.65-pb-0.65:96,bandit,96,6.766034256080317,4.085779001580026,1.4946236559139785,1.4946236559139785,0.0,0.0,3.0,1.4946236559139785,0.0,3.0
seed-12340-pa-0.65-pb-0.65,seed-12340-pa-0.65-pb-0.65:97,bandit,97,6.648245464372426,4.0896237141837215,1.5106382978723405,1.5106382978723405,0.0,0.0,3.0,1.5106382978723405,0.0,3.0
seed-12340-pa-0.65-pb-0.65,seed-12340-pa-0.65-pb-0.65:98,bandit,98,6.391034256080317,4.093387485469443,1.526315789473684,1.526315789473684,0.0,0.0,3.0,1.526315789473684,0.0,3.0
seed-12340-pa-0.65-pb-0.65,seed-12340-pa-0.65-pb-0.65:99,bandit,99,6.391034256080317,4.097072844853379,1.5416666666666663,1.5416666666666663,0.0,0.0,3.0,1.5416666666666663,0.0,3.0
seed-12363-pa-0.35-pb-0.50,seed-12363-pa-0.35-pb-0.50:0,bandit,0,4.203889734292549,3.181680162779613,0.5,0.5,0.0,0.0,0.0,0.5,0.0,0.0
seed-12363-pa-0.35-pb-0.50,seed-12363-pa-0.35-pb-0.50:1,bandit,1,4.42870067827652,4.047057253214244,1.3333333333333337,1.3333333333333337,0.0,0.0,3.0,1.3333333333333337,0.0,3.0
seed-12363-pa-0.35-pb-0.50,seed-12363-pa-0.35-pb-0.50:2,bandit,2,3.6368710061149017,2.7381370135275556,0.5,0.5,0.0,0.0,-2.0,0.5,0.0,-2.0
seed-12363-pa-0.35-pb-0.50,seed-12363-pa-0.35-pb-0.50:3,bandit,3,1.9754126516016477,2.7381370135275556,0.5,0.5,0.0,0.0,-2.0,0.5,0.0,-2.0
seed-12363-pa-0.35-pb-0.50,seed-12363-pa-0.35-pb-0.50:4,bandit,4,3.725412651601648,3.8469948866576997,0.5,0.5,0.0,0.0,3.0,0.5,0.0,3.0
seed-12363-pa-0.35-pb-0.50,seed-12363-pa-0.35-pb-0.50:5,bandit,5,3.3769290813453736,3.967032306591626,1.0,1.0,0.0,0.0,3.0,1.0,0.0,3.0
seed-12363-pa-0.35-pb-0.50,seed-12363-pa-0.35-pb-0.50:6,bandit,6,2.0984445810050545,2.7381370135275556,0.5,0.5,0.0,0.0,-2.0,0.5,0.0,-2.0
seed-12363-pa-0.35-pb-0.50,seed-12363-pa-0.35-pb-0.50:7,bandit,7,4.667999079229087,3.967032306591626,1.0,1.0,0.0,0.0,3.0,1.0,0.0,3.0
seed-12363-pa-0.35-pb-0.50,seed-12363-pa-0.35-pb-0.50:8,bandit,8,2.700939419878843,2.858174433461482,1.0,1.0,0.0,0.0,-2.0,1.0,0.0,-2.0
seed-12363-pa-0.35-pb-0.50,seed-12363-pa-0.35-pb-0.50:9,bandit,9,2.200939419878843,2.858174433461482,1.0,1.0,0.0,0.0,-2.0,1.0,0.0,-2.0
seed-12363-pa-0.35-pb-0.50,seed-12363-pa-0.35-pb-0.50:10,bandit,10,2.7575990353171704,2.7381370135275556,0.5,0.5,0.0,0.0,-2.0,0.5,0.0,-2.0
seed-12363-pa-0.35-pb-0.50,seed-12363-pa-0.35-pb-0.50:11,bandit,11,2.724076984180108,2.7381370135275556,0.5,0.5,0.0,0.0,-2.0,0.5,0.0,-2.0
seed-12363-pa-0.35-pb-0.50,seed-12363-pa-0.35-pb-0.50:12,bandit,12,2.8825990353171704,2.7381370135275556,0.5,0.5,0.0,0.0,-2.0,0.5,0.0,-2.0
seed-12363-pa-0.35-pb-0.50,seed-12363-pa-0.35-pb-0.50:13,bandit,13,3.7852241504380864,3.8469948866576997,0.5,0.5,0.0,0.0,3.0,0.5,0.0,3.0
seed-12363-pa-0.35-pb-0.50,seed-12363-pa-0.35-pb-0.50:14,bandit,14,3.5681471805599436,2.7381370135275556,0.5,0.5,0.0,0.0,-2.0,0.5,0.0,-2.0
seed-12363-pa-0.35-pb-0.50,seed-12363-pa-0.35-pb-0.50:15,bandit,15,4.08893946547494,3.8469948866576997,0.5,0.5,0.0,0.0,3.0,0.5,0.0,3.0
seed-12363-pa-0.35-pb-0.50,seed-12363-pa-0.35-pb-0.50:16,bandit,16,3.8484445810050545,2.7381370135275556,0.5,0.5,0.0,0.0,-2.0,0.5,0.0,-2.0
seed-12363-pa-0.35-pb-0.50,seed-12363-pa-0.35-pb-0.50:17,bandit,17,5.304882179158078,3.9327359008962186,0.8571428571428572,0.8571428571428572,0.0,0.0,3.0,0.8571428571428572,0.0,3.0
seed-12363-pa-0.35-pb-0.50,seed-12363-pa-0.35-pb-0.50:18,bandit,18,4.511871006114902,2.8238780277660744,0.8571428571428572,0.8571428571428572,0.0,0.0,-2.0,0.8571428571428572,0.0,-2.0
seed-12363-pa-0.35-pb-0.50,seed-12363-pa-0.35-pb-0.50:19,bandit,19,4.313261687518224,2.8238780277660744,0.8571428571428572,0.8571428571428572,0.0,0.0,-2.0,0.8571428571428572,0.0,-2.0
seed-12363-pa-0.35-pb-0.50,seed-12363-pa-0.35-pb-0.50:20,bandit,20,4.031150136248314,2.7381370135275556,0.5,0.5,0.0,0.0,-2.0,0.5,0.0,-2.0
seed-12363-pa-0.35-pb-0.50,seed-12363-pa-0.35-pb-0.50:21,bandit,21,4.376929081345374,2.7381370135275556,0.5,0.5,0.0,0.0,-2.0,0.5,0.0,-2.0
seed-12363-pa-0.35-pb-0.50,seed-12363-pa-0.35-pb-0.50:22,bandit,22,4.251929081345374,2.7381370135275556,0.5,0.5,0.0,0.0,-2.0,0.5,0.0,-2.0
seed-12363-pa-0.35-pb-0.50,seed-12363-pa-0.35-pb-0.50:23,bandit,23,3.975412651601648,2.7381370135275556,0.5,0.5,0.0,0.0,-2.0,0.5,0.0,-2.0
seed-12363-pa-0.35-pb-0.50,seed-12363-pa-0.35-pb-0.50:24,bandit,24,3.975412651601648,2.7381370135275556,0.5,0.5,0.0,0.0,-2.0,0.5,0.0,-2.0
seed-12363-pa-0.35-pb-0.50,seed-12363-pa-0.35-pb-0.50:25,bandit,25,3.92974463538566,2.7381370135275556,0.5,0.5,0.0,0.0,-2.0,0.5,0.0,-2.0
seed-12363-pa-0.35-pb-0.50,seed-12363-pa-0.35-pb-0.50:26,bandit,26,3.850206558916746,3.8469948866576997,0.5,0.5,0.0,0.0,3.0,0.5,0.0,3.0
seed-12363-pa-0.35-pb-0.50,seed-12363-pa-0.35-pb-0.50:27,bandit,27,4.475412651601648,3.9136823421765476,0.7777777777777777,0.7777777777777777,0.0,0.0,3.0,0.7777777777777777,0.0,3.0
seed-12363-pa-0.35-pb-0.50,seed-12363-pa-0.35-pb-0.50:28,bandit,28,4.886871006114902,2.7381370135275556,0.5,0.5,0.0,0.0,-2.0,0.5,0.0,-2.0
seed-12363-pa-0.35-pb-0.50,seed-12363-pa-0.35-pb-0.50:29,bandit,29,4.563261687518224,2.7381370135275556,0.5,0.5,0.0,0.0,-2.0,0.5,0.0,-2.0
seed-12363-pa-0.35-pb-0.50,seed-12363-pa-0.35-pb-0.50:30,bandit,30,5.410224150438086,3.8469948866576997,0.5,0.5,0.0,0.0,3.0,0.5,0.0,3.0
seed-12363-pa-0.35-pb-0.50,seed-12363-pa-0.35-pb-0.50:31,bandit,31,5.031150136248314,2.7381370135275556,0.5,0.5,0.0,0.0,-2.0,0.5,0.0,-2.0
seed-12363-pa-0.35-pb-0.50,seed-12363-pa-0.35-pb-0.50:32,bandit,32,4.501929081345374,2.7381370135275556,0.5,0.5,0.0,0.0,-2.0,0.5,0.0,-2.0
seed-12363-pa-0.35-pb-0.50,seed-12363-pa-0.35-pb-0.50:33,bandit,33,5.237822278771571,3.8469948866576997,0.5,0.5,0.0,0.0,3.0,0.5,0.0,3.0
seed-12363-pa-0.35-pb-0.50,seed-12363-pa-0.35-pb-0.50:34,bandit,34,4.826413277982752,2.7381370135275556,0.5,0.5,0.0,0.0,-2.0,0.5,0.0,-2.0
seed-12363-pa-0.35-pb-0.50,seed-12363-pa-0.35-pb-0.50:35,bandit,35,5.112822278771571,3.8469948866576997,0.5,0.5,0.0,0.0,3.0,0.5,0.0,3.0
seed-12363-pa-0.35-pb-0.50,seed-12363-pa-0.35-pb-0.50:36,bandit,36,5.078889734292549,3.8469948866576997,0.5,0.5,0.0,0.0,3.0,0.5,0.0,3.0
seed-12363-pa-0.35-pb-0.50,seed-12363-pa-0.35-pb-0.50:37,bandit,37,4.679882179158078,3.8469948866576997,0.5,0.5,0.0,0.0,3.0,0.5,0.0,3.0
seed-12363-pa-0.35-pb-0.50,seed-12363-pa-0.35-pb-0.50:38,bandit,38,4.90864569998304,3.8469948866576997,0.5,0.5,0.0,0.0,3.0,0.5,0.0,3.0
seed-12363-pa-0.35-pb-0.50,seed-12363-pa-0.35-pb-0.50:39,bandit,39,4.701413277982752,2.7381370135275556,0.5,0.5,0.0,0.0,-2.0,0.5,0.0,-2.0
seed-12363-pa-0.35-pb-0.50,seed-12363-pa-0.35-pb-0.50:40,bandit,40,6.292999079229087,3.9015573502640297,0.7272727272727271,0.7272727272727271,0.0,0.0,3.0,0.7272727272727271,0.0,3.0
seed-12363-pa-0.35-pb-0.50,seed-12363-pa-0.35-pb-0.50:41,bandit,41,5.406150136248314,2.7926994771338856,0.7272727272727271,0.7272727272727271,0.0,0.0,-2.0,0.7272727272727271,0.0,-2.0
seed-12363-pa-0.35-pb-0.50,seed-12363-pa-0.35-pb-0.50:42,bandit,42,5.100412651601648,2.7381370135275556,0.5,0.5,0.0,0.0,-2.0,0.5,0.0,-2.0
seed-12363-pa-0.35-pb-0.50,seed-12363-pa-0.35-pb-0.50:43,bandit,43,5.410224150438086,2.7381370135275556,0.5,0.5,0.0,0.0,-2.0,0.5,0.0,-2.0
seed-12363-pa-0.35-pb-0.50,seed-12363-pa-0.35-pb-0.50:44,bandit,44,5.487822278771571,2.7381370135275556,0.5,0.5,0.0,0.0,-2.0,0.5,0.0,-2.0
seed-12363-pa-0.35-pb-0.50,seed-12363-pa-0.35-pb-0.50:45,bandit,45,5.350206558916746,2.7381370135275556,0.5,0.5,0.0,0.0,-2.0,0.5,0.0,-2.0
seed-12363-pa-0.35-pb-0.50,seed-12363-pa-0.35-pb-0.50:46,bandit,46,5.725206558916746,3.8931631250938254,0.6923076923076925,0.6923076923076925,0.0,0.0,3.0,0.6923076923076925,0.0,3.0
seed-12363-pa-0.35-pb-0.50,seed-12363-pa-0.35-pb-0.50:47,bandit,47,5.453889734292549,3.8931631250938254,0.6923076923076925,0.6923076923076925,0.0,0.0,3.0,0.6923076923076925,0.0,3.0
seed-12363-pa-0.35-pb-0.50,seed-12363-pa-0.35-pb-0.50:48,bandit,48,5.600412651601648,2.784305251963681,0.6923076923076925,0.6923076923076925,0.0,0.0,-2.0,0.6923076923076925,0.0,-2.0
seed-12363-pa-0.35-pb-0.50,seed-12363-pa-0.35-pb-0.50:49,bandit,49,6.054882179158078,3.8931631250938254,0.6923076923076925,0.6923076923076925,0.0,0.0,3.0,0.6923076923076925,0.0,3.0
seed-12363-pa-0.35-pb-0.50,seed-12363-pa-0.35-pb-0.50:50,bandit,50,5.600412651601648,2.784305251963681,0.6923076923076925,0.6923076923076925,0.0,0.0,-2.0,0.6923076923076925,0.0,-2.0
seed-12363-pa-0.35-pb-0.50,seed-12363-pa-0.35-pb-0.50:51,bandit,51,5.201413277982752,2.784305251963681,0.6923076923076925,0.6923076923076925,0.0,0.0,-2.0,0.6923076923076925,0.0,-2.0
seed-12363-pa-0.35-pb-0.50,seed-12363-pa-0.35-pb-0.50:52,bandit,52,4.910224150438086,2.784305251963681,0.6923076923076925,0.6923076923076925,0.0,0.0,-2.0,0.6923076923076925,0.0,-2.0
seed-12363-pa-0.35-pb-0.50,seed-12363-pa-0.35-pb-0.50:53,bandit,53,5.804882179158078,3.8931631250938254,0.6923076923076925,0.6923076923076925,0.0,0.0,3.0,0.6923076923076925,0.0,3.0
seed-12363-pa-0.35-pb-0.50,seed-12363-pa-0.35-pb-0.50:54,bandit,54,5.5380413716877825,3.8931631250938254,0.6923076923076925,0.6923076923076925,0.0,0.0,3.0,0.6923076923076925,0.0,3.0
seed-12363-pa-0.35-pb-0.50,seed-12363-pa-0.35-pb-0.50:55,bandit,55,5.626928011042974,2.784305251963681,0.6923076923076925,0.6923076923076925,0.0,0.0,-2.0,0.6923076923076925,0.0,-2.0
seed-12363-pa-0.35-pb-0.50,seed-12363-pa-0.35-pb-0.50:56,bandit,56,6.4130413716877825,3.9327359008962186,0.8571428571428572,0.8571428571428572,0.0,0.0,3.0,0.8571428571428572,0.0,3.0
seed-12363-pa-0.35-pb-0.50,seed-12363-pa-0.35-pb-0.50:57,bandit,57,6.076413277982752,2.8238780277660744,0.8571428571428572,0.8571428571428572,0.0,0.0,-2.0,0.8571428571428572,0.0,-2.0
seed-12363-pa-0.35-pb-0.50,seed-12363-pa-0.35-pb-0.50:58,bandit,58,5.517675057605601,2.7781494868388643,0.6666666666666665,0.6666666666666665,0.0,0.0,-2.0,0.6666666666666665,0.0,-2.0
seed-12363-pa-0.35-pb-0.50,seed-12363-pa-0.35-pb-0.50:59,bandit,59,5.406150136248314,2.7381370135275556,0.5,0.5,0.0,0.0,-2.0,0.5,0.0,-2.0
seed-12363-pa-0.35-pb-0.50,seed-12363-pa-0.35-pb-0.50:60,bandit,60,5.148123264139841,2.702831890017577,0.3529411764705883,0.3529411764705883,0.0,0.0,-2.0,0.3529411764705883,0.0,-2.0
seed-12363-pa-0.35-pb-0.50,seed-12363-pa-0.35-pb-0.50:61,bandit,61,5.67974463538566,2.702831890017577,0.3529411764705883,0.3529411764705883,0.0,0.0,-2.0,0.3529411764705883,0.0,-2.0
seed-12363-pa-0.35-pb-0.50,seed-12363-pa-0.35-pb-0.50:62,bandit,62,5.767675057605601,2.702831890017577,0.3529411764705883,0.3529411764705883,0.0,0.0,-2.0,0.3529411764705883,0.0,-2.0
seed-12363-pa-0.35-pb-0.50,seed-12363-pa-0.35-pb-0.50:63,bandit,63,5.501928011042974,2.702831890017577,0.3529411764705883,0.3529411764705883,0.0,0.0,-2.0,0.3529411764705883,0.0,-2.0
seed-12363-pa-0.35-pb-0.50,seed-12363-pa-0.35-pb-0.50:64,bandit,64,6.328889734292549,3.8469948866576997,0.5,0.5,0.0,0.0,3.0,0.5,0.0,3.0
seed-12363-pa-0.35-pb-0.50,seed-12363-pa-0.35-pb-0.50:65,bandit,65,5.686967589003199,3.8469948866576997,0.5,0.5,0.0,0.0,3.0,0.5,0.0,3.0
seed-12363-pa-0.35-pb-0.50,seed-12363-pa-0.35-pb-0.50:66,bandit,66,6.17974463538566,2.7381370135275556,0.5,0.5,0.0,0.0,-2.0,0.5,0.0,-2.0
seed-12363-pa-0.35-pb-0.50,seed-12363-pa-0.35-pb-0.50:67,bandit,67,6.4130413716877825,3.8469948866576997,0.5,0.5,0.0,0.0,3.0,0.5,0.0,3.0
seed-12363-pa-0.35-pb-0.50,seed-12363-pa-0.35-pb-0.50:68,bandit,68,6.100412651601648,2.7381370135275556,0.5,0.5,0.0,0.0,-2.0,0.5,0.0,-2.0
seed-12363-pa-0.35-pb-0.50,seed-12363-pa-0.35-pb-0.50:69,bandit,69,5.701413277982752,2.7381370135275556,0.5,0.5,0.0,0.0,-2.0,0.5,0.0,-2.0
seed-12363-pa-0.35-pb-0.50,seed-12363-pa-0.35-pb-0.50:70,bandit,70,5.785224150438086,2.7381370135275556,0.5,0.5,0.0,0.0,-2.0,0.5,0.0,-2.0
seed-12363-pa-0.35-pb-0.50,seed-12363-pa-0.35-pb-0.50:71,bandit,71,5.876928011042974,2.7381370135275556,0.5,0.5,0.0,0.0,-2.0,0.5,0.0,-2.0
seed-12363-pa-0.35-pb-0.50,seed-12363-pa-0.35-pb-0.50:72,bandit,72,5.392675057605601,2.7381370135275556,0.5,0.5,0.0,0.0,-2.0,0.5,0.0,-2.0
seed-12363-pa-0.35-pb-0.50,seed-12363-pa-0.35-pb-0.50:73,bandit,73,5.517675057605601,2.7381370135275556,0.5,0.5,0.0,0.0,-2.0,0.5,0.0,-2.0
seed-12363-pa-0.35-pb-0.50,seed-12363-pa-0.35-pb-0.50:74,bandit,74,6.078889734292549,3.8469948866576997,0.5,0.5,0.0,0.0,3.0,0.5,0.0,3.0
seed-12363-pa-0.35-pb-0.50,seed-12363-pa-0.35-pb-0.50:75,bandit,75,5.975412651601648,2.7381370135275556,0.5,0.5,0.0,0.0,-2.0,0.5,0.0,-2.0
seed-12363-pa-0.35-pb-0.50,seed-12363-pa-0.35-pb-0.50:76,bandit,76,5.785224150438086,2.7381370135275556,0.5,0.5,0.0,0.0,-2.0,0.5,0.0,-2.0
seed-12363-pa-0.35-pb-0.50,seed-12363-pa-0.35-pb-0.50:77,bandit,77,6.167999079229087,3.8469948866576997,0.5,0.5,0.0,0.0,3.0,0.5,0.0,3.0
seed-12363-pa-0.35-pb-0.50,seed-12363-pa-0.35-pb-0.50:78,bandit,78,5.892675057605601,2.7381370135275556,0.5,0.5,0.0,0.0,-2.0,0.5,0.0,-2.0
seed-12363-pa-0.35-pb-0.50,seed-12363-pa-0.35-pb-0.50:79,bandit,79,5.642675057605601,2.7381370135275556,0.5,0.5,0.0,0.0,-2.0,0.5,0.0,-2.0
seed-12363-pa-0.35-pb-0.50,seed-12363-pa-0.35-pb-0.50:80,bandit,80,5.535224150438086,2.706548218808101,0.3684210526315787,0.3684210526315787,0.0,0.0,-2.0,0.3684210526315787,0.0,-2.0
seed-12363-pa-0.35-pb-0.50,seed-12363-pa-0.35-pb-0.50:81,bandit,81,5.600206558916746,2.706548218808101,0.3684210526315787,0.3684210526315787,0.0,0.0,-2.0,0.3684210526315787,0.0,-2.0
seed-12363-pa-0.35-pb-0.50,seed-12363-pa-0.35-pb-0.50:82,bandit,82,6.17358735157374,3.8469948866576997,0.5,0.5,0.0,0.0,3.0,0.5,0.0,3.0
seed-12363-pa-0.35-pb-0.50,seed-12363-pa-0.35-pb-0.50:83,bandit,83,5.90864569998304,3.8469948866576997,0.5,0.5,0.0,0.0,3.0,0.5,0.0,3.0
seed-12363-pa-0.35-pb-0.50,seed-12363-pa-0.35-pb-0.50:84,bandit,84,6.018149927917811,3.8469948866576997,0.5,0.5,0.0,0.0,3.0,0.5,0.0,3.0
seed-12363-pa-0.35-pb-0.50,seed-12363-pa-0.35-pb-0.50:85,bandit,85,6.100206558916746,2.7381370135275556,0.5,0.5,0.0,0.0,-2.0,0.5,0.0,-2.0
seed-12363-pa-0.35-pb-0.50,seed-12363-pa-0.35-pb-0.50:86,bandit,86,6.523245464372426,3.8469948866576997,0.5,0.5,0.0,0.0,3.0,0.5,0.0,3.0
seed-12363-pa-0.35-pb-0.50,seed-12363-pa-0.35-pb-0.50:87,bandit,87,6.143149927917811,3.8469948866576997,0.5,0.5,0.0,0.0,3.0,0.5,0.0,3.0
seed-12363-pa-0.35-pb-0.50,seed-12363-pa-0.35-pb-0.50:88,bandit,88,6.112822278771571,2.7381370135275556,0.5,0.5,0.0,0.0,-2.0,0.5,0.0,-2.0
seed-12363-pa-0.35-pb-0.50,seed-12363-pa-0.35-pb-0.50:89,bandit,89,5.910224150438086,2.7381370135275556,0.5,0.5,0.0,0.0,-2.0,0.5,0.0,-2.0
seed-12363-pa-0.35-pb-0.50,seed-12363-pa-0.35-pb-0.50:90,bandit,90,6.401300195186874,3.8469948866576997,0.5,0.5,0.0,0.0,3.0,0.5,0.0,3.0
seed-12363-pa-0.35-pb-0.50,seed-12363-pa-0.35-pb-0.50:91,bandit,91,6.398245464372426,3.8469948866576997,0.5,0.5,0.0,0.0,3.0,0.5,0.0,3.0
seed-12363-pa-0.35-pb-0.50,seed-12363-pa-0.35-pb-0.50:92,bandit,92,6.1949361996449746,2.7381370135275556,0.5,0.5,0.0,0.0,-2.0,0.5,0.0,-2.0
seed-12363-pa-0.35-pb-0.50,seed-12363-pa-0.35-pb-0.50:93,bandit,93,5.737822278771571,2.7381370135275556,0.5,0.5,0.0,0.0,-2.0,0.5,0.0,-2.0
seed-12363-pa-0.35-pb-0.50,seed-12363-pa-0.35-pb-0.50:94,bandit,94,6.401300195186874,3.8469948866576997,0.5,0.5,0.0,0.0,3.0,0.5,0.0,3.0
seed-12363-pa-0.35-pb-0.50,seed-12363-pa-0.35-pb-0.50:95,bandit,95,5.975206558916746,2.7381370135275556,0.5,0.5,0.0,0.0,-2.0,0.5,0.0,-2.0
seed-12363-pa-0.35-pb-0.50,seed-12363-pa-0.35-pb-0.50:96,bandit,96,5.892675057605601,2.709556675448049,0.3809523809523809,0.3809523809523809,0.0,0.0,-2.0,0.3809523809523809,0.0,-2.0
seed-12363-pa-0.35-pb-0.50,seed-12363-pa-0.35-pb-0.50:97,bandit,97,5.862822278771571,2.709556675448049,0.3809523809523809,0.3809523809523809,0.0,0.0,-2.0,0.3809523809523809,0.0,-2.0
seed-12363-pa-0.35-pb-0.50,seed-12363-pa-0.35-pb-0.50:98,bandit,98,5.83893946547494,2.709556675448049,0.3809523809523809,0.3809523809523809,0.0,0.0,-2.0,0.3809523809523809,0.0,-2.0
seed-12363-pa-0.35-pb-0.50,seed-12363-pa-0.35-pb-0.50:99,bandit,99,5.703889734292549,2.709556675448049,0.3809523809523809,0.3809523809523809,0.0,0.0,-2.0,0.3809523809523809,0.0,-2.0
seed-12370-pa-0.50-pb-0.50,seed-12370-pa-0.50-pb-0.50:0,bandit,0,4.203889734292549,3.181680162779613,0.5,0.5,0.0,0.0,0.0,0.5,0.0,0.0
seed-12370-pa-0.50-pb-0.50,seed-12370-pa-0.50-pb-0.50:1,bandit,1,4.42870067827652,4.047057253214244,1.3333333333333337,1.3333333333333337,0.0,0.0,3.0,1.3333333333333337,0.0,3.0
seed-12370-pa-0.50-pb-0.50,seed-12370-pa-0.50-pb-0.50:2,bandit,2,3.201413277982752,4.147088436492515,1.75,1.75,0.0,0.0,3.0,1.75,0.0,3.0
seed-12370-pa-0.50-pb-0.50,seed-12370-pa-0.50-pb-0.50:3,bandit,3,3.42974463538566,2.858174433461482,1.0,1.0,0.0,0.0,-2.0,1.0,0.0,-2.0
seed-12370-pa-0.50-pb-0.50,seed-12370-pa-0.50-pb-0.50:4,bandit,4,2.142675057605601,2.7381370135275556,0.5,0.5,0.0,0.0,-2.0,0.5,0.0,-2.0
seed-12379-pa-0.35-pb-0.50,seed-12379-pa-0.35-pb-0.50:0,bandit,0,4.203889734292549,3.181680162779613,0.5,0.5,0.0,0.0,0.0,0.5,0.0,0.0
seed-12379-pa-0.35-pb-0.50,seed-12379-pa-0.35-pb-0.50:1,bandit,1,3.849076984180108,2.7381370135275556,0.5,0.5,0.0,0.0,-2.0,0.5,0.0,-2.0
seed-12379-pa-0.35-pb-0.50,seed-12379-pa-0.35-pb-0.50:2,bandit,2,1.2575990353171704,2.7381370135275556,0.5,0.5,0.0,0.0,-2.0,0.5,0.0,-2.0
seed-12379-pa-0.35-pb-0.50,seed-12379-pa-0.35-pb-0.50:3,bandit,3,0.2731232641398406,2.7381370135275556,0.5,0.5,0.0,0.0,-2.0,0.5,0.0,-2.0
seed-12379-pa-0.35-pb-0.50,seed-12379-pa-0.35-pb-0.50:4,bandit,4,3.17974463538566,3.8469948866576997,0.5,0.5,0.0,0.0,3.0,0.5,0.0,3.0
seed-12379-pa-0.35-pb-0.50,seed-12379-pa-0.35-pb-0.50:5,bandit,5,2.6368710061149017,2.538074646971012,-0.3333333333333332,-0.3333333333333332,0.0,0.0,-2.0,-0.3333333333333332,0.0,-2.0
seed-12379-pa-0.35-pb-0.50,seed-12379-pa-0.35-pb-0.50:6,bandit,6,3.849076984180108,3.761253872419181,0.1428571428571428,0.1428571428571428,0.0,0.0,3.0,0.1428571428571428,0.0,3.0
seed-12379-pa-0.35-pb-0.50,seed-12379-pa-0.35-pb-0.50:7,bandit,7,3.156150136248314,3.8469948866576997,0.5,0.5,0.0,0.0,3.0,0.5,0.0,3.0
seed-12379-pa-0.35-pb-0.50,seed-12379-pa-0.35-pb-0.50:8,bandit,8,3.325939419878843,3.8469948866576997,0.5,0.5,0.0,0.0,3.0,0.5,0.0,3.0
seed-12379-pa-0.35-pb-0.50,seed-12379-pa-0.35-pb-0.50:9,bandit,9,1.7009394198788428,2.7381370135275556,0.5,0.5,0.0,0.0,-2.0,0.5,0.0,-2.0
seed-12379-pa-0.35-pb-0.50,seed-12379-pa-0.35-pb-0.50:10,bandit,10,2.1481232641398407,2.7381370135275556,0.5,0.5,0.0,0.0,-2.0,0.5,0.0,-2.0
seed-12379-pa-0.35-pb-0.50,seed-12379-pa-0.35-pb-0.50:11,bandit,11,3.813261687518224,3.967032306591626,1.0,1.0,0.0,0.0,3.0,1.0,0.0,3.0
seed-12379-pa-0.35-pb-0.50,seed-12379-pa-0.35-pb-0.50:12,bandit,12,3.075939419878843,2.858174433461482,1.0,1.0,0.0,0.0,-2.0,1.0,0.0,-2.0
seed-12379-pa-0.35-pb-0.50,seed-12379-pa-0.35-pb-0.50:13,bandit,13,4.126929081345374,4.047057253214244,1.3333333333333337,1.3333333333333337,0.0,0.0,3.0,1.3333333333333337,0.0,3.0
seed-12379-pa-0.35-pb-0.50,seed-12379-pa-0.35-pb-0.50:14,bandit,14,3.1368710061149017,2.8238780277660744,0.8571428571428572,0.8571428571428572,0.0,0.0,-2.0,0.8571428571428572,0.0,-2.0
seed-12379-pa-0.35-pb-0.50,seed-12379-pa-0.35-pb-0.50:15,bandit,15,2.8181471805599436,2.8238780277660744,0.8571428571428572,0.8571428571428572,0.0,0.0,-2.0,0.8571428571428572,0.0,-2.0
seed-12379-pa-0.35-pb-0.50,seed-12379-pa-0.35-pb-0.50:16,bandit,16,2.4431471805599436,2.8238780277660744,0.8571428571428572,0.8571428571428572,0.0,0.0,-2.0,0.8571428571428572,0.0,-2.0
seed-12379-pa-0.35-pb-0.50,seed-12379-pa-0.35-pb-0.50:17,bandit,17,4.011871006114902,3.997041661575108,1.125,1.125,0.0,0.0,3.0,1.125,0.0,3.0
seed-12379-pa-0.35-pb-0.50,seed-12379-pa-0.35-pb-0.50:18,bandit,18,3.575939419878843,2.8881837884449633,1.125,1.125,0.0,0.0,-2.0,1.125,0.0,-2.0
seed-12379-pa-0.35-pb-0.50,seed-12379-pa-0.35-pb-0.50:19,bandit,19,3.1325990353171704,2.8881837884449633,1.125,1.125,0.0,0.0,-2.0,1.125,0.0,-2.0
seed-12379-pa-0.35-pb-0.50,seed-12379-pa-0.35-pb-0.50:20,bandit,20,2.9431471805599436,2.8881837884449633,1.125,1.125,0.0,0.0,-2.0,1.125,0.0,-2.0
seed-12379-pa-0.35-pb-0.50,seed-12379-pa-0.35-pb-0.50:21,bandit,21,2.575939419878843,2.8881837884449633,1.125,1.125,0.0,0.0,-2.0,1.125,0.0,-2.0
seed-12379-pa-0.35-pb-0.50,seed-12379-pa-0.35-pb-0.50:22,bandit,22,3.9734445810050545,3.997041661575108,1.125,1.125,0.0,0.0,3.0,1.125,0.0,3.0
seed-12379-pa-0.35-pb-0.50,seed-12379-pa-0.35-pb-0.50:23,bandit,23,4.05370067827652,2.8048244690464035,0.7777777777777777,0.7777777777777777,0.0,0.0,-2.0,0.7777777777777777,0.0,-2.0
seed-12379-pa-0.35-pb-0.50,seed-12379-pa-0.35-pb-0.50:24,bandit,24,3.8868710061149017,2.7381370135275556,0.5,0.5,0.0,0.0,-2.0,0.5,0.0,-2.0
seed-12379-pa-0.35-pb-0.50,seed-12379-pa-0.35-pb-0.50:25,bandit,25,3.849076984180108,2.7381370135275556,0.5,0.5,0.0,0.0,-2.0,0.5,0.0,-2.0
seed-12379-pa-0.35-pb-0.50,seed-12379-pa-0.35-pb-0.50:26,bandit,26,3.7618710061149017,2.7381370135275556,0.5,0.5,0.0,0.0,-2.0,0.5,0.0,-2.0
seed-12379-pa-0.35-pb-0.50,seed-12379-pa-0.35-pb-0.50:27,bandit,27,4.011871006114902,2.683574549921225,0.2727272727272729,0.2727272727272729,0.0,0.0,-2.0,0.2727272727272729,0.0,-2.0
seed-12379-pa-0.35-pb-0.50,seed-12379-pa-0.35-pb-0.50:28,bandit,28,4.17870067827652,3.8469948866576997,0.5,0.5,0.0,0.0,3.0,0.5,0.0,3.0
seed-12385-pa-0.65-pb-0.35,seed-12385-pa-0.65-pb-0.35:0,bandit,0,4.203889734292549,3.181680162779613,0.5,0.5,0.0,0.0,0.0,0.5,0.0,0.0
seed-12385-pa-0.65-pb-0.35,seed-12385-pa-0.65-pb-0.35:1,bandit,1,3.849076984180108,2.7381370135275556,0.5,0.5,0.0,0.0,-2.0,0.5,0.0,-2.0
seed-12385-pa-0.65-pb-0.35,seed-12385-pa-0.65-pb-0.35:2,bandit,2,4.350412651601648,3.8469948866576997,0.5,0.5,0.0,0.0,3.0,0.5,0.0,3.0
seed-12385-pa-0.65-pb-0.35,seed-12385-pa-0.65-pb-0.35:3,bandit,3,2.7731232641398407,2.7381370135275556,0.5,0.5,0.0,0.0,-2.0,0.5,0.0,-2.0
seed-12385-pa-0.65-pb-0.35,seed-12385-pa-0.65-pb-0.35:4,bandit,4,3.376928011042974,3.8469948866576997,0.5,0.5,0.0,0.0,3.0,0.5,0.0,3.0
seed-12385-pa-0.65-pb-0.35,seed-12385-pa-0.65-pb-0.35:5,bandit,5,3.1128222787715707,3.9327359008962186,0.8571428571428572,0.8571428571428572,0.0,0.0,3.0,0.8571428571428572,0.0,3.0
seed-12385-pa-0.65-pb-0.35,seed-12385-pa-0.65-pb-0.35:6,bandit,6,3.429882179158078,3.997041661575108,1.125,1.125,0.0,0.0,3.0,1.125,0.0,3.0
seed-12385-pa-0.65-pb-0.35,seed-12385-pa-0.65-pb-0.35:7,bandit,7,3.4235873515737403,4.047057253214244,1.3333333333333337,1.3333333333333337,0.0,0.0,3.0,1.3333333333333337,0.0,3.0
seed-12385-pa-0.65-pb-0.35,seed-12385-pa-0.65-pb-0.35:8,bandit,8,2.6602241504380864,2.858174433461482,1.0,1.0,0.0,0.0,-2.0,1.0,0.0,-2.0
seed-12385-pa-0.65-pb-0.35,seed-12385-pa-0.65-pb-0.35:9,bandit,9,1.92974463538566,2.7926994771338856,0.7272727272727271,0.7272727272727271,0.0,0.0,-2.0,0.7272727272727271,0.0,-2.0
seed-12385-pa-0.65-pb-0.35,seed-12385-pa-0.65-pb-0.35:10,bandit,10,3.7880413716877825,3.947026069935972,0.9166666666666664,0.9166666666666664,0.0,0.0,3.0,0.9166666666666664,0.0,3.0
seed-12385-pa-0.65-pb-0.35,seed-12385-pa-0.65-pb-0.35:11,bandit,11,3.7880413716877825,3.9854996019660764,1.076923076923077,1.076923076923077,0.0,0.0,3.0,1.076923076923077,0.0,3.0
seed-12385-pa-0.65-pb-0.35,seed-12385-pa-0.65-pb-0.35:12,bandit,12,4.026300195186874,4.0184769151347375,1.2142857142857144,1.2142857142857144,0.0,0.0,3.0,1.2142857142857144,0.0,3.0
seed-12385-pa-0.65-pb-0.35,seed-12385-pa-0.65-pb-0.35:13,bandit,13,3.90864569998304,4.047057253214244,1.3333333333333337,1.3333333333333337,0.0,0.0,3.0,1.3333333333333337,0.0,3.0
seed-12385-pa-0.65-pb-0.35,seed-12385-pa-0.65-pb-0.35:14,bandit,14,3.78364569998304,4.072065049033812,1.4375,1.4375,0.0,0.0,3.0,1.4375,0.0,3.0
seed-12385-pa-0.65-pb-0.35,seed-12385-pa-0.65-pb-0.35:15,bandit,15,3.311967589003199,2.914662631077447,1.2352941176470589,1.2352941176470589,0.0,0.0,-2.0,1.2352941176470589,0.0,-2.0
seed-12385-pa-0.65-pb-0.35,seed-12385-pa-0.65-pb-0.35:16,bandit,16,2.811967589003199,2.871511924565251,1.0555555555555554,1.0555555555555554,0.0,0.0,-2.0,1.0555555555555554,0.0,-2.0
seed-12385-pa-0.65-pb-0.35,seed-12385-pa-0.65-pb-0.35:17,bandit,17,4.03364569998304,4.004938860254971,1.1578947368421053,1.1578947368421053,0.0,0.0,3.0,1.1578947368421053,0.0,3.0
seed-12385-pa-0.65-pb-0.35,seed-12385-pa-0.65-pb-0.35:18,bandit,18,4.03364569998304,4.027051016558589,1.25,1.25,0.0,0.0,3.0,1.25,0.0,3.0
seed-12385-pa-0.65-pb-0.35,seed-12385-pa-0.65-pb-0.35:19,bandit,19,3.429882179158078,2.8810387039250864,1.0952380952380951,1.0952380952380951,0.0,0.0,-2.0,1.0952380952380951,0.0,-2.0
seed-12385-pa-0.65-pb-0.35,seed-12385-pa-0.65-pb-0.35:20,bandit,20,3.3868710061149017,2.8810387039250864,1.0952380952380951,1.0952380952380951,0.0,0.0,-2.0,1.0952380952380951,0.0,-2.0
seed-12385-pa-0.65-pb-0.35,seed-12385-pa-0.65-pb-0.35:21,bandit,21,3.2852241504380864,2.8472619407402155,0.9545454545454546,0.9545454545454546,0.0,0.0,-2.0,0.9545454545454546,0.0,-2.0
seed-12385-pa-0.65-pb-0.35,seed-12385-pa-0.65-pb-0.35:22,bandit,22,3.126928011042974,2.8164222873975073,0.8260869565217392,0.8260869565217392,0.0,0.0,-2.0,0.8260869565217392,0.0,-2.0
seed-12385-pa-0.65-pb-0.35,seed-12385-pa-0.65-pb-0.35:23,bandit,23,3.001928011042974,2.788152605166691,0.7083333333333335,0.7083333333333335,0.0,0.0,-2.0,0.7083333333333335,0.0,-2.0
seed-12385-pa-0.65-pb-0.35,seed-12385-pa-0.65-pb-0.35:24,bandit,24,4.792999079229087,3.9190173386180556,0.7999999999999998,0.7999999999999998,0.0,0.0,3.0,0.7999999999999998,0.0,3.0
seed-12385-pa-0.65-pb-0.35,seed-12385-pa-0.65-pb-0.35:25,bandit,25,4.6630413716877825,3.9393313635299507,0.8846153846153846,0.8846153846153846,0.0,0.0,3.0,0.8846153846153846,0.0,3.0
seed-12385-pa-0.65-pb-0.35,seed-12385-pa-0.65-pb-0.35:26,bandit,26,4.4449361996449746,2.8048244690464035,0.7777777777777777,0.7777777777777777,0.0,0.0,-2.0,0.7777777777777777,0.0,-2.0
seed-12385-pa-0.65-pb-0.35,seed-12385-pa-0.65-pb-0.35:27,bandit,27,5.02975041827262,3.9327359008962186,0.8571428571428572,0.8571428571428572,0.0,0.0,3.0,0.8571428571428572,0.0,3.0
seed-12385-pa-0.65-pb-0.35,seed-12385-pa-0.65-pb-0.35:28,bandit,28,4.4449361996449746,2.8002253341830343,0.7586206896551726,0.7586206896551726,0.0,0.0,-2.0,0.7586206896551726,0.0,-2.0
seed-12385-pa-0.65-pb-0.35,seed-12385-pa-0.65-pb-0.35:29,bandit,29,5.026300195186874,3.9270198332803172,0.8333333333333335,0.8333333333333335,0.0,0.0,3.0,0.8333333333333335,0.0,3.0
seed-12385-pa-0.65-pb-0.35,seed-12385-pa-0.65-pb-0.35:30,bandit,30,4.3199361996449746,2.7962196360762293,0.7419354838709675,0.7419354838709675,0.0,0.0,-2.0,0.7419354838709675,0.0,-2.0
seed-12385-pa-0.65-pb-0.35,seed-12385-pa-0.65-pb-0.35:31,bandit,31,5.026300195186874,3.922018274116404,0.8125,0.8125,0.0,0.0,3.0,0.8125,0.0,3.0
seed-12385-pa-0.65-pb-0.35,seed-12385-pa-0.65-pb-0.35:32,bandit,32,5.026300195186874,3.9379323260015835,0.8787878787878789,0.8787878787878789,0.0,0.0,3.0,0.8787878787878789,0.0,3.0
seed-12385-pa-0.65-pb-0.35,seed-12385-pa-0.65-pb-0.35:33,bandit,33,5.0380413716877825,2.808747260547512,0.7941176470588234,0.7941176470588234,0.0,0.0,-2.0,0.7941176470588234,0.0,-2.0
seed-12385-pa-0.65-pb-0.35,seed-12385-pa-0.65-pb-0.35:34,bandit,34,3.8288897342925488,2.7895816220706666,0.7142857142857144,0.7142857142857144,0.0,0.0,-2.0,0.7142857142857144,0.0,-2.0
seed-12385-pa-0.65-pb-0.35,seed-12385-pa-0.65-pb-0.35:35,bandit,35,5.15864569998304,3.9136823421765476,0.7777777777777777,0.7777777777777777,0.0,0.0,3.0,0.7777777777777777,0.0,3.0
seed-12385-pa-0.65-pb-0.35,seed-12385-pa-0.65-pb-0.35:36,bandit,36,4.6949361996449746,2.786800832419688,0.7027027027027026,0.7027027027027026,0.0,0.0,-2.0,0.7027027027027026,0.0,-2.0
seed-12385-pa-0.65-pb-0.35,seed-12385-pa-0.65-pb-0.35:37,bandit,37,4.186967589003199,2.76972580824701,0.6315789473684212,0.6315789473684212,0.0,0.0,-2.0,0.6315789473684212,0.0,-2.0
seed-12385-pa-0.65-pb-0.35,seed-12385-pa-0.65-pb-0.35:38,bandit,38,4.29858735157374,2.7535264263395973,0.5641025641025643,0.5641025641025643,0.0,0.0,-2.0,0.5641025641025643,0.0,-2.0
seed-12385-pa-0.65-pb-0.35,seed-12385-pa-0.65-pb-0.35:39,bandit,39,5.273245464372426,3.877004241641181,0.625,0.625,0.0,0.0,3.0,0.625,0.0,3.0
seed-12385-pa-0.65-pb-0.35,seed-12385-pa-0.65-pb-0.35:40,bandit,40,4.7880413716877825,3.8909110159018194,0.6829268292682928,0.6829268292682928,0.0,0.0,3.0,0.6829268292682928,0.0,3.0
seed-12385-pa-0.65-pb-0.35,seed-12385-pa-0.65-pb-0.35:41,bandit,41,5.145541900901097,3.904155562816712,0.7380952380952381,0.7380952380952381,0.0,0.0,3.0,0.7380952380952381,0.0,3.0
seed-12385-pa-0.65-pb-0.35,seed-12385-pa-0.65-pb-0.35:42,bandit,42,4.898245464372426,3.9167840842937034,0.7906976744186047,0.7906976744186047,0.0,0.0,3.0,0.7906976744186047,0.0,3.0
seed-12385-pa-0.65-pb-0.35,seed-12385-pa-0.65-pb-0.35:43,bandit,43,4.895541900901097,3.928838582067195,0.8409090909090908,0.8409090909090908,0.0,0.0,3.0,0.8409090909090908,0.0,3.0
seed-12385-pa-0.65-pb-0.35,seed-12385-pa-0.65-pb-0.35:44,bandit,44,5.0380413716877825,2.8048244690464035,0.7777777777777777,0.7777777777777777,0.0,0.0,-2.0,0.7777777777777777,0.0,-2.0
seed-12385-pa-0.65-pb-0.35,seed-12385-pa-0.65-pb-0.35:45,bandit,45,4.186967589003199,2.7903271961075236,0.7173913043478262,0.7173913043478262,0.0,0.0,-2.0,0.7173913043478262,0.0,-2.0
seed-12385-pa-0.65-pb-0.35,seed-12385-pa-0.65-pb-0.35:46,bandit,46,5.4130413716877825,3.8991850692376677,0.7173913043478262,0.7173913043478262,0.0,0.0,3.0,0.7173913043478262,0.0,3.0
seed-12385-pa-0.65-pb-0.35,seed-12385-pa-0.65-pb-0.35:47,bandit,47,5.40475041827262,3.910844578111916,0.7659574468085109,0.7659574468085109,0.0,0.0,3.0,0.7659574468085109,0.0,3.0
seed-12385-pa-0.65-pb-0.35,seed-12385-pa-0.65-pb-0.35:48,bandit,48,5.891034256080317,3.922018274116404,0.8125,0.8125,0.0,0.0,3.0,0.8125,0.0,3.0
seed-12385-pa-0.65-pb-0.35,seed-12385-pa-0.65-pb-0.35:49,bandit,49,5.518149927917811,3.9327359008962186,0.8571428571428572,0.8571428571428572,0.0,0.0,3.0,0.8571428571428572,0.0,3.0
seed-12385-pa-0.65-pb-0.35,seed-12385-pa-0.65-pb-0.35:50,bandit,50,5.393149927917811,3.9430248226048406,0.8999999999999999,0.8999999999999999,0.0,0.0,3.0,0.8999999999999999,0.0,3.0
seed-12385-pa-0.65-pb-0.35,seed-12385-pa-0.65-pb-0.35:51,bandit,51,5.641034256080317,3.952910257187635,0.9411764705882356,0.9411764705882356,0.0,0.0,3.0,0.9411764705882356,0.0,3.0
seed-12385-pa-0.65-pb-0.35,seed-12385-pa-0.65-pb-0.35:52,bandit,52,5.641034256080317,3.9624154827480136,0.9807692307692308,0.9807692307692308,0.0,0.0,3.0,0.9807692307692308,0.0,3.0
seed-12385-pa-0.65-pb-0.35,seed-12385-pa-0.65-pb-0.35:53,bandit,53,5.04858735157374,2.8400555776223984,0.9245283018867924,0.9245283018867924,0.0,0.0,-2.0,0.9245283018867924,0.0,-2.0
seed-12385-pa-0.65-pb-0.35,seed-12385-pa-0.65-pb-0.35:54,bandit,54,5.648245464372426,3.9581406458557797,0.9629629629629628,0.9629629629629628,0.0,0.0,3.0,0.9629629629629628,0.0,3.0
seed-12385-pa-0.65-pb-0.35,seed-12385-pa-0.65-pb-0.35:55,bandit,55,5.398245464372426,3.967032306591626,1.0,1.0,0.0,0.0,3.0,1.0,0.0,3.0
seed-12385-pa-0.65-pb-0.35,seed-12385-pa-0.65-pb-0.35:56,bandit,56,5.641034256080317,3.975606408015478,1.0357142857142856,1.0357142857142856,0.0,0.0,3.0,1.0357142857142856,0.0,3.0
seed-12385-pa-0.65-pb-0.35,seed-12385-pa-0.65-pb-0.35:57,bandit,57,5.514163456931506,3.983879663775335,1.0701754385964914,1.0701754385964914,0.0,0.0,3.0,1.0701754385964914,0.0,3.0
seed-12385-pa-0.65-pb-0.35,seed-12385-pa-0.65-pb-0.35:58,bandit,58,5.764163456931506,3.9918676348538176,1.103448275862069,1.103448275862069,0.0,0.0,3.0,1.103448275862069,0.0,3.0
seed-12385-pa-0.65-pb-0.35,seed-12385-pa-0.65-pb-0.35:59,bandit,59,5.0380413716877825,2.8703816287089996,1.0508474576271185,1.0508474576271185,0.0,0.0,-2.0,1.0508474576271185,0.0,-2.0
seed-12385-pa-0.65-pb-0.35,seed-12385-pa-0.65-pb-0.35:60,bandit,60,5.643149927917811,3.9870385432472806,1.0833333333333337,1.0833333333333337,0.0,0.0,3.0,1.0833333333333337,0.0,3.0
seed-12385-pa-0.65-pb-0.35,seed-12385-pa-0.65-pb-0.35:61,bandit,61,5.643149927917811,3.99458187837974,1.1147540983606556,1.1147540983606556,0.0,0.0,3.0,1.1147540983606556,0.0,3.0
seed-12385-pa-0.65-pb-0.35,seed-12385-pa-0.65-pb-0.35:62,bandit,62,5.762509570276173,4.0018818801208305,1.1451612903225803,1.1451612903225803,0.0,0.0,3.0,1.1451612903225803,0.0,3.0
seed-12385-pa-0.65-pb-0.35,seed-12385-pa-0.65-pb-0.35:63,bandit,63,5.054882179158078,2.8810387039250864,1.0952380952380951,1.0952380952380951,0.0,0.0,-2.0,1.0952380952380951,0.0,-2.0
seed-12385-pa-0.65-pb-0.35,seed-12385-pa-0.65-pb-0.35:64,bandit,64,5.893149927917811,3.997041661575108,1.125,1.125,0.0,0.0,3.0,1.125,0.0,3.0
seed-12385-pa-0.65-pb-0.35,seed-12385-pa-0.65-pb-0.35:65,bandit,65,5.768149927917811,4.0039668973405265,1.1538461538461535,1.1538461538461535,0.0,0.0,3.0,1.1538461538461535,0.0,3.0
seed-12385-pa-0.65-pb-0.35,seed-12385-pa-0.65-pb-0.35:66,bandit,66,5.514163456931506,4.01068227747669,1.1818181818181817,1.1818181818181817,0.0,0.0,3.0,1.1818181818181817,0.0,3.0
seed-12385-pa-0.65-pb-0.35,seed-12385-pa-0.65-pb-0.35:67,bandit,67,5.637509570276173,4.017197198504312,1.2089552238805972,1.2089552238805972,0.0,0.0,3.0,1.2089552238805972,0.0,3.0
seed-12385-pa-0.65-pb-0.35,seed-12385-pa-0.65-pb-0.35:68,bandit,68,5.512509570276173,4.023520504207592,1.2352941176470589,1.2352941176470589,0.0,0.0,3.0,1.2352941176470589,0.0,3.0
seed-12385-pa-0.65-pb-0.35,seed-12385-pa-0.65-pb-0.35:69,bandit,69,5.637509570276173,4.0296605256875875,1.2608695652173911,1.2608695652173911,0.0,0.0,3.0,1.2608695652173911,0.0,3.0
seed-12385-pa-0.65-pb-0.35,seed-12385-pa-0.65-pb-0.35:70,bandit,70,5.27975041827262,2.909619042004593,1.2142857142857144,1.2142857142857144,0.0,0.0,-2.0,1.2142857142857144,0.0,-2.0
seed-12385-pa-0.65-pb-0.35,seed-12385-pa-0.65-pb-0.35:71,bandit,71,5.895541900901097,4.024515014728999,1.23943661971831,1.23943661971831,0.0,0.0,3.0,1.23943661971831,0.0,3.0
seed-12385-pa-0.65-pb-0.35,seed-12385-pa-0.65-pb-0.35:72,bandit,72,5.893149927917811,4.030385389334532,1.2638888888888888,1.2638888888888888,0.0,0.0,3.0,1.2638888888888888,0.0,3.0
seed-12385-pa-0.65-pb-0.35,seed-12385-pa-0.65-pb-0.35:73,bandit,73,6.012509570276173,4.036094931759091,1.287671232876712,1.287671232876712,0.0,0.0,3.0,1.287671232876712,0.0,3.0
seed-12385-pa-0.65-pb-0.35,seed-12385-pa-0.65-pb-0.35:74,bandit,74,5.762509570276173,4.041650162226229,1.310810810810811,1.310810810810811,0.0,0.0,3.0,1.310810810810811,0.0,3.0
seed-12385-pa-0.65-pb-0.35,seed-12385-pa-0.65-pb-0.35:75,bandit,75,5.761047744848593,4.047057253214244,1.3333333333333337,1.3333333333333337,0.0,0.0,3.0,1.3333333333333337,0.0,3.0
seed-12385-pa-0.65-pb-0.35,seed-12385-pa-0.65-pb-0.35:76,bandit,76,5.52975041827262,2.927669781844281,1.289473684210526,1.289473684210526,0.0,0.0,-2.0,1.289473684210526,0.0,-2.0
seed-12385-pa-0.65-pb-0.35,seed-12385-pa-0.65-pb-0.35:77,bandit,77,5.893149927917811,4.041860828108879,1.3116883116883118,1.3116883116883118,0.0,0.0,3.0,1.3116883116883118,0.0,3.0
seed-12385-pa-0.65-pb-0.35,seed-12385-pa-0.65-pb-0.35:78,bandit,78,4.703889734292549,2.922809967272057,1.2692307692307692,1.2692307692307692,0.0,0.0,-2.0,1.2692307692307692,0.0,-2.0
seed-12385-pa-0.65-pb-0.35,seed-12385-pa-0.65-pb-0.35:79,bandit,79,6.141034256080317,4.036927513135431,1.2911392405063291,1.2911392405063291,0.0,0.0,3.0,1.2911392405063291,0.0,3.0
seed-12385-pa-0.65-pb-0.35,seed-12385-pa-0.65-pb-0.35:80,bandit,80,6.014163456931506,4.04205569405033,1.3125,1.3125,0.0,0.0,3.0,1.3125,0.0,3.0
seed-12385-pa-0.65-pb-0.35,seed-12385-pa-0.65-pb-0.35:81,bandit,81,6.136047744848593,4.047057253214244,1.3333333333333337,1.3333333333333337,0.0,0.0,3.0,1.3333333333333337,0.0,3.0
seed-12385-pa-0.65-pb-0.35,seed-12385-pa-0.65-pb-0.35:82,bandit,82,6.009755911000223,4.051936823130257,1.3536585365853655,1.3536585365853655,0.0,0.0,3.0,1.3536585365853655,0.0,3.0
seed-12385-pa-0.65-pb-0.35,seed-12385-pa-0.65-pb-0.35:83,bandit,83,5.651300195186874,2.933378600167074,1.313253012048193,1.313253012048193,0.0,0.0,-2.0,1.313253012048193,0.0,-2.0
seed-12385-pa-0.65-pb-0.35,seed-12385-pa-0.65-pb-0.35:84,bandit,84,6.016034256080317,4.047057253214244,1.3333333333333337,1.3333333333333337,0.0,0.0,3.0,1.3333333333333337,0.0,3.0
seed-12385-pa-0.65-pb-0.35,seed-12385-pa-0.65-pb-0.35:85,bandit,85,6.014163456931506,4.051764603015574,1.3529411764705883,1.3529411764705883,0.0,0.0,3.0,1.3529411764705883,0.0,3.0
seed-12385-pa-0.65-pb-0.35,seed-12385-pa-0.65-pb-0.35:86,bandit,86,5.4130413716877825,2.933546766908366,1.3139534883720931,1.3139534883720931,0.0,0.0,-2.0,1.3139534883720931,0.0,-2.0
seed-12385-pa-0.65-pb-0.35,seed-12385-pa-0.65-pb-0.35:87,bandit,87,4.8199361996449746,2.9244019754939927,1.2758620689655171,1.2758620689655171,0.0,0.0,-2.0,1.2758620689655171,0.0,-2.0
seed-12385-pa-0.65-pb-0.35,seed-12385-pa-0.65-pb-0.35:88,bandit,88,5.17358735157374,2.9154650202481283,1.2386363636363638,1.2386363636363638,0.0,0.0,-2.0,1.2386363636363638,0.0,-2.0
seed-12385-pa-0.65-pb-0.35,seed-12385-pa-0.65-pb-0.35:89,bandit,89,4.92358735157374,2.9067288954572272,1.202247191011236,1.202247191011236,0.0,0.0,-2.0,1.202247191011236,0.0,-2.0
seed-12385-pa-0.65-pb-0.35,seed-12385-pa-0.65-pb-0.35:90,bandit,90,4.804882179158078,2.89818690677279,1.1666666666666663,1.1666666666666663,0.0,0.0,-2.0,1.1666666666666663,0.0,-2.0
seed-12385-pa-0.65-pb-0.35,seed-12385-pa-0.65-pb-0.35:91,bandit,91,6.266034256080317,4.011881452501005,1.1868131868131866,1.1868131868131866,0.0,0.0,3.0,1.1868131868131866,0.0,3.0
seed-12385-pa-0.65-pb-0.35,seed-12385-pa-0.65-pb-0.35:92,bandit,92,6.018149927917811,4.016612980042596,1.2065217391304346,1.2065217391304346,0.0,0.0,3.0,1.2065217391304346,0.0,3.0
seed-12385-pa-0.65-pb-0.35,seed-12385-pa-0.65-pb-0.35:93,bandit,93,6.136047744848593,4.021242754303722,1.225806451612903,1.225806451612903,0.0,0.0,3.0,1.225806451612903,0.0,3.0
seed-12385-pa-0.65-pb-0.35,seed-12385-pa-0.65-pb-0.35:94,bandit,94,5.65475041827262,2.9041462113085172,1.1914893617021276,1.1914893617021276,0.0,0.0,-2.0,1.1914893617021276,0.0,-2.0
seed-12385-pa-0.65-pb-0.35,seed-12385-pa-0.65-pb-0.35:95,bandit,95,4.936967589003199,2.8960809871248268,1.1578947368421053,1.1578947368421053,0.0,0.0,-2.0,1.1578947368421053,0.0,-2.0
seed-12385-pa-0.65-pb-0.35,seed-12385-pa-0.65-pb-0.35:96,bandit,96,5.148245464372426,2.8881837884449633,1.125,1.125,0.0,0.0,-2.0,1.125,0.0,-2.0
seed-12385-pa-0.65-pb-0.35,seed-12385-pa-0.65-pb-0.35:97,bandit,97,5.026300195186874,2.8804494186038596,1.0927835051546393,1.0927835051546393,0.0,0.0,-2.0,1.0927835051546393,0.0,-2.0
seed-12385-pa-0.65-pb-0.35,seed-12385-pa-0.65-pb-0.35:98,bandit,98,6.137509570276173,3.9939794824951607,1.1122448979591837,1.1122448979591837,0.0,0.0,3.0,1.1122448979591837,0.0,3.0
seed-12385-pa-0.65-pb-0.35,seed-12385-pa-0.65-pb-0.35:99,bandit,99,5.292999079229087,2.87757442052151,1.0808080808080809,1.0808080808080809,0.0,0.0,-2.0,1.0808080808080809,0.0,-2.0
seed-12391-pa-0.50-pb-0.65,seed-12391-pa-0.50-pb-0.65:0,bandit,0,4.203889734292549,3.181680162779613,0.5,0.5,0.0,0.0,0.0,0.5,0.0,0.0
seed-12391-pa-0.50-pb-0.65,seed-12391-pa-0.50-pb-0.65:1,bandit,1,3.4287006782765204,4.047057253214244,1.3333333333333337,1.3333333333333337,0.0,0.0,3.0,1.3333333333333337,0.0,3.0
seed-12391-pa-0.50-pb-0.65,seed-12391-pa-0.50-pb-0.65:2,bandit,2,1.7852241504380864,2.9381993800840993,1.3333333333333337,1.3333333333333337,0.0,0.0,-2.0,1.3333333333333337,0.0,-2.0
seed-12403-pa-0.35-pb-0.35,seed-12403-pa-0.35-pb-0.35:0,bandit,0,4.203889734292549,3.181680162779613,0.5,0.5,0.0,0.0,0.0,0.5,0.0,0.0
seed-12403-pa-0.35-pb-0.35,seed-12403-pa-0.35-pb-0.35:1,bandit,1,3.0075990353171704,2.7381370135275556,0.5,0.5,0.0,0.0,-2.0,0.5,0.0,-2.0
seed-12404-pa-0.65-pb-0.65,seed-12404-pa-0.65-pb-0.65:0,bandit,0,4.203889734292549,3.181680162779613,0.5,0.5,0.0,0.0,0.0,0.5,0.0,0.0
seed-12404-pa-0.65-pb-0.65,seed-12404-pa-0.65-pb-0.65:1,bandit,1,3.0075990353171704,2.7381370135275556,0.5,0.5,0.0,0.0,-2.0,0.5,0.0,-2.0
seed-12404-pa-0.65-pb-0.65,seed-12404-pa-0.65-pb-0.65:2,bandit,2,0.3868710061149016,2.7381370135275556,0.5,0.5,0.0,0.0,-2.0,0.5,0.0,-2.0
seed-12410-pa-0.65-pb-0.20,seed-12410-pa-0.65-pb-0.20:0,bandit,0,4.203889734292549,3.181680162779613,0.5,0.5,0.0,0.0,0.0,0.5,0.0,0.0
seed-12410-pa-0.65-pb-0.20,seed-12410-pa-0.65-pb-0.20:1,bandit,1,4.42870067827652,4.047057253214244,1.3333333333333337,1.3333333333333337,0.0,0.0,3.0,1.3333333333333337,0.0,3.0
seed-12410-pa-0.65-pb-0.20,seed-12410-pa-0.65-pb-0.20:2,bandit,2,2.501928011042974,2.9381993800840993,1.3333333333333337,1.3333333333333337,0.0,0.0,-2.0,1.3333333333333337,0.0,-2.0
seed-12410-pa-0.65-pb-0.20,seed-12410-pa-0.65-pb-0.20:3,bandit,3,2.6368710061149017,4.147088436492515,1.75,1.75,0.0,0.0,3.0,1.75,0.0,3.0
seed-12410-pa-0.65-pb-0.20,seed-12410-pa-0.65-pb-0.20:4,bandit,4,2.2575990353171704,4.207107146459479,2.0,2.0,0.0,0.0,3.0,2.0,0.0,3.0
seed-12410-pa-0.65-pb-0.20,seed-12410-pa-0.65-pb-0.20:5,bandit,5,2.3981232641398407,2.9381993800840993,1.3333333333333337,1.3333333333333337,0.0,0.0,-2.0,1.3333333333333337,0.0,-2.0
seed-12410-pa-0.65-pb-0.20,seed-12410-pa-0.65-pb-0.20:6,bandit,6,1.9382616875182244,2.9381993800840993,1.3333333333333337,1.3333333333333337,0.0,0.0,-2.0,1.3333333333333337,0.0,-2.0
seed-12410-pa-0.65-pb-0.20,seed-12410-pa-0.65-pb-0.20:7,bandit,7,3.42974463538566,4.047057253214244,1.3333333333333337,1.3333333333333337,0.0,0.0,3.0,1.3333333333333337,0.0,3.0
seed-12410-pa-0.65-pb-0.20,seed-12410-pa-0.65-pb-0.20:8,bandit,8,2.3181471805599436,2.8238780277660744,0.8571428571428572,0.8571428571428572,0.0,0.0,-2.0,0.8571428571428572,0.0,-2.0
seed-12410-pa-0.65-pb-0.20,seed-12410-pa-0.65-pb-0.20:9,bandit,9,3.281150136248314,3.997041661575108,1.125,1.125,0.0,0.0,3.0,1.125,0.0,3.0
seed-12410-pa-0.65-pb-0.20,seed-12410-pa-0.65-pb-0.20:10,bandit,10,2.9382616875182244,4.047057253214244,1.3333333333333337,1.3333333333333337,0.0,0.0,3.0,1.3333333333333337,0.0,3.0
seed-12410-pa-0.65-pb-0.20,seed-12410-pa-0.65-pb-0.20:11,bandit,11,3.17974463538566,4.087069726525552,1.5,1.5,0.0,0.0,3.0,1.5,0.0,3.0
seed-12410-pa-0.65-pb-0.20,seed-12410-pa-0.65-pb-0.20:12,bandit,12,2.450939419878843,2.978211853395408,1.5,1.5,0.0,0.0,-2.0,1.5,0.0,-2.0
seed-12414-pa-0.65-pb-0.50,seed-12414-pa-0.65-pb-0.50:0,bandit,0,4.203889734292549,3.181680162779613,0.5,0.5,0.0,0.0,0.0,0.5,0.0,0.0
seed-12414-pa-0.65-pb-0.50,seed-12414-pa-0.65-pb-0.50:1,bandit,1,3.849076984180108,2.7381370135275556,0.5,0.5,0.0,0.0,-2.0,0.5,0.0,-2.0
seed-12414-pa-0.65-pb-0.50,seed-12414-pa-0.65-pb-0.50:2,bandit,2,4.350412651601648,3.8469948866576997,0.5,0.5,0.0,0.0,3.0,0.5,0.0,3.0
seed-12414-pa-0.65-pb-0.50,seed-12414-pa-0.65-pb-0.50:3,bandit,3,4.21393946547494,3.967032306591626,1.0,1.0,0.0,0.0,3.0,1.0,0.0,3.0
seed-12414-pa-0.65-pb-0.50,seed-12414-pa-0.65-pb-0.50:4,bandit,4,2.951413277982752,4.047057253214244,1.3333333333333337,1.3333333333333337,0.0,0.0,3.0,1.3333333333333337,0.0,3.0
seed-12414-pa-0.65-pb-0.50,seed-12414-pa-0.65-pb-0.50:5,bandit,5,3.0681471805599436,4.047057253214244,1.3333333333333337,1.3333333333333337,0.0,0.0,3.0,1.3333333333333337,0.0,3.0
seed-12414-pa-0.65-pb-0.50,seed-12414-pa-0.65-pb-0.50:6,bandit,6,1.7240769841801082,2.9381993800840993,1.3333333333333337,1.3333333333333337,0.0,0.0,-2.0,1.3333333333333337,0.0,-2.0
seed-12427-pa-0.35-pb-0.50,seed-12427-pa-0.35-pb-0.50:0,bandit,0,4.203889734292549,3.181680162779613,0.5,0.5,0.0,0.0,0.0,0.5,0.0,0.0
seed-12427-pa-0.35-pb-0.50,seed-12427-pa-0.35-pb-0.50:1,bandit,1,3.849076984180108,2.7381370135275556,0.5,0.5,0.0,0.0,-2.0,0.5,0.0,-2.0
seed-12427-pa-0.35-pb-0.50,seed-12427-pa-0.35-pb-0.50:2,bandit,2,0.1004126516016477,2.538074646971012,-0.3333333333333332,-0.3333333333333332,0.0,0.0,-2.0,-0.3333333333333332,0.0,-2.0
seed-12429-pa-0.20-pb-0.20,seed-12429-pa-0.20-pb-0.20:0,bandit,0,4.203889734292549,3.181680162779613,0.5,0.5,0.0,0.0,0.0,0.5,0.0,0.0
seed-12429-pa-0.20-pb-0.20,seed-12429-pa-0.20-pb-0.20:1,bandit,1,3.849076984180108,2.7381370135275556,0.5,0.5,0.0,0.0,-2.0,0.5,0.0,-2.0
seed-12429-pa-0.20-pb-0.20,seed-12429-pa-0.20-pb-0.20:2,bandit,2,0.1004126516016477,2.538074646971012,-0.3333333333333332,-0.3333333333333332,0.0,0.0,-2.0,-0.3333333333333332,0.0,-2.0
seed-12429-pa-0.20-pb-0.20,seed-12429-pa-0.20-pb-0.20:3,bandit,3,-0.5568528194400564,2.538074646971012,-0.3333333333333332,-0.3333333333333332,0.0,0.0,-2.0,-0.3333333333333332,0.0,-2.0
seed-12433-pa-0.65-pb-0.35,seed-12433-pa-0.65-pb-0.35:0,bandit,0,4.203889734292549,3.181680162779613,0.5,0.5,0.0,0.0,0.0,0.5,0.0,0.0
seed-12433-pa-0.65-pb-0.35,seed-12433-pa-0.65-pb-0.35:1,bandit,1,4.42870067827652,4.047057253214244,1.3333333333333337,1.3333333333333337,0.0,0.0,3.0,1.3333333333333337,0.0,3.0
seed-12433-pa-0.65-pb-0.35,seed-12433-pa-0.65-pb-0.35:2,bandit,2,3.201413277982752,4.147088436492515,1.75,1.75,0.0,0.0,3.0,1.75,0.0,3.0
seed-12433-pa-0.65-pb-0.35,seed-12433-pa-0.65-pb-0.35:3,bandit,3,3.42974463538566,2.858174433461482,1.0,1.0,0.0,0.0,-2.0,1.0,0.0,-2.0
seed-12433-pa-0.65-pb-0.35,seed-12433-pa-0.65-pb-0.35:4,bandit,4,4.186967589003199,4.047057253214244,1.3333333333333337,1.3333333333333337,0.0,0.0,3.0,1.3333333333333337,0.0,3.0
seed-12433-pa-0.65-pb-0.35,seed-12433-pa-0.65-pb-0.35:5,bandit,5,3.6949361996449746,4.104217929373256,1.5714285714285716,1.5714285714285716,0.0,0.0,3.0,1.5714285714285716,0.0,3.0
seed-12433-pa-0.65-pb-0.35,seed-12433-pa-0.65-pb-0.35:6,bandit,6,2.767675057605601,2.8881837884449633,1.125,1.125,0.0,0.0,-2.0,1.125,0.0,-2.0
seed-12433-pa-0.65-pb-0.35,seed-12433-pa-0.65-pb-0.35:7,bandit,7,1.951413277982752,2.8048244690464035,0.7777777777777777,0.7777777777777777,0.0,0.0,-2.0,0.7777777777777777,0.0,-2.0
seed-12433-pa-0.65-pb-0.35,seed-12433-pa-0.65-pb-0.35:8,bandit,8,0.9061501362483142,2.7381370135275556,0.5,0.5,0.0,0.0,-2.0,0.5,0.0,-2.0
seed-12433-pa-0.65-pb-0.35,seed-12433-pa-0.65-pb-0.35:9,bandit,9,2.0075990353171704,2.7381370135275556,0.5,0.5,0.0,0.0,-2.0,0.5,0.0,-2.0
seed-12433-pa-0.65-pb-0.35,seed-12433-pa-0.65-pb-0.35:10,bandit,10,4.313261687518224,3.8469948866576997,0.5,0.5,0.0,0.0,3.0,0.5,0.0,3.0
seed-12433-pa-0.65-pb-0.35,seed-12433-pa-0.65-pb-0.35:11,bandit,11,4.160224150438086,3.9015573502640297,0.7272727272727271,0.7272727272727271,0.0,0.0,3.0,0.7272727272727271,0.0,3.0
seed-12433-pa-0.65-pb-0.35,seed-12433-pa-0.65-pb-0.35:12,bandit,12,4.112822278771571,3.947026069935972,0.9166666666666664,0.9166666666666664,0.0,0.0,3.0,0.9166666666666664,0.0,3.0
seed-12433-pa-0.65-pb-0.35,seed-12433-pa-0.65-pb-0.35:13,bandit,13,4.112822278771571,3.9854996019660764,1.076923076923077,1.076923076923077,0.0,0.0,3.0,1.076923076923077,0.0,3.0
seed-12433-pa-0.65-pb-0.35,seed-12433-pa-0.65-pb-0.35:14,bandit,14,3.975206558916746,4.0184769151347375,1.2142857142857144,1.2142857142857144,0.0,0.0,3.0,1.2142857142857144,0.0,3.0
seed-12433-pa-0.65-pb-0.35,seed-12433-pa-0.65-pb-0.35:15,bandit,15,2.8037006782765204,2.858174433461482,1.0,1.0,0.0,0.0,-2.0,1.0,0.0,-2.0
seed-12433-pa-0.65-pb-0.35,seed-12433-pa-0.65-pb-0.35:16,bandit,16,2.8868710061149017,2.813160400986259,0.8125,0.8125,0.0,0.0,-2.0,0.8125,0.0,-2.0
seed-12433-pa-0.65-pb-0.35,seed-12433-pa-0.65-pb-0.35:17,bandit,17,5.554882179158078,3.967032306591626,1.0,1.0,0.0,0.0,3.0,1.0,0.0,3.0
seed-12433-pa-0.65-pb-0.35,seed-12433-pa-0.65-pb-0.35:18,bandit,18,3.6325990353171704,2.813160400986259,0.8125,0.8125,0.0,0.0,-2.0,0.8125,0.0,-2.0
seed-12433-pa-0.65-pb-0.35,seed-12433-pa-0.65-pb-0.35:19,bandit,19,5.392675057605601,3.952910257187635,0.9411764705882356,0.9411764705882356,0.0,0.0,3.0,0.9411764705882356,0.0,3.0
seed-12433-pa-0.65-pb-0.35,seed-12433-pa-0.65-pb-0.35:20,bandit,20,3.849076984180108,2.8048244690464035,0.7777777777777777,0.7777777777777777,0.0,0.0,-2.0,0.7777777777777777,0.0,-2.0
seed-12433-pa-0.65-pb-0.35,seed-12433-pa-0.65-pb-0.35:21,bandit,21,5.100206558916746,3.9417612708160625,0.8947368421052633,0.8947368421052633,0.0,0.0,3.0,0.8947368421052633,0.0,3.0
seed-12433-pa-0.65-pb-0.35,seed-12433-pa-0.65-pb-0.35:22,bandit,22,4.9449361996449746,3.967032306591626,1.0,1.0,0.0,0.0,3.0,1.0,0.0,3.0
seed-12433-pa-0.65-pb-0.35,seed-12433-pa-0.65-pb-0.35:23,bandit,23,4.531150136248314,2.8238780277660744,0.8571428571428572,0.8571428571428572,0.0,0.0,-2.0,0.8571428571428572,0.0,-2.0
seed-12433-pa-0.65-pb-0.35,seed-12433-pa-0.65-pb-0.35:24,bandit,24,5.453889734292549,3.95611981387036,0.9545454545454546,0.9545454545454546,0.0,0.0,3.0,0.9545454545454546,0.0,3.0
seed-12433-pa-0.65-pb-0.35,seed-12433-pa-0.65-pb-0.35:25,bandit,25,4.023123264139841,2.8472619407402155,0.9545454545454546,0.9545454545454546,0.0,0.0,-2.0,0.9545454545454546,0.0,-2.0
seed-12433-pa-0.65-pb-0.35,seed-12433-pa-0.65-pb-0.35:26,bandit,26,3.4431471805599436,2.8472619407402155,0.9545454545454546,0.9545454545454546,0.0,0.0,-2.0,0.9545454545454546,0.0,-2.0
seed-12433-pa-0.65-pb-0.35,seed-12433-pa-0.65-pb-0.35:27,bandit,27,5.517675057605601,3.97747034310762,1.0434782608695654,1.0434782608695654,0.0,0.0,3.0,1.0434782608695654,0.0,3.0
seed-12433-pa-0.65-pb-0.35,seed-12433-pa-0.65-pb-0.35:28,bandit,28,5.237822278771571,3.997041661575108,1.125,1.125,0.0,0.0,3.0,1.125,0.0,3.0
seed-12433-pa-0.65-pb-0.35,seed-12433-pa-0.65-pb-0.35:29,bandit,29,5.4449361996449746,4.015047274565196,1.2000000000000002,1.2000000000000002,0.0,0.0,3.0,1.2000000000000002,0.0,3.0
seed-12433-pa-0.65-pb-0.35,seed-12433-pa-0.65-pb-0.35:30,bandit,30,5.4449361996449746,4.031667840402202,1.2692307692307692,1.2692307692307692,0.0,0.0,3.0,1.2692307692307692,0.0,3.0
seed-12433-pa-0.65-pb-0.35,seed-12433-pa-0.65-pb-0.35:31,bandit,31,5.311967589003199,4.047057253214244,1.3333333333333337,1.3333333333333337,0.0,0.0,3.0,1.3333333333333337,0.0,3.0
seed-12433-pa-0.65-pb-0.35,seed-12433-pa-0.65-pb-0.35:32,bandit,32,5.001929081345374,2.909619042004593,1.2142857142857144,1.2142857142857144,0.0,0.0,-2.0,1.2142857142857144,0.0,-2.0
seed-12433-pa-0.65-pb-0.35,seed-12433-pa-0.65-pb-0.35:33,bandit,33,3.8981232641398407,2.8830097617236734,1.103448275862069,1.103448275862069,0.0,0.0,-2.0,1.103448275862069,0.0,-2.0
seed-12452-pa-0.65-pb-0.65,seed-12452-pa-0.65-pb-0.65:0,bandit,0,4.203889734292549,3.181680162779613,0.5,0.5,0.0,0.0,0.0,0.5,0.0,0.0
seed-12452-pa-0.65-pb-0.65,seed-12452-pa-0.65-pb-0.65:1,bandit,1,3.849076984180108,2.7381370135275556,0.5,0.5,0.0,0.0,-2.0,0.5,0.0,-2.0
seed-12452-pa-0.65-pb-0.65,seed-12452-pa-0.65-pb-0.65:2,bandit,2,2.71393946547494,4.047057253214244,1.3333333333333337,1.3333333333333337,0.0,0.0,3.0,1.3333333333333337,0.0,3.0
seed-12452-pa-0.65-pb-0.65,seed-12452-pa-0.65-pb-0.65:3,bandit,3,2.5231232641398407,4.147088436492515,1.75,1.75,0.0,0.0,3.0,1.75,0.0,3.0
seed-12452-pa-0.65-pb-0.65,seed-12452-pa-0.65-pb-0.65:4,bandit,4,2.3037006782765204,4.207107146459479,2.0,2.0,0.0,0.0,3.0,2.0,0.0,3.0
seed-12452-pa-0.65-pb-0.65,seed-12452-pa-0.65-pb-0.65:5,bandit,5,2.3868710061149017,4.207107146459479,2.0,2.0,0.0,0.0,3.0,2.0,0.0,3.0
seed-12452-pa-0.65-pb-0.65,seed-12452-pa-0.65-pb-0.65:6,bandit,6,2.1931471805599436,4.247119619770787,2.166666666666667,2.166666666666667,0.0,0.0,3.0,2.166666666666667,0.0,3.0
seed-12452-pa-0.65-pb-0.65,seed-12452-pa-0.65-pb-0.65:7,bandit,7,1.5759394198788428,2.9953600562431117,1.5714285714285716,1.5714285714285716,0.0,0.0,-2.0,1.5714285714285716,0.0,-2.0
seed-12454-pa-0.50-pb-0.35,seed-12454-pa-0.50-pb-0.35:0,bandit,0,4.203889734292549,3.181680162779613,0.5,0.5,0.0,0.0,0.0,0.5,0.0,0.0
seed-12454-pa-0.50-pb-0.35,seed-12454-pa-0.50-pb-0.35:1,bandit,1,3.849076984180108,2.7381370135275556,0.5,0.5,0.0,0.0,-2.0,0.5,0.0,-2.0
seed-12454-pa-0.50-pb-0.35,seed-12454-pa-0.50-pb-0.35:2,bandit,2,0.1004126516016477,2.538074646971012,-0.3333333333333332,-0.3333333333333332,0.0,0.0,-2.0,-0.3333333333333332,0.0,-2.0
seed-12454-pa-0.50-pb-0.35,seed-12454-pa-0.50-pb-0.35:3,bandit,3,2.3181471805599436,3.8469948866576997,0.5,0.5,0.0,0.0,3.0,0.5,0.0,3.0
seed-12454-pa-0.50-pb-0.35,seed-12454-pa-0.50-pb-0.35:4,bandit,4,1.5176750576056008,2.6180995935936293,0.0,0.0,0.0,0.0,-2.0,0.0,0.0,-2.0
seed-12454-pa-0.50-pb-0.35,seed-12454-pa-0.50-pb-0.35:5,bandit,5,0.6269290813453736,2.6180995935936293,0.0,0.0,0.0,0.0,-2.0,0.0,0.0,-2.0
seed-12454-pa-0.50-pb-0.35,seed-12454-pa-0.50-pb-0.35:6,bandit,6,0.7139394654749402,2.538074646971012,-0.3333333333333332,-0.3333333333333332,0.0,0.0,-2.0,-0.3333333333333332,0.0,-2.0
seed-12460-pa-0.35-pb-0.20,seed-12460-pa-0.35-pb-0.20:0,bandit,0,4.203889734292549,3.181680162779613,0.5,0.5,0.0,0.0,0.0,0.5,0.0,0.0
seed-12460-pa-0.35-pb-0.20,seed-12460-pa-0.35-pb-0.20:1,bandit,1,3.849076984180108,2.7381370135275556,0.5,0.5,0.0,0.0,-2.0,0.5,0.0,-2.0
seed-12460-pa-0.35-pb-0.20,seed-12460-pa-0.35-pb-0.20:2,bandit,2,1.2575990353171704,2.7381370135275556,0.5,0.5,0.0,0.0,-2.0,0.5,0.0,-2.0
seed-12463-pa-0.20-pb-0.35,seed-12463-pa-0.20-pb-0.35:0,bandit,0,4.203889734292549,3.181680162779613,0.5,0.5,0.0,0.0,0.0,0.5,0.0,0.0
seed-12463-pa-0.20-pb-0.35,seed-12463-pa-0.20-pb-0.35:1,bandit,1,3.849076984180108,2.7381370135275556,0.5,0.5,0.0,0.0,-2.0,0.5,0.0,-2.0
seed-12463-pa-0.20-pb-0.35,seed-12463-pa-0.20-pb-0.35:2,bandit,2,1.2575990353171704,2.7381370135275556,0.5,0.5,0.0,0.0,-2.0,0.5,0.0,-2.0
seed-12463-pa-0.20-pb-0.35,seed-12463-pa-0.20-pb-0.35:3,bandit,3,0.2731232641398406,2.7381370135275556,0.5,0.5,0.0,0.0,-2.0,0.5,0.0,-2.0
seed-12463-pa-0.20-pb-0.35,seed-12463-pa-0.20-pb-0.35:4,bandit,4,-0.4768767358601593,2.7381370135275556,0.5,0.5,0.0,0.0,-2.0,0.5,0.0,-2.0
seed-12465-pa-0.65-pb-0.35,seed-12465-pa-0.65-pb-0.35:0,bandit,0,4.203889734292549,3.181680162779613,0.5,0.5,0.0,0.0,0.0,0.5,0.0,0.0
seed-12465-pa-0.65-pb-0.35,seed-12465-pa-0.65-pb-0.35:1,bandit,1,4.42870067827652,4.047057253214244,1.3333333333333337,1.3333333333333337,0.0,0.0,3.0,1.3333333333333337,0.0,3.0
seed-12465-pa-0.65-pb-0.35,seed-12465-pa-0.65-pb-0.35:2,bandit,2,3.6368710061149017,2.7381370135275556,0.5,0.5,0.0,0.0,-2.0,0.5,0.0,-2.0
seed-12465-pa-0.65-pb-0.35,seed-12465-pa-0.65-pb-0.35:3,bandit,3,4.71393946547494,3.967032306591626,1.0,1.0,0.0,0.0,3.0,1.0,0.0,3.0
seed-12465-pa-0.65-pb-0.35,seed-12465-pa-0.65-pb-0.35:4,bandit,4,3.8288897342925488,4.047057253214244,1.3333333333333337,1.3333333333333337,0.0,0.0,3.0,1.3333333333333337,0.0,3.0
seed-12465-pa-0.65-pb-0.35,seed-12465-pa-0.65-pb-0.35:5,bandit,5,3.686967589003199,4.104217929373256,1.5714285714285716,1.5714285714285716,0.0,0.0,3.0,1.5714285714285716,0.0,3.0
seed-12465-pa-0.65-pb-0.35,seed-12465-pa-0.65-pb-0.35:6,bandit,6,2.92974463538566,2.8881837884449633,1.125,1.125,0.0,0.0,-2.0,1.125,0.0,-2.0
seed-12465-pa-0.65-pb-0.35,seed-12465-pa-0.65-pb-0.35:7,bandit,7,1.951413277982752,2.8048244690464035,0.7777777777777777,0.7777777777777777,0.0,0.0,-2.0,0.7777777777777777,0.0,-2.0
seed-12465-pa-0.65-pb-0.35,seed-12465-pa-0.65-pb-0.35:8,bandit,8,3.92358735157374,3.967032306591626,1.0,1.0,0.0,0.0,3.0,1.0,0.0,3.0
seed-12465-pa-0.65-pb-0.35,seed-12465-pa-0.65-pb-0.35:9,bandit,9,3.225206558916746,2.7926994771338856,0.7272727272727271,0.7272727272727271,0.0,0.0,-2.0,0.7272727272727271,0.0,-2.0
seed-12465-pa-0.65-pb-0.35,seed-12465-pa-0.65-pb-0.35:10,bandit,10,4.292999079229087,3.947026069935972,0.9166666666666664,0.9166666666666664,0.0,0.0,3.0,0.9166666666666664,0.0,3.0
seed-12465-pa-0.65-pb-0.35,seed-12465-pa-0.65-pb-0.35:11,bandit,11,3.554882179158078,2.784305251963681,0.6923076923076925,0.6923076923076925,0.0,0.0,-2.0,0.6923076923076925,0.0,-2.0
seed-12465-pa-0.65-pb-0.35,seed-12465-pa-0.65-pb-0.35:12,bandit,12,2.7038897342925488,2.7381370135275556,0.5,0.5,0.0,0.0,-2.0,0.5,0.0,-2.0
seed-12465-pa-0.65-pb-0.35,seed-12465-pa-0.65-pb-0.35:13,bandit,13,4.167999079229087,3.8870073599690085,0.6666666666666665,0.6666666666666665,0.0,0.0,3.0,0.6666666666666665,0.0,3.0
seed-12465-pa-0.65-pb-0.35,seed-12465-pa-0.65-pb-0.35:14,bandit,14,3.79858735157374,3.922018274116404,0.8125,0.8125,0.0,0.0,3.0,0.8125,0.0,3.0
seed-12465-pa-0.65-pb-0.35,seed-12465-pa-0.65-pb-0.35:15,bandit,15,4.276300195186874,3.952910257187635,0.9411764705882356,0.9411764705882356,0.0,0.0,3.0,0.9411764705882356,0.0,3.0
seed-12465-pa-0.65-pb-0.35,seed-12465-pa-0.65-pb-0.35:16,bandit,16,4.151300195186874,3.9803697976953956,1.0555555555555554,1.0555555555555554,0.0,0.0,3.0,1.0555555555555554,0.0,3.0
seed-12465-pa-0.65-pb-0.35,seed-12465-pa-0.65-pb-0.35:17,bandit,17,4.276300195186874,4.004938860254971,1.1578947368421053,1.1578947368421053,0.0,0.0,3.0,1.1578947368421053,0.0,3.0
seed-12465-pa-0.65-pb-0.35,seed-12465-pa-0.65-pb-0.35:18,bandit,18,4.276300195186874,4.027051016558589,1.25,1.25,0.0,0.0,3.0,1.25,0.0,3.0
seed-12475-pa-0.35-pb-0.50,seed-12475-pa-0.35-pb-0.50:0,bandit,0,4.203889734292549,3.181680162779613,0.5,0.5,0.0,0.0,0.0,0.5,0.0,0.0
seed-12475-pa-0.35-pb-0.50,seed-12475-pa-0.35-pb-0.50:1,bandit,1,3.849076984180108,2.7381370135275556,0.5,0.5,0.0,0.0,-2.0,0.5,0.0,-2.0
seed-12475-pa-0.35-pb-0.50,seed-12475-pa-0.35-pb-0.50:2,bandit,2,0.1004126516016477,2.538074646971012,-0.3333333333333332,-0.3333333333333332,0.0,0.0,-2.0,-0.3333333333333332,0.0,-2.0
seed-12475-pa-0.35-pb-0.50,seed-12475-pa-0.35-pb-0.50:3,bandit,3,0.251928011042974,2.538074646971012,-0.3333333333333332,-0.3333333333333332,0.0,0.0,-2.0,-0.3333333333333332,0.0,-2.0
seed-12475-pa-0.35-pb-0.50,seed-12475-pa-0.35-pb-0.50:4,bandit,4,2.201413277982752,3.8469948866576997,0.5,0.5,0.0,0.0,3.0,0.5,0.0,3.0
seed-12475-pa-0.35-pb-0.50,seed-12475-pa-0.35-pb-0.50:5,bandit,5,1.4061501362483142,2.7381370135275556,0.5,0.5,0.0,0.0,-2.0,0.5,0.0,-2.0
seed-12475-pa-0.35-pb-0.50,seed-12475-pa-0.35-pb-0.50:6,bandit,6,2.8628222787715707,3.967032306591626,1.0,1.0,0.0,0.0,3.0,1.0,0.0,3.0
seed-12475-pa-0.35-pb-0.50,seed-12475-pa-0.35-pb-0.50:7,bandit,7,1.4754126516016477,2.7381370135275556,0.5,0.5,0.0,0.0,-2.0,0.5,0.0,-2.0
seed-12475-pa-0.35-pb-0.50,seed-12475-pa-0.35-pb-0.50:8,bandit,8,0.7240769841801082,2.6523959992890367,0.1428571428571428,0.1428571428571428,0.0,0.0,-2.0,0.1428571428571428,0.0,-2.0
seed-12475-pa-0.35-pb-0.50,seed-12475-pa-0.35-pb-0.50:9,bandit,9,2.4431471805599436,3.761253872419181,0.1428571428571428,0.1428571428571428,0.0,0.0,3.0,0.1428571428571428,0.0,3.0
seed-12475-pa-0.35-pb-0.50,seed-12475-pa-0.35-pb-0.50:10,bandit,10,2.575939419878843,3.761253872419181,0.1428571428571428,0.1428571428571428,0.0,0.0,3.0,0.1428571428571428,0.0,3.0
seed-12475-pa-0.35-pb-0.50,seed-12475-pa-0.35-pb-0.50:11,bandit,11,2.5118710061149017,3.8469948866576997,0.5,0.5,0.0,0.0,3.0,0.5,0.0,3.0
seed-12475-pa-0.35-pb-0.50,seed-12475-pa-0.35-pb-0.50:12,bandit,12,2.3132616875182244,2.7381370135275556,0.5,0.5,0.0,0.0,-2.0,0.5,0.0,-2.0
seed-12475-pa-0.35-pb-0.50,seed-12475-pa-0.35-pb-0.50:13,bandit,13,3.2618710061149017,3.9136823421765476,0.7777777777777777,0.7777777777777777,0.0,0.0,3.0,0.7777777777777777,0.0,3.0
seed-12475-pa-0.35-pb-0.50,seed-12475-pa-0.35-pb-0.50:14,bandit,14,3.1368710061149017,3.967032306591626,1.0,1.0,0.0,0.0,3.0,1.0,0.0,3.0
seed-12475-pa-0.35-pb-0.50,seed-12475-pa-0.35-pb-0.50:15,bandit,15,2.849076984180108,2.7926994771338856,0.7272727272727271,0.7272727272727271,0.0,0.0,-2.0,0.7272727272727271,0.0,-2.0
seed-12475-pa-0.35-pb-0.50,seed-12475-pa-0.35-pb-0.50:16,bandit,16,2.3981232641398407,2.7381370135275556,0.5,0.5,0.0,0.0,-2.0,0.5,0.0,-2.0
seed-12475-pa-0.35-pb-0.50,seed-12475-pa-0.35-pb-0.50:17,bandit,17,2.8132616875182244,2.7381370135275556,0.5,0.5,0.0,0.0,-2.0,0.5,0.0,-2.0
seed-12475-pa-0.35-pb-0.50,seed-12475-pa-0.35-pb-0.50:18,bandit,18,3.2575990353171704,3.8469948866576997,0.5,0.5,0.0,0.0,3.0,0.5,0.0,3.0
seed-12475-pa-0.35-pb-0.50,seed-12475-pa-0.35-pb-0.50:19,bandit,19,3.0231232641398407,3.8469948866576997,0.5,0.5,0.0,0.0,3.0,0.5,0.0,3.0
seed-12475-pa-0.35-pb-0.50,seed-12475-pa-0.35-pb-0.50:20,bandit,20,3.1787006782765204,2.69196877509143,0.3076923076923075,0.3076923076923075,0.0,0.0,-2.0,0.3076923076923075,0.0,-2.0
seed-12475-pa-0.35-pb-0.50,seed-12475-pa-0.35-pb-0.50:21,bandit,21,3.825939419878843,3.8469948866576997,0.5,0.5,0.0,0.0,3.0,0.5,0.0,3.0
seed-12475-pa-0.35-pb-0.50,seed-12475-pa-0.35-pb-0.50:22,bandit,22,2.8981232641398407,2.698124540216247,0.3333333333333335,0.3333333333333335,0.0,0.0,-2.0,0.3333333333333335,0.0,-2.0
seed-12475-pa-0.35-pb-0.50,seed-12475-pa-0.35-pb-0.50:23,bandit,23,2.9431471805599436,2.683574549921225,0.2727272727272729,0.2727272727272729,0.0,0.0,-2.0,0.2727272727272729,0.0,-2.0
seed-12475-pa-0.35-pb-0.50,seed-12475-pa-0.35-pb-0.50:24,bandit,24,2.6481232641398407,2.683574549921225,0.2727272727272729,0.2727272727272729,0.0,0.0,-2.0,0.2727272727272729,0.0,-2.0
seed-12478-pa-0.65-pb-0.50,seed-12478-pa-0.65-pb-0.50:0,bandit,0,4.203889734292549,3.181680162779613,0.5,0.5,0.0,0.0,0.0,0.5,0.0,0.0
seed-12478-pa-0.65-pb-0.50,seed-12478-pa-0.65-pb-0.50:1,bandit,1,4.42870067827652,4.047057253214244,1.3333333333333337,1.3333333333333337,0.0,0.0,3.0,1.3333333333333337,0.0,3.0
seed-12478-pa-0.65-pb-0.50,seed-12478-pa-0.65-pb-0.50:2,bandit,2,3.6368710061149017,2.7381370135275556,0.5,0.5,0.0,0.0,-2.0,0.5,0.0,-2.0
seed-12478-pa-0.65-pb-0.50,seed-12478-pa-0.65-pb-0.50:3,bandit,3,4.71393946547494,3.967032306591626,1.0,1.0,0.0,0.0,3.0,1.0,0.0,3.0
seed-12478-pa-0.65-pb-0.50,seed-12478-pa-0.65-pb-0.50:4,bandit,4,3.8288897342925488,4.047057253214244,1.3333333333333337,1.3333333333333337,0.0,0.0,3.0,1.3333333333333337,0.0,3.0
seed-12478-pa-0.65-pb-0.50,seed-12478-pa-0.65-pb-0.50:5,bandit,5,3.686967589003199,4.104217929373256,1.5714285714285716,1.5714285714285716,0.0,0.0,3.0,1.5714285714285716,0.0,3.0
seed-12478-pa-0.65-pb-0.50,seed-12478-pa-0.65-pb-0.50:6,bandit,6,3.9013001951868738,4.147088436492515,1.75,1.75,0.0,0.0,3.0,1.75,0.0,3.0
seed-12478-pa-0.65-pb-0.50,seed-12478-pa-0.65-pb-0.50:7,bandit,7,3.9130413716877825,4.18043216425194,1.8888888888888888,1.8888888888888888,0.0,0.0,3.0,1.8888888888888888,0.0,3.0
seed-12478-pa-0.65-pb-0.50,seed-12478-pa-0.65-pb-0.50:8,bandit,8,3.4538897342925488,2.978211853395408,1.5,1.5,0.0,0.0,-2.0,1.5,0.0,-2.0
seed-12478-pa-0.65-pb-0.50,seed-12478-pa-0.65-pb-0.50:9,bandit,9,3.9130413716877825,4.119807204689351,1.6363636363636362,1.6363636363636362,0.0,0.0,3.0,1.6363636363636362,0.0,3.0
seed-12478-pa-0.65-pb-0.50,seed-12478-pa-0.65-pb-0.50:10,bandit,10,2.936967589003199,2.9381993800840993,1.3333333333333337,1.3333333333333337,0.0,0.0,-2.0,1.3333333333333337,0.0,-2.0
seed-12478-pa-0.65-pb-0.50,seed-12478-pa-0.65-pb-0.50:11,bandit,11,2.33893946547494,2.876641728835932,1.076923076923077,1.076923076923077,0.0,0.0,-2.0,1.076923076923077,0.0,-2.0
seed-12478-pa-0.65-pb-0.50,seed-12478-pa-0.65-pb-0.50:12,bandit,12,4.401300195186874,4.0184769151347375,1.2142857142857144,1.2142857142857144,0.0,0.0,3.0,1.2142857142857144,0.0,3.0
seed-12478-pa-0.65-pb-0.50,seed-12478-pa-0.65-pb-0.50:13,bandit,13,4.273245464372426,4.047057253214244,1.3333333333333337,1.3333333333333337,0.0,0.0,3.0,1.3333333333333337,0.0,3.0
seed-12478-pa-0.65-pb-0.50,seed-12478-pa-0.65-pb-0.50:14,bandit,14,4.145541900901097,4.072065049033812,1.4375,1.4375,0.0,0.0,3.0,1.4375,0.0,3.0
seed-12478-pa-0.65-pb-0.50,seed-12478-pa-0.65-pb-0.50:15,bandit,15,4.0380413716877825,2.914662631077447,1.2352941176470589,1.2352941176470589,0.0,0.0,-2.0,1.2352941176470589,0.0,-2.0
seed-12478-pa-0.65-pb-0.50,seed-12478-pa-0.65-pb-0.50:16,bandit,16,4.276300195186874,4.047057253214244,1.3333333333333337,1.3333333333333337,0.0,0.0,3.0,1.3333333333333337,0.0,3.0
seed-12478-pa-0.65-pb-0.50,seed-12478-pa-0.65-pb-0.50:17,bandit,17,4.518149927917811,4.06811644969388,1.4210526315789471,1.4210526315789471,0.0,0.0,3.0,1.4210526315789471,0.0,3.0
seed-12478-pa-0.65-pb-0.50,seed-12478-pa-0.65-pb-0.50:18,bandit,18,4.026300195186874,2.9181931434284447,1.25,1.25,0.0,0.0,-2.0,1.25,0.0,-2.0
seed-12478-pa-0.65-pb-0.50,seed-12478-pa-0.65-pb-0.50:19,bandit,19,4.768149927917811,4.047057253214244,1.3333333333333337,1.3333333333333337,0.0,0.0,3.0,1.3333333333333337,0.0,3.0
seed-12478-pa-0.65-pb-0.50,seed-12478-pa-0.65-pb-0.50:20,bandit,20,4.15475041827262,2.901824404346546,1.1818181818181817,1.1818181818181817,0.0,0.0,-2.0,1.1818181818181817,0.0,-2.0
seed-12478-pa-0.65-pb-0.50,seed-12478-pa-0.65-pb-0.50:21,bandit,21,3.5380413716877825,2.8686124699774753,1.0434782608695654,1.0434782608695654,0.0,0.0,-2.0,1.0434782608695654,0.0,-2.0
seed-12478-pa-0.65-pb-0.50,seed-12478-pa-0.65-pb-0.50:22,bandit,22,4.891034256080317,3.997041661575108,1.125,1.125,0.0,0.0,3.0,1.125,0.0,3.0
seed-12478-pa-0.65-pb-0.50,seed-12478-pa-0.65-pb-0.50:23,bandit,23,4.523245464372426,4.015047274565196,1.2000000000000002,1.2000000000000002,0.0,0.0,3.0,1.2000000000000002,0.0,3.0
seed-12478-pa-0.65-pb-0.50,seed-12478-pa-0.65-pb-0.50:24,bandit,24,4.391034256080317,4.031667840402202,1.2692307692307692,1.2692307692307692,0.0,0.0,3.0,1.2692307692307692,0.0,3.0
seed-12478-pa-0.65-pb-0.50,seed-12478-pa-0.65-pb-0.50:25,bandit,25,4.273245464372426,2.893741076404867,1.1481481481481484,1.1481481481481484,0.0,0.0,-2.0,1.1481481481481484,0.0,-2.0
seed-12478-pa-0.65-pb-0.50,seed-12478-pa-0.65-pb-0.50:26,bandit,26,3.4013001951868738,2.8667485348853337,1.0357142857142856,1.0357142857142856,0.0,0.0,-2.0,1.0357142857142856,0.0,-2.0
seed-12478-pa-0.65-pb-0.50,seed-12478-pa-0.65-pb-0.50:27,bandit,27,3.5205419009010974,2.841617547953354,0.9310344827586206,0.9310344827586206,0.0,0.0,-2.0,0.9310344827586206,0.0,-2.0
seed-12478-pa-0.65-pb-0.50,seed-12478-pa-0.65-pb-0.50:28,bandit,28,3.2705419009010974,2.818161960150173,0.8333333333333335,0.8333333333333335,0.0,0.0,-2.0,0.8333333333333335,0.0,-2.0
seed-12478-pa-0.65-pb-0.50,seed-12478-pa-0.65-pb-0.50:29,bandit,29,4.639163456931506,3.9437992575721568,0.903225806451613,0.903225806451613,0.0,0.0,3.0,0.903225806451613,0.0,3.0
seed-12478-pa-0.65-pb-0.50,seed-12478-pa-0.65-pb-0.50:30,bandit,30,4.270541900901097,3.959529967845756,0.96875,0.96875,0.0,0.0,3.0,0.96875,0.0,3.0
seed-12478-pa-0.65-pb-0.50,seed-12478-pa-0.65-pb-0.50:31,bandit,31,4.389163456931506,3.974307301739137,1.0303030303030305,1.0303030303030305,0.0,0.0,3.0,1.0303030303030305,0.0,3.0
seed-12478-pa-0.65-pb-0.50,seed-12478-pa-0.65-pb-0.50:32,bandit,32,4.764163456931506,2.8440523840574903,0.9411764705882356,0.9411764705882356,0.0,0.0,-2.0,0.9411764705882356,0.0,-2.0
seed-12478-pa-0.65-pb-0.50,seed-12478-pa-0.65-pb-0.50:33,bandit,33,5.134755911000223,3.967032306591626,1.0,1.0,0.0,0.0,3.0,1.0,0.0,3.0
seed-12478-pa-0.65-pb-0.50,seed-12478-pa-0.65-pb-0.50:34,bandit,34,4.139163456931506,2.838168196805827,0.9166666666666664,0.9166666666666664,0.0,0.0,-2.0,0.9166666666666664,0.0,-2.0
seed-12478-pa-0.65-pb-0.50,seed-12478-pa-0.65-pb-0.50:35,bandit,35,5.009755911000223,3.9605437974060083,0.9729729729729728,0.9729729729729728,0.0,0.0,3.0,0.9729729729729728,0.0,3.0
seed-12478-pa-0.65-pb-0.50,seed-12478-pa-0.65-pb-0.50:36,bandit,36,5.134755911000223,3.973350065535517,1.026315789473684,1.026315789473684,0.0,0.0,3.0,1.026315789473684,0.0,3.0
seed-12478-pa-0.65-pb-0.50,seed-12478-pa-0.65-pb-0.50:37,bandit,37,5.1317153484891165,3.9854996019660764,1.076923076923077,1.076923076923077,0.0,0.0,3.0,1.076923076923077,0.0,3.0
seed-12478-pa-0.65-pb-0.50,seed-12478-pa-0.65-pb-0.50:38,bandit,38,5.007606094404334,3.997041661575108,1.125,1.125,0.0,0.0,3.0,1.125,0.0,3.0
seed-12478-pa-0.65-pb-0.50,seed-12478-pa-0.65-pb-0.50:39,bandit,39,5.007606094404334,4.008020693886137,1.170731707317073,1.170731707317073,0.0,0.0,3.0,1.170731707317073,0.0,3.0
seed-12478-pa-0.65-pb-0.50,seed-12478-pa-0.65-pb-0.50:40,bandit,40,5.008614483762177,4.0184769151347375,1.2142857142857144,1.2142857142857144,0.0,0.0,3.0,1.2142857142857144,0.0,3.0
seed-12478-pa-0.65-pb-0.50,seed-12478-pa-0.65-pb-0.50:41,bandit,41,4.759755911000223,2.8916732483267635,1.13953488372093,1.13953488372093,0.0,0.0,-2.0,1.13953488372093,0.0,-2.0
seed-12478-pa-0.65-pb-0.50,seed-12478-pa-0.65-pb-0.50:42,bandit,42,4.759755911000223,4.01068227747669,1.1818181818181817,1.1818181818181817,0.0,0.0,3.0,1.1818181818181817,0.0,3.0
seed-12478-pa-0.65-pb-0.50,seed-12478-pa-0.65-pb-0.50:43,bandit,43,4.512509570276173,4.020382271006705,1.2222222222222223,1.2222222222222223,0.0,0.0,3.0,1.2222222222222223,0.0,3.0
seed-12478-pa-0.65-pb-0.50,seed-12478-pa-0.65-pb-0.50:44,bandit,44,4.883614483762177,4.0296605256875875,1.2608695652173911,1.2608695652173911,0.0,0.0,3.0,1.2608695652173911,0.0,3.0
seed-12478-pa-0.65-pb-0.50,seed-12478-pa-0.65-pb-0.50:45,bandit,45,5.011047744848593,2.9041462113085172,1.1914893617021276,1.1914893617021276,0.0,0.0,-2.0,1.1914893617021276,0.0,-2.0
seed-12478-pa-0.65-pb-0.50,seed-12478-pa-0.65-pb-0.50:46,bandit,46,5.384755911000223,4.022049457394676,1.2291666666666663,1.2291666666666663,0.0,0.0,3.0,1.2291666666666663,0.0,3.0
seed-12478-pa-0.65-pb-0.50,seed-12478-pa-0.65-pb-0.50:47,bandit,47,4.887509570276173,4.0307256314545254,1.2653061224489797,1.2653061224489797,0.0,0.0,3.0,1.2653061224489797,0.0,3.0
seed-12478-pa-0.65-pb-0.50,seed-12478-pa-0.65-pb-0.50:48,bandit,48,5.133614483762177,4.039054758551982,1.2999999999999998,1.2999999999999998,0.0,0.0,3.0,1.2999999999999998,0.0,3.0
seed-12478-pa-0.65-pb-0.50,seed-12478-pa-0.65-pb-0.50:49,bandit,49,5.132606094404334,4.047057253214244,1.3333333333333337,1.3333333333333337,0.0,0.0,3.0,1.3333333333333337,0.0,3.0
seed-12478-pa-0.65-pb-0.50,seed-12478-pa-0.65-pb-0.50:50,bandit,50,5.132606094404334,4.054751959620265,1.3653846153846154,1.3653846153846154,0.0,0.0,3.0,1.3653846153846154,0.0,3.0
seed-12478-pa-0.65-pb-0.50,seed-12478-pa-0.65-pb-0.50:51,bandit,51,5.132606094404334,2.9306498568178143,1.30188679245283,1.30188679245283,0.0,0.0,-2.0,1.30188679245283,0.0,-2.0
seed-12478-pa-0.65-pb-0.50,seed-12478-pa-0.65-pb-0.50:52,bandit,52,5.258614483762177,4.047057253214244,1.3333333333333337,1.3333333333333337,0.0,0.0,3.0,1.3333333333333337,0.0,3.0
seed-12478-pa-0.65-pb-0.50,seed-12478-pa-0.65-pb-0.50:53,bandit,53,5.009755911000223,4.054332248361755,1.3636363636363638,1.3636363636363638,0.0,0.0,3.0,1.3636363636363638,0.0,3.0
seed-12478-pa-0.65-pb-0.50,seed-12478-pa-0.65-pb-0.50:54,bandit,54,5.1317153484891165,4.061347422253997,1.3928571428571428,1.3928571428571428,0.0,0.0,3.0,1.3928571428571428,0.0,3.0
seed-12478-pa-0.65-pb-0.50,seed-12478-pa-0.65-pb-0.50:55,bandit,55,5.5052337981517425,4.06811644969388,1.4210526315789471,1.4210526315789471,0.0,0.0,3.0,1.4210526315789471,0.0,3.0
seed-12478-pa-0.65-pb-0.50,seed-12478-pa-0.65-pb-0.50:56,bandit,56,5.3809286083761165,2.9450980823791526,1.3620689655172415,1.3620689655172415,0.0,0.0,-2.0,1.3620689655172415,0.0,-2.0
seed-12478-pa-0.65-pb-0.50,seed-12478-pa-0.65-pb-0.50:57,bandit,57,4.3817153484891165,2.9314176049465894,1.305084745762712,1.305084745762712,0.0,0.0,-2.0,1.305084745762712,0.0,-2.0
seed-12478-pa-0.65-pb-0.50,seed-12478-pa-0.65-pb-0.50:58,bandit,58,5.504620229018805,4.047057253214244,1.3333333333333337,1.3333333333333337,0.0,0.0,3.0,1.3333333333333337,0.0,3.0
seed-12478-pa-0.65-pb-0.50,seed-12478-pa-0.65-pb-0.50:59,bandit,59,5.5059286083761165,4.0536166750685565,1.360655737704918,1.360655737704918,0.0,0.0,3.0,1.360655737704918,0.0,3.0
seed-12478-pa-0.65-pb-0.50,seed-12478-pa-0.65-pb-0.50:60,bandit,60,5.132606094404334,2.9317457553564688,1.306451612903226,1.306451612903226,0.0,0.0,-2.0,1.306451612903226,0.0,-2.0
seed-12478-pa-0.65-pb-0.50,seed-12478-pa-0.65-pb-0.50:61,bandit,61,5.6302337981517425,4.047057253214244,1.3333333333333337,1.3333333333333337,0.0,0.0,3.0,1.3333333333333337,0.0,3.0
seed-12478-pa-0.65-pb-0.50,seed-12478-pa-0.65-pb-0.50:62,bandit,62,6.004078443270572,4.053309202169135,1.359375,1.359375,0.0,0.0,3.0,1.359375,0.0,3.0
seed-12478-pa-0.65-pb-0.50,seed-12478-pa-0.65-pb-0.50:63,bandit,63,5.629620229018805,2.9320436149592823,1.3076923076923077,1.3076923076923077,0.0,0.0,-2.0,1.3076923076923077,0.0,-2.0
seed-12478-pa-0.65-pb-0.50,seed-12478-pa-0.65-pb-0.50:64,bandit,64,5.879620229018805,4.047057253214244,1.3333333333333337,1.3333333333333337,0.0,0.0,3.0,1.3333333333333337,0.0,3.0
seed-12478-pa-0.65-pb-0.50,seed-12478-pa-0.65-pb-0.50:65,bandit,65,5.754078443270572,4.05302926415623,1.3582089552238807,1.3582089552238807,0.0,0.0,3.0,1.3582089552238807,0.0,3.0
seed-12478-pa-0.65-pb-0.50,seed-12478-pa-0.65-pb-0.50:66,bandit,66,5.504078443270572,4.05882562771757,1.3823529411764706,1.3823529411764706,0.0,0.0,3.0,1.3823529411764706,0.0,3.0
seed-12478-pa-0.65-pb-0.50,seed-12478-pa-0.65-pb-0.50:67,bandit,67,5.1309286083761165,2.9381993800840993,1.3333333333333337,1.3333333333333337,0.0,0.0,-2.0,1.3333333333333337,0.0,-2.0
seed-12478-pa-0.65-pb-0.50,seed-12478-pa-0.65-pb-0.50:68,bandit,68,4.8802337981517425,2.9267672448522966,1.2857142857142856,1.2857142857142856,0.0,0.0,-2.0,1.2857142857142856,0.0,-2.0
seed-12478-pa-0.65-pb-0.50,seed-12478-pa-0.65-pb-0.50:69,bandit,69,4.8802337981517425,2.915657141598855,1.23943661971831,1.23943661971831,0.0,0.0,-2.0,1.23943661971831,0.0,-2.0
seed-12478-pa-0.65-pb-0.50,seed-12478-pa-0.65-pb-0.50:70,bandit,70,4.5067153484891165,2.904855652324675,1.1944444444444446,1.1944444444444446,0.0,0.0,-2.0,1.1944444444444446,0.0,-2.0
seed-12478-pa-0.65-pb-0.50,seed-12478-pa-0.65-pb-0.50:71,bandit,71,5.87817772647141,4.019651449576361,1.2191780821917808,1.2191780821917808,0.0,0.0,3.0,1.2191780821917808,0.0,3.0
seed-12478-pa-0.65-pb-0.50,seed-12478-pa-0.65-pb-0.50:72,bandit,72,5.5052337981517425,4.025428889262185,1.2432432432432434,1.2432432432432434,0.0,0.0,3.0,1.2432432432432434,0.0,3.0
seed-12478-pa-0.65-pb-0.50,seed-12478-pa-0.65-pb-0.50:73,bandit,73,5.754078443270572,4.03105226388972,1.2666666666666666,1.2666666666666666,0.0,0.0,3.0,1.2666666666666666,0.0,3.0
seed-12478-pa-0.65-pb-0.50,seed-12478-pa-0.65-pb-0.50:74,bandit,74,5.6309286083761165,2.911875384484554,1.223684210526316,1.223684210526316,0.0,0.0,-2.0,1.223684210526316,0.0,-2.0
seed-12478-pa-0.65-pb-0.50,seed-12478-pa-0.65-pb-0.50:75,bandit,75,5.0052337981517425,2.901824404346546,1.1818181818181817,1.1818181818181817,0.0,0.0,-2.0,1.1818181818181817,0.0,-2.0
seed-12478-pa-0.65-pb-0.50,seed-12478-pa-0.65-pb-0.50:76,bandit,76,4.879078443270572,2.8920311416479736,1.141025641025641,1.141025641025641,0.0,0.0,-2.0,1.141025641025641,0.0,-2.0
seed-12478-pa-0.65-pb-0.50,seed-12478-pa-0.65-pb-0.50:77,bandit,77,5.87817772647141,4.006538292898994,1.1645569620253164,1.1645569620253164,0.0,0.0,3.0,1.1645569620253164,0.0,3.0
seed-12478-pa-0.65-pb-0.50,seed-12478-pa-0.65-pb-0.50:78,bandit,78,5.3802337981517425,2.8881837884449633,1.125,1.125,0.0,0.0,-2.0,1.125,0.0,-2.0
seed-12478-pa-0.65-pb-0.50,seed-12478-pa-0.65-pb-0.50:79,bandit,79,5.629078443270572,4.002598949535011,1.1481481481481484,1.1481481481481484,0.0,0.0,3.0,1.1481481481481484,0.0,3.0
seed-12478-pa-0.65-pb-0.50,seed-12478-pa-0.65-pb-0.50:80,bandit,80,5.254620229018805,2.8845241110079534,1.1097560975609757,1.1097560975609757,0.0,0.0,-2.0,1.1097560975609757,0.0,-2.0
seed-12478-pa-0.65-pb-0.50,seed-12478-pa-0.65-pb-0.50:81,bandit,81,5.629078443270572,3.998849454043992,1.1325301204819276,1.1325301204819276,0.0,0.0,3.0,1.1325301204819276,0.0,3.0
seed-12478-pa-0.65-pb-0.50,seed-12478-pa-0.65-pb-0.50:82,bandit,82,5.753600075082225,4.004186746094984,1.1547619047619049,1.1547619047619049,0.0,0.0,3.0,1.1547619047619049,0.0,3.0
seed-12478-pa-0.65-pb-0.50,seed-12478-pa-0.65-pb-0.50:83,bandit,83,5.752804856903083,4.0093984548036,1.176470588235294,1.176470588235294,0.0,0.0,3.0,1.176470588235294,0.0,3.0
seed-12478-pa-0.65-pb-0.50,seed-12478-pa-0.65-pb-0.50:84,bandit,84,5.877804856903083,4.014488960984108,1.197674418604651,1.197674418604651,0.0,0.0,3.0,1.197674418604651,0.0,3.0
seed-12478-pa-0.65-pb-0.50,seed-12478-pa-0.65-pb-0.50:85,bandit,85,6.00317772647141,2.89680716631378,1.160919540229885,1.160919540229885,0.0,0.0,-2.0,1.160919540229885,0.0,-2.0
seed-12478-pa-0.65-pb-0.50,seed-12478-pa-0.65-pb-0.50:86,bandit,86,6.003600075082225,4.01068227747669,1.1818181818181817,1.1818181818181817,0.0,0.0,3.0,1.1818181818181817,0.0,3.0
seed-12478-pa-0.65-pb-0.50,seed-12478-pa-0.65-pb-0.50:87,bandit,87,6.003600075082225,4.015586768587371,1.202247191011236,1.202247191011236,0.0,0.0,3.0,1.202247191011236,0.0,3.0
seed-12478-pa-0.65-pb-0.50,seed-12478-pa-0.65-pb-0.50:88,bandit,88,5.878600075082225,4.020382271006705,1.2222222222222223,1.2222222222222223,0.0,0.0,3.0,1.2222222222222223,0.0,3.0
seed-12478-pa-0.65-pb-0.50,seed-12478-pa-0.65-pb-0.50:89,bandit,89,5.754078443270572,4.02507237776847,1.2417582417582418,1.2417582417582418,0.0,0.0,3.0,1.2417582417582418,0.0,3.0
seed-12478-pa-0.65-pb-0.50,seed-12478-pa-0.65-pb-0.50:90,bandit,90,5.629620229018805,2.907755106912451,1.2065217391304346,1.2065217391304346,0.0,0.0,-2.0,1.2065217391304346,0.0,-2.0
seed-12478-pa-0.65-pb-0.50,seed-12478-pa-0.65-pb-0.50:91,bandit,91,5.8802337981517425,4.021242754303722,1.225806451612903,1.225806451612903,0.0,0.0,3.0,1.225806451612903,0.0,3.0
seed-12478-pa-0.65-pb-0.50,seed-12478-pa-0.65-pb-0.50:92,bandit,92,6.004620229018805,4.025774022729505,1.24468085106383,1.24468085106383,0.0,0.0,3.0,1.24468085106383,0.0,3.0
seed-12478-pa-0.65-pb-0.50,seed-12478-pa-0.65-pb-0.50:93,bandit,93,6.002804856903083,4.030209896030534,1.263157894736842,1.263157894736842,0.0,0.0,3.0,1.263157894736842,0.0,3.0
seed-12478-pa-0.65-pb-0.50,seed-12478-pa-0.65-pb-0.50:94,bandit,94,6.002804856903083,4.0345533553044595,1.28125,1.28125,0.0,0.0,3.0,1.28125,0.0,3.0
seed-12478-pa-0.65-pb-0.50,seed-12478-pa-0.65-pb-0.50:95,bandit,95,5.629620229018805,2.9175743938411567,1.2474226804123711,1.2474226804123711,0.0,0.0,-2.0,1.2474226804123711,0.0,-2.0
seed-12478-pa-0.65-pb-0.50,seed-12478-pa-0.65-pb-0.50:96,bandit,96,5.254078443270572,2.909619042004593,1.2142857142857144,1.2142857142857144,0.0,0.0,-2.0,1.2142857142857144,0.0,-2.0
seed-12478-pa-0.65-pb-0.50,seed-12478-pa-0.65-pb-0.50:97,bandit,97,5.003600075082225,2.901824404346546,1.1818181818181817,1.1818181818181817,0.0,0.0,-2.0,1.1818181818181817,0.0,-2.0
seed-12478-pa-0.65-pb-0.50,seed-12478-pa-0.65-pb-0.50:98,bandit,98,5.878600075082225,4.015047274565196,1.2000000000000002,1.2000000000000002,0.0,0.0,3.0,1.2000000000000002,0.0,3.0
seed-12478-pa-0.65-pb-0.50,seed-12478-pa-0.65-pb-0.50:99,bandit,99,6.004078443270572,4.019325836067792,1.217821782178218,1.217821782178218,0.0,0.0,3.0,1.217821782178218,0.0,3.0
seed-12485-pa-0.50-pb-0.20,seed-12485-pa-0.50-pb-0.20:0,bandit,0,4.203889734292549,3.181680162779613,0.5,0.5,0.0,0.0,0.0,0.5,0.0,0.0
seed-12485-pa-0.50-pb-0.20,seed-12485-pa-0.50-pb-0.20:1,bandit,1,3.849076984180108,2.7381370135275556,0.5,0.5,0.0,0.0,-2.0,0.5,0.0,-2.0
seed-12485-pa-0.50-pb-0.20,seed-12485-pa-0.50-pb-0.20:2,bandit,2,0.1004126516016477,2.538074646971012,-0.3333333333333332,-0.3333333333333332,0.0,0.0,-2.0,-0.3333333333333332,0.0,-2.0
seed-12496-pa-0.20-pb-0.50,seed-12496-pa-0.20-pb-0.50:0,bandit,0,4.203889734292549,3.181680162779613,0.5,0.5,0.0,0.0,0.0,0.5,0.0,0.0
seed-12496-pa-0.20-pb-0.50,seed-12496-pa-0.20-pb-0.50:1,bandit,1,3.849076984180108,2.7381370135275556,0.5,0.5,0.0,0.0,-2.0,0.5,0.0,-2.0
seed-12496-pa-0.20-pb-0.50,seed-12496-pa-0.20-pb-0.50:2,bandit,2,2.71393946547494,4.047057253214244,1.3333333333333337,1.3333333333333337,0.0,0.0,3.0,1.3333333333333337,0.0,3.0
seed-12496-pa-0.20-pb-0.50,seed-12496-pa-0.20-pb-0.50:3,bandit,3,2.825939419878843,4.047057253214244,1.3333333333333337,1.3333333333333337,0.0,0.0,3.0,1.3333333333333337,0.0,3.0
seed-12496-pa-0.20-pb-0.50,seed-12496-pa-0.20-pb-0.50:4,bandit,4,1.6882616875182244,2.9381993800840993,1.3333333333333337,1.3333333333333337,0.0,0.0,-2.0,1.3333333333333337,0.0,-2.0
seed-12496-pa-0.20-pb-0.50,seed-12496-pa-0.20-pb-0.50:5,bandit,5,4.054882179158078,4.147088436492515,1.75,1.75,0.0,0.0,3.0,1.75,0.0,3.0
seed-12496-pa-0.20-pb-0.50,seed-12496-pa-0.20-pb-0.50:6,bandit,6,3.2852241504380864,4.147088436492515,1.75,1.75,0.0,0.0,3.0,1.75,0.0,3.0
seed-12496-pa-0.20-pb-0.50,seed-12496-pa-0.20-pb-0.50:7,bandit,7,2.6269290813453736,4.207107146459479,2.0,2.0,0.0,0.0,3.0,2.0,0.0,3.0
seed-12496-pa-0.20-pb-0.50,seed-12496-pa-0.20-pb-0.50:8,bandit,8,1.8484445810050545,3.0982492733293343,2.0,2.0,0.0,0.0,-2.0,2.0,0.0,-2.0
seed-12496-pa-0.20-pb-0.50,seed-12496-pa-0.20-pb-0.50:9,bandit,9,1.5311501362483142,2.9381993800840993,1.3333333333333337,1.3333333333333337,0.0,0.0,-2.0,1.3333333333333337,0.0,-2.0
seed-12496-pa-0.20-pb-0.50,seed-12496-pa-0.20-pb-0.50:10,bandit,10,1.5984445810050545,2.9381993800840993,1.3333333333333337,1.3333333333333337,0.0,0.0,-2.0,1.3333333333333337,0.0,-2.0
seed-12496-pa-0.20-pb-0.50,seed-12496-pa-0.20-pb-0.50:11,bandit,11,1.5984445810050545,2.9381993800840993,1.3333333333333337,1.3333333333333337,0.0,0.0,-2.0,1.3333333333333337,0.0,-2.0
seed-12496-pa-0.20-pb-0.50,seed-12496-pa-0.20-pb-0.50:12,bandit,12,1.7240769841801082,2.8238780277660744,0.8571428571428572,0.8571428571428572,0.0,0.0,-2.0,0.8571428571428572,0.0,-2.0
seed-12496-pa-0.20-pb-0.50,seed-12496-pa-0.20-pb-0.50:13,bandit,13,3.8769290813453736,3.997041661575108,1.125,1.125,0.0,0.0,3.0,1.125,0.0,3.0
seed-12496-pa-0.20-pb-0.50,seed-12496-pa-0.20-pb-0.50:14,bandit,14,3.281150136248314,2.8881837884449633,1.125,1.125,0.0,0.0,-2.0,1.125,0.0,-2.0
seed-12496-pa-0.20-pb-0.50,seed-12496-pa-0.20-pb-0.50:15,bandit,15,2.8981232641398407,2.8048244690464035,0.7777777777777777,0.7777777777777777,0.0,0.0,-2.0,0.7777777777777777,0.0,-2.0
seed-12496-pa-0.20-pb-0.50,seed-12496-pa-0.20-pb-0.50:16,bandit,16,2.8825990353171704,2.7381370135275556,0.5,0.5,0.0,0.0,-2.0,0.5,0.0,-2.0
seed-12496-pa-0.20-pb-0.50,seed-12496-pa-0.20-pb-0.50:17,bandit,17,3.3868710061149017,2.7381370135275556,0.5,0.5,0.0,0.0,-2.0,0.5,0.0,-2.0
seed-12496-pa-0.20-pb-0.50,seed-12496-pa-0.20-pb-0.50:18,bandit,18,4.100412651601648,3.9015573502640297,0.7272727272727271,0.7272727272727271,0.0,0.0,3.0,0.7272727272727271,0.0,3.0
seed-12496-pa-0.20-pb-0.50,seed-12496-pa-0.20-pb-0.50:19,bandit,19,3.575939419878843,3.9015573502640297,0.7272727272727271,0.7272727272727271,0.0,0.0,3.0,0.7272727272727271,0.0,3.0
seed-12496-pa-0.20-pb-0.50,seed-12496-pa-0.20-pb-0.50:20,bandit,20,4.261871006114902,2.7926994771338856,0.7272727272727271,0.7272727272727271,0.0,0.0,-2.0,0.7272727272727271,0.0,-2.0
seed-12496-pa-0.20-pb-0.50,seed-12496-pa-0.20-pb-0.50:21,bandit,21,4.392675057605601,3.947026069935972,0.9166666666666664,0.9166666666666664,0.0,0.0,3.0,0.9166666666666664,0.0,3.0
seed-12496-pa-0.20-pb-0.50,seed-12496-pa-0.20-pb-0.50:22,bandit,22,4.031150136248314,2.838168196805827,0.9166666666666664,0.9166666666666664,0.0,0.0,-2.0,0.9166666666666664,0.0,-2.0
seed-12496-pa-0.20-pb-0.50,seed-12496-pa-0.20-pb-0.50:23,bandit,23,3.3825990353171704,2.784305251963681,0.6923076923076925,0.6923076923076925,0.0,0.0,-2.0,0.6923076923076925,0.0,-2.0
seed-12496-pa-0.20-pb-0.50,seed-12496-pa-0.20-pb-0.50:24,bandit,24,3.450939419878843,2.7381370135275556,0.5,0.5,0.0,0.0,-2.0,0.5,0.0,-2.0
seed-12496-pa-0.20-pb-0.50,seed-12496-pa-0.20-pb-0.50:25,bandit,25,4.642675057605601,3.8870073599690085,0.6666666666666665,0.6666666666666665,0.0,0.0,3.0,0.6666666666666665,0.0,3.0
seed-12496-pa-0.20-pb-0.50,seed-12496-pa-0.20-pb-0.50:26,bandit,26,4.350412651601648,2.7781494868388643,0.6666666666666665,0.6666666666666665,0.0,0.0,-2.0,0.6666666666666665,0.0,-2.0
seed-12496-pa-0.20-pb-0.50,seed-12496-pa-0.20-pb-0.50:27,bandit,27,4.642675057605601,3.922018274116404,0.8125,0.8125,0.0,0.0,3.0,0.8125,0.0,3.0
seed-12496-pa-0.20-pb-0.50,seed-12496-pa-0.20-pb-0.50:28,bandit,28,3.938261687518224,3.922018274116404,0.8125,0.8125,0.0,0.0,3.0,0.8125,0.0,3.0
seed-12496-pa-0.20-pb-0.50,seed-12496-pa-0.20-pb-0.50:29,bandit,29,5.100412651601648,2.813160400986259,0.8125,0.8125,0.0,0.0,-2.0,0.8125,0.0,-2.0
seed-12496-pa-0.20-pb-0.50,seed-12496-pa-0.20-pb-0.50:30,bandit,30,5.328889734292549,3.952910257187635,0.9411764705882356,0.9411764705882356,0.0,0.0,3.0,0.9411764705882356,0.0,3.0
seed-12496-pa-0.20-pb-0.50,seed-12496-pa-0.20-pb-0.50:31,bandit,31,4.406150136248314,3.952910257187635,0.9411764705882356,0.9411764705882356,0.0,0.0,3.0,0.9411764705882356,0.0,3.0
seed-12496-pa-0.20-pb-0.50,seed-12496-pa-0.20-pb-0.50:32,bandit,32,5.17974463538566,2.8440523840574903,0.9411764705882356,0.9411764705882356,0.0,0.0,-2.0,0.9411764705882356,0.0,-2.0
seed-12496-pa-0.20-pb-0.50,seed-12496-pa-0.20-pb-0.50:33,bandit,33,4.313261687518224,2.8048244690464035,0.7777777777777777,0.7777777777777777,0.0,0.0,-2.0,0.7777777777777777,0.0,-2.0
seed-12496-pa-0.20-pb-0.50,seed-12496-pa-0.20-pb-0.50:34,bandit,34,4.406150136248314,2.8048244690464035,0.7777777777777777,0.7777777777777777,0.0,0.0,-2.0,0.7777777777777777,0.0,-2.0
seed-12496-pa-0.20-pb-0.50,seed-12496-pa-0.20-pb-0.50:35,bandit,35,5.17974463538566,3.9136823421765476,0.7777777777777777,0.7777777777777777,0.0,0.0,3.0,0.7777777777777777,0.0,3.0
seed-12496-pa-0.20-pb-0.50,seed-12496-pa-0.20-pb-0.50:36,bandit,36,4.987822278771571,2.8048244690464035,0.7777777777777777,0.7777777777777777,0.0,0.0,-2.0,0.7777777777777777,0.0,-2.0
seed-12496-pa-0.20-pb-0.50,seed-12496-pa-0.20-pb-0.50:37,bandit,37,5.203889734292549,3.9417612708160625,0.8947368421052633,0.8947368421052633,0.0,0.0,3.0,0.8947368421052633,0.0,3.0
seed-12496-pa-0.20-pb-0.50,seed-12496-pa-0.20-pb-0.50:38,bandit,38,5.285224150438086,2.8329033976859184,0.8947368421052633,0.8947368421052633,0.0,0.0,-2.0,0.8947368421052633,0.0,-2.0
seed-12496-pa-0.20-pb-0.50,seed-12496-pa-0.20-pb-0.50:39,bandit,39,4.7234445810050545,2.7981557234945185,0.75,0.75,0.0,0.0,-2.0,0.75,0.0,-2.0
seed-12496-pa-0.20-pb-0.50,seed-12496-pa-0.20-pb-0.50:40,bandit,40,4.511871006114902,2.7667173516070616,0.6190476190476191,0.6190476190476191,0.0,0.0,-2.0,0.6190476190476191,0.0,-2.0
seed-12496-pa-0.20-pb-0.50,seed-12496-pa-0.20-pb-0.50:41,bandit,41,5.6949361996449746,3.9015573502640297,0.7272727272727271,0.7272727272727271,0.0,0.0,3.0,0.7272727272727271,0.0,3.0
seed-12496-pa-0.20-pb-0.50,seed-12496-pa-0.20-pb-0.50:42,bandit,42,5.660224150438086,2.7926994771338856,0.7272727272727271,0.7272727272727271,0.0,0.0,-2.0,0.7272727272727271,0.0,-2.0
seed-12496-pa-0.20-pb-0.50,seed-12496-pa-0.20-pb-0.50:43,bandit,43,5.686967589003199,3.9252801605276515,0.8260869565217392,0.8260869565217392,0.0,0.0,3.0,0.8260869565217392,0.0,3.0
seed-12496-pa-0.20-pb-0.50,seed-12496-pa-0.20-pb-0.50:44,bandit,44,5.767675057605601,2.8164222873975073,0.8260869565217392,0.8260869565217392,0.0,0.0,-2.0,0.8260869565217392,0.0,-2.0
seed-12496-pa-0.20-pb-0.50,seed-12496-pa-0.20-pb-0.50:45,bandit,45,5.313261687518224,2.788152605166691,0.7083333333333335,0.7083333333333335,0.0,0.0,-2.0,0.7083333333333335,0.0,-2.0
seed-12496-pa-0.20-pb-0.50,seed-12496-pa-0.20-pb-0.50:46,bandit,46,5.703889734292549,3.9190173386180556,0.7999999999999998,0.7999999999999998,0.0,0.0,3.0,0.7999999999999998,0.0,3.0
seed-12496-pa-0.20-pb-0.50,seed-12496-pa-0.20-pb-0.50:47,bandit,47,5.142675057605601,3.9190173386180556,0.7999999999999998,0.7999999999999998,0.0,0.0,3.0,0.7999999999999998,0.0,3.0
seed-12496-pa-0.20-pb-0.50,seed-12496-pa-0.20-pb-0.50:48,bandit,48,5.876929081345374,2.810159465487911,0.7999999999999998,0.7999999999999998,0.0,0.0,-2.0,0.7999999999999998,0.0,-2.0
seed-12496-pa-0.20-pb-0.50,seed-12496-pa-0.20-pb-0.50:49,bandit,49,5.79858735157374,3.9393313635299507,0.8846153846153846,0.8846153846153846,0.0,0.0,3.0,0.8846153846153846,0.0,3.0
seed-12496-pa-0.20-pb-0.50,seed-12496-pa-0.20-pb-0.50:50,bandit,50,5.876928011042974,2.8304734903998066,0.8846153846153846,0.8846153846153846,0.0,0.0,-2.0,0.8846153846153846,0.0,-2.0
seed-12496-pa-0.20-pb-0.50,seed-12496-pa-0.20-pb-0.50:51,bandit,51,5.679882179158078,3.9581406458557797,0.9629629629629628,0.9629629629629628,0.0,0.0,3.0,0.9629629629629628,0.0,3.0
seed-12496-pa-0.20-pb-0.50,seed-12496-pa-0.20-pb-0.50:52,bandit,52,5.33893946547494,3.9581406458557797,0.9629629629629628,0.9629629629629628,0.0,0.0,3.0,0.9629629629629628,0.0,3.0
seed-12496-pa-0.20-pb-0.50,seed-12496-pa-0.20-pb-0.50:53,bandit,53,6.100412651601648,2.849282772725635,0.9629629629629628,0.9629629629629628,0.0,0.0,-2.0,0.9629629629629628,0.0,-2.0
seed-12496-pa-0.20-pb-0.50,seed-12496-pa-0.20-pb-0.50:54,bandit,54,5.261871006114902,2.8238780277660744,0.8571428571428572,0.8571428571428572,0.0,0.0,-2.0,0.8571428571428572,0.0,-2.0
seed-12496-pa-0.20-pb-0.50,seed-12496-pa-0.20-pb-0.50:55,bandit,55,5.7234445810050545,2.8238780277660744,0.8571428571428572,0.8571428571428572,0.0,0.0,-2.0,0.8571428571428572,0.0,-2.0
seed-12496-pa-0.20-pb-0.50,seed-12496-pa-0.20-pb-0.50:56,bandit,56,6.237822278771571,3.9504754210834983,0.9310344827586206,0.9310344827586206,0.0,0.0,3.0,0.9310344827586206,0.0,3.0
seed-12496-pa-0.20-pb-0.50,seed-12496-pa-0.20-pb-0.50:57,bandit,57,5.501929081345374,3.967032306591626,1.0,1.0,0.0,0.0,3.0,1.0,0.0,3.0
seed-12496-pa-0.20-pb-0.50,seed-12496-pa-0.20-pb-0.50:58,bandit,58,5.410224150438086,3.967032306591626,1.0,1.0,0.0,0.0,3.0,1.0,0.0,3.0
seed-12496-pa-0.20-pb-0.50,seed-12496-pa-0.20-pb-0.50:59,bandit,59,6.225412651601648,2.858174433461482,1.0,1.0,0.0,0.0,-2.0,1.0,0.0,-2.0
seed-12496-pa-0.20-pb-0.50,seed-12496-pa-0.20-pb-0.50:60,bandit,60,5.701413277982752,2.858174433461482,1.0,1.0,0.0,0.0,-2.0,1.0,0.0,-2.0
seed-12496-pa-0.20-pb-0.50,seed-12496-pa-0.20-pb-0.50:61,bandit,61,6.100206558916746,3.9825210059379392,1.064516129032258,1.064516129032258,0.0,0.0,3.0,1.064516129032258,0.0,3.0
seed-12496-pa-0.20-pb-0.50,seed-12496-pa-0.20-pb-0.50:62,bandit,62,6.251928011042974,2.8736631328077946,1.064516129032258,1.064516129032258,0.0,0.0,-2.0,1.064516129032258,0.0,-2.0
seed-12496-pa-0.20-pb-0.50,seed-12496-pa-0.20-pb-0.50:63,bandit,63,6.0699361996449746,3.997041661575108,1.125,1.125,0.0,0.0,3.0,1.125,0.0,3.0
seed-12496-pa-0.20-pb-0.50,seed-12496-pa-0.20-pb-0.50:64,bandit,64,6.126928011042974,2.8881837884449633,1.125,1.125,0.0,0.0,-2.0,1.125,0.0,-2.0
seed-12496-pa-0.20-pb-0.50,seed-12496-pa-0.20-pb-0.50:65,bandit,65,6.186967589003199,4.01068227747669,1.1818181818181817,1.1818181818181817,0.0,0.0,3.0,1.1818181818181817,0.0,3.0
seed-12496-pa-0.20-pb-0.50,seed-12496-pa-0.20-pb-0.50:66,bandit,66,6.001928011042974,2.901824404346546,1.1818181818181817,1.1818181818181817,0.0,0.0,-2.0,1.1818181818181817,0.0,-2.0
seed-12496-pa-0.20-pb-0.50,seed-12496-pa-0.20-pb-0.50:67,bandit,67,5.563261687518224,2.8793575075674687,1.0882352941176472,1.0882352941176472,0.0,0.0,-2.0,1.0882352941176472,0.0,-2.0
seed-12496-pa-0.20-pb-0.50,seed-12496-pa-0.20-pb-0.50:68,bandit,68,5.511871006114902,2.8793575075674687,1.0882352941176472,1.0882352941176472,0.0,0.0,-2.0,1.0882352941176472,0.0,-2.0
seed-12496-pa-0.20-pb-0.50,seed-12496-pa-0.20-pb-0.50:69,bandit,69,5.376929081345374,2.858174433461482,1.0,1.0,0.0,0.0,-2.0,1.0,0.0,-2.0
seed-12496-pa-0.20-pb-0.50,seed-12496-pa-0.20-pb-0.50:70,bandit,70,6.001929081345374,3.9803697976953956,1.0555555555555554,1.0555555555555554,0.0,0.0,3.0,1.0555555555555554,0.0,3.0
seed-12496-pa-0.20-pb-0.50,seed-12496-pa-0.20-pb-0.50:71,bandit,71,6.410224150438086,2.871511924565251,1.0555555555555554,1.0555555555555554,0.0,0.0,-2.0,1.0555555555555554,0.0,-2.0
seed-12496-pa-0.20-pb-0.50,seed-12496-pa-0.20-pb-0.50:72,bandit,72,5.501929081345374,2.871511924565251,1.0555555555555554,1.0555555555555554,0.0,0.0,-2.0,1.0555555555555554,0.0,-2.0
seed-12496-pa-0.20-pb-0.50,seed-12496-pa-0.20-pb-0.50:73,bandit,73,5.688261687518224,2.851685924275864,0.9729729729729728,0.9729729729729728,0.0,0.0,-2.0,0.9729729729729728,0.0,-2.0
seed-12496-pa-0.20-pb-0.50,seed-12496-pa-0.20-pb-0.50:74,bandit,74,6.142675057605601,3.973350065535517,1.026315789473684,1.026315789473684,0.0,0.0,3.0,1.026315789473684,0.0,3.0
seed-12496-pa-0.20-pb-0.50,seed-12496-pa-0.20-pb-0.50:75,bandit,75,6.350412651601648,2.864492192405373,1.026315789473684,1.026315789473684,0.0,0.0,-2.0,1.026315789473684,0.0,-2.0
seed-12496-pa-0.20-pb-0.50,seed-12496-pa-0.20-pb-0.50:76,bandit,76,5.80370067827652,2.8458629032118483,0.9487179487179488,0.9487179487179488,0.0,0.0,-2.0,0.9487179487179488,0.0,-2.0
seed-12496-pa-0.20-pb-0.50,seed-12496-pa-0.20-pb-0.50:77,bandit,77,5.261871006114902,2.8281650784780004,0.875,0.875,0.0,0.0,-2.0,0.875,0.0,-2.0
seed-12496-pa-0.20-pb-0.50,seed-12496-pa-0.20-pb-0.50:78,bandit,78,5.876928011042974,3.9494658548939783,0.9268292682926828,0.9268292682926828,0.0,0.0,3.0,0.9268292682926828,0.0,3.0
seed-12496-pa-0.20-pb-0.50,seed-12496-pa-0.20-pb-0.50:79,bandit,79,6.031150136248314,2.840607981763834,0.9268292682926828,0.9268292682926828,0.0,0.0,-2.0,0.9268292682926828,0.0,-2.0
seed-12496-pa-0.20-pb-0.50,seed-12496-pa-0.20-pb-0.50:80,bandit,80,5.600206558916746,3.9494658548939783,0.9268292682926828,0.9268292682926828,0.0,0.0,3.0,0.9268292682926828,0.0,3.0
seed-12496-pa-0.20-pb-0.50,seed-12496-pa-0.20-pb-0.50:81,bandit,81,6.035224150438086,2.840607981763834,0.9268292682926828,0.9268292682926828,0.0,0.0,-2.0,0.9268292682926828,0.0,-2.0
seed-12496-pa-0.20-pb-0.50,seed-12496-pa-0.20-pb-0.50:82,bandit,82,6.04858735157374,3.9613162389757246,0.9761904761904764,0.9761904761904764,0.0,0.0,3.0,0.9761904761904764,0.0,3.0
seed-12496-pa-0.20-pb-0.50,seed-12496-pa-0.20-pb-0.50:83,bandit,83,6.001928011042974,2.8524583658455804,0.9761904761904764,0.9761904761904764,0.0,0.0,-2.0,0.9761904761904764,0.0,-2.0
seed-12496-pa-0.20-pb-0.50,seed-12496-pa-0.20-pb-0.50:84,bandit,84,5.7880413716877825,3.9726154424025064,1.0232558139534884,1.0232558139534884,0.0,0.0,3.0,1.0232558139534884,0.0,3.0
seed-12496-pa-0.20-pb-0.50,seed-12496-pa-0.20-pb-0.50:85,bandit,85,5.92974463538566,2.8637575692723622,1.0232558139534884,1.0232558139534884,0.0,0.0,-2.0,1.0232558139534884,0.0,-2.0
seed-12496-pa-0.20-pb-0.50,seed-12496-pa-0.20-pb-0.50:86,bandit,86,5.563261687518224,2.8472619407402155,0.9545454545454546,0.9545454545454546,0.0,0.0,-2.0,0.9545454545454546,0.0,-2.0
seed-12496-pa-0.20-pb-0.50,seed-12496-pa-0.20-pb-0.50:87,bandit,87,5.600412651601648,2.8314994512539426,0.8888888888888888,0.8888888888888888,0.0,0.0,-2.0,0.8888888888888888,0.0,-2.0
seed-12496-pa-0.20-pb-0.50,seed-12496-pa-0.20-pb-0.50:88,bandit,88,5.100412651601648,2.8164222873975073,0.8260869565217392,0.8260869565217392,0.0,0.0,-2.0,0.8260869565217392,0.0,-2.0
seed-12496-pa-0.20-pb-0.50,seed-12496-pa-0.20-pb-0.50:89,bandit,89,4.92974463538566,2.8019867049817715,0.7659574468085109,0.7659574468085109,0.0,0.0,-2.0,0.7659574468085109,0.0,-2.0
seed-12496-pa-0.20-pb-0.50,seed-12496-pa-0.20-pb-0.50:90,bandit,90,5.767675057605601,3.922018274116404,0.8125,0.8125,0.0,0.0,3.0,0.8125,0.0,3.0
seed-12496-pa-0.20-pb-0.50,seed-12496-pa-0.20-pb-0.50:91,bandit,91,6.063261687518224,2.813160400986259,0.8125,0.8125,0.0,0.0,-2.0,0.8125,0.0,-2.0
seed-12496-pa-0.20-pb-0.50,seed-12496-pa-0.20-pb-0.50:92,bandit,92,5.811967589003199,3.9327359008962186,0.8571428571428572,0.8571428571428572,0.0,0.0,3.0,0.8571428571428572,0.0,3.0
seed-12496-pa-0.20-pb-0.50,seed-12496-pa-0.20-pb-0.50:93,bandit,93,6.017675057605601,2.8238780277660744,0.8571428571428572,0.8571428571428572,0.0,0.0,-2.0,0.8571428571428572,0.0,-2.0
seed-12496-pa-0.20-pb-0.50,seed-12496-pa-0.20-pb-0.50:94,bandit,94,5.9130413716877825,3.9430248226048406,0.8999999999999999,0.8999999999999999,0.0,0.0,3.0,0.8999999999999999,0.0,3.0
seed-12496-pa-0.20-pb-0.50,seed-12496-pa-0.20-pb-0.50:95,bandit,95,5.892675057605601,2.8341669494746964,0.8999999999999999,0.8999999999999999,0.0,0.0,-2.0,0.8999999999999999,0.0,-2.0
seed-12496-pa-0.20-pb-0.50,seed-12496-pa-0.20-pb-0.50:96,bandit,96,5.65864569998304,3.952910257187635,0.9411764705882356,0.9411764705882356,0.0,0.0,3.0,0.9411764705882356,0.0,3.0
seed-12496-pa-0.20-pb-0.50,seed-12496-pa-0.20-pb-0.50:97,bandit,97,5.767675057605601,2.8440523840574903,0.9411764705882356,0.9411764705882356,0.0,0.0,-2.0,0.9411764705882356,0.0,-2.0
seed-12496-pa-0.20-pb-0.50,seed-12496-pa-0.20-pb-0.50:98,bandit,98,5.53364569998304,3.9624154827480136,0.9807692307692308,0.9807692307692308,0.0,0.0,3.0,0.9807692307692308,0.0,3.0
seed-12496-pa-0.20-pb-0.50,seed-12496-pa-0.20-pb-0.50:99,bandit,99,5.417999079229087,3.9624154827480136,0.9807692307692308,0.9807692307692308,0.0,0.0,3.0,0.9807692307692308,0.0,3.0
seed-12503-pa-0.50-pb-0.65,seed-12503-pa-0.50-pb-0.65:0,bandit,0,4.203889734292549,3.181680162779613,0.5,0.5,0.0,0.0,0.0,0.5,0.0,0.0
seed-12503-pa-0.50-pb-0.65,seed-12503-pa-0.50-pb-0.65:1,bandit,1,3.4287006782765204,4.047057253214244,1.3333333333333337,1.3333333333333337,0.0,0.0,3.0,1.3333333333333337,0.0,3.0
seed-12503-pa-0.50-pb-0.65,seed-12503-pa-0.50-pb-0.65:2,bandit,2,2.0019290813453736,4.147088436492515,1.75,1.75,0.0,0.0,3.0,1.75,0.0,3.0
seed-12508-pa-0.35-pb-0.20,seed-12508-pa-0.35-pb-0.20:0,bandit,0,4.203889734292549,3.181680162779613,0.5,0.5,0.0,0.0,0.0,0.5,0.0,0.0
seed-12508-pa-0.35-pb-0.20,seed-12508-pa-0.35-pb-0.20:1,bandit,1,3.849076984180108,2.7381370135275556,0.5,0.5,0.0,0.0,-2.0,0.5,0.0,-2.0
seed-12508-pa-0.35-pb-0.20,seed-12508-pa-0.35-pb-0.20:2,bandit,2,4.350412651601648,3.8469948866576997,0.5,0.5,0.0,0.0,3.0,0.5,0.0,3.0
seed-12508-pa-0.35-pb-0.20,seed-12508-pa-0.35-pb-0.20:3,bandit,3,2.1787006782765204,2.7381370135275556,0.5,0.5,0.0,0.0,-2.0,0.5,0.0,-2.0
seed-12508-pa-0.35-pb-0.20,seed-12508-pa-0.35-pb-0.20:4,bandit,4,1.7254126516016477,2.6180995935936293,0.0,0.0,0.0,0.0,-2.0,0.0,0.0,-2.0
seed-12508-pa-0.35-pb-0.20,seed-12508-pa-0.35-pb-0.20:5,bandit,5,0.9509394198788428,2.6180995935936293,0.0,0.0,0.0,0.0,-2.0,0.0,0.0,-2.0
seed-12508-pa-0.35-pb-0.20,seed-12508-pa-0.35-pb-0.20:6,bandit,6,0.67974463538566,2.538074646971012,-0.3333333333333332,-0.3333333333333332,0.0,0.0,-2.0,-0.3333333333333332,0.0,-2.0
seed-12508-pa-0.35-pb-0.20,seed-12508-pa-0.35-pb-0.20:7,bandit,7,1.8132616875182244,3.7269574667237735,0.0,0.0,0.0,0.0,3.0,0.0,0.0,3.0
seed-12508-pa-0.35-pb-0.20,seed-12508-pa-0.35-pb-0.20:8,bandit,8,2.099076984180108,3.761253872419181,0.1428571428571428,0.1428571428571428,0.0,0.0,3.0,0.1428571428571428,0.0,3.0
seed-12512-pa-0.20-pb-0.50,seed-12512-pa-0.20-pb-0.50:0,bandit,0,4.203889734292549,3.181680162779613,0.5,0.5,0.0,0.0,0.0,0.5,0.0,0.0
seed-12512-pa-0.20-pb-0.50,seed-12512-pa-0.20-pb-0.50:1,bandit,1,3.849076984180108,2.7381370135275556,0.5,0.5,0.0,0.0,-2.0,0.5,0.0,-2.0
seed-12516-pa-0.65-pb-0.65,seed-12516-pa-0.65-pb-0.65:0,bandit,0,4.203889734292549,3.181680162779613,0.5,0.5,0.0,0.0,0.0,0.5,0.0,0.0
seed-12516-pa-0.65-pb-0.65,seed-12516-pa-0.65-pb-0.65:1,bandit,1,3.0075990353171704,2.7381370135275556,0.5,0.5,0.0,0.0,-2.0,0.5,0.0,-2.0
seed-12516-pa-0.65-pb-0.65,seed-12516-pa-0.65-pb-0.65:2,bandit,2,0.3868710061149016,2.7381370135275556,0.5,0.5,0.0,0.0,-2.0,0.5,0.0,-2.0
seed-12526-pa-0.65-pb-0.50,seed-12526-pa-0.65-pb-0.50:0,bandit,0,4.203889734292549,3.181680162779613,0.5,0.5,0.0,0.0,0.0,0.5,0.0,0.0
seed-12526-pa-0.65-pb-0.50,seed-12526-pa-0.65-pb-0.50:1,bandit,1,4.42870067827652,4.047057253214244,1.3333333333333337,1.3333333333333337,0.0,0.0,3.0,1.3333333333333337,0.0,3.0
seed-12526-pa-0.65-pb-0.50,seed-12526-pa-0.65-pb-0.50:2,bandit,2,3.201413277982752,4.147088436492515,1.75,1.75,0.0,0.0,3.0,1.75,0.0,3.0
seed-12526-pa-0.65-pb-0.50,seed-12526-pa-0.65-pb-0.50:3,bandit,3,3.4878222787715707,4.207107146459479,2.0,2.0,0.0,0.0,3.0,2.0,0.0,3.0
seed-12526-pa-0.65-pb-0.50,seed-12526-pa-0.65-pb-0.50:4,bandit,4,2.1602241504380864,4.247119619770787,2.166666666666667,2.166666666666667,0.0,0.0,3.0,2.166666666666667,0.0,3.0
seed-12526-pa-0.65-pb-0.50,seed-12526-pa-0.65-pb-0.50:5,bandit,5,2.517675057605601,4.275699957850294,2.2857142857142856,2.2857142857142856,0.0,0.0,3.0,2.2857142857142856,0.0,3.0
seed-12529-pa-0.65-pb-0.35,seed-12529-pa-0.65-pb-0.35:0,bandit,0,4.203889734292549,3.181680162779613,0.5,0.5,0.0,0.0,0.0,0.5,0.0,0.0
seed-12529-pa-0.65-pb-0.35,seed-12529-pa-0.65-pb-0.35:1,bandit,1,4.42870067827652,4.047057253214244,1.3333333333333337,1.3333333333333337,0.0,0.0,3.0,1.3333333333333337,0.0,3.0
seed-12529-pa-0.65-pb-0.35,seed-12529-pa-0.65-pb-0.35:2,bandit,2,2.501928011042974,2.9381993800840993,1.3333333333333337,1.3333333333333337,0.0,0.0,-2.0,1.3333333333333337,0.0,-2.0
seed-12529-pa-0.65-pb-0.35,seed-12529-pa-0.65-pb-0.35:3,bandit,3,2.6368710061149017,4.147088436492515,1.75,1.75,0.0,0.0,3.0,1.75,0.0,3.0
seed-12534-pa-0.50-pb-0.35,seed-12534-pa-0.50-pb-0.35:0,bandit,0,4.203889734292549,3.181680162779613,0.5,0.5,0.0,0.0,0.0,0.5,0.0,0.0
seed-12534-pa-0.50-pb-0.35,seed-12534-pa-0.50-pb-0.35:1,bandit,1,4.42870067827652,4.047057253214244,1.3333333333333337,1.3333333333333337,0.0,0.0,3.0,1.3333333333333337,0.0,3.0
seed-12534-pa-0.50-pb-0.35,seed-12534-pa-0.50-pb-0.35:2,bandit,2,0.951413277982752,4.047057253214244,1.3333333333333337,1.3333333333333337,0.0,0.0,3.0,1.3333333333333337,0.0,3.0
foraging-pair-0072037-stay_x,foraging-pair-0072037-stay_x:0,foraging,0,3.5,1.6052361051431736,2.0,2.0,0.0,0.0,0.0,2.0,0.0,0.0
foraging-pair-0072037-stay_x,foraging-pair-0072037-stay_x:1,foraging,1,1.5,1.2848424110807088,2.6666666666666665,2.6666666666666665,0.0,0.0,4.0,2.6666666666666665,0.0,4.0
foraging-pair-0072037-stay_x,foraging-pair-0072037-stay_x:2,foraging,2,-0.25,1.4182524268425751,3.0,3.0,0.0,0.0,4.0,3.0,0.0,4.0
foraging-pair-0072037-stay_y,foraging-pair-0072037-stay_y:0,foraging,0,2.875,1.6052361051431736,2.0,2.0,0.0,0.0,0.0,2.0,0.0,0.0
foraging-pair-0072037-stay_y,foraging-pair-0072037-stay_y:1,foraging,1,1.25,1.2848424110807088,2.6666666666666665,2.6666666666666665,0.0,0.0,4.0,2.6666666666666665,0.0,4.0
foraging-pair-0072037-stay_y,foraging-pair-0072037-stay_y:2,foraging,2,-0.375,1.4182524268425751,3.0,3.0,0.0,0.0,4.0,3.0,0.0,4.0
foraging-pair-0072040-stay_x,foraging-pair-0072040-stay_x:0,foraging,0,1.375,0.5584096254734913,-1.0,1.0,2.0,1.0,0.0,-1.0,1.0,0.0
foraging-pair-0072040-stay_x,foraging-pair-0072040-stay_x:1,foraging,1,1.375,0.3848193628075758,-0.3333333333333335,1.6666666666666663,2.0,1.0,3.0,-0.3333333333333335,1.0,3.0
foraging-pair-0072040-stay_x,foraging-pair-0072040-stay_x:2,foraging,2,0.5,0.7052130568700405,-1.0,1.0,2.0,1.0,-1.0,-1.0,1.0,-1.0
foraging-pair-0072040-stay_x,foraging-pair-0072040-stay_x:3,foraging,3,0.25,0.27809135019808284,-0.6000000000000001,1.4,2.0,1.0,3.0,-0.6000000000000001,1.0,3.0
foraging-pair-0072040-stay_y,foraging-pair-0072040-stay_y:0,foraging,0,1.125,0.5584096254734913,-1.0,1.0,2.0,1.0,0.0,-1.0,1.0,0.0
foraging-pair-0072040-stay_y,foraging-pair-0072040-stay_y:1,foraging,1,1.25,0.3848193628075758,-0.3333333333333335,1.6666666666666663,2.0,1.0,3.0,-0.3333333333333335,1.0,3.0
foraging-pair-0072040-stay_y,foraging-pair-0072040-stay_y:2,foraging,2,0.75,0.7052130568700405,-1.0,1.0,2.0,1.0,-1.0,-1.0,1.0,-1.0
foraging-pair-0072040-stay_y,foraging-pair-0072040-stay_y:3,foraging,3,0.125,0.27809135019808284,-0.6000000000000001,1.4,2.0,1.0,3.0,-0.6000000000000001,1.0,3.0
foraging-pair-0072043-stay_x,foraging-pair-0072043-stay_x:0,foraging,0,1.875,0.8047760105719759,0.0,2.0,2.0,0.0,0.0,0.0,0.0,0.0
foraging-pair-0072043-stay_x,foraging-pair-0072043-stay_x:1,foraging,1,1.5,0.4843823165095112,0.6666666666666665,2.6666666666666665,2.0,0.0,4.0,0.6666666666666665,0.0,4.0
foraging-pair-0072043-stay_x,foraging-pair-0072043-stay_x:2,foraging,2,-0.75,0.6177923322713775,1.0,3.0,2.0,0.0,4.0,1.0,0.0,4.0
foraging-pair-0072043-stay_y,foraging-pair-0072043-stay_y:0,foraging,0,1.5,0.8047760105719759,0.0,2.0,2.0,0.0,0.0,0.0,0.0,0.0
foraging-pair-0072043-stay_y,foraging-pair-0072043-stay_y:1,foraging,1,0.875,0.4843823165095112,0.6666666666666665,2.6666666666666665,2.0,0.0,4.0,0.6666666666666665,0.0,4.0
foraging-pair-0072043-stay_y,foraging-pair-0072043-stay_y:2,foraging,2,-0.875,0.6177923322713775,1.0,3.0,2.0,0.0,4.0,1.0,0.0,4.0
foraging-pair-0072045-stay_x,foraging-pair-0072045-stay_x:0,foraging,0,2.375,1.358869720044689,1.0,1.0,0.0,1.0,0.0,1.0,1.0,0.0
foraging-pair-0072045-stay_x,foraging-pair-0072045-stay_x:1,foraging,1,1.75,1.1852794573787735,1.6666666666666663,1.6666666666666663,0.0,1.0,3.0,1.6666666666666663,1.0,3.0
foraging-pair-0072045-stay_x,foraging-pair-0072045-stay_x:2,foraging,2,0.75,1.5056731514412385,1.0,1.0,0.0,1.0,-1.0,1.0,1.0,-1.0
foraging-pair-0072045-stay_y,foraging-pair-0072045-stay_y:0,foraging,0,2.0,1.358869720044689,1.0,1.0,0.0,1.0,0.0,1.0,1.0,0.0
foraging-pair-0072045-stay_y,foraging-pair-0072045-stay_y:1,foraging,1,1.25,1.1852794573787735,1.6666666666666663,1.6666666666666663,0.0,1.0,3.0,1.6666666666666663,1.0,3.0
foraging-pair-0072045-stay_y,foraging-pair-0072045-stay_y:2,foraging,2,1.0,1.5056731514412385,1.0,1.0,0.0,1.0,-1.0,1.0,1.0,-1.0
foraging-pair-0072047-stay_x,foraging-pair-0072047-stay_x:0,foraging,0,2.375,1.358869720044689,1.0,1.0,0.0,1.0,0.0,1.0,1.0,0.0
foraging-pair-0072047-stay_x,foraging-pair-0072047-stay_x:1,foraging,1,1.75,1.1852794573787735,1.6666666666666663,1.6666666666666663,0.0,1.0,3.0,1.6666666666666663,1.0,3.0
foraging-pair-0072047-stay_x,foraging-pair-0072047-stay_x:2,foraging,2,-0.25,1.3186894731406398,2.0,2.0,0.0,1.0,3.0,2.0,1.0,3.0
foraging-pair-0072047-stay_x,foraging-pair-0072047-stay_x:3,foraging,3,0.5,1.6657651703554779,1.4,1.4,0.0,1.0,-1.0,1.4,1.0,-1.0
foraging-pair-0072047-stay_y,foraging-pair-0072047-stay_y:0,foraging,0,2.0,1.358869720044689,1.0,1.0,0.0,1.0,0.0,1.0,1.0,0.0
foraging-pair-0072047-stay_y,foraging-pair-0072047-stay_y:1,foraging,1,1.25,1.1852794573787735,1.6666666666666663,1.6666666666666663,0.0,1.0,3.0,1.6666666666666663,1.0,3.0
foraging-pair-0072047-stay_y,foraging-pair-0072047-stay_y:2,foraging,2,-0.25,1.3186894731406398,2.0,2.0,0.0,1.0,3.0,2.0,1.0,3.0
foraging-pair-0072047-stay_y,foraging-pair-0072047-stay_y:3,foraging,3,0.375,1.6657651703554779,1.4,1.4,0.0,1.0,-1.0,1.4,1.0,-1.0
foraging-pair-0072051-stay_x,foraging-pair-0072051-stay_x:0,foraging,0,1.875,0.8047760105719759,0.0,2.0,2.0,0.0,0.0,0.0,0.0,0.0
foraging-pair-0072051-stay_y,foraging-pair-0072051-stay_y:0,foraging,0,1.5,0.8047760105719759,0.0,2.0,2.0,0.0,0.0,0.0,0.0,0.0
foraging-pair-0072055-stay_x,foraging-pair-0072055-stay_x:0,foraging,0,2.375,1.358869720044689,1.0,1.0,0.0,1.0,0.0,1.0,1.0,0.0
foraging-pair-0072055-stay_x,foraging-pair-0072055-stay_x:1,foraging,1,-0.375,1.2388531199175057,0.3333333333333332,0.3333333333333332,0.0,1.0,-1.0,0.3333333333333332,1.0,-1.0
foraging-pair-0072055-stay_y,foraging-pair-0072055-stay_y:0,foraging,0,2.0,1.358869720044689,1.0,1.0,0.0,1.0,0.0,1.0,1.0,0.0
foraging-pair-0072055-stay_y,foraging-pair-0072055-stay_y:1,foraging,1,-0.875,1.2388531199175057,0.3333333333333332,0.3333333333333332,0.0,1.0,-1.0,0.3333333333333332,1.0,-1.0
foraging-pair-0072059-stay_x,foraging-pair-0072059-stay_x:0,foraging,0,1.375,0.5584096254734913,-1.0,1.0,2.0,1.0,0.0,-1.0,1.0,0.0
foraging-pair-0072059-stay_y,foraging-pair-0072059-stay_y:0,foraging,0,1.125,0.5584096254734913,-1.0,1.0,2.0,1.0,0.0,-1.0,1.0,0.0
foraging-pair-0072065-stay_x,foraging-pair-0072065-stay_x:0,foraging,0,1.875,0.8047760105719759,0.0,2.0,2.0,0.0,0.0,0.0,0.0,0.0
foraging-pair-0072065-stay_x,foraging-pair-0072065-stay_x:1,foraging,1,0.375,0.5379559790482434,-0.6666666666666667,1.3333333333333333,2.0,0.0,0.0,-0.6666666666666667,0.0,0.0
foraging-pair-0072065-stay_x,foraging-pair-0072065-stay_x:2,foraging,2,-0.875,0.40454596328637704,-1.0,1.0,2.0,0.0,0.0,-1.0,0.0,0.0
foraging-pair-0072065-stay_y,foraging-pair-0072065-stay_y:0,foraging,0,1.5,0.8047760105719759,0.0,2.0,2.0,0.0,0.0,0.0,0.0,0.0
foraging-pair-0072065-stay_y,foraging-pair-0072065-stay_y:1,foraging,1,-0.375,0.5379559790482434,-0.6666666666666667,1.3333333333333333,2.0,0.0,0.0,-0.6666666666666667,0.0,0.0
foraging-pair-0072068-stay_x,foraging-pair-0072068-stay_x:0,foraging,0,3.5,1.6052361051431736,2.0,2.0,0.0,0.0,0.0,2.0,0.0,0.0
foraging-pair-0072068-stay_x,foraging-pair-0072068-stay_x:1,foraging,1,0.75,1.338416073619441,1.3333333333333333,1.3333333333333333,0.0,0.0,0.0,1.3333333333333333,0.0,0.0
foraging-pair-0072068-stay_x,foraging-pair-0072068-stay_x:2,foraging,2,-0.375,1.0180223795569763,2.0,2.0,0.0,0.0,4.0,2.0,0.0,4.0
foraging-pair-0072068-stay_x,foraging-pair-0072068-stay_x:3,foraging,3,-0.25,1.4451440862289342,1.6,1.6,0.0,0.0,0.0,1.6,0.0,0.0
foraging-pair-0072068-stay_x,foraging-pair-0072068-stay_x:4,foraging,4,-0.75,1.338416073619441,1.3333333333333333,1.3333333333333333,0.0,0.0,0.0,1.3333333333333333,0.0,0.0
foraging-pair-0072068-stay_y,foraging-pair-0072068-stay_y:0,foraging,0,2.875,1.6052361051431736,2.0,2.0,0.0,0.0,0.0,2.0,0.0,0.0
foraging-pair-0072068-stay_y,foraging-pair-0072068-stay_y:1,foraging,1,0.375,1.338416073619441,1.3333333333333333,1.3333333333333333,0.0,0.0,0.0,1.3333333333333333,0.0,0.0
foraging-pair-0072069-stay_x,foraging-pair-0072069-stay_x:0,foraging,0,2.375,1.358869720044689,1.0,1.0,0.0,1.0,0.0,1.0,1.0,0.0
foraging-pair-0072069-stay_x,foraging-pair-0072069-stay_x:1,foraging,1,1.75,1.1852794573787735,1.6666666666666663,1.6666666666666663,0.0,1.0,3.0,1.6666666666666663,1.0,3.0
foraging-pair-0072069-stay_x,foraging-pair-0072069-stay_x:2,foraging,2,0.75,1.5056731514412385,1.0,1.0,0.0,1.0,-1.0,1.0,1.0,-1.0
foraging-pair-0072069-stay_x,foraging-pair-0072069-stay_x:3,foraging,3,0.5,1.0785514447692806,1.4,1.4,0.0,1.0,3.0,1.4,1.0,3.0
foraging-pair-0072069-stay_y,foraging-pair-0072069-stay_y:0,foraging,0,2.0,1.358869720044689,1.0,1.0,0.0,1.0,0.0,1.0,1.0,0.0
foraging-pair-0072069-stay_y,foraging-pair-0072069-stay_y:1,foraging,1,1.25,1.1852794573787735,1.6666666666666663,1.6666666666666663,0.0,1.0,3.0,1.6666666666666663,1.0,3.0
foraging-pair-0072069-stay_y,foraging-pair-0072069-stay_y:2,foraging,2,1.0,1.5056731514412385,1.0,1.0,0.0,1.0,-1.0,1.0,1.0,-1.0
foraging-pair-0072069-stay_y,foraging-pair-0072069-stay_y:3,foraging,3,0.5,1.0785514447692806,1.4,1.4,0.0,1.0,3.0,1.4,1.0,3.0
foraging-pair-0072082-stay_x,foraging-pair-0072082-stay_x:0,foraging,0,3.5,1.6052361051431736,2.0,2.0,0.0,0.0,0.0,2.0,0.0,0.0
foraging-pair-0072082-stay_x,foraging-pair-0072082-stay_x:1,foraging,1,0.75,1.338416073619441,1.3333333333333333,1.3333333333333333,0.0,0.0,0.0,1.3333333333333333,0.0,0.0
foraging-pair-0072082-stay_x,foraging-pair-0072082-stay_x:2,foraging,2,-0.375,1.0180223795569763,2.0,2.0,0.0,0.0,4.0,2.0,0.0,4.0
foraging-pair-0072082-stay_x,foraging-pair-0072082-stay_x:3,foraging,3,-0.25,1.4451440862289342,1.6,1.6,0.0,0.0,0.0,1.6,0.0,0.0
foraging-pair-0072082-stay_x,foraging-pair-0072082-stay_x:4,foraging,4,-0.75,1.338416073619441,1.3333333333333333,1.3333333333333333,0.0,0.0,0.0,1.3333333333333333,0.0,0.0
foraging-pair-0072082-stay_y,foraging-pair-0072082-stay_y:0,foraging,0,2.875,1.6052361051431736,2.0,2.0,0.0,0.0,0.0,2.0,0.0,0.0
foraging-pair-0072082-stay_y,foraging-pair-0072082-stay_y:1,foraging,1,0.375,1.338416073619441,1.3333333333333333,1.3333333333333333,0.0,0.0,0.0,1.3333333333333333,0.0,0.0
foraging-pair-0072082-stay_y,foraging-pair-0072082-stay_y:2,foraging,2,0.375,1.0180223795569763,2.0,2.0,0.0,0.0,4.0,2.0,0.0,4.0
foraging-pair-0072082-stay_y,foraging-pair-0072082-stay_y:3,foraging,3,0.0,1.4451440862289342,1.6,1.6,0.0,0.0,0.0,1.6,0.0,0.0
foraging-pair-0072082-stay_y,foraging-pair-0072082-stay_y:4,foraging,4,-0.625,1.338416073619441,1.3333333333333333,1.3333333333333333,0.0,0.0,0.0,1.3333333333333333,0.0,0.0
foraging-pair-0072088-stay_x,foraging-pair-0072088-stay_x:0,foraging,0,1.375,0.5584096254734913,-1.0,1.0,2.0,1.0,0.0,-1.0,1.0,0.0
foraging-pair-0072088-stay_x,foraging-pair-0072088-stay_x:1,foraging,1,1.375,0.3848193628075758,-0.3333333333333335,1.6666666666666663,2.0,1.0,3.0,-0.3333333333333335,1.0,3.0
foraging-pair-0072088-stay_x,foraging-pair-0072088-stay_x:2,foraging,2,0.5,0.7052130568700405,-1.0,1.0,2.0,1.0,-1.0,-1.0,1.0,-1.0
foraging-pair-0072088-stay_x,foraging-pair-0072088-stay_x:3,foraging,3,-0.375,0.5451210379558011,-1.4,0.6000000000000001,2.0,1.0,-1.0,-1.4,1.0,-1.0
foraging-pair-0072088-stay_y,foraging-pair-0072088-stay_y:0,foraging,0,1.125,0.5584096254734913,-1.0,1.0,2.0,1.0,0.0,-1.0,1.0,0.0
foraging-pair-0072088-stay_y,foraging-pair-0072088-stay_y:1,foraging,1,1.25,0.3848193628075758,-0.3333333333333335,1.6666666666666663,2.0,1.0,3.0,-0.3333333333333335,1.0,3.0
foraging-pair-0072088-stay_y,foraging-pair-0072088-stay_y:2,foraging,2,0.75,0.7052130568700405,-1.0,1.0,2.0,1.0,-1.0,-1.0,1.0,-1.0
foraging-pair-0072088-stay_y,foraging-pair-0072088-stay_y:3,foraging,3,-0.125,0.5451210379558011,-1.4,0.6000000000000001,2.0,1.0,-1.0,-1.4,1.0,-1.0
foraging-pair-0072101-stay_x,foraging-pair-0072101-stay_x:0,foraging,0,1.375,0.5584096254734913,-1.0,1.0,2.0,1.0,0.0,-1.0,1.0,0.0
foraging-pair-0072101-stay_x,foraging-pair-0072101-stay_x:1,foraging,1,1.375,0.3848193628075758,-0.3333333333333335,1.6666666666666663,2.0,1.0,3.0,-0.3333333333333335,1.0,3.0
foraging-pair-0072101-stay_y,foraging-pair-0072101-stay_y:0,foraging,0,1.125,0.5584096254734913,-1.0,1.0,2.0,1.0,0.0,-1.0,1.0,0.0
foraging-pair-0072101-stay_y,foraging-pair-0072101-stay_y:1,foraging,1,1.25,0.3848193628075758,-0.3333333333333335,1.6666666666666663,2.0,1.0,3.0,-0.3333333333333335,1.0,3.0
foraging-pair-0072136-stay_x,foraging-pair-0072136-stay_x:0,foraging,0,1.375,0.5584096254734913,-1.0,1.0,2.0,1.0,0.0,-1.0,1.0,0.0
foraging-pair-0072136-stay_x,foraging-pair-0072136-stay_x:1,foraging,1,-0.5,0.438393025346308,-1.6666666666666667,0.3333333333333332,2.0,1.0,-1.0,-1.6666666666666667,1.0,-1.0
foraging-pair-0072136-stay_y,foraging-pair-0072136-stay_y:0,foraging,0,1.125,0.5584096254734913,-1.0,1.0,2.0,1.0,0.0,-1.0,1.0,0.0
foraging-pair-0072136-stay_y,foraging-pair-0072136-stay_y:1,foraging,1,-0.625,0.438393025346308,-1.6666666666666667,0.3333333333333332,2.0,1.0,-1.0,-1.6666666666666667,1.0,-1.0
foraging-pair-0072137-stay_x,foraging-pair-0072137-stay_x:0,foraging,0,1.875,0.8047760105719759,0.0,2.0,2.0,0.0,0.0,0.0,0.0,0.0
foraging-pair-0072137-stay_x,foraging-pair-0072137-stay_x:1,foraging,1,1.5,0.4843823165095112,0.6666666666666665,2.6666666666666665,2.0,0.0,4.0,0.6666666666666665,0.0,4.0
foraging-pair-0072137-stay_y,foraging-pair-0072137-stay_y:0,foraging,0,1.5,0.8047760105719759,0.0,2.0,2.0,0.0,0.0,0.0,0.0,0.0
foraging-pair-0072137-stay_y,foraging-pair-0072137-stay_y:1,foraging,1,0.875,0.4843823165095112,0.6666666666666665,2.6666666666666665,2.0,0.0,4.0,0.6666666666666665,0.0,4.0
foraging-pair-0072139-stay_x,foraging-pair-0072139-stay_x:0,foraging,0,1.875,0.8047760105719759,0.0,2.0,2.0,0.0,0.0,0.0,0.0,0.0
foraging-pair-0072139-stay_x,foraging-pair-0072139-stay_x:1,foraging,1,1.5,0.4843823165095112,0.6666666666666665,2.6666666666666665,2.0,0.0,4.0,0.6666666666666665,0.0,4.0
foraging-pair-0072139-stay_x,foraging-pair-0072139-stay_x:2,foraging,2,-0.625,0.8047760105719759,0.0,2.0,2.0,0.0,0.0,0.0,0.0,0.0
foraging-pair-0072139-stay_x,foraging-pair-0072139-stay_x:3,foraging,3,-1.0,0.6446839916577365,-0.3999999999999999,1.6,2.0,0.0,0.0,-0.3999999999999999,0.0,0.0
foraging-pair-0072139-stay_x,foraging-pair-0072139-stay_x:4,foraging,4,-1.125,0.5379559790482434,-0.6666666666666667,1.3333333333333333,2.0,0.0,0.0,-0.6666666666666667,0.0,0.0
foraging-pair-0072139-stay_y,foraging-pair-0072139-stay_y:0,foraging,0,1.5,0.8047760105719759,0.0,2.0,2.0,0.0,0.0,0.0,0.0,0.0
foraging-pair-0072139-stay_y,foraging-pair-0072139-stay_y:1,foraging,1,0.875,0.4843823165095112,0.6666666666666665,2.6666666666666665,2.0,0.0,4.0,0.6666666666666665,0.0,4.0
foraging-pair-0072139-stay_y,foraging-pair-0072139-stay_y:2,foraging,2,-0.625,0.8047760105719759,0.0,2.0,2.0,0.0,0.0,0.0,0.0,0.0
foraging-pair-0072139-stay_y,foraging-pair-0072139-stay_y:3,foraging,3,-1.0,0.6446839916577365,-0.3999999999999999,1.6,2.0,0.0,0.0,-0.3999999999999999,0.0,0.0
foraging-pair-0072139-stay_y,foraging-pair-0072139-stay_y:4,foraging,4,-1.25,0.5379559790482434,-0.6666666666666667,1.3333333333333333,2.0,0.0,0.0,-0.6666666666666667,0.0,0.0
foraging-pair-0072146-stay_x,foraging-pair-0072146-stay_x:0,foraging,0,1.375,0.5584096254734913,-1.0,1.0,2.0,1.0,0.0,-1.0,1.0,0.0
foraging-pair-0072146-stay_x,foraging-pair-0072146-stay_x:1,foraging,1,1.375,0.3848193628075758,-0.3333333333333335,1.6666666666666663,2.0,1.0,3.0,-0.3333333333333335,1.0,3.0
foraging-pair-0072146-stay_x,foraging-pair-0072146-stay_x:2,foraging,2,0.5,0.7052130568700405,-1.0,1.0,2.0,1.0,-1.0,-1.0,1.0,-1.0
foraging-pair-0072146-stay_y,foraging-pair-0072146-stay_y:0,foraging,0,1.125,0.5584096254734913,-1.0,1.0,2.0,1.0,0.0,-1.0,1.0,0.0
foraging-pair-0072146-stay_y,foraging-pair-0072146-stay_y:1,foraging,1,1.25,0.3848193628075758,-0.3333333333333335,1.6666666666666663,2.0,1.0,3.0,-0.3333333333333335,1.0,3.0
foraging-pair-0072146-stay_y,foraging-pair-0072146-stay_y:2,foraging,2,0.75,0.7052130568700405,-1.0,1.0,2.0,1.0,-1.0,-1.0,1.0,-1.0
foraging-pair-0072158-stay_x,foraging-pair-0072158-stay_x:0,foraging,0,3.5,1.6052361051431736,2.0,2.0,0.0,0.0,0.0,2.0,0.0,0.0
foraging-pair-0072158-stay_x,foraging-pair-0072158-stay_x:1,foraging,1,1.5,1.2848424110807088,2.6666666666666665,2.6666666666666665,0.0,0.0,4.0,2.6666666666666665,0.0,4.0
foraging-pair-0072158-stay_x,foraging-pair-0072158-stay_x:2,foraging,2,-0.25,1.4182524268425751,3.0,3.0,0.0,0.0,4.0,3.0,0.0,4.0
foraging-pair-0072158-stay_x,foraging-pair-0072158-stay_x:3,foraging,3,0.5,1.4982984362996952,3.2,3.2,0.0,0.0,4.0,3.2,0.0,4.0
foraging-pair-0072158-stay_y,foraging-pair-0072158-stay_y:0,foraging,0,2.875,1.6052361051431736,2.0,2.0,0.0,0.0,0.0,2.0,0.0,0.0
foraging-pair-0072158-stay_y,foraging-pair-0072158-stay_y:1,foraging,1,1.25,1.2848424110807088,2.6666666666666665,2.6666666666666665,0.0,0.0,4.0,2.6666666666666665,0.0,4.0
foraging-pair-0072158-stay_y,foraging-pair-0072158-stay_y:2,foraging,2,-0.375,1.4182524268425751,3.0,3.0,0.0,0.0,4.0,3.0,0.0,4.0
foraging-pair-0072158-stay_y,foraging-pair-0072158-stay_y:3,foraging,3,0.5,1.4982984362996952,3.2,3.2,0.0,0.0,4.0,3.2,0.0,4.0
foraging-pair-0072159-stay_x,foraging-pair-0072159-stay_x:0,foraging,0,3.5,1.6052361051431736,2.0,2.0,0.0,0.0,0.0,2.0,0.0,0.0
foraging-pair-0072159-stay_x,foraging-pair-0072159-stay_x:1,foraging,1,1.5,1.2848424110807088,2.6666666666666665,2.6666666666666665,0.0,0.0,4.0,2.6666666666666665,0.0,4.0
foraging-pair-0072159-stay_x,foraging-pair-0072159-stay_x:2,foraging,2,-1.125,1.6052361051431736,2.0,2.0,0.0,0.0,0.0,2.0,0.0,0.0
foraging-pair-0072159-stay_x,foraging-pair-0072159-stay_x:3,foraging,3,-1.25,1.4451440862289342,1.6,1.6,0.0,0.0,0.0,1.6,0.0,0.0
foraging-pair-0072159-stay_y,foraging-pair-0072159-stay_y:0,foraging,0,2.875,1.6052361051431736,2.0,2.0,0.0,0.0,0.0,2.0,0.0,0.0
foraging-pair-0072159-stay_y,foraging-pair-0072159-stay_y:1,foraging,1,1.25,1.2848424110807088,2.6666666666666665,2.6666666666666665,0.0,0.0,4.0,2.6666666666666665,0.0,4.0
foraging-pair-0072159-stay_y,foraging-pair-0072159-stay_y:2,foraging,2,-0.875,1.6052361051431736,2.0,2.0,0.0,0.0,0.0,2.0,0.0,0.0
foraging-pair-0072159-stay_y,foraging-pair-0072159-stay_y:3,foraging,3,-1.0,1.4451440862289342,1.6,1.6,0.0,0.0,0.0,1.6,0.0,0.0
foraging-pair-0072161-stay_x,foraging-pair-0072161-stay_x:0,foraging,0,1.875,0.8047760105719759,0.0,2.0,2.0,0.0,0.0,0.0,0.0,0.0
foraging-pair-0072161-stay_x,foraging-pair-0072161-stay_x:1,foraging,1,1.5,0.4843823165095112,0.6666666666666665,2.6666666666666665,2.0,0.0,4.0,0.6666666666666665,0.0,4.0
foraging-pair-0072161-stay_x,foraging-pair-0072161-stay_x:2,foraging,2,-0.75,0.6177923322713775,1.0,3.0,2.0,0.0,4.0,1.0,0.0,4.0
foraging-pair-0072161-stay_x,foraging-pair-0072161-stay_x:3,foraging,3,-0.875,0.9648680294862154,0.3999999999999999,2.4,2.0,0.0,0.0,0.3999999999999999,0.0,0.0
foraging-pair-0072161-stay_x,foraging-pair-0072161-stay_x:4,foraging,4,-0.375,0.4843823165095112,0.6666666666666665,2.6666666666666665,2.0,0.0,4.0,0.6666666666666665,0.0,4.0
foraging-pair-0072161-stay_x,foraging-pair-0072161-stay_x:5,foraging,5,-1.0,0.9191274526535755,0.2857142857142856,2.2857142857142856,2.0,0.0,0.0,0.2857142857142856,0.0,0.0
foraging-pair-0072161-stay_x,foraging-pair-0072161-stay_x:6,foraging,6,-0.75,0.8047760105719759,0.0,2.0,2.0,0.0,0.0,0.0,0.0,0.0
foraging-pair-0072161-stay_x,foraging-pair-0072161-stay_x:7,foraging,7,-0.625,0.7158360000640651,-0.2222222222222223,1.7777777777777777,2.0,0.0,0.0,-0.2222222222222223,0.0,0.0
foraging-pair-0072161-stay_y,foraging-pair-0072161-stay_y:0,foraging,0,1.5,0.8047760105719759,0.0,2.0,2.0,0.0,0.0,0.0,0.0,0.0
foraging-pair-0072161-stay_y,foraging-pair-0072161-stay_y:1,foraging,1,0.875,0.4843823165095112,0.6666666666666665,2.6666666666666665,2.0,0.0,4.0,0.6666666666666665,0.0,4.0
foraging-pair-0072161-stay_y,foraging-pair-0072161-stay_y:2,foraging,2,-0.875,0.6177923322713775,1.0,3.0,2.0,0.0,4.0,1.0,0.0,4.0
foraging-pair-0072161-stay_y,foraging-pair-0072161-stay_y:3,foraging,3,-0.5,0.9648680294862154,0.3999999999999999,2.4,2.0,0.0,0.0,0.3999999999999999,0.0,0.0
foraging-pair-0072161-stay_y,foraging-pair-0072161-stay_y:4,foraging,4,-0.125,0.4843823165095112,0.6666666666666665,2.6666666666666665,2.0,0.0,4.0,0.6666666666666665,0.0,4.0
foraging-pair-0072161-stay_y,foraging-pair-0072161-stay_y:5,foraging,5,-0.875,0.9191274526535755,0.2857142857142856,2.2857142857142856,2.0,0.0,0.0,0.2857142857142856,0.0,0.0
foraging-pair-0072161-stay_y,foraging-pair-0072161-stay_y:6,foraging,6,-0.75,0.8047760105719759,0.0,2.0,2.0,0.0,0.0,0.0,0.0,0.0
foraging-pair-0072161-stay_y,foraging-pair-0072161-stay_y:7,foraging,7,-0.75,0.7158360000640651,-0.2222222222222223,1.7777777777777777,2.0,0.0,0.0,-0.2222222222222223,0.0,0.0
foraging-pair-0072162-stay_x,foraging-pair-0072162-stay_x:0,foraging,0,2.375,1.358869720044689,1.0,1.0,0.0,1.0,0.0,1.0,1.0,0.0
foraging-pair-0072162-stay_x,foraging-pair-0072162-stay_x:1,foraging,1,-0.375,1.2388531199175057,0.3333333333333332,0.3333333333333332,0.0,1.0,-1.0,0.3333333333333332,1.0,-1.0
foraging-pair-0072162-stay_y,foraging-pair-0072162-stay_y:0,foraging,0,2.0,1.358869720044689,1.0,1.0,0.0,1.0,0.0,1.0,1.0,0.0
foraging-pair-0072162-stay_y,foraging-pair-0072162-stay_y:1,foraging,1,-0.875,1.2388531199175057,0.3333333333333332,0.3333333333333332,0.0,1.0,-1.0,0.3333333333333332,1.0,-1.0
foraging-pair-0072163-stay_x,foraging-pair-0072163-stay_x:0,foraging,0,1.875,0.8047760105719759,0.0,2.0,2.0,0.0,0.0,0.0,0.0,0.0
foraging-pair-0072163-stay_x,foraging-pair-0072163-stay_x:1,foraging,1,1.5,0.4843823165095112,0.6666666666666665,2.6666666666666665,2.0,0.0,4.0,0.6666666666666665,0.0,4.0
foraging-pair-0072163-stay_x,foraging-pair-0072163-stay_x:2,foraging,2,-0.625,0.8047760105719759,0.0,2.0,2.0,0.0,0.0,0.0,0.0,0.0
foraging-pair-0072163-stay_y,foraging-pair-0072163-stay_y:0,foraging,0,1.5,0.8047760105719759,0.0,2.0,2.0,0.0,0.0,0.0,0.0,0.0
foraging-pair-0072163-stay_y,foraging-pair-0072163-stay_y:1,foraging,1,0.875,0.4843823165095112,0.6666666666666665,2.6666666666666665,2.0,0.0,4.0,0.6666666666666665,0.0,4.0
foraging-pair-0072163-stay_y,foraging-pair-0072163-stay_y:2,foraging,2,-0.625,0.8047760105719759,0.0,2.0,2.0,0.0,0.0,0.0,0.0,0.0
foraging-pair-0072182-stay_x,foraging-pair-0072182-stay_x:0,foraging,0,3.5,1.6052361051431736,2.0,2.0,0.0,0.0,0.0,2.0,0.0,0.0
foraging-pair-0072182-stay_y,foraging-pair-0072182-stay_y:0,foraging,0,2.875,1.6052361051431736,2.0,2.0,0.0,0.0,0.0,2.0,0.0,0.0
foraging-pair-0072185-stay_x,foraging-pair-0072185-stay_x:0,foraging,0,1.875,0.8047760105719759,0.0,2.0,2.0,0.0,0.0,0.0,0.0,0.0
foraging-pair-0072185-stay_x,foraging-pair-0072185-stay_x:1,foraging,1,0.375,0.5379559790482434,-0.6666666666666667,1.3333333333333333,2.0,0.0,0.0,-0.6666666666666667,0.0,0.0
foraging-pair-0072185-stay_x,foraging-pair-0072185-stay_x:2,foraging,2,-0.25,0.21756228498577868,0.0,2.0,2.0,0.0,4.0,0.0,0.0,4.0
foraging-pair-0072185-stay_y,foraging-pair-0072185-stay_y:0,foraging,0,1.5,0.8047760105719759,0.0,2.0,2.0,0.0,0.0,0.0,0.0,0.0
foraging-pair-0072185-stay_y,foraging-pair-0072185-stay_y:1,foraging,1,-0.375,0.5379559790482434,-0.6666666666666667,1.3333333333333333,2.0,0.0,0.0,-0.6666666666666667,0.0,0.0
foraging-pair-0072185-stay_y,foraging-pair-0072185-stay_y:2,foraging,2,0.125,0.21756228498577868,0.0,2.0,2.0,0.0,4.0,0.0,0.0,4.0
foraging-pair-0072191-stay_x,foraging-pair-0072191-stay_x:0,foraging,0,2.375,1.358869720044689,1.0,1.0,0.0,1.0,0.0,1.0,1.0,0.0
foraging-pair-0072191-stay_x,foraging-pair-0072191-stay_x:1,foraging,1,1.75,1.1852794573787735,1.6666666666666663,1.6666666666666663,0.0,1.0,3.0,1.6666666666666663,1.0,3.0
foraging-pair-0072191-stay_x,foraging-pair-0072191-stay_x:2,foraging,2,0.75,1.5056731514412385,1.0,1.0,0.0,1.0,-1.0,1.0,1.0,-1.0
foraging-pair-0072191-stay_x,foraging-pair-0072191-stay_x:3,foraging,3,0.5,1.0785514447692806,1.4,1.4,0.0,1.0,3.0,1.4,1.0,3.0
foraging-pair-0072191-stay_y,foraging-pair-0072191-stay_y:0,foraging,0,2.0,1.358869720044689,1.0,1.0,0.0,1.0,0.0,1.0,1.0,0.0
foraging-pair-0072191-stay_y,foraging-pair-0072191-stay_y:1,foraging,1,1.25,1.1852794573787735,1.6666666666666663,1.6666666666666663,0.0,1.0,3.0,1.6666666666666663,1.0,3.0
foraging-pair-0072200-stay_x,foraging-pair-0072200-stay_x:0,foraging,0,2.375,1.358869720044689,1.0,1.0,0.0,1.0,0.0,1.0,1.0,0.0
foraging-pair-0072200-stay_x,foraging-pair-0072200-stay_x:1,foraging,1,1.75,1.1852794573787735,1.6666666666666663,1.6666666666666663,0.0,1.0,3.0,1.6666666666666663,1.0,3.0
foraging-pair-0072200-stay_x,foraging-pair-0072200-stay_x:2,foraging,2,-0.25,1.3186894731406398,2.0,2.0,0.0,1.0,3.0,2.0,1.0,3.0
foraging-pair-0072200-stay_y,foraging-pair-0072200-stay_y:0,foraging,0,2.0,1.358869720044689,1.0,1.0,0.0,1.0,0.0,1.0,1.0,0.0
foraging-pair-0072200-stay_y,foraging-pair-0072200-stay_y:1,foraging,1,1.25,1.1852794573787735,1.6666666666666663,1.6666666666666663,0.0,1.0,3.0,1.6666666666666663,1.0,3.0
foraging-pair-0072200-stay_y,foraging-pair-0072200-stay_y:2,foraging,2,-0.25,1.3186894731406398,2.0,2.0,0.0,1.0,3.0,2.0,1.0,3.0
foraging-pair-0072222-stay_x,foraging-pair-0072222-stay_x:0,foraging,0,2.375,1.358869720044689,1.0,1.0,0.0,1.0,0.0,1.0,1.0,0.0
foraging-pair-0072222-stay_x,foraging-pair-0072222-stay_x:1,foraging,1,-0.375,1.2388531199175057,0.3333333333333332,0.3333333333333332,0.0,1.0,-1.0,0.3333333333333332,1.0,-1.0
foraging-pair-0072222-stay_x,foraging-pair-0072222-stay_x:2,foraging,2,0.5,0.918459425855041,1.0,1.0,0.0,1.0,3.0,1.0,1.0,3.0
foraging-pair-0072222-stay_y,foraging-pair-0072222-stay_y:0,foraging,0,2.0,1.358869720044689,1.0,1.0,0.0,1.0,0.0,1.0,1.0,0.0
foraging-pair-0072222-stay_y,foraging-pair-0072222-stay_y:1,foraging,1,-0.875,1.2388531199175057,0.3333333333333332,0.3333333333333332,0.0,1.0,-1.0,0.3333333333333332,1.0,-1.0
foraging-pair-0072222-stay_y,foraging-pair-0072222-stay_y:2,foraging,2,0.75,0.918459425855041,1.0,1.0,0.0,1.0,3.0,1.0,1.0,3.0
foraging-pair-0072229-stay_x,foraging-pair-0072229-stay_x:0,foraging,0,3.5,1.6052361051431736,2.0,2.0,0.0,0.0,0.0,2.0,0.0,0.0
foraging-pair-0072229-stay_x,foraging-pair-0072229-stay_x:1,foraging,1,1.5,1.2848424110807088,2.6666666666666665,2.6666666666666665,0.0,0.0,4.0,2.6666666666666665,0.0,4.0
foraging-pair-0072229-stay_x,foraging-pair-0072229-stay_x:2,foraging,2,-1.125,1.6052361051431736,2.0,2.0,0.0,0.0,0.0,2.0,0.0,0.0
foraging-pair-0072229-stay_y,foraging-pair-0072229-stay_y:0,foraging,0,2.875,1.6052361051431736,2.0,2.0,0.0,0.0,0.0,2.0,0.0,0.0
foraging-pair-0072229-stay_y,foraging-pair-0072229-stay_y:1,foraging,1,1.25,1.2848424110807088,2.6666666666666665,2.6666666666666665,0.0,0.0,4.0,2.6666666666666665,0.0,4.0
foraging-pair-0072229-stay_y,foraging-pair-0072229-stay_y:2,foraging,2,-0.875,1.6052361051431736,2.0,2.0,0.0,0.0,0.0,2.0,0.0,0.0
foraging-pair-0072236-stay_x,foraging-pair-0072236-stay_x:0,foraging,0,3.5,1.6052361051431736,2.0,2.0,0.0,0.0,0.0,2.0,0.0,0.0
foraging-pair-0072236-stay_x,foraging-pair-0072236-stay_x:1,foraging,1,1.5,1.2848424110807088,2.6666666666666665,2.6666666666666665,0.0,0.0,4.0,2.6666666666666665,0.0,4.0
foraging-pair-0072236-stay_x,foraging-pair-0072236-stay_x:2,foraging,2,-0.25,1.4182524268425751,3.0,3.0,0.0,0.0,4.0,3.0,0.0,4.0
foraging-pair-0072236-stay_x,foraging-pair-0072236-stay_x:3,foraging,3,-1.125,1.765328124057413,2.4,2.4,0.0,0.0,0.0,2.4,0.0,0.0
foraging-pair-0072236-stay_y,foraging-pair-0072236-stay_y:0,foraging,0,2.875,1.6052361051431736,2.0,2.0,0.0,0.0,0.0,2.0,0.0,0.0
foraging-pair-0072236-stay_y,foraging-pair-0072236-stay_y:1,foraging,1,1.25,1.2848424110807088,2.6666666666666665,2.6666666666666665,0.0,0.0,4.0,2.6666666666666665,0.0,4.0
foraging-pair-0072236-stay_y,foraging-pair-0072236-stay_y:2,foraging,2,-0.375,1.4182524268425751,3.0,3.0,0.0,0.0,4.0,3.0,0.0,4.0
foraging-pair-0072236-stay_y,foraging-pair-0072236-stay_y:3,foraging,3,-0.5,1.765328124057413,2.4,2.4,0.0,0.0,0.0,2.4,0.0,0.0
foraging-pair-0072241-stay_x,foraging-pair-0072241-stay_x:0,foraging,0,1.875,0.8047760105719759,0.0,2.0,2.0,0.0,0.0,0.0,0.0,0.0
foraging-pair-0072241-stay_x,foraging-pair-0072241-stay_x:1,foraging,1,1.5,0.4843823165095112,0.6666666666666665,2.6666666666666665,2.0,0.0,4.0,0.6666666666666665,0.0,4.0
foraging-pair-0072241-stay_x,foraging-pair-0072241-stay_x:2,foraging,2,-0.75,0.6177923322713775,1.0,3.0,2.0,0.0,4.0,1.0,0.0,4.0
foraging-pair-0072241-stay_y,foraging-pair-0072241-stay_y:0,foraging,0,1.5,0.8047760105719759,0.0,2.0,2.0,0.0,0.0,0.0,0.0,0.0
foraging-pair-0072241-stay_y,foraging-pair-0072241-stay_y:1,foraging,1,0.875,0.4843823165095112,0.6666666666666665,2.6666666666666665,2.0,0.0,4.0,0.6666666666666665,0.0,4.0
foraging-pair-0072241-stay_y,foraging-pair-0072241-stay_y:2,foraging,2,-0.875,0.6177923322713775,1.0,3.0,2.0,0.0,4.0,1.0,0.0,4.0
foraging-pair-0072242-stay_x,foraging-pair-0072242-stay_x:0,foraging,0,1.375,0.5584096254734913,-1.0,1.0,2.0,1.0,0.0,-1.0,1.0,0.0
foraging-pair-0072242-stay_x,foraging-pair-0072242-stay_x:1,foraging,1,1.375,0.3848193628075758,-0.3333333333333335,1.6666666666666663,2.0,1.0,3.0,-0.3333333333333335,1.0,3.0
foraging-pair-0072242-stay_x,foraging-pair-0072242-stay_x:2,foraging,2,0.5,0.7052130568700405,-1.0,1.0,2.0,1.0,-1.0,-1.0,1.0,-1.0
foraging-pair-0072242-stay_x,foraging-pair-0072242-stay_x:3,foraging,3,-0.375,0.5451210379558011,-1.4,0.6000000000000001,2.0,1.0,-1.0,-1.4,1.0,-1.0
foraging-pair-0072242-stay_x,foraging-pair-0072242-stay_x:4,foraging,4,-0.75,0.438393025346308,-1.6666666666666667,0.3333333333333332,2.0,1.0,-1.0,-1.6666666666666667,1.0,-1.0
foraging-pair-0072242-stay_x,foraging-pair-0072242-stay_x:5,foraging,5,-1.625,0.3621587306252414,-1.8571428571428572,0.1428571428571428,2.0,1.0,-1.0,-1.8571428571428572,1.0,-1.0
foraging-pair-0072242-stay_y,foraging-pair-0072242-stay_y:0,foraging,0,1.125,0.5584096254734913,-1.0,1.0,2.0,1.0,0.0,-1.0,1.0,0.0
foraging-pair-0072242-stay_y,foraging-pair-0072242-stay_y:1,foraging,1,1.25,0.3848193628075758,-0.3333333333333335,1.6666666666666663,2.0,1.0,3.0,-0.3333333333333335,1.0,3.0
foraging-pair-0072242-stay_y,foraging-pair-0072242-stay_y:2,foraging,2,0.75,0.7052130568700405,-1.0,1.0,2.0,1.0,-1.0,-1.0,1.0,-1.0
foraging-pair-0072242-stay_y,foraging-pair-0072242-stay_y:3,foraging,3,-0.125,0.5451210379558011,-1.4,0.6000000000000001,2.0,1.0,-1.0,-1.4,1.0,-1.0
foraging-pair-0072242-stay_y,foraging-pair-0072242-stay_y:4,foraging,4,-0.75,0.438393025346308,-1.6666666666666667,0.3333333333333332,2.0,1.0,-1.0,-1.6666666666666667,1.0,-1.0
foraging-pair-0072242-stay_y,foraging-pair-0072242-stay_y:5,foraging,5,-1.625,0.3621587306252414,-1.8571428571428572,0.1428571428571428,2.0,1.0,-1.0,-1.8571428571428572,1.0,-1.0
foraging-pair-0072251-stay_x,foraging-pair-0072251-stay_x:0,foraging,0,1.375,0.5584096254734913,-1.0,1.0,2.0,1.0,0.0,-1.0,1.0,0.0
foraging-pair-0072251-stay_x,foraging-pair-0072251-stay_x:1,foraging,1,-0.5,0.438393025346308,-1.6666666666666667,0.3333333333333332,2.0,1.0,-1.0,-1.6666666666666667,1.0,-1.0
foraging-pair-0072251-stay_y,foraging-pair-0072251-stay_y:0,foraging,0,1.125,0.5584096254734913,-1.0,1.0,2.0,1.0,0.0,-1.0,1.0,0.0
foraging-pair-0072251-stay_y,foraging-pair-0072251-stay_y:1,foraging,1,-0.625,0.438393025346308,-1.6666666666666667,0.3333333333333332,2.0,1.0,-1.0,-1.6666666666666667,1.0,-1.0
foraging-pair-0072254-stay_x,foraging-pair-0072254-stay_x:0,foraging,0,3.5,1.6052361051431736,2.0,2.0,0.0,0.0,0.0,2.0,0.0,0.0
foraging-pair-0072254-stay_x,foraging-pair-0072254-stay_x:1,foraging,1,1.5,1.2848424110807088,2.6666666666666665,2.6666666666666665,0.0,0.0,4.0,2.6666666666666665,0.0,4.0
foraging-pair-0072254-stay_y,foraging-pair-0072254-stay_y:0,foraging,0,2.875,1.6052361051431736,2.0,2.0,0.0,0.0,0.0,2.0,0.0,0.0
foraging-pair-0072254-stay_y,foraging-pair-0072254-stay_y:1,foraging,1,1.25,1.2848424110807088,2.6666666666666665,2.6666666666666665,0.0,0.0,4.0,2.6666666666666665,0.0,4.0
foraging-pair-0072255-stay_x,foraging-pair-0072255-stay_x:0,foraging,0,3.5,1.6052361051431736,2.0,2.0,0.0,0.0,0.0,2.0,0.0,0.0
foraging-pair-0072255-stay_x,foraging-pair-0072255-stay_x:1,foraging,1,0.75,1.338416073619441,1.3333333333333333,1.3333333333333333,0.0,0.0,0.0,1.3333333333333333,0.0,0.0
foraging-pair-0072255-stay_x,foraging-pair-0072255-stay_x:2,foraging,2,-1.125,1.2050060578575748,1.0,1.0,0.0,0.0,0.0,1.0,0.0,0.0
foraging-pair-0072255-stay_y,foraging-pair-0072255-stay_y:0,foraging,0,2.875,1.6052361051431736,2.0,2.0,0.0,0.0,0.0,2.0,0.0,0.0
foraging-pair-0072255-stay_y,foraging-pair-0072255-stay_y:1,foraging,1,0.375,1.338416073619441,1.3333333333333333,1.3333333333333333,0.0,0.0,0.0,1.3333333333333333,0.0,0.0
foraging-pair-0072257-stay_x,foraging-pair-0072257-stay_x:0,foraging,0,1.875,0.8047760105719759,0.0,2.0,2.0,0.0,0.0,0.0,0.0,0.0
foraging-pair-0072257-stay_x,foraging-pair-0072257-stay_x:1,foraging,1,1.5,0.4843823165095112,0.6666666666666665,2.6666666666666665,2.0,0.0,4.0,0.6666666666666665,0.0,4.0
foraging-pair-0072257-stay_x,foraging-pair-0072257-stay_x:2,foraging,2,-0.625,0.8047760105719759,0.0,2.0,2.0,0.0,0.0,0.0,0.0,0.0
foraging-pair-0072257-stay_x,foraging-pair-0072257-stay_x:3,foraging,3,-1.0,0.6446839916577365,-0.3999999999999999,1.6,2.0,0.0,0.0,-0.3999999999999999,0.0,0.0
foraging-pair-0072257-stay_y,foraging-pair-0072257-stay_y:0,foraging,0,1.5,0.8047760105719759,0.0,2.0,2.0,0.0,0.0,0.0,0.0,0.0
foraging-pair-0072257-stay_y,foraging-pair-0072257-stay_y:1,foraging,1,0.875,0.4843823165095112,0.6666666666666665,2.6666666666666665,2.0,0.0,4.0,0.6666666666666665,0.0,4.0
foraging-pair-0072257-stay_y,foraging-pair-0072257-stay_y:2,foraging,2,-0.625,0.8047760105719759,0.0,2.0,2.0,0.0,0.0,0.0,0.0,0.0
foraging-pair-0072257-stay_y,foraging-pair-0072257-stay_y:3,foraging,3,-1.0,0.6446839916577365,-0.3999999999999999,1.6,2.0,0.0,0.0,-0.3999999999999999,0.0,0.0
foraging-pair-0072261-stay_x,foraging-pair-0072261-stay_x:0,foraging,0,2.375,1.358869720044689,1.0,1.0,0.0,1.0,0.0,1.0,1.0,0.0
foraging-pair-0072261-stay_x,foraging-pair-0072261-stay_x:1,foraging,1,1.75,1.1852794573787735,1.6666666666666663,1.6666666666666663,0.0,1.0,3.0,1.6666666666666663,1.0,3.0
foraging-pair-0072261-stay_x,foraging-pair-0072261-stay_x:2,foraging,2,0.75,1.5056731514412385,1.0,1.0,0.0,1.0,-1.0,1.0,1.0,-1.0
foraging-pair-0072261-stay_y,foraging-pair-0072261-stay_y:0,foraging,0,2.0,1.358869720044689,1.0,1.0,0.0,1.0,0.0,1.0,1.0,0.0
foraging-pair-0072261-stay_y,foraging-pair-0072261-stay_y:1,foraging,1,1.25,1.1852794573787735,1.6666666666666663,1.6666666666666663,0.0,1.0,3.0,1.6666666666666663,1.0,3.0
foraging-pair-0072268-stay_x,foraging-pair-0072268-stay_x:0,foraging,0,1.875,0.8047760105719759,0.0,2.0,2.0,0.0,0.0,0.0,0.0,0.0
foraging-pair-0072268-stay_x,foraging-pair-0072268-stay_x:1,foraging,1,1.5,0.4843823165095112,0.6666666666666665,2.6666666666666665,2.0,0.0,4.0,0.6666666666666665,0.0,4.0
foraging-pair-0072268-stay_x,foraging-pair-0072268-stay_x:2,foraging,2,-0.625,0.8047760105719759,0.0,2.0,2.0,0.0,0.0,0.0,0.0,0.0
foraging-pair-0072268-stay_x,foraging-pair-0072268-stay_x:3,foraging,3,-1.0,0.6446839916577365,-0.3999999999999999,1.6,2.0,0.0,0.0,-0.3999999999999999,0.0,0.0
foraging-pair-0072268-stay_y,foraging-pair-0072268-stay_y:0,foraging,0,1.5,0.8047760105719759,0.0,2.0,2.0,0.0,0.0,0.0,0.0,0.0
foraging-pair-0072298-stay_x,foraging-pair-0072298-stay_x:0,foraging,0,3.5,1.6052361051431736,2.0,2.0,0.0,0.0,0.0,2.0,0.0,0.0
foraging-pair-0072298-stay_x,foraging-pair-0072298-stay_x:1,foraging,1,0.75,1.338416073619441,1.3333333333333333,1.3333333333333333,0.0,0.0,0.0,1.3333333333333333,0.0,0.0
foraging-pair-0072298-stay_y,foraging-pair-0072298-stay_y:0,foraging,0,2.875,1.6052361051431736,2.0,2.0,0.0,0.0,0.0,2.0,0.0,0.0
foraging-pair-0072298-stay_y,foraging-pair-0072298-stay_y:1,foraging,1,0.375,1.338416073619441,1.3333333333333333,1.3333333333333333,0.0,0.0,0.0,1.3333333333333333,0.0,0.0
foraging-pair-0072310-stay_x,foraging-pair-0072310-stay_x:0,foraging,0,1.375,0.5584096254734913,-1.0,1.0,2.0,1.0,0.0,-1.0,1.0,0.0
foraging-pair-0072310-stay_x,foraging-pair-0072310-stay_x:1,foraging,1,-0.5,0.438393025346308,-1.6666666666666667,0.3333333333333332,2.0,1.0,-1.0,-1.6666666666666667,1.0,-1.0
foraging-pair-0072310-stay_y,foraging-pair-0072310-stay_y:0,foraging,0,1.125,0.5584096254734913,-1.0,1.0,2.0,1.0,0.0,-1.0,1.0,0.0
foraging-pair-0072310-stay_y,foraging-pair-0072310-stay_y:1,foraging,1,-0.625,0.438393025346308,-1.6666666666666667,0.3333333333333332,2.0,1.0,-1.0,-1.6666666666666667,1.0,-1.0
foraging-pair-0072313-stay_x,foraging-pair-0072313-stay_x:0,foraging,0,1.875,0.8047760105719759,0.0,2.0,2.0,0.0,0.0,0.0,0.0,0.0
foraging-pair-0072313-stay_y,foraging-pair-0072313-stay_y:0,foraging,0,1.5,0.8047760105719759,0.0,2.0,2.0,0.0,0.0,0.0,0.0,0.0
foraging-pair-0072314-stay_x,foraging-pair-0072314-stay_x:0,foraging,0,1.375,0.5584096254734913,-1.0,1.0,2.0,1.0,0.0,-1.0,1.0,0.0
foraging-pair-0072314-stay_x,foraging-pair-0072314-stay_x:1,foraging,1,1.375,0.3848193628075758,-0.3333333333333335,1.6666666666666663,2.0,1.0,3.0,-0.3333333333333335,1.0,3.0
foraging-pair-0072314-stay_x,foraging-pair-0072314-stay_x:2,foraging,2,0.5,0.7052130568700405,-1.0,1.0,2.0,1.0,-1.0,-1.0,1.0,-1.0
foraging-pair-0072314-stay_y,foraging-pair-0072314-stay_y:0,foraging,0,1.125,0.5584096254734913,-1.0,1.0,2.0,1.0,0.0,-1.0,1.0,0.0
foraging-pair-0072314-stay_y,foraging-pair-0072314-stay_y:1,foraging,1,1.25,0.3848193628075758,-0.3333333333333335,1.6666666666666663,2.0,1.0,3.0,-0.3333333333333335,1.0,3.0
foraging-pair-0072314-stay_y,foraging-pair-0072314-stay_y:2,foraging,2,0.75,0.7052130568700405,-1.0,1.0,2.0,1.0,-1.0,-1.0,1.0,-1.0
foraging-pair-0072317-stay_x,foraging-pair-0072317-stay_x:0,foraging,0,1.375,0.5584096254734913,-1.0,1.0,2.0,1.0,0.0,-1.0,1.0,0.0
foraging-pair-0072317-stay_y,foraging-pair-0072317-stay_y:0,foraging,0,1.125,0.5584096254734913,-1.0,1.0,2.0,1.0,0.0,-1.0,1.0,0.0
foraging-pair-0072321-stay_x,foraging-pair-0072321-stay_x:0,foraging,0,1.375,0.5584096254734913,-1.0,1.0,2.0,1.0,0.0,-1.0,1.0,0.0
foraging-pair-0072321-stay_x,foraging-pair-0072321-stay_x:1,foraging,1,1.375,0.3848193628075758,-0.3333333333333335,1.6666666666666663,2.0,1.0,3.0,-0.3333333333333335,1.0,3.0
foraging-pair-0072321-stay_x,foraging-pair-0072321-stay_x:2,foraging,2,0.5,0.7052130568700405,-1.0,1.0,2.0,1.0,-1.0,-1.0,1.0,-1.0
foraging-pair-0072321-stay_x,foraging-pair-0072321-stay_x:3,foraging,3,-0.375,0.5451210379558011,-1.4,0.6000000000000001,2.0,1.0,-1.0,-1.4,1.0,-1.0
foraging-pair-0072321-stay_x,foraging-pair-0072321-stay_x:4,foraging,4,0.25,0.11799933128384321,-1.0,1.0,2.0,1.0,3.0,-1.0,1.0,3.0
foraging-pair-0072321-stay_x,foraging-pair-0072321-stay_x:5,foraging,5,-0.5,0.23235077336544285,-0.7142857142857144,1.2857142857142856,2.0,1.0,3.0,-0.7142857142857144,1.0,3.0
foraging-pair-0072321-stay_y,foraging-pair-0072321-stay_y:0,foraging,0,1.125,0.5584096254734913,-1.0,1.0,2.0,1.0,0.0,-1.0,1.0,0.0
foraging-pair-0072321-stay_y,foraging-pair-0072321-stay_y:1,foraging,1,1.25,0.3848193628075758,-0.3333333333333335,1.6666666666666663,2.0,1.0,3.0,-0.3333333333333335,1.0,3.0
foraging-pair-0072323-stay_x,foraging-pair-0072323-stay_x:0,foraging,0,1.375,0.5584096254734913,-1.0,1.0,2.0,1.0,0.0,-1.0,1.0,0.0
foraging-pair-0072323-stay_x,foraging-pair-0072323-stay_x:1,foraging,1,1.375,0.3848193628075758,-0.3333333333333335,1.6666666666666663,2.0,1.0,3.0,-0.3333333333333335,1.0,3.0
foraging-pair-0072323-stay_x,foraging-pair-0072323-stay_x:2,foraging,2,0.5,0.7052130568700405,-1.0,1.0,2.0,1.0,-1.0,-1.0,1.0,-1.0
foraging-pair-0072323-stay_x,foraging-pair-0072323-stay_x:3,foraging,3,-0.375,0.5451210379558011,-1.4,0.6000000000000001,2.0,1.0,-1.0,-1.4,1.0,-1.0
foraging-pair-0072323-stay_y,foraging-pair-0072323-stay_y:0,foraging,0,1.125,0.5584096254734913,-1.0,1.0,2.0,1.0,0.0,-1.0,1.0,0.0
foraging-pair-0072331-stay_x,foraging-pair-0072331-stay_x:0,foraging,0,1.875,0.8047760105719759,0.0,2.0,2.0,0.0,0.0,0.0,0.0,0.0
foraging-pair-0072331-stay_x,foraging-pair-0072331-stay_x:1,foraging,1,1.5,0.4843823165095112,0.6666666666666665,2.6666666666666665,2.0,0.0,4.0,0.6666666666666665,0.0,4.0
foraging-pair-0072331-stay_x,foraging-pair-0072331-stay_x:2,foraging,2,-0.625,0.8047760105719759,0.0,2.0,2.0,0.0,0.0,0.0,0.0,0.0
foraging-pair-0072331-stay_x,foraging-pair-0072331-stay_x:3,foraging,3,-1.0,0.6446839916577365,-0.3999999999999999,1.6,2.0,0.0,0.0,-0.3999999999999999,0.0,0.0
foraging-pair-0072331-stay_x,foraging-pair-0072331-stay_x:4,foraging,4,-1.125,0.5379559790482434,-0.6666666666666667,1.3333333333333333,2.0,0.0,0.0,-0.6666666666666667,0.0,0.0
foraging-pair-0072331-stay_y,foraging-pair-0072331-stay_y:0,foraging,0,1.5,0.8047760105719759,0.0,2.0,2.0,0.0,0.0,0.0,0.0,0.0
foraging-pair-0072331-stay_y,foraging-pair-0072331-stay_y:1,foraging,1,0.875,0.4843823165095112,0.6666666666666665,2.6666666666666665,2.0,0.0,4.0,0.6666666666666665,0.0,4.0
foraging-pair-0072331-stay_y,foraging-pair-0072331-stay_y:2,foraging,2,-0.625,0.8047760105719759,0.0,2.0,2.0,0.0,0.0,0.0,0.0,0.0
foraging-pair-0072331-stay_y,foraging-pair-0072331-stay_y:3,foraging,3,-1.0,0.6446839916577365,-0.3999999999999999,1.6,2.0,0.0,0.0,-0.3999999999999999,0.0,0.0
foraging-pair-0072331-stay_y,foraging-pair-0072331-stay_y:4,foraging,4,-1.25,0.5379559790482434,-0.6666666666666667,1.3333333333333333,2.0,0.0,0.0,-0.6666666666666667,0.0,0.0
foraging-pair-0072336-stay_x,foraging-pair-0072336-stay_x:0,foraging,0,1.875,0.8047760105719759,0.0,2.0,2.0,0.0,0.0,0.0,0.0,0.0
foraging-pair-0072336-stay_x,foraging-pair-0072336-stay_x:1,foraging,1,1.5,0.4843823165095112,0.6666666666666665,2.6666666666666665,2.0,0.0,4.0,0.6666666666666665,0.0,4.0
foraging-pair-0072336-stay_x,foraging-pair-0072336-stay_x:2,foraging,2,-0.75,0.6177923322713775,1.0,3.0,2.0,0.0,4.0,1.0,0.0,4.0
foraging-pair-0072336-stay_x,foraging-pair-0072336-stay_x:3,foraging,3,-0.125,0.6978383417284973,1.2000000000000002,3.2,2.0,0.0,4.0,1.2000000000000002,0.0,4.0
foraging-pair-0072336-stay_x,foraging-pair-0072336-stay_x:4,foraging,4,-0.625,1.0715960420957085,0.6666666666666665,2.6666666666666665,2.0,0.0,0.0,0.6666666666666665,0.0,0.0
foraging-pair-0072336-stay_y,foraging-pair-0072336-stay_y:0,foraging,0,1.5,0.8047760105719759,0.0,2.0,2.0,0.0,0.0,0.0,0.0,0.0
foraging-pair-0072336-stay_y,foraging-pair-0072336-stay_y:1,foraging,1,0.875,0.4843823165095112,0.6666666666666665,2.6666666666666665,2.0,0.0,4.0,0.6666666666666665,0.0,4.0
foraging-pair-0072336-stay_y,foraging-pair-0072336-stay_y:2,foraging,2,-0.875,0.6177923322713775,1.0,3.0,2.0,0.0,4.0,1.0,0.0,4.0
foraging-pair-0072336-stay_y,foraging-pair-0072336-stay_y:3,foraging,3,0.0,0.6978383417284973,1.2000000000000002,3.2,2.0,0.0,4.0,1.2000000000000002,0.0,4.0
foraging-pair-0072336-stay_y,foraging-pair-0072336-stay_y:4,foraging,4,-0.25,1.0715960420957085,0.6666666666666665,2.6666666666666665,2.0,0.0,0.0,0.6666666666666665,0.0,0.0
foraging-pair-0072356-stay_x,foraging-pair-0072356-stay_x:0,foraging,0,3.5,1.6052361051431736,2.0,2.0,0.0,0.0,0.0,2.0,0.0,0.0
foraging-pair-0072356-stay_x,foraging-pair-0072356-stay_x:1,foraging,1,1.5,1.2848424110807088,2.6666666666666665,2.6666666666666665,0.0,0.0,4.0,2.6666666666666665,0.0,4.0
foraging-pair-0072356-stay_x,foraging-pair-0072356-stay_x:2,foraging,2,-0.25,1.4182524268425751,3.0,3.0,0.0,0.0,4.0,3.0,0.0,4.0
foraging-pair-0072356-stay_y,foraging-pair-0072356-stay_y:0,foraging,0,2.875,1.6052361051431736,2.0,2.0,0.0,0.0,0.0,2.0,0.0,0.0
foraging-pair-0072356-stay_y,foraging-pair-0072356-stay_y:1,foraging,1,1.25,1.2848424110807088,2.6666666666666665,2.6666666666666665,0.0,0.0,4.0,2.6666666666666665,0.0,4.0
foraging-pair-0072356-stay_y,foraging-pair-0072356-stay_y:2,foraging,2,-0.375,1.4182524268425751,3.0,3.0,0.0,0.0,4.0,3.0,0.0,4.0
foraging-pair-0072362-stay_x,foraging-pair-0072362-stay_x:0,foraging,0,1.375,0.5584096254734913,-1.0,1.0,2.0,1.0,0.0,-1.0,1.0,0.0
foraging-pair-0072362-stay_x,foraging-pair-0072362-stay_x:1,foraging,1,-0.5,0.438393025346308,-1.6666666666666667,0.3333333333333332,2.0,1.0,-1.0,-1.6666666666666667,1.0,-1.0
foraging-pair-0072362-stay_x,foraging-pair-0072362-stay_x:2,foraging,2,-1.125,0.3049830095844419,-2.0,0.0,2.0,1.0,-1.0,-2.0,1.0,-1.0
foraging-pair-0072362-stay_y,foraging-pair-0072362-stay_y:0,foraging,0,1.125,0.5584096254734913,-1.0,1.0,2.0,1.0,0.0,-1.0,1.0,0.0
foraging-pair-0072362-stay_y,foraging-pair-0072362-stay_y:1,foraging,1,-0.625,0.438393025346308,-1.6666666666666667,0.3333333333333332,2.0,1.0,-1.0,-1.6666666666666667,1.0,-1.0
foraging-pair-0072362-stay_y,foraging-pair-0072362-stay_y:2,foraging,2,-1.625,0.3049830095844419,-2.0,0.0,2.0,1.0,-1.0,-2.0,1.0,-1.0
foraging-pair-0072370-stay_x,foraging-pair-0072370-stay_x:0,foraging,0,3.5,1.6052361051431736,2.0,2.0,0.0,0.0,0.0,2.0,0.0,0.0
foraging-pair-0072370-stay_x,foraging-pair-0072370-stay_x:1,foraging,1,0.75,1.338416073619441,1.3333333333333333,1.3333333333333333,0.0,0.0,0.0,1.3333333333333333,0.0,0.0
foraging-pair-0072370-stay_x,foraging-pair-0072370-stay_x:2,foraging,2,-1.125,1.2050060578575748,1.0,1.0,0.0,0.0,0.0,1.0,0.0,0.0
foraging-pair-0072370-stay_y,foraging-pair-0072370-stay_y:0,foraging,0,2.875,1.6052361051431736,2.0,2.0,0.0,0.0,0.0,2.0,0.0,0.0
foraging-pair-0072370-stay_y,foraging-pair-0072370-stay_y:1,foraging,1,0.375,1.338416073619441,1.3333333333333333,1.3333333333333333,0.0,0.0,0.0,1.3333333333333333,0.0,0.0
foraging-pair-0072370-stay_y,foraging-pair-0072370-stay_y:2,foraging,2,-1.5,1.2050060578575748,1.0,1.0,0.0,0.0,0.0,1.0,0.0,0.0
foraging-pair-0072371-stay_x,foraging-pair-0072371-stay_x:0,foraging,0,1.375,0.5584096254734913,-1.0,1.0,2.0,1.0,0.0,-1.0,1.0,0.0
foraging-pair-0072371-stay_x,foraging-pair-0072371-stay_x:1,foraging,1,-0.5,0.438393025346308,-1.6666666666666667,0.3333333333333332,2.0,1.0,-1.0,-1.6666666666666667,1.0,-1.0
foraging-pair-0072371-stay_y,foraging-pair-0072371-stay_y:0,foraging,0,1.125,0.5584096254734913,-1.0,1.0,2.0,1.0,0.0,-1.0,1.0,0.0
foraging-pair-0072371-stay_y,foraging-pair-0072371-stay_y:1,foraging,1,-0.625,0.438393025346308,-1.6666666666666667,0.3333333333333332,2.0,1.0,-1.0,-1.6666666666666667,1.0,-1.0
foraging-pair-0072374-stay_x,foraging-pair-0072374-stay_x:0,foraging,0,3.5,1.6052361051431736,2.0,2.0,0.0,0.0,0.0,2.0,0.0,0.0
foraging-pair-0072374-stay_x,foraging-pair-0072374-stay_x:1,foraging,1,1.5,1.2848424110807088,2.6666666666666665,2.6666666666666665,0.0,0.0,4.0,2.6666666666666665,0.0,4.0
foraging-pair-0072374-stay_x,foraging-pair-0072374-stay_x:2,foraging,2,-0.25,1.4182524268425751,3.0,3.0,0.0,0.0,4.0,3.0,0.0,4.0
foraging-pair-0072374-stay_x,foraging-pair-0072374-stay_x:3,foraging,3,-1.125,1.765328124057413,2.4,2.4,0.0,0.0,0.0,2.4,0.0,0.0
foraging-pair-0072374-stay_y,foraging-pair-0072374-stay_y:0,foraging,0,2.875,1.6052361051431736,2.0,2.0,0.0,0.0,0.0,2.0,0.0,0.0
foraging-pair-0072374-stay_y,foraging-pair-0072374-stay_y:1,foraging,1,1.25,1.2848424110807088,2.6666666666666665,2.6666666666666665,0.0,0.0,4.0,2.6666666666666665,0.0,4.0
foraging-pair-0072374-stay_y,foraging-pair-0072374-stay_y:2,foraging,2,-0.375,1.4182524268425751,3.0,3.0,0.0,0.0,4.0,3.0,0.0,4.0
foraging-pair-0072374-stay_y,foraging-pair-0072374-stay_y:3,foraging,3,-0.5,1.765328124057413,2.4,2.4,0.0,0.0,0.0,2.4,0.0,0.0
foraging-pair-0072379-stay_x,foraging-pair-0072379-stay_x:0,foraging,0,1.875,0.8047760105719759,0.0,2.0,2.0,0.0,0.0,0.0,0.0,0.0
foraging-pair-0072379-stay_x,foraging-pair-0072379-stay_x:1,foraging,1,1.5,0.4843823165095112,0.6666666666666665,2.6666666666666665,2.0,0.0,4.0,0.6666666666666665,0.0,4.0
foraging-pair-0072379-stay_x,foraging-pair-0072379-stay_x:2,foraging,2,-0.75,0.6177923322713775,1.0,3.0,2.0,0.0,4.0,1.0,0.0,4.0
foraging-pair-0072379-stay_x,foraging-pair-0072379-stay_x:3,foraging,3,-0.125,0.6978383417284973,1.2000000000000002,3.2,2.0,0.0,4.0,1.2000000000000002,0.0,4.0
foraging-pair-0072379-stay_x,foraging-pair-0072379-stay_x:4,foraging,4,-0.625,1.0715960420957085,0.6666666666666665,2.6666666666666665,2.0,0.0,0.0,0.6666666666666665,0.0,0.0
foraging-pair-0072379-stay_y,foraging-pair-0072379-stay_y:0,foraging,0,1.5,0.8047760105719759,0.0,2.0,2.0,0.0,0.0,0.0,0.0,0.0
foraging-pair-0072379-stay_y,foraging-pair-0072379-stay_y:1,foraging,1,0.875,0.4843823165095112,0.6666666666666665,2.6666666666666665,2.0,0.0,4.0,0.6666666666666665,0.0,4.0
foraging-pair-0072379-stay_y,foraging-pair-0072379-stay_y:2,foraging,2,-0.875,0.6177923322713775,1.0,3.0,2.0,0.0,4.0,1.0,0.0,4.0
foraging-pair-0072379-stay_y,foraging-pair-0072379-stay_y:3,foraging,3,0.0,0.6978383417284973,1.2000000000000002,3.2,2.0,0.0,4.0,1.2000000000000002,0.0,4.0
foraging-pair-0072379-stay_y,foraging-pair-0072379-stay_y:4,foraging,4,-0.25,1.0715960420957085,0.6666666666666665,2.6666666666666665,2.0,0.0,0.0,0.6666666666666665,0.0,0.0
foraging-pair-0072384-stay_x,foraging-pair-0072384-stay_x:0,foraging,0,1.875,0.8047760105719759,0.0,2.0,2.0,0.0,0.0,0.0,0.0,0.0
foraging-pair-0072384-stay_x,foraging-pair-0072384-stay_x:1,foraging,1,0.375,0.5379559790482434,-0.6666666666666667,1.3333333333333333,2.0,0.0,0.0,-0.6666666666666667,0.0,0.0
foraging-pair-0072384-stay_x,foraging-pair-0072384-stay_x:2,foraging,2,-0.875,0.40454596328637704,-1.0,1.0,2.0,0.0,0.0,-1.0,0.0,0.0
foraging-pair-0072384-stay_x,foraging-pair-0072384-stay_x:3,foraging,3,0.0,0.057470266071539156,-0.3999999999999999,1.6,2.0,0.0,4.0,-0.3999999999999999,0.0,4.0
foraging-pair-0072384-stay_x,foraging-pair-0072384-stay_x:4,foraging,4,-0.125,0.21756228498577868,0.0,2.0,2.0,0.0,4.0,0.0,0.0,4.0
foraging-pair-0072384-stay_y,foraging-pair-0072384-stay_y:0,foraging,0,1.5,0.8047760105719759,0.0,2.0,2.0,0.0,0.0,0.0,0.0,0.0
foraging-pair-0072384-stay_y,foraging-pair-0072384-stay_y:1,foraging,1,-0.375,0.5379559790482434,-0.6666666666666667,1.3333333333333333,2.0,0.0,0.0,-0.6666666666666667,0.0,0.0
foraging-pair-0072389-stay_x,foraging-pair-0072389-stay_x:0,foraging,0,1.375,0.5584096254734913,-1.0,1.0,2.0,1.0,0.0,-1.0,1.0,0.0
foraging-pair-0072389-stay_x,foraging-pair-0072389-stay_x:1,foraging,1,-0.5,0.438393025346308,-1.6666666666666667,0.3333333333333332,2.0,1.0,-1.0,-1.6666666666666667,1.0,-1.0
foraging-pair-0072389-stay_y,foraging-pair-0072389-stay_y:0,foraging,0,1.125,0.5584096254734913,-1.0,1.0,2.0,1.0,0.0,-1.0,1.0,0.0
foraging-pair-0072389-stay_y,foraging-pair-0072389-stay_y:1,foraging,1,-0.625,0.438393025346308,-1.6666666666666667,0.3333333333333332,2.0,1.0,-1.0,-1.6666666666666667,1.0,-1.0
foraging-pair-0072391-stay_x,foraging-pair-0072391-stay_x:0,foraging,0,2.375,1.358869720044689,1.0,1.0,0.0,1.0,0.0,1.0,1.0,0.0
foraging-pair-0072391-stay_x,foraging-pair-0072391-stay_x:1,foraging,1,-0.375,1.2388531199175057,0.3333333333333332,0.3333333333333332,0.0,1.0,-1.0,0.3333333333333332,1.0,-1.0
foraging-pair-0072391-stay_x,foraging-pair-0072391-stay_x:2,foraging,2,0.5,0.918459425855041,1.0,1.0,0.0,1.0,3.0,1.0,1.0,3.0
foraging-pair-0072391-stay_y,foraging-pair-0072391-stay_y:0,foraging,0,2.0,1.358869720044689,1.0,1.0,0.0,1.0,0.0,1.0,1.0,0.0
foraging-pair-0072391-stay_y,foraging-pair-0072391-stay_y:1,foraging,1,-0.875,1.2388531199175057,0.3333333333333332,0.3333333333333332,0.0,1.0,-1.0,0.3333333333333332,1.0,-1.0
foraging-pair-0072393-stay_x,foraging-pair-0072393-stay_x:0,foraging,0,1.375,0.5584096254734913,-1.0,1.0,2.0,1.0,0.0,-1.0,1.0,0.0
foraging-pair-0072393-stay_x,foraging-pair-0072393-stay_x:1,foraging,1,1.375,0.3848193628075758,-0.3333333333333335,1.6666666666666663,2.0,1.0,3.0,-0.3333333333333335,1.0,3.0
foraging-pair-0072393-stay_y,foraging-pair-0072393-stay_y:0,foraging,0,1.125,0.5584096254734913,-1.0,1.0,2.0,1.0,0.0,-1.0,1.0,0.0
foraging-pair-0072393-stay_y,foraging-pair-0072393-stay_y:1,foraging,1,1.25,0.3848193628075758,-0.3333333333333335,1.6666666666666663,2.0,1.0,3.0,-0.3333333333333335,1.0,3.0
foraging-pair-0072394-stay_x,foraging-pair-0072394-stay_x:0,foraging,0,3.5,1.6052361051431736,2.0,2.0,0.0,0.0,0.0,2.0,0.0,0.0
foraging-pair-0072394-stay_x,foraging-pair-0072394-stay_x:1,foraging,1,0.75,1.338416073619441,1.3333333333333333,1.3333333333333333,0.0,0.0,0.0,1.3333333333333333,0.0,0.0
foraging-pair-0072394-stay_y,foraging-pair-0072394-stay_y:0,foraging,0,2.875,1.6052361051431736,2.0,2.0,0.0,0.0,0.0,2.0,0.0,0.0
foraging-pair-0072394-stay_y,foraging-pair-0072394-stay_y:1,foraging,1,0.375,1.338416073619441,1.3333333333333333,1.3333333333333333,0.0,0.0,0.0,1.3333333333333333,0.0,0.0
foraging-pair-0072404-stay_x,foraging-pair-0072404-stay_x:0,foraging,0,3.5,1.6052361051431736,2.0,2.0,0.0,0.0,0.0,2.0,0.0,0.0
foraging-pair-0072404-stay_x,foraging-pair-0072404-stay_x:1,foraging,1,1.5,1.2848424110807088,2.6666666666666665,2.6666666666666665,0.0,0.0,4.0,2.6666666666666665,0.0,4.0
foraging-pair-0072404-stay_x,foraging-pair-0072404-stay_x:2,foraging,2,-1.125,1.6052361051431736,2.0,2.0,0.0,0.0,0.0,2.0,0.0,0.0
foraging-pair-0072404-stay_x,foraging-pair-0072404-stay_x:3,foraging,3,-1.25,1.4451440862289342,1.6,1.6,0.0,0.0,0.0,1.6,0.0,0.0
foraging-pair-0072404-stay_x,foraging-pair-0072404-stay_x:4,foraging,4,-1.25,1.338416073619441,1.3333333333333333,1.3333333333333333,0.0,0.0,0.0,1.3333333333333333,0.0,0.0
foraging-pair-0072404-stay_y,foraging-pair-0072404-stay_y:0,foraging,0,2.875,1.6052361051431736,2.0,2.0,0.0,0.0,0.0,2.0,0.0,0.0
foraging-pair-0072404-stay_y,foraging-pair-0072404-stay_y:1,foraging,1,1.25,1.2848424110807088,2.6666666666666665,2.6666666666666665,0.0,0.0,4.0,2.6666666666666665,0.0,4.0
foraging-pair-0072404-stay_y,foraging-pair-0072404-stay_y:2,foraging,2,-0.875,1.6052361051431736,2.0,2.0,0.0,0.0,0.0,2.0,0.0,0.0
foraging-pair-0072404-stay_y,foraging-pair-0072404-stay_y:3,foraging,3,-1.0,1.4451440862289342,1.6,1.6,0.0,0.0,0.0,1.6,0.0,0.0
foraging-pair-0072404-stay_y,foraging-pair-0072404-stay_y:4,foraging,4,-1.25,1.338416073619441,1.3333333333333333,1.3333333333333333,0.0,0.0,0.0,1.3333333333333333,0.0,0.0
solvability-pair-0072037-try_again_m,solvability-pair-0072037-try_again_m:0,solvability,0,-0.125,-0.6721222737999359,-2.5,-0.5,2.0,1.0,0.0,-2.5,1.0,0.0
solvability-pair-0072037-try_again_n,solvability-pair-0072037-try_again_n:0,solvability,0,-1.25,-0.6721222737999359,-2.5,-0.5,2.0,1.0,0.0,-2.5,1.0,0.0
solvability-pair-0072040-try_again_m,solvability-pair-0072040-try_again_m:0,solvability,0,3.25,0.5006302003927672,-0.25,-0.25,0.0,1.0,0.0,-0.25,1.0,0.0
solvability-pair-0072040-try_again_m,solvability-pair-0072040-try_again_m:1,solvability,1,7.75,1.2149434133892711,-0.1666666666666666,-0.1666666666666666,0.0,1.0,1.0,-0.1666666666666666,1.0,1.0
solvability-pair-0072040-try_again_m,solvability-pair-0072040-try_again_m:2,solvability,2,4.75,1.907538987974799,-0.125,-0.125,0.0,1.0,2.0,-0.125,1.0,2.0
solvability-pair-0072040-try_again_m,solvability-pair-0072040-try_again_m:3,solvability,3,3.75,2.5914475071959364,-0.0999999999999999,-0.0999999999999999,0.0,1.0,3.0,-0.0999999999999999,1.0,3.0
solvability-pair-0072040-try_again_m,solvability-pair-0072040-try_again_m:4,solvability,4,2.125,3.271012498734879,-0.0833333333333333,-0.0833333333333333,0.0,1.0,4.0,-0.0833333333333333,1.0,4.0
solvability-pair-0072040-try_again_n,solvability-pair-0072040-try_again_n:0,solvability,0,1.125,0.5006302003927672,-0.25,-0.25,0.0,1.0,0.0,-0.25,1.0,0.0
solvability-pair-0072040-try_again_n,solvability-pair-0072040-try_again_n:1,solvability,1,8.625,1.2149434133892711,-0.1666666666666666,-0.1666666666666666,0.0,1.0,1.0,-0.1666666666666666,1.0,1.0
solvability-pair-0072040-try_again_n,solvability-pair-0072040-try_again_n:2,solvability,2,6.0,1.907538987974799,-0.125,-0.125,0.0,1.0,2.0,-0.125,1.0,2.0
solvability-pair-0072040-try_again_n,solvability-pair-0072040-try_again_n:3,solvability,3,4.75,2.5914475071959364,-0.0999999999999999,-0.0999999999999999,0.0,1.0,3.0,-0.0999999999999999,1.0,3.0
solvability-pair-0072040-try_again_n,solvability-pair-0072040-try_again_n:4,solvability,4,2.625,3.271012498734879,-0.0833333333333333,-0.0833333333333333,0.0,1.0,4.0,-0.0833333333333333,1.0,4.0
solvability-pair-0072043-try_again_m,solvability-pair-0072043-try_again_m:0,solvability,0,0.0,0.48337011523801443,0.25,0.25,0.0,0.0,0.0,0.25,0.0,0.0
solvability-pair-0072043-try_again_m,solvability-pair-0072043-try_again_m:1,solvability,1,-3.625,0.4399348384160624,0.1666666666666666,0.1666666666666666,0.0,0.0,0.0,0.1666666666666666,0.0,0.0
solvability-pair-0072043-try_again_n,solvability-pair-0072043-try_again_n:0,solvability,0,-1.25,0.48337011523801443,0.25,0.25,0.0,0.0,0.0,0.25,0.0,0.0
solvability-pair-0072045-try_again_m,solvability-pair-0072045-try_again_m:0,solvability,0,-0.5,0.24001853946105522,-0.75,-0.75,0.0,1.0,0.0,-0.75,1.0,0.0
solvability-pair-0072045-try_again_n,solvability-pair-0072045-try_again_n:0,solvability,0,-1.25,0.24001853946105522,-0.75,-0.75,0.0,1.0,0.0,-0.75,1.0,0.0
solvability-pair-0072047-try_again_m,solvability-pair-0072047-try_again_m:0,solvability,0,2.75,-0.5418164433340802,-2.25,-0.25,2.0,1.0,0.0,-2.25,1.0,0.0
solvability-pair-0072047-try_again_m,solvability-pair-0072047-try_again_m:1,solvability,1,-2.5,-0.6721222737999359,-2.5,-0.5,2.0,1.0,0.0,-2.5,1.0,0.0
solvability-pair-0072047-try_again_n,solvability-pair-0072047-try_again_n:0,solvability,0,0.75,-0.5418164433340802,-2.25,-0.25,2.0,1.0,0.0,-2.25,1.0,0.0
solvability-pair-0072047-try_again_n,solvability-pair-0072047-try_again_n:1,solvability,1,-2.375,-0.6721222737999359,-2.5,-0.5,2.0,1.0,0.0,-2.5,1.0,0.0
solvability-pair-0072051-try_again_m,solvability-pair-0072051-try_again_m:0,solvability,0,-0.75,-0.8024281042657921,-2.75,-0.75,2.0,1.0,0.0,-2.75,1.0,0.0
solvability-pair-0072051-try_again_m,solvability-pair-0072051-try_again_m:1,solvability,1,-3.25,-0.8458633810877438,-2.8333333333333335,-0.8333333333333334,2.0,1.0,0.0,-2.8333333333333335,1.0,0.0
solvability-pair-0072051-try_again_n,solvability-pair-0072051-try_again_n:0,solvability,0,-1.5,-0.8024281042657921,-2.75,-0.75,2.0,1.0,0.0,-2.75,1.0,0.0
solvability-pair-0072055-try_again_m,solvability-pair-0072055-try_again_m:0,solvability,0,0.0,0.48337011523801443,0.25,0.25,0.0,0.0,0.0,0.25,0.0,0.0
solvability-pair-0072055-try_again_n,solvability-pair-0072055-try_again_n:0,solvability,0,-1.25,0.48337011523801443,0.25,0.25,0.0,0.0,0.0,0.25,0.0,0.0
solvability-pair-0072059-try_again_m,solvability-pair-0072059-try_again_m:0,solvability,0,2.75,-0.5418164433340802,-2.25,-0.25,2.0,1.0,0.0,-2.25,1.0,0.0
solvability-pair-0072059-try_again_m,solvability-pair-0072059-try_again_m:1,solvability,1,7.375,0.172496769662424,-2.1666666666666665,-0.1666666666666666,2.0,1.0,1.0,-2.1666666666666665,1.0,1.0
solvability-pair-0072059-try_again_m,solvability-pair-0072059-try_again_m:2,solvability,2,3.75,0.8650923442479517,-2.125,-0.125,2.0,1.0,2.0,-2.125,1.0,2.0
solvability-pair-0072059-try_again_m,solvability-pair-0072059-try_again_m:3,solvability,3,2.75,1.549000863469089,-2.1,-0.0999999999999999,2.0,1.0,3.0,-2.1,1.0,3.0
solvability-pair-0072059-try_again_m,solvability-pair-0072059-try_again_m:4,solvability,4,1.625,2.2285658550080316,-2.0833333333333335,-0.0833333333333333,2.0,1.0,4.0,-2.0833333333333335,1.0,4.0
solvability-pair-0072059-try_again_m,solvability-pair-0072059-try_again_m:5,solvability,5,0.875,2.905648830728577,-2.071428571428571,-0.0714285714285714,2.0,1.0,5.0,-2.071428571428571,1.0,5.0
solvability-pair-0072059-try_again_m,solvability-pair-0072059-try_again_m:6,solvability,6,0.75,3.5811805465626234,-2.0625,-0.0625,2.0,1.0,6.0,-2.0625,1.0,6.0
solvability-pair-0072059-try_again_m,solvability-pair-0072059-try_again_m:7,solvability,7,-3.0,3.5268864505351836,-2.1666666666666665,-0.1666666666666666,2.0,1.0,6.0,-2.1666666666666665,1.0,6.0
solvability-pair-0072059-try_again_n,solvability-pair-0072059-try_again_n:0,solvability,0,0.75,-0.5418164433340802,-2.25,-0.25,2.0,1.0,0.0,-2.25,1.0,0.0
solvability-pair-0072059-try_again_n,solvability-pair-0072059-try_again_n:1,solvability,1,7.75,0.172496769662424,-2.1666666666666665,-0.1666666666666666,2.0,1.0,1.0,-2.1666666666666665,1.0,1.0
solvability-pair-0072059-try_again_n,solvability-pair-0072059-try_again_n:2,solvability,2,5.0,0.8650923442479517,-2.125,-0.125,2.0,1.0,2.0,-2.125,1.0,2.0
solvability-pair-0072059-try_again_n,solvability-pair-0072059-try_again_n:3,solvability,3,3.875,1.549000863469089,-2.1,-0.0999999999999999,2.0,1.0,3.0,-2.1,1.0,3.0
solvability-pair-0072059-try_again_n,solvability-pair-0072059-try_again_n:4,solvability,4,1.875,2.2285658550080316,-2.0833333333333335,-0.0833333333333333,2.0,1.0,4.0,-2.0833333333333335,1.0,4.0
solvability-pair-0072059-try_again_n,solvability-pair-0072059-try_again_n:5,solvability,5,0.75,2.905648830728577,-2.071428571428571,-0.0714285714285714,2.0,1.0,5.0,-2.071428571428571,1.0,5.0
solvability-pair-0072059-try_again_n,solvability-pair-0072059-try_again_n:6,solvability,6,0.75,3.5811805465626234,-2.0625,-0.0625,2.0,1.0,6.0,-2.0625,1.0,6.0
solvability-pair-0072059-try_again_n,solvability-pair-0072059-try_again_n:7,solvability,7,-3.125,3.5268864505351836,-2.1666666666666665,-0.1666666666666666,2.0,1.0,6.0,-2.1666666666666665,1.0,6.0
solvability-pair-0072065-try_again_m,solvability-pair-0072065-try_again_m:0,solvability,0,0.5,-0.42877069802297685,-1.5,0.5,2.0,0.0,0.0,-1.5,0.0,0.0
solvability-pair-0072065-try_again_n,solvability-pair-0072065-try_again_n:0,solvability,0,-1.0,-0.42877069802297685,-1.5,0.5,2.0,0.0,0.0,-1.5,0.0,0.0
solvability-pair-0072068-try_again_m,solvability-pair-0072068-try_again_m:0,solvability,0,-0.375,-0.5590765284888328,-1.75,0.25,2.0,0.0,0.0,-1.75,0.0,0.0
solvability-pair-0072068-try_again_n,solvability-pair-0072068-try_again_n:0,solvability,0,-1.375,-0.5590765284888328,-1.75,0.25,2.0,0.0,0.0,-1.75,0.0,0.0
solvability-pair-0072069-try_again_m,solvability-pair-0072069-try_again_m:0,solvability,0,-0.5,0.24001853946105522,-0.75,-0.75,0.0,1.0,0.0,-0.75,1.0,0.0
solvability-pair-0072069-try_again_n,solvability-pair-0072069-try_again_n:0,solvability,0,-1.25,0.24001853946105522,-0.75,-0.75,0.0,1.0,0.0,-0.75,1.0,0.0
solvability-pair-0072082-try_again_m,solvability-pair-0072082-try_again_m:0,solvability,0,4.125,0.7439817761697263,0.75,0.75,0.0,0.0,0.0,0.75,0.0,0.0
solvability-pair-0072082-try_again_m,solvability-pair-0072082-try_again_m:1,solvability,1,8.5,1.45829498916623,0.8333333333333334,0.8333333333333334,0.0,0.0,1.0,0.8333333333333334,0.0,1.0
solvability-pair-0072082-try_again_m,solvability-pair-0072082-try_again_m:2,solvability,2,1.625,1.3497067971113503,0.625,0.625,0.0,0.0,1.0,0.625,0.0,1.0
solvability-pair-0072082-try_again_n,solvability-pair-0072082-try_again_n:0,solvability,0,1.5,0.7439817761697263,0.75,0.75,0.0,0.0,0.0,0.75,0.0,0.0
solvability-pair-0072082-try_again_n,solvability-pair-0072082-try_again_n:1,solvability,1,9.5,1.45829498916623,0.8333333333333334,0.8333333333333334,0.0,0.0,1.0,0.8333333333333334,0.0,1.0
solvability-pair-0072082-try_again_n,solvability-pair-0072082-try_again_n:2,solvability,2,3.0,1.3497067971113503,0.625,0.625,0.0,0.0,1.0,0.625,0.0,1.0
solvability-pair-0072082-try_again_n,solvability-pair-0072082-try_again_n:3,solvability,3,5.625,2.059676482425659,0.7,0.7,0.0,0.0,2.0,0.7,0.0,2.0
solvability-pair-0072082-try_again_n,solvability-pair-0072082-try_again_n:4,solvability,4,4.125,2.756615584693382,0.75,0.75,0.0,0.0,3.0,0.75,0.0,3.0
solvability-pair-0072082-try_again_n,solvability-pair-0072082-try_again_n:5,solvability,5,1.875,3.4461086395059133,0.7857142857142857,0.7857142857142857,0.0,0.0,4.0,0.7857142857142857,0.0,4.0
solvability-pair-0072088-try_again_m,solvability-pair-0072088-try_again_m:0,solvability,0,3.25,0.5006302003927672,-0.25,-0.25,0.0,1.0,0.0,-0.25,1.0,0.0
solvability-pair-0072088-try_again_m,solvability-pair-0072088-try_again_m:1,solvability,1,7.75,1.2149434133892711,-0.1666666666666666,-0.1666666666666666,0.0,1.0,1.0,-0.1666666666666666,1.0,1.0
solvability-pair-0072088-try_again_m,solvability-pair-0072088-try_again_m:2,solvability,2,4.75,1.907538987974799,-0.125,-0.125,0.0,1.0,2.0,-0.125,1.0,2.0
solvability-pair-0072088-try_again_m,solvability-pair-0072088-try_again_m:3,solvability,3,3.75,2.5914475071959364,-0.0999999999999999,-0.0999999999999999,0.0,1.0,3.0,-0.0999999999999999,1.0,3.0
solvability-pair-0072088-try_again_m,solvability-pair-0072088-try_again_m:4,solvability,4,2.125,3.271012498734879,-0.0833333333333333,-0.0833333333333333,0.0,1.0,4.0,-0.0833333333333333,1.0,4.0
solvability-pair-0072088-try_again_m,solvability-pair-0072088-try_again_m:5,solvability,5,1.375,3.9480954744554237,-0.0714285714285714,-0.0714285714285714,0.0,1.0,5.0,-0.0714285714285714,1.0,5.0
solvability-pair-0072088-try_again_m,solvability-pair-0072088-try_again_m:6,solvability,6,1.5,4.62362719028947,-0.0625,-0.0625,0.0,1.0,6.0,-0.0625,1.0,6.0
solvability-pair-0072088-try_again_n,solvability-pair-0072088-try_again_n:0,solvability,0,1.125,0.5006302003927672,-0.25,-0.25,0.0,1.0,0.0,-0.25,1.0,0.0
solvability-pair-0072088-try_again_n,solvability-pair-0072088-try_again_n:1,solvability,1,8.625,1.2149434133892711,-0.1666666666666666,-0.1666666666666666,0.0,1.0,1.0,-0.1666666666666666,1.0,1.0
solvability-pair-0072088-try_again_n,solvability-pair-0072088-try_again_n:2,solvability,2,6.0,1.907538987974799,-0.125,-0.125,0.0,1.0,2.0,-0.125,1.0,2.0
solvability-pair-0072088-try_again_n,solvability-pair-0072088-try_again_n:3,solvability,3,4.75,2.5914475071959364,-0.0999999999999999,-0.0999999999999999,0.0,1.0,3.0,-0.0999999999999999,1.0,3.0
solvability-pair-0072088-try_again_n,solvability-pair-0072088-try_again_n:4,solvability,4,2.625,3.271012498734879,-0.0833333333333333,-0.0833333333333333,0.0,1.0,4.0,-0.0833333333333333,1.0,4.0
solvability-pair-0072088-try_again_n,solvability-pair-0072088-try_again_n:5,solvability,5,1.125,3.9480954744554237,-0.0714285714285714,-0.0714285714285714,0.0,1.0,5.0,-0.0714285714285714,1.0,5.0
solvability-pair-0072088-try_again_n,solvability-pair-0072088-try_again_n:6,solvability,6,1.25,4.62362719028947,-0.0625,-0.0625,0.0,1.0,6.0,-0.0625,1.0,6.0
solvability-pair-0072101-try_again_m,solvability-pair-0072101-try_again_m:0,solvability,0,0.5,-0.42877069802297685,-1.5,0.5,2.0,0.0,0.0,-1.5,0.0,0.0
solvability-pair-0072101-try_again_m,solvability-pair-0072101-try_again_m:1,solvability,1,6.25,0.3289777917954788,-1.3333333333333337,0.6666666666666666,2.0,0.0,1.0,-1.3333333333333337,0.0,1.0
solvability-pair-0072101-try_again_m,solvability-pair-0072101-try_again_m:2,solvability,2,0.5,0.24210723815157498,-1.5,0.5,2.0,0.0,1.0,-1.5,0.0,1.0
solvability-pair-0072101-try_again_m,solvability-pair-0072101-try_again_m:3,solvability,3,2.25,0.9651075065124692,-1.4,0.6,2.0,0.0,2.0,-1.4,0.0,2.0
solvability-pair-0072101-try_again_n,solvability-pair-0072101-try_again_n:0,solvability,0,-1.0,-0.42877069802297685,-1.5,0.5,2.0,0.0,0.0,-1.5,0.0,0.0
solvability-pair-0072136-try_again_m,solvability-pair-0072136-try_again_m:0,solvability,0,3.25,0.5006302003927672,-0.25,-0.25,0.0,1.0,0.0,-0.25,1.0,0.0
solvability-pair-0072136-try_again_m,solvability-pair-0072136-try_again_m:1,solvability,1,-2.75,0.3703243699269112,-0.5,-0.5,0.0,1.0,0.0,-0.5,1.0,0.0
solvability-pair-0072136-try_again_n,solvability-pair-0072136-try_again_n:0,solvability,0,1.125,0.5006302003927672,-0.25,-0.25,0.0,1.0,0.0,-0.25,1.0,0.0
solvability-pair-0072136-try_again_n,solvability-pair-0072136-try_again_n:1,solvability,1,-2.375,0.3703243699269112,-0.5,-0.5,0.0,1.0,0.0,-0.5,1.0,0.0
solvability-pair-0072137-try_again_m,solvability-pair-0072137-try_again_m:0,solvability,0,0.5,-0.42877069802297685,-1.5,0.5,2.0,0.0,0.0,-1.5,0.0,0.0
solvability-pair-0072137-try_again_m,solvability-pair-0072137-try_again_m:1,solvability,1,6.25,0.3289777917954788,-1.3333333333333337,0.6666666666666666,2.0,0.0,1.0,-1.3333333333333337,0.0,1.0
solvability-pair-0072137-try_again_m,solvability-pair-0072137-try_again_m:2,solvability,2,0.5,0.24210723815157498,-1.5,0.5,2.0,0.0,1.0,-1.5,0.0,1.0
solvability-pair-0072137-try_again_n,solvability-pair-0072137-try_again_n:0,solvability,0,-1.0,-0.42877069802297685,-1.5,0.5,2.0,0.0,0.0,-1.5,0.0,0.0
solvability-pair-0072139-try_again_m,solvability-pair-0072139-try_again_m:0,solvability,0,0.0,0.48337011523801443,0.25,0.25,0.0,0.0,0.0,0.25,0.0,0.0
solvability-pair-0072139-try_again_n,solvability-pair-0072139-try_again_n:0,solvability,0,-1.25,0.48337011523801443,0.25,0.25,0.0,0.0,0.0,0.25,0.0,0.0
solvability-pair-0072146-try_again_m,solvability-pair-0072146-try_again_m:0,solvability,0,0.25,0.3703243699269112,-0.5,-0.5,0.0,1.0,0.0,-0.5,1.0,0.0
solvability-pair-0072146-try_again_m,solvability-pair-0072146-try_again_m:1,solvability,1,-3.375,0.28345381628300725,-0.6666666666666667,-0.6666666666666667,0.0,1.0,0.0,-0.6666666666666667,1.0,0.0
solvability-pair-0072146-try_again_n,solvability-pair-0072146-try_again_n:0,solvability,0,-1.0,0.3703243699269112,-0.5,-0.5,0.0,1.0,0.0,-0.5,1.0,0.0
solvability-pair-0072158-try_again_m,solvability-pair-0072158-try_again_m:0,solvability,0,0.25,0.3703243699269112,-0.5,-0.5,0.0,1.0,0.0,-0.5,1.0,0.0
solvability-pair-0072158-try_again_n,solvability-pair-0072158-try_again_n:0,solvability,0,-1.0,0.3703243699269112,-0.5,-0.5,0.0,1.0,0.0,-0.5,1.0,0.0
solvability-pair-0072159-try_again_m,solvability-pair-0072159-try_again_m:0,solvability,0,-0.75,-0.8024281042657921,-2.75,-0.75,2.0,1.0,0.0,-2.75,1.0,0.0
solvability-pair-0072159-try_again_n,solvability-pair-0072159-try_again_n:0,solvability,0,-1.5,-0.8024281042657921,-2.75,-0.75,2.0,1.0,0.0,-2.75,1.0,0.0
solvability-pair-0072161-try_again_m,solvability-pair-0072161-try_again_m:0,solvability,0,0.5,-0.42877069802297685,-1.5,0.5,2.0,0.0,0.0,-1.5,0.0,0.0
solvability-pair-0072161-try_again_m,solvability-pair-0072161-try_again_m:1,solvability,1,6.25,0.3289777917954788,-1.3333333333333337,0.6666666666666666,2.0,0.0,1.0,-1.3333333333333337,0.0,1.0
solvability-pair-0072161-try_again_m,solvability-pair-0072161-try_again_m:2,solvability,2,2.875,1.0432910047919828,-1.25,0.75,2.0,0.0,2.0,-1.25,0.0,2.0
solvability-pair-0072161-try_again_m,solvability-pair-0072161-try_again_m:3,solvability,3,2.625,1.740230107059706,-1.2,0.8,2.0,0.0,3.0,-1.2,0.0,3.0
solvability-pair-0072161-try_again_m,solvability-pair-0072161-try_again_m:4,solvability,4,2.0,2.4284821539630386,-1.1666666666666663,0.8333333333333334,2.0,0.0,4.0,-1.1666666666666663,0.0,4.0
solvability-pair-0072161-try_again_m,solvability-pair-0072161-try_again_m:5,solvability,5,1.25,3.111770169229577,-1.1428571428571428,0.8571428571428571,2.0,0.0,5.0,-1.1428571428571428,0.0,5.0
solvability-pair-0072161-try_again_m,solvability-pair-0072161-try_again_m:6,solvability,6,-1.25,3.0559248133156385,-1.25,0.75,2.0,0.0,5.0,-1.25,0.0,5.0
solvability-pair-0072161-try_again_n,solvability-pair-0072161-try_again_n:0,solvability,0,-1.0,-0.42877069802297685,-1.5,0.5,2.0,0.0,0.0,-1.5,0.0,0.0
solvability-pair-0072162-try_again_m,solvability-pair-0072162-try_again_m:0,solvability,0,1.125,0.6136759457038703,0.5,0.5,0.0,0.0,0.0,0.5,0.0,0.0
solvability-pair-0072162-try_again_m,solvability-pair-0072162-try_again_m:1,solvability,1,6.875,1.3714244355223262,0.6666666666666666,0.6666666666666666,0.0,0.0,1.0,0.6666666666666666,0.0,1.0
solvability-pair-0072162-try_again_m,solvability-pair-0072162-try_again_m:2,solvability,2,3.375,2.08573764851883,0.75,0.75,0.0,0.0,2.0,0.75,0.0,2.0
solvability-pair-0072162-try_again_m,solvability-pair-0072162-try_again_m:3,solvability,3,3.25,2.7826767507865533,0.8,0.8,0.0,0.0,3.0,0.8,0.0,3.0
solvability-pair-0072162-try_again_m,solvability-pair-0072162-try_again_m:4,solvability,4,-0.125,2.71318030787143,0.6666666666666666,0.6666666666666666,0.0,0.0,3.0,0.6666666666666666,0.0,3.0
solvability-pair-0072162-try_again_m,solvability-pair-0072162-try_again_m:5,solvability,5,1.25,3.4088784022299543,0.7142857142857143,0.7142857142857143,0.0,0.0,4.0,0.7142857142857143,0.0,4.0
solvability-pair-0072162-try_again_n,solvability-pair-0072162-try_again_n:0,solvability,0,-0.625,0.6136759457038703,0.5,0.5,0.0,0.0,0.0,0.5,0.0,0.0
solvability-pair-0072163-try_again_m,solvability-pair-0072163-try_again_m:0,solvability,0,0.0,0.48337011523801443,0.25,0.25,0.0,0.0,0.0,0.25,0.0,0.0
solvability-pair-0072163-try_again_n,solvability-pair-0072163-try_again_n:0,solvability,0,-1.25,0.48337011523801443,0.25,0.25,0.0,0.0,0.0,0.25,0.0,0.0
solvability-pair-0072182-try_again_m,solvability-pair-0072182-try_again_m:0,solvability,0,0.25,0.3703243699269112,-0.5,-0.5,0.0,1.0,0.0,-0.5,1.0,0.0
solvability-pair-0072182-try_again_m,solvability-pair-0072182-try_again_m:1,solvability,1,6.125,1.128072859745367,-0.3333333333333333,-0.3333333333333333,0.0,1.0,1.0,-0.3333333333333333,1.0,1.0
solvability-pair-0072182-try_again_m,solvability-pair-0072182-try_again_m:2,solvability,2,2.875,1.842386072741871,-0.25,-0.25,0.0,1.0,2.0,-0.25,1.0,2.0
solvability-pair-0072182-try_again_m,solvability-pair-0072182-try_again_m:3,solvability,3,0.25,1.7642025744623575,-0.4,-0.4,0.0,1.0,2.0,-0.4,1.0,2.0
solvability-pair-0072182-try_again_n,solvability-pair-0072182-try_again_n:0,solvability,0,-1.0,0.3703243699269112,-0.5,-0.5,0.0,1.0,0.0,-0.5,1.0,0.0
solvability-pair-0072185-try_again_m,solvability-pair-0072185-try_again_m:0,solvability,0,0.5,-0.42877069802297685,-1.5,0.5,2.0,0.0,0.0,-1.5,0.0,0.0
solvability-pair-0072185-try_again_m,solvability-pair-0072185-try_again_m:1,solvability,1,-3.125,-0.5156412516668809,-1.6666666666666667,0.3333333333333333,2.0,0.0,0.0,-1.6666666666666667,0.0,0.0
solvability-pair-0072185-try_again_n,solvability-pair-0072185-try_again_n:0,solvability,0,-1.0,-0.42877069802297685,-1.5,0.5,2.0,0.0,0.0,-1.5,0.0,0.0
solvability-pair-0072185-try_again_n,solvability-pair-0072185-try_again_n:1,solvability,1,-3.5,-0.5156412516668809,-1.6666666666666667,0.3333333333333333,2.0,0.0,0.0,-1.6666666666666667,0.0,0.0
solvability-pair-0072191-try_again_m,solvability-pair-0072191-try_again_m:0,solvability,0,2.75,-0.5418164433340802,-2.25,-0.25,2.0,1.0,0.0,-2.25,1.0,0.0
solvability-pair-0072191-try_again_m,solvability-pair-0072191-try_again_m:1,solvability,1,7.375,0.172496769662424,-2.1666666666666665,-0.1666666666666666,2.0,1.0,1.0,-2.1666666666666665,1.0,1.0
solvability-pair-0072191-try_again_m,solvability-pair-0072191-try_again_m:2,solvability,2,0.625,0.06390857760754387,-2.375,-0.375,2.0,1.0,1.0,-2.375,1.0,1.0
solvability-pair-0072191-try_again_m,solvability-pair-0072191-try_again_m:3,solvability,3,2.5,0.7738782629218528,-2.3,-0.3,2.0,1.0,2.0,-2.3,1.0,2.0
solvability-pair-0072191-try_again_m,solvability-pair-0072191-try_again_m:4,solvability,4,-0.875,0.7130688753711201,-2.4166666666666665,-0.4166666666666666,2.0,1.0,2.0,-2.4166666666666665,1.0,2.0
solvability-pair-0072191-try_again_n,solvability-pair-0072191-try_again_n:0,solvability,0,0.75,-0.5418164433340802,-2.25,-0.25,2.0,1.0,0.0,-2.25,1.0,0.0
solvability-pair-0072191-try_again_n,solvability-pair-0072191-try_again_n:1,solvability,1,7.75,0.172496769662424,-2.1666666666666665,-0.1666666666666666,2.0,1.0,1.0,-2.1666666666666665,1.0,1.0
solvability-pair-0072191-try_again_n,solvability-pair-0072191-try_again_n:2,solvability,2,1.0,0.06390857760754387,-2.375,-0.375,2.0,1.0,1.0,-2.375,1.0,1.0
solvability-pair-0072191-try_again_n,solvability-pair-0072191-try_again_n:3,solvability,3,3.625,0.7738782629218528,-2.3,-0.3,2.0,1.0,2.0,-2.3,1.0,2.0
solvability-pair-0072191-try_again_n,solvability-pair-0072191-try_again_n:4,solvability,4,-0.125,0.7130688753711201,-2.4166666666666665,-0.4166666666666666,2.0,1.0,2.0,-2.4166666666666665,1.0,2.0
solvability-pair-0072191-try_again_n,solvability-pair-0072191-try_again_n:5,solvability,5,-0.875,0.6696335985491679,-2.5,-0.5,2.0,1.0,2.0,-2.5,1.0,2.0
solvability-pair-0072191-try_again_n,solvability-pair-0072191-try_again_n:6,solvability,6,0.875,1.3730879923401837,-2.4375,-0.4375,2.0,1.0,3.0,-2.4375,1.0,3.0
solvability-pair-0072191-try_again_n,solvability-pair-0072191-try_again_n:7,solvability,7,0.0,2.0693031733275413,-2.388888888888889,-0.3888888888888888,2.0,1.0,4.0,-2.388888888888889,1.0,4.0
solvability-pair-0072200-try_again_m,solvability-pair-0072200-try_again_m:0,solvability,0,-0.375,-0.5590765284888328,-1.75,0.25,2.0,0.0,0.0,-1.75,0.0,0.0
solvability-pair-0072200-try_again_n,solvability-pair-0072200-try_again_n:0,solvability,0,-1.375,-0.5590765284888328,-1.75,0.25,2.0,0.0,0.0,-1.75,0.0,0.0
solvability-pair-0072222-try_again_m,solvability-pair-0072222-try_again_m:0,solvability,0,1.125,0.6136759457038703,0.5,0.5,0.0,0.0,0.0,0.5,0.0,0.0
solvability-pair-0072222-try_again_m,solvability-pair-0072222-try_again_m:1,solvability,1,-3.25,0.5268053920599663,0.3333333333333333,0.3333333333333333,0.0,0.0,0.0,0.3333333333333333,0.0,0.0
solvability-pair-0072222-try_again_n,solvability-pair-0072222-try_again_n:0,solvability,0,-0.625,0.6136759457038703,0.5,0.5,0.0,0.0,0.0,0.5,0.0,0.0
solvability-pair-0072229-try_again_m,solvability-pair-0072229-try_again_m:0,solvability,0,-0.125,-0.6721222737999359,-2.5,-0.5,2.0,1.0,0.0,-2.5,1.0,0.0
solvability-pair-0072229-try_again_n,solvability-pair-0072229-try_again_n:0,solvability,0,-1.25,-0.6721222737999359,-2.5,-0.5,2.0,1.0,0.0,-2.5,1.0,0.0
solvability-pair-0072236-try_again_m,solvability-pair-0072236-try_again_m:0,solvability,0,-0.375,-0.5590765284888328,-1.75,0.25,2.0,0.0,0.0,-1.75,0.0,0.0
solvability-pair-0072236-try_again_n,solvability-pair-0072236-try_again_n:0,solvability,0,-1.375,-0.5590765284888328,-1.75,0.25,2.0,0.0,0.0,-1.75,0.0,0.0
solvability-pair-0072241-try_again_m,solvability-pair-0072241-try_again_m:0,solvability,0,-0.125,-0.6721222737999359,-2.5,-0.5,2.0,1.0,0.0,-2.5,1.0,0.0
solvability-pair-0072241-try_again_n,solvability-pair-0072241-try_again_n:0,solvability,0,-1.25,-0.6721222737999359,-2.5,-0.5,2.0,1.0,0.0,-2.5,1.0,0.0
solvability-pair-0072242-try_again_m,solvability-pair-0072242-try_again_m:0,solvability,0,0.25,0.3703243699269112,-0.5,-0.5,0.0,1.0,0.0,-0.5,1.0,0.0
solvability-pair-0072242-try_again_m,solvability-pair-0072242-try_again_m:1,solvability,1,-3.375,0.28345381628300725,-0.6666666666666667,-0.6666666666666667,0.0,1.0,0.0,-0.6666666666666667,1.0,0.0
solvability-pair-0072242-try_again_n,solvability-pair-0072242-try_again_n:0,solvability,0,-1.0,0.3703243699269112,-0.5,-0.5,0.0,1.0,0.0,-0.5,1.0,0.0
solvability-pair-0072251-try_again_m,solvability-pair-0072251-try_again_m:0,solvability,0,2.75,-0.5418164433340802,-2.25,-0.25,2.0,1.0,0.0,-2.25,1.0,0.0
solvability-pair-0072251-try_again_m,solvability-pair-0072251-try_again_m:1,solvability,1,7.375,0.172496769662424,-2.1666666666666665,-0.1666666666666666,2.0,1.0,1.0,-2.1666666666666665,1.0,1.0
solvability-pair-0072251-try_again_m,solvability-pair-0072251-try_again_m:2,solvability,2,0.625,0.06390857760754387,-2.375,-0.375,2.0,1.0,1.0,-2.375,1.0,1.0
solvability-pair-0072251-try_again_m,solvability-pair-0072251-try_again_m:3,solvability,3,-0.25,-0.0012443376253838956,-2.5,-0.5,2.0,1.0,1.0,-2.5,1.0,1.0
solvability-pair-0072251-try_again_m,solvability-pair-0072251-try_again_m:4,solvability,4,1.875,0.7130688753711201,-2.4166666666666665,-0.4166666666666666,2.0,1.0,2.0,-2.4166666666666665,1.0,2.0
solvability-pair-0072251-try_again_m,solvability-pair-0072251-try_again_m:5,solvability,5,0.375,1.4149720092756375,-2.357142857142857,-0.3571428571428571,2.0,1.0,3.0,-2.357142857142857,1.0,3.0
solvability-pair-0072251-try_again_m,solvability-pair-0072251-try_again_m:6,solvability,6,0.75,2.109118843747664,-2.3125,-0.3125,2.0,1.0,4.0,-2.3125,1.0,4.0
solvability-pair-0072251-try_again_n,solvability-pair-0072251-try_again_n:0,solvability,0,0.75,-0.5418164433340802,-2.25,-0.25,2.0,1.0,0.0,-2.25,1.0,0.0
solvability-pair-0072251-try_again_n,solvability-pair-0072251-try_again_n:1,solvability,1,7.75,0.172496769662424,-2.1666666666666665,-0.1666666666666666,2.0,1.0,1.0,-2.1666666666666665,1.0,1.0
solvability-pair-0072251-try_again_n,solvability-pair-0072251-try_again_n:2,solvability,2,1.0,0.06390857760754387,-2.375,-0.375,2.0,1.0,1.0,-2.375,1.0,1.0
solvability-pair-0072251-try_again_n,solvability-pair-0072251-try_again_n:3,solvability,3,0.125,-0.0012443376253838956,-2.5,-0.5,2.0,1.0,1.0,-2.5,1.0,1.0
solvability-pair-0072251-try_again_n,solvability-pair-0072251-try_again_n:4,solvability,4,2.875,0.7130688753711201,-2.4166666666666665,-0.4166666666666666,2.0,1.0,2.0,-2.4166666666666665,1.0,2.0
solvability-pair-0072251-try_again_n,solvability-pair-0072251-try_again_n:5,solvability,5,0.5,1.4149720092756375,-2.357142857142857,-0.3571428571428571,2.0,1.0,3.0,-2.357142857142857,1.0,3.0
solvability-pair-0072251-try_again_n,solvability-pair-0072251-try_again_n:6,solvability,6,0.5,2.109118843747664,-2.3125,-0.3125,2.0,1.0,4.0,-2.3125,1.0,4.0
solvability-pair-0072254-try_again_m,solvability-pair-0072254-try_again_m:0,solvability,0,0.25,0.3703243699269112,-0.5,-0.5,0.0,1.0,0.0,-0.5,1.0,0.0
solvability-pair-0072254-try_again_m,solvability-pair-0072254-try_again_m:1,solvability,1,6.125,1.128072859745367,-0.3333333333333333,-0.3333333333333333,0.0,1.0,1.0,-0.3333333333333333,1.0,1.0
solvability-pair-0072254-try_again_m,solvability-pair-0072254-try_again_m:2,solvability,2,0.25,1.0412023061014632,-0.5,-0.5,0.0,1.0,1.0,-0.5,1.0,1.0
solvability-pair-0072254-try_again_n,solvability-pair-0072254-try_again_n:0,solvability,0,-1.0,0.3703243699269112,-0.5,-0.5,0.0,1.0,0.0,-0.5,1.0,0.0
solvability-pair-0072255-try_again_m,solvability-pair-0072255-try_again_m:0,solvability,0,-0.75,-0.8024281042657921,-2.75,-0.75,2.0,1.0,0.0,-2.75,1.0,0.0
solvability-pair-0072255-try_again_n,solvability-pair-0072255-try_again_n:0,solvability,0,-1.5,-0.8024281042657921,-2.75,-0.75,2.0,1.0,0.0,-2.75,1.0,0.0
solvability-pair-0072257-try_again_m,solvability-pair-0072257-try_again_m:0,solvability,0,0.5,-0.42877069802297685,-1.5,0.5,2.0,0.0,0.0,-1.5,0.0,0.0
solvability-pair-0072257-try_again_m,solvability-pair-0072257-try_again_m:1,solvability,1,-3.125,-0.5156412516668809,-1.6666666666666667,0.3333333333333333,2.0,0.0,0.0,-1.6666666666666667,0.0,0.0
solvability-pair-0072257-try_again_n,solvability-pair-0072257-try_again_n:0,solvability,0,-1.0,-0.42877069802297685,-1.5,0.5,2.0,0.0,0.0,-1.5,0.0,0.0
solvability-pair-0072261-try_again_m,solvability-pair-0072261-try_again_m:0,solvability,0,-0.5,0.24001853946105522,-0.75,-0.75,0.0,1.0,0.0,-0.75,1.0,0.0
solvability-pair-0072261-try_again_m,solvability-pair-0072261-try_again_m:1,solvability,1,-3.625,0.1965832626391033,-0.8333333333333334,-0.8333333333333334,0.0,1.0,0.0,-0.8333333333333334,1.0,0.0
solvability-pair-0072261-try_again_n,solvability-pair-0072261-try_again_n:0,solvability,0,-1.25,0.24001853946105522,-0.75,-0.75,0.0,1.0,0.0,-0.75,1.0,0.0
solvability-pair-0072261-try_again_n,solvability-pair-0072261-try_again_n:1,solvability,1,-3.875,0.1965832626391033,-0.8333333333333334,-0.8333333333333334,0.0,1.0,0.0,-0.8333333333333334,1.0,0.0
solvability-pair-0072268-try_again_m,solvability-pair-0072268-try_again_m:0,solvability,0,3.25,0.5006302003927672,-0.25,-0.25,0.0,1.0,0.0,-0.25,1.0,0.0
solvability-pair-0072268-try_again_m,solvability-pair-0072268-try_again_m:1,solvability,1,7.75,1.2149434133892711,-0.1666666666666666,-0.1666666666666666,0.0,1.0,1.0,-0.1666666666666666,1.0,1.0
solvability-pair-0072268-try_again_m,solvability-pair-0072268-try_again_m:2,solvability,2,4.75,1.907538987974799,-0.125,-0.125,0.0,1.0,2.0,-0.125,1.0,2.0
solvability-pair-0072268-try_again_m,solvability-pair-0072268-try_again_m:3,solvability,3,3.75,2.5914475071959364,-0.0999999999999999,-0.0999999999999999,0.0,1.0,3.0,-0.0999999999999999,1.0,3.0
solvability-pair-0072268-try_again_m,solvability-pair-0072268-try_again_m:4,solvability,4,2.125,3.271012498734879,-0.0833333333333333,-0.0833333333333333,0.0,1.0,4.0,-0.0833333333333333,1.0,4.0
solvability-pair-0072268-try_again_m,solvability-pair-0072268-try_again_m:5,solvability,5,1.375,3.9480954744554237,-0.0714285714285714,-0.0714285714285714,0.0,1.0,5.0,-0.0714285714285714,1.0,5.0
solvability-pair-0072268-try_again_m,solvability-pair-0072268-try_again_m:6,solvability,6,1.5,4.62362719028947,-0.0625,-0.0625,0.0,1.0,6.0,-0.0625,1.0,6.0
solvability-pair-0072268-try_again_n,solvability-pair-0072268-try_again_n:0,solvability,0,1.125,0.5006302003927672,-0.25,-0.25,0.0,1.0,0.0,-0.25,1.0,0.0
solvability-pair-0072268-try_again_n,solvability-pair-0072268-try_again_n:1,solvability,1,8.625,1.2149434133892711,-0.1666666666666666,-0.1666666666666666,0.0,1.0,1.0,-0.1666666666666666,1.0,1.0
solvability-pair-0072268-try_again_n,solvability-pair-0072268-try_again_n:2,solvability,2,6.0,1.907538987974799,-0.125,-0.125,0.0,1.0,2.0,-0.125,1.0,2.0
solvability-pair-0072268-try_again_n,solvability-pair-0072268-try_again_n:3,solvability,3,4.75,2.5914475071959364,-0.0999999999999999,-0.0999999999999999,0.0,1.0,3.0,-0.0999999999999999,1.0,3.0
solvability-pair-0072268-try_again_n,solvability-pair-0072268-try_again_n:4,solvability,4,2.625,3.271012498734879,-0.0833333333333333,-0.0833333333333333,0.0,1.0,4.0,-0.0833333333333333,1.0,4.0
solvability-pair-0072268-try_again_n,solvability-pair-0072268-try_again_n:5,solvability,5,1.125,3.9480954744554237,-0.0714285714285714,-0.0714285714285714,0.0,1.0,5.0,-0.0714285714285714,1.0,5.0
solvability-pair-0072268-try_again_n,solvability-pair-0072268-try_again_n:6,solvability,6,1.25,4.62362719028947,-0.0625,-0.0625,0.0,1.0,6.0,-0.0625,1.0,6.0
solvability-pair-0072298-try_again_m,solvability-pair-0072298-try_again_m:0,solvability,0,4.125,0.7439817761697263,0.75,0.75,0.0,0.0,0.0,0.75,0.0,0.0
solvability-pair-0072298-try_again_m,solvability-pair-0072298-try_again_m:1,solvability,1,8.5,1.45829498916623,0.8333333333333334,0.8333333333333334,0.0,0.0,1.0,0.8333333333333334,0.0,1.0
solvability-pair-0072298-try_again_m,solvability-pair-0072298-try_again_m:2,solvability,2,5.75,2.150890563751758,0.875,0.875,0.0,0.0,2.0,0.875,0.0,2.0
solvability-pair-0072298-try_again_m,solvability-pair-0072298-try_again_m:3,solvability,3,5.125,2.8347990829728955,0.9,0.9,0.0,0.0,3.0,0.9,0.0,3.0
solvability-pair-0072298-try_again_m,solvability-pair-0072298-try_again_m:4,solvability,4,0.625,2.756615584693382,0.75,0.75,0.0,0.0,3.0,0.75,0.0,3.0
solvability-pair-0072298-try_again_n,solvability-pair-0072298-try_again_n:0,solvability,0,1.5,0.7439817761697263,0.75,0.75,0.0,0.0,0.0,0.75,0.0,0.0
solvability-pair-0072298-try_again_n,solvability-pair-0072298-try_again_n:1,solvability,1,9.5,1.45829498916623,0.8333333333333334,0.8333333333333334,0.0,0.0,1.0,0.8333333333333334,0.0,1.0
solvability-pair-0072298-try_again_n,solvability-pair-0072298-try_again_n:2,solvability,2,7.0,2.150890563751758,0.875,0.875,0.0,0.0,2.0,0.875,0.0,2.0
solvability-pair-0072298-try_again_n,solvability-pair-0072298-try_again_n:3,solvability,3,6.25,2.8347990829728955,0.9,0.9,0.0,0.0,3.0,0.9,0.0,3.0
solvability-pair-0072298-try_again_n,solvability-pair-0072298-try_again_n:4,solvability,4,0.625,2.756615584693382,0.75,0.75,0.0,0.0,3.0,0.75,0.0,3.0
solvability-pair-0072310-try_again_m,solvability-pair-0072310-try_again_m:0,solvability,0,4.125,0.7439817761697263,0.75,0.75,0.0,0.0,0.0,0.75,0.0,0.0
solvability-pair-0072310-try_again_m,solvability-pair-0072310-try_again_m:1,solvability,1,-2.125,0.6136759457038703,0.5,0.5,0.0,0.0,0.0,0.5,0.0,0.0
solvability-pair-0072310-try_again_n,solvability-pair-0072310-try_again_n:0,solvability,0,1.5,0.7439817761697263,0.75,0.75,0.0,0.0,0.0,0.75,0.0,0.0
solvability-pair-0072310-try_again_n,solvability-pair-0072310-try_again_n:1,solvability,1,-1.875,0.6136759457038703,0.5,0.5,0.0,0.0,0.0,0.5,0.0,0.0
solvability-pair-0072313-try_again_m,solvability-pair-0072313-try_again_m:0,solvability,0,-0.125,-0.6721222737999359,-2.5,-0.5,2.0,1.0,0.0,-2.5,1.0,0.0
solvability-pair-0072313-try_again_n,solvability-pair-0072313-try_again_n:0,solvability,0,-1.25,-0.6721222737999359,-2.5,-0.5,2.0,1.0,0.0,-2.5,1.0,0.0
solvability-pair-0072314-try_again_m,solvability-pair-0072314-try_again_m:0,solvability,0,0.25,0.3703243699269112,-0.5,-0.5,0.0,1.0,0.0,-0.5,1.0,0.0
solvability-pair-0072314-try_again_n,solvability-pair-0072314-try_again_n:0,solvability,0,-1.0,0.3703243699269112,-0.5,-0.5,0.0,1.0,0.0,-0.5,1.0,0.0
solvability-pair-0072317-try_again_m,solvability-pair-0072317-try_again_m:0,solvability,0,0.5,-0.42877069802297685,-1.5,0.5,2.0,0.0,0.0,-1.5,0.0,0.0
solvability-pair-0072317-try_again_m,solvability-pair-0072317-try_again_m:1,solvability,1,6.25,0.3289777917954788,-1.3333333333333337,0.6666666666666666,2.0,0.0,1.0,-1.3333333333333337,0.0,1.0
solvability-pair-0072317-try_again_m,solvability-pair-0072317-try_again_m:2,solvability,2,0.5,0.24210723815157498,-1.5,0.5,2.0,0.0,1.0,-1.5,0.0,1.0
solvability-pair-0072317-try_again_m,solvability-pair-0072317-try_again_m:3,solvability,3,2.25,0.9651075065124692,-1.4,0.6,2.0,0.0,2.0,-1.4,0.0,2.0
solvability-pair-0072317-try_again_m,solvability-pair-0072317-try_again_m:4,solvability,4,2.25,1.6707336641445827,-1.3333333333333337,0.6666666666666666,2.0,0.0,3.0,-1.3333333333333337,0.0,3.0
solvability-pair-0072317-try_again_m,solvability-pair-0072317-try_again_m:5,solvability,5,1.125,2.3664317585031074,-1.2857142857142856,0.7142857142857143,2.0,0.0,4.0,-1.2857142857142856,0.0,4.0
solvability-pair-0072317-try_again_n,solvability-pair-0072317-try_again_n:0,solvability,0,-1.0,-0.42877069802297685,-1.5,0.5,2.0,0.0,0.0,-1.5,0.0,0.0
solvability-pair-0072317-try_again_n,solvability-pair-0072317-try_again_n:1,solvability,1,6.25,0.3289777917954788,-1.3333333333333337,0.6666666666666666,2.0,0.0,1.0,-1.3333333333333337,0.0,1.0
solvability-pair-0072317-try_again_n,solvability-pair-0072317-try_again_n:2,solvability,2,1.375,0.24210723815157498,-1.5,0.5,2.0,0.0,1.0,-1.5,0.0,1.0
solvability-pair-0072317-try_again_n,solvability-pair-0072317-try_again_n:3,solvability,3,3.375,0.9651075065124692,-1.4,0.6,2.0,0.0,2.0,-1.4,0.0,2.0
solvability-pair-0072317-try_again_n,solvability-pair-0072317-try_again_n:4,solvability,4,2.125,1.6707336641445827,-1.3333333333333337,0.6666666666666666,2.0,0.0,3.0,-1.3333333333333337,0.0,3.0
solvability-pair-0072317-try_again_n,solvability-pair-0072317-try_again_n:5,solvability,5,1.125,2.3664317585031074,-1.2857142857142856,0.7142857142857143,2.0,0.0,4.0,-1.2857142857142856,0.0,4.0
solvability-pair-0072321-try_again_m,solvability-pair-0072321-try_again_m:0,solvability,0,-0.5,0.24001853946105522,-0.75,-0.75,0.0,1.0,0.0,-0.75,1.0,0.0
solvability-pair-0072321-try_again_m,solvability-pair-0072321-try_again_m:1,solvability,1,-3.625,0.1965832626391033,-0.8333333333333334,-0.8333333333333334,0.0,1.0,0.0,-0.8333333333333334,1.0,0.0
solvability-pair-0072321-try_again_n,solvability-pair-0072321-try_again_n:0,solvability,0,-1.25,0.24001853946105522,-0.75,-0.75,0.0,1.0,0.0,-0.75,1.0,0.0
solvability-pair-0072321-try_again_n,solvability-pair-0072321-try_again_n:1,solvability,1,-3.875,0.1965832626391033,-0.8333333333333334,-0.8333333333333334,0.0,1.0,0.0,-0.8333333333333334,1.0,0.0
solvability-pair-0072323-try_again_m,solvability-pair-0072323-try_again_m:0,solvability,0,2.75,-0.5418164433340802,-2.25,-0.25,2.0,1.0,0.0,-2.25,1.0,0.0
solvability-pair-0072323-try_again_m,solvability-pair-0072323-try_again_m:1,solvability,1,7.375,0.172496769662424,-2.1666666666666665,-0.1666666666666666,2.0,1.0,1.0,-2.1666666666666665,1.0,1.0
solvability-pair-0072323-try_again_m,solvability-pair-0072323-try_again_m:2,solvability,2,0.625,0.06390857760754387,-2.375,-0.375,2.0,1.0,1.0,-2.375,1.0,1.0
solvability-pair-0072323-try_again_n,solvability-pair-0072323-try_again_n:0,solvability,0,0.75,-0.5418164433340802,-2.25,-0.25,2.0,1.0,0.0,-2.25,1.0,0.0
solvability-pair-0072323-try_again_n,solvability-pair-0072323-try_again_n:1,solvability,1,7.75,0.172496769662424,-2.1666666666666665,-0.1666666666666666,2.0,1.0,1.0,-2.1666666666666665,1.0,1.0
solvability-pair-0072323-try_again_n,solvability-pair-0072323-try_again_n:2,solvability,2,1.0,0.06390857760754387,-2.375,-0.375,2.0,1.0,1.0,-2.375,1.0,1.0
solvability-pair-0072323-try_again_n,solvability-pair-0072323-try_again_n:3,solvability,3,3.625,0.7738782629218528,-2.3,-0.3,2.0,1.0,2.0,-2.3,1.0,2.0
solvability-pair-0072323-try_again_n,solvability-pair-0072323-try_again_n:4,solvability,4,2.125,1.4708173651895757,-2.25,-0.25,2.0,1.0,3.0,-2.25,1.0,3.0
solvability-pair-0072323-try_again_n,solvability-pair-0072323-try_again_n:5,solvability,5,1.125,2.160310420002107,-2.2142857142857144,-0.2142857142857143,2.0,1.0,4.0,-2.2142857142857144,1.0,4.0
solvability-pair-0072323-try_again_n,solvability-pair-0072323-try_again_n:6,solvability,6,1.125,2.8451496951551434,-2.1875,-0.1875,2.0,1.0,5.0,-2.1875,1.0,5.0
solvability-pair-0072331-try_again_m,solvability-pair-0072331-try_again_m:0,solvability,0,0.0,0.48337011523801443,0.25,0.25,0.0,0.0,0.0,0.25,0.0,0.0
solvability-pair-0072331-try_again_n,solvability-pair-0072331-try_again_n:0,solvability,0,-1.25,0.48337011523801443,0.25,0.25,0.0,0.0,0.0,0.25,0.0,0.0
solvability-pair-0072336-try_again_m,solvability-pair-0072336-try_again_m:0,solvability,0,3.75,-0.2984648675571211,-1.25,0.75,2.0,0.0,0.0,-1.25,0.0,0.0
solvability-pair-0072336-try_again_m,solvability-pair-0072336-try_again_m:1,solvability,1,8.0,0.4158483454393831,-1.1666666666666663,0.8333333333333334,2.0,0.0,1.0,-1.1666666666666663,0.0,1.0
solvability-pair-0072336-try_again_m,solvability-pair-0072336-try_again_m:2,solvability,2,4.875,1.1084439200249108,-1.125,0.875,2.0,0.0,2.0,-1.125,0.0,2.0
solvability-pair-0072336-try_again_m,solvability-pair-0072336-try_again_m:3,solvability,3,4.25,1.7923524392460481,-1.1,0.9,2.0,0.0,3.0,-1.1,0.0,3.0
solvability-pair-0072336-try_again_m,solvability-pair-0072336-try_again_m:4,solvability,4,0.25,1.7141689409665348,-1.25,0.75,2.0,0.0,3.0,-1.25,0.0,3.0
solvability-pair-0072336-try_again_m,solvability-pair-0072336-try_again_m:5,solvability,5,1.75,2.403661995779066,-1.2142857142857144,0.7857142857142857,2.0,0.0,4.0,-1.2142857142857144,0.0,4.0
solvability-pair-0072336-try_again_m,solvability-pair-0072336-try_again_m:6,solvability,6,-0.5,2.3524704195246224,-1.3125,0.6875,2.0,0.0,4.0,-1.3125,0.0,4.0
solvability-pair-0072336-try_again_n,solvability-pair-0072336-try_again_n:0,solvability,0,1.25,-0.2984648675571211,-1.25,0.75,2.0,0.0,0.0,-1.25,0.0,0.0
solvability-pair-0072336-try_again_n,solvability-pair-0072336-try_again_n:1,solvability,1,8.375,0.4158483454393831,-1.1666666666666663,0.8333333333333334,2.0,0.0,1.0,-1.1666666666666663,0.0,1.0
solvability-pair-0072336-try_again_n,solvability-pair-0072336-try_again_n:2,solvability,2,5.375,1.1084439200249108,-1.125,0.875,2.0,0.0,2.0,-1.125,0.0,2.0
solvability-pair-0072336-try_again_n,solvability-pair-0072336-try_again_n:3,solvability,3,4.375,1.7923524392460481,-1.1,0.9,2.0,0.0,3.0,-1.1,0.0,3.0
solvability-pair-0072336-try_again_n,solvability-pair-0072336-try_again_n:4,solvability,4,0.0,1.7141689409665348,-1.25,0.75,2.0,0.0,3.0,-1.25,0.0,3.0
solvability-pair-0072336-try_again_n,solvability-pair-0072336-try_again_n:5,solvability,5,2.375,2.403661995779066,-1.2142857142857144,0.7857142857142857,2.0,0.0,4.0,-1.2142857142857144,0.0,4.0
solvability-pair-0072336-try_again_n,solvability-pair-0072336-try_again_n:6,solvability,6,-0.375,2.3524704195246224,-1.3125,0.6875,2.0,0.0,4.0,-1.3125,0.0,4.0
solvability-pair-0072356-try_again_m,solvability-pair-0072356-try_again_m:0,solvability,0,-0.375,-0.5590765284888328,-1.75,0.25,2.0,0.0,0.0,-1.75,0.0,0.0
solvability-pair-0072356-try_again_m,solvability-pair-0072356-try_again_m:1,solvability,1,-3.375,-0.602511805310785,-1.8333333333333333,0.1666666666666666,2.0,0.0,0.0,-1.8333333333333333,0.0,0.0
solvability-pair-0072356-try_again_n,solvability-pair-0072356-try_again_n:0,solvability,0,-1.375,-0.5590765284888328,-1.75,0.25,2.0,0.0,0.0,-1.75,0.0,0.0
solvability-pair-0072362-try_again_m,solvability-pair-0072362-try_again_m:0,solvability,0,0.25,0.3703243699269112,-0.5,-0.5,0.0,1.0,0.0,-0.5,1.0,0.0
solvability-pair-0072362-try_again_n,solvability-pair-0072362-try_again_n:0,solvability,0,-1.0,0.3703243699269112,-0.5,-0.5,0.0,1.0,0.0,-0.5,1.0,0.0
solvability-pair-0072370-try_again_m,solvability-pair-0072370-try_again_m:0,solvability,0,4.125,0.7439817761697263,0.75,0.75,0.0,0.0,0.0,0.75,0.0,0.0
solvability-pair-0072370-try_again_m,solvability-pair-0072370-try_again_m:1,solvability,1,8.5,1.45829498916623,0.8333333333333334,0.8333333333333334,0.0,0.0,1.0,0.8333333333333334,0.0,1.0
solvability-pair-0072370-try_again_m,solvability-pair-0072370-try_again_m:2,solvability,2,5.75,2.150890563751758,0.875,0.875,0.0,0.0,2.0,0.875,0.0,2.0
solvability-pair-0072370-try_again_m,solvability-pair-0072370-try_again_m:3,solvability,3,5.125,2.8347990829728955,0.9,0.9,0.0,0.0,3.0,0.9,0.0,3.0
solvability-pair-0072370-try_again_m,solvability-pair-0072370-try_again_m:4,solvability,4,0.625,2.756615584693382,0.75,0.75,0.0,0.0,3.0,0.75,0.0,3.0
solvability-pair-0072370-try_again_n,solvability-pair-0072370-try_again_n:0,solvability,0,1.5,0.7439817761697263,0.75,0.75,0.0,0.0,0.0,0.75,0.0,0.0
solvability-pair-0072370-try_again_n,solvability-pair-0072370-try_again_n:1,solvability,1,9.5,1.45829498916623,0.8333333333333334,0.8333333333333334,0.0,0.0,1.0,0.8333333333333334,0.0,1.0
solvability-pair-0072370-try_again_n,solvability-pair-0072370-try_again_n:2,solvability,2,7.0,2.150890563751758,0.875,0.875,0.0,0.0,2.0,0.875,0.0,2.0
solvability-pair-0072370-try_again_n,solvability-pair-0072370-try_again_n:3,solvability,3,6.25,2.8347990829728955,0.9,0.9,0.0,0.0,3.0,0.9,0.0,3.0
solvability-pair-0072370-try_again_n,solvability-pair-0072370-try_again_n:4,solvability,4,0.625,2.756615584693382,0.75,0.75,0.0,0.0,3.0,0.75,0.0,3.0
solvability-pair-0072371-try_again_m,solvability-pair-0072371-try_again_m:0,solvability,0,2.75,-0.5418164433340802,-2.25,-0.25,2.0,1.0,0.0,-2.25,1.0,0.0
solvability-pair-0072371-try_again_m,solvability-pair-0072371-try_again_m:1,solvability,1,7.375,0.172496769662424,-2.1666666666666665,-0.1666666666666666,2.0,1.0,1.0,-2.1666666666666665,1.0,1.0
solvability-pair-0072371-try_again_m,solvability-pair-0072371-try_again_m:2,solvability,2,3.75,0.8650923442479517,-2.125,-0.125,2.0,1.0,2.0,-2.125,1.0,2.0
solvability-pair-0072371-try_again_m,solvability-pair-0072371-try_again_m:3,solvability,3,2.75,1.549000863469089,-2.1,-0.0999999999999999,2.0,1.0,3.0,-2.1,1.0,3.0
solvability-pair-0072371-try_again_m,solvability-pair-0072371-try_again_m:4,solvability,4,1.625,2.2285658550080316,-2.0833333333333335,-0.0833333333333333,2.0,1.0,4.0,-2.0833333333333335,1.0,4.0
solvability-pair-0072371-try_again_m,solvability-pair-0072371-try_again_m:5,solvability,5,-1.75,2.160310420002107,-2.2142857142857144,-0.2142857142857143,2.0,1.0,4.0,-2.2142857142857144,1.0,4.0
solvability-pair-0072371-try_again_n,solvability-pair-0072371-try_again_n:0,solvability,0,0.75,-0.5418164433340802,-2.25,-0.25,2.0,1.0,0.0,-2.25,1.0,0.0
solvability-pair-0072371-try_again_n,solvability-pair-0072371-try_again_n:1,solvability,1,7.75,0.172496769662424,-2.1666666666666665,-0.1666666666666666,2.0,1.0,1.0,-2.1666666666666665,1.0,1.0
solvability-pair-0072371-try_again_n,solvability-pair-0072371-try_again_n:2,solvability,2,5.0,0.8650923442479517,-2.125,-0.125,2.0,1.0,2.0,-2.125,1.0,2.0
solvability-pair-0072371-try_again_n,solvability-pair-0072371-try_again_n:3,solvability,3,3.875,1.549000863469089,-2.1,-0.0999999999999999,2.0,1.0,3.0,-2.1,1.0,3.0
solvability-pair-0072371-try_again_n,solvability-pair-0072371-try_again_n:4,solvability,4,1.875,2.2285658550080316,-2.0833333333333335,-0.0833333333333333,2.0,1.0,4.0,-2.0833333333333335,1.0,4.0
solvability-pair-0072371-try_again_n,solvability-pair-0072371-try_again_n:5,solvability,5,-2.0,2.160310420002107,-2.2142857142857144,-0.2142857142857143,2.0,1.0,4.0,-2.2142857142857144,1.0,4.0
solvability-pair-0072374-try_again_m,solvability-pair-0072374-try_again_m:0,solvability,0,0.25,0.3703243699269112,-0.5,-0.5,0.0,1.0,0.0,-0.5,1.0,0.0
solvability-pair-0072374-try_again_n,solvability-pair-0072374-try_again_n:0,solvability,0,-1.0,0.3703243699269112,-0.5,-0.5,0.0,1.0,0.0,-0.5,1.0,0.0
solvability-pair-0072379-try_again_m,solvability-pair-0072379-try_again_m:0,solvability,0,0.0,0.48337011523801443,0.25,0.25,0.0,0.0,0.0,0.25,0.0,0.0
solvability-pair-0072379-try_again_n,solvability-pair-0072379-try_again_n:0,solvability,0,-1.25,0.48337011523801443,0.25,0.25,0.0,0.0,0.0,0.25,0.0,0.0
solvability-pair-0072384-try_again_m,solvability-pair-0072384-try_again_m:0,solvability,0,3.75,-0.2984648675571211,-1.25,0.75,2.0,0.0,0.0,-1.25,0.0,0.0
solvability-pair-0072384-try_again_m,solvability-pair-0072384-try_again_m:1,solvability,1,8.0,0.4158483454393831,-1.1666666666666663,0.8333333333333334,2.0,0.0,1.0,-1.1666666666666663,0.0,1.0
solvability-pair-0072384-try_again_m,solvability-pair-0072384-try_again_m:2,solvability,2,4.875,1.1084439200249108,-1.125,0.875,2.0,0.0,2.0,-1.125,0.0,2.0
solvability-pair-0072384-try_again_m,solvability-pair-0072384-try_again_m:3,solvability,3,0.625,1.0172298386988117,-1.3,0.7,2.0,0.0,2.0,-1.3,0.0,2.0
solvability-pair-0072384-try_again_m,solvability-pair-0072384-try_again_m:4,solvability,4,2.375,1.7141689409665348,-1.25,0.75,2.0,0.0,3.0,-1.25,0.0,3.0
solvability-pair-0072384-try_again_m,solvability-pair-0072384-try_again_m:5,solvability,5,-0.375,1.6583235850525964,-1.3571428571428572,0.6428571428571429,2.0,0.0,3.0,-1.3571428571428572,0.0,3.0
solvability-pair-0072384-try_again_m,solvability-pair-0072384-try_again_m:6,solvability,6,-1.0,1.6164395681171428,-1.4375,0.5625,2.0,0.0,3.0,-1.4375,0.0,3.0
solvability-pair-0072384-try_again_n,solvability-pair-0072384-try_again_n:0,solvability,0,1.25,-0.2984648675571211,-1.25,0.75,2.0,0.0,0.0,-1.25,0.0,0.0
solvability-pair-0072384-try_again_n,solvability-pair-0072384-try_again_n:1,solvability,1,8.375,0.4158483454393831,-1.1666666666666663,0.8333333333333334,2.0,0.0,1.0,-1.1666666666666663,0.0,1.0
solvability-pair-0072384-try_again_n,solvability-pair-0072384-try_again_n:2,solvability,2,5.375,1.1084439200249108,-1.125,0.875,2.0,0.0,2.0,-1.125,0.0,2.0
solvability-pair-0072384-try_again_n,solvability-pair-0072384-try_again_n:3,solvability,3,0.25,1.0172298386988117,-1.3,0.7,2.0,0.0,2.0,-1.3,0.0,2.0
solvability-pair-0072384-try_again_n,solvability-pair-0072384-try_again_n:4,solvability,4,2.5,1.7141689409665348,-1.25,0.75,2.0,0.0,3.0,-1.25,0.0,3.0
solvability-pair-0072384-try_again_n,solvability-pair-0072384-try_again_n:5,solvability,5,-0.25,1.6583235850525964,-1.3571428571428572,0.6428571428571429,2.0,0.0,3.0,-1.3571428571428572,0.0,3.0
solvability-pair-0072384-try_again_n,solvability-pair-0072384-try_again_n:6,solvability,6,-0.75,1.6164395681171428,-1.4375,0.5625,2.0,0.0,3.0,-1.4375,0.0,3.0
solvability-pair-0072389-try_again_m,solvability-pair-0072389-try_again_m:0,solvability,0,0.5,-0.42877069802297685,-1.5,0.5,2.0,0.0,0.0,-1.5,0.0,0.0
solvability-pair-0072389-try_again_m,solvability-pair-0072389-try_again_m:1,solvability,1,6.25,0.3289777917954788,-1.3333333333333337,0.6666666666666666,2.0,0.0,1.0,-1.3333333333333337,0.0,1.0
solvability-pair-0072389-try_again_m,solvability-pair-0072389-try_again_m:2,solvability,2,0.5,0.24210723815157498,-1.5,0.5,2.0,0.0,1.0,-1.5,0.0,1.0
solvability-pair-0072389-try_again_n,solvability-pair-0072389-try_again_n:0,solvability,0,-1.0,-0.42877069802297685,-1.5,0.5,2.0,0.0,0.0,-1.5,0.0,0.0
solvability-pair-0072389-try_again_n,solvability-pair-0072389-try_again_n:1,solvability,1,6.25,0.3289777917954788,-1.3333333333333337,0.6666666666666666,2.0,0.0,1.0,-1.3333333333333337,0.0,1.0
solvability-pair-0072389-try_again_n,solvability-pair-0072389-try_again_n:2,solvability,2,1.375,0.24210723815157498,-1.5,0.5,2.0,0.0,1.0,-1.5,0.0,1.0
solvability-pair-0072389-try_again_n,solvability-pair-0072389-try_again_n:3,solvability,3,-0.25,0.18998490596523254,-1.6,0.4,2.0,0.0,1.0,-1.6,0.0,1.0
solvability-pair-0072391-try_again_m,solvability-pair-0072391-try_again_m:0,solvability,0,0.0,0.48337011523801443,0.25,0.25,0.0,0.0,0.0,0.25,0.0,0.0
solvability-pair-0072391-try_again_n,solvability-pair-0072391-try_again_n:0,solvability,0,-1.25,0.48337011523801443,0.25,0.25,0.0,0.0,0.0,0.25,0.0,0.0
solvability-pair-0072393-try_again_m,solvability-pair-0072393-try_again_m:0,solvability,0,-0.5,0.24001853946105522,-0.75,-0.75,0.0,1.0,0.0,-0.75,1.0,0.0
solvability-pair-0072393-try_again_n,solvability-pair-0072393-try_again_n:0,solvability,0,-1.25,0.24001853946105522,-0.75,-0.75,0.0,1.0,0.0,-0.75,1.0,0.0
solvability-pair-0072394-try_again_m,solvability-pair-0072394-try_again_m:0,solvability,0,4.125,0.7439817761697263,0.75,0.75,0.0,0.0,0.0,0.75,0.0,0.0
solvability-pair-0072394-try_again_m,solvability-pair-0072394-try_again_m:1,solvability,1,8.5,1.45829498916623,0.8333333333333334,0.8333333333333334,0.0,0.0,1.0,0.8333333333333334,0.0,1.0
solvability-pair-0072394-try_again_m,solvability-pair-0072394-try_again_m:2,solvability,2,1.625,1.3497067971113503,0.625,0.625,0.0,0.0,1.0,0.625,0.0,1.0
solvability-pair-0072394-try_again_m,solvability-pair-0072394-try_again_m:3,solvability,3,-0.125,1.2845538818784223,0.5,0.5,0.0,0.0,1.0,0.5,0.0,1.0
solvability-pair-0072394-try_again_m,solvability-pair-0072394-try_again_m:4,solvability,4,2.875,1.998867094874926,0.5833333333333334,0.5833333333333334,0.0,0.0,2.0,0.5833333333333334,0.0,2.0
solvability-pair-0072394-try_again_m,solvability-pair-0072394-try_again_m:5,solvability,5,1.75,2.7007702287794437,0.6428571428571429,0.6428571428571429,0.0,0.0,3.0,0.6428571428571429,0.0,3.0
solvability-pair-0072394-try_again_m,solvability-pair-0072394-try_again_m:6,solvability,6,1.625,3.39491706325147,0.6875,0.6875,0.0,0.0,4.0,0.6875,0.0,4.0
solvability-pair-0072394-try_again_n,solvability-pair-0072394-try_again_n:0,solvability,0,1.5,0.7439817761697263,0.75,0.75,0.0,0.0,0.0,0.75,0.0,0.0
solvability-pair-0072404-try_again_m,solvability-pair-0072404-try_again_m:0,solvability,0,-0.375,-0.5590765284888328,-1.75,0.25,2.0,0.0,0.0,-1.75,0.0,0.0
solvability-pair-0072404-try_again_n,solvability-pair-0072404-try_again_n:0,solvability,0,-1.375,-0.5590765284888328,-1.75,0.25,2.0,0.0,0.0,-1.75,0.0,0.0
