episode_id,state_id,task,round,observed_persistence_logit,predicted_persistence_logit,termination_advantage,estimated_continue_value,estimated_outside_value,cost_component,progress_component,choice_kernel
seed-12026-pa-0.65-pb-0.20,seed-12026-pa-0.65-pb-0.20:0,bandit,0,4.203889734292549,1.367647220698613,0.5,0.5,0.0,0.0,0.0,0.0
seed-12026-pa-0.65-pb-0.20,seed-12026-pa-0.65-pb-0.20:1,bandit,1,3.0075990353171704,1.5357002752100228,0.5,0.5,0.0,0.0,-2.0,1.0
seed-12026-pa-0.65-pb-0.20,seed-12026-pa-0.65-pb-0.20:2,bandit,2,3.7234445810050545,1.695350676995862,0.5,0.5,0.0,0.0,3.0,1.95
seed-12026-pa-0.65-pb-0.20,seed-12026-pa-0.65-pb-0.20:3,bandit,3,3.2234445810050545,2.332469296505109,1.3333333333333337,1.3333333333333337,0.0,0.0,3.0,2.8525
seed-12026-pa-0.65-pb-0.20,seed-12026-pa-0.65-pb-0.20:4,bandit,4,1.4287006782765204,2.4765537841168292,1.3333333333333337,1.3333333333333337,0.0,0.0,-2.0,3.709875
seed-12026-pa-0.65-pb-0.20,seed-12026-pa-0.65-pb-0.20:5,bandit,5,3.0075990353171704,2.613434047347963,1.3333333333333337,1.3333333333333337,0.0,0.0,3.0,4.524381249999999
seed-12026-pa-0.65-pb-0.20,seed-12026-pa-0.65-pb-0.20:6,bandit,6,2.7254126516016477,2.9861956663238893,1.75,1.75,0.0,0.0,3.0,5.298162187499999
seed-12026-pa-0.65-pb-0.20,seed-12026-pa-0.65-pb-0.20:7,bandit,7,2.031150136248314,3.1097301038899876,1.75,1.75,0.0,0.0,-2.0,6.033254078124999
seed-12026-pa-0.65-pb-0.20,seed-12026-pa-0.65-pb-0.20:8,bandit,8,1.6787006782765204,3.2270878195777812,1.75,1.75,0.0,0.0,-2.0,6.731591374218749
seed-12026-pa-0.65-pb-0.20,seed-12026-pa-0.65-pb-0.20:9,bandit,9,0.826413277982752,3.3385776494811847,1.75,1.75,0.0,0.0,-2.0,7.395011805507812
seed-12026-pa-0.65-pb-0.20,seed-12026-pa-0.65-pb-0.20:10,bandit,10,0.2676750576056008,3.4444929878894186,1.75,1.75,0.0,0.0,-2.0,8.02526121523242
seed-12026-pa-0.65-pb-0.20,seed-12026-pa-0.65-pb-0.20:11,bandit,11,0.376928011042974,3.54511255937724,1.75,1.75,0.0,0.0,-2.0,8.623998154470799
seed-12033-pa-0.65-pb-0.35,seed-12033-pa-0.65-pb-0.35:0,bandit,0,4.203889734292549,1.367647220698613,0.5,0.5,0.0,0.0,0.0,0.0
seed-12033-pa-0.65-pb-0.35,seed-12033-pa-0.65-pb-0.35:1,bandit,1,4.42870067827652,2.021151013022723,1.3333333333333337,1.3333333333333337,0.0,0.0,3.0,1.0
seed-12033-pa-0.65-pb-0.35,seed-12033-pa-0.65-pb-0.35:2,bandit,2,3.6368710061149017,1.695350676995862,0.5,0.5,0.0,0.0,-2.0,1.95
seed-12033-pa-0.65-pb-0.35,seed-12033-pa-0.65-pb-0.35:3,bandit,3,4.71393946547494,2.138289001380029,1.0,1.0,0.0,0.0,3.0,2.8525
seed-12033-pa-0.65-pb-0.35,seed-12033-pa-0.65-pb-0.35:4,bandit,4,3.8288897342925488,2.4765537841168292,1.3333333333333337,1.3333333333333337,0.0,0.0,3.0,3.709875
seed-12033-pa-0.65-pb-0.35,seed-12033-pa-0.65-pb-0.35:5,bandit,5,3.686967589003199,2.7521342581515915,1.5714285714285716,1.5714285714285716,0.0,0.0,3.0,4.524381249999999
seed-12033-pa-0.65-pb-0.35,seed-12033-pa-0.65-pb-0.35:6,bandit,6,2.92974463538566,2.622107612964365,1.125,1.125,0.0,0.0,-2.0,5.298162187499999
seed-12033-pa-0.65-pb-0.35,seed-12033-pa-0.65-pb-0.35:7,bandit,7,1.951413277982752,2.5433709097751716,0.7777777777777777,0.7777777777777777,0.0,0.0,-2.0,6.033254078124999
seed-12033-pa-0.65-pb-0.35,seed-12033-pa-0.65-pb-0.35:8,bandit,8,3.92358735157374,2.790182155546352,1.0,1.0,0.0,0.0,3.0,6.731591374218749
seed-12033-pa-0.65-pb-0.35,seed-12033-pa-0.65-pb-0.35:9,bandit,9,3.6949361996449746,3.007588510063435,1.1818181818181817,1.1818181818181817,0.0,0.0,3.0,7.395011805507812
seed-12033-pa-0.65-pb-0.35,seed-12033-pa-0.65-pb-0.35:10,bandit,10,4.52975041827262,3.2017676189830695,1.3333333333333337,1.3333333333333337,0.0,0.0,3.0,8.02526121523242
seed-12033-pa-0.65-pb-0.35,seed-12033-pa-0.65-pb-0.35:11,bandit,11,4.27975041827262,3.377071919365152,1.4615384615384617,1.4615384615384617,0.0,0.0,3.0,8.623998154470799
seed-12033-pa-0.65-pb-0.35,seed-12033-pa-0.65-pb-0.35:12,bandit,12,3.3199361996449746,3.3286256779825076,1.2142857142857144,1.2142857142857144,0.0,0.0,-2.0,9.192798246747259
seed-12033-pa-0.65-pb-0.35,seed-12033-pa-0.65-pb-0.35:13,bandit,13,4.0380413716877825,3.488784946652081,1.3333333333333337,1.3333333333333337,0.0,0.0,3.0,9.733158334409895
seed-12033-pa-0.65-pb-0.35,seed-12033-pa-0.65-pb-0.35:14,bandit,14,4.15864569998304,3.6357349939830397,1.4375,1.4375,0.0,0.0,3.0,10.2465004176894
seed-12033-pa-0.65-pb-0.35,seed-12033-pa-0.65-pb-0.35:15,bandit,15,3.79858735157374,3.599897070098228,1.2352941176470589,1.2352941176470589,0.0,0.0,-2.0,10.73417539680493
seed-12033-pa-0.65-pb-0.35,seed-12033-pa-0.65-pb-0.35:16,bandit,16,3.0429990792290873,3.573049515358066,1.0555555555555554,1.0555555555555554,0.0,0.0,-2.0,11.197466626964683
seed-12033-pa-0.65-pb-0.35,seed-12033-pa-0.65-pb-0.35:17,bandit,17,4.643149927917811,3.7066309036721705,1.1578947368421053,1.1578947368421053,0.0,0.0,3.0,11.63759329561645
seed-12033-pa-0.65-pb-0.35,seed-12033-pa-0.65-pb-0.35:18,bandit,18,4.151300195186874,3.8305523847068077,1.25,1.25,0.0,0.0,3.0,12.055713630835626
seed-12033-pa-0.65-pb-0.35,seed-12033-pa-0.65-pb-0.35:19,bandit,19,4.251929081345374,3.8973054642193787,1.25,1.25,0.0,0.0,-2.0,12.452927949293844
seed-12033-pa-0.65-pb-0.35,seed-12033-pa-0.65-pb-0.35:20,bandit,20,4.328889734292549,3.870565752733963,1.0952380952380951,1.0952380952380951,0.0,0.0,-2.0,12.83028155182915
seed-12033-pa-0.65-pb-0.35,seed-12033-pa-0.65-pb-0.35:21,bandit,21,5.54858735157374,3.981246847286287,1.1818181818181817,1.1818181818181817,0.0,0.0,3.0,13.188767474237693
seed-12033-pa-0.65-pb-0.35,seed-12033-pa-0.65-pb-0.35:22,bandit,22,4.929882179158078,4.084529931708891,1.2608695652173911,1.2608695652173911,0.0,0.0,3.0,13.529329100525807
seed-12033-pa-0.65-pb-0.35,seed-12033-pa-0.65-pb-0.35:23,bandit,23,5.15475041827262,4.181113839814515,1.3333333333333337,1.3333333333333337,0.0,0.0,3.0,13.852862645499515
seed-12033-pa-0.65-pb-0.35,seed-12033-pa-0.65-pb-0.35:24,bandit,24,5.03364569998304,4.27160215928578,1.4,1.4,0.0,0.0,3.0,14.160219513224538
seed-12033-pa-0.65-pb-0.35,seed-12033-pa-0.65-pb-0.35:25,bandit,25,5.03364569998304,4.356520476578962,1.4615384615384617,1.4615384615384617,0.0,0.0,3.0,14.45220853756331
seed-12033-pa-0.65-pb-0.35,seed-12033-pa-0.65-pb-0.35:26,bandit,26,4.7880413716877825,4.4363298544735965,1.5185185185185186,1.5185185185185186,0.0,0.0,3.0,14.729598110685144
seed-12033-pa-0.65-pb-0.35,seed-12033-pa-0.65-pb-0.35:27,bandit,27,4.679882179158078,4.407412322238451,1.3928571428571428,1.3928571428571428,0.0,0.0,-2.0,14.993118205150886
seed-12033-pa-0.65-pb-0.35,seed-12033-pa-0.65-pb-0.35:28,bandit,28,5.28364569998304,4.481767080954566,1.4482758620689653,1.4482758620689653,0.0,0.0,3.0,15.243462294893341
seed-12033-pa-0.65-pb-0.35,seed-12033-pa-0.65-pb-0.35:29,bandit,29,5.0380413716877825,4.551866040572275,1.5,1.5,0.0,0.0,3.0,15.481289180148673
seed-12033-pa-0.65-pb-0.35,seed-12033-pa-0.65-pb-0.35:30,bandit,30,5.273245464372426,4.61802266055434,1.5483870967741935,1.5483870967741935,0.0,0.0,3.0,15.70722472114124
seed-12033-pa-0.65-pb-0.35,seed-12033-pa-0.65-pb-0.35:31,bandit,31,5.148245464372426,4.680519106259856,1.59375,1.59375,0.0,0.0,3.0,15.921863485084177
seed-12033-pa-0.65-pb-0.35,seed-12033-pa-0.65-pb-0.35:32,bandit,32,5.026300195186874,4.739610456618493,1.6363636363636362,1.6363636363636362,0.0,0.0,3.0,16.125770310829967
seed-12033-pa-0.65-pb-0.35,seed-12033-pa-0.65-pb-0.35:33,bandit,33,4.901300195186874,4.795528202528701,1.676470588235294,1.676470588235294,0.0,0.0,3.0,16.319481795288468
seed-12033-pa-0.65-pb-0.35,seed-12033-pa-0.65-pb-0.35:34,bandit,34,5.026300195186874,4.848483175863021,1.7142857142857144,1.7142857142857144,0.0,0.0,3.0,16.503507705524044
seed-12033-pa-0.65-pb-0.35,seed-12033-pa-0.65-pb-0.35:35,bandit,35,5.02975041827262,4.898668017991679,1.75,1.75,0.0,0.0,3.0,16.67833232024784
seed-12033-pa-0.65-pb-0.35,seed-12033-pa-0.65-pb-0.35:36,bandit,36,5.023245464372426,4.946259273291119,1.7837837837837838,1.7837837837837838,0.0,0.0,3.0,16.844415704235445
seed-12033-pa-0.65-pb-0.35,seed-12033-pa-0.65-pb-0.35:37,bandit,37,4.898245464372426,4.991419175206332,1.8157894736842104,1.8157894736842104,0.0,0.0,3.0,17.002194919023673
seed-12035-pa-0.35-pb-0.35,seed-12035-pa-0.35-pb-0.35:0,bandit,0,4.203889734292549,1.367647220698613,0.5,0.5,0.0,0.0,0.0,0.0
seed-12035-pa-0.35-pb-0.35,seed-12035-pa-0.35-pb-0.35:1,bandit,1,3.849076984180108,1.5357002752100228,0.5,0.5,0.0,0.0,-2.0,1.0
seed-12035-pa-0.35-pb-0.35,seed-12035-pa-0.35-pb-0.35:2,bandit,2,1.2575990353171704,1.695350676995862,0.5,0.5,0.0,0.0,-2.0,1.95
seed-12039-pa-0.50-pb-0.65,seed-12039-pa-0.50-pb-0.65:0,bandit,0,4.203889734292549,1.367647220698613,0.5,0.5,0.0,0.0,0.0,0.0
seed-12039-pa-0.50-pb-0.65,seed-12039-pa-0.50-pb-0.65:1,bandit,1,3.849076984180108,1.5357002752100228,0.5,0.5,0.0,0.0,-2.0,1.0
seed-12039-pa-0.50-pb-0.65,seed-12039-pa-0.50-pb-0.65:2,bandit,2,4.350412651601648,1.695350676995862,0.5,0.5,0.0,0.0,3.0,1.95
seed-12039-pa-0.50-pb-0.65,seed-12039-pa-0.50-pb-0.65:3,bandit,3,2.7731232641398407,1.8470185586924093,0.5,0.5,0.0,0.0,-2.0,2.8525
seed-12039-pa-0.50-pb-0.65,seed-12039-pa-0.50-pb-0.65:4,bandit,4,3.376928011042974,1.9911030463041293,0.5,0.5,0.0,0.0,3.0,3.709875
seed-12039-pa-0.50-pb-0.65,seed-12039-pa-0.50-pb-0.65:5,bandit,5,3.1128222787715707,2.336033625740706,0.8571428571428572,0.8571428571428572,0.0,0.0,3.0,4.524381249999999
seed-12039-pa-0.50-pb-0.65,seed-12039-pa-0.50-pb-0.65:6,bandit,6,3.429882179158078,2.622107612964365,1.125,1.125,0.0,0.0,3.0,5.298162187499999
seed-12039-pa-0.50-pb-0.65,seed-12039-pa-0.50-pb-0.65:7,bandit,7,3.017675057605601,2.5433709097751716,0.7777777777777777,0.7777777777777777,0.0,0.0,-2.0,6.033254078124999
seed-12039-pa-0.50-pb-0.65,seed-12039-pa-0.50-pb-0.65:8,bandit,8,1.8504126516016477,2.498911712858732,0.5,0.5,0.0,0.0,-2.0,6.731591374218749
seed-12039-pa-0.50-pb-0.65,seed-12039-pa-0.50-pb-0.65:9,bandit,9,4.892675057605601,3.0958522805748356,1.3333333333333337,1.3333333333333337,0.0,0.0,3.0,7.395011805507812
seed-12039-pa-0.50-pb-0.65,seed-12039-pa-0.50-pb-0.65:10,bandit,10,4.350206558916746,3.2017676189830695,1.3333333333333337,1.3333333333333337,0.0,0.0,3.0,8.02526121523242
seed-12039-pa-0.50-pb-0.65,seed-12039-pa-0.50-pb-0.65:11,bandit,11,3.975412651601648,3.302387190470891,1.3333333333333337,1.3333333333333337,0.0,0.0,-2.0,8.623998154470799
seed-12039-pa-0.50-pb-0.65,seed-12039-pa-0.50-pb-0.65:12,bandit,12,2.974076984180108,3.397975783384322,1.3333333333333337,1.3333333333333337,0.0,0.0,-2.0,9.192798246747259
seed-12039-pa-0.50-pb-0.65,seed-12039-pa-0.50-pb-0.65:13,bandit,13,4.828889734292549,3.488784946652081,1.3333333333333337,1.3333333333333337,0.0,0.0,3.0,9.733158334409895
seed-12039-pa-0.50-pb-0.65,seed-12039-pa-0.50-pb-0.65:14,bandit,14,4.436967589003199,3.5750536517564524,1.3333333333333337,1.3333333333333337,0.0,0.0,3.0,10.2465004176894
seed-12039-pa-0.50-pb-0.65,seed-12039-pa-0.50-pb-0.65:15,bandit,15,4.667999079229087,3.6570089216056054,1.3333333333333337,1.3333333333333337,0.0,0.0,3.0,10.73417539680493
seed-12039-pa-0.50-pb-0.65,seed-12039-pa-0.50-pb-0.65:16,bandit,16,4.4130413716877825,3.7348664279623,1.3333333333333337,1.3333333333333337,0.0,0.0,3.0,11.197466626964683
seed-12039-pa-0.50-pb-0.65,seed-12039-pa-0.50-pb-0.65:17,bandit,17,4.4130413716877825,3.8088310590011605,1.3333333333333337,1.3333333333333337,0.0,0.0,3.0,11.63759329561645
seed-12039-pa-0.50-pb-0.65,seed-12039-pa-0.50-pb-0.65:18,bandit,18,4.001928011042974,3.879097458488078,1.3333333333333337,1.3333333333333337,0.0,0.0,-2.0,12.055713630835626
seed-12039-pa-0.50-pb-0.65,seed-12039-pa-0.50-pb-0.65:19,bandit,19,4.792999079229087,3.945850538000649,1.3333333333333337,1.3333333333333337,0.0,0.0,3.0,12.452927949293844
seed-12039-pa-0.50-pb-0.65,seed-12039-pa-0.50-pb-0.65:20,bandit,20,4.7880413716877825,4.009265963537592,1.3333333333333337,1.3333333333333337,0.0,0.0,3.0,12.83028155182915
seed-12039-pa-0.50-pb-0.65,seed-12039-pa-0.50-pb-0.65:21,bandit,21,4.578889734292549,4.069510617797688,1.3333333333333337,1.3333333333333337,0.0,0.0,-2.0,13.188767474237693
seed-12039-pa-0.50-pb-0.65,seed-12039-pa-0.50-pb-0.65:22,bandit,22,5.15864569998304,4.126743039344778,1.3333333333333337,1.3333333333333337,0.0,0.0,3.0,13.529329100525807
seed-12039-pa-0.50-pb-0.65,seed-12039-pa-0.50-pb-0.65:23,bandit,23,4.21393946547494,4.181113839814515,1.3333333333333337,1.3333333333333337,0.0,0.0,-2.0,13.852862645499515
seed-12039-pa-0.50-pb-0.65,seed-12039-pa-0.50-pb-0.65:24,bandit,24,3.767675057605601,4.232766100260764,1.3333333333333337,1.3333333333333337,0.0,0.0,-2.0,14.160219513224538
seed-12039-pa-0.50-pb-0.65,seed-12039-pa-0.50-pb-0.65:25,bandit,25,5.401300195186874,4.281835747684701,1.3333333333333337,1.3333333333333337,0.0,0.0,3.0,14.45220853756331
seed-12039-pa-0.50-pb-0.65,seed-12039-pa-0.50-pb-0.65:26,bandit,26,4.33893946547494,4.3284519127374415,1.3333333333333337,1.3333333333333337,0.0,0.0,-2.0,14.729598110685144
seed-12039-pa-0.50-pb-0.65,seed-12039-pa-0.50-pb-0.65:27,bandit,27,3.6128222787715703,4.372737269537544,1.3333333333333337,1.3333333333333337,0.0,0.0,-2.0,14.993118205150886
seed-12039-pa-0.50-pb-0.65,seed-12039-pa-0.50-pb-0.65:28,bandit,28,3.71393946547494,4.414808358497643,1.3333333333333337,1.3333333333333337,0.0,0.0,-2.0,15.243462294893341
seed-12039-pa-0.50-pb-0.65,seed-12039-pa-0.50-pb-0.65:29,bandit,29,3.58893946547494,4.454775893009735,1.3333333333333337,1.3333333333333337,0.0,0.0,-2.0,15.481289180148673
seed-12039-pa-0.50-pb-0.65,seed-12039-pa-0.50-pb-0.65:30,bandit,30,5.02975041827262,4.492745050796224,1.3333333333333337,1.3333333333333337,0.0,0.0,3.0,15.70722472114124
seed-12039-pa-0.50-pb-0.65,seed-12039-pa-0.50-pb-0.65:31,bandit,31,4.21393946547494,4.528815750693388,1.3333333333333337,1.3333333333333337,0.0,0.0,-2.0,15.921863485084177
seed-12039-pa-0.50-pb-0.65,seed-12039-pa-0.50-pb-0.65:32,bandit,32,4.90475041827262,4.563082915595694,1.3333333333333337,1.3333333333333337,0.0,0.0,3.0,16.125770310829967
seed-12039-pa-0.50-pb-0.65,seed-12039-pa-0.50-pb-0.65:33,bandit,33,4.895541900901097,4.595636722252885,1.3333333333333337,1.3333333333333337,0.0,0.0,3.0,16.319481795288468
seed-12039-pa-0.50-pb-0.65,seed-12039-pa-0.50-pb-0.65:34,bandit,34,4.9130413716877825,4.6265628385772155,1.3333333333333337,1.3333333333333337,0.0,0.0,-2.0,16.503507705524044
seed-12039-pa-0.50-pb-0.65,seed-12039-pa-0.50-pb-0.65:35,bandit,35,4.0699361996449746,4.65594264908533,1.3333333333333337,1.3333333333333337,0.0,0.0,-2.0,16.67833232024784
seed-12039-pa-0.50-pb-0.65,seed-12039-pa-0.50-pb-0.65:36,bandit,36,5.273245464372426,4.683853469068039,1.3333333333333337,1.3333333333333337,0.0,0.0,3.0,16.844415704235445
seed-12039-pa-0.50-pb-0.65,seed-12039-pa-0.50-pb-0.65:37,bandit,37,4.792999079229087,4.710368748051612,1.3333333333333337,1.3333333333333337,0.0,0.0,-2.0,17.002194919023673
seed-12039-pa-0.50-pb-0.65,seed-12039-pa-0.50-pb-0.65:38,bandit,38,5.270541900901097,4.7355582630860065,1.3333333333333337,1.3333333333333337,0.0,0.0,3.0,17.15208517307249
seed-12039-pa-0.50-pb-0.65,seed-12039-pa-0.50-pb-0.65:39,bandit,39,4.78364569998304,4.759488302368681,1.3333333333333337,1.3333333333333337,0.0,0.0,-2.0,17.294480914418862
seed-12039-pa-0.50-pb-0.65,seed-12039-pa-0.50-pb-0.65:40,bandit,40,5.520541900901097,4.782221839687223,1.3333333333333337,1.3333333333333337,0.0,0.0,3.0,17.42975686869792
seed-12039-pa-0.50-pb-0.65,seed-12039-pa-0.50-pb-0.65:41,bandit,41,5.268149927917811,4.803818700139837,1.3333333333333337,1.3333333333333337,0.0,0.0,3.0,17.558269025263023
seed-12039-pa-0.50-pb-0.65,seed-12039-pa-0.50-pb-0.65:42,bandit,42,5.27975041827262,4.82433571756982,1.3333333333333337,1.3333333333333337,0.0,0.0,-2.0,17.680355573999872
seed-12039-pa-0.50-pb-0.65,seed-12039-pa-0.50-pb-0.65:43,bandit,43,5.273245464372426,4.843826884128305,1.3333333333333337,1.3333333333333337,0.0,0.0,3.0,17.796337795299877
seed-12039-pa-0.50-pb-0.65,seed-12039-pa-0.50-pb-0.65:44,bandit,44,4.7880413716877825,4.862343492358865,1.3333333333333337,1.3333333333333337,0.0,0.0,-2.0,17.906520905534883
seed-12039-pa-0.50-pb-0.65,seed-12039-pa-0.50-pb-0.65:45,bandit,45,4.7880413716877825,4.8799342701778965,1.3333333333333337,1.3333333333333337,0.0,0.0,-2.0,18.011194860258136
seed-12039-pa-0.50-pb-0.65,seed-12039-pa-0.50-pb-0.65:46,bandit,46,5.768149927917811,4.896645509105976,1.3333333333333337,1.3333333333333337,0.0,0.0,3.0,18.110635117245227
seed-12039-pa-0.50-pb-0.65,seed-12039-pa-0.50-pb-0.65:47,bandit,47,5.398245464372426,4.912521186087653,1.3333333333333337,1.3333333333333337,0.0,0.0,3.0,18.205103361382964
seed-12039-pa-0.50-pb-0.65,seed-12039-pa-0.50-pb-0.65:48,bandit,48,5.516034256080317,4.927603079220245,1.3333333333333337,1.3333333333333337,0.0,0.0,3.0,18.294848193313815
seed-12039-pa-0.50-pb-0.65,seed-12039-pa-0.50-pb-0.65:49,bandit,49,5.512509570276173,4.941930877696208,1.3333333333333337,1.3333333333333337,0.0,0.0,3.0,18.380105783648123
seed-12039-pa-0.50-pb-0.65,seed-12039-pa-0.50-pb-0.65:50,bandit,50,5.266034256080317,4.955542286248373,1.3333333333333337,1.3333333333333337,0.0,0.0,3.0,18.461100494465715
seed-12039-pa-0.50-pb-0.65,seed-12039-pa-0.50-pb-0.65:51,bandit,51,5.395541900901097,4.968473124372929,1.3333333333333337,1.3333333333333337,0.0,0.0,-2.0,18.53804546974243
seed-12039-pa-0.50-pb-0.65,seed-12039-pa-0.50-pb-0.65:52,bandit,52,4.29858735157374,4.980757420591258,1.3333333333333337,1.3333333333333337,0.0,0.0,-2.0,18.611143196255306
seed-12039-pa-0.50-pb-0.65,seed-12039-pa-0.50-pb-0.65:53,bandit,53,5.643149927917811,4.99242750199867,1.3333333333333337,1.3333333333333337,0.0,0.0,3.0,18.680586036442538
seed-12039-pa-0.50-pb-0.65,seed-12039-pa-0.50-pb-0.65:54,bandit,54,5.03364569998304,5.003514079335712,1.3333333333333337,1.3333333333333337,0.0,0.0,-2.0,18.74655673462041
seed-12039-pa-0.50-pb-0.65,seed-12039-pa-0.50-pb-0.65:55,bandit,55,5.643149927917811,5.014046327805901,1.3333333333333337,1.3333333333333337,0.0,0.0,3.0,18.809228897889387
seed-12039-pa-0.50-pb-0.65,seed-12039-pa-0.50-pb-0.65:56,bandit,56,5.151300195186874,5.024051963852582,1.3333333333333337,1.3333333333333337,0.0,0.0,-2.0,18.868767452994916
seed-12039-pa-0.50-pb-0.65,seed-12039-pa-0.50-pb-0.65:57,bandit,57,5.02975041827262,5.0335573180969275,1.3333333333333337,1.3333333333333337,0.0,0.0,-2.0,18.92532908034517
seed-12039-pa-0.50-pb-0.65,seed-12039-pa-0.50-pb-0.65:58,bandit,58,5.762509570276173,5.042587404629057,1.3333333333333337,1.3333333333333337,0.0,0.0,3.0,18.97906262632791
seed-12039-pa-0.50-pb-0.65,seed-12039-pa-0.50-pb-0.65:59,bandit,59,5.151300195186874,5.051165986834579,1.3333333333333337,1.3333333333333337,0.0,0.0,-2.0,19.030109495011512
seed-12039-pa-0.50-pb-0.65,seed-12039-pa-0.50-pb-0.65:60,bandit,60,5.026300195186874,5.0593156399298245,1.3333333333333337,1.3333333333333337,0.0,0.0,-2.0,19.078604020260936
seed-12039-pa-0.50-pb-0.65,seed-12039-pa-0.50-pb-0.65:61,bandit,61,5.887509570276173,5.067057810370309,1.3333333333333337,1.3333333333333337,0.0,0.0,3.0,19.12467381924789
seed-12039-pa-0.50-pb-0.65,seed-12039-pa-0.50-pb-0.65:62,bandit,62,5.523245464372426,5.074412872288769,1.3333333333333337,1.3333333333333337,0.0,0.0,-2.0,19.168440128285493
seed-12039-pa-0.50-pb-0.65,seed-12039-pa-0.50-pb-0.65:63,bandit,63,5.148245464372426,5.081400181111306,1.3333333333333337,1.3333333333333337,0.0,0.0,-2.0,19.21001812187122
seed-12039-pa-0.50-pb-0.65,seed-12039-pa-0.50-pb-0.65:64,bandit,64,4.776300195186874,5.088038124492716,1.3333333333333337,1.3333333333333337,0.0,0.0,-2.0,19.249517215777658
seed-12039-pa-0.50-pb-0.65,seed-12039-pa-0.50-pb-0.65:65,bandit,65,5.636047744848593,5.094344170705055,1.3333333333333337,1.3333333333333337,0.0,0.0,3.0,19.287041354988773
seed-12039-pa-0.50-pb-0.65,seed-12039-pa-0.50-pb-0.65:66,bandit,66,5.145541900901097,5.100334914606778,1.3333333333333337,1.3333333333333337,0.0,0.0,-2.0,19.322689287239335
seed-12039-pa-0.50-pb-0.65,seed-12039-pa-0.50-pb-0.65:67,bandit,67,4.895541900901097,5.106026121313414,1.3333333333333337,1.3333333333333337,0.0,0.0,-2.0,19.356554822877367
seed-12039-pa-0.50-pb-0.65,seed-12039-pa-0.50-pb-0.65:68,bandit,68,4.523245464372426,5.111432767684718,1.3333333333333337,1.3333333333333337,0.0,0.0,-2.0,19.3887270817335
seed-12039-pa-0.50-pb-0.65,seed-12039-pa-0.50-pb-0.65:69,bandit,69,5.65864569998304,5.359294450643808,1.75,1.75,0.0,0.0,3.0,19.419290727646825
seed-12039-pa-0.50-pb-0.65,seed-12039-pa-0.50-pb-0.65:70,bandit,70,5.518149927917811,5.364173948993909,1.75,1.75,0.0,0.0,3.0,19.44832619126448
seed-12039-pa-0.50-pb-0.65,seed-12039-pa-0.50-pb-0.65:71,bandit,71,5.78364569998304,5.3688094724265065,1.75,1.75,0.0,0.0,-2.0,19.475909881701256
seed-12039-pa-0.50-pb-0.65,seed-12039-pa-0.50-pb-0.65:72,bandit,72,4.929882179158078,5.373213219687474,1.75,1.75,0.0,0.0,-2.0,19.502114387616192
seed-12039-pa-0.50-pb-0.65,seed-12039-pa-0.50-pb-0.65:73,bandit,73,6.014163456931506,5.377396779585393,1.75,1.75,0.0,0.0,3.0,19.527008668235382
seed-12039-pa-0.50-pb-0.65,seed-12039-pa-0.50-pb-0.65:74,bandit,74,5.65475041827262,5.381371161488416,1.75,1.75,0.0,0.0,-2.0,19.55065823482361
seed-12039-pa-0.50-pb-0.65,seed-12039-pa-0.50-pb-0.65:75,bandit,75,6.012509570276173,5.385146824296288,1.75,1.75,0.0,0.0,3.0,19.57312532308243
seed-12039-pa-0.50-pb-0.65,seed-12039-pa-0.50-pb-0.65:76,bandit,76,5.526300195186874,5.388733703963766,1.75,1.75,0.0,0.0,-2.0,19.594469056928308
seed-12039-pa-0.50-pb-0.65,seed-12039-pa-0.50-pb-0.65:77,bandit,77,5.764163456931506,5.392141239647871,1.75,1.75,0.0,0.0,3.0,19.614745604081893
seed-12039-pa-0.50-pb-0.65,seed-12039-pa-0.50-pb-0.65:78,bandit,78,5.639163456931506,5.39537839854777,1.75,1.75,0.0,0.0,3.0,19.634008323877797
seed-12039-pa-0.50-pb-0.65,seed-12039-pa-0.50-pb-0.65:79,bandit,79,5.761047744848593,5.398453699502674,1.75,1.75,0.0,0.0,3.0,19.652307907683905
seed-12039-pa-0.50-pb-0.65,seed-12039-pa-0.50-pb-0.65:80,bandit,80,5.648245464372426,5.401375235409833,1.75,1.75,0.0,0.0,-2.0,19.669692512299708
seed-12039-pa-0.50-pb-0.65,seed-12039-pa-0.50-pb-0.65:81,bandit,81,6.016034256080317,5.404150694521634,1.75,1.75,0.0,0.0,3.0,19.686207886684723
seed-12039-pa-0.50-pb-0.65,seed-12039-pa-0.50-pb-0.65:82,bandit,82,5.40864569998304,5.406787380677845,1.75,1.75,0.0,0.0,-2.0,19.701897492350486
seed-12039-pa-0.50-pb-0.65,seed-12039-pa-0.50-pb-0.65:83,bandit,83,5.1630413716877825,5.409292232526246,1.75,1.75,0.0,0.0,-2.0,19.716802617732963
seed-12039-pa-0.50-pb-0.65,seed-12039-pa-0.50-pb-0.65:84,bandit,84,5.04858735157374,5.411671841782226,1.75,1.75,0.0,0.0,-2.0,19.730962486846312
seed-12039-pa-0.50-pb-0.65,seed-12039-pa-0.50-pb-0.65:85,bandit,85,4.929882179158078,5.413932470575407,1.75,1.75,0.0,0.0,-2.0,19.744414362503996
seed-12039-pa-0.50-pb-0.65,seed-12039-pa-0.50-pb-0.65:86,bandit,86,4.92358735157374,5.416080067928929,1.75,1.75,0.0,0.0,-2.0,19.757193644378795
seed-12039-pa-0.50-pb-0.65,seed-12039-pa-0.50-pb-0.65:87,bandit,87,4.79858735157374,5.418120285414776,1.75,1.75,0.0,0.0,-2.0,19.769333962159855
seed-12039-pa-0.50-pb-0.65,seed-12039-pa-0.50-pb-0.65:88,bandit,88,5.891034256080317,5.42005849202633,1.75,1.75,0.0,0.0,3.0,19.78086726405186
seed-12039-pa-0.50-pb-0.65,seed-12039-pa-0.50-pb-0.65:89,bandit,89,5.523245464372426,5.4218997883073055,1.75,1.75,0.0,0.0,3.0,19.791823900849266
seed-12039-pa-0.50-pb-0.65,seed-12039-pa-0.50-pb-0.65:90,bandit,90,5.776300195186874,5.423649019774233,1.75,1.75,0.0,0.0,-2.0,19.8022327058068
seed-12039-pa-0.50-pb-0.65,seed-12039-pa-0.50-pb-0.65:91,bandit,91,5.292999079229087,5.425310789667814,1.75,1.75,0.0,0.0,-2.0,19.81212107051646
seed-12039-pa-0.50-pb-0.65,seed-12039-pa-0.50-pb-0.65:92,bandit,92,5.15864569998304,5.426889471066716,1.75,1.75,0.0,0.0,-2.0,19.821515016990638
seed-12039-pa-0.50-pb-0.65,seed-12039-pa-0.50-pb-0.65:93,bandit,93,5.15864569998304,5.428389218395673,1.75,1.75,0.0,0.0,-2.0,19.830439266141106
seed-12039-pa-0.50-pb-0.65,seed-12039-pa-0.50-pb-0.65:94,bandit,94,5.15864569998304,5.429813978358182,1.75,1.75,0.0,0.0,-2.0,19.838917302834048
seed-12039-pa-0.50-pb-0.65,seed-12039-pa-0.50-pb-0.65:95,bandit,95,4.917999079229087,5.431167500322566,1.75,1.75,0.0,0.0,-2.0,19.846971437692346
seed-12039-pa-0.50-pb-0.65,seed-12039-pa-0.50-pb-0.65:96,bandit,96,4.9130413716877825,5.43245334618873,1.75,1.75,0.0,0.0,-2.0,19.854622865807727
seed-12039-pa-0.50-pb-0.65,seed-12039-pa-0.50-pb-0.65:97,bandit,97,4.7880413716877825,5.433674899761586,1.75,1.75,0.0,0.0,-2.0,19.86189172251734
seed-12039-pa-0.50-pb-0.65,seed-12039-pa-0.50-pb-0.65:98,bandit,98,5.391034256080317,5.434835375655799,1.75,1.75,0.0,0.0,3.0,19.86879713639147
seed-12039-pa-0.50-pb-0.65,seed-12039-pa-0.50-pb-0.65:99,bandit,99,5.40864569998304,5.4359378277553025,1.75,1.75,0.0,0.0,-2.0,19.875357279571897
seed-12043-pa-0.35-pb-0.50,seed-12043-pa-0.35-pb-0.50:0,bandit,0,4.203889734292549,1.367647220698613,0.5,0.5,0.0,0.0,0.0,0.0
seed-12043-pa-0.35-pb-0.50,seed-12043-pa-0.35-pb-0.50:1,bandit,1,3.849076984180108,1.5357002752100228,0.5,0.5,0.0,0.0,-2.0,1.0
seed-12043-pa-0.35-pb-0.50,seed-12043-pa-0.35-pb-0.50:2,bandit,2,4.350412651601648,1.695350676995862,0.5,0.5,0.0,0.0,3.0,1.95
seed-12043-pa-0.35-pb-0.50,seed-12043-pa-0.35-pb-0.50:3,bandit,3,4.21393946547494,2.138289001380029,1.0,1.0,0.0,0.0,3.0,2.8525
seed-12043-pa-0.35-pb-0.50,seed-12043-pa-0.35-pb-0.50:4,bandit,4,2.7254126516016477,1.9911030463041293,0.5,0.5,0.0,0.0,-2.0,3.709875
seed-12043-pa-0.35-pb-0.50,seed-12043-pa-0.35-pb-0.50:5,bandit,5,1.6368710061149017,2.127983309535263,0.5,0.5,0.0,0.0,-2.0,4.524381249999999
seed-12048-pa-0.20-pb-0.50,seed-12048-pa-0.20-pb-0.50:0,bandit,0,4.203889734292549,1.367647220698613,0.5,0.5,0.0,0.0,0.0,0.0
seed-12048-pa-0.20-pb-0.50,seed-12048-pa-0.20-pb-0.50:1,bandit,1,3.0075990353171704,1.5357002752100228,0.5,0.5,0.0,0.0,-2.0,1.0
seed-12048-pa-0.20-pb-0.50,seed-12048-pa-0.20-pb-0.50:2,bandit,2,0.1882616875182243,1.209899939183162,-0.3333333333333332,-0.3333333333333332,0.0,0.0,-2.0,1.95
seed-12073-pa-0.35-pb-0.65,seed-12073-pa-0.35-pb-0.65:0,bandit,0,4.203889734292549,1.367647220698613,0.5,0.5,0.0,0.0,0.0,0.0
seed-12073-pa-0.35-pb-0.65,seed-12073-pa-0.35-pb-0.65:1,bandit,1,3.849076984180108,1.5357002752100228,0.5,0.5,0.0,0.0,-2.0,1.0
seed-12073-pa-0.35-pb-0.65,seed-12073-pa-0.35-pb-0.65:2,bandit,2,2.71393946547494,2.180801414808562,1.3333333333333337,1.3333333333333337,0.0,0.0,3.0,1.95
seed-12073-pa-0.35-pb-0.65,seed-12073-pa-0.35-pb-0.65:3,bandit,3,2.5231232641398407,2.575194665411458,1.75,1.75,0.0,0.0,3.0,2.8525
seed-12073-pa-0.35-pb-0.65,seed-12073-pa-0.35-pb-0.65:4,bandit,4,2.3037006782765204,2.8649143743669887,2.0,2.0,0.0,0.0,3.0,3.709875
seed-12073-pa-0.35-pb-0.65,seed-12073-pa-0.35-pb-0.65:5,bandit,5,2.3868710061149017,3.0017946375981226,2.0,2.0,0.0,0.0,3.0,4.524381249999999
seed-12073-pa-0.35-pb-0.65,seed-12073-pa-0.35-pb-0.65:6,bandit,6,1.273123264139841,2.7434702974175402,1.3333333333333337,1.3333333333333337,0.0,0.0,-2.0,5.298162187499999
seed-12073-pa-0.35-pb-0.65,seed-12073-pa-0.35-pb-0.65:7,bandit,7,1.023123264139841,2.5896043133763813,0.8571428571428572,0.8571428571428572,0.0,0.0,-2.0,6.033254078124999
seed-12073-pa-0.35-pb-0.65,seed-12073-pa-0.35-pb-0.65:8,bandit,8,3.099076984180108,2.8629997662182567,1.125,1.125,0.0,0.0,3.0,6.731591374218749
seed-12073-pa-0.35-pb-0.65,seed-12073-pa-0.35-pb-0.65:9,bandit,9,1.9734445810050545,2.7722184553663687,0.7777777777777777,0.7777777777777777,0.0,0.0,-2.0,7.395011805507812
seed-12073-pa-0.35-pb-0.65,seed-12073-pa-0.35-pb-0.65:10,bandit,10,2.326413277982752,2.8781337937746025,0.7777777777777777,0.7777777777777777,0.0,0.0,-2.0,8.02526121523242
seed-12073-pa-0.35-pb-0.65,seed-12073-pa-0.35-pb-0.65:11,bandit,11,1.8868710061149017,2.978753365262424,0.7777777777777777,0.7777777777777777,0.0,0.0,-2.0,8.623998154470799
seed-12073-pa-0.35-pb-0.65,seed-12073-pa-0.35-pb-0.65:12,bandit,12,2.0537006782765204,3.074341958175855,0.7777777777777777,0.7777777777777777,0.0,0.0,-2.0,9.192798246747259
seed-12073-pa-0.35-pb-0.65,seed-12073-pa-0.35-pb-0.65:13,bandit,13,3.474076984180108,3.165151121443614,0.7777777777777777,0.7777777777777777,0.0,0.0,3.0,9.733158334409895
seed-12073-pa-0.35-pb-0.65,seed-12073-pa-0.35-pb-0.65:14,bandit,14,3.67870067827652,3.3808733566313722,1.0,1.0,0.0,0.0,3.0,10.2465004176894
seed-12073-pa-0.35-pb-0.65,seed-12073-pa-0.35-pb-0.65:15,bandit,15,3.92870067827652,3.5687451510942045,1.1818181818181817,1.1818181818181817,0.0,0.0,3.0,10.73417539680493
seed-12073-pa-0.35-pb-0.65,seed-12073-pa-0.35-pb-0.65:16,bandit,16,4.011871006114902,3.7348664279623,1.3333333333333337,1.3333333333333337,0.0,0.0,3.0,11.197466626964683
seed-12073-pa-0.35-pb-0.65,seed-12073-pa-0.35-pb-0.65:17,bandit,17,3.92870067827652,3.8835157878954214,1.4615384615384617,1.4615384615384617,0.0,0.0,3.0,11.63759329561645
seed-12073-pa-0.35-pb-0.65,seed-12073-pa-0.35-pb-0.65:18,bandit,18,4.063261687518224,4.017797669291706,1.5714285714285716,1.5714285714285716,0.0,0.0,3.0,12.055713630835626
seed-12073-pa-0.35-pb-0.65,seed-12073-pa-0.35-pb-0.65:19,bandit,19,3.781150136248314,4.140030833125729,1.6666666666666663,1.6666666666666663,0.0,0.0,3.0,12.452927949293844
seed-12073-pa-0.35-pb-0.65,seed-12073-pa-0.35-pb-0.65:20,bandit,20,2.6481232641398407,4.203446258662671,1.6666666666666663,1.6666666666666663,0.0,0.0,-2.0,12.83028155182915
seed-12073-pa-0.35-pb-0.65,seed-12073-pa-0.35-pb-0.65:21,bandit,21,2.8037006782765204,4.130191960024275,1.4375,1.4375,0.0,0.0,-2.0,13.188767474237693
seed-12073-pa-0.35-pb-0.65,seed-12073-pa-0.35-pb-0.65:22,bandit,22,4.4734445810050545,4.2409667423595305,1.5294117647058822,1.5294117647058822,0.0,0.0,3.0,13.529329100525807
seed-12073-pa-0.35-pb-0.65,seed-12073-pa-0.35-pb-0.65:23,bandit,23,3.1787006782765204,4.181113839814515,1.3333333333333337,1.3333333333333337,0.0,0.0,-2.0,13.852862645499515
seed-12073-pa-0.35-pb-0.65,seed-12073-pa-0.35-pb-0.65:24,bandit,24,3.1325990353171704,4.232766100260764,1.3333333333333337,1.3333333333333337,0.0,0.0,-2.0,14.160219513224538
seed-12073-pa-0.35-pb-0.65,seed-12073-pa-0.35-pb-0.65:25,bandit,25,2.950939419878843,4.281835747684701,1.3333333333333337,1.3333333333333337,0.0,0.0,-2.0,14.45220853756331
seed-12073-pa-0.35-pb-0.65,seed-12073-pa-0.35-pb-0.65:26,bandit,26,4.281150136248314,4.379551990401936,1.4210526315789471,1.4210526315789471,0.0,0.0,3.0,14.729598110685144
seed-12073-pa-0.35-pb-0.65,seed-12073-pa-0.35-pb-0.65:27,bandit,27,3.1481232641398407,4.4238373472020385,1.4210526315789471,1.4210526315789471,0.0,0.0,-2.0,14.993118205150886
seed-12073-pa-0.35-pb-0.65,seed-12073-pa-0.35-pb-0.65:28,bandit,28,2.8825990353171704,4.465908436162136,1.4210526315789471,1.4210526315789471,0.0,0.0,-2.0,15.243462294893341
seed-12073-pa-0.35-pb-0.65,seed-12073-pa-0.35-pb-0.65:29,bandit,29,2.8181471805599436,4.50587597067423,1.4210526315789471,1.4210526315789471,0.0,0.0,-2.0,15.481289180148673
seed-12073-pa-0.35-pb-0.65,seed-12073-pa-0.35-pb-0.65:30,bandit,30,3.2731232641398407,4.444199977014954,1.25,1.25,0.0,0.0,-2.0,15.70722472114124
seed-12073-pa-0.35-pb-0.65,seed-12073-pa-0.35-pb-0.65:31,bandit,31,4.2234445810050545,4.528815750693388,1.3333333333333337,1.3333333333333337,0.0,0.0,3.0,15.921863485084177
seed-12073-pa-0.35-pb-0.65,seed-12073-pa-0.35-pb-0.65:32,bandit,32,3.7731232641398407,4.474819145084293,1.1818181818181817,1.1818181818181817,0.0,0.0,-2.0,16.125770310829967
seed-12073-pa-0.35-pb-0.65,seed-12073-pa-0.35-pb-0.65:33,bandit,33,4.438261687518224,4.553423614616997,1.2608695652173911,1.2608695652173911,0.0,0.0,3.0,16.319481795288468
seed-12073-pa-0.35-pb-0.65,seed-12073-pa-0.35-pb-0.65:34,bandit,34,3.849076984180108,4.50520015412404,1.125,1.125,0.0,0.0,-2.0,16.503507705524044
seed-12073-pa-0.35-pb-0.65,seed-12073-pa-0.35-pb-0.65:35,bandit,35,3.8868710061149017,4.46176235396025,1.0,1.0,0.0,0.0,-2.0,16.67833232024784
seed-12073-pa-0.35-pb-0.65,seed-12073-pa-0.35-pb-0.65:36,bandit,36,3.7234445810050545,4.422456917938122,0.8846153846153846,0.8846153846153846,0.0,0.0,-2.0,16.844415704235445
seed-12075-pa-0.35-pb-0.50,seed-12075-pa-0.35-pb-0.50:0,bandit,0,4.203889734292549,1.367647220698613,0.5,0.5,0.0,0.0,0.0,0.0
seed-12075-pa-0.35-pb-0.50,seed-12075-pa-0.35-pb-0.50:1,bandit,1,3.849076984180108,1.5357002752100228,0.5,0.5,0.0,0.0,-2.0,1.0
seed-12075-pa-0.35-pb-0.50,seed-12075-pa-0.35-pb-0.50:2,bandit,2,2.71393946547494,2.180801414808562,1.3333333333333337,1.3333333333333337,0.0,0.0,3.0,1.95
seed-12075-pa-0.35-pb-0.50,seed-12075-pa-0.35-pb-0.50:3,bandit,3,1.826413277982752,2.332469296505109,1.3333333333333337,1.3333333333333337,0.0,0.0,-2.0,2.8525
seed-12075-pa-0.35-pb-0.50,seed-12075-pa-0.35-pb-0.50:4,bandit,4,2.626928011042974,2.7192791530231784,1.75,1.75,0.0,0.0,3.0,3.709875
seed-12075-pa-0.35-pb-0.50,seed-12075-pa-0.35-pb-0.50:5,bandit,5,2.201413277982752,2.8561594162543122,1.75,1.75,0.0,0.0,-2.0,4.524381249999999
seed-12075-pa-0.35-pb-0.50,seed-12075-pa-0.35-pb-0.50:6,bandit,6,3.225206558916746,3.1318308876676997,2.0,2.0,0.0,0.0,3.0,5.298162187499999
seed-12075-pa-0.35-pb-0.50,seed-12075-pa-0.35-pb-0.50:7,bandit,7,2.7234445810050545,3.255365325233798,2.0,2.0,0.0,0.0,3.0,6.033254078124999
seed-12075-pa-0.35-pb-0.50,seed-12075-pa-0.35-pb-0.50:8,bandit,8,3.0352241504380864,3.3727230409215916,2.0,2.0,0.0,0.0,-2.0,6.731591374218749
seed-12075-pa-0.35-pb-0.50,seed-12075-pa-0.35-pb-0.50:9,bandit,9,4.429882179158078,3.581303018387535,2.166666666666667,2.166666666666667,0.0,0.0,3.0,7.395011805507812
seed-12075-pa-0.35-pb-0.50,seed-12075-pa-0.35-pb-0.50:10,bandit,10,3.626928011042974,3.687218356795769,2.166666666666667,2.166666666666667,0.0,0.0,-2.0,8.02526121523242
seed-12075-pa-0.35-pb-0.50,seed-12075-pa-0.35-pb-0.50:11,bandit,11,2.0075990353171704,3.4410874012745194,1.5714285714285716,1.5714285714285716,0.0,0.0,-2.0,8.623998154470799
seed-12075-pa-0.35-pb-0.50,seed-12075-pa-0.35-pb-0.50:12,bandit,12,4.188261687518224,3.5366759941879504,1.5714285714285716,1.5714285714285716,0.0,0.0,3.0,9.192798246747259
seed-12075-pa-0.35-pb-0.50,seed-12075-pa-0.35-pb-0.50:13,bandit,13,2.7618710061149017,3.3674222621989056,1.125,1.125,0.0,0.0,-2.0,9.733158334409895
seed-12075-pa-0.35-pb-0.50,seed-12075-pa-0.35-pb-0.50:14,bandit,14,4.30474463538566,3.5750536517564524,1.3333333333333337,1.3333333333333337,0.0,0.0,3.0,10.2465004176894
seed-12075-pa-0.35-pb-0.50,seed-12075-pa-0.35-pb-0.50:15,bandit,15,3.6368710061149017,3.6570089216056054,1.3333333333333337,1.3333333333333337,0.0,0.0,-2.0,10.73417539680493
seed-12075-pa-0.35-pb-0.50,seed-12075-pa-0.35-pb-0.50:16,bandit,16,2.9734445810050545,3.54068613283722,1.0,1.0,0.0,0.0,-2.0,11.197466626964683
seed-12075-pa-0.35-pb-0.50,seed-12075-pa-0.35-pb-0.50:17,bandit,17,4.25759903531717,3.6146507638760803,1.0,1.0,0.0,0.0,3.0,11.63759329561645
seed-12075-pa-0.35-pb-0.50,seed-12075-pa-0.35-pb-0.50:18,bandit,18,4.00759903531717,3.5260423764424775,0.7272727272727271,0.7272727272727271,0.0,0.0,-2.0,12.055713630835626
seed-12075-pa-0.35-pb-0.50,seed-12075-pa-0.35-pb-0.50:19,bandit,19,3.4734445810050545,3.5927954559550486,0.7272727272727271,0.7272727272727271,0.0,0.0,-2.0,12.452927949293844
seed-12075-pa-0.35-pb-0.50,seed-12075-pa-0.35-pb-0.50:20,bandit,20,4.626929081345374,3.7665405946312416,0.9166666666666664,0.9166666666666664,0.0,0.0,3.0,12.83028155182915
seed-12075-pa-0.35-pb-0.50,seed-12075-pa-0.35-pb-0.50:21,bandit,21,4.813261687518224,3.826785248891337,0.9166666666666664,0.9166666666666664,0.0,0.0,-2.0,13.188767474237693
seed-12075-pa-0.35-pb-0.50,seed-12075-pa-0.35-pb-0.50:22,bandit,22,3.6368710061149017,3.884017670438428,0.9166666666666664,0.9166666666666664,0.0,0.0,-2.0,13.529329100525807
seed-12075-pa-0.35-pb-0.50,seed-12075-pa-0.35-pb-0.50:23,bandit,23,3.3825990353171704,3.9383884709081642,0.9166666666666664,0.9166666666666664,0.0,0.0,-2.0,13.852862645499515
seed-12084-pa-0.65-pb-0.65,seed-12084-pa-0.65-pb-0.65:0,bandit,0,4.203889734292549,1.367647220698613,0.5,0.5,0.0,0.0,0.0,0.0
seed-12084-pa-0.65-pb-0.65,seed-12084-pa-0.65-pb-0.65:1,bandit,1,3.849076984180108,1.5357002752100228,0.5,0.5,0.0,0.0,-2.0,1.0
seed-12084-pa-0.65-pb-0.65,seed-12084-pa-0.65-pb-0.65:2,bandit,2,4.350412651601648,1.695350676995862,0.5,0.5,0.0,0.0,3.0,1.95
seed-12084-pa-0.65-pb-0.65,seed-12084-pa-0.65-pb-0.65:3,bandit,3,4.21393946547494,2.138289001380029,1.0,1.0,0.0,0.0,3.0,2.8525
seed-12084-pa-0.65-pb-0.65,seed-12084-pa-0.65-pb-0.65:4,bandit,4,3.21393946547494,2.4765537841168292,1.3333333333333337,1.3333333333333337,0.0,0.0,3.0,3.709875
seed-12084-pa-0.65-pb-0.65,seed-12084-pa-0.65-pb-0.65:5,bandit,5,3.5699361996449746,2.7521342581515915,1.5714285714285716,1.5714285714285716,0.0,0.0,3.0,4.524381249999999
seed-12084-pa-0.65-pb-0.65,seed-12084-pa-0.65-pb-0.65:6,bandit,6,2.8504126516016477,2.622107612964365,1.125,1.125,0.0,0.0,-2.0,5.298162187499999
seed-12084-pa-0.65-pb-0.65,seed-12084-pa-0.65-pb-0.65:7,bandit,7,3.436967589003199,2.8670047349836385,1.3333333333333337,1.3333333333333337,0.0,0.0,3.0,6.033254078124999
seed-12084-pa-0.65-pb-0.65,seed-12084-pa-0.65-pb-0.65:8,bandit,8,3.9179990792290873,3.0814525982339718,1.5,1.5,0.0,0.0,3.0,6.731591374218749
seed-12084-pa-0.65-pb-0.65,seed-12084-pa-0.65-pb-0.65:9,bandit,9,4.0380413716877825,3.272379821597635,1.6363636363636362,1.6363636363636362,0.0,0.0,3.0,7.395011805507812
seed-12084-pa-0.65-pb-0.65,seed-12084-pa-0.65-pb-0.65:10,bandit,10,3.9130413716877825,3.4444929878894186,1.75,1.75,0.0,0.0,3.0,8.02526121523242
seed-12084-pa-0.65-pb-0.65,seed-12084-pa-0.65-pb-0.65:11,bandit,11,4.151300195186874,3.601126106047937,1.8461538461538465,1.8461538461538465,0.0,0.0,3.0,8.623998154470799
seed-12084-pa-0.65-pb-0.65,seed-12084-pa-0.65-pb-0.65:12,bandit,12,3.90475041827262,3.7447263103933928,1.9285714285714284,1.9285714285714284,0.0,0.0,3.0,9.192798246747259
seed-12084-pa-0.65-pb-0.65,seed-12084-pa-0.65-pb-0.65:13,bandit,13,3.65475041827262,3.8771455369022405,2.0,2.0,0.0,0.0,3.0,9.733158334409895
seed-12084-pa-0.65-pb-0.65,seed-12084-pa-0.65-pb-0.65:14,bandit,14,3.77975041827262,3.999823047342564,2.0625,2.0625,0.0,0.0,3.0,10.2465004176894
seed-12084-pa-0.65-pb-0.65,seed-12084-pa-0.65-pb-0.65:15,bandit,15,3.90475041827262,4.113903733664616,2.117647058823529,2.117647058823529,0.0,0.0,3.0,10.73417539680493
seed-12084-pa-0.65-pb-0.65,seed-12084-pa-0.65-pb-0.65:16,bandit,16,3.0699361996449746,4.058500253170767,1.8888888888888888,1.8888888888888888,0.0,0.0,-2.0,11.197466626964683
seed-12084-pa-0.65-pb-0.65,seed-12084-pa-0.65-pb-0.65:17,bandit,17,4.151300195186874,4.166531602652623,1.9473684210526312,1.9473684210526312,0.0,0.0,3.0,11.63759329561645
seed-12084-pa-0.65-pb-0.65,seed-12084-pa-0.65-pb-0.65:18,bandit,18,2.9449361996449746,4.121822827394427,1.75,1.75,0.0,0.0,-2.0,12.055713630835626
seed-12084-pa-0.65-pb-0.65,seed-12084-pa-0.65-pb-0.65:19,bandit,19,4.770541900901097,4.223250959607905,1.809523809523809,1.809523809523809,0.0,0.0,3.0,12.452927949293844
seed-12084-pa-0.65-pb-0.65,seed-12084-pa-0.65-pb-0.65:20,bandit,20,3.67358735157374,4.185793504560391,1.6363636363636362,1.6363636363636362,0.0,0.0,-2.0,12.83028155182915
seed-12084-pa-0.65-pb-0.65,seed-12084-pa-0.65-pb-0.65:21,bandit,21,4.645541900901097,4.280576155977122,1.6956521739130437,1.6956521739130437,0.0,0.0,3.0,13.188767474237693
seed-12084-pa-0.65-pb-0.65,seed-12084-pa-0.65-pb-0.65:22,bandit,22,3.90475041827262,4.248105723797952,1.5416666666666663,1.5416666666666663,0.0,0.0,-2.0,13.529329100525807
seed-12084-pa-0.65-pb-0.65,seed-12084-pa-0.65-pb-0.65:23,bandit,23,4.887509570276173,4.336458075914578,1.6,1.6,0.0,0.0,3.0,13.852862645499515
seed-12084-pa-0.65-pb-0.65,seed-12084-pa-0.65-pb-0.65:24,bandit,24,4.026300195186874,4.307450829155025,1.4615384615384617,1.4615384615384617,0.0,0.0,-2.0,14.160219513224538
seed-12084-pa-0.65-pb-0.65,seed-12084-pa-0.65-pb-0.65:25,bandit,25,4.516034256080317,4.389713689420856,1.5185185185185186,1.5185185185185186,0.0,0.0,3.0,14.45220853756331
seed-12084-pa-0.65-pb-0.65,seed-12084-pa-0.65-pb-0.65:26,bandit,26,4.516034256080317,4.467152123541069,1.5714285714285716,1.5714285714285716,0.0,0.0,3.0,14.729598110685144
seed-12084-pa-0.65-pb-0.65,seed-12084-pa-0.65-pb-0.65:27,bandit,27,4.512509570276173,4.5401340756798545,1.6206896551724137,1.6206896551724137,0.0,0.0,3.0,14.993118205150886
seed-12084-pa-0.65-pb-0.65,seed-12084-pa-0.65-pb-0.65:28,bandit,28,4.514163456931506,4.608988653622722,1.6666666666666663,1.6666666666666663,0.0,0.0,3.0,15.243462294893341
seed-12084-pa-0.65-pb-0.65,seed-12084-pa-0.65-pb-0.65:29,bandit,29,4.386047744848593,4.674011710086438,1.7096774193548383,1.7096774193548383,0.0,0.0,3.0,15.481289180148673
seed-12084-pa-0.65-pb-0.65,seed-12084-pa-0.65-pb-0.65:30,bandit,30,4.509755911000223,4.735470419702573,1.75,1.75,0.0,0.0,3.0,15.70722472114124
seed-12084-pa-0.65-pb-0.65,seed-12084-pa-0.65-pb-0.65:31,bandit,31,4.509755911000223,4.793607062227588,1.787878787878788,1.787878787878788,0.0,0.0,3.0,15.921863485084177
seed-12084-pa-0.65-pb-0.65,seed-12084-pa-0.65-pb-0.65:32,bandit,32,4.508614483762177,4.848642173132576,1.823529411764706,1.823529411764706,0.0,0.0,3.0,16.125770310829967
seed-12084-pa-0.65-pb-0.65,seed-12084-pa-0.65-pb-0.65:33,bandit,33,4.633614483762177,4.900777186020867,1.8571428571428572,1.8571428571428572,0.0,0.0,3.0,16.319481795288468
seed-12084-pa-0.65-pb-0.65,seed-12084-pa-0.65-pb-0.65:34,bandit,34,4.384755911000223,4.950196663785682,1.8888888888888888,1.8888888888888888,0.0,0.0,3.0,16.503507705524044
seed-12084-pa-0.65-pb-0.65,seed-12084-pa-0.65-pb-0.65:35,bandit,35,4.264163456931506,4.91834845330841,1.7837837837837838,1.7837837837837838,0.0,0.0,-2.0,16.67833232024784
seed-12084-pa-0.65-pb-0.65,seed-12084-pa-0.65-pb-0.65:36,bandit,36,4.641034256080317,4.964903896222759,1.8157894736842104,1.8157894736842104,0.0,0.0,3.0,16.844415704235445
seed-12084-pa-0.65-pb-0.65,seed-12084-pa-0.65-pb-0.65:37,bandit,37,4.514163456931506,5.009107663628658,1.8461538461538465,1.8461538461538465,0.0,0.0,3.0,17.002194919023673
seed-12084-pa-0.65-pb-0.65,seed-12084-pa-0.65-pb-0.65:38,bandit,38,4.634755911000223,5.051101242664261,1.875,1.875,0.0,0.0,3.0,17.15208517307249
seed-12084-pa-0.65-pb-0.65,seed-12084-pa-0.65-pb-0.65:39,bandit,39,4.514163456931506,5.019974064121836,1.7804878048780486,1.7804878048780486,0.0,0.0,-2.0,17.294480914418862
seed-12084-pa-0.65-pb-0.65,seed-12084-pa-0.65-pb-0.65:40,bandit,40,4.762509570276173,5.059622261294479,1.809523809523809,1.809523809523809,0.0,0.0,3.0,17.42975686869792
seed-12084-pa-0.65-pb-0.65,seed-12084-pa-0.65-pb-0.65:41,bandit,41,3.8955419009010974,5.029609740982952,1.7209302325581397,1.7209302325581397,0.0,0.0,-2.0,17.558269025263023
seed-12084-pa-0.65-pb-0.65,seed-12084-pa-0.65-pb-0.65:42,bandit,42,4.886047744848593,5.067061086476169,1.75,1.75,0.0,0.0,3.0,17.680355573999872
seed-12084-pa-0.65-pb-0.65,seed-12084-pa-0.65-pb-0.65:43,bandit,43,4.886047744848593,5.102733944295077,1.7777777777777777,1.7777777777777777,0.0,0.0,3.0,17.796337795299877
seed-12084-pa-0.65-pb-0.65,seed-12084-pa-0.65-pb-0.65:44,bandit,44,5.132606094404334,5.136728691992129,1.8043478260869563,1.8043478260869563,0.0,0.0,3.0,17.906520905534883
seed-12084-pa-0.65-pb-0.65,seed-12084-pa-0.65-pb-0.65:45,bandit,45,4.886047744848593,5.169138965045036,1.8297872340425536,1.8297872340425536,0.0,0.0,3.0,18.011194860258136
seed-12084-pa-0.65-pb-0.65,seed-12084-pa-0.65-pb-0.65:46,bandit,46,4.637509570276173,5.200052220238914,1.8541666666666663,1.8541666666666663,0.0,0.0,3.0,18.110635117245227
seed-12084-pa-0.65-pb-0.65,seed-12084-pa-0.65-pb-0.65:47,bandit,47,4.886047744848593,5.170107291865819,1.7755102040816326,1.7755102040816326,0.0,0.0,-2.0,18.205103361382964
seed-12084-pa-0.65-pb-0.65,seed-12084-pa-0.65-pb-0.65:48,bandit,48,4.762509570276173,5.199455492395356,1.7999999999999998,1.7999999999999998,0.0,0.0,3.0,18.294848193313815
seed-12084-pa-0.65-pb-0.65,seed-12084-pa-0.65-pb-0.65:49,bandit,49,4.639163456931506,5.22749013523309,1.823529411764706,1.823529411764706,0.0,0.0,3.0,18.380105783648123
seed-12084-pa-0.65-pb-0.65,seed-12084-pa-0.65-pb-0.65:50,bandit,50,4.884755911000223,5.254281201825419,1.8461538461538465,1.8461538461538465,0.0,0.0,3.0,18.461100494465715
seed-12084-pa-0.65-pb-0.65,seed-12084-pa-0.65-pb-0.65:51,bandit,51,4.883614483762177,5.279894352403717,1.8679245283018864,1.8679245283018864,0.0,0.0,3.0,18.53804546974243
seed-12084-pa-0.65-pb-0.65,seed-12084-pa-0.65-pb-0.65:52,bandit,52,4.883614483762177,5.304391245799724,1.8888888888888888,1.8888888888888888,0.0,0.0,3.0,18.611143196255306
seed-12084-pa-0.65-pb-0.65,seed-12084-pa-0.65-pb-0.65:53,bandit,53,4.636047744848593,5.32782982994199,1.9090909090909092,1.9090909090909092,0.0,0.0,3.0,18.680586036442538
seed-12084-pa-0.65-pb-0.65,seed-12084-pa-0.65-pb-0.65:54,bandit,54,4.758614483762177,5.3502646063447825,1.9285714285714284,1.9285714285714284,0.0,0.0,3.0,18.74655673462041
seed-12084-pa-0.65-pb-0.65,seed-12084-pa-0.65-pb-0.65:55,bandit,55,5.1317153484891165,5.371746871457364,1.9473684210526312,1.9473684210526312,0.0,0.0,3.0,18.809228897889387
seed-12084-pa-0.65-pb-0.65,seed-12084-pa-0.65-pb-0.65:56,bandit,56,5.2552337981517425,5.392324937365664,1.9655172413793105,1.9655172413793105,0.0,0.0,3.0,18.868767452994916
seed-12084-pa-0.65-pb-0.65,seed-12084-pa-0.65-pb-0.65:57,bandit,57,4.951413277982752,5.401830291610009,1.9655172413793105,1.9655172413793105,0.0,0.0,3.0,18.92532908034517
seed-12084-pa-0.65-pb-0.65,seed-12084-pa-0.65-pb-0.65:58,bandit,58,5.2880413716877825,5.371706548908852,1.8983050847457623,1.8983050847457623,0.0,0.0,-2.0,18.97906262632791
seed-12084-pa-0.65-pb-0.65,seed-12084-pa-0.65-pb-0.65:59,bandit,59,5.901300195186874,5.390981503303468,1.9166666666666663,1.9166666666666663,0.0,0.0,3.0,19.030109495011512
seed-12084-pa-0.65-pb-0.65,seed-12084-pa-0.65-pb-0.65:60,bandit,60,5.648245464372426,5.4094768278602965,1.9344262295081969,1.9344262295081969,0.0,0.0,3.0,19.078604020260936
seed-12084-pa-0.65-pb-0.65,seed-12084-pa-0.65-pb-0.65:61,bandit,61,5.15475041827262,5.380251834765598,1.870967741935484,1.870967741935484,0.0,0.0,-2.0,19.12467381924789
seed-12084-pa-0.65-pb-0.65,seed-12084-pa-0.65-pb-0.65:62,bandit,62,5.898245464372426,5.398046697497235,1.8888888888888888,1.8888888888888888,0.0,0.0,3.0,19.168440128285493
seed-12084-pa-0.65-pb-0.65,seed-12084-pa-0.65-pb-0.65:63,bandit,63,5.03364569998304,5.369636556687595,1.828125,1.828125,0.0,0.0,-2.0,19.21001812187122
seed-12084-pa-0.65-pb-0.65,seed-12084-pa-0.65-pb-0.65:64,bandit,64,4.311967589003199,5.341966202733205,1.7692307692307692,1.7692307692307692,0.0,0.0,-2.0,19.249517215777658
seed-12084-pa-0.65-pb-0.65,seed-12084-pa-0.65-pb-0.65:65,bandit,65,3.4449361996449746,5.315003596983554,1.712121212121212,1.712121212121212,0.0,0.0,-2.0,19.287041354988773
seed-12084-pa-0.65-pb-0.65,seed-12084-pa-0.65-pb-0.65:66,bandit,66,2.7985873515737403,5.2887187830117055,1.656716417910448,1.656716417910448,0.0,0.0,-2.0,19.322689287239335
seed-12084-pa-0.65-pb-0.65,seed-12084-pa-0.65-pb-0.65:67,bandit,67,5.15864569998304,5.305917601589231,1.676470588235294,1.676470588235294,0.0,0.0,3.0,19.356554822877367
seed-12084-pa-0.65-pb-0.65,seed-12084-pa-0.65-pb-0.65:68,bandit,68,4.042999079229087,5.280285198228266,1.6231884057971016,1.6231884057971016,0.0,0.0,-2.0,19.3887270817335
seed-12084-pa-0.65-pb-0.65,seed-12084-pa-0.65-pb-0.65:69,bandit,69,5.15864569998304,5.296879355782175,1.6428571428571428,1.6428571428571428,0.0,0.0,3.0,19.419290727646825
seed-12084-pa-0.65-pb-0.65,seed-12084-pa-0.65-pb-0.65:70,bandit,70,4.526300195186874,5.271869935466143,1.591549295774648,1.591549295774648,0.0,0.0,-2.0,19.44832619126448
seed-12084-pa-0.65-pb-0.65,seed-12084-pa-0.65-pb-0.65:71,bandit,71,5.276300195186874,5.2879010161243905,1.6111111111111112,1.6111111111111112,0.0,0.0,3.0,19.475909881701256
seed-12084-pa-0.65-pb-0.65,seed-12084-pa-0.65-pb-0.65:72,bandit,72,5.15864569998304,5.30338811356373,1.6301369863013695,1.6301369863013695,0.0,0.0,3.0,19.502114387616192
seed-12084-pa-0.65-pb-0.65,seed-12084-pa-0.65-pb-0.65:73,bandit,73,4.90475041827262,5.278994603001738,1.5810810810810811,1.5810810810810811,0.0,0.0,-2.0,19.527008668235382
seed-12084-pa-0.65-pb-0.65,seed-12084-pa-0.65-pb-0.65:74,bandit,74,5.27975041827262,5.29399002868213,1.6,1.6,0.0,0.0,3.0,19.55065823482361
seed-12084-pa-0.65-pb-0.65,seed-12084-pa-0.65-pb-0.65:75,bandit,75,5.401300195186874,5.308496707799546,1.6184210526315788,1.6184210526315788,0.0,0.0,3.0,19.57312532308243
seed-12084-pa-0.65-pb-0.65,seed-12084-pa-0.65-pb-0.65:76,bandit,76,5.148245464372426,5.322535876080217,1.6363636363636362,1.6363636363636362,0.0,0.0,3.0,19.594469056928308
seed-12084-pa-0.65-pb-0.65,seed-12084-pa-0.65-pb-0.65:77,bandit,77,5.026300195186874,5.336127692977175,1.6538461538461535,1.6538461538461535,0.0,0.0,3.0,19.614745604081893
seed-12084-pa-0.65-pb-0.65,seed-12084-pa-0.65-pb-0.65:78,bandit,78,5.151300195186874,5.312421626896233,1.6075949367088609,1.6075949367088609,0.0,0.0,-2.0,19.634008323877797
seed-12084-pa-0.65-pb-0.65,seed-12084-pa-0.65-pb-0.65:79,bandit,79,4.02975041827262,5.289227283494817,1.5625,1.5625,0.0,0.0,-2.0,19.652307907683905
seed-12084-pa-0.65-pb-0.65,seed-12084-pa-0.65-pb-0.65:80,bandit,80,5.648245464372426,5.302487122151691,1.5802469135802468,1.5802469135802468,0.0,0.0,3.0,19.669692512299708
seed-12084-pa-0.65-pb-0.65,seed-12084-pa-0.65-pb-0.65:81,bandit,81,5.398245464372426,5.315348730287604,1.5975609756097562,1.5975609756097562,0.0,0.0,3.0,19.686207886684723
seed-12084-pa-0.65-pb-0.65,seed-12084-pa-0.65-pb-0.65:82,bandit,82,5.273245464372426,5.327828525732406,1.6144578313253013,1.6144578313253013,0.0,0.0,3.0,19.701897492350486
seed-12084-pa-0.65-pb-0.65,seed-12084-pa-0.65-pb-0.65:83,bandit,83,5.273245464372426,5.339942127124432,1.630952380952381,1.630952380952381,0.0,0.0,3.0,19.716802617732963
seed-12084-pa-0.65-pb-0.65,seed-12084-pa-0.65-pb-0.65:84,bandit,84,5.148245464372426,5.317437286795055,1.5882352941176472,1.5882352941176472,0.0,0.0,-2.0,19.730962486846312
seed-12084-pa-0.65-pb-0.65,seed-12084-pa-0.65-pb-0.65:85,bandit,85,6.054882179158078,5.413932470575407,1.75,1.75,0.0,0.0,3.0,19.744414362503996
seed-12084-pa-0.65-pb-0.65,seed-12084-pa-0.65-pb-0.65:86,bandit,86,5.77975041827262,5.416080067928929,1.75,1.75,0.0,0.0,3.0,19.757193644378795
seed-12084-pa-0.65-pb-0.65,seed-12084-pa-0.65-pb-0.65:87,bandit,87,5.773245464372426,5.418120285414776,1.75,1.75,0.0,0.0,3.0,19.769333962159855
seed-12084-pa-0.65-pb-0.65,seed-12084-pa-0.65-pb-0.65:88,bandit,88,5.436967589003199,5.42005849202633,1.75,1.75,0.0,0.0,-2.0,19.78086726405186
seed-12084-pa-0.65-pb-0.65,seed-12084-pa-0.65-pb-0.65:89,bandit,89,6.523245464372426,5.4218997883073055,1.75,1.75,0.0,0.0,3.0,19.791823900849266
seed-12084-pa-0.65-pb-0.65,seed-12084-pa-0.65-pb-0.65:90,bandit,90,5.311967589003199,5.423649019774233,1.75,1.75,0.0,0.0,-2.0,19.8022327058068
seed-12084-pa-0.65-pb-0.65,seed-12084-pa-0.65-pb-0.65:91,bandit,91,6.151300195186874,5.425310789667814,1.75,1.75,0.0,0.0,3.0,19.81212107051646
seed-12084-pa-0.65-pb-0.65,seed-12084-pa-0.65-pb-0.65:92,bandit,92,6.02975041827262,5.426889471066716,1.75,1.75,0.0,0.0,3.0,19.821515016990638
seed-12084-pa-0.65-pb-0.65,seed-12084-pa-0.65-pb-0.65:93,bandit,93,5.776300195186874,5.428389218395673,1.75,1.75,0.0,0.0,3.0,19.830439266141106
seed-12084-pa-0.65-pb-0.65,seed-12084-pa-0.65-pb-0.65:94,bandit,94,5.112822278771571,5.3436856216494775,1.6021505376344083,1.6021505376344083,0.0,0.0,-2.0,19.838917302834048
seed-12084-pa-0.65-pb-0.65,seed-12084-pa-0.65-pb-0.65:95,bandit,95,6.40864569998304,5.353701957054582,1.6170212765957448,1.6170212765957448,0.0,0.0,3.0,19.846971437692346
seed-12084-pa-0.65-pb-0.65,seed-12084-pa-0.65-pb-0.65:96,bandit,96,6.042999079229087,5.363468241341662,1.6315789473684212,1.6315789473684212,0.0,0.0,3.0,19.854622865807727
seed-12084-pa-0.65-pb-0.65,seed-12084-pa-0.65-pb-0.65:97,bandit,97,5.561967589003199,5.342652886421705,1.59375,1.59375,0.0,0.0,-2.0,19.86189172251734
seed-12084-pa-0.65-pb-0.65,seed-12084-pa-0.65-pb-0.65:98,bandit,98,6.4130413716877825,5.352258703759825,1.6082474226804124,1.6082474226804124,0.0,0.0,3.0,19.86879713639147
seed-12084-pa-0.65-pb-0.65,seed-12084-pa-0.65-pb-0.65:99,bandit,99,5.08893946547494,5.331912669652581,1.5714285714285716,1.5714285714285716,0.0,0.0,-2.0,19.875357279571897
seed-12108-pa-0.35-pb-0.20,seed-12108-pa-0.35-pb-0.20:0,bandit,0,4.203889734292549,1.367647220698613,0.5,0.5,0.0,0.0,0.0,0.0
seed-12108-pa-0.35-pb-0.20,seed-12108-pa-0.35-pb-0.20:1,bandit,1,3.849076984180108,1.5357002752100228,0.5,0.5,0.0,0.0,-2.0,1.0
seed-12108-pa-0.35-pb-0.20,seed-12108-pa-0.35-pb-0.20:2,bandit,2,0.1004126516016477,1.209899939183162,-0.3333333333333332,-0.3333333333333332,0.0,0.0,-2.0,1.95
seed-12113-pa-0.65-pb-0.35,seed-12113-pa-0.65-pb-0.35:0,bandit,0,4.203889734292549,1.367647220698613,0.5,0.5,0.0,0.0,0.0,0.0
seed-12113-pa-0.65-pb-0.35,seed-12113-pa-0.65-pb-0.35:1,bandit,1,4.42870067827652,2.021151013022723,1.3333333333333337,1.3333333333333337,0.0,0.0,3.0,1.0
seed-12113-pa-0.65-pb-0.35,seed-12113-pa-0.65-pb-0.35:2,bandit,2,3.6368710061149017,1.695350676995862,0.5,0.5,0.0,0.0,-2.0,1.95
seed-12113-pa-0.65-pb-0.35,seed-12113-pa-0.65-pb-0.35:3,bandit,3,1.9754126516016477,1.8470185586924093,0.5,0.5,0.0,0.0,-2.0,2.8525
seed-12113-pa-0.65-pb-0.35,seed-12113-pa-0.65-pb-0.35:4,bandit,4,3.099076984180108,2.282373488991749,1.0,1.0,0.0,0.0,3.0,3.709875
seed-12113-pa-0.65-pb-0.35,seed-12113-pa-0.65-pb-0.35:5,bandit,5,2.6787006782765204,2.127983309535263,0.5,0.5,0.0,0.0,-2.0,4.524381249999999
seed-12113-pa-0.65-pb-0.35,seed-12113-pa-0.65-pb-0.35:6,bandit,6,1.5984445810050545,2.0499692433993975,0.1428571428571428,0.1428571428571428,0.0,0.0,-2.0,5.298162187499999
seed-12113-pa-0.65-pb-0.35,seed-12113-pa-0.65-pb-0.35:7,bandit,7,1.3490769841801082,2.1735036809654957,0.1428571428571428,0.1428571428571428,0.0,0.0,-2.0,6.033254078124999
seed-12113-pa-0.65-pb-0.35,seed-12113-pa-0.65-pb-0.35:8,bandit,8,1.5990769841801082,2.2908613966532894,0.1428571428571428,0.1428571428571428,0.0,0.0,-2.0,6.731591374218749
seed-12113-pa-0.65-pb-0.35,seed-12113-pa-0.65-pb-0.35:9,bandit,9,2.8769290813453736,2.402351226556693,0.1428571428571428,0.1428571428571428,0.0,0.0,3.0,7.395011805507812
seed-12113-pa-0.65-pb-0.35,seed-12113-pa-0.65-pb-0.35:10,bandit,10,2.5681471805599436,2.3522288278108445,-0.125,-0.125,0.0,0.0,-2.0,8.02526121523242
seed-12113-pa-0.65-pb-0.35,seed-12113-pa-0.65-pb-0.35:11,bandit,11,3.1325990353171704,2.452848399298666,-0.125,-0.125,0.0,0.0,-2.0,8.623998154470799
seed-12113-pa-0.65-pb-0.35,seed-12113-pa-0.65-pb-0.35:12,bandit,12,4.201413277982752,2.548436992212097,-0.125,-0.125,0.0,0.0,3.0,9.192798246747259
seed-12113-pa-0.65-pb-0.35,seed-12113-pa-0.65-pb-0.35:13,bandit,13,3.474076984180108,2.8415172962351476,0.2222222222222223,0.2222222222222223,0.0,0.0,3.0,9.733158334409895
seed-12113-pa-0.65-pb-0.35,seed-12113-pa-0.65-pb-0.35:14,bandit,14,3.349076984180108,2.7983324712561326,0.0,0.0,0.0,0.0,-2.0,10.2465004176894
seed-12113-pa-0.65-pb-0.35,seed-12113-pa-0.65-pb-0.35:15,bandit,15,4.200939419878843,3.0391625280258054,0.2727272727272729,0.2727272727272729,0.0,0.0,3.0,10.73417539680493
seed-12113-pa-0.65-pb-0.35,seed-12113-pa-0.65-pb-0.35:16,bandit,16,3.7618710061149017,3.1170200343825,0.2727272727272729,0.2727272727272729,0.0,0.0,3.0,11.197466626964683
seed-12113-pa-0.65-pb-0.35,seed-12113-pa-0.65-pb-0.35:17,bandit,17,3.849076984180108,3.161563408584227,0.2222222222222223,0.2222222222222223,0.0,0.0,-2.0,11.63759329561645
seed-12113-pa-0.65-pb-0.35,seed-12113-pa-0.65-pb-0.35:18,bandit,18,4.80370067827652,3.393646720675378,0.5,0.5,0.0,0.0,3.0,12.055713630835626
seed-12113-pa-0.65-pb-0.35,seed-12113-pa-0.65-pb-0.35:19,bandit,19,3.724076984180108,3.328004144420849,0.2727272727272729,0.2727272727272729,0.0,0.0,-2.0,12.452927949293844
seed-12113-pa-0.65-pb-0.35,seed-12113-pa-0.65-pb-0.35:20,bandit,20,4.5984445810050545,3.523815225724892,0.5,0.5,0.0,0.0,3.0,12.83028155182915
seed-12113-pa-0.65-pb-0.35,seed-12113-pa-0.65-pb-0.35:21,bandit,21,3.700939419878843,3.472032786643595,0.3076923076923075,0.3076923076923075,0.0,0.0,-2.0,13.188767474237693
seed-12113-pa-0.65-pb-0.35,seed-12113-pa-0.65-pb-0.35:22,bandit,22,5.0984445810050545,3.5292652081906857,0.3076923076923075,0.3076923076923075,0.0,0.0,3.0,13.529329100525807
seed-12113-pa-0.65-pb-0.35,seed-12113-pa-0.65-pb-0.35:23,bandit,23,4.7234445810050545,3.6956631020018147,0.5,0.5,0.0,0.0,3.0,13.852862645499515
seed-12113-pa-0.65-pb-0.35,seed-12113-pa-0.65-pb-0.35:24,bandit,24,4.200939419878843,3.747315362448064,0.5,0.5,0.0,0.0,-2.0,14.160219513224538
seed-12113-pa-0.65-pb-0.35,seed-12113-pa-0.65-pb-0.35:25,bandit,25,5.3484445810050545,3.8934751574345405,0.6666666666666665,0.6666666666666665,0.0,0.0,3.0,14.45220853756331
seed-12113-pa-0.65-pb-0.35,seed-12113-pa-0.65-pb-0.35:26,bandit,26,4.200939419878843,3.8430011749247415,0.5,0.5,0.0,0.0,-2.0,14.729598110685144
seed-12113-pa-0.65-pb-0.35,seed-12113-pa-0.65-pb-0.35:27,bandit,27,3.974076984180108,3.8016187544637794,0.3529411764705883,0.3529411764705883,0.0,0.0,-2.0,14.993118205150886
seed-12113-pa-0.65-pb-0.35,seed-12113-pa-0.65-pb-0.35:28,bandit,28,4.136871006114902,3.8436898434238778,0.3529411764705883,0.3529411764705883,0.0,0.0,-2.0,15.243462294893341
seed-12113-pa-0.65-pb-0.35,seed-12113-pa-0.65-pb-0.35:29,bandit,29,4.501929081345374,3.883657377935971,0.3529411764705883,0.3529411764705883,0.0,0.0,-2.0,15.481289180148673
seed-12113-pa-0.65-pb-0.35,seed-12113-pa-0.65-pb-0.35:30,bandit,30,5.5984445810050545,4.007294312983524,0.5,0.5,0.0,0.0,3.0,15.70722472114124
seed-12113-pa-0.65-pb-0.35,seed-12113-pa-0.65-pb-0.35:31,bandit,31,4.773123264139841,3.9667148963839463,0.3684210526315787,0.3684210526315787,0.0,0.0,-2.0,15.921863485084177
seed-12113-pa-0.65-pb-0.35,seed-12113-pa-0.65-pb-0.35:32,bandit,32,5.313261687518224,4.077632177782994,0.5,0.5,0.0,0.0,3.0,16.125770310829967
seed-12113-pa-0.65-pb-0.35,seed-12113-pa-0.65-pb-0.35:33,bandit,33,5.2234445810050545,4.179536089841998,0.6190476190476191,0.6190476190476191,0.0,0.0,3.0,16.319481795288468
seed-12113-pa-0.65-pb-0.35,seed-12113-pa-0.65-pb-0.35:34,bandit,34,5.076413277982752,4.2735077565316155,0.7272727272727271,0.7272727272727271,0.0,0.0,3.0,16.503507705524044
seed-12113-pa-0.65-pb-0.35,seed-12113-pa-0.65-pb-0.35:35,bandit,35,5.023123264139841,4.302887567039729,0.7272727272727271,0.7272727272727271,0.0,0.0,-2.0,16.67833232024784
seed-12113-pa-0.65-pb-0.35,seed-12113-pa-0.65-pb-0.35:36,bandit,36,4.63259903531717,4.261722392709169,0.6086956521739131,0.6086956521739131,0.0,0.0,-2.0,16.844415704235445
seed-12113-pa-0.65-pb-0.35,seed-12113-pa-0.65-pb-0.35:37,bandit,37,4.88259903531717,4.288237671692742,0.6086956521739131,0.6086956521739131,0.0,0.0,-2.0,17.002194919023673
seed-12113-pa-0.65-pb-0.35,seed-12113-pa-0.65-pb-0.35:38,bandit,38,4.700939419878843,4.313427186727137,0.6086956521739131,0.6086956521739131,0.0,0.0,-2.0,17.15208517307249
seed-12113-pa-0.65-pb-0.35,seed-12113-pa-0.65-pb-0.35:39,bandit,39,5.00759903531717,4.274037564555981,0.5,0.5,0.0,0.0,-2.0,17.294480914418862
seed-12113-pa-0.65-pb-0.35,seed-12113-pa-0.65-pb-0.35:40,bandit,40,5.200939419878843,4.296771101874523,0.5,0.5,0.0,0.0,-2.0,17.42975686869792
seed-12113-pa-0.65-pb-0.35,seed-12113-pa-0.65-pb-0.35:41,bandit,41,4.898123264139841,4.318367962327137,0.5,0.5,0.0,0.0,-2.0,17.558269025263023
seed-12113-pa-0.65-pb-0.35,seed-12113-pa-0.65-pb-0.35:42,bandit,42,5.13259903531717,4.280630891219596,0.3999999999999999,0.3999999999999999,0.0,0.0,-2.0,17.680355573999872
seed-12113-pa-0.65-pb-0.35,seed-12113-pa-0.65-pb-0.35:43,bandit,43,5.126929081345374,4.358376146315605,0.5,0.5,0.0,0.0,3.0,17.796337795299877
seed-12113-pa-0.65-pb-0.35,seed-12113-pa-0.65-pb-0.35:44,bandit,44,4.773123264139841,4.376892754546165,0.5,0.5,0.0,0.0,3.0,17.906520905534883
seed-12113-pa-0.65-pb-0.35,seed-12113-pa-0.65-pb-0.35:45,bandit,45,5.773123264139841,4.3944835323651965,0.5,0.5,0.0,0.0,-2.0,18.011194860258136
seed-12113-pa-0.65-pb-0.35,seed-12113-pa-0.65-pb-0.35:46,bandit,46,6.438261687518224,4.465133742161354,0.5925925925925926,0.5925925925925926,0.0,0.0,3.0,18.110635117245227
seed-12113-pa-0.65-pb-0.35,seed-12113-pa-0.65-pb-0.35:47,bandit,47,5.648123264139841,4.48100941914303,0.5925925925925926,0.5925925925925926,0.0,0.0,3.0,18.205103361382964
seed-12113-pa-0.65-pb-0.35,seed-12113-pa-0.65-pb-0.35:48,bandit,48,5.898123264139841,4.496091312275623,0.5925925925925926,0.5925925925925926,0.0,0.0,3.0,18.294848193313815
seed-12113-pa-0.65-pb-0.35,seed-12113-pa-0.65-pb-0.35:49,bandit,49,5.523123264139841,4.510419110751585,0.5925925925925926,0.5925925925925926,0.0,0.0,-2.0,18.380105783648123
seed-12113-pa-0.65-pb-0.35,seed-12113-pa-0.65-pb-0.35:50,bandit,50,6.42870067827652,4.574116706538394,0.6785714285714284,0.6785714285714284,0.0,0.0,3.0,18.461100494465715
seed-12113-pa-0.65-pb-0.35,seed-12113-pa-0.65-pb-0.35:51,bandit,51,5.398123264139841,4.533241428402922,0.5862068965517242,0.5862068965517242,0.0,0.0,-2.0,18.53804546974243
seed-12113-pa-0.65-pb-0.35,seed-12113-pa-0.65-pb-0.35:52,bandit,52,6.4734445810050545,4.5455257246212515,0.5862068965517242,0.5862068965517242,0.0,0.0,3.0,18.611143196255306
seed-12113-pa-0.65-pb-0.35,seed-12113-pa-0.65-pb-0.35:53,bandit,53,5.9734445810050545,4.60406691174851,0.6666666666666665,0.6666666666666665,0.0,0.0,3.0,18.680586036442538
seed-12113-pa-0.65-pb-0.35,seed-12113-pa-0.65-pb-0.35:54,bandit,54,5.761871006114902,4.659000652500892,0.7419354838709675,0.7419354838709675,0.0,0.0,3.0,18.74655673462041
seed-12113-pa-0.65-pb-0.35,seed-12113-pa-0.65-pb-0.35:55,bandit,55,5.55370067827652,4.669532900971082,0.7419354838709675,0.7419354838709675,0.0,0.0,-2.0,18.809228897889387
seed-12113-pa-0.65-pb-0.35,seed-12113-pa-0.65-pb-0.35:56,bandit,56,6.5984445810050545,4.679538537017762,0.7419354838709675,0.7419354838709675,0.0,0.0,3.0,18.868767452994916
seed-12113-pa-0.65-pb-0.35,seed-12113-pa-0.65-pb-0.35:57,bandit,57,6.05370067827652,4.730150606963989,0.8125,0.8125,0.0,0.0,3.0,18.92532908034517
seed-12113-pa-0.65-pb-0.35,seed-12113-pa-0.65-pb-0.35:58,bandit,58,5.724076984180108,4.689532322583456,0.7272727272727271,0.7272727272727271,0.0,0.0,-2.0,18.97906262632791
seed-12113-pa-0.65-pb-0.35,seed-12113-pa-0.65-pb-0.35:59,bandit,59,6.313261687518224,4.737050803544008,0.7941176470588234,0.7941176470588234,0.0,0.0,3.0,19.030109495011512
seed-12113-pa-0.65-pb-0.35,seed-12113-pa-0.65-pb-0.35:60,bandit,60,6.4734445810050545,4.781915218322568,0.8571428571428572,0.8571428571428572,0.0,0.0,3.0,19.078604020260936
seed-12113-pa-0.65-pb-0.35,seed-12113-pa-0.65-pb-0.35:61,bandit,61,6.156150136248314,4.824332441463959,0.9166666666666664,0.9166666666666664,0.0,0.0,3.0,19.12467381924789
seed-12113-pa-0.65-pb-0.35,seed-12113-pa-0.65-pb-0.35:62,bandit,62,6.326413277982752,4.864488228910304,0.9729729729729728,0.9729729729729728,0.0,0.0,3.0,19.168440128285493
seed-12113-pa-0.65-pb-0.35,seed-12113-pa-0.65-pb-0.35:63,bandit,63,7.011871006114902,4.871475537732841,0.9729729729729728,0.9729729729729728,0.0,0.0,3.0,19.21001812187122
seed-12113-pa-0.65-pb-0.35,seed-12113-pa-0.65-pb-0.35:64,bandit,64,6.376929081345374,4.909187852666984,1.026315789473684,1.026315789473684,0.0,0.0,3.0,19.249517215777658
seed-12113-pa-0.65-pb-0.35,seed-12113-pa-0.65-pb-0.35:65,bandit,65,6.410224150438086,4.944974712916531,1.076923076923077,1.076923076923077,0.0,0.0,3.0,19.287041354988773
seed-12113-pa-0.65-pb-0.35,seed-12113-pa-0.65-pb-0.35:66,bandit,66,6.160224150438086,4.978972230153603,1.125,1.125,0.0,0.0,3.0,19.322689287239335
seed-12113-pa-0.65-pb-0.35,seed-12113-pa-0.65-pb-0.35:67,bandit,67,6.126928011042974,5.011304026130448,1.170731707317073,1.170731707317073,0.0,0.0,3.0,19.356554822877367
seed-12113-pa-0.65-pb-0.35,seed-12113-pa-0.65-pb-0.35:68,bandit,68,6.225206558916746,5.042082662282905,1.2142857142857144,1.2142857142857144,0.0,0.0,3.0,19.3887270817335
seed-12113-pa-0.65-pb-0.35,seed-12113-pa-0.65-pb-0.35:69,bandit,69,6.46393946547494,5.071410873568835,1.255813953488372,1.255813953488372,0.0,0.0,3.0,19.419290727646825
seed-12113-pa-0.65-pb-0.35,seed-12113-pa-0.65-pb-0.35:70,bandit,70,6.626929081345374,5.076290371918937,1.255813953488372,1.255813953488372,0.0,0.0,3.0,19.44832619126448
seed-12113-pa-0.65-pb-0.35,seed-12113-pa-0.65-pb-0.35:71,bandit,71,5.563261687518224,5.037820333008757,1.1818181818181817,1.1818181818181817,0.0,0.0,-2.0,19.475909881701256
seed-12113-pa-0.65-pb-0.35,seed-12113-pa-0.65-pb-0.35:72,bandit,72,5.156150136248314,5.001034320697738,1.1111111111111112,1.1111111111111112,0.0,0.0,-2.0,19.502114387616192
seed-12113-pa-0.65-pb-0.35,seed-12113-pa-0.65-pb-0.35:73,bandit,73,4.951413277982752,4.965818980135496,1.0434782608695654,1.0434782608695654,0.0,0.0,-2.0,19.527008668235382
seed-12113-pa-0.65-pb-0.35,seed-12113-pa-0.65-pb-0.35:74,bandit,74,4.451413277982752,4.932071010534109,0.978723404255319,0.978723404255319,0.0,0.0,-2.0,19.55065823482361
seed-12113-pa-0.65-pb-0.35,seed-12113-pa-0.65-pb-0.35:75,bandit,75,6.376928011042974,4.960377428710176,1.0208333333333337,1.0208333333333337,0.0,0.0,3.0,19.57312532308243
seed-12113-pa-0.65-pb-0.35,seed-12113-pa-0.65-pb-0.35:76,bandit,76,6.031150136248314,4.963964308377654,1.0208333333333337,1.0208333333333337,0.0,0.0,-2.0,19.594469056928308
seed-12113-pa-0.65-pb-0.35,seed-12113-pa-0.65-pb-0.35:77,bandit,77,6.850412651601648,4.990901344108803,1.0612244897959182,1.0612244897959182,0.0,0.0,3.0,19.614745604081893
seed-12113-pa-0.65-pb-0.35,seed-12113-pa-0.65-pb-0.35:78,bandit,78,6.660224150438086,5.016726823053864,1.1,1.1,0.0,0.0,3.0,19.634008323877797
seed-12113-pa-0.65-pb-0.35,seed-12113-pa-0.65-pb-0.35:79,bandit,79,6.612822278771571,5.041504627581572,1.1372549019607845,1.1372549019607845,0.0,0.0,3.0,19.652307907683905
seed-12113-pa-0.65-pb-0.35,seed-12113-pa-0.65-pb-0.35:80,bandit,80,6.475206558916746,5.065293955385656,1.173076923076923,1.173076923076923,0.0,0.0,3.0,19.669692512299708
seed-12113-pa-0.65-pb-0.35,seed-12113-pa-0.65-pb-0.35:81,bandit,81,6.46393946547494,5.088149742549216,1.207547169811321,1.207547169811321,0.0,0.0,3.0,19.686207886684723
seed-12113-pa-0.65-pb-0.35,seed-12113-pa-0.65-pb-0.35:82,bandit,82,5.80474463538566,5.05618407003534,1.1481481481481484,1.1481481481481484,0.0,0.0,-2.0,19.701897492350486
seed-12113-pa-0.65-pb-0.35,seed-12113-pa-0.65-pb-0.35:83,bandit,83,6.83893946547494,5.078303093108496,1.1818181818181817,1.1818181818181817,0.0,0.0,3.0,19.716802617732963
seed-12113-pa-0.65-pb-0.35,seed-12113-pa-0.65-pb-0.35:84,bandit,84,6.578889734292549,5.099596367474062,1.2142857142857144,1.2142857142857144,0.0,0.0,3.0,19.730962486846312
seed-12113-pa-0.65-pb-0.35,seed-12113-pa-0.65-pb-0.35:85,bandit,85,5.785224150438086,5.069006946340068,1.1578947368421053,1.1578947368421053,0.0,0.0,-2.0,19.744414362503996
seed-12113-pa-0.65-pb-0.35,seed-12113-pa-0.65-pb-0.35:86,bandit,86,5.688261687518224,5.0711545436935905,1.1578947368421053,1.1578947368421053,0.0,0.0,-2.0,19.757193644378795
seed-12113-pa-0.65-pb-0.35,seed-12113-pa-0.65-pb-0.35:87,bandit,87,7.21393946547494,5.091696513437271,1.1896551724137931,1.1896551724137931,0.0,0.0,3.0,19.769333962159855
seed-12113-pa-0.65-pb-0.35,seed-12113-pa-0.65-pb-0.35:88,bandit,88,6.58893946547494,5.111509294264021,1.220338983050847,1.220338983050847,0.0,0.0,3.0,19.78086726405186
seed-12113-pa-0.65-pb-0.35,seed-12113-pa-0.65-pb-0.35:89,bandit,89,6.8199361996449746,5.1306293456196865,1.25,1.25,0.0,0.0,3.0,19.791823900849266
seed-12113-pa-0.65-pb-0.35,seed-12113-pa-0.65-pb-0.35:90,bandit,90,6.001928011042974,5.101341562701867,1.19672131147541,1.19672131147541,0.0,0.0,-2.0,19.8022327058068
seed-12113-pa-0.65-pb-0.35,seed-12113-pa-0.65-pb-0.35:91,bandit,91,5.910224150438086,5.072967512223113,1.1451612903225803,1.1451612903225803,0.0,0.0,-2.0,19.81212107051646
seed-12113-pa-0.65-pb-0.35,seed-12113-pa-0.65-pb-0.35:92,bandit,92,6.975206558916746,5.091697294957948,1.1746031746031744,1.1746031746031744,0.0,0.0,3.0,19.821515016990638
seed-12113-pa-0.65-pb-0.35,seed-12113-pa-0.65-pb-0.35:93,bandit,93,6.6949361996449746,5.109812171706089,1.203125,1.203125,0.0,0.0,3.0,19.830439266141106
seed-12113-pa-0.65-pb-0.35,seed-12113-pa-0.65-pb-0.35:94,bandit,94,6.561967589003199,5.1273408263364235,1.2307692307692308,1.2307692307692308,0.0,0.0,3.0,19.838917302834048
seed-12113-pa-0.65-pb-0.35,seed-12113-pa-0.65-pb-0.35:95,bandit,95,6.554882179158078,5.144310246160517,1.2575757575757578,1.2575757575757578,0.0,0.0,3.0,19.846971437692346
seed-12113-pa-0.65-pb-0.35,seed-12113-pa-0.65-pb-0.35:96,bandit,96,6.0699361996449746,5.117272643280486,1.2089552238805972,1.2089552238805972,0.0,0.0,-2.0,19.854622865807727
seed-12113-pa-0.65-pb-0.35,seed-12113-pa-0.65-pb-0.35:97,bandit,97,6.804882179158078,5.1338376793478595,1.2352941176470589,1.2352941176470589,0.0,0.0,3.0,19.86189172251734
seed-12113-pa-0.65-pb-0.35,seed-12113-pa-0.65-pb-0.35:98,bandit,98,6.54858735157374,5.149896899113562,1.2608695652173911,1.2608695652173911,0.0,0.0,3.0,19.86879713639147
seed-12113-pa-0.65-pb-0.35,seed-12113-pa-0.65-pb-0.35:99,bandit,99,6.417999079229087,5.165472416688227,1.2857142857142856,1.2857142857142856,0.0,0.0,3.0,19.875357279571897
seed-12115-pa-0.35-pb-0.35,seed-12115-pa-0.35-pb-0.35:0,bandit,0,4.203889734292549,1.367647220698613,0.5,0.5,0.0,0.0,0.0,0.0
seed-12115-pa-0.35-pb-0.35,seed-12115-pa-0.35-pb-0.35:1,bandit,1,4.42870067827652,2.021151013022723,1.3333333333333337,1.3333333333333337,0.0,0.0,3.0,1.0
seed-12115-pa-0.35-pb-0.35,seed-12115-pa-0.35-pb-0.35:2,bandit,2,3.201413277982752,2.423526783714911,1.75,1.75,0.0,0.0,3.0,1.95
seed-12115-pa-0.35-pb-0.35,seed-12115-pa-0.35-pb-0.35:3,bandit,3,3.42974463538566,2.138289001380029,1.0,1.0,0.0,0.0,-2.0,2.8525
seed-12115-pa-0.35-pb-0.35,seed-12115-pa-0.35-pb-0.35:4,bandit,4,2.2254126516016477,2.282373488991749,1.0,1.0,0.0,0.0,-2.0,3.709875
seed-12115-pa-0.35-pb-0.35,seed-12115-pa-0.35-pb-0.35:5,bandit,5,4.001929081345374,2.613434047347963,1.3333333333333337,1.3333333333333337,0.0,0.0,3.0,4.524381249999999
seed-12115-pa-0.35-pb-0.35,seed-12115-pa-0.35-pb-0.35:6,bandit,6,2.701413277982752,2.7434702974175402,1.3333333333333337,1.3333333333333337,0.0,0.0,3.0,5.298162187499999
seed-12115-pa-0.35-pb-0.35,seed-12115-pa-0.35-pb-0.35:7,bandit,7,2.8825990353171704,3.005704945787267,1.5714285714285716,1.5714285714285716,0.0,0.0,3.0,6.033254078124999
seed-12115-pa-0.35-pb-0.35,seed-12115-pa-0.35-pb-0.35:8,bandit,8,2.767675057605601,3.1230626614750605,1.5714285714285716,1.5714285714285716,0.0,0.0,3.0,6.731591374218749
seed-12115-pa-0.35-pb-0.35,seed-12115-pa-0.35-pb-0.35:9,bandit,9,2.0537006782765204,3.234552491378464,1.5714285714285716,1.5714285714285716,0.0,0.0,-2.0,7.395011805507812
seed-12115-pa-0.35-pb-0.35,seed-12115-pa-0.35-pb-0.35:10,bandit,10,2.656150136248314,3.080404934529894,1.125,1.125,0.0,0.0,-2.0,8.02526121523242
seed-12115-pa-0.35-pb-0.35,seed-12115-pa-0.35-pb-0.35:11,bandit,11,2.0231232641398407,3.1810245060177156,1.125,1.125,0.0,0.0,-2.0,8.623998154470799
seed-12115-pa-0.35-pb-0.35,seed-12115-pa-0.35-pb-0.35:12,bandit,12,4.075939419878843,3.397975783384322,1.3333333333333337,1.3333333333333337,0.0,0.0,3.0,9.192798246747259
seed-12115-pa-0.35-pb-0.35,seed-12115-pa-0.35-pb-0.35:13,bandit,13,3.7234445810050545,3.488784946652081,1.3333333333333337,1.3333333333333337,0.0,0.0,3.0,9.733158334409895
seed-12115-pa-0.35-pb-0.35,seed-12115-pa-0.35-pb-0.35:14,bandit,14,4.224076984180108,3.672143799318992,1.5,1.5,0.0,0.0,3.0,10.2465004176894
seed-12115-pa-0.35-pb-0.35,seed-12115-pa-0.35-pb-0.35:15,bandit,15,3.6481232641398407,3.754099069168145,1.5,1.5,0.0,0.0,-2.0,10.73417539680493
seed-12115-pa-0.35-pb-0.35,seed-12115-pa-0.35-pb-0.35:16,bandit,16,4.281150136248314,3.8319565755248397,1.5,1.5,0.0,0.0,3.0,11.197466626964683
seed-12115-pa-0.35-pb-0.35,seed-12115-pa-0.35-pb-0.35:17,bandit,17,3.474076984180108,3.72056728848976,1.1818181818181817,1.1818181818181817,0.0,0.0,-2.0,11.63759329561645
seed-12115-pa-0.35-pb-0.35,seed-12115-pa-0.35-pb-0.35:18,bandit,18,4.7234445810050545,3.7908336879766775,1.1818181818181817,1.1818181818181817,0.0,0.0,3.0,12.055713630835626
seed-12115-pa-0.35-pb-0.35,seed-12115-pa-0.35-pb-0.35:19,bandit,19,4.3484445810050545,3.8575867674892486,1.1818181818181817,1.1818181818181817,0.0,0.0,3.0,12.452927949293844
seed-12115-pa-0.35-pb-0.35,seed-12115-pa-0.35-pb-0.35:20,bandit,20,3.7731232641398407,3.7665405946312416,0.9166666666666664,0.9166666666666664,0.0,0.0,-2.0,12.83028155182915
seed-12115-pa-0.35-pb-0.35,seed-12115-pa-0.35-pb-0.35:21,bandit,21,3.224076984180108,3.826785248891337,0.9166666666666664,0.9166666666666664,0.0,0.0,-2.0,13.188767474237693
seed-12115-pa-0.35-pb-0.35,seed-12115-pa-0.35-pb-0.35:22,bandit,22,4.575939419878843,3.977373581556255,1.076923076923077,1.076923076923077,0.0,0.0,3.0,13.529329100525807
seed-12115-pa-0.35-pb-0.35,seed-12115-pa-0.35-pb-0.35:23,bandit,23,3.8825990353171704,4.031744382025991,1.076923076923077,1.076923076923077,0.0,0.0,-2.0,13.852862645499515
seed-12115-pa-0.35-pb-0.35,seed-12115-pa-0.35-pb-0.35:24,bandit,24,4.67870067827652,4.083396642472241,1.076923076923077,1.076923076923077,0.0,0.0,3.0,14.160219513224538
seed-12115-pa-0.35-pb-0.35,seed-12115-pa-0.35-pb-0.35:25,bandit,25,3.9734445810050545,4.004435326077444,0.8571428571428572,0.8571428571428572,0.0,0.0,-2.0,14.45220853756331
seed-12115-pa-0.35-pb-0.35,seed-12115-pa-0.35-pb-0.35:26,bandit,26,4.80370067827652,4.134271617612361,1.0,1.0,0.0,0.0,3.0,14.729598110685144
seed-12115-pa-0.35-pb-0.35,seed-12115-pa-0.35-pb-0.35:27,bandit,27,3.974076984180108,4.178556974412464,1.0,1.0,0.0,0.0,-2.0,14.993118205150886
seed-12115-pa-0.35-pb-0.35,seed-12115-pa-0.35-pb-0.35:28,bandit,28,3.700939419878843,4.220628063372562,1.0,1.0,0.0,0.0,-2.0,15.243462294893341
seed-12115-pa-0.35-pb-0.35,seed-12115-pa-0.35-pb-0.35:29,bandit,29,3.3825990353171704,4.260595597884656,1.0,1.0,0.0,0.0,-2.0,15.481289180148673
seed-12115-pa-0.35-pb-0.35,seed-12115-pa-0.35-pb-0.35:30,bandit,30,4.011871006114902,4.189338339663286,0.8125,0.8125,0.0,0.0,-2.0,15.70722472114124
seed-12115-pa-0.35-pb-0.35,seed-12115-pa-0.35-pb-0.35:31,bandit,31,3.849076984180108,4.1290327901417525,0.6470588235294117,0.6470588235294117,0.0,0.0,-2.0,15.921863485084177
seed-12115-pa-0.35-pb-0.35,seed-12115-pa-0.35-pb-0.35:32,bandit,32,3.0231232641398407,4.077632177782994,0.5,0.5,0.0,0.0,-2.0,16.125770310829967
seed-12115-pa-0.35-pb-0.35,seed-12115-pa-0.35-pb-0.35:33,bandit,33,3.5231232641398407,4.110185984440185,0.5,0.5,0.0,0.0,-2.0,16.319481795288468
seed-12115-pa-0.35-pb-0.35,seed-12115-pa-0.35-pb-0.35:34,bandit,34,3.575939419878843,4.064461984267774,0.3684210526315787,0.3684210526315787,0.0,0.0,-2.0,16.503507705524044
seed-12115-pa-0.35-pb-0.35,seed-12115-pa-0.35-pb-0.35:35,bandit,35,4.13259903531717,4.093841794775887,0.3684210526315787,0.3684210526315787,0.0,0.0,-2.0,16.67833232024784
seed-12115-pa-0.35-pb-0.35,seed-12115-pa-0.35-pb-0.35:36,bandit,36,4.63259903531717,4.121752614758596,0.3684210526315787,0.3684210526315787,0.0,0.0,3.0,16.844415704235445
seed-12115-pa-0.35-pb-0.35,seed-12115-pa-0.35-pb-0.35:37,bandit,37,4.648123264139841,4.148267893742169,0.3684210526315787,0.3684210526315787,0.0,0.0,-2.0,17.002194919023673
seed-12115-pa-0.35-pb-0.35,seed-12115-pa-0.35-pb-0.35:38,bandit,38,4.450939419878843,4.173457408776565,0.3684210526315787,0.3684210526315787,0.0,0.0,-2.0,17.15208517307249
seed-12115-pa-0.35-pb-0.35,seed-12115-pa-0.35-pb-0.35:39,bandit,39,4.273123264139841,4.197387448059239,0.3684210526315787,0.3684210526315787,0.0,0.0,-2.0,17.294480914418862
seed-12115-pa-0.35-pb-0.35,seed-12115-pa-0.35-pb-0.35:40,bandit,40,5.148123264139841,4.296771101874523,0.5,0.5,0.0,0.0,3.0,17.42975686869792
seed-12115-pa-0.35-pb-0.35,seed-12115-pa-0.35-pb-0.35:41,bandit,41,5.136871006114902,4.249017856925322,0.3809523809523809,0.3809523809523809,0.0,0.0,-2.0,17.558269025263023
seed-12115-pa-0.35-pb-0.35,seed-12115-pa-0.35-pb-0.35:42,bandit,42,5.13259903531717,4.269534874355306,0.3809523809523809,0.3809523809523809,0.0,0.0,3.0,17.680355573999872
seed-12115-pa-0.35-pb-0.35,seed-12115-pa-0.35-pb-0.35:43,bandit,43,5.011871006114902,4.225980490548505,0.2727272727272729,0.2727272727272729,0.0,0.0,-2.0,17.796337795299877
seed-12115-pa-0.35-pb-0.35,seed-12115-pa-0.35-pb-0.35:44,bandit,44,5.63259903531717,4.244497098779065,0.2727272727272729,0.2727272727272729,0.0,0.0,3.0,17.906520905534883
seed-12115-pa-0.35-pb-0.35,seed-12115-pa-0.35-pb-0.35:45,bandit,45,5.17870067827652,4.204524548003705,0.1739130434782607,0.1739130434782607,0.0,0.0,-2.0,18.011194860258136
seed-12118-pa-0.50-pb-0.35,seed-12118-pa-0.50-pb-0.35:0,bandit,0,4.203889734292549,1.367647220698613,0.5,0.5,0.0,0.0,0.0,0.0
seed-12118-pa-0.50-pb-0.35,seed-12118-pa-0.50-pb-0.35:1,bandit,1,4.42870067827652,2.021151013022723,1.3333333333333337,1.3333333333333337,0.0,0.0,3.0,1.0
seed-12118-pa-0.50-pb-0.35,seed-12118-pa-0.50-pb-0.35:2,bandit,2,3.6368710061149017,1.695350676995862,0.5,0.5,0.0,0.0,-2.0,1.95
seed-12118-pa-0.50-pb-0.35,seed-12118-pa-0.50-pb-0.35:3,bandit,3,4.100206558916746,2.332469296505109,1.3333333333333337,1.3333333333333337,0.0,0.0,3.0,2.8525
seed-12118-pa-0.50-pb-0.35,seed-12118-pa-0.50-pb-0.35:4,bandit,4,3.392675057605601,2.4765537841168292,1.3333333333333337,1.3333333333333337,0.0,0.0,3.0,3.709875
seed-12118-pa-0.50-pb-0.35,seed-12118-pa-0.50-pb-0.35:5,bandit,5,3.251928011042974,2.613434047347963,1.3333333333333337,1.3333333333333337,0.0,0.0,3.0,4.524381249999999
seed-12118-pa-0.50-pb-0.35,seed-12118-pa-0.50-pb-0.35:6,bandit,6,2.974076984180108,2.7434702974175402,1.3333333333333337,1.3333333333333337,0.0,0.0,-2.0,5.298162187499999
seed-12118-pa-0.50-pb-0.35,seed-12118-pa-0.50-pb-0.35:7,bandit,7,5.151300195186874,3.1097301038899876,1.75,1.75,0.0,0.0,3.0,6.033254078124999
seed-12118-pa-0.50-pb-0.35,seed-12118-pa-0.50-pb-0.35:8,bandit,8,3.599076984180108,3.2270878195777812,1.75,1.75,0.0,0.0,-2.0,6.731591374218749
seed-12118-pa-0.50-pb-0.35,seed-12118-pa-0.50-pb-0.35:9,bandit,9,4.5699361996449746,3.3385776494811847,1.75,1.75,0.0,0.0,3.0,7.395011805507812
seed-12118-pa-0.50-pb-0.35,seed-12118-pa-0.50-pb-0.35:10,bandit,10,3.3868710061149017,3.4444929878894186,1.75,1.75,0.0,0.0,-2.0,8.02526121523242
seed-12118-pa-0.50-pb-0.35,seed-12118-pa-0.50-pb-0.35:11,bandit,11,4.1949361996449746,3.54511255937724,1.75,1.75,0.0,0.0,3.0,8.623998154470799
seed-12118-pa-0.50-pb-0.35,seed-12118-pa-0.50-pb-0.35:12,bandit,12,3.4754126516016477,3.640701152290671,1.75,1.75,0.0,0.0,-2.0,9.192798246747259
seed-12118-pa-0.50-pb-0.35,seed-12118-pa-0.50-pb-0.35:13,bandit,13,3.156150136248314,3.73151031555843,1.75,1.75,0.0,0.0,-2.0,9.733158334409895
seed-12118-pa-0.50-pb-0.35,seed-12118-pa-0.50-pb-0.35:14,bandit,14,3.0352241504380864,3.8177790206628015,1.75,1.75,0.0,0.0,-2.0,10.2465004176894
seed-12118-pa-0.50-pb-0.35,seed-12118-pa-0.50-pb-0.35:15,bandit,15,2.326413277982752,3.8997342905119545,1.75,1.75,0.0,0.0,-2.0,10.73417539680493
seed-12118-pa-0.50-pb-0.35,seed-12118-pa-0.50-pb-0.35:16,bandit,16,2.474076984180108,3.54068613283722,1.0,1.0,0.0,0.0,-2.0,11.197466626964683
seed-12118-pa-0.50-pb-0.35,seed-12118-pa-0.50-pb-0.35:17,bandit,17,3.031150136248314,3.6146507638760803,1.0,1.0,0.0,0.0,-2.0,11.63759329561645
seed-12118-pa-0.50-pb-0.35,seed-12118-pa-0.50-pb-0.35:18,bandit,18,4.453889734292549,3.684917163362998,1.0,1.0,0.0,0.0,3.0,12.055713630835626
seed-12118-pa-0.50-pb-0.35,seed-12118-pa-0.50-pb-0.35:19,bandit,19,4.0699361996449746,3.751670242875569,1.0,1.0,0.0,0.0,3.0,12.452927949293844
seed-12118-pa-0.50-pb-0.35,seed-12118-pa-0.50-pb-0.35:20,bandit,20,4.776300195186874,3.815085668412512,1.0,1.0,0.0,0.0,3.0,12.83028155182915
seed-12118-pa-0.50-pb-0.35,seed-12118-pa-0.50-pb-0.35:21,bandit,21,4.526300195186874,3.8753303226726077,1.0,1.0,0.0,0.0,3.0,13.188767474237693
seed-12123-pa-0.35-pb-0.50,seed-12123-pa-0.35-pb-0.50:0,bandit,0,4.203889734292549,1.367647220698613,0.5,0.5,0.0,0.0,0.0,0.0
seed-12123-pa-0.35-pb-0.50,seed-12123-pa-0.35-pb-0.50:1,bandit,1,4.42870067827652,2.021151013022723,1.3333333333333337,1.3333333333333337,0.0,0.0,3.0,1.0
seed-12123-pa-0.35-pb-0.50,seed-12123-pa-0.35-pb-0.50:2,bandit,2,2.501928011042974,2.180801414808562,1.3333333333333337,1.3333333333333337,0.0,0.0,-2.0,1.95
seed-12123-pa-0.35-pb-0.50,seed-12123-pa-0.35-pb-0.50:3,bandit,3,2.6368710061149017,2.575194665411458,1.75,1.75,0.0,0.0,3.0,2.8525
seed-12123-pa-0.35-pb-0.50,seed-12123-pa-0.35-pb-0.50:4,bandit,4,1.2254126516016477,2.7192791530231784,1.75,1.75,0.0,0.0,-2.0,3.709875
seed-12129-pa-0.65-pb-0.35,seed-12129-pa-0.65-pb-0.35:0,bandit,0,4.203889734292549,1.367647220698613,0.5,0.5,0.0,0.0,0.0,0.0
seed-12129-pa-0.65-pb-0.35,seed-12129-pa-0.65-pb-0.35:1,bandit,1,4.42870067827652,2.021151013022723,1.3333333333333337,1.3333333333333337,0.0,0.0,3.0,1.0
seed-12129-pa-0.65-pb-0.35,seed-12129-pa-0.65-pb-0.35:2,bandit,2,3.201413277982752,2.423526783714911,1.75,1.75,0.0,0.0,3.0,1.95
seed-12129-pa-0.65-pb-0.35,seed-12129-pa-0.65-pb-0.35:3,bandit,3,3.4878222787715707,2.7208298867552685,2.0,2.0,0.0,0.0,3.0,2.8525
seed-12129-pa-0.65-pb-0.35,seed-12129-pa-0.65-pb-0.35:4,bandit,4,2.826413277982752,2.4765537841168292,1.3333333333333337,1.3333333333333337,0.0,0.0,-2.0,3.709875
seed-12129-pa-0.65-pb-0.35,seed-12129-pa-0.65-pb-0.35:5,bandit,5,4.96393946547494,2.613434047347963,1.3333333333333337,1.3333333333333337,0.0,0.0,3.0,4.524381249999999
seed-12129-pa-0.65-pb-0.35,seed-12129-pa-0.65-pb-0.35:6,bandit,6,4.08893946547494,2.8821705082211686,1.5714285714285716,1.5714285714285716,0.0,0.0,3.0,5.298162187499999
seed-12129-pa-0.65-pb-0.35,seed-12129-pa-0.65-pb-0.35:7,bandit,7,3.6949361996449746,3.1097301038899876,1.75,1.75,0.0,0.0,3.0,6.033254078124999
seed-12129-pa-0.65-pb-0.35,seed-12129-pa-0.65-pb-0.35:8,bandit,8,2.1269290813453736,3.2270878195777812,1.75,1.75,0.0,0.0,-2.0,6.731591374218749
seed-12129-pa-0.65-pb-0.35,seed-12129-pa-0.65-pb-0.35:9,bandit,9,4.001928011042974,3.4194861057833017,1.8888888888888888,1.8888888888888888,0.0,0.0,3.0,7.395011805507812
seed-12129-pa-0.65-pb-0.35,seed-12129-pa-0.65-pb-0.35:10,bandit,10,3.4754126516016477,3.590128209233229,2.0,2.0,0.0,0.0,3.0,8.02526121523242
seed-12129-pa-0.65-pb-0.35,seed-12129-pa-0.65-pb-0.35:11,bandit,11,3.6004126516016477,3.74370604302789,2.090909090909091,2.090909090909091,0.0,0.0,3.0,8.623998154470799
seed-12129-pa-0.65-pb-0.35,seed-12129-pa-0.65-pb-0.35:12,bandit,12,3.325939419878843,3.640701152290671,1.75,1.75,0.0,0.0,-2.0,9.192798246747259
seed-12129-pa-0.65-pb-0.35,seed-12129-pa-0.65-pb-0.35:13,bandit,13,3.0681471805599436,3.563469675546342,1.4615384615384617,1.4615384615384617,0.0,0.0,-2.0,9.733158334409895
seed-12129-pa-0.65-pb-0.35,seed-12129-pa-0.65-pb-0.35:14,bandit,14,2.4287006782765204,3.6497383806507133,1.4615384615384617,1.4615384615384617,0.0,0.0,-2.0,10.2465004176894
seed-12129-pa-0.65-pb-0.35,seed-12129-pa-0.65-pb-0.35:15,bandit,15,3.200939419878843,3.587658816203791,1.2142857142857144,1.2142857142857144,0.0,0.0,-2.0,10.73417539680493
seed-12129-pa-0.65-pb-0.35,seed-12129-pa-0.65-pb-0.35:16,bandit,16,5.203889734292549,3.6655163225604857,1.2142857142857144,1.2142857142857144,0.0,0.0,3.0,11.197466626964683
seed-12129-pa-0.65-pb-0.35,seed-12129-pa-0.65-pb-0.35:17,bandit,17,5.001928011042974,3.8088310590011605,1.3333333333333337,1.3333333333333337,0.0,0.0,3.0,11.63759329561645
seed-12129-pa-0.65-pb-0.35,seed-12129-pa-0.65-pb-0.35:18,bandit,18,4.600206558916746,3.9397788007146652,1.4375,1.4375,0.0,0.0,3.0,12.055713630835626
seed-12129-pa-0.65-pb-0.35,seed-12129-pa-0.65-pb-0.35:19,bandit,19,4.474076984180108,3.888738686493272,1.2352941176470589,1.2352941176470589,0.0,0.0,-2.0,12.452927949293844
seed-12129-pa-0.65-pb-0.35,seed-12129-pa-0.65-pb-0.35:20,bandit,20,5.578889734292549,4.009265963537592,1.3333333333333337,1.3333333333333337,0.0,0.0,3.0,12.83028155182915
seed-12129-pa-0.65-pb-0.35,seed-12129-pa-0.65-pb-0.35:21,bandit,21,4.71393946547494,4.120610695462182,1.4210526315789471,1.4210526315789471,0.0,0.0,3.0,13.188767474237693
seed-12129-pa-0.65-pb-0.35,seed-12129-pa-0.65-pb-0.35:22,bandit,22,4.686967589003199,4.223833186907318,1.5,1.5,0.0,0.0,3.0,13.529329100525807
seed-12129-pa-0.65-pb-0.35,seed-12129-pa-0.65-pb-0.35:23,bandit,23,4.804882179158078,4.319814050618143,1.5714285714285716,1.5714285714285716,0.0,0.0,3.0,13.852862645499515
seed-12129-pa-0.65-pb-0.35,seed-12129-pa-0.65-pb-0.35:24,bandit,24,4.67358735157374,4.409293641283564,1.6363636363636362,1.6363636363636362,0.0,0.0,3.0,14.160219513224538
seed-12129-pa-0.65-pb-0.35,seed-12129-pa-0.65-pb-0.35:25,bandit,25,4.542999079229087,4.492901285864136,1.6956521739130437,1.6956521739130437,0.0,0.0,3.0,14.45220853756331
seed-12129-pa-0.65-pb-0.35,seed-12129-pa-0.65-pb-0.35:26,bandit,26,4.54858735157374,4.571177281643791,1.75,1.75,0.0,0.0,3.0,14.729598110685144
seed-12129-pa-0.65-pb-0.35,seed-12129-pa-0.65-pb-0.35:27,bandit,27,4.2880413716877825,4.644589682712655,1.7999999999999998,1.7999999999999998,0.0,0.0,3.0,14.993118205150886
seed-12129-pa-0.65-pb-0.35,seed-12129-pa-0.65-pb-0.35:28,bandit,28,4.5380413716877825,4.713547274074688,1.8461538461538465,1.8461538461538465,0.0,0.0,3.0,15.243462294893341
seed-12129-pa-0.65-pb-0.35,seed-12129-pa-0.65-pb-0.35:29,bandit,29,4.77975041827262,4.778409718218201,1.8888888888888888,1.8888888888888888,0.0,0.0,3.0,15.481289180148673
seed-12129-pa-0.65-pb-0.35,seed-12129-pa-0.65-pb-0.35:30,bandit,30,3.6269290813453736,4.735470419702573,1.75,1.75,0.0,0.0,-2.0,15.70722472114124
seed-12129-pa-0.65-pb-0.35,seed-12129-pa-0.65-pb-0.35:31,bandit,31,5.1630413716877825,4.796650640521085,1.793103448275862,1.793103448275862,0.0,0.0,3.0,15.921863485084177
seed-12129-pa-0.65-pb-0.35,seed-12129-pa-0.65-pb-0.35:32,bandit,32,4.6630413716877825,4.854353358283314,1.8333333333333337,1.8333333333333337,0.0,0.0,3.0,16.125770310829967
seed-12129-pa-0.65-pb-0.35,seed-12129-pa-0.65-pb-0.35:33,bandit,33,4.901300195186874,4.908830746648174,1.870967741935484,1.870967741935484,0.0,0.0,3.0,16.319481795288468
seed-12129-pa-0.65-pb-0.35,seed-12129-pa-0.65-pb-0.35:34,bandit,34,3.8769290813453736,4.869288207483565,1.75,1.75,0.0,0.0,-2.0,16.503507705524044
seed-12129-pa-0.65-pb-0.35,seed-12129-pa-0.65-pb-0.35:35,bandit,35,5.773245464372426,4.898668017991679,1.75,1.75,0.0,0.0,3.0,16.67833232024784
seed-12129-pa-0.65-pb-0.35,seed-12129-pa-0.65-pb-0.35:36,bandit,36,5.28364569998304,4.948644780602238,1.787878787878788,1.787878787878788,0.0,0.0,3.0,16.844415704235445
seed-12129-pa-0.65-pb-0.35,seed-12129-pa-0.65-pb-0.35:37,bandit,37,5.276300195186874,4.995928005588493,1.823529411764706,1.823529411764706,0.0,0.0,3.0,17.002194919023673
seed-12129-pa-0.65-pb-0.35,seed-12129-pa-0.65-pb-0.35:38,bandit,38,5.395541900901097,5.0406987268539885,1.8571428571428572,1.8571428571428572,0.0,0.0,3.0,17.15208517307249
seed-12129-pa-0.65-pb-0.35,seed-12129-pa-0.65-pb-0.35:39,bandit,39,5.393149927917811,5.083122127577147,1.8888888888888888,1.8888888888888888,0.0,0.0,3.0,17.294480914418862
seed-12129-pa-0.65-pb-0.35,seed-12129-pa-0.65-pb-0.35:40,bandit,40,4.600412651601648,5.044627643910303,1.7837837837837838,1.7837837837837838,0.0,0.0,-2.0,17.42975686869792
seed-12129-pa-0.65-pb-0.35,seed-12129-pa-0.65-pb-0.35:41,bandit,41,3.8868710061149017,5.066224504362918,1.7837837837837838,1.7837837837837838,0.0,0.0,-2.0,17.558269025263023
seed-12129-pa-0.65-pb-0.35,seed-12129-pa-0.65-pb-0.35:42,bandit,42,4.67870067827652,5.028736028227798,1.6842105263157894,1.6842105263157894,0.0,0.0,-2.0,17.680355573999872
seed-12129-pa-0.65-pb-0.35,seed-12129-pa-0.65-pb-0.35:43,bandit,43,4.273123264139841,4.9931963419168275,1.58974358974359,1.58974358974359,0.0,0.0,-2.0,17.796337795299877
seed-12129-pa-0.65-pb-0.35,seed-12129-pa-0.65-pb-0.35:44,bandit,44,6.151300195186874,5.032251250593309,1.625,1.625,0.0,0.0,3.0,17.906520905534883
seed-12129-pa-0.65-pb-0.35,seed-12129-pa-0.65-pb-0.35:45,bandit,45,5.6630413716877825,5.0693784605438275,1.6585365853658538,1.6585365853658538,0.0,0.0,3.0,18.011194860258136
seed-12129-pa-0.65-pb-0.35,seed-12129-pa-0.65-pb-0.35:46,bandit,46,5.53364569998304,5.104695825311419,1.690476190476191,1.690476190476191,0.0,0.0,3.0,18.110635117245227
seed-12129-pa-0.65-pb-0.35,seed-12129-pa-0.65-pb-0.35:47,bandit,47,5.651300195186874,5.138312226930768,1.7209302325581397,1.7209302325581397,0.0,0.0,3.0,18.205103361382964
seed-12129-pa-0.65-pb-0.35,seed-12129-pa-0.65-pb-0.35:48,bandit,48,5.523245464372426,5.170328448126594,1.75,1.75,0.0,0.0,3.0,18.294848193313815
seed-12129-pa-0.65-pb-0.35,seed-12129-pa-0.65-pb-0.35:49,bandit,49,5.126929081345374,5.136111172821288,1.6666666666666663,1.6666666666666663,0.0,0.0,-2.0,18.380105783648123
seed-12129-pa-0.65-pb-0.35,seed-12129-pa-0.65-pb-0.35:50,bandit,50,5.773245464372426,5.166607824427807,1.6956521739130437,1.6956521739130437,0.0,0.0,3.0,18.461100494465715
seed-12129-pa-0.65-pb-0.35,seed-12129-pa-0.65-pb-0.35:51,bandit,51,5.401300195186874,5.195705384625682,1.7234042553191489,1.7234042553191489,0.0,0.0,3.0,18.53804546974243
seed-12129-pa-0.65-pb-0.35,seed-12129-pa-0.65-pb-0.35:52,bandit,52,5.270541900901097,5.2234827894976075,1.75,1.75,0.0,0.0,3.0,18.611143196255306
seed-12129-pa-0.65-pb-0.35,seed-12129-pa-0.65-pb-0.35:53,bandit,53,5.270541900901097,5.250013607776837,1.7755102040816326,1.7755102040816326,0.0,0.0,3.0,18.680586036442538
seed-12129-pa-0.65-pb-0.35,seed-12129-pa-0.65-pb-0.35:54,bandit,54,5.201413277982752,5.2171124039732995,1.7000000000000002,1.7000000000000002,0.0,0.0,-2.0,18.74655673462041
seed-12129-pa-0.65-pb-0.35,seed-12129-pa-0.65-pb-0.35:55,bandit,55,4.30370067827652,5.18538188232803,1.6274509803921569,1.6274509803921569,0.0,0.0,-2.0,18.809228897889387
seed-12129-pa-0.65-pb-0.35,seed-12129-pa-0.65-pb-0.35:56,bandit,56,5.773245464372426,5.2107637860882345,1.6538461538461535,1.6538461538461535,0.0,0.0,3.0,18.868767452994916
seed-12129-pa-0.65-pb-0.35,seed-12129-pa-0.65-pb-0.35:57,bandit,57,5.401300195186874,5.235065171528613,1.6792452830188678,1.6792452830188678,0.0,0.0,3.0,18.92532908034517
seed-12129-pa-0.65-pb-0.35,seed-12129-pa-0.65-pb-0.35:58,bandit,58,5.100412651601648,5.204404317233289,1.6111111111111112,1.6111111111111112,0.0,0.0,-2.0,18.97906262632791
seed-12129-pa-0.65-pb-0.35,seed-12129-pa-0.65-pb-0.35:59,bandit,59,6.020541900901097,5.227693527857378,1.6363636363636362,1.6363636363636362,0.0,0.0,3.0,19.030109495011512
seed-12129-pa-0.65-pb-0.35,seed-12129-pa-0.65-pb-0.35:60,bandit,60,5.893149927917811,5.250028429784814,1.6607142857142856,1.6607142857142856,0.0,0.0,3.0,19.078604020260936
seed-12129-pa-0.65-pb-0.35,seed-12129-pa-0.65-pb-0.35:61,bandit,61,5.392675057605601,5.220358043363793,1.5964912280701755,1.5964912280701755,0.0,0.0,-2.0,19.12467381924789
seed-12129-pa-0.65-pb-0.35,seed-12129-pa-0.65-pb-0.35:62,bandit,62,6.268149927917811,5.241809678431078,1.6206896551724137,1.6206896551724137,0.0,0.0,3.0,19.168440128285493
seed-12129-pa-0.65-pb-0.35,seed-12129-pa-0.65-pb-0.35:63,bandit,63,5.891034256080317,5.262415710465193,1.6440677966101696,1.6440677966101696,0.0,0.0,3.0,19.21001812187122
seed-12129-pa-0.65-pb-0.35,seed-12129-pa-0.65-pb-0.35:64,bandit,64,5.762509570276173,5.282218419617795,1.6666666666666663,1.6666666666666663,0.0,0.0,3.0,19.249517215777658
seed-12129-pa-0.65-pb-0.35,seed-12129-pa-0.65-pb-0.35:65,bandit,65,6.137509570276173,5.301257599936697,1.6885245901639343,1.6885245901639343,0.0,0.0,3.0,19.287041354988773
seed-12129-pa-0.65-pb-0.35,seed-12129-pa-0.65-pb-0.35:66,bandit,66,6.012509570276173,5.319570731683481,1.7096774193548383,1.7096774193548383,0.0,0.0,3.0,19.322689287239335
seed-12129-pa-0.65-pb-0.35,seed-12129-pa-0.65-pb-0.35:67,bandit,67,5.889163456931506,5.337193139319461,1.7301587301587302,1.7301587301587302,0.0,0.0,3.0,19.356554822877367
seed-12129-pa-0.65-pb-0.35,seed-12129-pa-0.65-pb-0.35:68,bandit,68,5.766034256080317,5.354158136591067,1.75,1.75,0.0,0.0,3.0,19.3887270817335
seed-12129-pa-0.65-pb-0.35,seed-12129-pa-0.65-pb-0.35:69,bandit,69,5.889163456931506,5.370497159977947,1.7692307692307692,1.7692307692307692,0.0,0.0,3.0,19.419290727646825
seed-12129-pa-0.65-pb-0.35,seed-12129-pa-0.65-pb-0.35:70,bandit,70,5.764163456931506,5.38623989162176,1.787878787878788,1.787878787878788,0.0,0.0,3.0,19.44832619126448
seed-12129-pa-0.65-pb-0.35,seed-12129-pa-0.65-pb-0.35:71,bandit,71,5.3199361996449746,5.357941172326223,1.7313432835820897,1.7313432835820897,0.0,0.0,-2.0,19.475909881701256
seed-12129-pa-0.65-pb-0.35,seed-12129-pa-0.65-pb-0.35:72,bandit,72,4.451413277982752,5.3303793310569425,1.676470588235294,1.676470588235294,0.0,0.0,-2.0,19.502114387616192
seed-12129-pa-0.65-pb-0.35,seed-12129-pa-0.65-pb-0.35:73,bandit,73,6.020541900901097,5.3457369488584785,1.6956521739130437,1.6956521739130437,0.0,0.0,3.0,19.527008668235382
seed-12129-pa-0.65-pb-0.35,seed-12129-pa-0.65-pb-0.35:74,bandit,74,5.770541900901097,5.360566129867872,1.7142857142857144,1.7142857142857144,0.0,0.0,3.0,19.55065823482361
seed-12129-pa-0.65-pb-0.35,seed-12129-pa-0.65-pb-0.35:75,bandit,75,5.766034256080317,5.374890822793203,1.732394366197183,1.732394366197183,0.0,0.0,3.0,19.57312532308243
seed-12129-pa-0.65-pb-0.35,seed-12129-pa-0.65-pb-0.35:76,bandit,76,5.475206558916746,5.348279475812708,1.6805555555555554,1.6805555555555554,0.0,0.0,-2.0,19.594469056928308
seed-12129-pa-0.65-pb-0.35,seed-12129-pa-0.65-pb-0.35:77,bandit,77,6.018149927917811,5.362216194166266,1.6986301369863015,1.6986301369863015,0.0,0.0,3.0,19.614745604081893
seed-12129-pa-0.65-pb-0.35,seed-12129-pa-0.65-pb-0.35:78,bandit,78,5.17974463538566,5.336337092597577,1.648648648648649,1.648648648648649,0.0,0.0,-2.0,19.634008323877797
seed-12129-pa-0.65-pb-0.35,seed-12129-pa-0.65-pb-0.35:79,bandit,79,4.576413277982752,5.311072566696389,1.6,1.6,0.0,0.0,-2.0,19.652307907683905
seed-12129-pa-0.65-pb-0.35,seed-12129-pa-0.65-pb-0.35:80,bandit,80,5.891034256080317,5.324725118913091,1.6184210526315788,1.6184210526315788,0.0,0.0,3.0,19.669692512299708
seed-12129-pa-0.65-pb-0.35,seed-12129-pa-0.65-pb-0.35:81,bandit,81,5.641034256080317,5.337952866638084,1.6363636363636362,1.6363636363636362,0.0,0.0,3.0,19.686207886684723
seed-12129-pa-0.65-pb-0.35,seed-12129-pa-0.65-pb-0.35:82,bandit,82,5.512509570276173,5.35077383400715,1.6538461538461535,1.6538461538461535,0.0,0.0,3.0,19.701897492350486
seed-12129-pa-0.65-pb-0.35,seed-12129-pa-0.65-pb-0.35:83,bandit,83,5.512509570276173,5.3632051371642815,1.6708860759493671,1.6708860759493671,0.0,0.0,3.0,19.716802617732963
seed-12129-pa-0.65-pb-0.35,seed-12129-pa-0.65-pb-0.35:84,bandit,84,5.511047744848593,5.375263036446274,1.6875,1.6875,0.0,0.0,3.0,19.730962486846312
seed-12129-pa-0.65-pb-0.35,seed-12129-pa-0.65-pb-0.35:85,bandit,85,5.29858735157374,5.351003671229317,1.6419753086419755,1.6419753086419755,0.0,0.0,-2.0,19.744414362503996
seed-12129-pa-0.65-pb-0.35,seed-12129-pa-0.65-pb-0.35:86,bandit,86,6.016034256080317,5.362798889388512,1.6585365853658538,1.6585365853658538,0.0,0.0,3.0,19.757193644378795
seed-12129-pa-0.65-pb-0.35,seed-12129-pa-0.65-pb-0.35:87,bandit,87,5.886047744848593,5.374254254889532,1.6746987951807228,1.6746987951807228,0.0,0.0,3.0,19.769333962159855
seed-12129-pa-0.65-pb-0.35,seed-12129-pa-0.65-pb-0.35:88,bandit,88,5.3199361996449746,5.3507083866245155,1.630952380952381,1.630952380952381,0.0,0.0,-2.0,19.78086726405186
seed-12129-pa-0.65-pb-0.35,seed-12129-pa-0.65-pb-0.35:89,bandit,89,6.014163456931506,5.36193234422456,1.6470588235294117,1.6470588235294117,0.0,0.0,3.0,19.791823900849266
seed-12129-pa-0.65-pb-0.35,seed-12129-pa-0.65-pb-0.35:90,bandit,90,5.887509570276173,5.372846035584532,1.6627906976744184,1.6627906976744184,0.0,0.0,3.0,19.8022327058068
seed-12129-pa-0.65-pb-0.35,seed-12129-pa-0.65-pb-0.35:91,bandit,91,5.884755911000223,5.383461588132237,1.6781609195402298,1.6781609195402298,0.0,0.0,3.0,19.81212107051646
seed-12129-pa-0.65-pb-0.35,seed-12129-pa-0.65-pb-0.35:92,bandit,92,5.42358735157374,5.360691643183166,1.6363636363636362,1.6363636363636362,0.0,0.0,-2.0,19.821515016990638
seed-12129-pa-0.65-pb-0.35,seed-12129-pa-0.65-pb-0.35:93,bandit,93,4.600206558916746,5.338389924306802,1.595505617977528,1.595505617977528,0.0,0.0,-2.0,19.830439266141106
seed-12129-pa-0.65-pb-0.35,seed-12129-pa-0.65-pb-0.35:94,bandit,94,4.487822278771571,5.316542139535219,1.5555555555555554,1.5555555555555554,0.0,0.0,-2.0,19.838917302834048
seed-12129-pa-0.65-pb-0.35,seed-12129-pa-0.65-pb-0.35:95,bandit,95,4.251928011042974,5.295134601265161,1.5164835164835164,1.5164835164835164,0.0,0.0,-2.0,19.846971437692346
seed-12129-pa-0.65-pb-0.35,seed-12129-pa-0.65-pb-0.35:96,bandit,96,6.014163456931506,5.305814023281069,1.5326086956521738,1.5326086956521738,0.0,0.0,3.0,19.854622865807727
seed-12129-pa-0.65-pb-0.35,seed-12129-pa-0.65-pb-0.35:97,bandit,97,5.889163456931506,5.3162271406133526,1.5483870967741935,1.5483870967741935,0.0,0.0,3.0,19.86189172251734
seed-12129-pa-0.65-pb-0.35,seed-12129-pa-0.65-pb-0.35:98,bandit,98,5.637509570276173,5.326383615080622,1.5638297872340423,1.5638297872340423,0.0,0.0,3.0,19.86879713639147
seed-12129-pa-0.65-pb-0.35,seed-12129-pa-0.65-pb-0.35:99,bandit,99,5.29858735157374,5.305632629710841,1.526315789473684,1.526315789473684,0.0,0.0,-2.0,19.875357279571897
seed-12143-pa-0.20-pb-0.35,seed-12143-pa-0.20-pb-0.35:0,bandit,0,4.203889734292549,1.367647220698613,0.5,0.5,0.0,0.0,0.0,0.0
seed-12143-pa-0.20-pb-0.35,seed-12143-pa-0.20-pb-0.35:1,bandit,1,3.849076984180108,1.5357002752100228,0.5,0.5,0.0,0.0,-2.0,1.0
seed-12143-pa-0.20-pb-0.35,seed-12143-pa-0.20-pb-0.35:2,bandit,2,1.2575990353171704,1.695350676995862,0.5,0.5,0.0,0.0,-2.0,1.95
seed-12143-pa-0.20-pb-0.35,seed-12143-pa-0.20-pb-0.35:3,bandit,3,0.2731232641398406,1.8470185586924093,0.5,0.5,0.0,0.0,-2.0,2.8525
seed-12143-pa-0.20-pb-0.35,seed-12143-pa-0.20-pb-0.35:4,bandit,4,1.2240769841801082,1.5056523084914293,-0.3333333333333332,-0.3333333333333332,0.0,0.0,-2.0,3.709875
seed-12143-pa-0.20-pb-0.35,seed-12143-pa-0.20-pb-0.35:5,bandit,5,0.7731232641398407,1.3998072028162132,-0.75,-0.75,0.0,0.0,-2.0,4.524381249999999
seed-12146-pa-0.50-pb-0.50,seed-12146-pa-0.50-pb-0.50:0,bandit,0,4.203889734292549,1.367647220698613,0.5,0.5,0.0,0.0,0.0,0.0
seed-12146-pa-0.50-pb-0.50,seed-12146-pa-0.50-pb-0.50:1,bandit,1,4.42870067827652,2.021151013022723,1.3333333333333337,1.3333333333333337,0.0,0.0,3.0,1.0
seed-12146-pa-0.50-pb-0.50,seed-12146-pa-0.50-pb-0.50:2,bandit,2,3.6368710061149017,1.695350676995862,0.5,0.5,0.0,0.0,-2.0,1.95
seed-12146-pa-0.50-pb-0.50,seed-12146-pa-0.50-pb-0.50:3,bandit,3,4.71393946547494,2.138289001380029,1.0,1.0,0.0,0.0,3.0,2.8525
seed-12146-pa-0.50-pb-0.50,seed-12146-pa-0.50-pb-0.50:4,bandit,4,1.9754126516016477,1.9911030463041293,0.5,0.5,0.0,0.0,-2.0,3.709875
seed-12146-pa-0.50-pb-0.50,seed-12146-pa-0.50-pb-0.50:5,bandit,5,1.7618710061149017,2.127983309535263,0.5,0.5,0.0,0.0,-2.0,4.524381249999999
seed-12146-pa-0.50-pb-0.50,seed-12146-pa-0.50-pb-0.50:6,bandit,6,3.531150136248314,2.2580195596048402,0.5,0.5,0.0,0.0,3.0,5.298162187499999
seed-12146-pa-0.50-pb-0.50,seed-12146-pa-0.50-pb-0.50:7,bandit,7,2.3825990353171704,2.3815539971709385,0.5,0.5,0.0,0.0,-2.0,6.033254078124999
seed-12146-pa-0.50-pb-0.50,seed-12146-pa-0.50-pb-0.50:8,bandit,8,2.3981232641398407,2.2908613966532894,0.1428571428571428,0.1428571428571428,0.0,0.0,-2.0,6.731591374218749
seed-12146-pa-0.50-pb-0.50,seed-12146-pa-0.50-pb-0.50:9,bandit,9,2.1481232641398407,2.402351226556693,0.1428571428571428,0.1428571428571428,0.0,0.0,-2.0,7.395011805507812
seed-12146-pa-0.50-pb-0.50,seed-12146-pa-0.50-pb-0.50:10,bandit,10,4.100412651601648,2.7163168811703695,0.5,0.5,0.0,0.0,3.0,8.02526121523242
seed-12146-pa-0.50-pb-0.50,seed-12146-pa-0.50-pb-0.50:11,bandit,11,3.5681471805599436,2.6551195400539576,0.2222222222222223,0.2222222222222223,0.0,0.0,-2.0,8.623998154470799
seed-12146-pa-0.50-pb-0.50,seed-12146-pa-0.50-pb-0.50:12,bandit,12,4.862822278771571,2.7507081329673886,0.2222222222222223,0.2222222222222223,0.0,0.0,3.0,9.192798246747259
seed-12146-pa-0.50-pb-0.50,seed-12146-pa-0.50-pb-0.50:13,bandit,13,4.50759903531717,2.7952838926339383,0.1428571428571428,0.1428571428571428,0.0,0.0,-2.0,9.733158334409895
seed-12146-pa-0.50-pb-0.50,seed-12146-pa-0.50-pb-0.50:14,bandit,14,5.33893946547494,3.0896029139437524,0.5,0.5,0.0,0.0,3.0,10.2465004176894
seed-12146-pa-0.50-pb-0.50,seed-12146-pa-0.50-pb-0.50:15,bandit,15,4.568147180559944,3.1715581837929054,0.5,0.5,0.0,0.0,-2.0,10.73417539680493
seed-12146-pa-0.50-pb-0.50,seed-12146-pa-0.50-pb-0.50:16,bandit,16,3.3181471805599436,3.2494156901496,0.5,0.5,0.0,0.0,-2.0,11.197466626964683
seed-12146-pa-0.50-pb-0.50,seed-12146-pa-0.50-pb-0.50:17,bandit,17,3.700939419878843,3.161563408584227,0.2222222222222223,0.2222222222222223,0.0,0.0,-2.0,11.63759329561645
seed-12146-pa-0.50-pb-0.50,seed-12146-pa-0.50-pb-0.50:18,bandit,18,4.910224150438086,3.2318298080711445,0.2222222222222223,0.2222222222222223,0.0,0.0,3.0,12.055713630835626
seed-12146-pa-0.50-pb-0.50,seed-12146-pa-0.50-pb-0.50:19,bandit,19,4.267675057605601,3.2985828875837155,0.2222222222222223,0.2222222222222223,0.0,0.0,3.0,12.452927949293844
seed-12146-pa-0.50-pb-0.50,seed-12146-pa-0.50-pb-0.50:20,bandit,20,4.561967589003199,3.426725078162352,0.3333333333333335,0.3333333333333335,0.0,0.0,3.0,12.83028155182915
seed-12146-pa-0.50-pb-0.50,seed-12146-pa-0.50-pb-0.50:21,bandit,21,5.148123264139841,3.422242967380754,0.2222222222222223,0.2222222222222223,0.0,0.0,-2.0,13.188767474237693
seed-12146-pa-0.50-pb-0.50,seed-12146-pa-0.50-pb-0.50:22,bandit,22,4.648123264139841,3.4592482748523157,0.1875,0.1875,0.0,0.0,-2.0,13.529329100525807
seed-12146-pa-0.50-pb-0.50,seed-12146-pa-0.50-pb-0.50:23,bandit,23,4.50759903531717,3.4386597702186203,0.0588235294117645,0.0588235294117645,0.0,0.0,-2.0,13.852862645499515
seed-12146-pa-0.50-pb-0.50,seed-12146-pa-0.50-pb-0.50:24,bandit,24,5.46393946547494,3.585498449843831,0.2222222222222223,0.2222222222222223,0.0,0.0,3.0,14.160219513224538
seed-12146-pa-0.50-pb-0.50,seed-12146-pa-0.50-pb-0.50:25,bandit,25,4.96393946547494,3.7197348933752585,0.3684210526315787,0.3684210526315787,0.0,0.0,3.0,14.45220853756331
seed-12146-pa-0.50-pb-0.50,seed-12146-pa-0.50-pb-0.50:26,bandit,26,5.474076984180108,3.697365953580931,0.25,0.25,0.0,0.0,-2.0,14.729598110685144
seed-12146-pa-0.50-pb-0.50,seed-12146-pa-0.50-pb-0.50:27,bandit,27,4.325939419878843,3.6792362155194014,0.1428571428571428,0.1428571428571428,0.0,0.0,-2.0,14.993118205150886
seed-12146-pa-0.50-pb-0.50,seed-12146-pa-0.50-pb-0.50:28,bandit,28,5.792999079229087,3.7969619649178425,0.2727272727272729,0.2727272727272729,0.0,0.0,3.0,15.243462294893341
seed-12146-pa-0.50-pb-0.50,seed-12146-pa-0.50-pb-0.50:29,bandit,29,5.523123264139841,3.8369294994299357,0.2727272727272729,0.2727272727272729,0.0,0.0,-2.0,15.481289180148673
seed-12146-pa-0.50-pb-0.50,seed-12146-pa-0.50-pb-0.50:30,bandit,30,6.0380413716877825,4.007294312983524,0.5,0.5,0.0,0.0,3.0,15.70722472114124
seed-12146-pa-0.50-pb-0.50,seed-12146-pa-0.50-pb-0.50:31,bandit,31,5.724076984180108,4.043365012880688,0.5,0.5,0.0,0.0,-2.0,15.921863485084177
seed-12146-pa-0.50-pb-0.50,seed-12146-pa-0.50-pb-0.50:32,bandit,32,6.292999079229087,4.077632177782994,0.5,0.5,0.0,0.0,3.0,16.125770310829967
seed-12146-pa-0.50-pb-0.50,seed-12146-pa-0.50-pb-0.50:33,bandit,33,5.773123264139841,4.110185984440185,0.5,0.5,0.0,0.0,-2.0,16.319481795288468
seed-12146-pa-0.50-pb-0.50,seed-12146-pa-0.50-pb-0.50:34,bandit,34,6.292999079229087,4.253139194105908,0.6923076923076925,0.6923076923076925,0.0,0.0,3.0,16.503507705524044
seed-12146-pa-0.50-pb-0.50,seed-12146-pa-0.50-pb-0.50:35,bandit,35,6.151300195186874,4.282519004614022,0.6923076923076925,0.6923076923076925,0.0,0.0,3.0,16.67833232024784
seed-12146-pa-0.50-pb-0.50,seed-12146-pa-0.50-pb-0.50:36,bandit,36,5.895541900901097,4.3104298245967305,0.6923076923076925,0.6923076923076925,0.0,0.0,3.0,16.844415704235445
seed-12146-pa-0.50-pb-0.50,seed-12146-pa-0.50-pb-0.50:37,bandit,37,5.895541900901097,4.3369451035803035,0.6923076923076925,0.6923076923076925,0.0,0.0,3.0,17.002194919023673
seed-12146-pa-0.50-pb-0.50,seed-12146-pa-0.50-pb-0.50:38,bandit,38,6.281150136248314,4.362134618614699,0.6923076923076925,0.6923076923076925,0.0,0.0,-2.0,17.15208517307249
seed-12146-pa-0.50-pb-0.50,seed-12146-pa-0.50-pb-0.50:39,bandit,39,5.261871006114902,4.274037564555981,0.5,0.5,0.0,0.0,-2.0,17.294480914418862
seed-12146-pa-0.50-pb-0.50,seed-12146-pa-0.50-pb-0.50:40,bandit,40,6.90864569998304,4.296771101874523,0.5,0.5,0.0,0.0,3.0,17.42975686869792
seed-12146-pa-0.50-pb-0.50,seed-12146-pa-0.50-pb-0.50:41,bandit,41,6.28364569998304,4.318367962327137,0.5,0.5,0.0,0.0,3.0,17.558269025263023
seed-12146-pa-0.50-pb-0.50,seed-12146-pa-0.50-pb-0.50:42,bandit,42,6.656150136248314,4.33888497975712,0.5,0.5,0.0,0.0,-2.0,17.680355573999872
seed-12146-pa-0.50-pb-0.50,seed-12146-pa-0.50-pb-0.50:43,bandit,43,6.77975041827262,4.358376146315605,0.5,0.5,0.0,0.0,3.0,17.796337795299877
seed-12146-pa-0.50-pb-0.50,seed-12146-pa-0.50-pb-0.50:44,bandit,44,6.520541900901097,4.376892754546165,0.5,0.5,0.0,0.0,3.0,17.906520905534883
seed-12146-pa-0.50-pb-0.50,seed-12146-pa-0.50-pb-0.50:45,bandit,45,6.514163456931506,4.436093595606285,0.5714285714285716,0.5714285714285716,0.0,0.0,3.0,18.011194860258136
seed-12146-pa-0.50-pb-0.50,seed-12146-pa-0.50-pb-0.50:46,bandit,46,6.391034256080317,4.492103227595393,0.6388888888888888,0.6388888888888888,0.0,0.0,3.0,18.110635117245227
seed-12146-pa-0.50-pb-0.50,seed-12146-pa-0.50-pb-0.50:47,bandit,47,5.951413277982752,4.466431318908414,0.5675675675675675,0.5675675675675675,0.0,0.0,-2.0,18.205103361382964
seed-12146-pa-0.50-pb-0.50,seed-12146-pa-0.50-pb-0.50:48,bandit,48,6.523245464372426,4.518802457904287,0.6315789473684212,0.6315789473684212,0.0,0.0,3.0,18.294848193313815
seed-12146-pa-0.50-pb-0.50,seed-12146-pa-0.50-pb-0.50:49,bandit,49,6.0984445810050545,4.493822504330639,0.5641025641025643,0.5641025641025643,0.0,0.0,-2.0,18.380105783648123
seed-12146-pa-0.50-pb-0.50,seed-12146-pa-0.50-pb-0.50:50,bandit,50,5.188261687518224,4.507433912882804,0.5641025641025643,0.5641025641025643,0.0,0.0,-2.0,18.461100494465715
seed-12146-pa-0.50-pb-0.50,seed-12146-pa-0.50-pb-0.50:51,bandit,51,5.5984445810050545,4.483022386560229,0.5,0.5,0.0,0.0,-2.0,18.53804546974243
seed-12146-pa-0.50-pb-0.50,seed-12146-pa-0.50-pb-0.50:52,bandit,52,6.776300195186874,4.53082746847217,0.5609756097560976,0.5609756097560976,0.0,0.0,3.0,18.611143196255306
seed-12146-pa-0.50-pb-0.50,seed-12146-pa-0.50-pb-0.50:53,bandit,53,6.261871006114902,4.50697676418597,0.5,0.5,0.0,0.0,-2.0,18.680586036442538
seed-12146-pa-0.50-pb-0.50,seed-12146-pa-0.50-pb-0.50:54,bandit,54,5.5984445810050545,4.4841946853965435,0.4418604651162789,0.4418604651162789,0.0,0.0,-2.0,18.74655673462041
seed-12146-pa-0.50-pb-0.50,seed-12146-pa-0.50-pb-0.50:55,bandit,55,6.53364569998304,4.528595589993201,0.5,0.5,0.0,0.0,3.0,18.809228897889387
seed-12146-pa-0.50-pb-0.50,seed-12146-pa-0.50-pb-0.50:56,bandit,56,6.148245464372426,4.570964608560728,0.5555555555555554,0.5555555555555554,0.0,0.0,3.0,18.868767452994916
seed-12146-pa-0.50-pb-0.50,seed-12146-pa-0.50-pb-0.50:57,bandit,57,6.376928011042974,4.5481065802842275,0.5,0.5,0.0,0.0,-2.0,18.92532908034517
seed-12146-pa-0.50-pb-0.50,seed-12146-pa-0.50-pb-0.50:58,bandit,58,6.768149927917811,4.58812288412355,0.5531914893617023,0.5531914893617023,0.0,0.0,3.0,18.97906262632791
seed-12146-pa-0.50-pb-0.50,seed-12146-pa-0.50-pb-0.50:59,bandit,59,6.475412651601648,4.565715249021879,0.5,0.5,0.0,0.0,-2.0,19.030109495011512
seed-12146-pa-0.50-pb-0.50,seed-12146-pa-0.50-pb-0.50:60,bandit,60,6.768149927917811,4.603586375860759,0.5510204081632653,0.5510204081632653,0.0,0.0,3.0,19.078604020260936
seed-12146-pa-0.50-pb-0.50,seed-12146-pa-0.50-pb-0.50:61,bandit,61,7.008614483762177,4.639861161095133,0.6000000000000001,0.6000000000000001,0.0,0.0,3.0,19.12467381924789
seed-12146-pa-0.50-pb-0.50,seed-12146-pa-0.50-pb-0.50:62,bandit,62,6.79858735157374,4.647216223013593,0.6000000000000001,0.6000000000000001,0.0,0.0,3.0,19.168440128285493
seed-12146-pa-0.50-pb-0.50,seed-12146-pa-0.50-pb-0.50:63,bandit,63,6.516034256080317,4.68161722055967,0.6470588235294117,0.6470588235294117,0.0,0.0,3.0,19.21001812187122
seed-12146-pa-0.50-pb-0.50,seed-12146-pa-0.50-pb-0.50:64,bandit,64,6.6949361996449746,4.658600933350712,0.5961538461538463,0.5961538461538463,0.0,0.0,-2.0,19.249517215777658
seed-12146-pa-0.50-pb-0.50,seed-12146-pa-0.50-pb-0.50:65,bandit,65,6.160224150438086,4.636371776542131,0.5471698113207548,0.5471698113207548,0.0,0.0,-2.0,19.287041354988773
seed-12146-pa-0.50-pb-0.50,seed-12146-pa-0.50-pb-0.50:66,bandit,66,5.892675057605601,4.614884176794078,0.5,0.5,0.0,0.0,-2.0,19.322689287239335
seed-12146-pa-0.50-pb-0.50,seed-12146-pa-0.50-pb-0.50:67,bandit,67,5.517675057605601,4.620575383500714,0.5,0.5,0.0,0.0,-2.0,19.356554822877367
seed-12146-pa-0.50-pb-0.50,seed-12146-pa-0.50-pb-0.50:68,bandit,68,5.362822278771571,4.625982029872018,0.5,0.5,0.0,0.0,-2.0,19.3887270817335
seed-12146-pa-0.50-pb-0.50,seed-12146-pa-0.50-pb-0.50:69,bandit,69,6.78364569998304,4.631118343924759,0.5,0.5,0.0,0.0,3.0,19.419290727646825
seed-12146-pa-0.50-pb-0.50,seed-12146-pa-0.50-pb-0.50:70,bandit,70,6.251928011042974,4.63599784227486,0.5,0.5,0.0,0.0,-2.0,19.44832619126448
seed-12146-pa-0.50-pb-0.50,seed-12146-pa-0.50-pb-0.50:71,bandit,71,5.626928011042974,4.640633365707457,0.5,0.5,0.0,0.0,-2.0,19.475909881701256
seed-12146-pa-0.50-pb-0.50,seed-12146-pa-0.50-pb-0.50:72,bandit,72,6.773245464372426,4.645037112968425,0.5,0.5,0.0,0.0,3.0,19.502114387616192
seed-12146-pa-0.50-pb-0.50,seed-12146-pa-0.50-pb-0.50:73,bandit,73,6.40475041827262,4.649220672866344,0.5,0.5,0.0,0.0,3.0,19.527008668235382
seed-12146-pa-0.50-pb-0.50,seed-12146-pa-0.50-pb-0.50:74,bandit,74,6.311967589003199,4.653195054769367,0.5,0.5,0.0,0.0,-2.0,19.55065823482361
seed-12146-pa-0.50-pb-0.50,seed-12146-pa-0.50-pb-0.50:75,bandit,75,6.895541900901097,4.656970717577239,0.5,0.5,0.0,0.0,3.0,19.57312532308243
seed-12146-pa-0.50-pb-0.50,seed-12146-pa-0.50-pb-0.50:76,bandit,76,6.33893946547494,4.660557597244717,0.5,0.5,0.0,0.0,-2.0,19.594469056928308
seed-12146-pa-0.50-pb-0.50,seed-12146-pa-0.50-pb-0.50:77,bandit,77,6.770541900901097,4.663965132928822,0.5,0.5,0.0,0.0,3.0,19.614745604081893
seed-12146-pa-0.50-pb-0.50,seed-12146-pa-0.50-pb-0.50:78,bandit,78,6.203889734292549,4.667202291828721,0.5,0.5,0.0,0.0,-2.0,19.634008323877797
seed-12146-pa-0.50-pb-0.50,seed-12146-pa-0.50-pb-0.50:79,bandit,79,5.46393946547494,4.670277592783625,0.5,0.5,0.0,0.0,-2.0,19.652307907683905
seed-12146-pa-0.50-pb-0.50,seed-12146-pa-0.50-pb-0.50:80,bandit,80,5.186967589003199,4.673199128690784,0.5,0.5,0.0,0.0,-2.0,19.669692512299708
seed-12146-pa-0.50-pb-0.50,seed-12146-pa-0.50-pb-0.50:81,bandit,81,6.035224150438086,4.59030681054152,0.3529411764705883,0.3529411764705883,0.0,0.0,-2.0,19.686207886684723
seed-12146-pa-0.50-pb-0.50,seed-12146-pa-0.50-pb-0.50:82,bandit,82,5.9449361996449746,4.592943496697732,0.3529411764705883,0.3529411764705883,0.0,0.0,-2.0,19.701897492350486
seed-12146-pa-0.50-pb-0.50,seed-12146-pa-0.50-pb-0.50:83,bandit,83,6.776300195186874,4.5978959993250195,0.3571428571428572,0.3571428571428572,0.0,0.0,3.0,19.716802617732963
seed-12146-pa-0.50-pb-0.50,seed-12146-pa-0.50-pb-0.50:84,bandit,84,6.4449361996449746,4.597827957802112,0.3529411764705883,0.3529411764705883,0.0,0.0,-2.0,19.730962486846312
seed-12146-pa-0.50-pb-0.50,seed-12146-pa-0.50-pb-0.50:85,bandit,85,6.645541900901097,4.604847907554241,0.3611111111111111,0.3611111111111111,0.0,0.0,3.0,19.744414362503996
seed-12146-pa-0.50-pb-0.50,seed-12146-pa-0.50-pb-0.50:86,bandit,86,6.1949361996449746,4.602236183948816,0.3529411764705883,0.3529411764705883,0.0,0.0,-2.0,19.757193644378795
seed-12146-pa-0.50-pb-0.50,seed-12146-pa-0.50-pb-0.50:87,bandit,87,5.953889734292549,4.604276401434662,0.3529411764705883,0.3529411764705883,0.0,0.0,-2.0,19.769333962159855
seed-12146-pa-0.50-pb-0.50,seed-12146-pa-0.50-pb-0.50:88,bandit,88,5.58893946547494,4.606214608046216,0.3529411764705883,0.3529411764705883,0.0,0.0,-2.0,19.78086726405186
seed-12146-pa-0.50-pb-0.50,seed-12146-pa-0.50-pb-0.50:89,bandit,89,5.561967589003199,4.608055904327192,0.3529411764705883,0.3529411764705883,0.0,0.0,-2.0,19.791823900849266
seed-12146-pa-0.50-pb-0.50,seed-12146-pa-0.50-pb-0.50:90,bandit,90,5.203889734292549,4.609805135794119,0.3529411764705883,0.3529411764705883,0.0,0.0,-2.0,19.8022327058068
seed-12146-pa-0.50-pb-0.50,seed-12146-pa-0.50-pb-0.50:91,bandit,91,5.078889734292549,4.6114669056877,0.3529411764705883,0.3529411764705883,0.0,0.0,-2.0,19.81212107051646
seed-12146-pa-0.50-pb-0.50,seed-12146-pa-0.50-pb-0.50:92,bandit,92,5.186967589003199,4.613045587086603,0.3529411764705883,0.3529411764705883,0.0,0.0,-2.0,19.821515016990638
seed-12146-pa-0.50-pb-0.50,seed-12146-pa-0.50-pb-0.50:93,bandit,93,5.96393946547494,4.538396199072391,0.2222222222222223,0.2222222222222223,0.0,0.0,-2.0,19.830439266141106
seed-12146-pa-0.50-pb-0.50,seed-12146-pa-0.50-pb-0.50:94,bandit,94,5.804882179158078,4.5398209590349,0.2222222222222223,0.2222222222222223,0.0,0.0,-2.0,19.838917302834048
seed-12146-pa-0.50-pb-0.50,seed-12146-pa-0.50-pb-0.50:95,bandit,95,5.561967589003199,4.541174480999283,0.2222222222222223,0.2222222222222223,0.0,0.0,-2.0,19.846971437692346
seed-12146-pa-0.50-pb-0.50,seed-12146-pa-0.50-pb-0.50:96,bandit,96,5.725206558916746,4.474326889979454,0.1052631578947367,0.1052631578947367,0.0,0.0,-2.0,19.854622865807727
seed-12146-pa-0.50-pb-0.50,seed-12146-pa-0.50-pb-0.50:97,bandit,97,5.811967589003199,4.47554844355231,0.1052631578947367,0.1052631578947367,0.0,0.0,-2.0,19.86189172251734
seed-12146-pa-0.50-pb-0.50,seed-12146-pa-0.50-pb-0.50:98,bandit,98,5.6949361996449746,4.476708919446524,0.1052631578947367,0.1052631578947367,0.0,0.0,-2.0,19.86879713639147
seed-12146-pa-0.50-pb-0.50,seed-12146-pa-0.50-pb-0.50:99,bandit,99,6.276300195186874,4.477811371546027,0.1052631578947367,0.1052631578947367,0.0,0.0,3.0,19.875357279571897
seed-12148-pa-0.65-pb-0.65,seed-12148-pa-0.65-pb-0.65:0,bandit,0,4.203889734292549,1.367647220698613,0.5,0.5,0.0,0.0,0.0,0.0
seed-12148-pa-0.65-pb-0.65,seed-12148-pa-0.65-pb-0.65:1,bandit,1,3.849076984180108,1.5357002752100228,0.5,0.5,0.0,0.0,-2.0,1.0
seed-12148-pa-0.65-pb-0.65,seed-12148-pa-0.65-pb-0.65:2,bandit,2,1.2575990353171704,1.695350676995862,0.5,0.5,0.0,0.0,-2.0,1.95
seed-12150-pa-0.50-pb-0.35,seed-12150-pa-0.50-pb-0.35:0,bandit,0,4.203889734292549,1.367647220698613,0.5,0.5,0.0,0.0,0.0,0.0
seed-12150-pa-0.50-pb-0.35,seed-12150-pa-0.50-pb-0.35:1,bandit,1,4.42870067827652,2.021151013022723,1.3333333333333337,1.3333333333333337,0.0,0.0,3.0,1.0
seed-12150-pa-0.50-pb-0.35,seed-12150-pa-0.50-pb-0.35:2,bandit,2,2.501928011042974,2.180801414808562,1.3333333333333337,1.3333333333333337,0.0,0.0,-2.0,1.95
seed-12150-pa-0.50-pb-0.35,seed-12150-pa-0.50-pb-0.35:3,bandit,3,1.2254126516016477,1.8470185586924093,0.5,0.5,0.0,0.0,-2.0,2.8525
seed-12153-pa-0.35-pb-0.65,seed-12153-pa-0.35-pb-0.65:0,bandit,0,4.203889734292549,1.367647220698613,0.5,0.5,0.0,0.0,0.0,0.0
seed-12153-pa-0.35-pb-0.65,seed-12153-pa-0.35-pb-0.65:1,bandit,1,3.849076984180108,1.5357002752100228,0.5,0.5,0.0,0.0,-2.0,1.0
seed-12153-pa-0.35-pb-0.65,seed-12153-pa-0.35-pb-0.65:2,bandit,2,1.2575990353171704,1.695350676995862,0.5,0.5,0.0,0.0,-2.0,1.95
seed-12163-pa-0.35-pb-0.35,seed-12163-pa-0.35-pb-0.35:0,bandit,0,4.203889734292549,1.367647220698613,0.5,0.5,0.0,0.0,0.0,0.0
seed-12163-pa-0.35-pb-0.35,seed-12163-pa-0.35-pb-0.35:1,bandit,1,4.42870067827652,2.021151013022723,1.3333333333333337,1.3333333333333337,0.0,0.0,3.0,1.0
seed-12163-pa-0.35-pb-0.35,seed-12163-pa-0.35-pb-0.35:2,bandit,2,2.501928011042974,2.180801414808562,1.3333333333333337,1.3333333333333337,0.0,0.0,-2.0,1.95
seed-12163-pa-0.35-pb-0.35,seed-12163-pa-0.35-pb-0.35:3,bandit,3,2.6368710061149017,2.575194665411458,1.75,1.75,0.0,0.0,3.0,2.8525
seed-12163-pa-0.35-pb-0.35,seed-12163-pa-0.35-pb-0.35:4,bandit,4,2.2575990353171704,2.8649143743669887,2.0,2.0,0.0,0.0,3.0,3.709875
seed-12163-pa-0.35-pb-0.35,seed-12163-pa-0.35-pb-0.35:5,bandit,5,2.031150136248314,3.0017946375981226,2.0,2.0,0.0,0.0,-2.0,4.524381249999999
seed-12163-pa-0.35-pb-0.35,seed-12163-pa-0.35-pb-0.35:6,bandit,6,2.0019290813453736,2.7434702974175402,1.3333333333333337,1.3333333333333337,0.0,0.0,-2.0,5.298162187499999
seed-12163-pa-0.35-pb-0.35,seed-12163-pa-0.35-pb-0.35:7,bandit,7,1.3484445810050545,2.8670047349836385,1.3333333333333337,1.3333333333333337,0.0,0.0,-2.0,6.033254078124999
seed-12172-pa-0.35-pb-0.20,seed-12172-pa-0.35-pb-0.20:0,bandit,0,4.203889734292549,1.367647220698613,0.5,0.5,0.0,0.0,0.0,0.0
seed-12172-pa-0.35-pb-0.20,seed-12172-pa-0.35-pb-0.20:1,bandit,1,3.849076984180108,1.5357002752100228,0.5,0.5,0.0,0.0,-2.0,1.0
seed-12172-pa-0.35-pb-0.20,seed-12172-pa-0.35-pb-0.20:2,bandit,2,1.2575990353171704,1.695350676995862,0.5,0.5,0.0,0.0,-2.0,1.95
seed-12186-pa-0.65-pb-0.20,seed-12186-pa-0.65-pb-0.20:0,bandit,0,4.203889734292549,1.367647220698613,0.5,0.5,0.0,0.0,0.0,0.0
seed-12186-pa-0.65-pb-0.20,seed-12186-pa-0.65-pb-0.20:1,bandit,1,4.42870067827652,2.021151013022723,1.3333333333333337,1.3333333333333337,0.0,0.0,3.0,1.0
seed-12186-pa-0.65-pb-0.20,seed-12186-pa-0.65-pb-0.20:2,bandit,2,3.201413277982752,2.423526783714911,1.75,1.75,0.0,0.0,3.0,1.95
seed-12186-pa-0.65-pb-0.20,seed-12186-pa-0.65-pb-0.20:3,bandit,3,3.4878222787715707,2.7208298867552685,2.0,2.0,0.0,0.0,3.0,2.8525
seed-12186-pa-0.65-pb-0.20,seed-12186-pa-0.65-pb-0.20:4,bandit,4,2.1602241504380864,2.962004521929529,2.166666666666667,2.166666666666667,0.0,0.0,3.0,3.709875
seed-12186-pa-0.65-pb-0.20,seed-12186-pa-0.65-pb-0.20:5,bandit,5,2.517675057605601,3.1682348905624766,2.2857142857142856,2.2857142857142856,0.0,0.0,3.0,4.524381249999999
seed-12186-pa-0.65-pb-0.20,seed-12186-pa-0.65-pb-0.20:6,bandit,6,2.6269290813453736,2.9861956663238893,1.75,1.75,0.0,0.0,-2.0,5.298162187499999
seed-12186-pa-0.65-pb-0.20,seed-12186-pa-0.65-pb-0.20:7,bandit,7,4.054882179158078,3.1906385601921046,1.8888888888888888,1.8888888888888888,0.0,0.0,3.0,6.033254078124999
seed-12186-pa-0.65-pb-0.20,seed-12186-pa-0.65-pb-0.20:8,bandit,8,4.04858735157374,3.3727230409215916,2.0,2.0,0.0,0.0,3.0,6.731591374218749
seed-12186-pa-0.65-pb-0.20,seed-12186-pa-0.65-pb-0.20:9,bandit,9,2.2575990353171704,3.484212870824995,2.0,2.0,0.0,0.0,-2.0,7.395011805507812
seed-12186-pa-0.65-pb-0.20,seed-12186-pa-0.65-pb-0.20:10,bandit,10,4.075939419878843,3.590128209233229,2.0,2.0,0.0,0.0,3.0,8.02526121523242
seed-12188-pa-0.35-pb-0.20,seed-12188-pa-0.35-pb-0.20:0,bandit,0,4.203889734292549,1.367647220698613,0.5,0.5,0.0,0.0,0.0,0.0
seed-12188-pa-0.35-pb-0.20,seed-12188-pa-0.35-pb-0.20:1,bandit,1,3.849076984180108,1.5357002752100228,0.5,0.5,0.0,0.0,-2.0,1.0
seed-12188-pa-0.35-pb-0.20,seed-12188-pa-0.35-pb-0.20:2,bandit,2,2.71393946547494,2.180801414808562,1.3333333333333337,1.3333333333333337,0.0,0.0,3.0,1.95
seed-12190-pa-0.65-pb-0.50,seed-12190-pa-0.65-pb-0.50:0,bandit,0,4.203889734292549,1.367647220698613,0.5,0.5,0.0,0.0,0.0,0.0
seed-12190-pa-0.65-pb-0.50,seed-12190-pa-0.65-pb-0.50:1,bandit,1,4.42870067827652,2.021151013022723,1.3333333333333337,1.3333333333333337,0.0,0.0,3.0,1.0
seed-12190-pa-0.65-pb-0.50,seed-12190-pa-0.65-pb-0.50:2,bandit,2,3.201413277982752,2.423526783714911,1.75,1.75,0.0,0.0,3.0,1.95
seed-12194-pa-0.50-pb-0.50,seed-12194-pa-0.50-pb-0.50:0,bandit,0,4.203889734292549,1.367647220698613,0.5,0.5,0.0,0.0,0.0,0.0
seed-12194-pa-0.50-pb-0.50,seed-12194-pa-0.50-pb-0.50:1,bandit,1,4.42870067827652,2.021151013022723,1.3333333333333337,1.3333333333333337,0.0,0.0,3.0,1.0
seed-12194-pa-0.50-pb-0.50,seed-12194-pa-0.50-pb-0.50:2,bandit,2,2.501928011042974,2.180801414808562,1.3333333333333337,1.3333333333333337,0.0,0.0,-2.0,1.95
seed-12194-pa-0.50-pb-0.50,seed-12194-pa-0.50-pb-0.50:3,bandit,3,1.2254126516016477,1.8470185586924093,0.5,0.5,0.0,0.0,-2.0,2.8525
seed-12194-pa-0.50-pb-0.50,seed-12194-pa-0.50-pb-0.50:4,bandit,4,0.1004126516016477,1.9911030463041293,0.5,0.5,0.0,0.0,-2.0,3.709875
seed-12194-pa-0.50-pb-0.50,seed-12194-pa-0.50-pb-0.50:5,bandit,5,2.1368710061149017,2.127983309535263,0.5,0.5,0.0,0.0,3.0,4.524381249999999
seed-12194-pa-0.50-pb-0.50,seed-12194-pa-0.50-pb-0.50:6,bandit,6,1.5311501362483142,1.9667491169172204,0.0,0.0,0.0,0.0,-2.0,5.298162187499999
seed-12194-pa-0.50-pb-0.50,seed-12194-pa-0.50-pb-0.50:7,bandit,7,2.1325990353171704,2.3815539971709385,0.5,0.5,0.0,0.0,3.0,6.033254078124999
seed-12194-pa-0.50-pb-0.50,seed-12194-pa-0.50-pb-0.50:8,bandit,8,1.8259394198788428,2.706962029064175,0.8571428571428572,0.8571428571428572,0.0,0.0,3.0,6.731591374218749
seed-12194-pa-0.50-pb-0.50,seed-12194-pa-0.50-pb-0.50:9,bandit,9,2.0231232641398407,2.97448959612166,1.125,1.125,0.0,0.0,3.0,7.395011805507812
seed-12194-pa-0.50-pb-0.50,seed-12194-pa-0.50-pb-0.50:10,bandit,10,2.3484445810050545,3.2017676189830695,1.3333333333333337,1.3333333333333337,0.0,0.0,3.0,8.02526121523242
seed-12194-pa-0.50-pb-0.50,seed-12194-pa-0.50-pb-0.50:11,bandit,11,1.898123264139841,3.108206895345811,1.0,1.0,0.0,0.0,-2.0,8.623998154470799
seed-12194-pa-0.50-pb-0.50,seed-12194-pa-0.50-pb-0.50:12,bandit,12,4.017675057605601,3.203795488259242,1.0,1.0,0.0,0.0,3.0,9.192798246747259
seed-12194-pa-0.50-pb-0.50,seed-12194-pa-0.50-pb-0.50:13,bandit,13,2.849076984180108,3.1357298646064806,0.7272727272727271,0.7272727272727271,0.0,0.0,-2.0,9.733158334409895
seed-12199-pa-0.50-pb-0.65,seed-12199-pa-0.50-pb-0.65:0,bandit,0,4.203889734292549,1.367647220698613,0.5,0.5,0.0,0.0,0.0,0.0
seed-12199-pa-0.50-pb-0.65,seed-12199-pa-0.50-pb-0.65:1,bandit,1,4.42870067827652,2.021151013022723,1.3333333333333337,1.3333333333333337,0.0,0.0,3.0,1.0
seed-12199-pa-0.50-pb-0.65,seed-12199-pa-0.50-pb-0.65:2,bandit,2,3.6368710061149017,1.695350676995862,0.5,0.5,0.0,0.0,-2.0,1.95
seed-12199-pa-0.50-pb-0.65,seed-12199-pa-0.50-pb-0.65:3,bandit,3,4.71393946547494,2.138289001380029,1.0,1.0,0.0,0.0,3.0,2.8525
seed-12199-pa-0.50-pb-0.65,seed-12199-pa-0.50-pb-0.65:4,bandit,4,3.8288897342925488,2.4765537841168292,1.3333333333333337,1.3333333333333337,0.0,0.0,3.0,3.709875
seed-12199-pa-0.50-pb-0.65,seed-12199-pa-0.50-pb-0.65:5,bandit,5,2.9102241504380864,2.336033625740706,0.8571428571428572,0.8571428571428572,0.0,0.0,-2.0,4.524381249999999
seed-12199-pa-0.50-pb-0.65,seed-12199-pa-0.50-pb-0.65:6,bandit,6,1.6561501362483142,2.2580195596048402,0.5,0.5,0.0,0.0,-2.0,5.298162187499999
seed-12207-pa-0.20-pb-0.35,seed-12207-pa-0.20-pb-0.35:0,bandit,0,4.203889734292549,1.367647220698613,0.5,0.5,0.0,0.0,0.0,0.0
seed-12207-pa-0.20-pb-0.35,seed-12207-pa-0.20-pb-0.35:1,bandit,1,3.849076984180108,1.5357002752100228,0.5,0.5,0.0,0.0,-2.0,1.0
seed-12207-pa-0.20-pb-0.35,seed-12207-pa-0.20-pb-0.35:2,bandit,2,2.71393946547494,2.180801414808562,1.3333333333333337,1.3333333333333337,0.0,0.0,3.0,1.95
seed-12207-pa-0.20-pb-0.35,seed-12207-pa-0.20-pb-0.35:3,bandit,3,1.826413277982752,2.332469296505109,1.3333333333333337,1.3333333333333337,0.0,0.0,-2.0,2.8525
seed-12207-pa-0.20-pb-0.35,seed-12207-pa-0.20-pb-0.35:4,bandit,4,0.1787006782765203,1.9911030463041293,0.5,0.5,0.0,0.0,-2.0,3.709875
seed-12213-pa-0.50-pb-0.20,seed-12213-pa-0.50-pb-0.20:0,bandit,0,4.203889734292549,1.367647220698613,0.5,0.5,0.0,0.0,0.0,0.0
seed-12213-pa-0.50-pb-0.20,seed-12213-pa-0.50-pb-0.20:1,bandit,1,4.42870067827652,2.021151013022723,1.3333333333333337,1.3333333333333337,0.0,0.0,3.0,1.0
seed-12213-pa-0.50-pb-0.20,seed-12213-pa-0.50-pb-0.20:2,bandit,2,0.951413277982752,2.180801414808562,1.3333333333333337,1.3333333333333337,0.0,0.0,3.0,1.95
seed-12213-pa-0.50-pb-0.20,seed-12213-pa-0.50-pb-0.20:3,bandit,3,2.6325990353171704,2.332469296505109,1.3333333333333337,1.3333333333333337,0.0,0.0,-2.0,2.8525
seed-12213-pa-0.50-pb-0.20,seed-12213-pa-0.50-pb-0.20:4,bandit,4,2.6368710061149017,2.7192791530231784,1.75,1.75,0.0,0.0,3.0,3.709875
seed-12213-pa-0.50-pb-0.20,seed-12213-pa-0.50-pb-0.20:5,bandit,5,1.6882616875182244,2.419253752222883,1.0,1.0,0.0,0.0,-2.0,4.524381249999999
seed-12220-pa-0.35-pb-0.20,seed-12220-pa-0.35-pb-0.20:0,bandit,0,4.203889734292549,1.367647220698613,0.5,0.5,0.0,0.0,0.0,0.0
seed-12220-pa-0.35-pb-0.20,seed-12220-pa-0.35-pb-0.20:1,bandit,1,3.849076984180108,1.5357002752100228,0.5,0.5,0.0,0.0,-2.0,1.0
seed-12220-pa-0.35-pb-0.20,seed-12220-pa-0.35-pb-0.20:2,bandit,2,1.2575990353171704,1.695350676995862,0.5,0.5,0.0,0.0,-2.0,1.95
seed-12220-pa-0.35-pb-0.20,seed-12220-pa-0.35-pb-0.20:3,bandit,3,3.017675057605601,2.332469296505109,1.3333333333333337,1.3333333333333337,0.0,0.0,3.0,2.8525
seed-12220-pa-0.35-pb-0.20,seed-12220-pa-0.35-pb-0.20:4,bandit,4,1.5984445810050545,2.4765537841168292,1.3333333333333337,1.3333333333333337,0.0,0.0,-2.0,3.709875
seed-12220-pa-0.35-pb-0.20,seed-12220-pa-0.35-pb-0.20:5,bandit,5,3.075939419878843,2.613434047347963,1.3333333333333337,1.3333333333333337,0.0,0.0,3.0,4.524381249999999
seed-12220-pa-0.35-pb-0.20,seed-12220-pa-0.35-pb-0.20:6,bandit,6,1.8037006782765204,2.2580195596048402,0.5,0.5,0.0,0.0,-2.0,5.298162187499999
seed-12220-pa-0.35-pb-0.20,seed-12220-pa-0.35-pb-0.20:7,bandit,7,0.9734445810050544,2.0902835544833187,0.0,0.0,0.0,0.0,-2.0,6.033254078124999
seed-12220-pa-0.35-pb-0.20,seed-12220-pa-0.35-pb-0.20:8,bandit,8,0.8132616875182244,2.2076412701711123,0.0,0.0,0.0,0.0,-2.0,6.731591374218749
seed-12220-pa-0.35-pb-0.20,seed-12220-pa-0.35-pb-0.20:9,bandit,9,2.7519290813453736,2.6104015427621357,0.5,0.5,0.0,0.0,3.0,7.395011805507812
seed-12220-pa-0.35-pb-0.20,seed-12220-pa-0.35-pb-0.20:10,bandit,10,2.825939419878843,2.7163168811703695,0.5,0.5,0.0,0.0,3.0,8.02526121523242
seed-12220-pa-0.35-pb-0.20,seed-12220-pa-0.35-pb-0.20:11,bandit,11,2.8037006782765204,2.6088861364527483,0.1428571428571428,0.1428571428571428,0.0,0.0,-2.0,8.623998154470799
seed-12220-pa-0.35-pb-0.20,seed-12220-pa-0.35-pb-0.20:12,bandit,12,3.693147180559944,2.7507081329673886,0.2222222222222223,0.2222222222222223,0.0,0.0,3.0,9.192798246747259
seed-12220-pa-0.35-pb-0.20,seed-12220-pa-0.35-pb-0.20:13,bandit,13,3.0019290813453736,2.7952838926339383,0.1428571428571428,0.1428571428571428,0.0,0.0,-2.0,9.733158334409895
seed-12226-pa-0.50-pb-0.50,seed-12226-pa-0.50-pb-0.50:0,bandit,0,4.203889734292549,1.367647220698613,0.5,0.5,0.0,0.0,0.0,0.0
seed-12226-pa-0.50-pb-0.50,seed-12226-pa-0.50-pb-0.50:1,bandit,1,3.849076984180108,1.5357002752100228,0.5,0.5,0.0,0.0,-2.0,1.0
seed-12226-pa-0.50-pb-0.50,seed-12226-pa-0.50-pb-0.50:2,bandit,2,2.71393946547494,2.180801414808562,1.3333333333333337,1.3333333333333337,0.0,0.0,3.0,1.95
seed-12226-pa-0.50-pb-0.50,seed-12226-pa-0.50-pb-0.50:3,bandit,3,1.826413277982752,2.332469296505109,1.3333333333333337,1.3333333333333337,0.0,0.0,-2.0,2.8525
seed-12226-pa-0.50-pb-0.50,seed-12226-pa-0.50-pb-0.50:4,bandit,4,2.626928011042974,2.7192791530231784,1.75,1.75,0.0,0.0,3.0,3.709875
seed-12226-pa-0.50-pb-0.50,seed-12226-pa-0.50-pb-0.50:5,bandit,5,2.201413277982752,2.8561594162543122,1.75,1.75,0.0,0.0,-2.0,4.524381249999999
seed-12226-pa-0.50-pb-0.50,seed-12226-pa-0.50-pb-0.50:6,bandit,6,0.3181471805599436,2.54929000229246,1.0,1.0,0.0,0.0,-2.0,5.298162187499999
seed-12227-pa-0.35-pb-0.35,seed-12227-pa-0.35-pb-0.35:0,bandit,0,4.203889734292549,1.367647220698613,0.5,0.5,0.0,0.0,0.0,0.0
seed-12227-pa-0.35-pb-0.35,seed-12227-pa-0.35-pb-0.35:1,bandit,1,4.42870067827652,2.021151013022723,1.3333333333333337,1.3333333333333337,0.0,0.0,3.0,1.0
seed-12227-pa-0.35-pb-0.35,seed-12227-pa-0.35-pb-0.35:2,bandit,2,3.6368710061149017,1.695350676995862,0.5,0.5,0.0,0.0,-2.0,1.95
seed-12227-pa-0.35-pb-0.35,seed-12227-pa-0.35-pb-0.35:3,bandit,3,1.9754126516016477,1.8470185586924093,0.5,0.5,0.0,0.0,-2.0,2.8525
seed-12227-pa-0.35-pb-0.35,seed-12227-pa-0.35-pb-0.35:4,bandit,4,3.099076984180108,2.282373488991749,1.0,1.0,0.0,0.0,3.0,3.709875
seed-12227-pa-0.35-pb-0.35,seed-12227-pa-0.35-pb-0.35:5,bandit,5,2.6787006782765204,2.127983309535263,0.5,0.5,0.0,0.0,-2.0,4.524381249999999
seed-12227-pa-0.35-pb-0.35,seed-12227-pa-0.35-pb-0.35:6,bandit,6,4.186967589003199,2.2580195596048402,0.5,0.5,0.0,0.0,3.0,5.298162187499999
seed-12227-pa-0.35-pb-0.35,seed-12227-pa-0.35-pb-0.35:7,bandit,7,3.1481232641398407,2.3815539971709385,0.5,0.5,0.0,0.0,-2.0,6.033254078124999
seed-12227-pa-0.35-pb-0.35,seed-12227-pa-0.35-pb-0.35:8,bandit,8,4.417999079229087,2.790182155546352,1.0,1.0,0.0,0.0,3.0,6.731591374218749
seed-12227-pa-0.35-pb-0.35,seed-12227-pa-0.35-pb-0.35:9,bandit,9,3.075939419878843,2.9016719854497555,1.0,1.0,0.0,0.0,-2.0,7.395011805507812
seed-12227-pa-0.35-pb-0.35,seed-12227-pa-0.35-pb-0.35:10,bandit,10,2.3181471805599436,3.0075873238579893,1.0,1.0,0.0,0.0,-2.0,8.02526121523242
seed-12227-pa-0.35-pb-0.35,seed-12227-pa-0.35-pb-0.35:11,bandit,11,2.5118710061149017,3.108206895345811,1.0,1.0,0.0,0.0,-2.0,8.623998154470799
seed-12227-pa-0.35-pb-0.35,seed-12227-pa-0.35-pb-0.35:12,bandit,12,4.035224150438086,3.203795488259242,1.0,1.0,0.0,0.0,3.0,9.192798246747259
seed-12235-pa-0.35-pb-0.50,seed-12235-pa-0.35-pb-0.50:0,bandit,0,4.203889734292549,1.367647220698613,0.5,0.5,0.0,0.0,0.0,0.0
seed-12243-pa-0.35-pb-0.35,seed-12243-pa-0.35-pb-0.35:0,bandit,0,4.203889734292549,1.367647220698613,0.5,0.5,0.0,0.0,0.0,0.0
seed-12243-pa-0.35-pb-0.35,seed-12243-pa-0.35-pb-0.35:1,bandit,1,4.42870067827652,2.021151013022723,1.3333333333333337,1.3333333333333337,0.0,0.0,3.0,1.0
seed-12243-pa-0.35-pb-0.35,seed-12243-pa-0.35-pb-0.35:2,bandit,2,3.201413277982752,2.423526783714911,1.75,1.75,0.0,0.0,3.0,1.95
seed-12243-pa-0.35-pb-0.35,seed-12243-pa-0.35-pb-0.35:3,bandit,3,3.4878222787715707,2.7208298867552685,2.0,2.0,0.0,0.0,3.0,2.8525
seed-12243-pa-0.35-pb-0.35,seed-12243-pa-0.35-pb-0.35:4,bandit,4,2.826413277982752,2.4765537841168292,1.3333333333333337,1.3333333333333337,0.0,0.0,-2.0,3.709875
seed-12243-pa-0.35-pb-0.35,seed-12243-pa-0.35-pb-0.35:5,bandit,5,2.71393946547494,2.336033625740706,0.8571428571428572,0.8571428571428572,0.0,0.0,-2.0,4.524381249999999
seed-12243-pa-0.35-pb-0.35,seed-12243-pa-0.35-pb-0.35:6,bandit,6,4.535224150438086,2.7434702974175402,1.3333333333333337,1.3333333333333337,0.0,0.0,3.0,5.298162187499999
seed-12243-pa-0.35-pb-0.35,seed-12243-pa-0.35-pb-0.35:7,bandit,7,2.724076984180108,2.8670047349836385,1.3333333333333337,1.3333333333333337,0.0,0.0,-2.0,6.033254078124999
seed-12243-pa-0.35-pb-0.35,seed-12243-pa-0.35-pb-0.35:8,bandit,8,2.3825990353171704,2.984362450671432,1.3333333333333337,1.3333333333333337,0.0,0.0,-2.0,6.731591374218749
seed-12243-pa-0.35-pb-0.35,seed-12243-pa-0.35-pb-0.35:9,bandit,9,1.8825990353171704,3.0958522805748356,1.3333333333333337,1.3333333333333337,0.0,0.0,-2.0,7.395011805507812
seed-12247-pa-0.50-pb-0.65,seed-12247-pa-0.50-pb-0.65:0,bandit,0,4.203889734292549,1.367647220698613,0.5,0.5,0.0,0.0,0.0,0.0
seed-12247-pa-0.50-pb-0.65,seed-12247-pa-0.50-pb-0.65:1,bandit,1,4.42870067827652,2.021151013022723,1.3333333333333337,1.3333333333333337,0.0,0.0,3.0,1.0
seed-12247-pa-0.50-pb-0.65,seed-12247-pa-0.50-pb-0.65:2,bandit,2,0.951413277982752,2.180801414808562,1.3333333333333337,1.3333333333333337,0.0,0.0,3.0,1.95
seed-12247-pa-0.50-pb-0.65,seed-12247-pa-0.50-pb-0.65:3,bandit,3,2.6325990353171704,2.332469296505109,1.3333333333333337,1.3333333333333337,0.0,0.0,-2.0,2.8525
seed-12247-pa-0.50-pb-0.65,seed-12247-pa-0.50-pb-0.65:4,bandit,4,2.6368710061149017,2.7192791530231784,1.75,1.75,0.0,0.0,3.0,3.709875
seed-12247-pa-0.50-pb-0.65,seed-12247-pa-0.50-pb-0.65:5,bandit,5,1.6882616875182244,2.419253752222883,1.0,1.0,0.0,0.0,-2.0,4.524381249999999
seed-12247-pa-0.50-pb-0.65,seed-12247-pa-0.50-pb-0.65:6,bandit,6,0.8825990353171704,2.2580195596048402,0.5,0.5,0.0,0.0,-2.0,5.298162187499999
seed-12247-pa-0.50-pb-0.65,seed-12247-pa-0.50-pb-0.65:7,bandit,7,-0.1515554189949455,2.3815539971709385,0.5,0.5,0.0,0.0,-2.0,6.033254078124999
seed-12251-pa-0.35-pb-0.50,seed-12251-pa-0.35-pb-0.50:0,bandit,0,4.203889734292549,1.367647220698613,0.5,0.5,0.0,0.0,0.0,0.0
seed-12251-pa-0.35-pb-0.50,seed-12251-pa-0.35-pb-0.50:1,bandit,1,3.849076984180108,1.5357002752100228,0.5,0.5,0.0,0.0,-2.0,1.0
seed-12251-pa-0.35-pb-0.50,seed-12251-pa-0.35-pb-0.50:2,bandit,2,1.2575990353171704,1.695350676995862,0.5,0.5,0.0,0.0,-2.0,1.95
seed-12251-pa-0.35-pb-0.50,seed-12251-pa-0.35-pb-0.50:3,bandit,3,0.2731232641398406,1.8470185586924093,0.5,0.5,0.0,0.0,-2.0,2.8525
seed-12251-pa-0.35-pb-0.50,seed-12251-pa-0.35-pb-0.50:4,bandit,4,-0.4768767358601593,1.9911030463041293,0.5,0.5,0.0,0.0,-2.0,3.709875
seed-12252-pa-0.35-pb-0.20,seed-12252-pa-0.35-pb-0.20:0,bandit,0,4.203889734292549,1.367647220698613,0.5,0.5,0.0,0.0,0.0,0.0
seed-12252-pa-0.35-pb-0.20,seed-12252-pa-0.35-pb-0.20:1,bandit,1,3.849076984180108,1.5357002752100228,0.5,0.5,0.0,0.0,-2.0,1.0
seed-12252-pa-0.35-pb-0.20,seed-12252-pa-0.35-pb-0.20:2,bandit,2,1.2575990353171704,1.695350676995862,0.5,0.5,0.0,0.0,-2.0,1.95
seed-12252-pa-0.35-pb-0.20,seed-12252-pa-0.35-pb-0.20:3,bandit,3,0.5231232641398407,1.3615678208797093,-0.3333333333333332,-0.3333333333333332,0.0,0.0,-2.0,2.8525
seed-12252-pa-0.35-pb-0.20,seed-12252-pa-0.35-pb-0.20:4,bandit,4,0.8926750576056008,1.5056523084914293,-0.3333333333333332,-0.3333333333333332,0.0,0.0,-2.0,3.709875
seed-12255-pa-0.20-pb-0.35,seed-12255-pa-0.20-pb-0.35:0,bandit,0,4.203889734292549,1.367647220698613,0.5,0.5,0.0,0.0,0.0,0.0
seed-12255-pa-0.20-pb-0.35,seed-12255-pa-0.20-pb-0.35:1,bandit,1,3.849076984180108,1.5357002752100228,0.5,0.5,0.0,0.0,-2.0,1.0
seed-12255-pa-0.20-pb-0.35,seed-12255-pa-0.20-pb-0.35:2,bandit,2,1.2575990353171704,1.695350676995862,0.5,0.5,0.0,0.0,-2.0,1.95
seed-12255-pa-0.20-pb-0.35,seed-12255-pa-0.20-pb-0.35:3,bandit,3,3.017675057605601,2.332469296505109,1.3333333333333337,1.3333333333333337,0.0,0.0,3.0,2.8525
seed-12255-pa-0.20-pb-0.35,seed-12255-pa-0.20-pb-0.35:4,bandit,4,1.0537006782765204,1.9911030463041293,0.5,0.5,0.0,0.0,-2.0,3.709875
seed-12255-pa-0.20-pb-0.35,seed-12255-pa-0.20-pb-0.35:5,bandit,5,2.2731232641398407,2.419253752222883,1.0,1.0,0.0,0.0,3.0,4.524381249999999
seed-12255-pa-0.20-pb-0.35,seed-12255-pa-0.20-pb-0.35:6,bandit,6,1.0759394198788428,2.2580195596048402,0.5,0.5,0.0,0.0,-2.0,5.298162187499999
seed-12255-pa-0.20-pb-0.35,seed-12255-pa-0.20-pb-0.35:7,bandit,7,1.0019290813453736,2.3815539971709385,0.5,0.5,0.0,0.0,-2.0,6.033254078124999
seed-12261-pa-0.50-pb-0.20,seed-12261-pa-0.50-pb-0.20:0,bandit,0,4.203889734292549,1.367647220698613,0.5,0.5,0.0,0.0,0.0,0.0
seed-12261-pa-0.50-pb-0.20,seed-12261-pa-0.50-pb-0.20:1,bandit,1,3.4287006782765204,2.021151013022723,1.3333333333333337,1.3333333333333337,0.0,0.0,3.0,1.0
seed-12261-pa-0.50-pb-0.20,seed-12261-pa-0.50-pb-0.20:2,bandit,2,2.0019290813453736,2.423526783714911,1.75,1.75,0.0,0.0,3.0,1.95
seed-12261-pa-0.50-pb-0.20,seed-12261-pa-0.50-pb-0.20:3,bandit,3,3.05474463538566,2.138289001380029,1.0,1.0,0.0,0.0,-2.0,2.8525
seed-12261-pa-0.50-pb-0.20,seed-12261-pa-0.50-pb-0.20:4,bandit,4,2.1269290813453736,2.282373488991749,1.0,1.0,0.0,0.0,-2.0,3.709875
seed-12264-pa-0.20-pb-0.65,seed-12264-pa-0.20-pb-0.65:0,bandit,0,4.203889734292549,1.367647220698613,0.5,0.5,0.0,0.0,0.0,0.0
seed-12264-pa-0.20-pb-0.65,seed-12264-pa-0.20-pb-0.65:1,bandit,1,3.849076984180108,1.5357002752100228,0.5,0.5,0.0,0.0,-2.0,1.0
seed-12264-pa-0.20-pb-0.65,seed-12264-pa-0.20-pb-0.65:2,bandit,2,0.1004126516016477,1.209899939183162,-0.3333333333333332,-0.3333333333333332,0.0,0.0,-2.0,1.95
seed-12271-pa-0.20-pb-0.35,seed-12271-pa-0.20-pb-0.35:0,bandit,0,4.203889734292549,1.367647220698613,0.5,0.5,0.0,0.0,0.0,0.0
seed-12271-pa-0.20-pb-0.35,seed-12271-pa-0.20-pb-0.35:1,bandit,1,3.849076984180108,1.5357002752100228,0.5,0.5,0.0,0.0,-2.0,1.0
seed-12271-pa-0.20-pb-0.35,seed-12271-pa-0.20-pb-0.35:2,bandit,2,1.2575990353171704,1.695350676995862,0.5,0.5,0.0,0.0,-2.0,1.95
seed-12271-pa-0.20-pb-0.35,seed-12271-pa-0.20-pb-0.35:3,bandit,3,3.017675057605601,2.332469296505109,1.3333333333333337,1.3333333333333337,0.0,0.0,3.0,2.8525
seed-12271-pa-0.20-pb-0.35,seed-12271-pa-0.20-pb-0.35:4,bandit,4,1.5984445810050545,2.4765537841168292,1.3333333333333337,1.3333333333333337,0.0,0.0,-2.0,3.709875
seed-12271-pa-0.20-pb-0.35,seed-12271-pa-0.20-pb-0.35:5,bandit,5,0.6561501362483142,2.127983309535263,0.5,0.5,0.0,0.0,-2.0,4.524381249999999
seed-12277-pa-0.50-pb-0.20,seed-12277-pa-0.50-pb-0.20:0,bandit,0,4.203889734292549,1.367647220698613,0.5,0.5,0.0,0.0,0.0,0.0
seed-12277-pa-0.50-pb-0.20,seed-12277-pa-0.50-pb-0.20:1,bandit,1,4.42870067827652,2.021151013022723,1.3333333333333337,1.3333333333333337,0.0,0.0,3.0,1.0
seed-12277-pa-0.50-pb-0.20,seed-12277-pa-0.50-pb-0.20:2,bandit,2,3.6368710061149017,1.695350676995862,0.5,0.5,0.0,0.0,-2.0,1.95
seed-12277-pa-0.50-pb-0.20,seed-12277-pa-0.50-pb-0.20:3,bandit,3,4.71393946547494,2.138289001380029,1.0,1.0,0.0,0.0,3.0,2.8525
seed-12277-pa-0.50-pb-0.20,seed-12277-pa-0.50-pb-0.20:4,bandit,4,1.9754126516016477,1.9911030463041293,0.5,0.5,0.0,0.0,-2.0,3.709875
seed-12277-pa-0.50-pb-0.20,seed-12277-pa-0.50-pb-0.20:5,bandit,5,4.600206558916746,2.613434047347963,1.3333333333333337,1.3333333333333337,0.0,0.0,3.0,4.524381249999999
seed-12277-pa-0.50-pb-0.20,seed-12277-pa-0.50-pb-0.20:6,bandit,6,2.906150136248314,2.7434702974175402,1.3333333333333337,1.3333333333333337,0.0,0.0,-2.0,5.298162187499999
seed-12277-pa-0.50-pb-0.20,seed-12277-pa-0.50-pb-0.20:7,bandit,7,4.017675057605601,2.8670047349836385,1.3333333333333337,1.3333333333333337,0.0,0.0,3.0,6.033254078124999
seed-12277-pa-0.50-pb-0.20,seed-12277-pa-0.50-pb-0.20:8,bandit,8,2.5537006782765204,2.984362450671432,1.3333333333333337,1.3333333333333337,0.0,0.0,-2.0,6.731591374218749
seed-12277-pa-0.50-pb-0.20,seed-12277-pa-0.50-pb-0.20:9,bandit,9,3.6602241504380864,3.0958522805748356,1.3333333333333337,1.3333333333333337,0.0,0.0,3.0,7.395011805507812
seed-12277-pa-0.50-pb-0.20,seed-12277-pa-0.50-pb-0.20:10,bandit,10,3.58893946547494,3.2017676189830695,1.3333333333333337,1.3333333333333337,0.0,0.0,3.0,8.02526121523242
seed-12277-pa-0.50-pb-0.20,seed-12277-pa-0.50-pb-0.20:11,bandit,11,3.929882179158078,3.302387190470891,1.3333333333333337,1.3333333333333337,0.0,0.0,3.0,8.623998154470799
seed-12277-pa-0.50-pb-0.20,seed-12277-pa-0.50-pb-0.20:12,bandit,12,4.001928011042974,3.397975783384322,1.3333333333333337,1.3333333333333337,0.0,0.0,-2.0,9.192798246747259
seed-12277-pa-0.50-pb-0.20,seed-12277-pa-0.50-pb-0.20:13,bandit,13,4.79858735157374,3.488784946652081,1.3333333333333337,1.3333333333333337,0.0,0.0,3.0,9.733158334409895
seed-12277-pa-0.50-pb-0.20,seed-12277-pa-0.50-pb-0.20:14,bandit,14,4.65475041827262,3.5750536517564524,1.3333333333333337,1.3333333333333337,0.0,0.0,3.0,10.2465004176894
seed-12277-pa-0.50-pb-0.20,seed-12277-pa-0.50-pb-0.20:15,bandit,15,4.895541900901097,3.6570089216056054,1.3333333333333337,1.3333333333333337,0.0,0.0,3.0,10.73417539680493
seed-12277-pa-0.50-pb-0.20,seed-12277-pa-0.50-pb-0.20:16,bandit,16,4.54858735157374,3.7348664279623,1.3333333333333337,1.3333333333333337,0.0,0.0,-2.0,11.197466626964683
seed-12277-pa-0.50-pb-0.20,seed-12277-pa-0.50-pb-0.20:17,bandit,17,3.6949361996449746,3.8088310590011605,1.3333333333333337,1.3333333333333337,0.0,0.0,-2.0,11.63759329561645
seed-12277-pa-0.50-pb-0.20,seed-12277-pa-0.50-pb-0.20:18,bandit,18,3.679882179158078,3.879097458488078,1.3333333333333337,1.3333333333333337,0.0,0.0,-2.0,12.055713630835626
seed-12277-pa-0.50-pb-0.20,seed-12277-pa-0.50-pb-0.20:19,bandit,19,3.4179990792290873,3.945850538000649,1.3333333333333337,1.3333333333333337,0.0,0.0,-2.0,12.452927949293844
seed-12277-pa-0.50-pb-0.20,seed-12277-pa-0.50-pb-0.20:20,bandit,20,3.429882179158078,4.009265963537592,1.3333333333333337,1.3333333333333337,0.0,0.0,-2.0,12.83028155182915
seed-12277-pa-0.50-pb-0.20,seed-12277-pa-0.50-pb-0.20:21,bandit,21,4.90475041827262,4.069510617797688,1.3333333333333337,1.3333333333333337,0.0,0.0,3.0,13.188767474237693
seed-12277-pa-0.50-pb-0.20,seed-12277-pa-0.50-pb-0.20:22,bandit,22,4.53364569998304,4.126743039344778,1.3333333333333337,1.3333333333333337,0.0,0.0,3.0,13.529329100525807
seed-12277-pa-0.50-pb-0.20,seed-12277-pa-0.50-pb-0.20:23,bandit,23,4.770541900901097,4.181113839814515,1.3333333333333337,1.3333333333333337,0.0,0.0,3.0,13.852862645499515
seed-12277-pa-0.50-pb-0.20,seed-12277-pa-0.50-pb-0.20:24,bandit,24,4.65864569998304,4.232766100260764,1.3333333333333337,1.3333333333333337,0.0,0.0,-2.0,14.160219513224538
seed-12277-pa-0.50-pb-0.20,seed-12277-pa-0.50-pb-0.20:25,bandit,25,3.7880413716877825,4.281835747684701,1.3333333333333337,1.3333333333333337,0.0,0.0,-2.0,14.45220853756331
seed-12277-pa-0.50-pb-0.20,seed-12277-pa-0.50-pb-0.20:26,bandit,26,5.018149927917811,4.3284519127374415,1.3333333333333337,1.3333333333333337,0.0,0.0,3.0,14.729598110685144
seed-12277-pa-0.50-pb-0.20,seed-12277-pa-0.50-pb-0.20:27,bandit,27,4.27975041827262,4.372737269537544,1.3333333333333337,1.3333333333333337,0.0,0.0,-2.0,14.993118205150886
seed-12277-pa-0.50-pb-0.20,seed-12277-pa-0.50-pb-0.20:28,bandit,28,3.898245464372426,4.414808358497643,1.3333333333333337,1.3333333333333337,0.0,0.0,-2.0,15.243462294893341
seed-12278-pa-0.50-pb-0.35,seed-12278-pa-0.50-pb-0.35:0,bandit,0,4.203889734292549,1.367647220698613,0.5,0.5,0.0,0.0,0.0,0.0
seed-12278-pa-0.50-pb-0.35,seed-12278-pa-0.50-pb-0.35:1,bandit,1,3.849076984180108,1.5357002752100228,0.5,0.5,0.0,0.0,-2.0,1.0
seed-12278-pa-0.50-pb-0.35,seed-12278-pa-0.50-pb-0.35:2,bandit,2,4.350412651601648,1.695350676995862,0.5,0.5,0.0,0.0,3.0,1.95
seed-12278-pa-0.50-pb-0.35,seed-12278-pa-0.50-pb-0.35:3,bandit,3,4.21393946547494,2.138289001380029,1.0,1.0,0.0,0.0,3.0,2.8525
seed-12278-pa-0.50-pb-0.35,seed-12278-pa-0.50-pb-0.35:4,bandit,4,2.7254126516016477,1.9911030463041293,0.5,0.5,0.0,0.0,-2.0,3.709875
seed-12290-pa-0.50-pb-0.50,seed-12290-pa-0.50-pb-0.50:0,bandit,0,4.203889734292549,1.367647220698613,0.5,0.5,0.0,0.0,0.0,0.0
seed-12290-pa-0.50-pb-0.50,seed-12290-pa-0.50-pb-0.50:1,bandit,1,4.42870067827652,2.021151013022723,1.3333333333333337,1.3333333333333337,0.0,0.0,3.0,1.0
seed-12290-pa-0.50-pb-0.50,seed-12290-pa-0.50-pb-0.50:2,bandit,2,3.201413277982752,2.423526783714911,1.75,1.75,0.0,0.0,3.0,1.95
seed-12290-pa-0.50-pb-0.50,seed-12290-pa-0.50-pb-0.50:3,bandit,3,3.4878222787715707,2.7208298867552685,2.0,2.0,0.0,0.0,3.0,2.8525
seed-12290-pa-0.50-pb-0.50,seed-12290-pa-0.50-pb-0.50:4,bandit,4,2.826413277982752,2.4765537841168292,1.3333333333333337,1.3333333333333337,0.0,0.0,-2.0,3.709875
seed-12290-pa-0.50-pb-0.50,seed-12290-pa-0.50-pb-0.50:5,bandit,5,2.71393946547494,2.336033625740706,0.8571428571428572,0.8571428571428572,0.0,0.0,-2.0,4.524381249999999
seed-12290-pa-0.50-pb-0.50,seed-12290-pa-0.50-pb-0.50:6,bandit,6,3.929882179158078,2.622107612964365,1.125,1.125,0.0,0.0,3.0,5.298162187499999
seed-12290-pa-0.50-pb-0.50,seed-12290-pa-0.50-pb-0.50:7,bandit,7,2.392675057605601,2.5433709097751716,0.7777777777777777,0.7777777777777777,0.0,0.0,-2.0,6.033254078124999
seed-12290-pa-0.50-pb-0.50,seed-12290-pa-0.50-pb-0.50:8,bandit,8,3.5485873515737403,2.790182155546352,1.0,1.0,0.0,0.0,3.0,6.731591374218749
seed-12290-pa-0.50-pb-0.50,seed-12290-pa-0.50-pb-0.50:9,bandit,9,3.1949361996449746,3.007588510063435,1.1818181818181817,1.1818181818181817,0.0,0.0,3.0,7.395011805507812
seed-12290-pa-0.50-pb-0.50,seed-12290-pa-0.50-pb-0.50:10,bandit,10,2.58893946547494,2.959042250076719,0.9166666666666664,0.9166666666666664,0.0,0.0,-2.0,8.02526121523242
seed-12290-pa-0.50-pb-0.50,seed-12290-pa-0.50-pb-0.50:11,bandit,11,3.7880413716877825,3.153017732682368,1.076923076923077,1.076923076923077,0.0,0.0,3.0,8.623998154470799
seed-12290-pa-0.50-pb-0.50,seed-12290-pa-0.50-pb-0.50:12,bandit,12,2.8199361996449746,3.120575361777065,0.8571428571428572,0.8571428571428572,0.0,0.0,-2.0,9.192798246747259
seed-12290-pa-0.50-pb-0.50,seed-12290-pa-0.50-pb-0.50:13,bandit,13,2.46393946547494,3.1004243564019207,0.6666666666666665,0.6666666666666665,0.0,0.0,-2.0,9.733158334409895
seed-12290-pa-0.50-pb-0.50,seed-12290-pa-0.50-pb-0.50:14,bandit,14,2.3288897342925488,3.0896029139437524,0.5,0.5,0.0,0.0,-2.0,10.2465004176894
seed-12290-pa-0.50-pb-0.50,seed-12290-pa-0.50-pb-0.50:15,bandit,15,5.251928011042974,3.6570089216056054,1.3333333333333337,1.3333333333333337,0.0,0.0,3.0,10.73417539680493
seed-12290-pa-0.50-pb-0.50,seed-12290-pa-0.50-pb-0.50:16,bandit,16,4.42974463538566,3.7348664279623,1.3333333333333337,1.3333333333333337,0.0,0.0,-2.0,11.197466626964683
seed-12290-pa-0.50-pb-0.50,seed-12290-pa-0.50-pb-0.50:17,bandit,17,3.80474463538566,3.8088310590011605,1.3333333333333337,1.3333333333333337,0.0,0.0,-2.0,11.63759329561645
seed-12290-pa-0.50-pb-0.50,seed-12290-pa-0.50-pb-0.50:18,bandit,18,3.6602241504380864,3.879097458488078,1.3333333333333337,1.3333333333333337,0.0,0.0,-2.0,12.055713630835626
seed-12290-pa-0.50-pb-0.50,seed-12290-pa-0.50-pb-0.50:19,bandit,19,2.951413277982752,3.945850538000649,1.3333333333333337,1.3333333333333337,0.0,0.0,-2.0,12.452927949293844
seed-12290-pa-0.50-pb-0.50,seed-12290-pa-0.50-pb-0.50:20,bandit,20,3.30474463538566,4.009265963537592,1.3333333333333337,1.3333333333333337,0.0,0.0,-2.0,12.83028155182915
seed-12290-pa-0.50-pb-0.50,seed-12290-pa-0.50-pb-0.50:21,bandit,21,4.917999079229087,4.069510617797688,1.3333333333333337,1.3333333333333337,0.0,0.0,3.0,13.188767474237693
seed-12290-pa-0.50-pb-0.50,seed-12290-pa-0.50-pb-0.50:22,bandit,22,4.112822278771571,4.126743039344778,1.3333333333333337,1.3333333333333337,0.0,0.0,-2.0,13.529329100525807
seed-12290-pa-0.50-pb-0.50,seed-12290-pa-0.50-pb-0.50:23,bandit,23,4.17974463538566,3.6956631020018147,0.5,0.5,0.0,0.0,-2.0,13.852862645499515
seed-12290-pa-0.50-pb-0.50,seed-12290-pa-0.50-pb-0.50:24,bandit,24,4.33893946547494,3.747315362448064,0.5,0.5,0.0,0.0,-2.0,14.160219513224538
seed-12290-pa-0.50-pb-0.50,seed-12290-pa-0.50-pb-0.50:25,bandit,25,4.001929081345374,3.505114567184381,0.0,0.0,0.0,0.0,-2.0,14.45220853756331
seed-12290-pa-0.50-pb-0.50,seed-12290-pa-0.50-pb-0.50:26,bandit,26,4.05474463538566,3.5517307322371217,0.0,0.0,0.0,0.0,-2.0,14.729598110685144
seed-12290-pa-0.50-pb-0.50,seed-12290-pa-0.50-pb-0.50:27,bandit,27,5.100206558916746,3.887286531724844,0.5,0.5,0.0,0.0,3.0,14.993118205150886
seed-12290-pa-0.50-pb-0.50,seed-12290-pa-0.50-pb-0.50:28,bandit,28,4.475206558916746,3.9293576206849425,0.5,0.5,0.0,0.0,3.0,15.243462294893341
seed-12290-pa-0.50-pb-0.50,seed-12290-pa-0.50-pb-0.50:29,bandit,29,5.0380413716877825,3.9693251551970357,0.5,0.5,0.0,0.0,3.0,15.481289180148673
seed-12290-pa-0.50-pb-0.50,seed-12290-pa-0.50-pb-0.50:30,bandit,30,5.30474463538566,4.007294312983524,0.5,0.5,0.0,0.0,-2.0,15.70722472114124
seed-12290-pa-0.50-pb-0.50,seed-12290-pa-0.50-pb-0.50:31,bandit,31,5.78364569998304,4.043365012880688,0.5,0.5,0.0,0.0,3.0,15.921863485084177
seed-12290-pa-0.50-pb-0.50,seed-12290-pa-0.50-pb-0.50:32,bandit,32,4.850412651601648,4.077632177782994,0.5,0.5,0.0,0.0,-2.0,16.125770310829967
seed-12290-pa-0.50-pb-0.50,seed-12290-pa-0.50-pb-0.50:33,bandit,33,3.975412651601648,4.110185984440185,0.5,0.5,0.0,0.0,-2.0,16.319481795288468
seed-12290-pa-0.50-pb-0.50,seed-12290-pa-0.50-pb-0.50:34,bandit,34,5.78364569998304,4.1411121007645155,0.5,0.5,0.0,0.0,3.0,16.503507705524044
seed-12290-pa-0.50-pb-0.50,seed-12290-pa-0.50-pb-0.50:35,bandit,35,4.910224150438086,4.17049191127263,0.5,0.5,0.0,0.0,-2.0,16.67833232024784
seed-12290-pa-0.50-pb-0.50,seed-12290-pa-0.50-pb-0.50:36,bandit,36,5.4130413716877825,4.198402731255339,0.5,0.5,0.0,0.0,3.0,16.844415704235445
seed-12290-pa-0.50-pb-0.50,seed-12290-pa-0.50-pb-0.50:37,bandit,37,5.15864569998304,4.224918010238912,0.5,0.5,0.0,0.0,3.0,17.002194919023673
seed-12290-pa-0.50-pb-0.50,seed-12290-pa-0.50-pb-0.50:38,bandit,38,5.026300195186874,4.2501075252733065,0.5,0.5,0.0,0.0,3.0,17.15208517307249
seed-12290-pa-0.50-pb-0.50,seed-12290-pa-0.50-pb-0.50:39,bandit,39,4.901300195186874,4.274037564555981,0.5,0.5,0.0,0.0,3.0,17.294480914418862
seed-12290-pa-0.50-pb-0.50,seed-12290-pa-0.50-pb-0.50:40,bandit,40,5.035224150438086,4.178688489974136,0.2972972972972973,0.2972972972972973,0.0,0.0,-2.0,17.42975686869792
seed-12290-pa-0.50-pb-0.50,seed-12290-pa-0.50-pb-0.50:41,bandit,41,6.285224150438086,4.318367962327137,0.5,0.5,0.0,0.0,3.0,17.558269025263023
seed-12290-pa-0.50-pb-0.50,seed-12290-pa-0.50-pb-0.50:42,bandit,42,5.828889734292549,4.33888497975712,0.5,0.5,0.0,0.0,3.0,17.680355573999872
seed-12290-pa-0.50-pb-0.50,seed-12290-pa-0.50-pb-0.50:43,bandit,43,5.42974463538566,4.520193058919838,0.7777777777777777,0.7777777777777777,0.0,0.0,3.0,17.796337795299877
seed-12290-pa-0.50-pb-0.50,seed-12290-pa-0.50-pb-0.50:44,bandit,44,5.501928011042974,4.538709667150398,0.7777777777777777,0.7777777777777777,0.0,0.0,3.0,17.906520905534883
seed-12290-pa-0.50-pb-0.50,seed-12290-pa-0.50-pb-0.50:45,bandit,45,5.451413277982752,4.5563004449694295,0.7777777777777777,0.7777777777777777,0.0,0.0,-2.0,18.011194860258136
seed-12290-pa-0.50-pb-0.50,seed-12290-pa-0.50-pb-0.50:46,bandit,46,4.781150136248314,4.5730116838975094,0.7777777777777777,0.7777777777777777,0.0,0.0,-2.0,18.110635117245227
seed-12290-pa-0.50-pb-0.50,seed-12290-pa-0.50-pb-0.50:47,bandit,47,4.451413277982752,4.588887360879186,0.7777777777777777,0.7777777777777777,0.0,0.0,-2.0,18.205103361382964
seed-12290-pa-0.50-pb-0.50,seed-12290-pa-0.50-pb-0.50:48,bandit,48,6.1949361996449746,4.603969254011778,0.7777777777777777,0.7777777777777777,0.0,0.0,3.0,18.294848193313815
seed-12290-pa-0.50-pb-0.50,seed-12290-pa-0.50-pb-0.50:49,bandit,49,5.725206558916746,4.618297052487741,0.7777777777777777,0.7777777777777777,0.0,0.0,3.0,18.380105783648123
seed-12290-pa-0.50-pb-0.50,seed-12290-pa-0.50-pb-0.50:50,bandit,50,5.517675057605601,4.631908461039906,0.7777777777777777,0.7777777777777777,0.0,0.0,-2.0,18.461100494465715
seed-12290-pa-0.50-pb-0.50,seed-12290-pa-0.50-pb-0.50:51,bandit,51,4.850412651601648,4.644839299164462,0.7777777777777777,0.7777777777777777,0.0,0.0,-2.0,18.53804546974243
seed-12290-pa-0.50-pb-0.50,seed-12290-pa-0.50-pb-0.50:52,bandit,52,6.186967589003199,4.6571235953827905,0.7777777777777777,0.7777777777777777,0.0,0.0,3.0,18.611143196255306
seed-12290-pa-0.50-pb-0.50,seed-12290-pa-0.50-pb-0.50:53,bandit,53,5.656150136248314,4.50697676418597,0.5,0.5,0.0,0.0,-2.0,18.680586036442538
seed-12290-pa-0.50-pb-0.50,seed-12290-pa-0.50-pb-0.50:54,bandit,54,5.55474463538566,4.518063341523012,0.5,0.5,0.0,0.0,-2.0,18.74655673462041
seed-12290-pa-0.50-pb-0.50,seed-12290-pa-0.50-pb-0.50:55,bandit,55,5.30474463538566,4.528595589993201,0.5,0.5,0.0,0.0,-2.0,18.809228897889387
seed-12290-pa-0.50-pb-0.50,seed-12290-pa-0.50-pb-0.50:56,bandit,56,6.46393946547494,4.538601226039882,0.5,0.5,0.0,0.0,3.0,18.868767452994916
seed-12290-pa-0.50-pb-0.50,seed-12290-pa-0.50-pb-0.50:57,bandit,57,5.826413277982752,4.431598403209179,0.2999999999999998,0.2999999999999998,0.0,0.0,-2.0,18.92532908034517
seed-12290-pa-0.50-pb-0.50,seed-12290-pa-0.50-pb-0.50:58,bandit,58,5.376929081345374,4.440628489741308,0.2999999999999998,0.2999999999999998,0.0,0.0,-2.0,18.97906262632791
seed-12290-pa-0.50-pb-0.50,seed-12290-pa-0.50-pb-0.50:59,bandit,59,6.751928011042974,4.480047471760814,0.3529411764705883,0.3529411764705883,0.0,0.0,3.0,19.030109495011512
seed-12290-pa-0.50-pb-0.50,seed-12290-pa-0.50-pb-0.50:60,bandit,60,5.80474463538566,4.461837808775732,0.3076923076923075,0.3076923076923075,0.0,0.0,-2.0,19.078604020260936
seed-12290-pa-0.50-pb-0.50,seed-12290-pa-0.50-pb-0.50:61,bandit,61,6.350206558916746,4.499172041608283,0.358490566037736,0.358490566037736,0.0,0.0,3.0,19.12467381924789
seed-12290-pa-0.50-pb-0.50,seed-12290-pa-0.50-pb-0.50:62,bandit,62,5.785224150438086,4.481084192739913,0.3148148148148149,0.3148148148148149,0.0,0.0,-2.0,19.168440128285493
seed-12290-pa-0.50-pb-0.50,seed-12290-pa-0.50-pb-0.50:63,bandit,63,6.350206558916746,4.5165120498383455,0.3636363636363637,0.3636363636363637,0.0,0.0,3.0,19.21001812187122
seed-12290-pa-0.50-pb-0.50,seed-12290-pa-0.50-pb-0.50:64,bandit,64,6.33893946547494,4.550574807628655,0.4107142857142856,0.4107142857142856,0.0,0.0,3.0,19.249517215777658
seed-12290-pa-0.50-pb-0.50,seed-12290-pa-0.50-pb-0.50:65,bandit,65,6.100206558916746,4.532243316395613,0.3684210526315787,0.3684210526315787,0.0,0.0,-2.0,19.287041354988773
seed-12290-pa-0.50-pb-0.50,seed-12290-pa-0.50-pb-0.50:66,bandit,66,6.46393946547494,4.564665134951385,0.4137931034482758,0.4137931034482758,0.0,0.0,3.0,19.322689287239335
seed-12290-pa-0.50-pb-0.50,seed-12290-pa-0.50-pb-0.50:67,bandit,67,6.328889734292549,4.59589144767973,0.4576271186440679,0.4576271186440679,0.0,0.0,3.0,19.356554822877367
seed-12290-pa-0.50-pb-0.50,seed-12290-pa-0.50-pb-0.50:68,bandit,68,5.876928011042974,4.577436956090748,0.4166666666666665,0.4166666666666665,0.0,0.0,-2.0,19.3887270817335
seed-12290-pa-0.50-pb-0.50,seed-12290-pa-0.50-pb-0.50:69,bandit,69,6.4449361996449746,4.607243717474954,0.459016393442623,0.459016393442623,0.0,0.0,3.0,19.419290727646825
seed-12290-pa-0.50-pb-0.50,seed-12290-pa-0.50-pb-0.50:70,bandit,70,5.767675057605601,4.589018738615567,0.4193548387096775,0.4193548387096775,0.0,0.0,-2.0,19.44832619126448
seed-12290-pa-0.50-pb-0.50,seed-12290-pa-0.50-pb-0.50:71,bandit,71,5.517675057605601,4.571283260305643,0.3809523809523809,0.3809523809523809,0.0,0.0,-2.0,19.475909881701256
seed-12290-pa-0.50-pb-0.50,seed-12290-pa-0.50-pb-0.50:72,bandit,72,6.725206558916746,4.575687007566611,0.3809523809523809,0.3809523809523809,0.0,0.0,3.0,19.502114387616192
seed-12290-pa-0.50-pb-0.50,seed-12290-pa-0.50-pb-0.50:73,bandit,73,6.21393946547494,4.603709666196403,0.421875,0.421875,0.0,0.0,3.0,19.527008668235382
seed-12290-pa-0.50-pb-0.50,seed-12290-pa-0.50-pb-0.50:74,bandit,74,6.186967589003199,4.630789636101088,0.4615384615384617,0.4615384615384617,0.0,0.0,3.0,19.55065823482361
seed-12290-pa-0.50-pb-0.50,seed-12290-pa-0.50-pb-0.50:75,bandit,75,6.061967589003199,4.656970717577239,0.5,0.5,0.0,0.0,3.0,19.57312532308243
seed-12290-pa-0.50-pb-0.50,seed-12290-pa-0.50-pb-0.50:76,bandit,76,6.203889734292549,4.638820997044148,0.4626865671641789,0.4626865671641789,0.0,0.0,-2.0,19.594469056928308
seed-12290-pa-0.50-pb-0.50,seed-12290-pa-0.50-pb-0.50:77,bandit,77,7.04858735157374,4.663965132928822,0.5,0.5,0.0,0.0,3.0,19.614745604081893
seed-12290-pa-0.50-pb-0.50,seed-12290-pa-0.50-pb-0.50:78,bandit,78,6.5699361996449746,4.667202291828721,0.5,0.5,0.0,0.0,3.0,19.634008323877797
seed-12290-pa-0.50-pb-0.50,seed-12290-pa-0.50-pb-0.50:79,bandit,79,6.304882179158078,4.691384146601568,0.5362318840579712,0.5362318840579712,0.0,0.0,3.0,19.652307907683905
seed-12290-pa-0.50-pb-0.50,seed-12290-pa-0.50-pb-0.50:80,bandit,80,6.142675057605601,4.673199128690784,0.5,0.5,0.0,0.0,-2.0,19.669692512299708
seed-12290-pa-0.50-pb-0.50,seed-12290-pa-0.50-pb-0.50:81,bandit,81,7.042999079229087,4.696486590808755,0.535211267605634,0.535211267605634,0.0,0.0,3.0,19.686207886684723
seed-12290-pa-0.50-pb-0.50,seed-12290-pa-0.50-pb-0.50:82,bandit,82,6.42358735157374,4.719065502109855,0.5694444444444446,0.5694444444444446,0.0,0.0,3.0,19.701897492350486
seed-12290-pa-0.50-pb-0.50,seed-12290-pa-0.50-pb-0.50:83,bandit,83,6.29858735157374,4.740966216770406,0.6027397260273974,0.6027397260273974,0.0,0.0,3.0,19.716802617732963
seed-12290-pa-0.50-pb-0.50,seed-12290-pa-0.50-pb-0.50:84,bandit,84,6.237822278771571,4.722856605696639,0.5675675675675675,0.5675675675675675,0.0,0.0,-2.0,19.730962486846312
seed-12290-pa-0.50-pb-0.50,seed-12290-pa-0.50-pb-0.50:85,bandit,85,6.917999079229087,4.744010452393882,0.6000000000000001,0.6000000000000001,0.0,0.0,3.0,19.744414362503996
seed-12290-pa-0.50-pb-0.50,seed-12290-pa-0.50-pb-0.50:86,bandit,86,5.826413277982752,4.726229019458252,0.5657894736842106,0.5657894736842106,0.0,0.0,-2.0,19.757193644378795
seed-12290-pa-0.50-pb-0.50,seed-12290-pa-0.50-pb-0.50:87,bandit,87,5.475412651601648,4.708857843805313,0.5324675324675323,0.5324675324675323,0.0,0.0,-2.0,19.769333962159855
seed-12290-pa-0.50-pb-0.50,seed-12290-pa-0.50-pb-0.50:88,bandit,88,6.679882179158078,4.729224749754412,0.5641025641025643,0.5641025641025643,0.0,0.0,3.0,19.78086726405186
seed-12290-pa-0.50-pb-0.50,seed-12290-pa-0.50-pb-0.50:89,bandit,89,6.54858735157374,4.749028196022615,0.5949367088607596,0.5949367088607596,0.0,0.0,3.0,19.791823900849266
seed-12290-pa-0.50-pb-0.50,seed-12290-pa-0.50-pb-0.50:90,bandit,90,6.328889734292549,4.731881718391136,0.5625,0.5625,0.0,0.0,-2.0,19.8022327058068
seed-12290-pa-0.50-pb-0.50,seed-12290-pa-0.50-pb-0.50:91,bandit,91,5.876928011042974,4.715114339904791,0.5308641975308643,0.5308641975308643,0.0,0.0,-2.0,19.81212107051646
seed-12290-pa-0.50-pb-0.50,seed-12290-pa-0.50-pb-0.50:92,bandit,92,5.42974463538566,4.698713364347667,0.5,0.5,0.0,0.0,-2.0,19.821515016990638
seed-12290-pa-0.50-pb-0.50,seed-12290-pa-0.50-pb-0.50:93,bandit,93,6.54858735157374,4.717759523886722,0.5301204819277108,0.5301204819277108,0.0,0.0,3.0,19.830439266141106
seed-12290-pa-0.50-pb-0.50,seed-12290-pa-0.50-pb-0.50:94,bandit,94,6.42358735157374,4.73631292434004,0.5595238095238093,0.5595238095238093,0.0,0.0,3.0,19.838917302834048
seed-12290-pa-0.50-pb-0.50,seed-12290-pa-0.50-pb-0.50:95,bandit,95,6.078889734292549,4.720124949055729,0.5294117647058822,0.5294117647058822,0.0,0.0,-2.0,19.846971437692346
seed-12290-pa-0.50-pb-0.50,seed-12290-pa-0.50-pb-0.50:96,bandit,96,5.725206558916746,4.704277239469681,0.5,0.5,0.0,0.0,-2.0,19.854622865807727
seed-12290-pa-0.50-pb-0.50,seed-12290-pa-0.50-pb-0.50:97,bandit,97,6.42358735157374,4.722238473656768,0.5287356321839081,0.5287356321839081,0.0,0.0,3.0,19.86189172251734
seed-12290-pa-0.50-pb-0.50,seed-12290-pa-0.50-pb-0.50:98,bandit,98,6.08893946547494,4.70665926893675,0.5,0.5,0.0,0.0,-2.0,19.86879713639147
seed-12290-pa-0.50-pb-0.50,seed-12290-pa-0.50-pb-0.50:99,bandit,99,6.542999079229087,4.804851868598793,0.6666666666666665,0.6666666666666665,0.0,0.0,3.0,19.875357279571897
seed-12303-pa-0.20-pb-0.35,seed-12303-pa-0.20-pb-0.35:0,bandit,0,4.203889734292549,1.367647220698613,0.5,0.5,0.0,0.0,0.0,0.0
seed-12303-pa-0.20-pb-0.35,seed-12303-pa-0.20-pb-0.35:1,bandit,1,3.849076984180108,1.5357002752100228,0.5,0.5,0.0,0.0,-2.0,1.0
seed-12303-pa-0.20-pb-0.35,seed-12303-pa-0.20-pb-0.35:2,bandit,2,0.1004126516016477,1.209899939183162,-0.3333333333333332,-0.3333333333333332,0.0,0.0,-2.0,1.95
seed-12304-pa-0.20-pb-0.50,seed-12304-pa-0.20-pb-0.50:0,bandit,0,4.203889734292549,1.367647220698613,0.5,0.5,0.0,0.0,0.0,0.0
seed-12304-pa-0.20-pb-0.50,seed-12304-pa-0.20-pb-0.50:1,bandit,1,3.849076984180108,1.5357002752100228,0.5,0.5,0.0,0.0,-2.0,1.0
seed-12304-pa-0.20-pb-0.50,seed-12304-pa-0.20-pb-0.50:2,bandit,2,4.350412651601648,1.695350676995862,0.5,0.5,0.0,0.0,3.0,1.95
seed-12304-pa-0.20-pb-0.50,seed-12304-pa-0.20-pb-0.50:3,bandit,3,2.7731232641398407,1.8470185586924093,0.5,0.5,0.0,0.0,-2.0,2.8525
seed-12304-pa-0.20-pb-0.50,seed-12304-pa-0.20-pb-0.50:4,bandit,4,3.376928011042974,1.9911030463041293,0.5,0.5,0.0,0.0,3.0,3.709875
seed-12304-pa-0.20-pb-0.50,seed-12304-pa-0.20-pb-0.50:5,bandit,5,2.5019290813453736,2.127983309535263,0.5,0.5,0.0,0.0,-2.0,4.524381249999999
seed-12304-pa-0.20-pb-0.50,seed-12304-pa-0.20-pb-0.50:6,bandit,6,3.9102241504380864,2.7434702974175402,1.3333333333333337,1.3333333333333337,0.0,0.0,3.0,5.298162187499999
seed-12304-pa-0.20-pb-0.50,seed-12304-pa-0.20-pb-0.50:7,bandit,7,2.8037006782765204,2.8670047349836385,1.3333333333333337,1.3333333333333337,0.0,0.0,-2.0,6.033254078124999
seed-12304-pa-0.20-pb-0.50,seed-12304-pa-0.20-pb-0.50:8,bandit,8,2.099076984180108,2.498911712858732,0.5,0.5,0.0,0.0,-2.0,6.731591374218749
seed-12310-pa-0.50-pb-0.35,seed-12310-pa-0.50-pb-0.35:0,bandit,0,4.203889734292549,1.367647220698613,0.5,0.5,0.0,0.0,0.0,0.0
seed-12310-pa-0.50-pb-0.35,seed-12310-pa-0.50-pb-0.35:1,bandit,1,4.42870067827652,2.021151013022723,1.3333333333333337,1.3333333333333337,0.0,0.0,3.0,1.0
seed-12310-pa-0.50-pb-0.35,seed-12310-pa-0.50-pb-0.35:2,bandit,2,0.951413277982752,2.180801414808562,1.3333333333333337,1.3333333333333337,0.0,0.0,3.0,1.95
seed-12311-pa-0.50-pb-0.65,seed-12311-pa-0.50-pb-0.65:0,bandit,0,4.203889734292549,1.367647220698613,0.5,0.5,0.0,0.0,0.0,0.0
seed-12311-pa-0.50-pb-0.65,seed-12311-pa-0.50-pb-0.65:1,bandit,1,4.42870067827652,2.021151013022723,1.3333333333333337,1.3333333333333337,0.0,0.0,3.0,1.0
seed-12311-pa-0.50-pb-0.65,seed-12311-pa-0.50-pb-0.65:2,bandit,2,3.201413277982752,2.423526783714911,1.75,1.75,0.0,0.0,3.0,1.95
seed-12311-pa-0.50-pb-0.65,seed-12311-pa-0.50-pb-0.65:3,bandit,3,2.67974463538566,2.575194665411458,1.75,1.75,0.0,0.0,3.0,2.8525
seed-12311-pa-0.50-pb-0.65,seed-12311-pa-0.50-pb-0.65:4,bandit,4,2.4734445810050545,2.7192791530231784,1.75,1.75,0.0,0.0,-2.0,3.709875
seed-12311-pa-0.50-pb-0.65,seed-12311-pa-0.50-pb-0.65:5,bandit,5,3.80370067827652,3.0017946375981226,2.0,2.0,0.0,0.0,3.0,4.524381249999999
seed-12311-pa-0.50-pb-0.65,seed-12311-pa-0.50-pb-0.65:6,bandit,6,2.781150136248314,3.1318308876676997,2.0,2.0,0.0,0.0,3.0,5.298162187499999
seed-12311-pa-0.50-pb-0.65,seed-12311-pa-0.50-pb-0.65:7,bandit,7,2.8868710061149017,3.352455472796338,2.166666666666667,2.166666666666667,0.0,0.0,3.0,6.033254078124999
seed-12311-pa-0.50-pb-0.65,seed-12311-pa-0.50-pb-0.65:8,bandit,8,2.9754126516016477,3.4698131884841317,2.166666666666667,2.166666666666667,0.0,0.0,3.0,6.731591374218749
seed-12311-pa-0.50-pb-0.65,seed-12311-pa-0.50-pb-0.65:9,bandit,9,3.531150136248314,3.650653123789349,2.2857142857142856,2.2857142857142856,0.0,0.0,3.0,7.395011805507812
seed-12311-pa-0.50-pb-0.65,seed-12311-pa-0.50-pb-0.65:10,bandit,10,2.0231232641398407,3.756568462197583,2.2857142857142856,2.2857142857142856,0.0,0.0,-2.0,8.02526121523242
seed-12311-pa-0.50-pb-0.65,seed-12311-pa-0.50-pb-0.65:11,bandit,11,4.349076984180108,3.9092006127367656,2.375,2.375,0.0,0.0,3.0,8.623998154470799
seed-12311-pa-0.50-pb-0.65,seed-12311-pa-0.50-pb-0.65:12,bandit,12,4.281150136248314,4.045243433801254,2.4444444444444446,2.4444444444444446,0.0,0.0,3.0,9.192798246747259
seed-12311-pa-0.50-pb-0.65,seed-12311-pa-0.50-pb-0.65:13,bandit,13,4.325939419878843,4.16841597958986,2.5,2.5,0.0,0.0,3.0,9.733158334409895
seed-12311-pa-0.50-pb-0.65,seed-12311-pa-0.50-pb-0.65:14,bandit,14,4.001929081345374,4.254684684694232,2.5,2.5,0.0,0.0,3.0,10.2465004176894
seed-12311-pa-0.50-pb-0.65,seed-12311-pa-0.50-pb-0.65:15,bandit,15,4.700939419878843,4.363119085696805,2.545454545454546,2.545454545454546,0.0,0.0,3.0,10.73417539680493
seed-12311-pa-0.50-pb-0.65,seed-12311-pa-0.50-pb-0.65:16,bandit,16,2.4431471805599436,4.4409765920535005,2.545454545454546,2.545454545454546,0.0,0.0,-2.0,11.197466626964683
seed-12311-pa-0.50-pb-0.65,seed-12311-pa-0.50-pb-0.65:17,bandit,17,2.099076984180108,4.514941223092361,2.545454545454546,2.545454545454546,0.0,0.0,-2.0,11.63759329561645
seed-12311-pa-0.50-pb-0.65,seed-12311-pa-0.50-pb-0.65:18,bandit,18,4.656150136248314,4.5852076225792775,2.545454545454546,2.545454545454546,0.0,0.0,3.0,12.055713630835626
seed-12311-pa-0.50-pb-0.65,seed-12311-pa-0.50-pb-0.65:19,bandit,19,2.825939419878843,4.651960702091849,2.545454545454546,2.545454545454546,0.0,0.0,-2.0,12.452927949293844
seed-12324-pa-0.65-pb-0.65,seed-12324-pa-0.65-pb-0.65:0,bandit,0,4.203889734292549,1.367647220698613,0.5,0.5,0.0,0.0,0.0,0.0
seed-12324-pa-0.65-pb-0.65,seed-12324-pa-0.65-pb-0.65:1,bandit,1,4.42870067827652,2.021151013022723,1.3333333333333337,1.3333333333333337,0.0,0.0,3.0,1.0
seed-12324-pa-0.65-pb-0.65,seed-12324-pa-0.65-pb-0.65:2,bandit,2,2.501928011042974,2.180801414808562,1.3333333333333337,1.3333333333333337,0.0,0.0,-2.0,1.95
seed-12324-pa-0.65-pb-0.65,seed-12324-pa-0.65-pb-0.65:3,bandit,3,2.6368710061149017,2.575194665411458,1.75,1.75,0.0,0.0,3.0,2.8525
seed-12324-pa-0.65-pb-0.65,seed-12324-pa-0.65-pb-0.65:4,bandit,4,1.6882616875182244,2.282373488991749,1.0,1.0,0.0,0.0,-2.0,3.709875
seed-12324-pa-0.65-pb-0.65,seed-12324-pa-0.65-pb-0.65:5,bandit,5,3.001928011042974,2.419253752222883,1.0,1.0,0.0,0.0,3.0,4.524381249999999
seed-12324-pa-0.65-pb-0.65,seed-12324-pa-0.65-pb-0.65:6,bandit,6,1.8259394198788428,2.2580195596048402,0.5,0.5,0.0,0.0,-2.0,5.298162187499999
seed-12324-pa-0.65-pb-0.65,seed-12324-pa-0.65-pb-0.65:7,bandit,7,3.561967589003199,2.6728244398585583,1.0,1.0,0.0,0.0,3.0,6.033254078124999
seed-12324-pa-0.65-pb-0.65,seed-12324-pa-0.65-pb-0.65:8,bandit,8,2.5632616875182244,2.790182155546352,1.0,1.0,0.0,0.0,3.0,6.731591374218749
seed-12324-pa-0.65-pb-0.65,seed-12324-pa-0.65-pb-0.65:9,bandit,9,2.8769290813453736,2.97448959612166,1.125,1.125,0.0,0.0,3.0,7.395011805507812
seed-12324-pa-0.65-pb-0.65,seed-12324-pa-0.65-pb-0.65:10,bandit,10,3.392675057605601,3.2017676189830695,1.3333333333333337,1.3333333333333337,0.0,0.0,3.0,8.02526121523242
seed-12324-pa-0.65-pb-0.65,seed-12324-pa-0.65-pb-0.65:11,bandit,11,3.392675057605601,3.3994773380334307,1.5,1.5,0.0,0.0,3.0,8.623998154470799
seed-12324-pa-0.65-pb-0.65,seed-12324-pa-0.65-pb-0.65:12,bandit,12,3.5075990353171704,3.3097120128729216,1.1818181818181817,1.1818181818181817,0.0,0.0,-2.0,9.192798246747259
seed-12324-pa-0.65-pb-0.65,seed-12324-pa-0.65-pb-0.65:13,bandit,13,5.1630413716877825,3.488784946652081,1.3333333333333337,1.3333333333333337,0.0,0.0,3.0,9.733158334409895
seed-12324-pa-0.65-pb-0.65,seed-12324-pa-0.65-pb-0.65:14,bandit,14,4.929882179158078,3.5750536517564524,1.3333333333333337,1.3333333333333337,0.0,0.0,3.0,10.2465004176894
seed-12324-pa-0.65-pb-0.65,seed-12324-pa-0.65-pb-0.65:15,bandit,15,5.15475041827262,3.7316936504998663,1.4615384615384617,1.4615384615384617,0.0,0.0,3.0,10.73417539680493
seed-12324-pa-0.65-pb-0.65,seed-12324-pa-0.65-pb-0.65:16,bandit,16,5.15475041827262,3.8735666387659284,1.5714285714285716,1.5714285714285716,0.0,0.0,3.0,11.197466626964683
seed-12324-pa-0.65-pb-0.65,seed-12324-pa-0.65-pb-0.65:17,bandit,17,4.474076984180108,3.8088310590011605,1.3333333333333337,1.3333333333333337,0.0,0.0,-2.0,11.63759329561645
seed-12324-pa-0.65-pb-0.65,seed-12324-pa-0.65-pb-0.65:18,bandit,18,3.5681471805599436,3.879097458488078,1.3333333333333337,1.3333333333333337,0.0,0.0,-2.0,12.055713630835626
seed-12324-pa-0.65-pb-0.65,seed-12324-pa-0.65-pb-0.65:19,bandit,19,3.575939419878843,3.8244878535474736,1.125,1.125,0.0,0.0,-2.0,12.452927949293844
seed-12324-pa-0.65-pb-0.65,seed-12324-pa-0.65-pb-0.65:20,bandit,20,3.3037006782765204,3.780818557508086,0.9411764705882356,0.9411764705882356,0.0,0.0,-2.0,12.83028155182915
seed-12324-pa-0.65-pb-0.65,seed-12324-pa-0.65-pb-0.65:21,bandit,21,5.21393946547494,3.907693705193454,1.0555555555555554,1.0555555555555554,0.0,0.0,3.0,13.188767474237693
seed-12324-pa-0.65-pb-0.65,seed-12324-pa-0.65-pb-0.65:22,bandit,22,4.811967589003199,4.024542884015789,1.1578947368421053,1.1578947368421053,0.0,0.0,3.0,13.529329100525807
seed-12324-pa-0.65-pb-0.65,seed-12324-pa-0.65-pb-0.65:23,bandit,23,4.943147180559944,3.9869335446894345,1.0,1.0,0.0,0.0,-2.0,13.852862645499515
seed-12324-pa-0.65-pb-0.65,seed-12324-pa-0.65-pb-0.65:24,bandit,24,5.28364569998304,4.094065889457135,1.0952380952380951,1.0952380952380951,0.0,0.0,3.0,14.160219513224538
seed-12324-pa-0.65-pb-0.65,seed-12324-pa-0.65-pb-0.65:25,bandit,25,4.42870067827652,4.061176321406201,0.9545454545454546,0.9545454545454546,0.0,0.0,-2.0,14.45220853756331
seed-12324-pa-0.65-pb-0.65,seed-12324-pa-0.65-pb-0.65:26,bandit,26,3.55474463538566,4.051051491130184,0.8571428571428572,0.8571428571428572,0.0,0.0,-2.0,14.729598110685144
seed-12324-pa-0.65-pb-0.65,seed-12324-pa-0.65-pb-0.65:27,bandit,27,3.7378222787715703,4.095336847930287,0.8571428571428572,0.8571428571428572,0.0,0.0,-2.0,14.993118205150886
seed-12324-pa-0.65-pb-0.65,seed-12324-pa-0.65-pb-0.65:28,bandit,28,5.0380413716877825,4.137407936890385,0.8571428571428572,0.8571428571428572,0.0,0.0,3.0,15.243462294893341
seed-12324-pa-0.65-pb-0.65,seed-12324-pa-0.65-pb-0.65:29,bandit,29,4.90475041827262,4.19337934187982,0.8846153846153846,0.8846153846153846,0.0,0.0,3.0,15.481289180148673
seed-12324-pa-0.65-pb-0.65,seed-12324-pa-0.65-pb-0.65:30,bandit,30,5.141034256080317,4.276989167323912,0.9629629629629628,0.9629629629629628,0.0,0.0,3.0,15.70722472114124
seed-12324-pa-0.65-pb-0.65,seed-12324-pa-0.65-pb-0.65:31,bandit,31,5.141034256080317,4.355440487188853,1.0357142857142856,1.0357142857142856,0.0,0.0,3.0,15.921863485084177
seed-12324-pa-0.65-pb-0.65,seed-12324-pa-0.65-pb-0.65:32,bandit,32,5.014163456931506,4.429165470681845,1.103448275862069,1.103448275862069,0.0,0.0,3.0,16.125770310829967
seed-12324-pa-0.65-pb-0.65,seed-12324-pa-0.65-pb-0.65:33,bandit,33,4.766034256080317,4.498546574690344,1.1666666666666663,1.1666666666666663,0.0,0.0,3.0,16.319481795288468
seed-12324-pa-0.65-pb-0.65,seed-12324-pa-0.65-pb-0.65:34,bandit,34,5.05474463538566,4.46996582637957,1.064516129032258,1.064516129032258,0.0,0.0,-2.0,16.503507705524044
seed-12324-pa-0.65-pb-0.65,seed-12324-pa-0.65-pb-0.65:35,bandit,35,5.520541900901097,4.5345799646321545,1.125,1.125,0.0,0.0,3.0,16.67833232024784
seed-12324-pa-0.65-pb-0.65,seed-12324-pa-0.65-pb-0.65:36,bandit,36,5.389163456931506,4.595589698556638,1.1818181818181817,1.1818181818181817,0.0,0.0,3.0,16.844415704235445
seed-12324-pa-0.65-pb-0.65,seed-12324-pa-0.65-pb-0.65:37,bandit,37,5.261047744848593,4.653256896544235,1.2352941176470589,1.2352941176470589,0.0,0.0,3.0,17.002194919023673
seed-12324-pa-0.65-pb-0.65,seed-12324-pa-0.65-pb-0.65:38,bandit,38,5.137509570276173,4.70781822092528,1.2857142857142856,1.2857142857142856,0.0,0.0,3.0,17.15208517307249
seed-12324-pa-0.65-pb-0.65,seed-12324-pa-0.65-pb-0.65:39,bandit,39,4.889163456931506,4.759488302368681,1.3333333333333337,1.3333333333333337,0.0,0.0,3.0,17.294480914418862
seed-12324-pa-0.65-pb-0.65,seed-12324-pa-0.65-pb-0.65:40,bandit,40,4.766034256080317,4.80846242010953,1.3783783783783785,1.3783783783783785,0.0,0.0,3.0,17.42975686869792
seed-12324-pa-0.65-pb-0.65,seed-12324-pa-0.65-pb-0.65:41,bandit,41,4.887509570276173,4.854918777804331,1.4210526315789471,1.4210526315789471,0.0,0.0,3.0,17.558269025263023
seed-12324-pa-0.65-pb-0.65,seed-12324-pa-0.65-pb-0.65:42,bandit,42,5.386047744848593,4.899020446464081,1.4615384615384617,1.4615384615384617,0.0,0.0,3.0,17.680355573999872
seed-12324-pa-0.65-pb-0.65,seed-12324-pa-0.65-pb-0.65:43,bandit,43,4.203889734292549,4.868099421018939,1.375,1.375,0.0,0.0,-2.0,17.796337795299877
seed-12324-pa-0.65-pb-0.65,seed-12324-pa-0.65-pb-0.65:44,bandit,44,3.436967589003199,4.838662968563122,1.292682926829268,1.292682926829268,0.0,0.0,-2.0,17.906520905534883
seed-12324-pa-0.65-pb-0.65,seed-12324-pa-0.65-pb-0.65:45,bandit,45,3.78364569998304,4.810584164776082,1.2142857142857144,1.2142857142857144,0.0,0.0,-2.0,18.011194860258136
seed-12324-pa-0.65-pb-0.65,seed-12324-pa-0.65-pb-0.65:46,bandit,46,5.651300195186874,4.827295403704162,1.2142857142857144,1.2142857142857144,0.0,0.0,3.0,18.110635117245227
seed-12324-pa-0.65-pb-0.65,seed-12324-pa-0.65-pb-0.65:47,bandit,47,4.90475041827262,4.867362977919029,1.255813953488372,1.255813953488372,0.0,0.0,3.0,18.205103361382964
seed-12324-pa-0.65-pb-0.65,seed-12324-pa-0.65-pb-0.65:48,bandit,48,5.268149927917811,4.905537136592395,1.2954545454545454,1.2954545454545454,0.0,0.0,3.0,18.294848193313815
seed-12324-pa-0.65-pb-0.65,seed-12324-pa-0.65-pb-0.65:49,bandit,49,5.141034256080317,4.941930877696208,1.3333333333333337,1.3333333333333337,0.0,0.0,3.0,18.380105783648123
seed-12324-pa-0.65-pb-0.65,seed-12324-pa-0.65-pb-0.65:50,bandit,50,5.141034256080317,4.976648840066316,1.3695652173913042,1.3695652173913042,0.0,0.0,3.0,18.461100494465715
seed-12324-pa-0.65-pb-0.65,seed-12324-pa-0.65-pb-0.65:51,bandit,51,5.139163456931506,5.009788080782521,1.4042553191489362,1.4042553191489362,0.0,0.0,3.0,18.53804546974243
seed-12324-pa-0.65-pb-0.65,seed-12324-pa-0.65-pb-0.65:52,bandit,52,5.389163456931506,5.041438762817846,1.4375,1.4375,0.0,0.0,3.0,18.611143196255306
seed-12324-pa-0.65-pb-0.65,seed-12324-pa-0.65-pb-0.65:53,bandit,53,5.141034256080317,5.0716847653150285,1.469387755102041,1.469387755102041,0.0,0.0,3.0,18.680586036442538
seed-12324-pa-0.65-pb-0.65,seed-12324-pa-0.65-pb-0.65:54,bandit,54,4.953889734292549,5.042350138360727,1.4,1.4,0.0,0.0,-2.0,18.74655673462041
seed-12324-pa-0.65-pb-0.65,seed-12324-pa-0.65-pb-0.65:55,bandit,55,5.768149927917811,5.071158179313277,1.4313725490196076,1.4313725490196076,0.0,0.0,3.0,18.809228897889387
seed-12324-pa-0.65-pb-0.65,seed-12324-pa-0.65-pb-0.65:56,bandit,56,5.762509570276173,5.098736692746843,1.4615384615384617,1.4615384615384617,0.0,0.0,3.0,18.868767452994916
seed-12324-pa-0.65-pb-0.65,seed-12324-pa-0.65-pb-0.65:57,bandit,57,5.758614483762177,5.1251517969295115,1.490566037735849,1.490566037735849,0.0,0.0,3.0,18.92532908034517
seed-12324-pa-0.65-pb-0.65,seed-12324-pa-0.65-pb-0.65:58,bandit,58,5.203889734292549,5.096526375497134,1.425925925925926,1.425925925925926,0.0,0.0,-2.0,18.97906262632791
seed-12324-pa-0.65-pb-0.65,seed-12324-pa-0.65-pb-0.65:59,bandit,59,5.891034256080317,5.1217770032436984,1.4545454545454546,1.4545454545454546,0.0,0.0,3.0,19.030109495011512
seed-12324-pa-0.65-pb-0.65,seed-12324-pa-0.65-pb-0.65:60,bandit,60,4.71393946547494,5.093990692630731,1.3928571428571428,1.3928571428571428,0.0,0.0,-2.0,19.078604020260936
seed-12324-pa-0.65-pb-0.65,seed-12324-pa-0.65-pb-0.65:61,bandit,61,4.4449361996449746,5.067057810370309,1.3333333333333337,1.3333333333333337,0.0,0.0,-2.0,19.12467381924789
seed-12324-pa-0.65-pb-0.65,seed-12324-pa-0.65-pb-0.65:62,bandit,62,6.508614483762177,5.091152552902999,1.3620689655172415,1.3620689655172415,0.0,0.0,3.0,19.168440128285493
seed-12324-pa-0.65-pb-0.65,seed-12324-pa-0.65-pb-0.65:63,bandit,63,6.134755911000223,5.114312095539285,1.389830508474576,1.389830508474576,0.0,0.0,3.0,19.21001812187122
seed-12324-pa-0.65-pb-0.65,seed-12324-pa-0.65-pb-0.65:64,bandit,64,6.008614483762177,5.136583198273986,1.4166666666666663,1.4166666666666663,0.0,0.0,3.0,19.249517215777658
seed-12324-pa-0.65-pb-0.65,seed-12324-pa-0.65-pb-0.65:65,bandit,65,6.007606094404334,5.158009841237868,1.442622950819672,1.442622950819672,0.0,0.0,3.0,19.287041354988773
seed-12324-pa-0.65-pb-0.65,seed-12324-pa-0.65-pb-0.65:66,bandit,66,5.759755911000223,5.1786334207056,1.467741935483871,1.467741935483871,0.0,0.0,3.0,19.322689287239335
seed-12324-pa-0.65-pb-0.65,seed-12324-pa-0.65-pb-0.65:67,bandit,67,5.883614483762177,5.198492928515833,1.492063492063492,1.492063492063492,0.0,0.0,3.0,19.356554822877367
seed-12340-pa-0.65-pb-0.65,seed-12340-pa-0.65-pb-0.65:0,bandit,0,4.203889734292549,1.367647220698613,0.5,0.5,0.0,0.0,0.0,0.0
seed-12340-pa-0.65-pb-0.65,seed-12340-pa-0.65-pb-0.65:1,bandit,1,4.42870067827652,2.021151013022723,1.3333333333333337,1.3333333333333337,0.0,0.0,3.0,1.0
seed-12340-pa-0.65-pb-0.65,seed-12340-pa-0.65-pb-0.65:2,bandit,2,3.6368710061149017,1.695350676995862,0.5,0.5,0.0,0.0,-2.0,1.95
seed-12340-pa-0.65-pb-0.65,seed-12340-pa-0.65-pb-0.65:3,bandit,3,4.71393946547494,2.138289001380029,1.0,1.0,0.0,0.0,3.0,2.8525
seed-12340-pa-0.65-pb-0.65,seed-12340-pa-0.65-pb-0.65:4,bandit,4,1.9754126516016477,1.9911030463041293,0.5,0.5,0.0,0.0,-2.0,3.709875
seed-12340-pa-0.65-pb-0.65,seed-12340-pa-0.65-pb-0.65:5,bandit,5,4.600206558916746,2.613434047347963,1.3333333333333337,1.3333333333333337,0.0,0.0,3.0,4.524381249999999
seed-12340-pa-0.65-pb-0.65,seed-12340-pa-0.65-pb-0.65:6,bandit,6,3.6602241504380864,2.7434702974175402,1.3333333333333337,1.3333333333333337,0.0,0.0,3.0,5.298162187499999
seed-12340-pa-0.65-pb-0.65,seed-12340-pa-0.65-pb-0.65:7,bandit,7,3.1602241504380864,2.8670047349836385,1.3333333333333337,1.3333333333333337,0.0,0.0,3.0,6.033254078124999
seed-12340-pa-0.65-pb-0.65,seed-12340-pa-0.65-pb-0.65:8,bandit,8,3.0984445810050545,2.984362450671432,1.3333333333333337,1.3333333333333337,0.0,0.0,-2.0,6.731591374218749
seed-12340-pa-0.65-pb-0.65,seed-12340-pa-0.65-pb-0.65:9,bandit,9,4.328889734292549,3.0958522805748356,1.3333333333333337,1.3333333333333337,0.0,0.0,3.0,7.395011805507812
seed-12340-pa-0.65-pb-0.65,seed-12340-pa-0.65-pb-0.65:10,bandit,10,4.0699361996449746,3.2017676189830695,1.3333333333333337,1.3333333333333337,0.0,0.0,3.0,8.02526121523242
seed-12340-pa-0.65-pb-0.65,seed-12340-pa-0.65-pb-0.65:11,bandit,11,4.292999079229087,3.302387190470891,1.3333333333333337,1.3333333333333337,0.0,0.0,3.0,8.623998154470799
seed-12340-pa-0.65-pb-0.65,seed-12340-pa-0.65-pb-0.65:12,bandit,12,4.1630413716877825,3.472660512278583,1.4615384615384617,1.4615384615384617,0.0,0.0,3.0,9.192798246747259
seed-12340-pa-0.65-pb-0.65,seed-12340-pa-0.65-pb-0.65:13,bandit,13,4.4130413716877825,3.6274851574557094,1.5714285714285716,1.5714285714285716,0.0,0.0,3.0,9.733158334409895
seed-12340-pa-0.65-pb-0.65,seed-12340-pa-0.65-pb-0.65:14,bandit,14,4.40864569998304,3.7692339468815317,1.6666666666666663,1.6666666666666663,0.0,0.0,3.0,10.2465004176894
seed-12340-pa-0.65-pb-0.65,seed-12340-pa-0.65-pb-0.65:15,bandit,15,3.975206558916746,3.7176902638321927,1.4375,1.4375,0.0,0.0,-2.0,10.73417539680493
seed-12340-pa-0.65-pb-0.65,seed-12340-pa-0.65-pb-0.65:16,bandit,16,4.78364569998304,3.8490901309770527,1.5294117647058822,1.5294117647058822,0.0,0.0,3.0,11.197466626964683
seed-12340-pa-0.65-pb-0.65,seed-12340-pa-0.65-pb-0.65:17,bandit,17,4.776300195186874,3.9706479716053935,1.6111111111111112,1.6111111111111112,0.0,0.0,3.0,11.63759329561645
seed-12340-pa-0.65-pb-0.65,seed-12340-pa-0.65-pb-0.65:18,bandit,18,4.648245464372426,4.083497769146056,1.6842105263157894,1.6842105263157894,0.0,0.0,3.0,12.055713630835626
seed-12340-pa-0.65-pb-0.65,seed-12340-pa-0.65-pb-0.65:19,bandit,19,4.54858735157374,4.042940685563189,1.5,1.5,0.0,0.0,-2.0,12.452927949293844
seed-12340-pa-0.65-pb-0.65,seed-12340-pa-0.65-pb-0.65:20,bandit,20,3.2378222787715707,4.009265963537592,1.3333333333333337,1.3333333333333337,0.0,0.0,-2.0,12.83028155182915
seed-12340-pa-0.65-pb-0.65,seed-12340-pa-0.65-pb-0.65:21,bandit,21,5.273245464372426,4.113642503053387,1.4090909090909092,1.4090909090909092,0.0,0.0,3.0,13.188767474237693
seed-12340-pa-0.65-pb-0.65,seed-12340-pa-0.65-pb-0.65:22,bandit,22,4.898245464372426,4.211169254616552,1.4782608695652173,1.4782608695652173,0.0,0.0,3.0,13.529329100525807
seed-12340-pa-0.65-pb-0.65,seed-12340-pa-0.65-pb-0.65:23,bandit,23,5.17358735157374,4.423839208720864,1.75,1.75,0.0,0.0,3.0,13.852862645499515
seed-12340-pa-0.65-pb-0.65,seed-12340-pa-0.65-pb-0.65:24,bandit,24,5.276300195186874,4.475491469167113,1.75,1.75,0.0,0.0,3.0,14.160219513224538
seed-12340-pa-0.65-pb-0.65,seed-12340-pa-0.65-pb-0.65:25,bandit,25,5.398245464372426,4.52456111659105,1.75,1.75,0.0,0.0,3.0,14.45220853756331
seed-12340-pa-0.65-pb-0.65,seed-12340-pa-0.65-pb-0.65:26,bandit,26,5.151300195186874,4.571177281643791,1.75,1.75,0.0,0.0,3.0,14.729598110685144
seed-12340-pa-0.65-pb-0.65,seed-12340-pa-0.65-pb-0.65:27,bandit,27,4.929882179158078,4.615462638443893,1.75,1.75,0.0,0.0,-2.0,14.993118205150886
seed-12340-pa-0.65-pb-0.65,seed-12340-pa-0.65-pb-0.65:28,bandit,28,5.65864569998304,4.657533727403992,1.75,1.75,0.0,0.0,3.0,15.243462294893341
seed-12340-pa-0.65-pb-0.65,seed-12340-pa-0.65-pb-0.65:29,bandit,29,5.52975041827262,4.697501261916084,1.75,1.75,0.0,0.0,3.0,15.481289180148673
seed-12340-pa-0.65-pb-0.65,seed-12340-pa-0.65-pb-0.65:30,bandit,30,5.520541900901097,4.735470419702573,1.75,1.75,0.0,0.0,3.0,15.70722472114124
seed-12340-pa-0.65-pb-0.65,seed-12340-pa-0.65-pb-0.65:31,bandit,31,5.523245464372426,4.771541119599737,1.75,1.75,0.0,0.0,3.0,15.921863485084177
seed-12340-pa-0.65-pb-0.65,seed-12340-pa-0.65-pb-0.65:32,bandit,32,5.401300195186874,4.805808284502043,1.75,1.75,0.0,0.0,3.0,16.125770310829967
seed-12340-pa-0.65-pb-0.65,seed-12340-pa-0.65-pb-0.65:33,bandit,33,5.40864569998304,4.838362091159234,1.75,1.75,0.0,0.0,-2.0,16.319481795288468
seed-12340-pa-0.65-pb-0.65,seed-12340-pa-0.65-pb-0.65:34,bandit,34,5.65864569998304,4.869288207483565,1.75,1.75,0.0,0.0,3.0,16.503507705524044
seed-12340-pa-0.65-pb-0.65,seed-12340-pa-0.65-pb-0.65:35,bandit,35,5.90864569998304,5.044303239335489,2.0,2.0,0.0,0.0,3.0,16.67833232024784
seed-12340-pa-0.65-pb-0.65,seed-12340-pa-0.65-pb-0.65:36,bandit,36,5.554882179158078,5.072214059318197,2.0,2.0,0.0,0.0,-2.0,16.844415704235445
seed-12340-pa-0.65-pb-0.65,seed-12340-pa-0.65-pb-0.65:37,bandit,37,4.71393946547494,5.098729338301771,2.0,2.0,0.0,0.0,-2.0,17.002194919023673
seed-12340-pa-0.65-pb-0.65,seed-12340-pa-0.65-pb-0.65:38,bandit,38,6.65475041827262,5.123918853336166,2.0,2.0,0.0,0.0,3.0,17.15208517307249
seed-12340-pa-0.65-pb-0.65,seed-12340-pa-0.65-pb-0.65:39,bandit,39,5.46393946547494,5.147848892618841,2.0,2.0,0.0,0.0,-2.0,17.294480914418862
seed-12340-pa-0.65-pb-0.65,seed-12340-pa-0.65-pb-0.65:40,bandit,40,4.328889734292549,5.170582429937382,2.0,2.0,0.0,0.0,-2.0,17.42975686869792
seed-12340-pa-0.65-pb-0.65,seed-12340-pa-0.65-pb-0.65:41,bandit,41,3.9102241504380864,4.803818700139837,1.3333333333333337,1.3333333333333337,0.0,0.0,-2.0,17.558269025263023
seed-12340-pa-0.65-pb-0.65,seed-12340-pa-0.65-pb-0.65:42,bandit,42,4.100206558916746,4.82433571756982,1.3333333333333337,1.3333333333333337,0.0,0.0,-2.0,17.680355573999872
seed-12340-pa-0.65-pb-0.65,seed-12340-pa-0.65-pb-0.65:43,bandit,43,6.1630413716877825,4.843826884128305,1.3333333333333337,1.3333333333333337,0.0,0.0,3.0,17.796337795299877
seed-12340-pa-0.65-pb-0.65,seed-12340-pa-0.65-pb-0.65:44,bandit,44,5.0699361996449746,4.862343492358865,1.3333333333333337,1.3333333333333337,0.0,0.0,-2.0,17.906520905534883
seed-12340-pa-0.65-pb-0.65,seed-12340-pa-0.65-pb-0.65:45,bandit,45,6.4130413716877825,4.8799342701778965,1.3333333333333337,1.3333333333333337,0.0,0.0,3.0,18.011194860258136
seed-12340-pa-0.65-pb-0.65,seed-12340-pa-0.65-pb-0.65:46,bandit,46,5.679882179158078,4.896645509105976,1.3333333333333337,1.3333333333333337,0.0,0.0,-2.0,18.110635117245227
seed-12340-pa-0.65-pb-0.65,seed-12340-pa-0.65-pb-0.65:47,bandit,47,6.40864569998304,4.912521186087653,1.3333333333333337,1.3333333333333337,0.0,0.0,3.0,18.205103361382964
seed-12340-pa-0.65-pb-0.65,seed-12340-pa-0.65-pb-0.65:48,bandit,48,6.27975041827262,4.927603079220245,1.3333333333333337,1.3333333333333337,0.0,0.0,3.0,18.294848193313815
seed-12340-pa-0.65-pb-0.65,seed-12340-pa-0.65-pb-0.65:49,bandit,49,6.270541900901097,4.941930877696208,1.3333333333333337,1.3333333333333337,0.0,0.0,3.0,18.380105783648123
seed-12340-pa-0.65-pb-0.65,seed-12340-pa-0.65-pb-0.65:50,bandit,50,6.145541900901097,4.955542286248373,1.3333333333333337,1.3333333333333337,0.0,0.0,3.0,18.461100494465715
seed-12340-pa-0.65-pb-0.65,seed-12340-pa-0.65-pb-0.65:51,bandit,51,6.023245464372426,4.9882874402020185,1.3673469387755102,1.3673469387755102,0.0,0.0,3.0,18.53804546974243
seed-12340-pa-0.65-pb-0.65,seed-12340-pa-0.65-pb-0.65:52,bandit,52,6.020541900901097,5.019593479616273,1.4,1.4,0.0,0.0,3.0,18.611143196255306
seed-12340-pa-0.65-pb-0.65,seed-12340-pa-0.65-pb-0.65:53,bandit,53,5.898245464372426,5.049539353506046,1.4313725490196076,1.4313725490196076,0.0,0.0,3.0,18.680586036442538
seed-12340-pa-0.65-pb-0.65,seed-12340-pa-0.65-pb-0.65:54,bandit,54,5.895541900901097,5.078198808229972,1.4615384615384617,1.4615384615384617,0.0,0.0,3.0,18.74655673462041
seed-12340-pa-0.65-pb-0.65,seed-12340-pa-0.65-pb-0.65:55,bandit,55,6.020541900901097,5.105640806638486,1.490566037735849,1.490566037735849,0.0,0.0,3.0,18.809228897889387
seed-12340-pa-0.65-pb-0.65,seed-12340-pa-0.65-pb-0.65:56,bandit,56,6.023245464372426,5.077990934720659,1.425925925925926,1.425925925925926,0.0,0.0,-2.0,18.868767452994916
seed-12340-pa-0.65-pb-0.65,seed-12340-pa-0.65-pb-0.65:57,bandit,57,6.773245464372426,5.1041683345060465,1.4545454545454546,1.4545454545454546,0.0,0.0,3.0,18.92532908034517
seed-12340-pa-0.65-pb-0.65,seed-12340-pa-0.65-pb-0.65:58,bandit,58,5.54858735157374,5.077262457329963,1.3928571428571428,1.3928571428571428,0.0,0.0,-2.0,18.97906262632791
seed-12340-pa-0.65-pb-0.65,seed-12340-pa-0.65-pb-0.65:59,bandit,59,4.703889734292549,5.051165986834579,1.3333333333333337,1.3333333333333337,0.0,0.0,-2.0,19.030109495011512
seed-12340-pa-0.65-pb-0.65,seed-12340-pa-0.65-pb-0.65:60,bandit,60,4.350206558916746,5.0593156399298245,1.3333333333333337,1.3333333333333337,0.0,0.0,-2.0,19.078604020260936
seed-12340-pa-0.65-pb-0.65,seed-12340-pa-0.65-pb-0.65:61,bandit,61,6.895541900901097,5.067057810370309,1.3333333333333337,1.3333333333333337,0.0,0.0,3.0,19.12467381924789
seed-12340-pa-0.65-pb-0.65,seed-12340-pa-0.65-pb-0.65:62,bandit,62,5.78364569998304,5.074412872288769,1.3333333333333337,1.3333333333333337,0.0,0.0,-2.0,19.168440128285493
seed-12340-pa-0.65-pb-0.65,seed-12340-pa-0.65-pb-0.65:63,bandit,63,6.651300195186874,5.081400181111306,1.3333333333333337,1.3333333333333337,0.0,0.0,3.0,19.21001812187122
seed-12340-pa-0.65-pb-0.65,seed-12340-pa-0.65-pb-0.65:64,bandit,64,6.645541900901097,5.088038124492716,1.3333333333333337,1.3333333333333337,0.0,0.0,3.0,19.249517215777658
seed-12340-pa-0.65-pb-0.65,seed-12340-pa-0.65-pb-0.65:65,bandit,65,6.514163456931506,5.094344170705055,1.3333333333333337,1.3333333333333337,0.0,0.0,3.0,19.287041354988773
seed-12340-pa-0.65-pb-0.65,seed-12340-pa-0.65-pb-0.65:66,bandit,66,6.391034256080317,5.115505250163424,1.359375,1.359375,0.0,0.0,3.0,19.322689287239335
seed-12340-pa-0.65-pb-0.65,seed-12340-pa-0.65-pb-0.65:67,bandit,67,6.391034256080317,5.135900012871119,1.3846153846153846,1.3846153846153846,0.0,0.0,3.0,19.356554822877367
seed-12340-pa-0.65-pb-0.65,seed-12340-pa-0.65-pb-0.65:68,bandit,68,6.389163456931506,5.155564652940418,1.4090909090909092,1.4090909090909092,0.0,0.0,3.0,19.3887270817335
seed-12340-pa-0.65-pb-0.65,seed-12340-pa-0.65-pb-0.65:69,bandit,69,6.389163456931506,5.174533348938975,1.4328358208955223,1.4328358208955223,0.0,0.0,3.0,19.419290727646825
seed-12340-pa-0.65-pb-0.65,seed-12340-pa-0.65-pb-0.65:70,bandit,70,6.139163456931506,5.192838394471781,1.4558823529411766,1.4558823529411766,0.0,0.0,3.0,19.44832619126448
seed-12340-pa-0.65-pb-0.65,seed-12340-pa-0.65-pb-0.65:71,bandit,71,6.264163456931506,5.210510318791931,1.4782608695652173,1.4782608695652173,0.0,0.0,3.0,19.475909881701256
seed-12340-pa-0.65-pb-0.65,seed-12340-pa-0.65-pb-0.65:72,bandit,72,6.143149927917811,5.1859679351025765,1.4285714285714284,1.4285714285714284,0.0,0.0,-2.0,19.502114387616192
seed-12340-pa-0.65-pb-0.65,seed-12340-pa-0.65-pb-0.65:73,bandit,73,6.648245464372426,5.203044754032945,1.4507042253521123,1.4507042253521123,0.0,0.0,3.0,19.527008668235382
seed-12340-pa-0.65-pb-0.65,seed-12340-pa-0.65-pb-0.65:74,bandit,74,6.520541900901097,5.219554248884183,1.4722222222222223,1.4722222222222223,0.0,0.0,3.0,19.55065823482361
seed-12340-pa-0.65-pb-0.65,seed-12340-pa-0.65-pb-0.65:75,bandit,75,6.151300195186874,5.195621536246124,1.4246575342465753,1.4246575342465753,0.0,0.0,-2.0,19.57312532308243
seed-12340-pa-0.65-pb-0.65,seed-12340-pa-0.65-pb-0.65:76,bandit,76,5.561967589003199,5.199208415913603,1.4246575342465753,1.4246575342465753,0.0,0.0,-2.0,19.594469056928308
seed-12340-pa-0.65-pb-0.65,seed-12340-pa-0.65-pb-0.65:77,bandit,77,7.262509570276173,5.2150173217972915,1.445945945945946,1.445945945945946,0.0,0.0,3.0,19.614745604081893
seed-12340-pa-0.65-pb-0.65,seed-12340-pa-0.65-pb-0.65:78,bandit,78,6.768149927917811,5.2303251476914525,1.4666666666666668,1.4666666666666668,0.0,0.0,3.0,19.634008323877797
seed-12340-pa-0.65-pb-0.65,seed-12340-pa-0.65-pb-0.65:79,bandit,79,6.884755911000223,5.245153466509191,1.486842105263158,1.486842105263158,0.0,0.0,3.0,19.652307907683905
seed-12340-pa-0.65-pb-0.65,seed-12340-pa-0.65-pb-0.65:80,bandit,80,6.761047744848593,5.25952274708794,1.5064935064935066,1.5064935064935066,0.0,0.0,3.0,19.669692512299708
seed-12340-pa-0.65-pb-0.65,seed-12340-pa-0.65-pb-0.65:81,bandit,81,6.761047744848593,5.273452418956676,1.5256410256410255,1.5256410256410255,0.0,0.0,3.0,19.686207886684723
seed-12340-pa-0.65-pb-0.65,seed-12340-pa-0.65-pb-0.65:82,bandit,82,6.512509570276173,5.286960932736736,1.5443037974683542,1.5443037974683542,0.0,0.0,3.0,19.701897492350486
seed-12340-pa-0.65-pb-0.65,seed-12340-pa-0.65-pb-0.65:83,bandit,83,6.389163456931506,5.300065816518389,1.5625,1.5625,0.0,0.0,3.0,19.716802617732963
seed-12340-pa-0.65-pb-0.65,seed-12340-pa-0.65-pb-0.65:84,bandit,84,6.389163456931506,5.312783728524083,1.5802469135802468,1.5802469135802468,0.0,0.0,3.0,19.730962486846312
seed-12340-pa-0.65-pb-0.65,seed-12340-pa-0.65-pb-0.65:85,bandit,85,6.512509570276173,5.325130506341377,1.5975609756097562,1.5975609756097562,0.0,0.0,3.0,19.744414362503996
seed-12340-pa-0.65-pb-0.65,seed-12340-pa-0.65-pb-0.65:86,bandit,86,6.395541900901097,5.302028388563295,1.5542168674698793,1.5542168674698793,0.0,0.0,-2.0,19.757193644378795
seed-12340-pa-0.65-pb-0.65,seed-12340-pa-0.65-pb-0.65:87,bandit,87,6.898245464372426,5.314095127312055,1.5714285714285716,1.5714285714285716,0.0,0.0,3.0,19.769333962159855
seed-12340-pa-0.65-pb-0.65,seed-12340-pa-0.65-pb-0.65:88,bandit,88,6.773245464372426,5.325823937039159,1.5882352941176472,1.5882352941176472,0.0,0.0,3.0,19.78086726405186
seed-12340-pa-0.65-pb-0.65,seed-12340-pa-0.65-pb-0.65:89,bandit,89,6.1630413716877825,5.30335949186467,1.5465116279069768,1.5465116279069768,0.0,0.0,-2.0,19.791823900849266
seed-12340-pa-0.65-pb-0.65,seed-12340-pa-0.65-pb-0.65:90,bandit,90,5.429882179158078,5.28136173455327,1.5057471264367814,1.5057471264367814,0.0,0.0,-2.0,19.8022327058068
seed-12340-pa-0.65-pb-0.65,seed-12340-pa-0.65-pb-0.65:91,bandit,91,7.139163456931506,5.292915133900714,1.522727272727273,1.522727272727273,0.0,0.0,3.0,19.81212107051646
seed-12340-pa-0.65-pb-0.65,seed-12340-pa-0.65-pb-0.65:92,bandit,92,6.893149927917811,5.304163160945528,1.5393258426966292,1.5393258426966292,0.0,0.0,3.0,19.821515016990638
seed-12340-pa-0.65-pb-0.65,seed-12340-pa-0.65-pb-0.65:93,bandit,93,6.639163456931506,5.31511737957271,1.5555555555555554,1.5555555555555554,0.0,0.0,3.0,19.830439266141106
seed-12340-pa-0.65-pb-0.65,seed-12340-pa-0.65-pb-0.65:94,bandit,94,6.401300195186874,5.293781079300778,1.5164835164835164,1.5164835164835164,0.0,0.0,-2.0,19.838917302834048
seed-12340-pa-0.65-pb-0.65,seed-12340-pa-0.65-pb-0.65:95,bandit,95,5.67358735157374,5.27286834668799,1.4782608695652173,1.4782608695652173,0.0,0.0,-2.0,19.846971437692346
seed-12340-pa-0.65-pb-0.65,seed-12340-pa-0.65-pb-0.65:96,bandit,96,6.766034256080317,5.283686184600968,1.4946236559139785,1.4946236559139785,0.0,0.0,3.0,19.854622865807727
seed-12340-pa-0.65-pb-0.65,seed-12340-pa-0.65-pb-0.65:97,bandit,97,6.648245464372426,5.294236921879215,1.5106382978723405,1.5106382978723405,0.0,0.0,3.0,19.86189172251734
seed-12340-pa-0.65-pb-0.65,seed-12340-pa-0.65-pb-0.65:98,bandit,98,6.391034256080317,5.304530177611339,1.526315789473684,1.526315789473684,0.0,0.0,3.0,19.86879713639147
seed-12340-pa-0.65-pb-0.65,seed-12340-pa-0.65-pb-0.65:99,bandit,99,6.391034256080317,5.314575143302127,1.5416666666666663,1.5416666666666663,0.0,0.0,3.0,19.875357279571897
seed-12363-pa-0.35-pb-0.50,seed-12363-pa-0.35-pb-0.50:0,bandit,0,4.203889734292549,1.367647220698613,0.5,0.5,0.0,0.0,0.0,0.0
seed-12363-pa-0.35-pb-0.50,seed-12363-pa-0.35-pb-0.50:1,bandit,1,4.42870067827652,2.021151013022723,1.3333333333333337,1.3333333333333337,0.0,0.0,3.0,1.0
seed-12363-pa-0.35-pb-0.50,seed-12363-pa-0.35-pb-0.50:2,bandit,2,3.6368710061149017,1.695350676995862,0.5,0.5,0.0,0.0,-2.0,1.95
seed-12363-pa-0.35-pb-0.50,seed-12363-pa-0.35-pb-0.50:3,bandit,3,1.9754126516016477,1.8470185586924093,0.5,0.5,0.0,0.0,-2.0,2.8525
seed-12363-pa-0.35-pb-0.50,seed-12363-pa-0.35-pb-0.50:4,bandit,4,3.725412651601648,1.9911030463041293,0.5,0.5,0.0,0.0,3.0,3.709875
seed-12363-pa-0.35-pb-0.50,seed-12363-pa-0.35-pb-0.50:5,bandit,5,3.3769290813453736,2.419253752222883,1.0,1.0,0.0,0.0,3.0,4.524381249999999
seed-12363-pa-0.35-pb-0.50,seed-12363-pa-0.35-pb-0.50:6,bandit,6,2.0984445810050545,2.2580195596048402,0.5,0.5,0.0,0.0,-2.0,5.298162187499999
seed-12363-pa-0.35-pb-0.50,seed-12363-pa-0.35-pb-0.50:7,bandit,7,4.667999079229087,2.6728244398585583,1.0,1.0,0.0,0.0,3.0,6.033254078124999
seed-12363-pa-0.35-pb-0.50,seed-12363-pa-0.35-pb-0.50:8,bandit,8,2.700939419878843,2.790182155546352,1.0,1.0,0.0,0.0,-2.0,6.731591374218749
seed-12363-pa-0.35-pb-0.50,seed-12363-pa-0.35-pb-0.50:9,bandit,9,2.200939419878843,2.9016719854497555,1.0,1.0,0.0,0.0,-2.0,7.395011805507812
seed-12363-pa-0.35-pb-0.50,seed-12363-pa-0.35-pb-0.50:10,bandit,10,2.7575990353171704,2.7163168811703695,0.5,0.5,0.0,0.0,-2.0,8.02526121523242
seed-12363-pa-0.35-pb-0.50,seed-12363-pa-0.35-pb-0.50:11,bandit,11,2.724076984180108,2.816936452658191,0.5,0.5,0.0,0.0,-2.0,8.623998154470799
seed-12363-pa-0.35-pb-0.50,seed-12363-pa-0.35-pb-0.50:12,bandit,12,2.8825990353171704,2.912525045571622,0.5,0.5,0.0,0.0,-2.0,9.192798246747259
seed-12363-pa-0.35-pb-0.50,seed-12363-pa-0.35-pb-0.50:13,bandit,13,3.7852241504380864,3.003334208839381,0.5,0.5,0.0,0.0,3.0,9.733158334409895
seed-12363-pa-0.35-pb-0.50,seed-12363-pa-0.35-pb-0.50:14,bandit,14,3.5681471805599436,3.0896029139437524,0.5,0.5,0.0,0.0,-2.0,10.2465004176894
seed-12363-pa-0.35-pb-0.50,seed-12363-pa-0.35-pb-0.50:15,bandit,15,4.08893946547494,3.1715581837929054,0.5,0.5,0.0,0.0,3.0,10.73417539680493
seed-12363-pa-0.35-pb-0.50,seed-12363-pa-0.35-pb-0.50:16,bandit,16,3.8484445810050545,3.2494156901496,0.5,0.5,0.0,0.0,-2.0,11.197466626964683
seed-12363-pa-0.35-pb-0.50,seed-12363-pa-0.35-pb-0.50:17,bandit,17,5.304882179158078,3.5314306373939033,0.8571428571428572,0.8571428571428572,0.0,0.0,3.0,11.63759329561645
seed-12363-pa-0.35-pb-0.50,seed-12363-pa-0.35-pb-0.50:18,bandit,18,4.511871006114902,3.6016970368808208,0.8571428571428572,0.8571428571428572,0.0,0.0,-2.0,12.055713630835626
seed-12363-pa-0.35-pb-0.50,seed-12363-pa-0.35-pb-0.50:19,bandit,19,4.313261687518224,3.668450116393392,0.8571428571428572,0.8571428571428572,0.0,0.0,-2.0,12.452927949293844
seed-12363-pa-0.35-pb-0.50,seed-12363-pa-0.35-pb-0.50:20,bandit,20,4.031150136248314,3.523815225724892,0.5,0.5,0.0,0.0,-2.0,12.83028155182915
seed-12363-pa-0.35-pb-0.50,seed-12363-pa-0.35-pb-0.50:21,bandit,21,4.376929081345374,3.584059879984988,0.5,0.5,0.0,0.0,-2.0,13.188767474237693
seed-12363-pa-0.35-pb-0.50,seed-12363-pa-0.35-pb-0.50:22,bandit,22,4.251929081345374,3.6412923015320784,0.5,0.5,0.0,0.0,-2.0,13.529329100525807
seed-12363-pa-0.35-pb-0.50,seed-12363-pa-0.35-pb-0.50:23,bandit,23,3.975412651601648,3.6956631020018147,0.5,0.5,0.0,0.0,-2.0,13.852862645499515
seed-12363-pa-0.35-pb-0.50,seed-12363-pa-0.35-pb-0.50:24,bandit,24,3.975412651601648,3.747315362448064,0.5,0.5,0.0,0.0,-2.0,14.160219513224538
seed-12363-pa-0.35-pb-0.50,seed-12363-pa-0.35-pb-0.50:25,bandit,25,3.92974463538566,3.796385009872001,0.5,0.5,0.0,0.0,-2.0,14.45220853756331
seed-12363-pa-0.35-pb-0.50,seed-12363-pa-0.35-pb-0.50:26,bandit,26,3.850206558916746,3.8430011749247415,0.5,0.5,0.0,0.0,3.0,14.729598110685144
seed-12363-pa-0.35-pb-0.50,seed-12363-pa-0.35-pb-0.50:27,bandit,27,4.475412651601648,4.049103444329077,0.7777777777777777,0.7777777777777777,0.0,0.0,3.0,14.993118205150886
seed-12363-pa-0.35-pb-0.50,seed-12363-pa-0.35-pb-0.50:28,bandit,28,4.886871006114902,3.9293576206849425,0.5,0.5,0.0,0.0,-2.0,15.243462294893341
seed-12363-pa-0.35-pb-0.50,seed-12363-pa-0.35-pb-0.50:29,bandit,29,4.563261687518224,3.9693251551970357,0.5,0.5,0.0,0.0,-2.0,15.481289180148673
seed-12363-pa-0.35-pb-0.50,seed-12363-pa-0.35-pb-0.50:30,bandit,30,5.410224150438086,4.007294312983524,0.5,0.5,0.0,0.0,3.0,15.70722472114124
seed-12363-pa-0.35-pb-0.50,seed-12363-pa-0.35-pb-0.50:31,bandit,31,5.031150136248314,4.043365012880688,0.5,0.5,0.0,0.0,-2.0,15.921863485084177
seed-12363-pa-0.35-pb-0.50,seed-12363-pa-0.35-pb-0.50:32,bandit,32,4.501929081345374,4.077632177782994,0.5,0.5,0.0,0.0,-2.0,16.125770310829967
seed-12363-pa-0.35-pb-0.50,seed-12363-pa-0.35-pb-0.50:33,bandit,33,5.237822278771571,4.110185984440185,0.5,0.5,0.0,0.0,3.0,16.319481795288468
seed-12363-pa-0.35-pb-0.50,seed-12363-pa-0.35-pb-0.50:34,bandit,34,4.826413277982752,4.1411121007645155,0.5,0.5,0.0,0.0,-2.0,16.503507705524044
seed-12363-pa-0.35-pb-0.50,seed-12363-pa-0.35-pb-0.50:35,bandit,35,5.112822278771571,4.17049191127263,0.5,0.5,0.0,0.0,3.0,16.67833232024784
seed-12363-pa-0.35-pb-0.50,seed-12363-pa-0.35-pb-0.50:36,bandit,36,5.078889734292549,4.198402731255339,0.5,0.5,0.0,0.0,3.0,16.844415704235445
seed-12363-pa-0.35-pb-0.50,seed-12363-pa-0.35-pb-0.50:37,bandit,37,4.679882179158078,4.224918010238912,0.5,0.5,0.0,0.0,3.0,17.002194919023673
seed-12363-pa-0.35-pb-0.50,seed-12363-pa-0.35-pb-0.50:38,bandit,38,4.90864569998304,4.2501075252733065,0.5,0.5,0.0,0.0,3.0,17.15208517307249
seed-12363-pa-0.35-pb-0.50,seed-12363-pa-0.35-pb-0.50:39,bandit,39,4.701413277982752,4.274037564555981,0.5,0.5,0.0,0.0,-2.0,17.294480914418862
seed-12363-pa-0.35-pb-0.50,seed-12363-pa-0.35-pb-0.50:40,bandit,40,6.292999079229087,4.429166757641622,0.7272727272727271,0.7272727272727271,0.0,0.0,3.0,17.42975686869792
seed-12363-pa-0.35-pb-0.50,seed-12363-pa-0.35-pb-0.50:41,bandit,41,5.406150136248314,4.4507636180942365,0.7272727272727271,0.7272727272727271,0.0,0.0,-2.0,17.558269025263023
seed-12363-pa-0.35-pb-0.50,seed-12363-pa-0.35-pb-0.50:42,bandit,42,5.100412651601648,4.33888497975712,0.5,0.5,0.0,0.0,-2.0,17.680355573999872
seed-12363-pa-0.35-pb-0.50,seed-12363-pa-0.35-pb-0.50:43,bandit,43,5.410224150438086,4.358376146315605,0.5,0.5,0.0,0.0,-2.0,17.796337795299877
seed-12363-pa-0.35-pb-0.50,seed-12363-pa-0.35-pb-0.50:44,bandit,44,5.487822278771571,4.376892754546165,0.5,0.5,0.0,0.0,-2.0,17.906520905534883
seed-12363-pa-0.35-pb-0.50,seed-12363-pa-0.35-pb-0.50:45,bandit,45,5.350206558916746,4.3944835323651965,0.5,0.5,0.0,0.0,-2.0,18.011194860258136
seed-12363-pa-0.35-pb-0.50,seed-12363-pa-0.35-pb-0.50:46,bandit,46,5.725206558916746,4.523221864634669,0.6923076923076925,0.6923076923076925,0.0,0.0,3.0,18.110635117245227
seed-12363-pa-0.35-pb-0.50,seed-12363-pa-0.35-pb-0.50:47,bandit,47,5.453889734292549,4.539097541616345,0.6923076923076925,0.6923076923076925,0.0,0.0,3.0,18.205103361382964
seed-12363-pa-0.35-pb-0.50,seed-12363-pa-0.35-pb-0.50:48,bandit,48,5.600412651601648,4.554179434748938,0.6923076923076925,0.6923076923076925,0.0,0.0,-2.0,18.294848193313815
seed-12363-pa-0.35-pb-0.50,seed-12363-pa-0.35-pb-0.50:49,bandit,49,6.054882179158078,4.5685072332249,0.6923076923076925,0.6923076923076925,0.0,0.0,3.0,18.380105783648123
seed-12363-pa-0.35-pb-0.50,seed-12363-pa-0.35-pb-0.50:50,bandit,50,5.600412651601648,4.582118641777065,0.6923076923076925,0.6923076923076925,0.0,0.0,-2.0,18.461100494465715
seed-12363-pa-0.35-pb-0.50,seed-12363-pa-0.35-pb-0.50:51,bandit,51,5.201413277982752,4.595049479901622,0.6923076923076925,0.6923076923076925,0.0,0.0,-2.0,18.53804546974243
seed-12363-pa-0.35-pb-0.50,seed-12363-pa-0.35-pb-0.50:52,bandit,52,4.910224150438086,4.60733377611995,0.6923076923076925,0.6923076923076925,0.0,0.0,-2.0,18.611143196255306
seed-12363-pa-0.35-pb-0.50,seed-12363-pa-0.35-pb-0.50:53,bandit,53,5.804882179158078,4.619003857527362,0.6923076923076925,0.6923076923076925,0.0,0.0,3.0,18.680586036442538
seed-12363-pa-0.35-pb-0.50,seed-12363-pa-0.35-pb-0.50:54,bandit,54,5.5380413716877825,4.630090434864404,0.6923076923076925,0.6923076923076925,0.0,0.0,3.0,18.74655673462041
seed-12363-pa-0.35-pb-0.50,seed-12363-pa-0.35-pb-0.50:55,bandit,55,5.626928011042974,4.640622683334594,0.6923076923076925,0.6923076923076925,0.0,0.0,-2.0,18.809228897889387
seed-12363-pa-0.35-pb-0.50,seed-12363-pa-0.35-pb-0.50:56,bandit,56,6.4130413716877825,4.746651542245324,0.8571428571428572,0.8571428571428572,0.0,0.0,3.0,18.868767452994916
seed-12363-pa-0.35-pb-0.50,seed-12363-pa-0.35-pb-0.50:57,bandit,57,6.076413277982752,4.75615689648967,0.8571428571428572,0.8571428571428572,0.0,0.0,-2.0,18.92532908034517
seed-12363-pa-0.35-pb-0.50,seed-12363-pa-0.35-pb-0.50:58,bandit,58,5.517675057605601,4.654226814378896,0.6666666666666665,0.6666666666666665,0.0,0.0,-2.0,18.97906262632791
seed-12363-pa-0.35-pb-0.50,seed-12363-pa-0.35-pb-0.50:59,bandit,59,5.406150136248314,4.565715249021879,0.5,0.5,0.0,0.0,-2.0,19.030109495011512
seed-12363-pa-0.35-pb-0.50,seed-12363-pa-0.35-pb-0.50:60,bandit,60,5.148123264139841,4.48819712485606,0.3529411764705883,0.3529411764705883,0.0,0.0,-2.0,19.078604020260936
seed-12363-pa-0.35-pb-0.50,seed-12363-pa-0.35-pb-0.50:61,bandit,61,5.67974463538566,4.4959392952965445,0.3529411764705883,0.3529411764705883,0.0,0.0,-2.0,19.12467381924789
seed-12363-pa-0.35-pb-0.50,seed-12363-pa-0.35-pb-0.50:62,bandit,62,5.767675057605601,4.503294357215004,0.3529411764705883,0.3529411764705883,0.0,0.0,-2.0,19.168440128285493
seed-12363-pa-0.35-pb-0.50,seed-12363-pa-0.35-pb-0.50:63,bandit,63,5.501928011042974,4.510281666037541,0.3529411764705883,0.3529411764705883,0.0,0.0,-2.0,19.21001812187122
seed-12363-pa-0.35-pb-0.50,seed-12363-pa-0.35-pb-0.50:64,bandit,64,6.328889734292549,4.602587386680016,0.5,0.5,0.0,0.0,3.0,19.249517215777658
seed-12363-pa-0.35-pb-0.50,seed-12363-pa-0.35-pb-0.50:65,bandit,65,5.686967589003199,4.608893432892355,0.5,0.5,0.0,0.0,3.0,19.287041354988773
seed-12363-pa-0.35-pb-0.50,seed-12363-pa-0.35-pb-0.50:66,bandit,66,6.17974463538566,4.614884176794078,0.5,0.5,0.0,0.0,-2.0,19.322689287239335
seed-12363-pa-0.35-pb-0.50,seed-12363-pa-0.35-pb-0.50:67,bandit,67,6.4130413716877825,4.620575383500714,0.5,0.5,0.0,0.0,3.0,19.356554822877367
seed-12363-pa-0.35-pb-0.50,seed-12363-pa-0.35-pb-0.50:68,bandit,68,6.100412651601648,4.625982029872018,0.5,0.5,0.0,0.0,-2.0,19.3887270817335
seed-12363-pa-0.35-pb-0.50,seed-12363-pa-0.35-pb-0.50:69,bandit,69,5.701413277982752,4.631118343924759,0.5,0.5,0.0,0.0,-2.0,19.419290727646825
seed-12363-pa-0.35-pb-0.50,seed-12363-pa-0.35-pb-0.50:70,bandit,70,5.785224150438086,4.63599784227486,0.5,0.5,0.0,0.0,-2.0,19.44832619126448
seed-12363-pa-0.35-pb-0.50,seed-12363-pa-0.35-pb-0.50:71,bandit,71,5.876928011042974,4.640633365707457,0.5,0.5,0.0,0.0,-2.0,19.475909881701256
seed-12363-pa-0.35-pb-0.50,seed-12363-pa-0.35-pb-0.50:72,bandit,72,5.392675057605601,4.645037112968425,0.5,0.5,0.0,0.0,-2.0,19.502114387616192
seed-12363-pa-0.35-pb-0.50,seed-12363-pa-0.35-pb-0.50:73,bandit,73,5.517675057605601,4.649220672866344,0.5,0.5,0.0,0.0,-2.0,19.527008668235382
seed-12363-pa-0.35-pb-0.50,seed-12363-pa-0.35-pb-0.50:74,bandit,74,6.078889734292549,4.653195054769367,0.5,0.5,0.0,0.0,3.0,19.55065823482361
seed-12363-pa-0.35-pb-0.50,seed-12363-pa-0.35-pb-0.50:75,bandit,75,5.975412651601648,4.656970717577239,0.5,0.5,0.0,0.0,-2.0,19.57312532308243
seed-12363-pa-0.35-pb-0.50,seed-12363-pa-0.35-pb-0.50:76,bandit,76,5.785224150438086,4.660557597244717,0.5,0.5,0.0,0.0,-2.0,19.594469056928308
seed-12363-pa-0.35-pb-0.50,seed-12363-pa-0.35-pb-0.50:77,bandit,77,6.167999079229087,4.663965132928822,0.5,0.5,0.0,0.0,3.0,19.614745604081893
seed-12363-pa-0.35-pb-0.50,seed-12363-pa-0.35-pb-0.50:78,bandit,78,5.892675057605601,4.667202291828721,0.5,0.5,0.0,0.0,-2.0,19.634008323877797
seed-12363-pa-0.35-pb-0.50,seed-12363-pa-0.35-pb-0.50:79,bandit,79,5.642675057605601,4.670277592783625,0.5,0.5,0.0,0.0,-2.0,19.652307907683905
seed-12363-pa-0.35-pb-0.50,seed-12363-pa-0.35-pb-0.50:80,bandit,80,5.535224150438086,4.596549012194041,0.3684210526315787,0.3684210526315787,0.0,0.0,-2.0,19.669692512299708
seed-12363-pa-0.35-pb-0.50,seed-12363-pa-0.35-pb-0.50:81,bandit,81,5.600206558916746,4.5993244713058425,0.3684210526315787,0.3684210526315787,0.0,0.0,-2.0,19.686207886684723
seed-12363-pa-0.35-pb-0.50,seed-12363-pa-0.35-pb-0.50:82,bandit,82,6.17358735157374,4.678611273958796,0.5,0.5,0.0,0.0,3.0,19.701897492350486
seed-12363-pa-0.35-pb-0.50,seed-12363-pa-0.35-pb-0.50:83,bandit,83,5.90864569998304,4.681116125807197,0.5,0.5,0.0,0.0,3.0,19.716802617732963
seed-12363-pa-0.35-pb-0.50,seed-12363-pa-0.35-pb-0.50:84,bandit,84,6.018149927917811,4.683495735063177,0.5,0.5,0.0,0.0,3.0,19.730962486846312
seed-12363-pa-0.35-pb-0.50,seed-12363-pa-0.35-pb-0.50:85,bandit,85,6.100206558916746,4.685756363856358,0.5,0.5,0.0,0.0,-2.0,19.744414362503996
seed-12363-pa-0.35-pb-0.50,seed-12363-pa-0.35-pb-0.50:86,bandit,86,6.523245464372426,4.68790396120988,0.5,0.5,0.0,0.0,3.0,19.757193644378795
seed-12363-pa-0.35-pb-0.50,seed-12363-pa-0.35-pb-0.50:87,bandit,87,6.143149927917811,4.689944178695727,0.5,0.5,0.0,0.0,3.0,19.769333962159855
seed-12363-pa-0.35-pb-0.50,seed-12363-pa-0.35-pb-0.50:88,bandit,88,6.112822278771571,4.691882385307281,0.5,0.5,0.0,0.0,-2.0,19.78086726405186
seed-12363-pa-0.35-pb-0.50,seed-12363-pa-0.35-pb-0.50:89,bandit,89,5.910224150438086,4.693723681588256,0.5,0.5,0.0,0.0,-2.0,19.791823900849266
seed-12363-pa-0.35-pb-0.50,seed-12363-pa-0.35-pb-0.50:90,bandit,90,6.401300195186874,4.695472913055184,0.5,0.5,0.0,0.0,3.0,19.8022327058068
seed-12363-pa-0.35-pb-0.50,seed-12363-pa-0.35-pb-0.50:91,bandit,91,6.398245464372426,4.697134682948765,0.5,0.5,0.0,0.0,3.0,19.81212107051646
seed-12363-pa-0.35-pb-0.50,seed-12363-pa-0.35-pb-0.50:92,bandit,92,6.1949361996449746,4.698713364347667,0.5,0.5,0.0,0.0,-2.0,19.821515016990638
seed-12363-pa-0.35-pb-0.50,seed-12363-pa-0.35-pb-0.50:93,bandit,93,5.737822278771571,4.700213111676624,0.5,0.5,0.0,0.0,-2.0,19.830439266141106
seed-12363-pa-0.35-pb-0.50,seed-12363-pa-0.35-pb-0.50:94,bandit,94,6.401300195186874,4.701637871639133,0.5,0.5,0.0,0.0,3.0,19.838917302834048
seed-12363-pa-0.35-pb-0.50,seed-12363-pa-0.35-pb-0.50:95,bandit,95,5.975206558916746,4.702991393603517,0.5,0.5,0.0,0.0,-2.0,19.846971437692346
seed-12363-pa-0.35-pb-0.50,seed-12363-pa-0.35-pb-0.50:96,bandit,96,5.892675057605601,4.634927134067866,0.3809523809523809,0.3809523809523809,0.0,0.0,-2.0,19.854622865807727
seed-12363-pa-0.35-pb-0.50,seed-12363-pa-0.35-pb-0.50:97,bandit,97,5.862822278771571,4.6361486876407225,0.3809523809523809,0.3809523809523809,0.0,0.0,-2.0,19.86189172251734
seed-12363-pa-0.35-pb-0.50,seed-12363-pa-0.35-pb-0.50:98,bandit,98,5.83893946547494,4.637309163534936,0.3809523809523809,0.3809523809523809,0.0,0.0,-2.0,19.86879713639147
seed-12363-pa-0.35-pb-0.50,seed-12363-pa-0.35-pb-0.50:99,bandit,99,5.703889734292549,4.638411615634439,0.3809523809523809,0.3809523809523809,0.0,0.0,-2.0,19.875357279571897
seed-12370-pa-0.50-pb-0.50,seed-12370-pa-0.50-pb-0.50:0,bandit,0,4.203889734292549,1.367647220698613,0.5,0.5,0.0,0.0,0.0,0.0
seed-12370-pa-0.50-pb-0.50,seed-12370-pa-0.50-pb-0.50:1,bandit,1,4.42870067827652,2.021151013022723,1.3333333333333337,1.3333333333333337,0.0,0.0,3.0,1.0
seed-12370-pa-0.50-pb-0.50,seed-12370-pa-0.50-pb-0.50:2,bandit,2,3.201413277982752,2.423526783714911,1.75,1.75,0.0,0.0,3.0,1.95
seed-12370-pa-0.50-pb-0.50,seed-12370-pa-0.50-pb-0.50:3,bandit,3,3.42974463538566,2.138289001380029,1.0,1.0,0.0,0.0,-2.0,2.8525
seed-12370-pa-0.50-pb-0.50,seed-12370-pa-0.50-pb-0.50:4,bandit,4,2.142675057605601,1.9911030463041293,0.5,0.5,0.0,0.0,-2.0,3.709875
seed-12379-pa-0.35-pb-0.50,seed-12379-pa-0.35-pb-0.50:0,bandit,0,4.203889734292549,1.367647220698613,0.5,0.5,0.0,0.0,0.0,0.0
seed-12379-pa-0.35-pb-0.50,seed-12379-pa-0.35-pb-0.50:1,bandit,1,3.849076984180108,1.5357002752100228,0.5,0.5,0.0,0.0,-2.0,1.0
seed-12379-pa-0.35-pb-0.50,seed-12379-pa-0.35-pb-0.50:2,bandit,2,1.2575990353171704,1.695350676995862,0.5,0.5,0.0,0.0,-2.0,1.95
seed-12379-pa-0.35-pb-0.50,seed-12379-pa-0.35-pb-0.50:3,bandit,3,0.2731232641398406,1.8470185586924093,0.5,0.5,0.0,0.0,-2.0,2.8525
seed-12379-pa-0.35-pb-0.50,seed-12379-pa-0.35-pb-0.50:4,bandit,4,3.17974463538566,1.9911030463041293,0.5,0.5,0.0,0.0,3.0,3.709875
seed-12379-pa-0.35-pb-0.50,seed-12379-pa-0.35-pb-0.50:5,bandit,5,2.6368710061149017,1.6425325717225632,-0.3333333333333332,-0.3333333333333332,0.0,0.0,-2.0,4.524381249999999
seed-12379-pa-0.35-pb-0.50,seed-12379-pa-0.35-pb-0.50:6,bandit,6,3.849076984180108,2.0499692433993975,0.1428571428571428,0.1428571428571428,0.0,0.0,3.0,5.298162187499999
seed-12379-pa-0.35-pb-0.50,seed-12379-pa-0.35-pb-0.50:7,bandit,7,3.156150136248314,2.3815539971709385,0.5,0.5,0.0,0.0,3.0,6.033254078124999
seed-12379-pa-0.35-pb-0.50,seed-12379-pa-0.35-pb-0.50:8,bandit,8,3.325939419878843,2.498911712858732,0.5,0.5,0.0,0.0,3.0,6.731591374218749
seed-12379-pa-0.35-pb-0.50,seed-12379-pa-0.35-pb-0.50:9,bandit,9,1.7009394198788428,2.6104015427621357,0.5,0.5,0.0,0.0,-2.0,7.395011805507812
seed-12379-pa-0.35-pb-0.50,seed-12379-pa-0.35-pb-0.50:10,bandit,10,2.1481232641398407,2.7163168811703695,0.5,0.5,0.0,0.0,-2.0,8.02526121523242
seed-12379-pa-0.35-pb-0.50,seed-12379-pa-0.35-pb-0.50:11,bandit,11,3.813261687518224,3.108206895345811,1.0,1.0,0.0,0.0,3.0,8.623998154470799
seed-12379-pa-0.35-pb-0.50,seed-12379-pa-0.35-pb-0.50:12,bandit,12,3.075939419878843,3.203795488259242,1.0,1.0,0.0,0.0,-2.0,9.192798246747259
seed-12379-pa-0.35-pb-0.50,seed-12379-pa-0.35-pb-0.50:13,bandit,13,4.126929081345374,3.488784946652081,1.3333333333333337,1.3333333333333337,0.0,0.0,3.0,9.733158334409895
seed-12379-pa-0.35-pb-0.50,seed-12379-pa-0.35-pb-0.50:14,bandit,14,3.1368710061149017,3.297653230149195,0.8571428571428572,0.8571428571428572,0.0,0.0,-2.0,10.2465004176894
seed-12379-pa-0.35-pb-0.50,seed-12379-pa-0.35-pb-0.50:15,bandit,15,2.8181471805599436,3.379608499998348,0.8571428571428572,0.8571428571428572,0.0,0.0,-2.0,10.73417539680493
seed-12379-pa-0.35-pb-0.50,seed-12379-pa-0.35-pb-0.50:16,bandit,16,2.4431471805599436,3.457466006355043,0.8571428571428572,0.8571428571428572,0.0,0.0,-2.0,11.197466626964683
seed-12379-pa-0.35-pb-0.50,seed-12379-pa-0.35-pb-0.50:17,bandit,17,4.011871006114902,3.687468374547985,1.125,1.125,0.0,0.0,3.0,11.63759329561645
seed-12379-pa-0.35-pb-0.50,seed-12379-pa-0.35-pb-0.50:18,bandit,18,3.575939419878843,3.7577347740349025,1.125,1.125,0.0,0.0,-2.0,12.055713630835626
seed-12379-pa-0.35-pb-0.50,seed-12379-pa-0.35-pb-0.50:19,bandit,19,3.1325990353171704,3.8244878535474736,1.125,1.125,0.0,0.0,-2.0,12.452927949293844
seed-12379-pa-0.35-pb-0.50,seed-12379-pa-0.35-pb-0.50:20,bandit,20,2.9431471805599436,3.8879032790844166,1.125,1.125,0.0,0.0,-2.0,12.83028155182915
seed-12379-pa-0.35-pb-0.50,seed-12379-pa-0.35-pb-0.50:21,bandit,21,2.575939419878843,3.9481479333445124,1.125,1.125,0.0,0.0,-2.0,13.188767474237693
seed-12379-pa-0.35-pb-0.50,seed-12379-pa-0.35-pb-0.50:22,bandit,22,3.9734445810050545,4.005380354891603,1.125,1.125,0.0,0.0,3.0,13.529329100525807
seed-12379-pa-0.35-pb-0.50,seed-12379-pa-0.35-pb-0.50:23,bandit,23,4.05370067827652,3.8574800146060477,0.7777777777777777,0.7777777777777777,0.0,0.0,-2.0,13.852862645499515
seed-12379-pa-0.35-pb-0.50,seed-12379-pa-0.35-pb-0.50:24,bandit,24,3.8868710061149017,3.747315362448064,0.5,0.5,0.0,0.0,-2.0,14.160219513224538
seed-12379-pa-0.35-pb-0.50,seed-12379-pa-0.35-pb-0.50:25,bandit,25,3.849076984180108,3.796385009872001,0.5,0.5,0.0,0.0,-2.0,14.45220853756331
seed-12379-pa-0.35-pb-0.50,seed-12379-pa-0.35-pb-0.50:26,bandit,26,3.7618710061149017,3.8430011749247415,0.5,0.5,0.0,0.0,-2.0,14.729598110685144
seed-12379-pa-0.35-pb-0.50,seed-12379-pa-0.35-pb-0.50:27,bandit,27,4.011871006114902,3.754890875957744,0.2727272727272729,0.2727272727272729,0.0,0.0,-2.0,14.993118205150886
seed-12379-pa-0.35-pb-0.50,seed-12379-pa-0.35-pb-0.50:28,bandit,28,4.17870067827652,3.9293576206849425,0.5,0.5,0.0,0.0,3.0,15.243462294893341
seed-12385-pa-0.65-pb-0.35,seed-12385-pa-0.65-pb-0.35:0,bandit,0,4.203889734292549,1.367647220698613,0.5,0.5,0.0,0.0,0.0,0.0
seed-12385-pa-0.65-pb-0.35,seed-12385-pa-0.65-pb-0.35:1,bandit,1,3.849076984180108,1.5357002752100228,0.5,0.5,0.0,0.0,-2.0,1.0
seed-12385-pa-0.65-pb-0.35,seed-12385-pa-0.65-pb-0.35:2,bandit,2,4.350412651601648,1.695350676995862,0.5,0.5,0.0,0.0,3.0,1.95
seed-12385-pa-0.65-pb-0.35,seed-12385-pa-0.65-pb-0.35:3,bandit,3,2.7731232641398407,1.8470185586924093,0.5,0.5,0.0,0.0,-2.0,2.8525
seed-12385-pa-0.65-pb-0.35,seed-12385-pa-0.65-pb-0.35:4,bandit,4,3.376928011042974,1.9911030463041293,0.5,0.5,0.0,0.0,3.0,3.709875
seed-12385-pa-0.65-pb-0.35,seed-12385-pa-0.65-pb-0.35:5,bandit,5,3.1128222787715707,2.336033625740706,0.8571428571428572,0.8571428571428572,0.0,0.0,3.0,4.524381249999999
seed-12385-pa-0.65-pb-0.35,seed-12385-pa-0.65-pb-0.35:6,bandit,6,3.429882179158078,2.622107612964365,1.125,1.125,0.0,0.0,3.0,5.298162187499999
seed-12385-pa-0.65-pb-0.35,seed-12385-pa-0.65-pb-0.35:7,bandit,7,3.4235873515737403,2.8670047349836385,1.3333333333333337,1.3333333333333337,0.0,0.0,3.0,6.033254078124999
seed-12385-pa-0.65-pb-0.35,seed-12385-pa-0.65-pb-0.35:8,bandit,8,2.6602241504380864,2.790182155546352,1.0,1.0,0.0,0.0,-2.0,6.731591374218749
seed-12385-pa-0.65-pb-0.35,seed-12385-pa-0.65-pb-0.35:9,bandit,9,1.92974463538566,2.742797198529235,0.7272727272727271,0.7272727272727271,0.0,0.0,-2.0,7.395011805507812
seed-12385-pa-0.65-pb-0.35,seed-12385-pa-0.65-pb-0.35:10,bandit,10,3.7880413716877825,2.959042250076719,0.9166666666666664,0.9166666666666664,0.0,0.0,3.0,8.02526121523242
seed-12385-pa-0.65-pb-0.35,seed-12385-pa-0.65-pb-0.35:11,bandit,11,3.7880413716877825,3.153017732682368,1.076923076923077,1.076923076923077,0.0,0.0,3.0,8.623998154470799
seed-12385-pa-0.65-pb-0.35,seed-12385-pa-0.65-pb-0.35:12,bandit,12,4.026300195186874,3.3286256779825076,1.2142857142857144,1.2142857142857144,0.0,0.0,3.0,9.192798246747259
seed-12385-pa-0.65-pb-0.35,seed-12385-pa-0.65-pb-0.35:13,bandit,13,3.90864569998304,3.488784946652081,1.3333333333333337,1.3333333333333337,0.0,0.0,3.0,9.733158334409895
seed-12385-pa-0.65-pb-0.35,seed-12385-pa-0.65-pb-0.35:14,bandit,14,3.78364569998304,3.6357349939830397,1.4375,1.4375,0.0,0.0,3.0,10.2465004176894
seed-12385-pa-0.65-pb-0.35,seed-12385-pa-0.65-pb-0.35:15,bandit,15,3.311967589003199,3.599897070098228,1.2352941176470589,1.2352941176470589,0.0,0.0,-2.0,10.73417539680493
seed-12385-pa-0.65-pb-0.35,seed-12385-pa-0.65-pb-0.35:16,bandit,16,2.811967589003199,3.573049515358066,1.0555555555555554,1.0555555555555554,0.0,0.0,-2.0,11.197466626964683
seed-12385-pa-0.65-pb-0.35,seed-12385-pa-0.65-pb-0.35:17,bandit,17,4.03364569998304,3.7066309036721705,1.1578947368421053,1.1578947368421053,0.0,0.0,3.0,11.63759329561645
seed-12385-pa-0.65-pb-0.35,seed-12385-pa-0.65-pb-0.35:18,bandit,18,4.03364569998304,3.8305523847068077,1.25,1.25,0.0,0.0,3.0,12.055713630835626
seed-12385-pa-0.65-pb-0.35,seed-12385-pa-0.65-pb-0.35:19,bandit,19,3.429882179158078,3.80715032719702,1.0952380952380951,1.0952380952380951,0.0,0.0,-2.0,12.452927949293844
seed-12385-pa-0.65-pb-0.35,seed-12385-pa-0.65-pb-0.35:20,bandit,20,3.3868710061149017,3.870565752733963,1.0952380952380951,1.0952380952380951,0.0,0.0,-2.0,12.83028155182915
seed-12385-pa-0.65-pb-0.35,seed-12385-pa-0.65-pb-0.35:21,bandit,21,3.2852241504380864,3.848851191519187,0.9545454545454546,0.9545454545454546,0.0,0.0,-2.0,13.188767474237693
seed-12385-pa-0.65-pb-0.35,seed-12385-pa-0.65-pb-0.35:22,bandit,22,3.126928011042974,3.8312512858935697,0.8260869565217392,0.8260869565217392,0.0,0.0,-2.0,13.529329100525807
seed-12385-pa-0.65-pb-0.35,seed-12385-pa-0.65-pb-0.35:23,bandit,23,3.001928011042974,3.8170257864549897,0.7083333333333335,0.7083333333333335,0.0,0.0,-2.0,13.852862645499515
seed-12385-pa-0.65-pb-0.35,seed-12385-pa-0.65-pb-0.35:24,bandit,24,4.792999079229087,3.922077628060636,0.7999999999999998,0.7999999999999998,0.0,0.0,3.0,14.160219513224538
seed-12385-pa-0.65-pb-0.35,seed-12385-pa-0.65-pb-0.35:25,bandit,25,4.6630413716877825,4.020439196554785,0.8846153846153846,0.8846153846153846,0.0,0.0,3.0,14.45220853756331
seed-12385-pa-0.65-pb-0.35,seed-12385-pa-0.65-pb-0.35:26,bandit,26,4.4449361996449746,4.0048180875289745,0.7777777777777777,0.7777777777777777,0.0,0.0,-2.0,14.729598110685144
seed-12385-pa-0.65-pb-0.35,seed-12385-pa-0.65-pb-0.35:27,bandit,27,5.02975041827262,4.095336847930287,0.8571428571428572,0.8571428571428572,0.0,0.0,3.0,14.993118205150886
seed-12385-pa-0.65-pb-0.35,seed-12385-pa-0.65-pb-0.35:28,bandit,28,4.4449361996449746,4.080014746213022,0.7586206896551726,0.7586206896551726,0.0,0.0,-2.0,15.243462294893341
seed-12385-pa-0.65-pb-0.35,seed-12385-pa-0.65-pb-0.35:29,bandit,29,5.026300195186874,4.163505450322115,0.8333333333333335,0.8333333333333335,0.0,0.0,3.0,15.481289180148673
seed-12385-pa-0.65-pb-0.35,seed-12385-pa-0.65-pb-0.35:30,bandit,30,4.3199361996449746,4.148231623961404,0.7419354838709675,0.7419354838709675,0.0,0.0,-2.0,15.70722472114124
seed-12385-pa-0.65-pb-0.35,seed-12385-pa-0.65-pb-0.35:31,bandit,31,5.026300195186874,4.225409039560451,0.8125,0.8125,0.0,0.0,3.0,15.921863485084177
seed-12385-pa-0.65-pb-0.35,seed-12385-pa-0.65-pb-0.35:32,bandit,32,5.026300195186874,4.298291604061493,0.8787878787878789,0.8787878787878789,0.0,0.0,3.0,16.125770310829967
seed-12385-pa-0.65-pb-0.35,seed-12385-pa-0.65-pb-0.35:33,bandit,33,5.0380413716877825,4.281521538962314,0.7941176470588234,0.7941176470588234,0.0,0.0,-2.0,16.319481795288468
seed-12385-pa-0.65-pb-0.35,seed-12385-pa-0.65-pb-0.35:34,bandit,34,3.8288897342925488,4.265942290487781,0.7142857142857144,0.7142857142857144,0.0,0.0,-2.0,16.503507705524044
seed-12385-pa-0.65-pb-0.35,seed-12385-pa-0.65-pb-0.35:35,bandit,35,5.15864569998304,4.332308823876863,0.7777777777777777,0.7777777777777777,0.0,0.0,3.0,16.67833232024784
seed-12385-pa-0.65-pb-0.35,seed-12385-pa-0.65-pb-0.35:36,bandit,36,4.6949361996449746,4.316485343155724,0.7027027027027026,0.7027027027027026,0.0,0.0,-2.0,16.844415704235445
seed-12385-pa-0.65-pb-0.35,seed-12385-pa-0.65-pb-0.35:37,bandit,37,4.186967589003199,4.301568126735654,0.6315789473684212,0.6315789473684212,0.0,0.0,-2.0,17.002194919023673
seed-12385-pa-0.65-pb-0.35,seed-12385-pa-0.65-pb-0.35:38,bandit,38,4.29858735157374,4.287449889720437,0.5641025641025643,0.5641025641025643,0.0,0.0,-2.0,17.15208517307249
seed-12385-pa-0.65-pb-0.35,seed-12385-pa-0.65-pb-0.35:39,bandit,39,5.273245464372426,4.346855175227886,0.625,0.625,0.0,0.0,3.0,17.294480914418862
seed-12385-pa-0.65-pb-0.35,seed-12385-pa-0.65-pb-0.35:40,bandit,40,4.7880413716877825,4.403333458955359,0.6829268292682928,0.6829268292682928,0.0,0.0,3.0,17.42975686869792
seed-12385-pa-0.65-pb-0.35,seed-12385-pa-0.65-pb-0.35:41,bandit,41,5.145541900901097,4.457068173130765,0.7380952380952381,0.7380952380952381,0.0,0.0,3.0,17.558269025263023
seed-12385-pa-0.65-pb-0.35,seed-12385-pa-0.65-pb-0.35:42,bandit,42,4.898245464372426,4.5082282603894575,0.7906976744186047,0.7906976744186047,0.0,0.0,3.0,17.680355573999872
seed-12385-pa-0.65-pb-0.35,seed-12385-pa-0.65-pb-0.35:43,bandit,43,4.895541900901097,4.556969629966254,0.8409090909090908,0.8409090909090908,0.0,0.0,3.0,17.796337795299877
seed-12385-pa-0.65-pb-0.35,seed-12385-pa-0.65-pb-0.35:44,bandit,44,5.0380413716877825,4.538709667150398,0.7777777777777777,0.7777777777777777,0.0,0.0,-2.0,17.906520905534883
seed-12385-pa-0.65-pb-0.35,seed-12385-pa-0.65-pb-0.35:45,bandit,45,4.186967589003199,4.521122855272857,0.7173913043478262,0.7173913043478262,0.0,0.0,-2.0,18.011194860258136
seed-12385-pa-0.65-pb-0.35,seed-12385-pa-0.65-pb-0.35:46,bandit,46,5.4130413716877825,4.537834094200937,0.7173913043478262,0.7173913043478262,0.0,0.0,3.0,18.110635117245227
seed-12385-pa-0.65-pb-0.35,seed-12385-pa-0.65-pb-0.35:47,bandit,47,5.40475041827262,4.582001534810921,0.7659574468085109,0.7659574468085109,0.0,0.0,3.0,18.205103361382964
seed-12385-pa-0.65-pb-0.35,seed-12385-pa-0.65-pb-0.35:48,bandit,48,5.891034256080317,4.624196368087308,0.8125,0.8125,0.0,0.0,3.0,18.294848193313815
seed-12385-pa-0.65-pb-0.35,seed-12385-pa-0.65-pb-0.35:49,bandit,49,5.518149927917811,4.664530456088951,0.8571428571428572,0.8571428571428572,0.0,0.0,3.0,18.380105783648123
seed-12385-pa-0.65-pb-0.35,seed-12385-pa-0.65-pb-0.35:50,bandit,50,5.393149927917811,4.703107902585769,0.8999999999999999,0.8999999999999999,0.0,0.0,3.0,18.461100494465715
seed-12385-pa-0.65-pb-0.35,seed-12385-pa-0.65-pb-0.35:51,bandit,51,5.641034256080317,4.740025718343423,0.9411764705882356,0.9411764705882356,0.0,0.0,3.0,18.53804546974243
seed-12385-pa-0.65-pb-0.35,seed-12385-pa-0.65-pb-0.35:52,bandit,52,5.641034256080317,4.775374416132038,0.9807692307692308,0.9807692307692308,0.0,0.0,3.0,18.611143196255306
seed-12385-pa-0.65-pb-0.35,seed-12385-pa-0.65-pb-0.35:53,bandit,53,5.04858735157374,4.754281857033949,0.9245283018867924,0.9245283018867924,0.0,0.0,-2.0,18.680586036442538
seed-12385-pa-0.65-pb-0.35,seed-12385-pa-0.65-pb-0.35:54,bandit,54,5.648245464372426,4.7877581958634,0.9629629629629628,0.9629629629629628,0.0,0.0,3.0,18.74655673462041
seed-12385-pa-0.65-pb-0.35,seed-12385-pa-0.65-pb-0.35:55,bandit,55,5.398245464372426,4.819866032680821,1.0,1.0,0.0,0.0,3.0,18.809228897889387
seed-12385-pa-0.65-pb-0.35,seed-12385-pa-0.65-pb-0.35:56,bandit,56,5.641034256080317,4.850676700348045,1.0357142857142856,1.0357142857142856,0.0,0.0,3.0,18.868767452994916
seed-12385-pa-0.65-pb-0.35,seed-12385-pa-0.65-pb-0.35:57,bandit,57,5.514163456931506,4.880257085103443,1.0701754385964914,1.0701754385964914,0.0,0.0,3.0,18.92532908034517
seed-12385-pa-0.65-pb-0.35,seed-12385-pa-0.65-pb-0.35:58,bandit,58,5.764163456931506,4.9086699597152075,1.103448275862069,1.103448275862069,0.0,0.0,3.0,18.97906262632791
seed-12385-pa-0.65-pb-0.35,seed-12385-pa-0.65-pb-0.35:59,bandit,59,5.0380413716877825,4.88660641469468,1.0508474576271185,1.0508474576271185,0.0,0.0,-2.0,19.030109495011512
seed-12385-pa-0.65-pb-0.35,seed-12385-pa-0.65-pb-0.35:60,bandit,60,5.643149927917811,4.913680418586015,1.0833333333333337,1.0833333333333337,0.0,0.0,3.0,19.078604020260936
seed-12385-pa-0.65-pb-0.35,seed-12385-pa-0.65-pb-0.35:61,bandit,61,5.643149927917811,4.9397264693046825,1.1147540983606556,1.1147540983606556,0.0,0.0,3.0,19.12467381924789
seed-12385-pa-0.65-pb-0.35,seed-12385-pa-0.65-pb-0.35:62,bandit,62,5.762509570276173,4.964794963750417,1.1451612903225803,1.1451612903225803,0.0,0.0,3.0,19.168440128285493
seed-12385-pa-0.65-pb-0.35,seed-12385-pa-0.65-pb-0.35:63,bandit,63,5.054882179158078,4.942699970307677,1.0952380952380951,1.0952380952380951,0.0,0.0,-2.0,19.21001812187122
seed-12385-pa-0.65-pb-0.35,seed-12385-pa-0.65-pb-0.35:64,bandit,64,5.893149927917811,4.96667544003954,1.125,1.125,0.0,0.0,3.0,19.249517215777658
seed-12385-pa-0.65-pb-0.35,seed-12385-pa-0.65-pb-0.35:65,bandit,65,5.768149927917811,4.989785550253089,1.1538461538461535,1.1538461538461535,0.0,0.0,3.0,19.287041354988773
seed-12385-pa-0.65-pb-0.35,seed-12385-pa-0.65-pb-0.35:66,bandit,66,5.514163456931506,5.012071144095377,1.1818181818181817,1.1818181818181817,0.0,0.0,3.0,19.322689287239335
seed-12385-pa-0.65-pb-0.35,seed-12385-pa-0.65-pb-0.35:67,bandit,67,5.637509570276173,5.033570787311518,1.2089552238805972,1.2089552238805972,0.0,0.0,3.0,19.356554822877367
seed-12385-pa-0.65-pb-0.35,seed-12385-pa-0.65-pb-0.35:68,bandit,68,5.512509570276173,5.054320916177342,1.2352941176470589,1.2352941176470589,0.0,0.0,3.0,19.3887270817335
seed-12385-pa-0.65-pb-0.35,seed-12385-pa-0.65-pb-0.35:69,bandit,69,5.637509570276173,5.074355974101571,1.2608695652173911,1.2608695652173911,0.0,0.0,3.0,19.419290727646825
seed-12385-pa-0.65-pb-0.35,seed-12385-pa-0.65-pb-0.35:70,bandit,70,5.27975041827262,5.052098474685746,1.2142857142857144,1.2142857142857144,0.0,0.0,-2.0,19.44832619126448
seed-12385-pa-0.65-pb-0.35,seed-12385-pa-0.65-pb-0.35:71,bandit,71,5.895541900901097,5.071385428837036,1.23943661971831,1.23943661971831,0.0,0.0,3.0,19.475909881701256
seed-12385-pa-0.65-pb-0.35,seed-12385-pa-0.65-pb-0.35:72,bandit,72,5.893149927917811,5.090033622630067,1.2638888888888888,1.2638888888888888,0.0,0.0,3.0,19.502114387616192
seed-12385-pa-0.65-pb-0.35,seed-12385-pa-0.65-pb-0.35:73,bandit,73,6.012509570276173,5.10807137025095,1.287671232876712,1.287671232876712,0.0,0.0,3.0,19.527008668235382
seed-12385-pa-0.65-pb-0.35,seed-12385-pa-0.65-pb-0.35:74,bandit,74,5.762509570276173,5.1255255023709125,1.310810810810811,1.310810810810811,0.0,0.0,3.0,19.55065823482361
seed-12385-pa-0.65-pb-0.35,seed-12385-pa-0.65-pb-0.35:75,bandit,75,5.761047744848593,5.142421455389939,1.3333333333333337,1.3333333333333337,0.0,0.0,3.0,19.57312532308243
seed-12385-pa-0.65-pb-0.35,seed-12385-pa-0.65-pb-0.35:76,bandit,76,5.52975041827262,5.120458296225169,1.289473684210526,1.289473684210526,0.0,0.0,-2.0,19.594469056928308
seed-12385-pa-0.65-pb-0.35,seed-12385-pa-0.65-pb-0.35:77,bandit,77,5.893149927917811,5.136806760668464,1.3116883116883118,1.3116883116883118,0.0,0.0,3.0,19.614745604081893
seed-12385-pa-0.65-pb-0.35,seed-12385-pa-0.65-pb-0.35:78,bandit,78,4.703889734292549,5.115310665194289,1.2692307692307692,1.2692307692307692,0.0,0.0,-2.0,19.634008323877797
seed-12385-pa-0.65-pb-0.35,seed-12385-pa-0.65-pb-0.35:79,bandit,79,6.141034256080317,5.131148546403276,1.2911392405063291,1.2911392405063291,0.0,0.0,3.0,19.652307907683905
seed-12385-pa-0.65-pb-0.35,seed-12385-pa-0.65-pb-0.35:80,bandit,80,6.014163456931506,5.146513598058165,1.3125,1.3125,0.0,0.0,3.0,19.669692512299708
seed-12385-pa-0.65-pb-0.35,seed-12385-pa-0.65-pb-0.35:81,bandit,81,6.136047744848593,5.161425325615285,1.3333333333333337,1.3333333333333337,0.0,0.0,3.0,19.686207886684723
seed-12385-pa-0.65-pb-0.35,seed-12385-pa-0.65-pb-0.35:82,bandit,82,6.009755911000223,5.175902273669366,1.3536585365853655,1.3536585365853655,0.0,0.0,3.0,19.701897492350486
seed-12385-pa-0.65-pb-0.35,seed-12385-pa-0.65-pb-0.35:83,bandit,83,5.651300195186874,5.154869255479832,1.313253012048193,1.313253012048193,0.0,0.0,-2.0,19.716802617732963
seed-12385-pa-0.65-pb-0.35,seed-12385-pa-0.65-pb-0.35:84,bandit,84,6.016034256080317,5.168946472875877,1.3333333333333337,1.3333333333333337,0.0,0.0,3.0,19.730962486846312
seed-12385-pa-0.65-pb-0.35,seed-12385-pa-0.65-pb-0.35:85,bandit,85,6.014163456931506,5.182629471970533,1.3529411764705883,1.3529411764705883,0.0,0.0,3.0,19.744414362503996
seed-12385-pa-0.65-pb-0.35,seed-12385-pa-0.65-pb-0.35:86,bandit,86,5.4130413716877825,5.162065146980424,1.3139534883720931,1.3139534883720931,0.0,0.0,-2.0,19.757193644378795
seed-12385-pa-0.65-pb-0.35,seed-12385-pa-0.65-pb-0.35:87,bandit,87,4.8199361996449746,5.141915555279964,1.2758620689655171,1.2758620689655171,0.0,0.0,-2.0,19.769333962159855
seed-12385-pa-0.65-pb-0.35,seed-12385-pa-0.65-pb-0.35:88,bandit,88,5.17358735157374,5.122168266550355,1.2386363636363638,1.2386363636363638,0.0,0.0,-2.0,19.78086726405186
seed-12385-pa-0.65-pb-0.35,seed-12385-pa-0.65-pb-0.35:89,bandit,89,4.92358735157374,5.1028113819922165,1.202247191011236,1.202247191011236,0.0,0.0,-2.0,19.791823900849266
seed-12385-pa-0.65-pb-0.35,seed-12385-pa-0.65-pb-0.35:90,bandit,90,4.804882179158078,5.0838335033053434,1.1666666666666663,1.1666666666666663,0.0,0.0,-2.0,19.8022327058068
seed-12385-pa-0.65-pb-0.35,seed-12385-pa-0.65-pb-0.35:91,bandit,91,6.266034256080317,5.097231444882309,1.1868131868131866,1.1868131868131866,0.0,0.0,3.0,19.81212107051646
seed-12385-pa-0.65-pb-0.35,seed-12385-pa-0.65-pb-0.35:92,bandit,92,6.018149927917811,5.110291163797564,1.2065217391304346,1.2065217391304346,0.0,0.0,3.0,19.821515016990638
seed-12385-pa-0.65-pb-0.35,seed-12385-pa-0.65-pb-0.35:93,bandit,93,6.136047744848593,5.123025044610266,1.225806451612903,1.225806451612903,0.0,0.0,3.0,19.830439266141106
seed-12385-pa-0.65-pb-0.35,seed-12385-pa-0.65-pb-0.35:94,bandit,94,5.65475041827262,5.1044586966326495,1.1914893617021276,1.1914893617021276,0.0,0.0,-2.0,19.838917302834048
seed-12385-pa-0.65-pb-0.35,seed-12385-pa-0.65-pb-0.35:95,bandit,95,4.936967589003199,5.086241976087226,1.1578947368421053,1.1578947368421053,0.0,0.0,-2.0,19.846971437692346
seed-12385-pa-0.65-pb-0.35,seed-12385-pa-0.65-pb-0.35:96,bandit,96,5.148245464372426,5.068365292829205,1.125,1.125,0.0,0.0,-2.0,19.854622865807727
seed-12385-pa-0.65-pb-0.35,seed-12385-pa-0.65-pb-0.35:97,bandit,97,5.026300195186874,5.050819420971158,1.0927835051546393,1.0927835051546393,0.0,0.0,-2.0,19.86189172251734
seed-12385-pa-0.65-pb-0.35,seed-12385-pa-0.65-pb-0.35:98,bandit,98,6.137509570276173,5.063316953860366,1.1122448979591837,1.1122448979591837,0.0,0.0,3.0,19.86879713639147
seed-12385-pa-0.65-pb-0.35,seed-12385-pa-0.65-pb-0.35:99,bandit,99,5.292999079229087,5.0461061746632865,1.0808080808080809,1.0808080808080809,0.0,0.0,-2.0,19.875357279571897
seed-12391-pa-0.50-pb-0.65,seed-12391-pa-0.50-pb-0.65:0,bandit,0,4.203889734292549,1.367647220698613,0.5,0.5,0.0,0.0,0.0,0.0
seed-12391-pa-0.50-pb-0.65,seed-12391-pa-0.50-pb-0.65:1,bandit,1,3.4287006782765204,2.021151013022723,1.3333333333333337,1.3333333333333337,0.0,0.0,3.0,1.0
seed-12391-pa-0.50-pb-0.65,seed-12391-pa-0.50-pb-0.65:2,bandit,2,1.7852241504380864,2.180801414808562,1.3333333333333337,1.3333333333333337,0.0,0.0,-2.0,1.95
seed-12403-pa-0.35-pb-0.35,seed-12403-pa-0.35-pb-0.35:0,bandit,0,4.203889734292549,1.367647220698613,0.5,0.5,0.0,0.0,0.0,0.0
seed-12403-pa-0.35-pb-0.35,seed-12403-pa-0.35-pb-0.35:1,bandit,1,3.0075990353171704,1.5357002752100228,0.5,0.5,0.0,0.0,-2.0,1.0
seed-12404-pa-0.65-pb-0.65,seed-12404-pa-0.65-pb-0.65:0,bandit,0,4.203889734292549,1.367647220698613,0.5,0.5,0.0,0.0,0.0,0.0
seed-12404-pa-0.65-pb-0.65,seed-12404-pa-0.65-pb-0.65:1,bandit,1,3.0075990353171704,1.5357002752100228,0.5,0.5,0.0,0.0,-2.0,1.0
seed-12404-pa-0.65-pb-0.65,seed-12404-pa-0.65-pb-0.65:2,bandit,2,0.3868710061149016,1.695350676995862,0.5,0.5,0.0,0.0,-2.0,1.95
seed-12410-pa-0.65-pb-0.20,seed-12410-pa-0.65-pb-0.20:0,bandit,0,4.203889734292549,1.367647220698613,0.5,0.5,0.0,0.0,0.0,0.0
seed-12410-pa-0.65-pb-0.20,seed-12410-pa-0.65-pb-0.20:1,bandit,1,4.42870067827652,2.021151013022723,1.3333333333333337,1.3333333333333337,0.0,0.0,3.0,1.0
seed-12410-pa-0.65-pb-0.20,seed-12410-pa-0.65-pb-0.20:2,bandit,2,2.501928011042974,2.180801414808562,1.3333333333333337,1.3333333333333337,0.0,0.0,-2.0,1.95
seed-12410-pa-0.65-pb-0.20,seed-12410-pa-0.65-pb-0.20:3,bandit,3,2.6368710061149017,2.575194665411458,1.75,1.75,0.0,0.0,3.0,2.8525
seed-12410-pa-0.65-pb-0.20,seed-12410-pa-0.65-pb-0.20:4,bandit,4,2.2575990353171704,2.8649143743669887,2.0,2.0,0.0,0.0,3.0,3.709875
seed-12410-pa-0.65-pb-0.20,seed-12410-pa-0.65-pb-0.20:5,bandit,5,2.3981232641398407,2.613434047347963,1.3333333333333337,1.3333333333333337,0.0,0.0,-2.0,4.524381249999999
seed-12410-pa-0.65-pb-0.20,seed-12410-pa-0.65-pb-0.20:6,bandit,6,1.9382616875182244,2.7434702974175402,1.3333333333333337,1.3333333333333337,0.0,0.0,-2.0,5.298162187499999
seed-12410-pa-0.65-pb-0.20,seed-12410-pa-0.65-pb-0.20:7,bandit,7,3.42974463538566,2.8670047349836385,1.3333333333333337,1.3333333333333337,0.0,0.0,3.0,6.033254078124999
seed-12410-pa-0.65-pb-0.20,seed-12410-pa-0.65-pb-0.20:8,bandit,8,2.3181471805599436,2.706962029064175,0.8571428571428572,0.8571428571428572,0.0,0.0,-2.0,6.731591374218749
seed-12410-pa-0.65-pb-0.20,seed-12410-pa-0.65-pb-0.20:9,bandit,9,3.281150136248314,2.97448959612166,1.125,1.125,0.0,0.0,3.0,7.395011805507812
seed-12410-pa-0.65-pb-0.20,seed-12410-pa-0.65-pb-0.20:10,bandit,10,2.9382616875182244,3.2017676189830695,1.3333333333333337,1.3333333333333337,0.0,0.0,3.0,8.02526121523242
seed-12410-pa-0.65-pb-0.20,seed-12410-pa-0.65-pb-0.20:11,bandit,11,3.17974463538566,3.3994773380334307,1.5,1.5,0.0,0.0,3.0,8.623998154470799
seed-12410-pa-0.65-pb-0.20,seed-12410-pa-0.65-pb-0.20:12,bandit,12,2.450939419878843,3.4950659309468617,1.5,1.5,0.0,0.0,-2.0,9.192798246747259
seed-12414-pa-0.65-pb-0.50,seed-12414-pa-0.65-pb-0.50:0,bandit,0,4.203889734292549,1.367647220698613,0.5,0.5,0.0,0.0,0.0,0.0
seed-12414-pa-0.65-pb-0.50,seed-12414-pa-0.65-pb-0.50:1,bandit,1,3.849076984180108,1.5357002752100228,0.5,0.5,0.0,0.0,-2.0,1.0
seed-12414-pa-0.65-pb-0.50,seed-12414-pa-0.65-pb-0.50:2,bandit,2,4.350412651601648,1.695350676995862,0.5,0.5,0.0,0.0,3.0,1.95
seed-12414-pa-0.65-pb-0.50,seed-12414-pa-0.65-pb-0.50:3,bandit,3,4.21393946547494,2.138289001380029,1.0,1.0,0.0,0.0,3.0,2.8525
seed-12414-pa-0.65-pb-0.50,seed-12414-pa-0.65-pb-0.50:4,bandit,4,2.951413277982752,2.4765537841168292,1.3333333333333337,1.3333333333333337,0.0,0.0,3.0,3.709875
seed-12414-pa-0.65-pb-0.50,seed-12414-pa-0.65-pb-0.50:5,bandit,5,3.0681471805599436,2.613434047347963,1.3333333333333337,1.3333333333333337,0.0,0.0,3.0,4.524381249999999
seed-12414-pa-0.65-pb-0.50,seed-12414-pa-0.65-pb-0.50:6,bandit,6,1.7240769841801082,2.7434702974175402,1.3333333333333337,1.3333333333333337,0.0,0.0,-2.0,5.298162187499999
seed-12427-pa-0.35-pb-0.50,seed-12427-pa-0.35-pb-0.50:0,bandit,0,4.203889734292549,1.367647220698613,0.5,0.5,0.0,0.0,0.0,0.0
seed-12427-pa-0.35-pb-0.50,seed-12427-pa-0.35-pb-0.50:1,bandit,1,3.849076984180108,1.5357002752100228,0.5,0.5,0.0,0.0,-2.0,1.0
seed-12427-pa-0.35-pb-0.50,seed-12427-pa-0.35-pb-0.50:2,bandit,2,0.1004126516016477,1.209899939183162,-0.3333333333333332,-0.3333333333333332,0.0,0.0,-2.0,1.95
seed-12429-pa-0.20-pb-0.20,seed-12429-pa-0.20-pb-0.20:0,bandit,0,4.203889734292549,1.367647220698613,0.5,0.5,0.0,0.0,0.0,0.0
seed-12429-pa-0.20-pb-0.20,seed-12429-pa-0.20-pb-0.20:1,bandit,1,3.849076984180108,1.5357002752100228,0.5,0.5,0.0,0.0,-2.0,1.0
seed-12429-pa-0.20-pb-0.20,seed-12429-pa-0.20-pb-0.20:2,bandit,2,0.1004126516016477,1.209899939183162,-0.3333333333333332,-0.3333333333333332,0.0,0.0,-2.0,1.95
seed-12429-pa-0.20-pb-0.20,seed-12429-pa-0.20-pb-0.20:3,bandit,3,-0.5568528194400564,1.3615678208797093,-0.3333333333333332,-0.3333333333333332,0.0,0.0,-2.0,2.8525
seed-12433-pa-0.65-pb-0.35,seed-12433-pa-0.65-pb-0.35:0,bandit,0,4.203889734292549,1.367647220698613,0.5,0.5,0.0,0.0,0.0,0.0
seed-12433-pa-0.65-pb-0.35,seed-12433-pa-0.65-pb-0.35:1,bandit,1,4.42870067827652,2.021151013022723,1.3333333333333337,1.3333333333333337,0.0,0.0,3.0,1.0
seed-12433-pa-0.65-pb-0.35,seed-12433-pa-0.65-pb-0.35:2,bandit,2,3.201413277982752,2.423526783714911,1.75,1.75,0.0,0.0,3.0,1.95
seed-12433-pa-0.65-pb-0.35,seed-12433-pa-0.65-pb-0.35:3,bandit,3,3.42974463538566,2.138289001380029,1.0,1.0,0.0,0.0,-2.0,2.8525
seed-12433-pa-0.65-pb-0.35,seed-12433-pa-0.65-pb-0.35:4,bandit,4,4.186967589003199,2.4765537841168292,1.3333333333333337,1.3333333333333337,0.0,0.0,3.0,3.709875
seed-12433-pa-0.65-pb-0.35,seed-12433-pa-0.65-pb-0.35:5,bandit,5,3.6949361996449746,2.7521342581515915,1.5714285714285716,1.5714285714285716,0.0,0.0,3.0,4.524381249999999
seed-12433-pa-0.65-pb-0.35,seed-12433-pa-0.65-pb-0.35:6,bandit,6,2.767675057605601,2.622107612964365,1.125,1.125,0.0,0.0,-2.0,5.298162187499999
seed-12433-pa-0.65-pb-0.35,seed-12433-pa-0.65-pb-0.35:7,bandit,7,1.951413277982752,2.5433709097751716,0.7777777777777777,0.7777777777777777,0.0,0.0,-2.0,6.033254078124999
seed-12433-pa-0.65-pb-0.35,seed-12433-pa-0.65-pb-0.35:8,bandit,8,0.9061501362483142,2.498911712858732,0.5,0.5,0.0,0.0,-2.0,6.731591374218749
seed-12433-pa-0.65-pb-0.35,seed-12433-pa-0.65-pb-0.35:9,bandit,9,2.0075990353171704,2.6104015427621357,0.5,0.5,0.0,0.0,-2.0,7.395011805507812
seed-12433-pa-0.65-pb-0.35,seed-12433-pa-0.65-pb-0.35:10,bandit,10,4.313261687518224,2.7163168811703695,0.5,0.5,0.0,0.0,3.0,8.02526121523242
seed-12433-pa-0.65-pb-0.35,seed-12433-pa-0.65-pb-0.35:11,bandit,11,4.160224150438086,2.9493321084252906,0.7272727272727271,0.7272727272727271,0.0,0.0,3.0,8.623998154470799
seed-12433-pa-0.65-pb-0.35,seed-12433-pa-0.65-pb-0.35:12,bandit,12,4.112822278771571,3.1552504144779716,0.9166666666666664,0.9166666666666664,0.0,0.0,3.0,9.192798246747259
seed-12433-pa-0.65-pb-0.35,seed-12433-pa-0.65-pb-0.35:13,bandit,13,4.112822278771571,3.339415488863558,1.076923076923077,1.076923076923077,0.0,0.0,3.0,9.733158334409895
seed-12433-pa-0.65-pb-0.35,seed-12433-pa-0.65-pb-0.35:14,bandit,14,3.975206558916746,3.505703546354638,1.2142857142857144,1.2142857142857144,0.0,0.0,3.0,10.2465004176894
seed-12433-pa-0.65-pb-0.35,seed-12433-pa-0.65-pb-0.35:15,bandit,15,2.8037006782765204,3.4628286264805253,1.0,1.0,0.0,0.0,-2.0,10.73417539680493
seed-12433-pa-0.65-pb-0.35,seed-12433-pa-0.65-pb-0.35:16,bandit,16,2.8868710061149017,3.4314597168293623,0.8125,0.8125,0.0,0.0,-2.0,11.197466626964683
seed-12433-pa-0.65-pb-0.35,seed-12433-pa-0.65-pb-0.35:17,bandit,17,5.554882179158078,3.6146507638760803,1.0,1.0,0.0,0.0,3.0,11.63759329561645
seed-12433-pa-0.65-pb-0.35,seed-12433-pa-0.65-pb-0.35:18,bandit,18,3.6325990353171704,3.5756907473551403,0.8125,0.8125,0.0,0.0,-2.0,12.055713630835626
seed-12433-pa-0.65-pb-0.35,seed-12433-pa-0.65-pb-0.35:19,bandit,19,5.392675057605601,3.717403131971143,0.9411764705882356,0.9411764705882356,0.0,0.0,3.0,12.452927949293844
seed-12433-pa-0.65-pb-0.35,seed-12433-pa-0.65-pb-0.35:20,bandit,20,3.849076984180108,3.685632138329125,0.7777777777777777,0.7777777777777777,0.0,0.0,-2.0,12.83028155182915
seed-12433-pa-0.65-pb-0.35,seed-12433-pa-0.65-pb-0.35:21,bandit,21,5.100206558916746,3.8140102294752136,0.8947368421052633,0.8947368421052633,0.0,0.0,3.0,13.188767474237693
seed-12433-pa-0.65-pb-0.35,seed-12433-pa-0.65-pb-0.35:22,bandit,22,4.9449361996449746,3.932562744219698,1.0,1.0,0.0,0.0,3.0,13.529329100525807
seed-12433-pa-0.65-pb-0.35,seed-12433-pa-0.65-pb-0.35:23,bandit,23,4.531150136248314,3.9037134182072575,0.8571428571428572,0.8571428571428572,0.0,0.0,-2.0,13.852862645499515
seed-12433-pa-0.65-pb-0.35,seed-12433-pa-0.65-pb-0.35:24,bandit,24,5.453889734292549,4.012106673982264,0.9545454545454546,0.9545454545454546,0.0,0.0,3.0,14.160219513224538
seed-12433-pa-0.65-pb-0.35,seed-12433-pa-0.65-pb-0.35:25,bandit,25,4.023123264139841,4.061176321406201,0.9545454545454546,0.9545454545454546,0.0,0.0,-2.0,14.45220853756331
seed-12433-pa-0.65-pb-0.35,seed-12433-pa-0.65-pb-0.35:26,bandit,26,3.4431471805599436,4.107792486458941,0.9545454545454546,0.9545454545454546,0.0,0.0,-2.0,14.729598110685144
seed-12433-pa-0.65-pb-0.35,seed-12433-pa-0.65-pb-0.35:27,bandit,27,5.517675057605601,4.2038848389939965,1.0434782608695654,1.0434782608695654,0.0,0.0,3.0,14.993118205150886
seed-12433-pa-0.65-pb-0.35,seed-12433-pa-0.65-pb-0.35:28,bandit,28,5.237822278771571,4.293445674044467,1.125,1.125,0.0,0.0,3.0,15.243462294893341
seed-12433-pa-0.65-pb-0.35,seed-12433-pa-0.65-pb-0.35:29,bandit,29,5.4449361996449746,4.3771037749597035,1.2000000000000002,1.2000000000000002,0.0,0.0,3.0,15.481289180148673
seed-12433-pa-0.65-pb-0.35,seed-12433-pa-0.65-pb-0.35:30,bandit,30,5.4449361996449746,4.4554026863490925,1.2692307692307692,1.2692307692307692,0.0,0.0,3.0,15.70722472114124
seed-12433-pa-0.65-pb-0.35,seed-12433-pa-0.65-pb-0.35:31,bandit,31,5.311967589003199,4.528815750693388,1.3333333333333337,1.3333333333333337,0.0,0.0,3.0,15.921863485084177
seed-12433-pa-0.65-pb-0.35,seed-12433-pa-0.65-pb-0.35:32,bandit,32,5.001929081345374,4.49373281019388,1.2142857142857144,1.2142857142857144,0.0,0.0,-2.0,16.125770310829967
seed-12433-pa-0.65-pb-0.35,seed-12433-pa-0.65-pb-0.35:33,bandit,33,3.8981232641398407,4.461719277339036,1.103448275862069,1.103448275862069,0.0,0.0,-2.0,16.319481795288468
seed-12452-pa-0.65-pb-0.65,seed-12452-pa-0.65-pb-0.65:0,bandit,0,4.203889734292549,1.367647220698613,0.5,0.5,0.0,0.0,0.0,0.0
seed-12452-pa-0.65-pb-0.65,seed-12452-pa-0.65-pb-0.65:1,bandit,1,3.849076984180108,1.5357002752100228,0.5,0.5,0.0,0.0,-2.0,1.0
seed-12452-pa-0.65-pb-0.65,seed-12452-pa-0.65-pb-0.65:2,bandit,2,2.71393946547494,2.180801414808562,1.3333333333333337,1.3333333333333337,0.0,0.0,3.0,1.95
seed-12452-pa-0.65-pb-0.65,seed-12452-pa-0.65-pb-0.65:3,bandit,3,2.5231232641398407,2.575194665411458,1.75,1.75,0.0,0.0,3.0,2.8525
seed-12452-pa-0.65-pb-0.65,seed-12452-pa-0.65-pb-0.65:4,bandit,4,2.3037006782765204,2.8649143743669887,2.0,2.0,0.0,0.0,3.0,3.709875
seed-12452-pa-0.65-pb-0.65,seed-12452-pa-0.65-pb-0.65:5,bandit,5,2.3868710061149017,3.0017946375981226,2.0,2.0,0.0,0.0,3.0,4.524381249999999
seed-12452-pa-0.65-pb-0.65,seed-12452-pa-0.65-pb-0.65:6,bandit,6,2.1931471805599436,3.2289210352302398,2.166666666666667,2.166666666666667,0.0,0.0,3.0,5.298162187499999
seed-12452-pa-0.65-pb-0.65,seed-12452-pa-0.65-pb-0.65:7,bandit,7,1.5759394198788428,3.005704945787267,1.5714285714285716,1.5714285714285716,0.0,0.0,-2.0,6.033254078124999
seed-12454-pa-0.50-pb-0.35,seed-12454-pa-0.50-pb-0.35:0,bandit,0,4.203889734292549,1.367647220698613,0.5,0.5,0.0,0.0,0.0,0.0
seed-12454-pa-0.50-pb-0.35,seed-12454-pa-0.50-pb-0.35:1,bandit,1,3.849076984180108,1.5357002752100228,0.5,0.5,0.0,0.0,-2.0,1.0
seed-12454-pa-0.50-pb-0.35,seed-12454-pa-0.50-pb-0.35:2,bandit,2,0.1004126516016477,1.209899939183162,-0.3333333333333332,-0.3333333333333332,0.0,0.0,-2.0,1.95
seed-12454-pa-0.50-pb-0.35,seed-12454-pa-0.50-pb-0.35:3,bandit,3,2.3181471805599436,1.8470185586924093,0.5,0.5,0.0,0.0,3.0,2.8525
seed-12454-pa-0.50-pb-0.35,seed-12454-pa-0.50-pb-0.35:4,bandit,4,1.5176750576056008,1.6998326036165095,0.0,0.0,0.0,0.0,-2.0,3.709875
seed-12454-pa-0.50-pb-0.35,seed-12454-pa-0.50-pb-0.35:5,bandit,5,0.6269290813453736,1.8367128668476433,0.0,0.0,0.0,0.0,-2.0,4.524381249999999
seed-12454-pa-0.50-pb-0.35,seed-12454-pa-0.50-pb-0.35:6,bandit,6,0.7139394654749402,1.7725688217921403,-0.3333333333333332,-0.3333333333333332,0.0,0.0,-2.0,5.298162187499999
seed-12460-pa-0.35-pb-0.20,seed-12460-pa-0.35-pb-0.20:0,bandit,0,4.203889734292549,1.367647220698613,0.5,0.5,0.0,0.0,0.0,0.0
seed-12460-pa-0.35-pb-0.20,seed-12460-pa-0.35-pb-0.20:1,bandit,1,3.849076984180108,1.5357002752100228,0.5,0.5,0.0,0.0,-2.0,1.0
seed-12460-pa-0.35-pb-0.20,seed-12460-pa-0.35-pb-0.20:2,bandit,2,1.2575990353171704,1.695350676995862,0.5,0.5,0.0,0.0,-2.0,1.95
seed-12463-pa-0.20-pb-0.35,seed-12463-pa-0.20-pb-0.35:0,bandit,0,4.203889734292549,1.367647220698613,0.5,0.5,0.0,0.0,0.0,0.0
seed-12463-pa-0.20-pb-0.35,seed-12463-pa-0.20-pb-0.35:1,bandit,1,3.849076984180108,1.5357002752100228,0.5,0.5,0.0,0.0,-2.0,1.0
seed-12463-pa-0.20-pb-0.35,seed-12463-pa-0.20-pb-0.35:2,bandit,2,1.2575990353171704,1.695350676995862,0.5,0.5,0.0,0.0,-2.0,1.95
seed-12463-pa-0.20-pb-0.35,seed-12463-pa-0.20-pb-0.35:3,bandit,3,0.2731232641398406,1.8470185586924093,0.5,0.5,0.0,0.0,-2.0,2.8525
seed-12463-pa-0.20-pb-0.35,seed-12463-pa-0.20-pb-0.35:4,bandit,4,-0.4768767358601593,1.9911030463041293,0.5,0.5,0.0,0.0,-2.0,3.709875
seed-12465-pa-0.65-pb-0.35,seed-12465-pa-0.65-pb-0.35:0,bandit,0,4.203889734292549,1.367647220698613,0.5,0.5,0.0,0.0,0.0,0.0
seed-12465-pa-0.65-pb-0.35,seed-12465-pa-0.65-pb-0.35:1,bandit,1,4.42870067827652,2.021151013022723,1.3333333333333337,1.3333333333333337,0.0,0.0,3.0,1.0
seed-12465-pa-0.65-pb-0.35,seed-12465-pa-0.65-pb-0.35:2,bandit,2,3.6368710061149017,1.695350676995862,0.5,0.5,0.0,0.0,-2.0,1.95
seed-12465-pa-0.65-pb-0.35,seed-12465-pa-0.65-pb-0.35:3,bandit,3,4.71393946547494,2.138289001380029,1.0,1.0,0.0,0.0,3.0,2.8525
seed-12465-pa-0.65-pb-0.35,seed-12465-pa-0.65-pb-0.35:4,bandit,4,3.8288897342925488,2.4765537841168292,1.3333333333333337,1.3333333333333337,0.0,0.0,3.0,3.709875
seed-12465-pa-0.65-pb-0.35,seed-12465-pa-0.65-pb-0.35:5,bandit,5,3.686967589003199,2.7521342581515915,1.5714285714285716,1.5714285714285716,0.0,0.0,3.0,4.524381249999999
seed-12465-pa-0.65-pb-0.35,seed-12465-pa-0.65-pb-0.35:6,bandit,6,2.92974463538566,2.622107612964365,1.125,1.125,0.0,0.0,-2.0,5.298162187499999
seed-12465-pa-0.65-pb-0.35,seed-12465-pa-0.65-pb-0.35:7,bandit,7,1.951413277982752,2.5433709097751716,0.7777777777777777,0.7777777777777777,0.0,0.0,-2.0,6.033254078124999
seed-12465-pa-0.65-pb-0.35,seed-12465-pa-0.65-pb-0.35:8,bandit,8,3.92358735157374,2.790182155546352,1.0,1.0,0.0,0.0,3.0,6.731591374218749
seed-12465-pa-0.65-pb-0.35,seed-12465-pa-0.65-pb-0.35:9,bandit,9,3.225206558916746,2.742797198529235,0.7272727272727271,0.7272727272727271,0.0,0.0,-2.0,7.395011805507812
seed-12465-pa-0.65-pb-0.35,seed-12465-pa-0.65-pb-0.35:10,bandit,10,4.292999079229087,2.959042250076719,0.9166666666666664,0.9166666666666664,0.0,0.0,3.0,8.02526121523242
seed-12465-pa-0.65-pb-0.35,seed-12465-pa-0.65-pb-0.35:11,bandit,11,3.554882179158078,2.9289635459995833,0.6923076923076925,0.6923076923076925,0.0,0.0,-2.0,8.623998154470799
seed-12465-pa-0.65-pb-0.35,seed-12465-pa-0.65-pb-0.35:12,bandit,12,2.7038897342925488,2.912525045571622,0.5,0.5,0.0,0.0,-2.0,9.192798246747259
seed-12465-pa-0.65-pb-0.35,seed-12465-pa-0.65-pb-0.35:13,bandit,13,4.167999079229087,3.1004243564019207,0.6666666666666665,0.6666666666666665,0.0,0.0,3.0,9.733158334409895
seed-12465-pa-0.65-pb-0.35,seed-12465-pa-0.65-pb-0.35:14,bandit,14,3.79858735157374,3.2716469406235147,0.8125,0.8125,0.0,0.0,3.0,10.2465004176894
seed-12465-pa-0.65-pb-0.35,seed-12465-pa-0.65-pb-0.35:15,bandit,15,4.276300195186874,3.4285615155760993,0.9411764705882356,0.9411764705882356,0.0,0.0,3.0,10.73417539680493
seed-12465-pa-0.65-pb-0.35,seed-12465-pa-0.65-pb-0.35:16,bandit,16,4.151300195186874,3.573049515358066,1.0555555555555554,1.0555555555555554,0.0,0.0,3.0,11.197466626964683
seed-12465-pa-0.65-pb-0.35,seed-12465-pa-0.65-pb-0.35:17,bandit,17,4.276300195186874,3.7066309036721705,1.1578947368421053,1.1578947368421053,0.0,0.0,3.0,11.63759329561645
seed-12465-pa-0.65-pb-0.35,seed-12465-pa-0.65-pb-0.35:18,bandit,18,4.276300195186874,3.8305523847068077,1.25,1.25,0.0,0.0,3.0,12.055713630835626
seed-12475-pa-0.35-pb-0.50,seed-12475-pa-0.35-pb-0.50:0,bandit,0,4.203889734292549,1.367647220698613,0.5,0.5,0.0,0.0,0.0,0.0
seed-12475-pa-0.35-pb-0.50,seed-12475-pa-0.35-pb-0.50:1,bandit,1,3.849076984180108,1.5357002752100228,0.5,0.5,0.0,0.0,-2.0,1.0
seed-12475-pa-0.35-pb-0.50,seed-12475-pa-0.35-pb-0.50:2,bandit,2,0.1004126516016477,1.209899939183162,-0.3333333333333332,-0.3333333333333332,0.0,0.0,-2.0,1.95
seed-12475-pa-0.35-pb-0.50,seed-12475-pa-0.35-pb-0.50:3,bandit,3,0.251928011042974,1.3615678208797093,-0.3333333333333332,-0.3333333333333332,0.0,0.0,-2.0,2.8525
seed-12475-pa-0.35-pb-0.50,seed-12475-pa-0.35-pb-0.50:4,bandit,4,2.201413277982752,1.9911030463041293,0.5,0.5,0.0,0.0,3.0,3.709875
seed-12475-pa-0.35-pb-0.50,seed-12475-pa-0.35-pb-0.50:5,bandit,5,1.4061501362483142,2.127983309535263,0.5,0.5,0.0,0.0,-2.0,4.524381249999999
seed-12475-pa-0.35-pb-0.50,seed-12475-pa-0.35-pb-0.50:6,bandit,6,2.8628222787715707,2.54929000229246,1.0,1.0,0.0,0.0,3.0,5.298162187499999
seed-12475-pa-0.35-pb-0.50,seed-12475-pa-0.35-pb-0.50:7,bandit,7,1.4754126516016477,2.3815539971709385,0.5,0.5,0.0,0.0,-2.0,6.033254078124999
seed-12475-pa-0.35-pb-0.50,seed-12475-pa-0.35-pb-0.50:8,bandit,8,0.7240769841801082,2.2908613966532894,0.1428571428571428,0.1428571428571428,0.0,0.0,-2.0,6.731591374218749
seed-12475-pa-0.35-pb-0.50,seed-12475-pa-0.35-pb-0.50:9,bandit,9,2.4431471805599436,2.402351226556693,0.1428571428571428,0.1428571428571428,0.0,0.0,3.0,7.395011805507812
seed-12475-pa-0.35-pb-0.50,seed-12475-pa-0.35-pb-0.50:10,bandit,10,2.575939419878843,2.5082665649649267,0.1428571428571428,0.1428571428571428,0.0,0.0,3.0,8.02526121523242
seed-12475-pa-0.35-pb-0.50,seed-12475-pa-0.35-pb-0.50:11,bandit,11,2.5118710061149017,2.816936452658191,0.5,0.5,0.0,0.0,3.0,8.623998154470799
seed-12475-pa-0.35-pb-0.50,seed-12475-pa-0.35-pb-0.50:12,bandit,12,2.3132616875182244,2.912525045571622,0.5,0.5,0.0,0.0,-2.0,9.192798246747259
seed-12475-pa-0.35-pb-0.50,seed-12475-pa-0.35-pb-0.50:13,bandit,13,3.2618710061149017,3.165151121443614,0.7777777777777777,0.7777777777777777,0.0,0.0,3.0,9.733158334409895
seed-12475-pa-0.35-pb-0.50,seed-12475-pa-0.35-pb-0.50:14,bandit,14,3.1368710061149017,3.3808733566313722,1.0,1.0,0.0,0.0,3.0,10.2465004176894
seed-12475-pa-0.35-pb-0.50,seed-12475-pa-0.35-pb-0.50:15,bandit,15,2.849076984180108,3.3039538395600045,0.7272727272727271,0.7272727272727271,0.0,0.0,-2.0,10.73417539680493
seed-12475-pa-0.35-pb-0.50,seed-12475-pa-0.35-pb-0.50:16,bandit,16,2.3981232641398407,3.2494156901496,0.5,0.5,0.0,0.0,-2.0,11.197466626964683
seed-12475-pa-0.35-pb-0.50,seed-12475-pa-0.35-pb-0.50:17,bandit,17,2.8132616875182244,3.3233803211884605,0.5,0.5,0.0,0.0,-2.0,11.63759329561645
seed-12475-pa-0.35-pb-0.50,seed-12475-pa-0.35-pb-0.50:18,bandit,18,3.2575990353171704,3.393646720675378,0.5,0.5,0.0,0.0,3.0,12.055713630835626
seed-12475-pa-0.35-pb-0.50,seed-12475-pa-0.35-pb-0.50:19,bandit,19,3.0231232641398407,3.460399800187949,0.5,0.5,0.0,0.0,3.0,12.452927949293844
seed-12475-pa-0.35-pb-0.50,seed-12475-pa-0.35-pb-0.50:20,bandit,20,3.1787006782765204,3.4117881323834993,0.3076923076923075,0.3076923076923075,0.0,0.0,-2.0,12.83028155182915
seed-12475-pa-0.35-pb-0.50,seed-12475-pa-0.35-pb-0.50:21,bandit,21,3.825939419878843,3.584059879984988,0.5,0.5,0.0,0.0,3.0,13.188767474237693
seed-12475-pa-0.35-pb-0.50,seed-12475-pa-0.35-pb-0.50:22,bandit,22,2.8981232641398407,3.5442021539695383,0.3333333333333335,0.3333333333333335,0.0,0.0,-2.0,13.529329100525807
seed-12475-pa-0.35-pb-0.50,seed-12475-pa-0.35-pb-0.50:23,bandit,23,2.9431471805599436,3.5632674462347147,0.2727272727272729,0.2727272727272729,0.0,0.0,-2.0,13.852862645499515
seed-12475-pa-0.35-pb-0.50,seed-12475-pa-0.35-pb-0.50:24,bandit,24,2.6481232641398407,3.614919706680964,0.2727272727272729,0.2727272727272729,0.0,0.0,-2.0,14.160219513224538
seed-12478-pa-0.65-pb-0.50,seed-12478-pa-0.65-pb-0.50:0,bandit,0,4.203889734292549,1.367647220698613,0.5,0.5,0.0,0.0,0.0,0.0
seed-12478-pa-0.65-pb-0.50,seed-12478-pa-0.65-pb-0.50:1,bandit,1,4.42870067827652,2.021151013022723,1.3333333333333337,1.3333333333333337,0.0,0.0,3.0,1.0
seed-12478-pa-0.65-pb-0.50,seed-12478-pa-0.65-pb-0.50:2,bandit,2,3.6368710061149017,1.695350676995862,0.5,0.5,0.0,0.0,-2.0,1.95
seed-12478-pa-0.65-pb-0.50,seed-12478-pa-0.65-pb-0.50:3,bandit,3,4.71393946547494,2.138289001380029,1.0,1.0,0.0,0.0,3.0,2.8525
seed-12478-pa-0.65-pb-0.50,seed-12478-pa-0.65-pb-0.50:4,bandit,4,3.8288897342925488,2.4765537841168292,1.3333333333333337,1.3333333333333337,0.0,0.0,3.0,3.709875
seed-12478-pa-0.65-pb-0.50,seed-12478-pa-0.65-pb-0.50:5,bandit,5,3.686967589003199,2.7521342581515915,1.5714285714285716,1.5714285714285716,0.0,0.0,3.0,4.524381249999999
seed-12478-pa-0.65-pb-0.50,seed-12478-pa-0.65-pb-0.50:6,bandit,6,3.9013001951868738,2.9861956663238893,1.75,1.75,0.0,0.0,3.0,5.298162187499999
seed-12478-pa-0.65-pb-0.50,seed-12478-pa-0.65-pb-0.50:7,bandit,7,3.9130413716877825,3.1906385601921046,1.8888888888888888,1.8888888888888888,0.0,0.0,3.0,6.033254078124999
seed-12478-pa-0.65-pb-0.50,seed-12478-pa-0.65-pb-0.50:8,bandit,8,3.4538897342925488,3.0814525982339718,1.5,1.5,0.0,0.0,-2.0,6.731591374218749
seed-12478-pa-0.65-pb-0.50,seed-12478-pa-0.65-pb-0.50:9,bandit,9,3.9130413716877825,3.272379821597635,1.6363636363636362,1.6363636363636362,0.0,0.0,3.0,7.395011805507812
seed-12478-pa-0.65-pb-0.50,seed-12478-pa-0.65-pb-0.50:10,bandit,10,2.936967589003199,3.2017676189830695,1.3333333333333337,1.3333333333333337,0.0,0.0,-2.0,8.02526121523242
seed-12478-pa-0.65-pb-0.50,seed-12478-pa-0.65-pb-0.50:11,bandit,11,2.33893946547494,3.153017732682368,1.076923076923077,1.076923076923077,0.0,0.0,-2.0,8.623998154470799
seed-12478-pa-0.65-pb-0.50,seed-12478-pa-0.65-pb-0.50:12,bandit,12,4.401300195186874,3.3286256779825076,1.2142857142857144,1.2142857142857144,0.0,0.0,3.0,9.192798246747259
seed-12478-pa-0.65-pb-0.50,seed-12478-pa-0.65-pb-0.50:13,bandit,13,4.273245464372426,3.488784946652081,1.3333333333333337,1.3333333333333337,0.0,0.0,3.0,9.733158334409895
seed-12478-pa-0.65-pb-0.50,seed-12478-pa-0.65-pb-0.50:14,bandit,14,4.145541900901097,3.6357349939830397,1.4375,1.4375,0.0,0.0,3.0,10.2465004176894
seed-12478-pa-0.65-pb-0.50,seed-12478-pa-0.65-pb-0.50:15,bandit,15,4.0380413716877825,3.599897070098228,1.2352941176470589,1.2352941176470589,0.0,0.0,-2.0,10.73417539680493
seed-12478-pa-0.65-pb-0.50,seed-12478-pa-0.65-pb-0.50:16,bandit,16,4.276300195186874,3.7348664279623,1.3333333333333337,1.3333333333333337,0.0,0.0,3.0,11.197466626964683
seed-12478-pa-0.65-pb-0.50,seed-12478-pa-0.65-pb-0.50:17,bandit,17,4.518149927917811,3.859931136665655,1.4210526315789471,1.4210526315789471,0.0,0.0,3.0,11.63759329561645
seed-12478-pa-0.65-pb-0.50,seed-12478-pa-0.65-pb-0.50:18,bandit,18,4.026300195186874,3.8305523847068077,1.25,1.25,0.0,0.0,-2.0,12.055713630835626
seed-12478-pa-0.65-pb-0.50,seed-12478-pa-0.65-pb-0.50:19,bandit,19,4.768149927917811,3.945850538000649,1.3333333333333337,1.3333333333333337,0.0,0.0,3.0,12.452927949293844
seed-12478-pa-0.65-pb-0.50,seed-12478-pa-0.65-pb-0.50:20,bandit,20,4.15475041827262,3.9210021930261916,1.1818181818181817,1.1818181818181817,0.0,0.0,-2.0,12.83028155182915
seed-12478-pa-0.65-pb-0.50,seed-12478-pa-0.65-pb-0.50:21,bandit,21,3.5380413716877825,3.9006581872541393,1.0434782608695654,1.0434782608695654,0.0,0.0,-2.0,13.188767474237693
seed-12478-pa-0.65-pb-0.50,seed-12478-pa-0.65-pb-0.50:22,bandit,22,4.891034256080317,4.005380354891603,1.125,1.125,0.0,0.0,3.0,13.529329100525807
seed-12478-pa-0.65-pb-0.50,seed-12478-pa-0.65-pb-0.50:23,bandit,23,4.523245464372426,4.103441721764482,1.2000000000000002,1.2000000000000002,0.0,0.0,3.0,13.852862645499515
seed-12478-pa-0.65-pb-0.50,seed-12478-pa-0.65-pb-0.50:24,bandit,24,4.391034256080317,4.195423735813633,1.2692307692307692,1.2692307692307692,0.0,0.0,3.0,14.160219513224538
seed-12478-pa-0.65-pb-0.50,seed-12478-pa-0.65-pb-0.50:25,bandit,25,4.273245464372426,4.173957805948545,1.1481481481481484,1.1481481481481484,0.0,0.0,-2.0,14.45220853756331
seed-12478-pa-0.65-pb-0.50,seed-12478-pa-0.65-pb-0.50:26,bandit,26,3.4013001951868738,4.155076649232905,1.0357142857142856,1.0357142857142856,0.0,0.0,-2.0,14.729598110685144
seed-12478-pa-0.65-pb-0.50,seed-12478-pa-0.65-pb-0.50:27,bandit,27,3.5205419009010974,4.13838174093831,0.9310344827586206,0.9310344827586206,0.0,0.0,-2.0,14.993118205150886
seed-12478-pa-0.65-pb-0.50,seed-12478-pa-0.65-pb-0.50:28,bandit,28,3.2705419009010974,4.123537915810022,0.8333333333333335,0.8333333333333335,0.0,0.0,-2.0,15.243462294893341
seed-12478-pa-0.65-pb-0.50,seed-12478-pa-0.65-pb-0.50:29,bandit,29,4.639163456931506,4.204220673493503,0.903225806451613,0.903225806451613,0.0,0.0,3.0,15.481289180148673
seed-12478-pa-0.65-pb-0.50,seed-12478-pa-0.65-pb-0.50:30,bandit,30,4.270541900901097,4.280360353003168,0.96875,0.96875,0.0,0.0,3.0,15.70722472114124
seed-12478-pa-0.65-pb-0.50,seed-12478-pa-0.65-pb-0.50:31,bandit,31,4.389163456931506,4.352288209670588,1.0303030303030305,1.0303030303030305,0.0,0.0,3.0,15.921863485084177
seed-12478-pa-0.65-pb-0.50,seed-12478-pa-0.65-pb-0.50:32,bandit,32,4.764163456931506,4.334635509566188,0.9411764705882356,0.9411764705882356,0.0,0.0,-2.0,16.125770310829967
seed-12478-pa-0.65-pb-0.50,seed-12478-pa-0.65-pb-0.50:33,bandit,33,5.134755911000223,4.401456427127805,1.0,1.0,0.0,0.0,3.0,16.319481795288468
seed-12478-pa-0.65-pb-0.50,seed-12478-pa-0.65-pb-0.50:34,bandit,34,4.139163456931506,4.3838374696708655,0.9166666666666664,0.9166666666666664,0.0,0.0,-2.0,16.503507705524044
seed-12478-pa-0.65-pb-0.50,seed-12478-pa-0.65-pb-0.50:35,bandit,35,5.009755911000223,4.446018005706865,0.9729729729729728,0.9729729729729728,0.0,0.0,3.0,16.67833232024784
seed-12478-pa-0.65-pb-0.50,seed-12478-pa-0.65-pb-0.50:36,bandit,36,5.134755911000223,4.505003197242306,1.026315789473684,1.026315789473684,0.0,0.0,3.0,16.844415704235445
seed-12478-pa-0.65-pb-0.50,seed-12478-pa-0.65-pb-0.50:37,bandit,37,5.1317153484891165,4.560999290263089,1.076923076923077,1.076923076923077,0.0,0.0,3.0,17.002194919023673
seed-12478-pa-0.65-pb-0.50,seed-12478-pa-0.65-pb-0.50:38,bandit,38,5.007606094404334,4.614195578632831,1.125,1.125,0.0,0.0,3.0,17.15208517307249
seed-12478-pa-0.65-pb-0.50,seed-12478-pa-0.65-pb-0.50:39,bandit,39,5.007606094404334,4.664766207185715,1.170731707317073,1.170731707317073,0.0,0.0,3.0,17.294480914418862
seed-12478-pa-0.65-pb-0.50,seed-12478-pa-0.65-pb-0.50:40,bandit,40,5.008614483762177,4.712871734285408,1.2142857142857144,1.2142857142857144,0.0,0.0,3.0,17.42975686869792
seed-12478-pa-0.65-pb-0.50,seed-12478-pa-0.65-pb-0.50:41,bandit,41,4.759755911000223,4.690923179718278,1.13953488372093,1.13953488372093,0.0,0.0,-2.0,17.558269025263023
seed-12478-pa-0.65-pb-0.50,seed-12478-pa-0.65-pb-0.50:42,bandit,42,4.759755911000223,4.73607194705842,1.1818181818181817,1.1818181818181817,0.0,0.0,3.0,17.680355573999872
seed-12478-pa-0.65-pb-0.50,seed-12478-pa-0.65-pb-0.50:43,bandit,43,4.512509570276173,4.7791001190866105,1.2222222222222223,1.2222222222222223,0.0,0.0,3.0,17.796337795299877
seed-12478-pa-0.65-pb-0.50,seed-12478-pa-0.65-pb-0.50:44,bandit,44,4.883614483762177,4.820130384722977,1.2608695652173911,1.2608695652173911,0.0,0.0,3.0,17.906520905534883
seed-12478-pa-0.65-pb-0.50,seed-12478-pa-0.65-pb-0.50:45,bandit,45,5.011047744848593,4.797304357358713,1.1914893617021276,1.1914893617021276,0.0,0.0,-2.0,18.011194860258136
seed-12478-pa-0.65-pb-0.50,seed-12478-pa-0.65-pb-0.50:46,bandit,46,5.384755911000223,4.835964166879388,1.2291666666666663,1.2291666666666663,0.0,0.0,3.0,18.110635117245227
seed-12478-pa-0.65-pb-0.50,seed-12478-pa-0.65-pb-0.50:47,bandit,47,4.887509570276173,4.872892554429473,1.2653061224489797,1.2653061224489797,0.0,0.0,3.0,18.205103361382964
seed-12478-pa-0.65-pb-0.50,seed-12478-pa-0.65-pb-0.50:48,bandit,48,5.133614483762177,4.908185049707737,1.2999999999999998,1.2999999999999998,0.0,0.0,3.0,18.294848193313815
seed-12478-pa-0.65-pb-0.50,seed-12478-pa-0.65-pb-0.50:49,bandit,49,5.132606094404334,4.941930877696208,1.3333333333333337,1.3333333333333337,0.0,0.0,3.0,18.380105783648123
seed-12478-pa-0.65-pb-0.50,seed-12478-pa-0.65-pb-0.50:50,bandit,50,5.132606094404334,4.9742134684719375,1.3653846153846154,1.3653846153846154,0.0,0.0,3.0,18.461100494465715
seed-12478-pa-0.65-pb-0.50,seed-12478-pa-0.65-pb-0.50:51,bandit,51,5.132606094404334,4.9501542286064115,1.30188679245283,1.30188679245283,0.0,0.0,-2.0,18.53804546974243
seed-12478-pa-0.65-pb-0.50,seed-12478-pa-0.65-pb-0.50:52,bandit,52,5.258614483762177,4.980757420591258,1.3333333333333337,1.3333333333333337,0.0,0.0,3.0,18.611143196255306
seed-12478-pa-0.65-pb-0.50,seed-12478-pa-0.65-pb-0.50:53,bandit,53,5.009755911000223,5.0100802561009505,1.3636363636363638,1.3636363636363638,0.0,0.0,3.0,18.680586036442538
seed-12478-pa-0.65-pb-0.50,seed-12478-pa-0.65-pb-0.50:54,bandit,54,5.1317153484891165,5.038189132036619,1.3928571428571428,1.3928571428571428,0.0,0.0,3.0,18.74655673462041
seed-12478-pa-0.65-pb-0.50,seed-12478-pa-0.65-pb-0.50:55,bandit,55,5.5052337981517425,5.065146405470395,1.4210526315789471,1.4210526315789471,0.0,0.0,3.0,18.809228897889387
seed-12478-pa-0.65-pb-0.50,seed-12478-pa-0.65-pb-0.50:56,bandit,56,5.3809286083761165,5.040791644466812,1.3620689655172415,1.3620689655172415,0.0,0.0,-2.0,18.868767452994916
seed-12478-pa-0.65-pb-0.50,seed-12478-pa-0.65-pb-0.50:57,bandit,57,4.3817153484891165,5.017101360882937,1.305084745762712,1.305084745762712,0.0,0.0,-2.0,18.92532908034517
seed-12478-pa-0.65-pb-0.50,seed-12478-pa-0.65-pb-0.50:58,bandit,58,5.504620229018805,5.042587404629057,1.3333333333333337,1.3333333333333337,0.0,0.0,3.0,18.97906262632791
seed-12478-pa-0.65-pb-0.50,seed-12478-pa-0.65-pb-0.50:59,bandit,59,5.5059286083761165,5.067082404467781,1.360655737704918,1.360655737704918,0.0,0.0,3.0,19.030109495011512
seed-12478-pa-0.65-pb-0.50,seed-12478-pa-0.65-pb-0.50:60,bandit,60,5.132606094404334,5.04365593871006,1.306451612903226,1.306451612903226,0.0,0.0,-2.0,19.078604020260936
seed-12478-pa-0.65-pb-0.50,seed-12478-pa-0.65-pb-0.50:61,bandit,61,5.6302337981517425,5.067057810370309,1.3333333333333337,1.3333333333333337,0.0,0.0,3.0,19.12467381924789
seed-12478-pa-0.65-pb-0.50,seed-12478-pa-0.65-pb-0.50:62,bandit,62,6.004078443270572,5.089583207845415,1.359375,1.359375,0.0,0.0,3.0,19.168440128285493
seed-12478-pa-0.65-pb-0.50,seed-12478-pa-0.65-pb-0.50:63,bandit,63,5.629620229018805,5.066463235332453,1.3076923076923077,1.3076923076923077,0.0,0.0,-2.0,19.21001812187122
seed-12478-pa-0.65-pb-0.50,seed-12478-pa-0.65-pb-0.50:64,bandit,64,5.879620229018805,5.088038124492716,1.3333333333333337,1.3333333333333337,0.0,0.0,3.0,19.249517215777658
seed-12478-pa-0.65-pb-0.50,seed-12478-pa-0.65-pb-0.50:65,bandit,65,5.754078443270572,5.108835237505433,1.3582089552238807,1.3582089552238807,0.0,0.0,3.0,19.287041354988773
seed-12478-pa-0.65-pb-0.50,seed-12478-pa-0.65-pb-0.50:66,bandit,66,5.504078443270572,5.128890840360466,1.3823529411764706,1.3823529411764706,0.0,0.0,3.0,19.322689287239335
seed-12478-pa-0.65-pb-0.50,seed-12478-pa-0.65-pb-0.50:67,bandit,67,5.1309286083761165,5.106026121313414,1.3333333333333337,1.3333333333333337,0.0,0.0,-2.0,19.356554822877367
seed-12478-pa-0.65-pb-0.50,seed-12478-pa-0.65-pb-0.50:68,bandit,68,4.8802337981517425,5.083692725523992,1.2857142857142856,1.2857142857142856,0.0,0.0,-2.0,19.3887270817335
seed-12478-pa-0.65-pb-0.50,seed-12478-pa-0.65-pb-0.50:69,bandit,69,4.8802337981517425,5.061870407054337,1.23943661971831,1.23943661971831,0.0,0.0,-2.0,19.419290727646825
seed-12478-pa-0.65-pb-0.50,seed-12478-pa-0.65-pb-0.50:70,bandit,70,4.5067153484891165,5.040540123785443,1.1944444444444446,1.1944444444444446,0.0,0.0,-2.0,19.44832619126448
seed-12478-pa-0.65-pb-0.50,seed-12478-pa-0.65-pb-0.50:71,bandit,71,5.87817772647141,5.059584002449924,1.2191780821917808,1.2191780821917808,0.0,0.0,3.0,19.475909881701256
seed-12478-pa-0.65-pb-0.50,seed-12478-pa-0.65-pb-0.50:72,bandit,72,5.5052337981517425,5.078006689936508,1.2432432432432434,1.2432432432432434,0.0,0.0,3.0,19.502114387616192
seed-12478-pa-0.65-pb-0.50,seed-12478-pa-0.65-pb-0.50:73,bandit,73,5.754078443270572,5.095835351654028,1.2666666666666666,1.2666666666666666,0.0,0.0,3.0,19.527008668235382
seed-12478-pa-0.65-pb-0.50,seed-12478-pa-0.65-pb-0.50:74,bandit,74,5.6309286083761165,5.074770695501448,1.223684210526316,1.223684210526316,0.0,0.0,-2.0,19.55065823482361
seed-12478-pa-0.65-pb-0.50,seed-12478-pa-0.65-pb-0.50:75,bandit,75,5.0052337981517425,5.054157684878538,1.1818181818181817,1.1818181818181817,0.0,0.0,-2.0,19.57312532308243
seed-12478-pa-0.65-pb-0.50,seed-12478-pa-0.65-pb-0.50:76,bandit,76,4.879078443270572,5.033981241716024,1.141025641025641,1.141025641025641,0.0,0.0,-2.0,19.594469056928308
seed-12478-pa-0.65-pb-0.50,seed-12478-pa-0.65-pb-0.50:77,bandit,77,5.87817772647141,5.051096733969329,1.1645569620253164,1.1645569620253164,0.0,0.0,3.0,19.614745604081893
seed-12478-pa-0.65-pb-0.50,seed-12478-pa-0.65-pb-0.50:78,bandit,78,5.3802337981517425,5.031290345188245,1.125,1.125,0.0,0.0,-2.0,19.634008323877797
seed-12478-pa-0.65-pb-0.50,seed-12478-pa-0.65-pb-0.50:79,bandit,79,5.629078443270572,5.047850388860169,1.1481481481481484,1.1481481481481484,0.0,0.0,3.0,19.652307907683905
seed-12478-pa-0.65-pb-0.50,seed-12478-pa-0.65-pb-0.50:80,bandit,80,5.254620229018805,5.028406985626905,1.1097560975609757,1.1097560975609757,0.0,0.0,-2.0,19.669692512299708
seed-12478-pa-0.65-pb-0.50,seed-12478-pa-0.65-pb-0.50:81,bandit,81,5.629078443270572,5.0444492442146345,1.1325301204819276,1.1325301204819276,0.0,0.0,3.0,19.686207886684723
seed-12478-pa-0.65-pb-0.50,seed-12478-pa-0.65-pb-0.50:82,bandit,82,5.753600075082225,5.060036853668775,1.1547619047619049,1.1547619047619049,0.0,0.0,3.0,19.701897492350486
seed-12478-pa-0.65-pb-0.50,seed-12478-pa-0.65-pb-0.50:83,bandit,83,5.752804856903083,5.075187901208094,1.176470588235294,1.176470588235294,0.0,0.0,3.0,19.716802617732963
seed-12478-pa-0.65-pb-0.50,seed-12478-pa-0.65-pb-0.50:84,bandit,84,5.877804856903083,5.089919608580786,1.197674418604651,1.197674418604651,0.0,0.0,3.0,19.730962486846312
seed-12478-pa-0.65-pb-0.50,seed-12478-pa-0.65-pb-0.50:85,bandit,85,6.00317772647141,5.070769017983672,1.160919540229885,1.160919540229885,0.0,0.0,-2.0,19.744414362503996
seed-12478-pa-0.65-pb-0.50,seed-12478-pa-0.65-pb-0.50:86,bandit,86,6.003600075082225,5.08509092851118,1.1818181818181817,1.1818181818181817,0.0,0.0,3.0,19.757193644378795
seed-12478-pa-0.65-pb-0.50,seed-12478-pa-0.65-pb-0.50:87,bandit,87,6.003600075082225,5.099031879099687,1.202247191011236,1.202247191011236,0.0,0.0,3.0,19.769333962159855
seed-12478-pa-0.65-pb-0.50,seed-12478-pa-0.65-pb-0.50:88,bandit,88,5.878600075082225,5.112606358078287,1.2222222222222223,1.2222222222222223,0.0,0.0,3.0,19.78086726405186
seed-12478-pa-0.65-pb-0.50,seed-12478-pa-0.65-pb-0.50:89,bandit,89,5.754078443270572,5.125828184476483,1.2417582417582418,1.2417582417582418,0.0,0.0,3.0,19.791823900849266
seed-12478-pa-0.65-pb-0.50,seed-12478-pa-0.65-pb-0.50:90,bandit,90,5.629620229018805,5.107050712505082,1.2065217391304346,1.2065217391304346,0.0,0.0,-2.0,19.8022327058068
seed-12478-pa-0.65-pb-0.50,seed-12478-pa-0.65-pb-0.50:91,bandit,91,5.8802337981517425,5.119946615882406,1.225806451612903,1.225806451612903,0.0,0.0,3.0,19.81212107051646
seed-12478-pa-0.65-pb-0.50,seed-12478-pa-0.65-pb-0.50:92,bandit,92,6.004620229018805,5.132520406648378,1.24468085106383,1.24468085106383,0.0,0.0,3.0,19.821515016990638
seed-12478-pa-0.65-pb-0.50,seed-12478-pa-0.65-pb-0.50:93,bandit,93,6.002804856903083,5.144783787357728,1.263157894736842,1.263157894736842,0.0,0.0,3.0,19.830439266141106
seed-12478-pa-0.65-pb-0.50,seed-12478-pa-0.65-pb-0.50:94,bandit,94,6.002804856903083,5.156747938338539,1.28125,1.28125,0.0,0.0,3.0,19.838917302834048
seed-12478-pa-0.65-pb-0.50,seed-12478-pa-0.65-pb-0.50:95,bandit,95,5.629620229018805,5.138395663600474,1.2474226804123711,1.2474226804123711,0.0,0.0,-2.0,19.846971437692346
seed-12478-pa-0.65-pb-0.50,seed-12478-pa-0.65-pb-0.50:96,bandit,96,5.254078443270572,5.120377871880566,1.2142857142857144,1.2142857142857144,0.0,0.0,-2.0,19.854622865807727
seed-12478-pa-0.65-pb-0.50,seed-12478-pa-0.65-pb-0.50:97,bandit,97,5.003600075082225,5.102685760343837,1.1818181818181817,1.1818181818181817,0.0,0.0,-2.0,19.86189172251734
seed-12478-pa-0.65-pb-0.50,seed-12478-pa-0.65-pb-0.50:98,bandit,98,5.878600075082225,5.114437888699419,1.2000000000000002,1.2000000000000002,0.0,0.0,3.0,19.86879713639147
seed-12478-pa-0.65-pb-0.50,seed-12478-pa-0.65-pb-0.50:99,bandit,99,6.004078443270572,5.125922257567985,1.217821782178218,1.217821782178218,0.0,0.0,3.0,19.875357279571897
seed-12485-pa-0.50-pb-0.20,seed-12485-pa-0.50-pb-0.20:0,bandit,0,4.203889734292549,1.367647220698613,0.5,0.5,0.0,0.0,0.0,0.0
seed-12485-pa-0.50-pb-0.20,seed-12485-pa-0.50-pb-0.20:1,bandit,1,3.849076984180108,1.5357002752100228,0.5,0.5,0.0,0.0,-2.0,1.0
seed-12485-pa-0.50-pb-0.20,seed-12485-pa-0.50-pb-0.20:2,bandit,2,0.1004126516016477,1.209899939183162,-0.3333333333333332,-0.3333333333333332,0.0,0.0,-2.0,1.95
seed-12496-pa-0.20-pb-0.50,seed-12496-pa-0.20-pb-0.50:0,bandit,0,4.203889734292549,1.367647220698613,0.5,0.5,0.0,0.0,0.0,0.0
seed-12496-pa-0.20-pb-0.50,seed-12496-pa-0.20-pb-0.50:1,bandit,1,3.849076984180108,1.5357002752100228,0.5,0.5,0.0,0.0,-2.0,1.0
seed-12496-pa-0.20-pb-0.50,seed-12496-pa-0.20-pb-0.50:2,bandit,2,2.71393946547494,2.180801414808562,1.3333333333333337,1.3333333333333337,0.0,0.0,3.0,1.95
seed-12496-pa-0.20-pb-0.50,seed-12496-pa-0.20-pb-0.50:3,bandit,3,2.825939419878843,2.332469296505109,1.3333333333333337,1.3333333333333337,0.0,0.0,3.0,2.8525
seed-12496-pa-0.20-pb-0.50,seed-12496-pa-0.20-pb-0.50:4,bandit,4,1.6882616875182244,2.4765537841168292,1.3333333333333337,1.3333333333333337,0.0,0.0,-2.0,3.709875
seed-12496-pa-0.20-pb-0.50,seed-12496-pa-0.20-pb-0.50:5,bandit,5,4.054882179158078,2.8561594162543122,1.75,1.75,0.0,0.0,3.0,4.524381249999999
seed-12496-pa-0.20-pb-0.50,seed-12496-pa-0.20-pb-0.50:6,bandit,6,3.2852241504380864,2.9861956663238893,1.75,1.75,0.0,0.0,3.0,5.298162187499999
seed-12496-pa-0.20-pb-0.50,seed-12496-pa-0.20-pb-0.50:7,bandit,7,2.6269290813453736,3.255365325233798,2.0,2.0,0.0,0.0,3.0,6.033254078124999
seed-12496-pa-0.20-pb-0.50,seed-12496-pa-0.20-pb-0.50:8,bandit,8,1.8484445810050545,3.3727230409215916,2.0,2.0,0.0,0.0,-2.0,6.731591374218749
seed-12496-pa-0.20-pb-0.50,seed-12496-pa-0.20-pb-0.50:9,bandit,9,1.5311501362483142,3.0958522805748356,1.3333333333333337,1.3333333333333337,0.0,0.0,-2.0,7.395011805507812
seed-12496-pa-0.20-pb-0.50,seed-12496-pa-0.20-pb-0.50:10,bandit,10,1.5984445810050545,3.2017676189830695,1.3333333333333337,1.3333333333333337,0.0,0.0,-2.0,8.02526121523242
seed-12496-pa-0.20-pb-0.50,seed-12496-pa-0.20-pb-0.50:11,bandit,11,1.5984445810050545,3.302387190470891,1.3333333333333337,1.3333333333333337,0.0,0.0,-2.0,8.623998154470799
seed-12496-pa-0.20-pb-0.50,seed-12496-pa-0.20-pb-0.50:12,bandit,12,1.7240769841801082,3.120575361777065,0.8571428571428572,0.8571428571428572,0.0,0.0,-2.0,9.192798246747259
seed-12496-pa-0.20-pb-0.50,seed-12496-pa-0.20-pb-0.50:13,bandit,13,3.8769290813453736,3.3674222621989056,1.125,1.125,0.0,0.0,3.0,9.733158334409895
seed-12496-pa-0.20-pb-0.50,seed-12496-pa-0.20-pb-0.50:14,bandit,14,3.281150136248314,3.453690967303277,1.125,1.125,0.0,0.0,-2.0,10.2465004176894
seed-12496-pa-0.20-pb-0.50,seed-12496-pa-0.20-pb-0.50:15,bandit,15,2.8981232641398407,3.3333750963971385,0.7777777777777777,0.7777777777777777,0.0,0.0,-2.0,10.73417539680493
seed-12496-pa-0.20-pb-0.50,seed-12496-pa-0.20-pb-0.50:16,bandit,16,2.8825990353171704,3.2494156901496,0.5,0.5,0.0,0.0,-2.0,11.197466626964683
seed-12496-pa-0.20-pb-0.50,seed-12496-pa-0.20-pb-0.50:17,bandit,17,3.3868710061149017,3.3233803211884605,0.5,0.5,0.0,0.0,-2.0,11.63759329561645
seed-12496-pa-0.20-pb-0.50,seed-12496-pa-0.20-pb-0.50:18,bandit,18,4.100412651601648,3.5260423764424775,0.7272727272727271,0.7272727272727271,0.0,0.0,3.0,12.055713630835626
seed-12496-pa-0.20-pb-0.50,seed-12496-pa-0.20-pb-0.50:19,bandit,19,3.575939419878843,3.5927954559550486,0.7272727272727271,0.7272727272727271,0.0,0.0,3.0,12.452927949293844
seed-12496-pa-0.20-pb-0.50,seed-12496-pa-0.20-pb-0.50:20,bandit,20,4.261871006114902,3.6562108814919916,0.7272727272727271,0.7272727272727271,0.0,0.0,-2.0,12.83028155182915
seed-12496-pa-0.20-pb-0.50,seed-12496-pa-0.20-pb-0.50:21,bandit,21,4.392675057605601,3.826785248891337,0.9166666666666664,0.9166666666666664,0.0,0.0,3.0,13.188767474237693
seed-12496-pa-0.20-pb-0.50,seed-12496-pa-0.20-pb-0.50:22,bandit,22,4.031150136248314,3.884017670438428,0.9166666666666664,0.9166666666666664,0.0,0.0,-2.0,13.529329100525807
seed-12496-pa-0.20-pb-0.50,seed-12496-pa-0.20-pb-0.50:23,bandit,23,3.3825990353171704,3.807690195343207,0.6923076923076925,0.6923076923076925,0.0,0.0,-2.0,13.852862645499515
seed-12496-pa-0.20-pb-0.50,seed-12496-pa-0.20-pb-0.50:24,bandit,24,3.450939419878843,3.747315362448064,0.5,0.5,0.0,0.0,-2.0,14.160219513224538
seed-12496-pa-0.20-pb-0.50,seed-12496-pa-0.20-pb-0.50:25,bandit,25,4.642675057605601,3.8934751574345405,0.6666666666666665,0.6666666666666665,0.0,0.0,3.0,14.45220853756331
seed-12496-pa-0.20-pb-0.50,seed-12496-pa-0.20-pb-0.50:26,bandit,26,4.350412651601648,3.940091322487281,0.6666666666666665,0.6666666666666665,0.0,0.0,-2.0,14.729598110685144
seed-12496-pa-0.20-pb-0.50,seed-12496-pa-0.20-pb-0.50:27,bandit,27,4.642675057605601,4.069330558404607,0.8125,0.8125,0.0,0.0,3.0,14.993118205150886
seed-12496-pa-0.20-pb-0.50,seed-12496-pa-0.20-pb-0.50:28,bandit,28,3.938261687518224,4.111401647364705,0.8125,0.8125,0.0,0.0,3.0,15.243462294893341
seed-12496-pa-0.20-pb-0.50,seed-12496-pa-0.20-pb-0.50:29,bandit,29,5.100412651601648,4.151369181876798,0.8125,0.8125,0.0,0.0,-2.0,15.481289180148673
seed-12496-pa-0.20-pb-0.50,seed-12496-pa-0.20-pb-0.50:30,bandit,30,5.328889734292549,4.264297644766718,0.9411764705882356,0.9411764705882356,0.0,0.0,3.0,15.70722472114124
seed-12496-pa-0.20-pb-0.50,seed-12496-pa-0.20-pb-0.50:31,bandit,31,4.406150136248314,4.300368344663882,0.9411764705882356,0.9411764705882356,0.0,0.0,3.0,15.921863485084177
seed-12496-pa-0.20-pb-0.50,seed-12496-pa-0.20-pb-0.50:32,bandit,32,5.17974463538566,4.334635509566188,0.9411764705882356,0.9411764705882356,0.0,0.0,-2.0,16.125770310829967
seed-12496-pa-0.20-pb-0.50,seed-12496-pa-0.20-pb-0.50:33,bandit,33,4.313261687518224,4.272002897044418,0.7777777777777777,0.7777777777777777,0.0,0.0,-2.0,16.319481795288468
seed-12496-pa-0.20-pb-0.50,seed-12496-pa-0.20-pb-0.50:34,bandit,34,4.406150136248314,4.302929013368749,0.7777777777777777,0.7777777777777777,0.0,0.0,-2.0,16.503507705524044
seed-12496-pa-0.20-pb-0.50,seed-12496-pa-0.20-pb-0.50:35,bandit,35,5.17974463538566,4.332308823876863,0.7777777777777777,0.7777777777777777,0.0,0.0,3.0,16.67833232024784
seed-12496-pa-0.20-pb-0.50,seed-12496-pa-0.20-pb-0.50:36,bandit,36,4.987822278771571,4.360219643859571,0.7777777777777777,0.7777777777777777,0.0,0.0,-2.0,16.844415704235445
seed-12496-pa-0.20-pb-0.50,seed-12496-pa-0.20-pb-0.50:37,bandit,37,5.203889734292549,4.454868359729138,0.8947368421052633,0.8947368421052633,0.0,0.0,3.0,17.002194919023673
seed-12496-pa-0.20-pb-0.50,seed-12496-pa-0.20-pb-0.50:38,bandit,38,5.285224150438086,4.480057874763533,0.8947368421052633,0.8947368421052633,0.0,0.0,-2.0,17.15208517307249
seed-12496-pa-0.20-pb-0.50,seed-12496-pa-0.20-pb-0.50:39,bandit,39,4.7234445810050545,4.419672785899792,0.75,0.75,0.0,0.0,-2.0,17.294480914418862
seed-12496-pa-0.20-pb-0.50,seed-12496-pa-0.20-pb-0.50:40,bandit,40,4.511871006114902,4.366121207276336,0.6190476190476191,0.6190476190476191,0.0,0.0,-2.0,17.42975686869792
seed-12496-pa-0.20-pb-0.50,seed-12496-pa-0.20-pb-0.50:41,bandit,41,5.6949361996449746,4.4507636180942365,0.7272727272727271,0.7272727272727271,0.0,0.0,3.0,17.558269025263023
seed-12496-pa-0.20-pb-0.50,seed-12496-pa-0.20-pb-0.50:42,bandit,42,5.660224150438086,4.47128063552422,0.7272727272727271,0.7272727272727271,0.0,0.0,-2.0,17.680355573999872
seed-12496-pa-0.20-pb-0.50,seed-12496-pa-0.20-pb-0.50:43,bandit,43,5.686967589003199,4.548335130677096,0.8260869565217392,0.8260869565217392,0.0,0.0,3.0,17.796337795299877
seed-12496-pa-0.20-pb-0.50,seed-12496-pa-0.20-pb-0.50:44,bandit,44,5.767675057605601,4.566851738907656,0.8260869565217392,0.8260869565217392,0.0,0.0,-2.0,17.906520905534883
seed-12496-pa-0.20-pb-0.50,seed-12496-pa-0.20-pb-0.50:45,bandit,45,5.313261687518224,4.515846216818371,0.7083333333333335,0.7083333333333335,0.0,0.0,-2.0,18.011194860258136
seed-12496-pa-0.20-pb-0.50,seed-12496-pa-0.20-pb-0.50:46,bandit,46,5.703889734292549,4.585957036905849,0.7999999999999998,0.7999999999999998,0.0,0.0,3.0,18.110635117245227
seed-12496-pa-0.20-pb-0.50,seed-12496-pa-0.20-pb-0.50:47,bandit,47,5.142675057605601,4.601832713887525,0.7999999999999998,0.7999999999999998,0.0,0.0,3.0,18.205103361382964
seed-12496-pa-0.20-pb-0.50,seed-12496-pa-0.20-pb-0.50:48,bandit,48,5.876929081345374,4.616914607020117,0.7999999999999998,0.7999999999999998,0.0,0.0,-2.0,18.294848193313815
seed-12496-pa-0.20-pb-0.50,seed-12496-pa-0.20-pb-0.50:49,bandit,49,5.79858735157374,4.680534326566292,0.8846153846153846,0.8846153846153846,0.0,0.0,3.0,18.380105783648123
seed-12496-pa-0.20-pb-0.50,seed-12496-pa-0.20-pb-0.50:50,bandit,50,5.876928011042974,4.6941457351184575,0.8846153846153846,0.8846153846153846,0.0,0.0,-2.0,18.461100494465715
seed-12496-pa-0.20-pb-0.50,seed-12496-pa-0.20-pb-0.50:51,bandit,51,5.679882179158078,4.752717240900618,0.9629629629629628,0.9629629629629628,0.0,0.0,3.0,18.53804546974243
seed-12496-pa-0.20-pb-0.50,seed-12496-pa-0.20-pb-0.50:52,bandit,52,5.33893946547494,4.7650015371189465,0.9629629629629628,0.9629629629629628,0.0,0.0,3.0,18.611143196255306
seed-12496-pa-0.20-pb-0.50,seed-12496-pa-0.20-pb-0.50:53,bandit,53,6.100412651601648,4.776671618526359,0.9629629629629628,0.9629629629629628,0.0,0.0,-2.0,18.680586036442538
seed-12496-pa-0.20-pb-0.50,seed-12496-pa-0.20-pb-0.50:54,bandit,54,5.261871006114902,4.726113657728455,0.8571428571428572,0.8571428571428572,0.0,0.0,-2.0,18.74655673462041
seed-12496-pa-0.20-pb-0.50,seed-12496-pa-0.20-pb-0.50:55,bandit,55,5.7234445810050545,4.736645906198644,0.8571428571428572,0.8571428571428572,0.0,0.0,-2.0,18.809228897889387
seed-12496-pa-0.20-pb-0.50,seed-12496-pa-0.20-pb-0.50:56,bandit,56,6.237822278771571,4.789696435253346,0.9310344827586206,0.9310344827586206,0.0,0.0,3.0,18.868767452994916
seed-12496-pa-0.20-pb-0.50,seed-12496-pa-0.20-pb-0.50:57,bandit,57,5.501929081345374,4.839377022971847,1.0,1.0,0.0,0.0,3.0,18.92532908034517
seed-12496-pa-0.20-pb-0.50,seed-12496-pa-0.20-pb-0.50:58,bandit,58,5.410224150438086,4.848407109503976,1.0,1.0,0.0,0.0,3.0,18.97906262632791
seed-12496-pa-0.20-pb-0.50,seed-12496-pa-0.20-pb-0.50:59,bandit,59,6.225412651601648,4.8569856917094985,1.0,1.0,0.0,0.0,-2.0,19.030109495011512
seed-12496-pa-0.20-pb-0.50,seed-12496-pa-0.20-pb-0.50:60,bandit,60,5.701413277982752,4.865135344804745,1.0,1.0,0.0,0.0,-2.0,19.078604020260936
seed-12496-pa-0.20-pb-0.50,seed-12496-pa-0.20-pb-0.50:61,bandit,61,6.100206558916746,4.910460798172664,1.064516129032258,1.064516129032258,0.0,0.0,3.0,19.12467381924789
seed-12496-pa-0.20-pb-0.50,seed-12496-pa-0.20-pb-0.50:62,bandit,62,6.251928011042974,4.917815860091123,1.064516129032258,1.064516129032258,0.0,0.0,-2.0,19.168440128285493
seed-12496-pa-0.20-pb-0.50,seed-12496-pa-0.20-pb-0.50:63,bandit,63,6.0699361996449746,4.96003749665813,1.125,1.125,0.0,0.0,3.0,19.21001812187122
seed-12496-pa-0.20-pb-0.50,seed-12496-pa-0.20-pb-0.50:64,bandit,64,6.126928011042974,4.96667544003954,1.125,1.125,0.0,0.0,-2.0,19.249517215777658
seed-12496-pa-0.20-pb-0.50,seed-12496-pa-0.20-pb-0.50:65,bandit,65,6.186967589003199,5.006080400193655,1.1818181818181817,1.1818181818181817,0.0,0.0,3.0,19.287041354988773
seed-12496-pa-0.20-pb-0.50,seed-12496-pa-0.20-pb-0.50:66,bandit,66,6.001928011042974,5.012071144095377,1.1818181818181817,1.1818181818181817,0.0,0.0,-2.0,19.322689287239335
seed-12496-pa-0.20-pb-0.50,seed-12496-pa-0.20-pb-0.50:67,bandit,67,5.563261687518224,4.963246492544973,1.0882352941176472,1.0882352941176472,0.0,0.0,-2.0,19.356554822877367
seed-12496-pa-0.20-pb-0.50,seed-12496-pa-0.20-pb-0.50:68,bandit,68,5.511871006114902,4.968653138916277,1.0882352941176472,1.0882352941176472,0.0,0.0,-2.0,19.3887270817335
seed-12496-pa-0.20-pb-0.50,seed-12496-pa-0.20-pb-0.50:69,bandit,69,5.376929081345374,4.9223887866123786,1.0,1.0,0.0,0.0,-2.0,19.419290727646825
seed-12496-pa-0.20-pb-0.50,seed-12496-pa-0.20-pb-0.50:70,bandit,70,6.001929081345374,4.959631667483326,1.0555555555555554,1.0555555555555554,0.0,0.0,3.0,19.44832619126448
seed-12496-pa-0.20-pb-0.50,seed-12496-pa-0.20-pb-0.50:71,bandit,71,6.410224150438086,4.9642671909159235,1.0555555555555554,1.0555555555555554,0.0,0.0,-2.0,19.475909881701256
seed-12496-pa-0.20-pb-0.50,seed-12496-pa-0.20-pb-0.50:72,bandit,72,5.501929081345374,4.968670938176891,1.0555555555555554,1.0555555555555554,0.0,0.0,-2.0,19.502114387616192
seed-12496-pa-0.20-pb-0.50,seed-12496-pa-0.20-pb-0.50:73,bandit,73,5.688261687518224,4.9247467673005785,0.9729729729729728,0.9729729729729728,0.0,0.0,-2.0,19.527008668235382
seed-12496-pa-0.20-pb-0.50,seed-12496-pa-0.20-pb-0.50:74,bandit,74,6.142675057605601,4.959795520756336,1.026315789473684,1.026315789473684,0.0,0.0,3.0,19.55065823482361
seed-12496-pa-0.20-pb-0.50,seed-12496-pa-0.20-pb-0.50:75,bandit,75,6.350412651601648,4.963571183564207,1.026315789473684,1.026315789473684,0.0,0.0,-2.0,19.57312532308243
seed-12496-pa-0.20-pb-0.50,seed-12496-pa-0.20-pb-0.50:76,bandit,76,5.80370067827652,4.921954148374632,0.9487179487179488,0.9487179487179488,0.0,0.0,-2.0,19.594469056928308
seed-12496-pa-0.20-pb-0.50,seed-12496-pa-0.20-pb-0.50:77,bandit,77,5.261871006114902,4.882417964944536,0.875,0.875,0.0,0.0,-2.0,19.614745604081893
seed-12496-pa-0.20-pb-0.50,seed-12496-pa-0.20-pb-0.50:78,bandit,78,5.876928011042974,4.915847791684006,0.9268292682926828,0.9268292682926828,0.0,0.0,3.0,19.634008323877797
seed-12496-pa-0.20-pb-0.50,seed-12496-pa-0.20-pb-0.50:79,bandit,79,6.031150136248314,4.918923092638909,0.9268292682926828,0.9268292682926828,0.0,0.0,-2.0,19.652307907683905
seed-12496-pa-0.20-pb-0.50,seed-12496-pa-0.20-pb-0.50:80,bandit,80,5.600206558916746,4.921844628546069,0.9268292682926828,0.9268292682926828,0.0,0.0,3.0,19.669692512299708
seed-12496-pa-0.20-pb-0.50,seed-12496-pa-0.20-pb-0.50:81,bandit,81,6.035224150438086,4.924620087657869,0.9268292682926828,0.9268292682926828,0.0,0.0,-2.0,19.686207886684723
seed-12496-pa-0.20-pb-0.50,seed-12496-pa-0.20-pb-0.50:82,bandit,82,6.04858735157374,4.956011695566053,0.9761904761904764,0.9761904761904764,0.0,0.0,3.0,19.701897492350486
seed-12496-pa-0.20-pb-0.50,seed-12496-pa-0.20-pb-0.50:83,bandit,83,6.001928011042974,4.958516547414454,0.9761904761904764,0.9761904761904764,0.0,0.0,-2.0,19.716802617732963
seed-12496-pa-0.20-pb-0.50,seed-12496-pa-0.20-pb-0.50:84,bandit,84,5.7880413716877825,4.988313640201383,1.0232558139534884,1.0232558139534884,0.0,0.0,3.0,19.730962486846312
seed-12496-pa-0.20-pb-0.50,seed-12496-pa-0.20-pb-0.50:85,bandit,85,5.92974463538566,4.990574268994565,1.0232558139534884,1.0232558139534884,0.0,0.0,-2.0,19.744414362503996
seed-12496-pa-0.20-pb-0.50,seed-12496-pa-0.20-pb-0.50:86,bandit,86,5.563261687518224,4.95269527274408,0.9545454545454546,0.9545454545454546,0.0,0.0,-2.0,19.757193644378795
seed-12496-pa-0.20-pb-0.50,seed-12496-pa-0.20-pb-0.50:87,bandit,87,5.600412651601648,4.916487856341654,0.8888888888888888,0.8888888888888888,0.0,0.0,-2.0,19.769333962159855
seed-12496-pa-0.20-pb-0.50,seed-12496-pa-0.20-pb-0.50:88,bandit,88,5.100412651601648,4.881841369668772,0.8260869565217392,0.8260869565217392,0.0,0.0,-2.0,19.78086726405186
seed-12496-pa-0.20-pb-0.50,seed-12496-pa-0.20-pb-0.50:89,bandit,89,4.92974463538566,4.8486547681242245,0.7659574468085109,0.7659574468085109,0.0,0.0,-2.0,19.791823900849266
seed-12496-pa-0.20-pb-0.50,seed-12496-pa-0.20-pb-0.50:90,bandit,90,5.767675057605601,4.877516939734946,0.8125,0.8125,0.0,0.0,3.0,19.8022327058068
seed-12496-pa-0.20-pb-0.50,seed-12496-pa-0.20-pb-0.50:91,bandit,91,6.063261687518224,4.879178709628527,0.8125,0.8125,0.0,0.0,-2.0,19.81212107051646
seed-12496-pa-0.20-pb-0.50,seed-12496-pa-0.20-pb-0.50:92,bandit,92,5.811967589003199,4.9067636805531105,0.8571428571428572,0.8571428571428572,0.0,0.0,3.0,19.821515016990638
seed-12496-pa-0.20-pb-0.50,seed-12496-pa-0.20-pb-0.50:93,bandit,93,6.017675057605601,4.908263427882067,0.8571428571428572,0.8571428571428572,0.0,0.0,-2.0,19.830439266141106
seed-12496-pa-0.20-pb-0.50,seed-12496-pa-0.20-pb-0.50:94,bandit,94,5.9130413716877825,4.934654225789229,0.8999999999999999,0.8999999999999999,0.0,0.0,3.0,19.838917302834048
seed-12496-pa-0.20-pb-0.50,seed-12496-pa-0.20-pb-0.50:95,bandit,95,5.892675057605601,4.936007747753612,0.8999999999999999,0.8999999999999999,0.0,0.0,-2.0,19.846971437692346
seed-12496-pa-0.20-pb-0.50,seed-12496-pa-0.20-pb-0.50:96,bandit,96,5.65864569998304,4.961280571252875,0.9411764705882356,0.9411764705882356,0.0,0.0,3.0,19.854622865807727
seed-12496-pa-0.20-pb-0.50,seed-12496-pa-0.20-pb-0.50:97,bandit,97,5.767675057605601,4.962502124825731,0.9411764705882356,0.9411764705882356,0.0,0.0,-2.0,19.86189172251734
seed-12496-pa-0.20-pb-0.50,seed-12496-pa-0.20-pb-0.50:98,bandit,98,5.53364569998304,4.98672700229023,0.9807692307692308,0.9807692307692308,0.0,0.0,3.0,19.86879713639147
seed-12496-pa-0.20-pb-0.50,seed-12496-pa-0.20-pb-0.50:99,bandit,99,5.417999079229087,4.9878294543897335,0.9807692307692308,0.9807692307692308,0.0,0.0,3.0,19.875357279571897
seed-12503-pa-0.50-pb-0.65,seed-12503-pa-0.50-pb-0.65:0,bandit,0,4.203889734292549,1.367647220698613,0.5,0.5,0.0,0.0,0.0,0.0
seed-12503-pa-0.50-pb-0.65,seed-12503-pa-0.50-pb-0.65:1,bandit,1,3.4287006782765204,2.021151013022723,1.3333333333333337,1.3333333333333337,0.0,0.0,3.0,1.0
seed-12503-pa-0.50-pb-0.65,seed-12503-pa-0.50-pb-0.65:2,bandit,2,2.0019290813453736,2.423526783714911,1.75,1.75,0.0,0.0,3.0,1.95
seed-12508-pa-0.35-pb-0.20,seed-12508-pa-0.35-pb-0.20:0,bandit,0,4.203889734292549,1.367647220698613,0.5,0.5,0.0,0.0,0.0,0.0
seed-12508-pa-0.35-pb-0.20,seed-12508-pa-0.35-pb-0.20:1,bandit,1,3.849076984180108,1.5357002752100228,0.5,0.5,0.0,0.0,-2.0,1.0
seed-12508-pa-0.35-pb-0.20,seed-12508-pa-0.35-pb-0.20:2,bandit,2,4.350412651601648,1.695350676995862,0.5,0.5,0.0,0.0,3.0,1.95
seed-12508-pa-0.35-pb-0.20,seed-12508-pa-0.35-pb-0.20:3,bandit,3,2.1787006782765204,1.8470185586924093,0.5,0.5,0.0,0.0,-2.0,2.8525
seed-12508-pa-0.35-pb-0.20,seed-12508-pa-0.35-pb-0.20:4,bandit,4,1.7254126516016477,1.6998326036165095,0.0,0.0,0.0,0.0,-2.0,3.709875
seed-12508-pa-0.35-pb-0.20,seed-12508-pa-0.35-pb-0.20:5,bandit,5,0.9509394198788428,1.8367128668476433,0.0,0.0,0.0,0.0,-2.0,4.524381249999999
seed-12508-pa-0.35-pb-0.20,seed-12508-pa-0.35-pb-0.20:6,bandit,6,0.67974463538566,1.7725688217921403,-0.3333333333333332,-0.3333333333333332,0.0,0.0,-2.0,5.298162187499999
seed-12508-pa-0.35-pb-0.20,seed-12508-pa-0.35-pb-0.20:7,bandit,7,1.8132616875182244,2.0902835544833187,0.0,0.0,0.0,0.0,3.0,6.033254078124999
seed-12508-pa-0.35-pb-0.20,seed-12508-pa-0.35-pb-0.20:8,bandit,8,2.099076984180108,2.2908613966532894,0.1428571428571428,0.1428571428571428,0.0,0.0,3.0,6.731591374218749
seed-12512-pa-0.20-pb-0.50,seed-12512-pa-0.20-pb-0.50:0,bandit,0,4.203889734292549,1.367647220698613,0.5,0.5,0.0,0.0,0.0,0.0
seed-12512-pa-0.20-pb-0.50,seed-12512-pa-0.20-pb-0.50:1,bandit,1,3.849076984180108,1.5357002752100228,0.5,0.5,0.0,0.0,-2.0,1.0
seed-12516-pa-0.65-pb-0.65,seed-12516-pa-0.65-pb-0.65:0,bandit,0,4.203889734292549,1.367647220698613,0.5,0.5,0.0,0.0,0.0,0.0
seed-12516-pa-0.65-pb-0.65,seed-12516-pa-0.65-pb-0.65:1,bandit,1,3.0075990353171704,1.5357002752100228,0.5,0.5,0.0,0.0,-2.0,1.0
seed-12516-pa-0.65-pb-0.65,seed-12516-pa-0.65-pb-0.65:2,bandit,2,0.3868710061149016,1.695350676995862,0.5,0.5,0.0,0.0,-2.0,1.95
seed-12526-pa-0.65-pb-0.50,seed-12526-pa-0.65-pb-0.50:0,bandit,0,4.203889734292549,1.367647220698613,0.5,0.5,0.0,0.0,0.0,0.0
seed-12526-pa-0.65-pb-0.50,seed-12526-pa-0.65-pb-0.50:1,bandit,1,4.42870067827652,2.021151013022723,1.3333333333333337,1.3333333333333337,0.0,0.0,3.0,1.0
seed-12526-pa-0.65-pb-0.50,seed-12526-pa-0.65-pb-0.50:2,bandit,2,3.201413277982752,2.423526783714911,1.75,1.75,0.0,0.0,3.0,1.95
seed-12526-pa-0.65-pb-0.50,seed-12526-pa-0.65-pb-0.50:3,bandit,3,3.4878222787715707,2.7208298867552685,2.0,2.0,0.0,0.0,3.0,2.8525
seed-12526-pa-0.65-pb-0.50,seed-12526-pa-0.65-pb-0.50:4,bandit,4,2.1602241504380864,2.962004521929529,2.166666666666667,2.166666666666667,0.0,0.0,3.0,3.709875
seed-12526-pa-0.65-pb-0.50,seed-12526-pa-0.65-pb-0.50:5,bandit,5,2.517675057605601,3.1682348905624766,2.2857142857142856,2.2857142857142856,0.0,0.0,3.0,4.524381249999999
seed-12529-pa-0.65-pb-0.35,seed-12529-pa-0.65-pb-0.35:0,bandit,0,4.203889734292549,1.367647220698613,0.5,0.5,0.0,0.0,0.0,0.0
seed-12529-pa-0.65-pb-0.35,seed-12529-pa-0.65-pb-0.35:1,bandit,1,4.42870067827652,2.021151013022723,1.3333333333333337,1.3333333333333337,0.0,0.0,3.0,1.0
seed-12529-pa-0.65-pb-0.35,seed-12529-pa-0.65-pb-0.35:2,bandit,2,2.501928011042974,2.180801414808562,1.3333333333333337,1.3333333333333337,0.0,0.0,-2.0,1.95
seed-12529-pa-0.65-pb-0.35,seed-12529-pa-0.65-pb-0.35:3,bandit,3,2.6368710061149017,2.575194665411458,1.75,1.75,0.0,0.0,3.0,2.8525
seed-12534-pa-0.50-pb-0.35,seed-12534-pa-0.50-pb-0.35:0,bandit,0,4.203889734292549,1.367647220698613,0.5,0.5,0.0,0.0,0.0,0.0
seed-12534-pa-0.50-pb-0.35,seed-12534-pa-0.50-pb-0.35:1,bandit,1,4.42870067827652,2.021151013022723,1.3333333333333337,1.3333333333333337,0.0,0.0,3.0,1.0
seed-12534-pa-0.50-pb-0.35,seed-12534-pa-0.50-pb-0.35:2,bandit,2,0.951413277982752,2.180801414808562,1.3333333333333337,1.3333333333333337,0.0,0.0,3.0,1.95
foraging-pair-0072037-stay_x,foraging-pair-0072037-stay_x:0,foraging,0,3.5,2.2414585487614724,2.0,2.0,0.0,0.0,0.0,0.0
foraging-pair-0072037-stay_x,foraging-pair-0072037-stay_x:1,foraging,1,1.5,2.797872193523042,2.6666666666666665,2.6666666666666665,0.0,0.0,4.0,1.0
foraging-pair-0072037-stay_x,foraging-pair-0072037-stay_x:2,foraging,2,-0.25,3.151702890433961,3.0,3.0,0.0,0.0,4.0,1.95
foraging-pair-0072037-stay_y,foraging-pair-0072037-stay_y:0,foraging,0,2.875,2.2414585487614724,2.0,2.0,0.0,0.0,0.0,0.0
foraging-pair-0072037-stay_y,foraging-pair-0072037-stay_y:1,foraging,1,1.25,2.797872193523042,2.6666666666666665,2.6666666666666665,0.0,0.0,4.0,1.0
foraging-pair-0072037-stay_y,foraging-pair-0072037-stay_y:2,foraging,2,-0.375,3.151702890433961,3.0,3.0,0.0,0.0,4.0,1.95
foraging-pair-0072040-stay_x,foraging-pair-0072040-stay_x:0,foraging,0,1.375,0.49383589263575356,-1.0,1.0,2.0,1.0,0.0,0.0
foraging-pair-0072040-stay_x,foraging-pair-0072040-stay_x:1,foraging,1,1.375,1.0502495373973229,-0.3333333333333335,1.6666666666666663,2.0,1.0,3.0,1.0
foraging-pair-0072040-stay_x,foraging-pair-0072040-stay_x:2,foraging,2,0.5,0.8215393489330025,-1.0,1.0,2.0,1.0,-1.0,1.95
foraging-pair-0072040-stay_x,foraging-pair-0072040-stay_x:3,foraging,3,0.25,1.2062235847796454,-0.6000000000000001,1.4,2.0,1.0,3.0,2.8525
foraging-pair-0072040-stay_y,foraging-pair-0072040-stay_y:0,foraging,0,1.125,0.49383589263575356,-1.0,1.0,2.0,1.0,0.0,0.0
foraging-pair-0072040-stay_y,foraging-pair-0072040-stay_y:1,foraging,1,1.25,1.0502495373973229,-0.3333333333333335,1.6666666666666663,2.0,1.0,3.0,1.0
foraging-pair-0072040-stay_y,foraging-pair-0072040-stay_y:2,foraging,2,0.75,0.8215393489330025,-1.0,1.0,2.0,1.0,-1.0,1.95
foraging-pair-0072040-stay_y,foraging-pair-0072040-stay_y:3,foraging,3,0.125,1.2062235847796454,-0.6000000000000001,1.4,2.0,1.0,3.0,2.8525
foraging-pair-0072043-stay_x,foraging-pair-0072043-stay_x:0,foraging,0,1.875,1.0763767780109932,0.0,2.0,2.0,0.0,0.0,0.0
foraging-pair-0072043-stay_x,foraging-pair-0072043-stay_x:1,foraging,1,1.5,1.6327904227725625,0.6666666666666665,2.6666666666666665,2.0,0.0,4.0,1.0
foraging-pair-0072043-stay_x,foraging-pair-0072043-stay_x:2,foraging,2,-0.75,1.9866211196834818,1.0,3.0,2.0,0.0,4.0,1.95
foraging-pair-0072043-stay_y,foraging-pair-0072043-stay_y:0,foraging,0,1.5,1.0763767780109932,0.0,2.0,2.0,0.0,0.0,0.0
foraging-pair-0072043-stay_y,foraging-pair-0072043-stay_y:1,foraging,1,0.875,1.6327904227725625,0.6666666666666665,2.6666666666666665,2.0,0.0,4.0,1.0
foraging-pair-0072043-stay_y,foraging-pair-0072043-stay_y:2,foraging,2,-0.875,1.9866211196834818,1.0,3.0,2.0,0.0,4.0,1.95
foraging-pair-0072045-stay_x,foraging-pair-0072045-stay_x:0,foraging,0,2.375,1.6589176633862328,1.0,1.0,0.0,1.0,0.0,0.0
foraging-pair-0072045-stay_x,foraging-pair-0072045-stay_x:1,foraging,1,1.75,2.2153313081478023,1.6666666666666663,1.6666666666666663,0.0,1.0,3.0,1.0
foraging-pair-0072045-stay_x,foraging-pair-0072045-stay_x:2,foraging,2,0.75,1.9866211196834818,1.0,1.0,0.0,1.0,-1.0,1.95
foraging-pair-0072045-stay_y,foraging-pair-0072045-stay_y:0,foraging,0,2.0,1.6589176633862328,1.0,1.0,0.0,1.0,0.0,0.0
foraging-pair-0072045-stay_y,foraging-pair-0072045-stay_y:1,foraging,1,1.25,2.2153313081478023,1.6666666666666663,1.6666666666666663,0.0,1.0,3.0,1.0
foraging-pair-0072045-stay_y,foraging-pair-0072045-stay_y:2,foraging,2,1.0,1.9866211196834818,1.0,1.0,0.0,1.0,-1.0,1.95
foraging-pair-0072047-stay_x,foraging-pair-0072047-stay_x:0,foraging,0,2.375,1.6589176633862328,1.0,1.0,0.0,1.0,0.0,0.0
foraging-pair-0072047-stay_x,foraging-pair-0072047-stay_x:1,foraging,1,1.75,2.2153313081478023,1.6666666666666663,1.6666666666666663,0.0,1.0,3.0,1.0
foraging-pair-0072047-stay_x,foraging-pair-0072047-stay_x:2,foraging,2,-0.25,2.5691620050587214,2.0,2.0,0.0,1.0,3.0,1.95
foraging-pair-0072047-stay_x,foraging-pair-0072047-stay_x:3,foraging,3,0.5,2.371305355530125,1.4,1.4,0.0,1.0,-1.0,2.8525
foraging-pair-0072047-stay_y,foraging-pair-0072047-stay_y:0,foraging,0,2.0,1.6589176633862328,1.0,1.0,0.0,1.0,0.0,0.0
foraging-pair-0072047-stay_y,foraging-pair-0072047-stay_y:1,foraging,1,1.25,2.2153313081478023,1.6666666666666663,1.6666666666666663,0.0,1.0,3.0,1.0
foraging-pair-0072047-stay_y,foraging-pair-0072047-stay_y:2,foraging,2,-0.25,2.5691620050587214,2.0,2.0,0.0,1.0,3.0,1.95
foraging-pair-0072047-stay_y,foraging-pair-0072047-stay_y:3,foraging,3,0.375,2.371305355530125,1.4,1.4,0.0,1.0,-1.0,2.8525
foraging-pair-0072051-stay_x,foraging-pair-0072051-stay_x:0,foraging,0,1.875,1.0763767780109932,0.0,2.0,2.0,0.0,0.0,0.0
foraging-pair-0072051-stay_y,foraging-pair-0072051-stay_y:0,foraging,0,1.5,1.0763767780109932,0.0,2.0,2.0,0.0,0.0,0.0
foraging-pair-0072055-stay_x,foraging-pair-0072055-stay_x:0,foraging,0,2.375,1.6589176633862328,1.0,1.0,0.0,1.0,0.0,0.0
foraging-pair-0072055-stay_x,foraging-pair-0072055-stay_x:1,foraging,1,-0.375,1.4386101276474828,0.3333333333333332,0.3333333333333332,0.0,1.0,-1.0,1.0
foraging-pair-0072055-stay_y,foraging-pair-0072055-stay_y:0,foraging,0,2.0,1.6589176633862328,1.0,1.0,0.0,1.0,0.0,0.0
foraging-pair-0072055-stay_y,foraging-pair-0072055-stay_y:1,foraging,1,-0.875,1.4386101276474828,0.3333333333333332,0.3333333333333332,0.0,1.0,-1.0,1.0
foraging-pair-0072059-stay_x,foraging-pair-0072059-stay_x:0,foraging,0,1.375,0.49383589263575356,-1.0,1.0,2.0,1.0,0.0,0.0
foraging-pair-0072059-stay_y,foraging-pair-0072059-stay_y:0,foraging,0,1.125,0.49383589263575356,-1.0,1.0,2.0,1.0,0.0,0.0
foraging-pair-0072065-stay_x,foraging-pair-0072065-stay_x:0,foraging,0,1.875,1.0763767780109932,0.0,2.0,2.0,0.0,0.0,0.0
foraging-pair-0072065-stay_x,foraging-pair-0072065-stay_x:1,foraging,1,0.375,0.8560692422722431,-0.6666666666666667,1.3333333333333333,2.0,0.0,0.0,1.0
foraging-pair-0072065-stay_x,foraging-pair-0072065-stay_x:2,foraging,2,-0.875,0.8215393489330025,-1.0,1.0,2.0,0.0,0.0,1.95
foraging-pair-0072065-stay_y,foraging-pair-0072065-stay_y:0,foraging,0,1.5,1.0763767780109932,0.0,2.0,2.0,0.0,0.0,0.0
foraging-pair-0072065-stay_y,foraging-pair-0072065-stay_y:1,foraging,1,-0.375,0.8560692422722431,-0.6666666666666667,1.3333333333333333,2.0,0.0,0.0,1.0
foraging-pair-0072068-stay_x,foraging-pair-0072068-stay_x:0,foraging,0,3.5,2.2414585487614724,2.0,2.0,0.0,0.0,0.0,0.0
foraging-pair-0072068-stay_x,foraging-pair-0072068-stay_x:1,foraging,1,0.75,2.021151013022722,1.3333333333333333,1.3333333333333333,0.0,0.0,0.0,1.0
foraging-pair-0072068-stay_x,foraging-pair-0072068-stay_x:2,foraging,2,-0.375,2.5691620050587214,2.0,2.0,0.0,0.0,4.0,1.95
foraging-pair-0072068-stay_x,foraging-pair-0072068-stay_x:3,foraging,3,-0.25,2.4878135326051725,1.6,1.6,0.0,0.0,0.0,2.8525
foraging-pair-0072068-stay_x,foraging-pair-0072068-stay_x:4,foraging,4,-0.75,2.476553784116829,1.3333333333333333,1.3333333333333333,0.0,0.0,0.0,3.709875
foraging-pair-0072068-stay_y,foraging-pair-0072068-stay_y:0,foraging,0,2.875,2.2414585487614724,2.0,2.0,0.0,0.0,0.0,0.0
foraging-pair-0072068-stay_y,foraging-pair-0072068-stay_y:1,foraging,1,0.375,2.021151013022722,1.3333333333333333,1.3333333333333333,0.0,0.0,0.0,1.0
foraging-pair-0072069-stay_x,foraging-pair-0072069-stay_x:0,foraging,0,2.375,1.6589176633862328,1.0,1.0,0.0,1.0,0.0,0.0
foraging-pair-0072069-stay_x,foraging-pair-0072069-stay_x:1,foraging,1,1.75,2.2153313081478023,1.6666666666666663,1.6666666666666663,0.0,1.0,3.0,1.0
foraging-pair-0072069-stay_x,foraging-pair-0072069-stay_x:2,foraging,2,0.75,1.9866211196834818,1.0,1.0,0.0,1.0,-1.0,1.95
foraging-pair-0072069-stay_x,foraging-pair-0072069-stay_x:3,foraging,3,0.5,2.371305355530125,1.4,1.4,0.0,1.0,3.0,2.8525
foraging-pair-0072069-stay_y,foraging-pair-0072069-stay_y:0,foraging,0,2.0,1.6589176633862328,1.0,1.0,0.0,1.0,0.0,0.0
foraging-pair-0072069-stay_y,foraging-pair-0072069-stay_y:1,foraging,1,1.25,2.2153313081478023,1.6666666666666663,1.6666666666666663,0.0,1.0,3.0,1.0
foraging-pair-0072069-stay_y,foraging-pair-0072069-stay_y:2,foraging,2,1.0,1.9866211196834818,1.0,1.0,0.0,1.0,-1.0,1.95
foraging-pair-0072069-stay_y,foraging-pair-0072069-stay_y:3,foraging,3,0.5,2.371305355530125,1.4,1.4,0.0,1.0,3.0,2.8525
foraging-pair-0072082-stay_x,foraging-pair-0072082-stay_x:0,foraging,0,3.5,2.2414585487614724,2.0,2.0,0.0,0.0,0.0,0.0
foraging-pair-0072082-stay_x,foraging-pair-0072082-stay_x:1,foraging,1,0.75,2.021151013022722,1.3333333333333333,1.3333333333333333,0.0,0.0,0.0,1.0
foraging-pair-0072082-stay_x,foraging-pair-0072082-stay_x:2,foraging,2,-0.375,2.5691620050587214,2.0,2.0,0.0,0.0,4.0,1.95
foraging-pair-0072082-stay_x,foraging-pair-0072082-stay_x:3,foraging,3,-0.25,2.4878135326051725,1.6,1.6,0.0,0.0,0.0,2.8525
foraging-pair-0072082-stay_x,foraging-pair-0072082-stay_x:4,foraging,4,-0.75,2.476553784116829,1.3333333333333333,1.3333333333333333,0.0,0.0,0.0,3.709875
foraging-pair-0072082-stay_y,foraging-pair-0072082-stay_y:0,foraging,0,2.875,2.2414585487614724,2.0,2.0,0.0,0.0,0.0,0.0
foraging-pair-0072082-stay_y,foraging-pair-0072082-stay_y:1,foraging,1,0.375,2.021151013022722,1.3333333333333333,1.3333333333333333,0.0,0.0,0.0,1.0
foraging-pair-0072082-stay_y,foraging-pair-0072082-stay_y:2,foraging,2,0.375,2.5691620050587214,2.0,2.0,0.0,0.0,4.0,1.95
foraging-pair-0072082-stay_y,foraging-pair-0072082-stay_y:3,foraging,3,0.0,2.4878135326051725,1.6,1.6,0.0,0.0,0.0,2.8525
foraging-pair-0072082-stay_y,foraging-pair-0072082-stay_y:4,foraging,4,-0.625,2.476553784116829,1.3333333333333333,1.3333333333333333,0.0,0.0,0.0,3.709875
foraging-pair-0072088-stay_x,foraging-pair-0072088-stay_x:0,foraging,0,1.375,0.49383589263575356,-1.0,1.0,2.0,1.0,0.0,0.0
foraging-pair-0072088-stay_x,foraging-pair-0072088-stay_x:1,foraging,1,1.375,1.0502495373973229,-0.3333333333333335,1.6666666666666663,2.0,1.0,3.0,1.0
foraging-pair-0072088-stay_x,foraging-pair-0072088-stay_x:2,foraging,2,0.5,0.8215393489330025,-1.0,1.0,2.0,1.0,-1.0,1.95
foraging-pair-0072088-stay_x,foraging-pair-0072088-stay_x:3,foraging,3,-0.375,0.7401908764794536,-1.4,0.6000000000000001,2.0,1.0,-1.0,2.8525
foraging-pair-0072088-stay_y,foraging-pair-0072088-stay_y:0,foraging,0,1.125,0.49383589263575356,-1.0,1.0,2.0,1.0,0.0,0.0
foraging-pair-0072088-stay_y,foraging-pair-0072088-stay_y:1,foraging,1,1.25,1.0502495373973229,-0.3333333333333335,1.6666666666666663,2.0,1.0,3.0,1.0
foraging-pair-0072088-stay_y,foraging-pair-0072088-stay_y:2,foraging,2,0.75,0.8215393489330025,-1.0,1.0,2.0,1.0,-1.0,1.95
foraging-pair-0072088-stay_y,foraging-pair-0072088-stay_y:3,foraging,3,-0.125,0.7401908764794536,-1.4,0.6000000000000001,2.0,1.0,-1.0,2.8525
foraging-pair-0072101-stay_x,foraging-pair-0072101-stay_x:0,foraging,0,1.375,0.49383589263575356,-1.0,1.0,2.0,1.0,0.0,0.0
foraging-pair-0072101-stay_x,foraging-pair-0072101-stay_x:1,foraging,1,1.375,1.0502495373973229,-0.3333333333333335,1.6666666666666663,2.0,1.0,3.0,1.0
foraging-pair-0072101-stay_y,foraging-pair-0072101-stay_y:0,foraging,0,1.125,0.49383589263575356,-1.0,1.0,2.0,1.0,0.0,0.0
foraging-pair-0072101-stay_y,foraging-pair-0072101-stay_y:1,foraging,1,1.25,1.0502495373973229,-0.3333333333333335,1.6666666666666663,2.0,1.0,3.0,1.0
foraging-pair-0072136-stay_x,foraging-pair-0072136-stay_x:0,foraging,0,1.375,0.49383589263575356,-1.0,1.0,2.0,1.0,0.0,0.0
foraging-pair-0072136-stay_x,foraging-pair-0072136-stay_x:1,foraging,1,-0.5,0.2735283568970035,-1.6666666666666667,0.3333333333333332,2.0,1.0,-1.0,1.0
foraging-pair-0072136-stay_y,foraging-pair-0072136-stay_y:0,foraging,0,1.125,0.49383589263575356,-1.0,1.0,2.0,1.0,0.0,0.0
foraging-pair-0072136-stay_y,foraging-pair-0072136-stay_y:1,foraging,1,-0.625,0.2735283568970035,-1.6666666666666667,0.3333333333333332,2.0,1.0,-1.0,1.0
foraging-pair-0072137-stay_x,foraging-pair-0072137-stay_x:0,foraging,0,1.875,1.0763767780109932,0.0,2.0,2.0,0.0,0.0,0.0
foraging-pair-0072137-stay_x,foraging-pair-0072137-stay_x:1,foraging,1,1.5,1.6327904227725625,0.6666666666666665,2.6666666666666665,2.0,0.0,4.0,1.0
foraging-pair-0072137-stay_y,foraging-pair-0072137-stay_y:0,foraging,0,1.5,1.0763767780109932,0.0,2.0,2.0,0.0,0.0,0.0
foraging-pair-0072137-stay_y,foraging-pair-0072137-stay_y:1,foraging,1,0.875,1.6327904227725625,0.6666666666666665,2.6666666666666665,2.0,0.0,4.0,1.0
foraging-pair-0072139-stay_x,foraging-pair-0072139-stay_x:0,foraging,0,1.875,1.0763767780109932,0.0,2.0,2.0,0.0,0.0,0.0
foraging-pair-0072139-stay_x,foraging-pair-0072139-stay_x:1,foraging,1,1.5,1.6327904227725625,0.6666666666666665,2.6666666666666665,2.0,0.0,4.0,1.0
foraging-pair-0072139-stay_x,foraging-pair-0072139-stay_x:2,foraging,2,-0.625,1.4040802343082421,0.0,2.0,2.0,0.0,0.0,1.95
foraging-pair-0072139-stay_x,foraging-pair-0072139-stay_x:3,foraging,3,-1.0,1.3227317618546934,-0.3999999999999999,1.6,2.0,0.0,0.0,2.8525
foraging-pair-0072139-stay_x,foraging-pair-0072139-stay_x:4,foraging,4,-1.125,1.3114720133663496,-0.6666666666666667,1.3333333333333333,2.0,0.0,0.0,3.709875
foraging-pair-0072139-stay_y,foraging-pair-0072139-stay_y:0,foraging,0,1.5,1.0763767780109932,0.0,2.0,2.0,0.0,0.0,0.0
foraging-pair-0072139-stay_y,foraging-pair-0072139-stay_y:1,foraging,1,0.875,1.6327904227725625,0.6666666666666665,2.6666666666666665,2.0,0.0,4.0,1.0
foraging-pair-0072139-stay_y,foraging-pair-0072139-stay_y:2,foraging,2,-0.625,1.4040802343082421,0.0,2.0,2.0,0.0,0.0,1.95
foraging-pair-0072139-stay_y,foraging-pair-0072139-stay_y:3,foraging,3,-1.0,1.3227317618546934,-0.3999999999999999,1.6,2.0,0.0,0.0,2.8525
foraging-pair-0072139-stay_y,foraging-pair-0072139-stay_y:4,foraging,4,-1.25,1.3114720133663496,-0.6666666666666667,1.3333333333333333,2.0,0.0,0.0,3.709875
foraging-pair-0072146-stay_x,foraging-pair-0072146-stay_x:0,foraging,0,1.375,0.49383589263575356,-1.0,1.0,2.0,1.0,0.0,0.0
foraging-pair-0072146-stay_x,foraging-pair-0072146-stay_x:1,foraging,1,1.375,1.0502495373973229,-0.3333333333333335,1.6666666666666663,2.0,1.0,3.0,1.0
foraging-pair-0072146-stay_x,foraging-pair-0072146-stay_x:2,foraging,2,0.5,0.8215393489330025,-1.0,1.0,2.0,1.0,-1.0,1.95
foraging-pair-0072146-stay_y,foraging-pair-0072146-stay_y:0,foraging,0,1.125,0.49383589263575356,-1.0,1.0,2.0,1.0,0.0,0.0
foraging-pair-0072146-stay_y,foraging-pair-0072146-stay_y:1,foraging,1,1.25,1.0502495373973229,-0.3333333333333335,1.6666666666666663,2.0,1.0,3.0,1.0
foraging-pair-0072146-stay_y,foraging-pair-0072146-stay_y:2,foraging,2,0.75,0.8215393489330025,-1.0,1.0,2.0,1.0,-1.0,1.95
foraging-pair-0072158-stay_x,foraging-pair-0072158-stay_x:0,foraging,0,3.5,2.2414585487614724,2.0,2.0,0.0,0.0,0.0,0.0
foraging-pair-0072158-stay_x,foraging-pair-0072158-stay_x:1,foraging,1,1.5,2.797872193523042,2.6666666666666665,2.6666666666666665,0.0,0.0,4.0,1.0
foraging-pair-0072158-stay_x,foraging-pair-0072158-stay_x:2,foraging,2,-0.25,3.151702890433961,3.0,3.0,0.0,0.0,4.0,1.95
foraging-pair-0072158-stay_x,foraging-pair-0072158-stay_x:3,foraging,3,0.5,3.4198789492055557,3.2,3.2,0.0,0.0,4.0,2.8525
foraging-pair-0072158-stay_y,foraging-pair-0072158-stay_y:0,foraging,0,2.875,2.2414585487614724,2.0,2.0,0.0,0.0,0.0,0.0
foraging-pair-0072158-stay_y,foraging-pair-0072158-stay_y:1,foraging,1,1.25,2.797872193523042,2.6666666666666665,2.6666666666666665,0.0,0.0,4.0,1.0
foraging-pair-0072158-stay_y,foraging-pair-0072158-stay_y:2,foraging,2,-0.375,3.151702890433961,3.0,3.0,0.0,0.0,4.0,1.95
foraging-pair-0072158-stay_y,foraging-pair-0072158-stay_y:3,foraging,3,0.5,3.4198789492055557,3.2,3.2,0.0,0.0,4.0,2.8525
foraging-pair-0072159-stay_x,foraging-pair-0072159-stay_x:0,foraging,0,3.5,2.2414585487614724,2.0,2.0,0.0,0.0,0.0,0.0
foraging-pair-0072159-stay_x,foraging-pair-0072159-stay_x:1,foraging,1,1.5,2.797872193523042,2.6666666666666665,2.6666666666666665,0.0,0.0,4.0,1.0
foraging-pair-0072159-stay_x,foraging-pair-0072159-stay_x:2,foraging,2,-1.125,2.5691620050587214,2.0,2.0,0.0,0.0,0.0,1.95
foraging-pair-0072159-stay_x,foraging-pair-0072159-stay_x:3,foraging,3,-1.25,2.4878135326051725,1.6,1.6,0.0,0.0,0.0,2.8525
foraging-pair-0072159-stay_y,foraging-pair-0072159-stay_y:0,foraging,0,2.875,2.2414585487614724,2.0,2.0,0.0,0.0,0.0,0.0
foraging-pair-0072159-stay_y,foraging-pair-0072159-stay_y:1,foraging,1,1.25,2.797872193523042,2.6666666666666665,2.6666666666666665,0.0,0.0,4.0,1.0
foraging-pair-0072159-stay_y,foraging-pair-0072159-stay_y:2,foraging,2,-0.875,2.5691620050587214,2.0,2.0,0.0,0.0,0.0,1.95
foraging-pair-0072159-stay_y,foraging-pair-0072159-stay_y:3,foraging,3,-1.0,2.4878135326051725,1.6,1.6,0.0,0.0,0.0,2.8525
foraging-pair-0072161-stay_x,foraging-pair-0072161-stay_x:0,foraging,0,1.875,1.0763767780109932,0.0,2.0,2.0,0.0,0.0,0.0
foraging-pair-0072161-stay_x,foraging-pair-0072161-stay_x:1,foraging,1,1.5,1.6327904227725625,0.6666666666666665,2.6666666666666665,2.0,0.0,4.0,1.0
foraging-pair-0072161-stay_x,foraging-pair-0072161-stay_x:2,foraging,2,-0.75,1.9866211196834818,1.0,3.0,2.0,0.0,4.0,1.95
foraging-pair-0072161-stay_x,foraging-pair-0072161-stay_x:3,foraging,3,-0.875,1.788764470154885,0.3999999999999999,2.4,2.0,0.0,0.0,2.8525
foraging-pair-0072161-stay_x,foraging-pair-0072161-stay_x:4,foraging,4,-0.375,2.088193193866669,0.6666666666666665,2.6666666666666665,2.0,0.0,4.0,3.709875
foraging-pair-0072161-stay_x,foraging-pair-0072161-stay_x:5,foraging,5,-1.0,2.0031531198119974,0.2857142857142856,2.2857142857142856,2.0,0.0,0.0,4.524381249999999
foraging-pair-0072161-stay_x,foraging-pair-0072161-stay_x:6,foraging,6,-0.75,1.9667491169172204,0.0,2.0,2.0,0.0,0.0,5.298162187499999
foraging-pair-0072161-stay_x,foraging-pair-0072161-stay_x:7,foraging,7,-0.625,1.960830024399932,-0.2222222222222223,1.7777777777777777,2.0,0.0,0.0,6.033254078124999
foraging-pair-0072161-stay_y,foraging-pair-0072161-stay_y:0,foraging,0,1.5,1.0763767780109932,0.0,2.0,2.0,0.0,0.0,0.0
foraging-pair-0072161-stay_y,foraging-pair-0072161-stay_y:1,foraging,1,0.875,1.6327904227725625,0.6666666666666665,2.6666666666666665,2.0,0.0,4.0,1.0
foraging-pair-0072161-stay_y,foraging-pair-0072161-stay_y:2,foraging,2,-0.875,1.9866211196834818,1.0,3.0,2.0,0.0,4.0,1.95
foraging-pair-0072161-stay_y,foraging-pair-0072161-stay_y:3,foraging,3,-0.5,1.788764470154885,0.3999999999999999,2.4,2.0,0.0,0.0,2.8525
foraging-pair-0072161-stay_y,foraging-pair-0072161-stay_y:4,foraging,4,-0.125,2.088193193866669,0.6666666666666665,2.6666666666666665,2.0,0.0,4.0,3.709875
foraging-pair-0072161-stay_y,foraging-pair-0072161-stay_y:5,foraging,5,-0.875,2.0031531198119974,0.2857142857142856,2.2857142857142856,2.0,0.0,0.0,4.524381249999999
foraging-pair-0072161-stay_y,foraging-pair-0072161-stay_y:6,foraging,6,-0.75,1.9667491169172204,0.0,2.0,2.0,0.0,0.0,5.298162187499999
foraging-pair-0072161-stay_y,foraging-pair-0072161-stay_y:7,foraging,7,-0.75,1.960830024399932,-0.2222222222222223,1.7777777777777777,2.0,0.0,0.0,6.033254078124999
foraging-pair-0072162-stay_x,foraging-pair-0072162-stay_x:0,foraging,0,2.375,1.6589176633862328,1.0,1.0,0.0,1.0,0.0,0.0
foraging-pair-0072162-stay_x,foraging-pair-0072162-stay_x:1,foraging,1,-0.375,1.4386101276474828,0.3333333333333332,0.3333333333333332,0.0,1.0,-1.0,1.0
foraging-pair-0072162-stay_y,foraging-pair-0072162-stay_y:0,foraging,0,2.0,1.6589176633862328,1.0,1.0,0.0,1.0,0.0,0.0
foraging-pair-0072162-stay_y,foraging-pair-0072162-stay_y:1,foraging,1,-0.875,1.4386101276474828,0.3333333333333332,0.3333333333333332,0.0,1.0,-1.0,1.0
foraging-pair-0072163-stay_x,foraging-pair-0072163-stay_x:0,foraging,0,1.875,1.0763767780109932,0.0,2.0,2.0,0.0,0.0,0.0
foraging-pair-0072163-stay_x,foraging-pair-0072163-stay_x:1,foraging,1,1.5,1.6327904227725625,0.6666666666666665,2.6666666666666665,2.0,0.0,4.0,1.0
foraging-pair-0072163-stay_x,foraging-pair-0072163-stay_x:2,foraging,2,-0.625,1.4040802343082421,0.0,2.0,2.0,0.0,0.0,1.95
foraging-pair-0072163-stay_y,foraging-pair-0072163-stay_y:0,foraging,0,1.5,1.0763767780109932,0.0,2.0,2.0,0.0,0.0,0.0
foraging-pair-0072163-stay_y,foraging-pair-0072163-stay_y:1,foraging,1,0.875,1.6327904227725625,0.6666666666666665,2.6666666666666665,2.0,0.0,4.0,1.0
foraging-pair-0072163-stay_y,foraging-pair-0072163-stay_y:2,foraging,2,-0.625,1.4040802343082421,0.0,2.0,2.0,0.0,0.0,1.95
foraging-pair-0072182-stay_x,foraging-pair-0072182-stay_x:0,foraging,0,3.5,2.2414585487614724,2.0,2.0,0.0,0.0,0.0,0.0
foraging-pair-0072182-stay_y,foraging-pair-0072182-stay_y:0,foraging,0,2.875,2.2414585487614724,2.0,2.0,0.0,0.0,0.0,0.0
foraging-pair-0072185-stay_x,foraging-pair-0072185-stay_x:0,foraging,0,1.875,1.0763767780109932,0.0,2.0,2.0,0.0,0.0,0.0
foraging-pair-0072185-stay_x,foraging-pair-0072185-stay_x:1,foraging,1,0.375,0.8560692422722431,-0.6666666666666667,1.3333333333333333,2.0,0.0,0.0,1.0
foraging-pair-0072185-stay_x,foraging-pair-0072185-stay_x:2,foraging,2,-0.25,1.4040802343082421,0.0,2.0,2.0,0.0,4.0,1.95
foraging-pair-0072185-stay_y,foraging-pair-0072185-stay_y:0,foraging,0,1.5,1.0763767780109932,0.0,2.0,2.0,0.0,0.0,0.0
foraging-pair-0072185-stay_y,foraging-pair-0072185-stay_y:1,foraging,1,-0.375,0.8560692422722431,-0.6666666666666667,1.3333333333333333,2.0,0.0,0.0,1.0
foraging-pair-0072185-stay_y,foraging-pair-0072185-stay_y:2,foraging,2,0.125,1.4040802343082421,0.0,2.0,2.0,0.0,4.0,1.95
foraging-pair-0072191-stay_x,foraging-pair-0072191-stay_x:0,foraging,0,2.375,1.6589176633862328,1.0,1.0,0.0,1.0,0.0,0.0
foraging-pair-0072191-stay_x,foraging-pair-0072191-stay_x:1,foraging,1,1.75,2.2153313081478023,1.6666666666666663,1.6666666666666663,0.0,1.0,3.0,1.0
foraging-pair-0072191-stay_x,foraging-pair-0072191-stay_x:2,foraging,2,0.75,1.9866211196834818,1.0,1.0,0.0,1.0,-1.0,1.95
foraging-pair-0072191-stay_x,foraging-pair-0072191-stay_x:3,foraging,3,0.5,2.371305355530125,1.4,1.4,0.0,1.0,3.0,2.8525
foraging-pair-0072191-stay_y,foraging-pair-0072191-stay_y:0,foraging,0,2.0,1.6589176633862328,1.0,1.0,0.0,1.0,0.0,0.0
foraging-pair-0072191-stay_y,foraging-pair-0072191-stay_y:1,foraging,1,1.25,2.2153313081478023,1.6666666666666663,1.6666666666666663,0.0,1.0,3.0,1.0
foraging-pair-0072200-stay_x,foraging-pair-0072200-stay_x:0,foraging,0,2.375,1.6589176633862328,1.0,1.0,0.0,1.0,0.0,0.0
foraging-pair-0072200-stay_x,foraging-pair-0072200-stay_x:1,foraging,1,1.75,2.2153313081478023,1.6666666666666663,1.6666666666666663,0.0,1.0,3.0,1.0
foraging-pair-0072200-stay_x,foraging-pair-0072200-stay_x:2,foraging,2,-0.25,2.5691620050587214,2.0,2.0,0.0,1.0,3.0,1.95
foraging-pair-0072200-stay_y,foraging-pair-0072200-stay_y:0,foraging,0,2.0,1.6589176633862328,1.0,1.0,0.0,1.0,0.0,0.0
foraging-pair-0072200-stay_y,foraging-pair-0072200-stay_y:1,foraging,1,1.25,2.2153313081478023,1.6666666666666663,1.6666666666666663,0.0,1.0,3.0,1.0
foraging-pair-0072200-stay_y,foraging-pair-0072200-stay_y:2,foraging,2,-0.25,2.5691620050587214,2.0,2.0,0.0,1.0,3.0,1.95
foraging-pair-0072222-stay_x,foraging-pair-0072222-stay_x:0,foraging,0,2.375,1.6589176633862328,1.0,1.0,0.0,1.0,0.0,0.0
foraging-pair-0072222-stay_x,foraging-pair-0072222-stay_x:1,foraging,1,-0.375,1.4386101276474828,0.3333333333333332,0.3333333333333332,0.0,1.0,-1.0,1.0
foraging-pair-0072222-stay_x,foraging-pair-0072222-stay_x:2,foraging,2,0.5,1.9866211196834818,1.0,1.0,0.0,1.0,3.0,1.95
foraging-pair-0072222-stay_y,foraging-pair-0072222-stay_y:0,foraging,0,2.0,1.6589176633862328,1.0,1.0,0.0,1.0,0.0,0.0
foraging-pair-0072222-stay_y,foraging-pair-0072222-stay_y:1,foraging,1,-0.875,1.4386101276474828,0.3333333333333332,0.3333333333333332,0.0,1.0,-1.0,1.0
foraging-pair-0072222-stay_y,foraging-pair-0072222-stay_y:2,foraging,2,0.75,1.9866211196834818,1.0,1.0,0.0,1.0,3.0,1.95
foraging-pair-0072229-stay_x,foraging-pair-0072229-stay_x:0,foraging,0,3.5,2.2414585487614724,2.0,2.0,0.0,0.0,0.0,0.0
foraging-pair-0072229-stay_x,foraging-pair-0072229-stay_x:1,foraging,1,1.5,2.797872193523042,2.6666666666666665,2.6666666666666665,0.0,0.0,4.0,1.0
foraging-pair-0072229-stay_x,foraging-pair-0072229-stay_x:2,foraging,2,-1.125,2.5691620050587214,2.0,2.0,0.0,0.0,0.0,1.95
foraging-pair-0072229-stay_y,foraging-pair-0072229-stay_y:0,foraging,0,2.875,2.2414585487614724,2.0,2.0,0.0,0.0,0.0,0.0
foraging-pair-0072229-stay_y,foraging-pair-0072229-stay_y:1,foraging,1,1.25,2.797872193523042,2.6666666666666665,2.6666666666666665,0.0,0.0,4.0,1.0
foraging-pair-0072229-stay_y,foraging-pair-0072229-stay_y:2,foraging,2,-0.875,2.5691620050587214,2.0,2.0,0.0,0.0,0.0,1.95
foraging-pair-0072236-stay_x,foraging-pair-0072236-stay_x:0,foraging,0,3.5,2.2414585487614724,2.0,2.0,0.0,0.0,0.0,0.0
foraging-pair-0072236-stay_x,foraging-pair-0072236-stay_x:1,foraging,1,1.5,2.797872193523042,2.6666666666666665,2.6666666666666665,0.0,0.0,4.0,1.0
foraging-pair-0072236-stay_x,foraging-pair-0072236-stay_x:2,foraging,2,-0.25,3.151702890433961,3.0,3.0,0.0,0.0,4.0,1.95
foraging-pair-0072236-stay_x,foraging-pair-0072236-stay_x:3,foraging,3,-1.125,2.9538462409053645,2.4,2.4,0.0,0.0,0.0,2.8525
foraging-pair-0072236-stay_y,foraging-pair-0072236-stay_y:0,foraging,0,2.875,2.2414585487614724,2.0,2.0,0.0,0.0,0.0,0.0
foraging-pair-0072236-stay_y,foraging-pair-0072236-stay_y:1,foraging,1,1.25,2.797872193523042,2.6666666666666665,2.6666666666666665,0.0,0.0,4.0,1.0
foraging-pair-0072236-stay_y,foraging-pair-0072236-stay_y:2,foraging,2,-0.375,3.151702890433961,3.0,3.0,0.0,0.0,4.0,1.95
foraging-pair-0072236-stay_y,foraging-pair-0072236-stay_y:3,foraging,3,-0.5,2.9538462409053645,2.4,2.4,0.0,0.0,0.0,2.8525
foraging-pair-0072241-stay_x,foraging-pair-0072241-stay_x:0,foraging,0,1.875,1.0763767780109932,0.0,2.0,2.0,0.0,0.0,0.0
foraging-pair-0072241-stay_x,foraging-pair-0072241-stay_x:1,foraging,1,1.5,1.6327904227725625,0.6666666666666665,2.6666666666666665,2.0,0.0,4.0,1.0
foraging-pair-0072241-stay_x,foraging-pair-0072241-stay_x:2,foraging,2,-0.75,1.9866211196834818,1.0,3.0,2.0,0.0,4.0,1.95
foraging-pair-0072241-stay_y,foraging-pair-0072241-stay_y:0,foraging,0,1.5,1.0763767780109932,0.0,2.0,2.0,0.0,0.0,0.0
foraging-pair-0072241-stay_y,foraging-pair-0072241-stay_y:1,foraging,1,0.875,1.6327904227725625,0.6666666666666665,2.6666666666666665,2.0,0.0,4.0,1.0
foraging-pair-0072241-stay_y,foraging-pair-0072241-stay_y:2,foraging,2,-0.875,1.9866211196834818,1.0,3.0,2.0,0.0,4.0,1.95
foraging-pair-0072242-stay_x,foraging-pair-0072242-stay_x:0,foraging,0,1.375,0.49383589263575356,-1.0,1.0,2.0,1.0,0.0,0.0
foraging-pair-0072242-stay_x,foraging-pair-0072242-stay_x:1,foraging,1,1.375,1.0502495373973229,-0.3333333333333335,1.6666666666666663,2.0,1.0,3.0,1.0
foraging-pair-0072242-stay_x,foraging-pair-0072242-stay_x:2,foraging,2,0.5,0.8215393489330025,-1.0,1.0,2.0,1.0,-1.0,1.95
foraging-pair-0072242-stay_x,foraging-pair-0072242-stay_x:3,foraging,3,-0.375,0.7401908764794536,-1.4,0.6000000000000001,2.0,1.0,-1.0,2.8525
foraging-pair-0072242-stay_x,foraging-pair-0072242-stay_x:4,foraging,4,-0.75,0.7289311279911099,-1.6666666666666667,0.3333333333333332,2.0,1.0,-1.0,3.709875
foraging-pair-0072242-stay_x,foraging-pair-0072242-stay_x:5,foraging,5,-1.625,0.7548512225793406,-1.8571428571428572,0.1428571428571428,2.0,1.0,-1.0,4.524381249999999
foraging-pair-0072242-stay_y,foraging-pair-0072242-stay_y:0,foraging,0,1.125,0.49383589263575356,-1.0,1.0,2.0,1.0,0.0,0.0
foraging-pair-0072242-stay_y,foraging-pair-0072242-stay_y:1,foraging,1,1.25,1.0502495373973229,-0.3333333333333335,1.6666666666666663,2.0,1.0,3.0,1.0
foraging-pair-0072242-stay_y,foraging-pair-0072242-stay_y:2,foraging,2,0.75,0.8215393489330025,-1.0,1.0,2.0,1.0,-1.0,1.95
foraging-pair-0072242-stay_y,foraging-pair-0072242-stay_y:3,foraging,3,-0.125,0.7401908764794536,-1.4,0.6000000000000001,2.0,1.0,-1.0,2.8525
foraging-pair-0072242-stay_y,foraging-pair-0072242-stay_y:4,foraging,4,-0.75,0.7289311279911099,-1.6666666666666667,0.3333333333333332,2.0,1.0,-1.0,3.709875
foraging-pair-0072242-stay_y,foraging-pair-0072242-stay_y:5,foraging,5,-1.625,0.7548512225793406,-1.8571428571428572,0.1428571428571428,2.0,1.0,-1.0,4.524381249999999
foraging-pair-0072251-stay_x,foraging-pair-0072251-stay_x:0,foraging,0,1.375,0.49383589263575356,-1.0,1.0,2.0,1.0,0.0,0.0
foraging-pair-0072251-stay_x,foraging-pair-0072251-stay_x:1,foraging,1,-0.5,0.2735283568970035,-1.6666666666666667,0.3333333333333332,2.0,1.0,-1.0,1.0
foraging-pair-0072251-stay_y,foraging-pair-0072251-stay_y:0,foraging,0,1.125,0.49383589263575356,-1.0,1.0,2.0,1.0,0.0,0.0
foraging-pair-0072251-stay_y,foraging-pair-0072251-stay_y:1,foraging,1,-0.625,0.2735283568970035,-1.6666666666666667,0.3333333333333332,2.0,1.0,-1.0,1.0
foraging-pair-0072254-stay_x,foraging-pair-0072254-stay_x:0,foraging,0,3.5,2.2414585487614724,2.0,2.0,0.0,0.0,0.0,0.0
foraging-pair-0072254-stay_x,foraging-pair-0072254-stay_x:1,foraging,1,1.5,2.797872193523042,2.6666666666666665,2.6666666666666665,0.0,0.0,4.0,1.0
foraging-pair-0072254-stay_y,foraging-pair-0072254-stay_y:0,foraging,0,2.875,2.2414585487614724,2.0,2.0,0.0,0.0,0.0,0.0
foraging-pair-0072254-stay_y,foraging-pair-0072254-stay_y:1,foraging,1,1.25,2.797872193523042,2.6666666666666665,2.6666666666666665,0.0,0.0,4.0,1.0
foraging-pair-0072255-stay_x,foraging-pair-0072255-stay_x:0,foraging,0,3.5,2.2414585487614724,2.0,2.0,0.0,0.0,0.0,0.0
foraging-pair-0072255-stay_x,foraging-pair-0072255-stay_x:1,foraging,1,0.75,2.021151013022722,1.3333333333333333,1.3333333333333333,0.0,0.0,0.0,1.0
foraging-pair-0072255-stay_x,foraging-pair-0072255-stay_x:2,foraging,2,-1.125,1.9866211196834818,1.0,1.0,0.0,0.0,0.0,1.95
foraging-pair-0072255-stay_y,foraging-pair-0072255-stay_y:0,foraging,0,2.875,2.2414585487614724,2.0,2.0,0.0,0.0,0.0,0.0
foraging-pair-0072255-stay_y,foraging-pair-0072255-stay_y:1,foraging,1,0.375,2.021151013022722,1.3333333333333333,1.3333333333333333,0.0,0.0,0.0,1.0
foraging-pair-0072257-stay_x,foraging-pair-0072257-stay_x:0,foraging,0,1.875,1.0763767780109932,0.0,2.0,2.0,0.0,0.0,0.0
foraging-pair-0072257-stay_x,foraging-pair-0072257-stay_x:1,foraging,1,1.5,1.6327904227725625,0.6666666666666665,2.6666666666666665,2.0,0.0,4.0,1.0
foraging-pair-0072257-stay_x,foraging-pair-0072257-stay_x:2,foraging,2,-0.625,1.4040802343082421,0.0,2.0,2.0,0.0,0.0,1.95
foraging-pair-0072257-stay_x,foraging-pair-0072257-stay_x:3,foraging,3,-1.0,1.3227317618546934,-0.3999999999999999,1.6,2.0,0.0,0.0,2.8525
foraging-pair-0072257-stay_y,foraging-pair-0072257-stay_y:0,foraging,0,1.5,1.0763767780109932,0.0,2.0,2.0,0.0,0.0,0.0
foraging-pair-0072257-stay_y,foraging-pair-0072257-stay_y:1,foraging,1,0.875,1.6327904227725625,0.6666666666666665,2.6666666666666665,2.0,0.0,4.0,1.0
foraging-pair-0072257-stay_y,foraging-pair-0072257-stay_y:2,foraging,2,-0.625,1.4040802343082421,0.0,2.0,2.0,0.0,0.0,1.95
foraging-pair-0072257-stay_y,foraging-pair-0072257-stay_y:3,foraging,3,-1.0,1.3227317618546934,-0.3999999999999999,1.6,2.0,0.0,0.0,2.8525
foraging-pair-0072261-stay_x,foraging-pair-0072261-stay_x:0,foraging,0,2.375,1.6589176633862328,1.0,1.0,0.0,1.0,0.0,0.0
foraging-pair-0072261-stay_x,foraging-pair-0072261-stay_x:1,foraging,1,1.75,2.2153313081478023,1.6666666666666663,1.6666666666666663,0.0,1.0,3.0,1.0
foraging-pair-0072261-stay_x,foraging-pair-0072261-stay_x:2,foraging,2,0.75,1.9866211196834818,1.0,1.0,0.0,1.0,-1.0,1.95
foraging-pair-0072261-stay_y,foraging-pair-0072261-stay_y:0,foraging,0,2.0,1.6589176633862328,1.0,1.0,0.0,1.0,0.0,0.0
foraging-pair-0072261-stay_y,foraging-pair-0072261-stay_y:1,foraging,1,1.25,2.2153313081478023,1.6666666666666663,1.6666666666666663,0.0,1.0,3.0,1.0
foraging-pair-0072268-stay_x,foraging-pair-0072268-stay_x:0,foraging,0,1.875,1.0763767780109932,0.0,2.0,2.0,0.0,0.0,0.0
foraging-pair-0072268-stay_x,foraging-pair-0072268-stay_x:1,foraging,1,1.5,1.6327904227725625,0.6666666666666665,2.6666666666666665,2.0,0.0,4.0,1.0
foraging-pair-0072268-stay_x,foraging-pair-0072268-stay_x:2,foraging,2,-0.625,1.4040802343082421,0.0,2.0,2.0,0.0,0.0,1.95
foraging-pair-0072268-stay_x,foraging-pair-0072268-stay_x:3,foraging,3,-1.0,1.3227317618546934,-0.3999999999999999,1.6,2.0,0.0,0.0,2.8525
foraging-pair-0072268-stay_y,foraging-pair-0072268-stay_y:0,foraging,0,1.5,1.0763767780109932,0.0,2.0,2.0,0.0,0.0,0.0
foraging-pair-0072298-stay_x,foraging-pair-0072298-stay_x:0,foraging,0,3.5,2.2414585487614724,2.0,2.0,0.0,0.0,0.0,0.0
foraging-pair-0072298-stay_x,foraging-pair-0072298-stay_x:1,foraging,1,0.75,2.021151013022722,1.3333333333333333,1.3333333333333333,0.0,0.0,0.0,1.0
foraging-pair-0072298-stay_y,foraging-pair-0072298-stay_y:0,foraging,0,2.875,2.2414585487614724,2.0,2.0,0.0,0.0,0.0,0.0
foraging-pair-0072298-stay_y,foraging-pair-0072298-stay_y:1,foraging,1,0.375,2.021151013022722,1.3333333333333333,1.3333333333333333,0.0,0.0,0.0,1.0
foraging-pair-0072310-stay_x,foraging-pair-0072310-stay_x:0,foraging,0,1.375,0.49383589263575356,-1.0,1.0,2.0,1.0,0.0,0.0
foraging-pair-0072310-stay_x,foraging-pair-0072310-stay_x:1,foraging,1,-0.5,0.2735283568970035,-1.6666666666666667,0.3333333333333332,2.0,1.0,-1.0,1.0
foraging-pair-0072310-stay_y,foraging-pair-0072310-stay_y:0,foraging,0,1.125,0.49383589263575356,-1.0,1.0,2.0,1.0,0.0,0.0
foraging-pair-0072310-stay_y,foraging-pair-0072310-stay_y:1,foraging,1,-0.625,0.2735283568970035,-1.6666666666666667,0.3333333333333332,2.0,1.0,-1.0,1.0
foraging-pair-0072313-stay_x,foraging-pair-0072313-stay_x:0,foraging,0,1.875,1.0763767780109932,0.0,2.0,2.0,0.0,0.0,0.0
foraging-pair-0072313-stay_y,foraging-pair-0072313-stay_y:0,foraging,0,1.5,1.0763767780109932,0.0,2.0,2.0,0.0,0.0,0.0
foraging-pair-0072314-stay_x,foraging-pair-0072314-stay_x:0,foraging,0,1.375,0.49383589263575356,-1.0,1.0,2.0,1.0,0.0,0.0
foraging-pair-0072314-stay_x,foraging-pair-0072314-stay_x:1,foraging,1,1.375,1.0502495373973229,-0.3333333333333335,1.6666666666666663,2.0,1.0,3.0,1.0
foraging-pair-0072314-stay_x,foraging-pair-0072314-stay_x:2,foraging,2,0.5,0.8215393489330025,-1.0,1.0,2.0,1.0,-1.0,1.95
foraging-pair-0072314-stay_y,foraging-pair-0072314-stay_y:0,foraging,0,1.125,0.49383589263575356,-1.0,1.0,2.0,1.0,0.0,0.0
foraging-pair-0072314-stay_y,foraging-pair-0072314-stay_y:1,foraging,1,1.25,1.0502495373973229,-0.3333333333333335,1.6666666666666663,2.0,1.0,3.0,1.0
foraging-pair-0072314-stay_y,foraging-pair-0072314-stay_y:2,foraging,2,0.75,0.8215393489330025,-1.0,1.0,2.0,1.0,-1.0,1.95
foraging-pair-0072317-stay_x,foraging-pair-0072317-stay_x:0,foraging,0,1.375,0.49383589263575356,-1.0,1.0,2.0,1.0,0.0,0.0
foraging-pair-0072317-stay_y,foraging-pair-0072317-stay_y:0,foraging,0,1.125,0.49383589263575356,-1.0,1.0,2.0,1.0,0.0,0.0
foraging-pair-0072321-stay_x,foraging-pair-0072321-stay_x:0,foraging,0,1.375,0.49383589263575356,-1.0,1.0,2.0,1.0,0.0,0.0
foraging-pair-0072321-stay_x,foraging-pair-0072321-stay_x:1,foraging,1,1.375,1.0502495373973229,-0.3333333333333335,1.6666666666666663,2.0,1.0,3.0,1.0
foraging-pair-0072321-stay_x,foraging-pair-0072321-stay_x:2,foraging,2,0.5,0.8215393489330025,-1.0,1.0,2.0,1.0,-1.0,1.95
foraging-pair-0072321-stay_x,foraging-pair-0072321-stay_x:3,foraging,3,-0.375,0.7401908764794536,-1.4,0.6000000000000001,2.0,1.0,-1.0,2.8525
foraging-pair-0072321-stay_x,foraging-pair-0072321-stay_x:4,foraging,4,0.25,1.1172917182412698,-1.0,1.0,2.0,1.0,3.0,3.709875
foraging-pair-0072321-stay_x,foraging-pair-0072321-stay_x:5,foraging,5,-0.5,1.4206122344367578,-0.7142857142857144,1.2857142857142856,2.0,1.0,3.0,4.524381249999999
foraging-pair-0072321-stay_y,foraging-pair-0072321-stay_y:0,foraging,0,1.125,0.49383589263575356,-1.0,1.0,2.0,1.0,0.0,0.0
foraging-pair-0072321-stay_y,foraging-pair-0072321-stay_y:1,foraging,1,1.25,1.0502495373973229,-0.3333333333333335,1.6666666666666663,2.0,1.0,3.0,1.0
foraging-pair-0072323-stay_x,foraging-pair-0072323-stay_x:0,foraging,0,1.375,0.49383589263575356,-1.0,1.0,2.0,1.0,0.0,0.0
foraging-pair-0072323-stay_x,foraging-pair-0072323-stay_x:1,foraging,1,1.375,1.0502495373973229,-0.3333333333333335,1.6666666666666663,2.0,1.0,3.0,1.0
foraging-pair-0072323-stay_x,foraging-pair-0072323-stay_x:2,foraging,2,0.5,0.8215393489330025,-1.0,1.0,2.0,1.0,-1.0,1.95
foraging-pair-0072323-stay_x,foraging-pair-0072323-stay_x:3,foraging,3,-0.375,0.7401908764794536,-1.4,0.6000000000000001,2.0,1.0,-1.0,2.8525
foraging-pair-0072323-stay_y,foraging-pair-0072323-stay_y:0,foraging,0,1.125,0.49383589263575356,-1.0,1.0,2.0,1.0,0.0,0.0
foraging-pair-0072331-stay_x,foraging-pair-0072331-stay_x:0,foraging,0,1.875,1.0763767780109932,0.0,2.0,2.0,0.0,0.0,0.0
foraging-pair-0072331-stay_x,foraging-pair-0072331-stay_x:1,foraging,1,1.5,1.6327904227725625,0.6666666666666665,2.6666666666666665,2.0,0.0,4.0,1.0
foraging-pair-0072331-stay_x,foraging-pair-0072331-stay_x:2,foraging,2,-0.625,1.4040802343082421,0.0,2.0,2.0,0.0,0.0,1.95
foraging-pair-0072331-stay_x,foraging-pair-0072331-stay_x:3,foraging,3,-1.0,1.3227317618546934,-0.3999999999999999,1.6,2.0,0.0,0.0,2.8525
foraging-pair-0072331-stay_x,foraging-pair-0072331-stay_x:4,foraging,4,-1.125,1.3114720133663496,-0.6666666666666667,1.3333333333333333,2.0,0.0,0.0,3.709875
foraging-pair-0072331-stay_y,foraging-pair-0072331-stay_y:0,foraging,0,1.5,1.0763767780109932,0.0,2.0,2.0,0.0,0.0,0.0
foraging-pair-0072331-stay_y,foraging-pair-0072331-stay_y:1,foraging,1,0.875,1.6327904227725625,0.6666666666666665,2.6666666666666665,2.0,0.0,4.0,1.0
foraging-pair-0072331-stay_y,foraging-pair-0072331-stay_y:2,foraging,2,-0.625,1.4040802343082421,0.0,2.0,2.0,0.0,0.0,1.95
foraging-pair-0072331-stay_y,foraging-pair-0072331-stay_y:3,foraging,3,-1.0,1.3227317618546934,-0.3999999999999999,1.6,2.0,0.0,0.0,2.8525
foraging-pair-0072331-stay_y,foraging-pair-0072331-stay_y:4,foraging,4,-1.25,1.3114720133663496,-0.6666666666666667,1.3333333333333333,2.0,0.0,0.0,3.709875
foraging-pair-0072336-stay_x,foraging-pair-0072336-stay_x:0,foraging,0,1.875,1.0763767780109932,0.0,2.0,2.0,0.0,0.0,0.0
foraging-pair-0072336-stay_x,foraging-pair-0072336-stay_x:1,foraging,1,1.5,1.6327904227725625,0.6666666666666665,2.6666666666666665,2.0,0.0,4.0,1.0
foraging-pair-0072336-stay_x,foraging-pair-0072336-stay_x:2,foraging,2,-0.75,1.9866211196834818,1.0,3.0,2.0,0.0,4.0,1.95
foraging-pair-0072336-stay_x,foraging-pair-0072336-stay_x:3,foraging,3,-0.125,2.2547971784550773,1.2000000000000002,3.2,2.0,0.0,4.0,2.8525
foraging-pair-0072336-stay_x,foraging-pair-0072336-stay_x:4,foraging,4,-0.625,2.088193193866669,0.6666666666666665,2.6666666666666665,2.0,0.0,0.0,3.709875
foraging-pair-0072336-stay_y,foraging-pair-0072336-stay_y:0,foraging,0,1.5,1.0763767780109932,0.0,2.0,2.0,0.0,0.0,0.0
foraging-pair-0072336-stay_y,foraging-pair-0072336-stay_y:1,foraging,1,0.875,1.6327904227725625,0.6666666666666665,2.6666666666666665,2.0,0.0,4.0,1.0
foraging-pair-0072336-stay_y,foraging-pair-0072336-stay_y:2,foraging,2,-0.875,1.9866211196834818,1.0,3.0,2.0,0.0,4.0,1.95
foraging-pair-0072336-stay_y,foraging-pair-0072336-stay_y:3,foraging,3,0.0,2.2547971784550773,1.2000000000000002,3.2,2.0,0.0,4.0,2.8525
foraging-pair-0072336-stay_y,foraging-pair-0072336-stay_y:4,foraging,4,-0.25,2.088193193866669,0.6666666666666665,2.6666666666666665,2.0,0.0,0.0,3.709875
foraging-pair-0072356-stay_x,foraging-pair-0072356-stay_x:0,foraging,0,3.5,2.2414585487614724,2.0,2.0,0.0,0.0,0.0,0.0
foraging-pair-0072356-stay_x,foraging-pair-0072356-stay_x:1,foraging,1,1.5,2.797872193523042,2.6666666666666665,2.6666666666666665,0.0,0.0,4.0,1.0
foraging-pair-0072356-stay_x,foraging-pair-0072356-stay_x:2,foraging,2,-0.25,3.151702890433961,3.0,3.0,0.0,0.0,4.0,1.95
foraging-pair-0072356-stay_y,foraging-pair-0072356-stay_y:0,foraging,0,2.875,2.2414585487614724,2.0,2.0,0.0,0.0,0.0,0.0
foraging-pair-0072356-stay_y,foraging-pair-0072356-stay_y:1,foraging,1,1.25,2.797872193523042,2.6666666666666665,2.6666666666666665,0.0,0.0,4.0,1.0
foraging-pair-0072356-stay_y,foraging-pair-0072356-stay_y:2,foraging,2,-0.375,3.151702890433961,3.0,3.0,0.0,0.0,4.0,1.95
foraging-pair-0072362-stay_x,foraging-pair-0072362-stay_x:0,foraging,0,1.375,0.49383589263575356,-1.0,1.0,2.0,1.0,0.0,0.0
foraging-pair-0072362-stay_x,foraging-pair-0072362-stay_x:1,foraging,1,-0.5,0.2735283568970035,-1.6666666666666667,0.3333333333333332,2.0,1.0,-1.0,1.0
foraging-pair-0072362-stay_x,foraging-pair-0072362-stay_x:2,foraging,2,-1.125,0.23899846355776244,-2.0,0.0,2.0,1.0,-1.0,1.95
foraging-pair-0072362-stay_y,foraging-pair-0072362-stay_y:0,foraging,0,1.125,0.49383589263575356,-1.0,1.0,2.0,1.0,0.0,0.0
foraging-pair-0072362-stay_y,foraging-pair-0072362-stay_y:1,foraging,1,-0.625,0.2735283568970035,-1.6666666666666667,0.3333333333333332,2.0,1.0,-1.0,1.0
foraging-pair-0072362-stay_y,foraging-pair-0072362-stay_y:2,foraging,2,-1.625,0.23899846355776244,-2.0,0.0,2.0,1.0,-1.0,1.95
foraging-pair-0072370-stay_x,foraging-pair-0072370-stay_x:0,foraging,0,3.5,2.2414585487614724,2.0,2.0,0.0,0.0,0.0,0.0
foraging-pair-0072370-stay_x,foraging-pair-0072370-stay_x:1,foraging,1,0.75,2.021151013022722,1.3333333333333333,1.3333333333333333,0.0,0.0,0.0,1.0
foraging-pair-0072370-stay_x,foraging-pair-0072370-stay_x:2,foraging,2,-1.125,1.9866211196834818,1.0,1.0,0.0,0.0,0.0,1.95
foraging-pair-0072370-stay_y,foraging-pair-0072370-stay_y:0,foraging,0,2.875,2.2414585487614724,2.0,2.0,0.0,0.0,0.0,0.0
foraging-pair-0072370-stay_y,foraging-pair-0072370-stay_y:1,foraging,1,0.375,2.021151013022722,1.3333333333333333,1.3333333333333333,0.0,0.0,0.0,1.0
foraging-pair-0072370-stay_y,foraging-pair-0072370-stay_y:2,foraging,2,-1.5,1.9866211196834818,1.0,1.0,0.0,0.0,0.0,1.95
foraging-pair-0072371-stay_x,foraging-pair-0072371-stay_x:0,foraging,0,1.375,0.49383589263575356,-1.0,1.0,2.0,1.0,0.0,0.0
foraging-pair-0072371-stay_x,foraging-pair-0072371-stay_x:1,foraging,1,-0.5,0.2735283568970035,-1.6666666666666667,0.3333333333333332,2.0,1.0,-1.0,1.0
foraging-pair-0072371-stay_y,foraging-pair-0072371-stay_y:0,foraging,0,1.125,0.49383589263575356,-1.0,1.0,2.0,1.0,0.0,0.0
foraging-pair-0072371-stay_y,foraging-pair-0072371-stay_y:1,foraging,1,-0.625,0.2735283568970035,-1.6666666666666667,0.3333333333333332,2.0,1.0,-1.0,1.0
foraging-pair-0072374-stay_x,foraging-pair-0072374-stay_x:0,foraging,0,3.5,2.2414585487614724,2.0,2.0,0.0,0.0,0.0,0.0
foraging-pair-0072374-stay_x,foraging-pair-0072374-stay_x:1,foraging,1,1.5,2.797872193523042,2.6666666666666665,2.6666666666666665,0.0,0.0,4.0,1.0
foraging-pair-0072374-stay_x,foraging-pair-0072374-stay_x:2,foraging,2,-0.25,3.151702890433961,3.0,3.0,0.0,0.0,4.0,1.95
foraging-pair-0072374-stay_x,foraging-pair-0072374-stay_x:3,foraging,3,-1.125,2.9538462409053645,2.4,2.4,0.0,0.0,0.0,2.8525
foraging-pair-0072374-stay_y,foraging-pair-0072374-stay_y:0,foraging,0,2.875,2.2414585487614724,2.0,2.0,0.0,0.0,0.0,0.0
foraging-pair-0072374-stay_y,foraging-pair-0072374-stay_y:1,foraging,1,1.25,2.797872193523042,2.6666666666666665,2.6666666666666665,0.0,0.0,4.0,1.0
foraging-pair-0072374-stay_y,foraging-pair-0072374-stay_y:2,foraging,2,-0.375,3.151702890433961,3.0,3.0,0.0,0.0,4.0,1.95
foraging-pair-0072374-stay_y,foraging-pair-0072374-stay_y:3,foraging,3,-0.5,2.9538462409053645,2.4,2.4,0.0,0.0,0.0,2.8525
foraging-pair-0072379-stay_x,foraging-pair-0072379-stay_x:0,foraging,0,1.875,1.0763767780109932,0.0,2.0,2.0,0.0,0.0,0.0
foraging-pair-0072379-stay_x,foraging-pair-0072379-stay_x:1,foraging,1,1.5,1.6327904227725625,0.6666666666666665,2.6666666666666665,2.0,0.0,4.0,1.0
foraging-pair-0072379-stay_x,foraging-pair-0072379-stay_x:2,foraging,2,-0.75,1.9866211196834818,1.0,3.0,2.0,0.0,4.0,1.95
foraging-pair-0072379-stay_x,foraging-pair-0072379-stay_x:3,foraging,3,-0.125,2.2547971784550773,1.2000000000000002,3.2,2.0,0.0,4.0,2.8525
foraging-pair-0072379-stay_x,foraging-pair-0072379-stay_x:4,foraging,4,-0.625,2.088193193866669,0.6666666666666665,2.6666666666666665,2.0,0.0,0.0,3.709875
foraging-pair-0072379-stay_y,foraging-pair-0072379-stay_y:0,foraging,0,1.5,1.0763767780109932,0.0,2.0,2.0,0.0,0.0,0.0
foraging-pair-0072379-stay_y,foraging-pair-0072379-stay_y:1,foraging,1,0.875,1.6327904227725625,0.6666666666666665,2.6666666666666665,2.0,0.0,4.0,1.0
foraging-pair-0072379-stay_y,foraging-pair-0072379-stay_y:2,foraging,2,-0.875,1.9866211196834818,1.0,3.0,2.0,0.0,4.0,1.95
foraging-pair-0072379-stay_y,foraging-pair-0072379-stay_y:3,foraging,3,0.0,2.2547971784550773,1.2000000000000002,3.2,2.0,0.0,4.0,2.8525
foraging-pair-0072379-stay_y,foraging-pair-0072379-stay_y:4,foraging,4,-0.25,2.088193193866669,0.6666666666666665,2.6666666666666665,2.0,0.0,0.0,3.709875
foraging-pair-0072384-stay_x,foraging-pair-0072384-stay_x:0,foraging,0,1.875,1.0763767780109932,0.0,2.0,2.0,0.0,0.0,0.0
foraging-pair-0072384-stay_x,foraging-pair-0072384-stay_x:1,foraging,1,0.375,0.8560692422722431,-0.6666666666666667,1.3333333333333333,2.0,0.0,0.0,1.0
foraging-pair-0072384-stay_x,foraging-pair-0072384-stay_x:2,foraging,2,-0.875,0.8215393489330025,-1.0,1.0,2.0,0.0,0.0,1.95
foraging-pair-0072384-stay_x,foraging-pair-0072384-stay_x:3,foraging,3,0.0,1.3227317618546934,-0.3999999999999999,1.6,2.0,0.0,4.0,2.8525
foraging-pair-0072384-stay_x,foraging-pair-0072384-stay_x:4,foraging,4,-0.125,1.6998326036165095,0.0,2.0,2.0,0.0,4.0,3.709875
foraging-pair-0072384-stay_y,foraging-pair-0072384-stay_y:0,foraging,0,1.5,1.0763767780109932,0.0,2.0,2.0,0.0,0.0,0.0
foraging-pair-0072384-stay_y,foraging-pair-0072384-stay_y:1,foraging,1,-0.375,0.8560692422722431,-0.6666666666666667,1.3333333333333333,2.0,0.0,0.0,1.0
foraging-pair-0072389-stay_x,foraging-pair-0072389-stay_x:0,foraging,0,1.375,0.49383589263575356,-1.0,1.0,2.0,1.0,0.0,0.0
foraging-pair-0072389-stay_x,foraging-pair-0072389-stay_x:1,foraging,1,-0.5,0.2735283568970035,-1.6666666666666667,0.3333333333333332,2.0,1.0,-1.0,1.0
foraging-pair-0072389-stay_y,foraging-pair-0072389-stay_y:0,foraging,0,1.125,0.49383589263575356,-1.0,1.0,2.0,1.0,0.0,0.0
foraging-pair-0072389-stay_y,foraging-pair-0072389-stay_y:1,foraging,1,-0.625,0.2735283568970035,-1.6666666666666667,0.3333333333333332,2.0,1.0,-1.0,1.0
foraging-pair-0072391-stay_x,foraging-pair-0072391-stay_x:0,foraging,0,2.375,1.6589176633862328,1.0,1.0,0.0,1.0,0.0,0.0
foraging-pair-0072391-stay_x,foraging-pair-0072391-stay_x:1,foraging,1,-0.375,1.4386101276474828,0.3333333333333332,0.3333333333333332,0.0,1.0,-1.0,1.0
foraging-pair-0072391-stay_x,foraging-pair-0072391-stay_x:2,foraging,2,0.5,1.9866211196834818,1.0,1.0,0.0,1.0,3.0,1.95
foraging-pair-0072391-stay_y,foraging-pair-0072391-stay_y:0,foraging,0,2.0,1.6589176633862328,1.0,1.0,0.0,1.0,0.0,0.0
foraging-pair-0072391-stay_y,foraging-pair-0072391-stay_y:1,foraging,1,-0.875,1.4386101276474828,0.3333333333333332,0.3333333333333332,0.0,1.0,-1.0,1.0
foraging-pair-0072393-stay_x,foraging-pair-0072393-stay_x:0,foraging,0,1.375,0.49383589263575356,-1.0,1.0,2.0,1.0,0.0,0.0
foraging-pair-0072393-stay_x,foraging-pair-0072393-stay_x:1,foraging,1,1.375,1.0502495373973229,-0.3333333333333335,1.6666666666666663,2.0,1.0,3.0,1.0
foraging-pair-0072393-stay_y,foraging-pair-0072393-stay_y:0,foraging,0,1.125,0.49383589263575356,-1.0,1.0,2.0,1.0,0.0,0.0
foraging-pair-0072393-stay_y,foraging-pair-0072393-stay_y:1,foraging,1,1.25,1.0502495373973229,-0.3333333333333335,1.6666666666666663,2.0,1.0,3.0,1.0
foraging-pair-0072394-stay_x,foraging-pair-0072394-stay_x:0,foraging,0,3.5,2.2414585487614724,2.0,2.0,0.0,0.0,0.0,0.0
foraging-pair-0072394-stay_x,foraging-pair-0072394-stay_x:1,foraging,1,0.75,2.021151013022722,1.3333333333333333,1.3333333333333333,0.0,0.0,0.0,1.0
foraging-pair-0072394-stay_y,foraging-pair-0072394-stay_y:0,foraging,0,2.875,2.2414585487614724,2.0,2.0,0.0,0.0,0.0,0.0
foraging-pair-0072394-stay_y,foraging-pair-0072394-stay_y:1,foraging,1,0.375,2.021151013022722,1.3333333333333333,1.3333333333333333,0.0,0.0,0.0,1.0
foraging-pair-0072404-stay_x,foraging-pair-0072404-stay_x:0,foraging,0,3.5,2.2414585487614724,2.0,2.0,0.0,0.0,0.0,0.0
foraging-pair-0072404-stay_x,foraging-pair-0072404-stay_x:1,foraging,1,1.5,2.797872193523042,2.6666666666666665,2.6666666666666665,0.0,0.0,4.0,1.0
foraging-pair-0072404-stay_x,foraging-pair-0072404-stay_x:2,foraging,2,-1.125,2.5691620050587214,2.0,2.0,0.0,0.0,0.0,1.95
foraging-pair-0072404-stay_x,foraging-pair-0072404-stay_x:3,foraging,3,-1.25,2.4878135326051725,1.6,1.6,0.0,0.0,0.0,2.8525
foraging-pair-0072404-stay_x,foraging-pair-0072404-stay_x:4,foraging,4,-1.25,2.476553784116829,1.3333333333333333,1.3333333333333333,0.0,0.0,0.0,3.709875
foraging-pair-0072404-stay_y,foraging-pair-0072404-stay_y:0,foraging,0,2.875,2.2414585487614724,2.0,2.0,0.0,0.0,0.0,0.0
foraging-pair-0072404-stay_y,foraging-pair-0072404-stay_y:1,foraging,1,1.25,2.797872193523042,2.6666666666666665,2.6666666666666665,0.0,0.0,4.0,1.0
foraging-pair-0072404-stay_y,foraging-pair-0072404-stay_y:2,foraging,2,-0.875,2.5691620050587214,2.0,2.0,0.0,0.0,0.0,1.95
foraging-pair-0072404-stay_y,foraging-pair-0072404-stay_y:3,foraging,3,-1.0,2.4878135326051725,1.6,1.6,0.0,0.0,0.0,2.8525
foraging-pair-0072404-stay_y,foraging-pair-0072404-stay_y:4,foraging,4,-1.25,2.476553784116829,1.3333333333333333,1.3333333333333333,0.0,0.0,0.0,3.709875
solvability-pair-0072037-try_again_m,solvability-pair-0072037-try_again_m:0,solvability,0,-0.125,-0.3799754354271063,-2.5,-0.5,2.0,1.0,0.0,0.0
solvability-pair-0072037-try_again_n,solvability-pair-0072037-try_again_n:0,solvability,0,-1.25,-0.3799754354271063,-2.5,-0.5,2.0,1.0,0.0,0.0
solvability-pair-0072040-try_again_m,solvability-pair-0072040-try_again_m:0,solvability,0,3.25,0.9307415566671828,-0.25,-0.25,0.0,1.0,0.0,0.0
solvability-pair-0072040-try_again_m,solvability-pair-0072040-try_again_m:1,solvability,1,7.75,1.147339684959863,-0.1666666666666666,-0.1666666666666666,0.0,1.0,1.0,1.0
solvability-pair-0072040-try_again_m,solvability-pair-0072040-try_again_m:2,solvability,2,4.75,1.331262623636337,-0.125,-0.125,0.0,1.0,2.0,1.95
solvability-pair-0072040-try_again_m,solvability-pair-0072040-try_again_m:3,solvability,3,3.75,1.4974940274672652,-0.0999999999999999,-0.0999999999999999,0.0,1.0,3.0,2.8525
solvability-pair-0072040-try_again_m,solvability-pair-0072040-try_again_m:4,solvability,4,2.125,1.6512875298352392,-0.0833333333333333,-0.0833333333333333,0.0,1.0,4.0,3.709875
solvability-pair-0072040-try_again_n,solvability-pair-0072040-try_again_n:0,solvability,0,1.125,0.9307415566671828,-0.25,-0.25,0.0,1.0,0.0,0.0
solvability-pair-0072040-try_again_n,solvability-pair-0072040-try_again_n:1,solvability,1,8.625,1.147339684959863,-0.1666666666666666,-0.1666666666666666,0.0,1.0,1.0,1.0
solvability-pair-0072040-try_again_n,solvability-pair-0072040-try_again_n:2,solvability,2,6.0,1.331262623636337,-0.125,-0.125,0.0,1.0,2.0,1.95
solvability-pair-0072040-try_again_n,solvability-pair-0072040-try_again_n:3,solvability,3,4.75,1.4974940274672652,-0.0999999999999999,-0.0999999999999999,0.0,1.0,3.0,2.8525
solvability-pair-0072040-try_again_n,solvability-pair-0072040-try_again_n:4,solvability,4,2.625,1.6512875298352392,-0.0833333333333333,-0.0833333333333333,0.0,1.0,4.0,3.709875
solvability-pair-0072043-try_again_m,solvability-pair-0072043-try_again_m:0,solvability,0,0.0,1.2220119993548026,0.25,0.25,0.0,0.0,0.0,0.0
solvability-pair-0072043-try_again_m,solvability-pair-0072043-try_again_m:1,solvability,1,-3.625,1.3415199800849427,0.1666666666666666,0.1666666666666666,0.0,0.0,0.0,1.0
solvability-pair-0072043-try_again_n,solvability-pair-0072043-try_again_n:0,solvability,0,-1.25,1.2220119993548026,0.25,0.25,0.0,0.0,0.0,0.0
solvability-pair-0072045-try_again_m,solvability-pair-0072045-try_again_m:0,solvability,0,-0.5,0.639471113979563,-0.75,-0.75,0.0,1.0,0.0,0.0
solvability-pair-0072045-try_again_n,solvability-pair-0072045-try_again_n:0,solvability,0,-1.25,0.639471113979563,-0.75,-0.75,0.0,1.0,0.0,0.0
solvability-pair-0072047-try_again_m,solvability-pair-0072047-try_again_m:0,solvability,0,2.75,-0.23434021408329642,-2.25,-0.25,2.0,1.0,0.0,0.0
solvability-pair-0072047-try_again_m,solvability-pair-0072047-try_again_m:1,solvability,1,-2.5,-0.21192238091569648,-2.5,-0.5,2.0,1.0,0.0,1.0
solvability-pair-0072047-try_again_n,solvability-pair-0072047-try_again_n:0,solvability,0,0.75,-0.23434021408329642,-2.25,-0.25,2.0,1.0,0.0,0.0
solvability-pair-0072047-try_again_n,solvability-pair-0072047-try_again_n:1,solvability,1,-2.375,-0.21192238091569648,-2.5,-0.5,2.0,1.0,0.0,1.0
solvability-pair-0072051-try_again_m,solvability-pair-0072051-try_again_m:0,solvability,0,-0.75,-0.5256106567709162,-2.75,-0.75,2.0,1.0,0.0,0.0
solvability-pair-0072051-try_again_m,solvability-pair-0072051-try_again_m:1,solvability,1,-3.25,-0.4061026760407762,-2.8333333333333335,-0.8333333333333334,2.0,1.0,0.0,1.0
solvability-pair-0072051-try_again_n,solvability-pair-0072051-try_again_n:0,solvability,0,-1.5,-0.5256106567709162,-2.75,-0.75,2.0,1.0,0.0,0.0
solvability-pair-0072055-try_again_m,solvability-pair-0072055-try_again_m:0,solvability,0,0.0,1.2220119993548026,0.25,0.25,0.0,0.0,0.0,0.0
solvability-pair-0072055-try_again_n,solvability-pair-0072055-try_again_n:0,solvability,0,-1.25,1.2220119993548026,0.25,0.25,0.0,0.0,0.0,0.0
solvability-pair-0072059-try_again_m,solvability-pair-0072059-try_again_m:0,solvability,0,2.75,-0.23434021408329642,-2.25,-0.25,2.0,1.0,0.0,0.0
solvability-pair-0072059-try_again_m,solvability-pair-0072059-try_again_m:1,solvability,1,7.375,-0.017742085790616535,-2.1666666666666665,-0.1666666666666666,2.0,1.0,1.0,1.0
solvability-pair-0072059-try_again_m,solvability-pair-0072059-try_again_m:2,solvability,2,3.75,0.1661808528858575,-2.125,-0.125,2.0,1.0,2.0,1.95
solvability-pair-0072059-try_again_m,solvability-pair-0072059-try_again_m:3,solvability,3,2.75,0.332412256716786,-2.1,-0.0999999999999999,2.0,1.0,3.0,2.8525
solvability-pair-0072059-try_again_m,solvability-pair-0072059-try_again_m:4,solvability,4,1.625,0.4862057590847597,-2.0833333333333335,-0.0833333333333333,2.0,1.0,4.0,3.709875
solvability-pair-0072059-try_again_m,solvability-pair-0072059-try_again_m:5,solvability,5,0.875,0.630021032856075,-2.071428571428571,-0.0714285714285714,2.0,1.0,5.0,4.524381249999999
solvability-pair-0072059-try_again_m,solvability-pair-0072059-try_again_m:6,solvability,6,0.75,0.7652585408307884,-2.0625,-0.0625,2.0,1.0,6.0,5.298162187499999
solvability-pair-0072059-try_again_m,solvability-pair-0072059-try_again_m:7,solvability,7,-3.0,0.8281116361702993,-2.1666666666666665,-0.1666666666666666,2.0,1.0,6.0,6.033254078124999
solvability-pair-0072059-try_again_n,solvability-pair-0072059-try_again_n:0,solvability,0,0.75,-0.23434021408329642,-2.25,-0.25,2.0,1.0,0.0,0.0
solvability-pair-0072059-try_again_n,solvability-pair-0072059-try_again_n:1,solvability,1,7.75,-0.017742085790616535,-2.1666666666666665,-0.1666666666666666,2.0,1.0,1.0,1.0
solvability-pair-0072059-try_again_n,solvability-pair-0072059-try_again_n:2,solvability,2,5.0,0.1661808528858575,-2.125,-0.125,2.0,1.0,2.0,1.95
solvability-pair-0072059-try_again_n,solvability-pair-0072059-try_again_n:3,solvability,3,3.875,0.332412256716786,-2.1,-0.0999999999999999,2.0,1.0,3.0,2.8525
solvability-pair-0072059-try_again_n,solvability-pair-0072059-try_again_n:4,solvability,4,1.875,0.4862057590847597,-2.0833333333333335,-0.0833333333333333,2.0,1.0,4.0,3.709875
solvability-pair-0072059-try_again_n,solvability-pair-0072059-try_again_n:5,solvability,5,0.75,0.630021032856075,-2.071428571428571,-0.0714285714285714,2.0,1.0,5.0,4.524381249999999
solvability-pair-0072059-try_again_n,solvability-pair-0072059-try_again_n:6,solvability,6,0.75,0.7652585408307884,-2.0625,-0.0625,2.0,1.0,6.0,5.298162187499999
solvability-pair-0072059-try_again_n,solvability-pair-0072059-try_again_n:7,solvability,7,-3.125,0.8281116361702993,-2.1666666666666665,-0.1666666666666666,2.0,1.0,6.0,6.033254078124999
solvability-pair-0072065-try_again_m,solvability-pair-0072065-try_again_m:0,solvability,0,0.5,0.2025654499481333,-1.5,0.5,2.0,0.0,0.0,0.0
solvability-pair-0072065-try_again_n,solvability-pair-0072065-try_again_n:0,solvability,0,-1.0,0.2025654499481333,-1.5,0.5,2.0,0.0,0.0,0.0
solvability-pair-0072068-try_again_m,solvability-pair-0072068-try_again_m:0,solvability,0,-0.375,0.056930228604323396,-1.75,0.25,2.0,0.0,0.0,0.0
solvability-pair-0072068-try_again_n,solvability-pair-0072068-try_again_n:0,solvability,0,-1.375,0.056930228604323396,-1.75,0.25,2.0,0.0,0.0,0.0
solvability-pair-0072069-try_again_m,solvability-pair-0072069-try_again_m:0,solvability,0,-0.5,0.639471113979563,-0.75,-0.75,0.0,1.0,0.0,0.0
solvability-pair-0072069-try_again_n,solvability-pair-0072069-try_again_n:0,solvability,0,-1.25,0.639471113979563,-0.75,-0.75,0.0,1.0,0.0,0.0
solvability-pair-0072082-try_again_m,solvability-pair-0072082-try_again_m:0,solvability,0,4.125,1.513282442042423,0.75,0.75,0.0,0.0,0.0,0.0
solvability-pair-0072082-try_again_m,solvability-pair-0072082-try_again_m:1,solvability,1,8.5,1.7298805703351026,0.8333333333333334,0.8333333333333334,0.0,0.0,1.0,1.0
solvability-pair-0072082-try_again_m,solvability-pair-0072082-try_again_m:2,solvability,2,1.625,1.7681682876677667,0.625,0.625,0.0,0.0,1.0,1.95
solvability-pair-0072082-try_again_n,solvability-pair-0072082-try_again_n:0,solvability,0,1.5,1.513282442042423,0.75,0.75,0.0,0.0,0.0,0.0
solvability-pair-0072082-try_again_n,solvability-pair-0072082-try_again_n:1,solvability,1,9.5,1.7298805703351026,0.8333333333333334,0.8333333333333334,0.0,0.0,1.0,1.0
solvability-pair-0072082-try_again_n,solvability-pair-0072082-try_again_n:2,solvability,2,3.0,1.7681682876677667,0.625,0.625,0.0,0.0,1.0,1.95
solvability-pair-0072082-try_again_n,solvability-pair-0072082-try_again_n:3,solvability,3,5.625,1.9635267357674568,0.7,0.7,0.0,0.0,2.0,2.8525
solvability-pair-0072082-try_again_n,solvability-pair-0072082-try_again_n:4,solvability,4,4.125,2.136738267647939,0.75,0.75,0.0,0.0,3.0,3.709875
solvability-pair-0072082-try_again_n,solvability-pair-0072082-try_again_n:5,solvability,5,1.875,2.294423562499617,0.7857142857142857,0.7857142857142857,0.0,0.0,4.0,4.524381249999999
solvability-pair-0072088-try_again_m,solvability-pair-0072088-try_again_m:0,solvability,0,3.25,0.9307415566671828,-0.25,-0.25,0.0,1.0,0.0,0.0
solvability-pair-0072088-try_again_m,solvability-pair-0072088-try_again_m:1,solvability,1,7.75,1.147339684959863,-0.1666666666666666,-0.1666666666666666,0.0,1.0,1.0,1.0
solvability-pair-0072088-try_again_m,solvability-pair-0072088-try_again_m:2,solvability,2,4.75,1.331262623636337,-0.125,-0.125,0.0,1.0,2.0,1.95
solvability-pair-0072088-try_again_m,solvability-pair-0072088-try_again_m:3,solvability,3,3.75,1.4974940274672652,-0.0999999999999999,-0.0999999999999999,0.0,1.0,3.0,2.8525
solvability-pair-0072088-try_again_m,solvability-pair-0072088-try_again_m:4,solvability,4,2.125,1.6512875298352392,-0.0833333333333333,-0.0833333333333333,0.0,1.0,4.0,3.709875
solvability-pair-0072088-try_again_m,solvability-pair-0072088-try_again_m:5,solvability,5,1.375,1.7951028036065546,-0.0714285714285714,-0.0714285714285714,0.0,1.0,5.0,4.524381249999999
solvability-pair-0072088-try_again_m,solvability-pair-0072088-try_again_m:6,solvability,6,1.5,1.9303403115812676,-0.0625,-0.0625,0.0,1.0,6.0,5.298162187499999
solvability-pair-0072088-try_again_n,solvability-pair-0072088-try_again_n:0,solvability,0,1.125,0.9307415566671828,-0.25,-0.25,0.0,1.0,0.0,0.0
solvability-pair-0072088-try_again_n,solvability-pair-0072088-try_again_n:1,solvability,1,8.625,1.147339684959863,-0.1666666666666666,-0.1666666666666666,0.0,1.0,1.0,1.0
solvability-pair-0072088-try_again_n,solvability-pair-0072088-try_again_n:2,solvability,2,6.0,1.331262623636337,-0.125,-0.125,0.0,1.0,2.0,1.95
solvability-pair-0072088-try_again_n,solvability-pair-0072088-try_again_n:3,solvability,3,4.75,1.4974940274672652,-0.0999999999999999,-0.0999999999999999,0.0,1.0,3.0,2.8525
solvability-pair-0072088-try_again_n,solvability-pair-0072088-try_again_n:4,solvability,4,2.625,1.6512875298352392,-0.0833333333333333,-0.0833333333333333,0.0,1.0,4.0,3.709875
solvability-pair-0072088-try_again_n,solvability-pair-0072088-try_again_n:5,solvability,5,1.125,1.7951028036065546,-0.0714285714285714,-0.0714285714285714,0.0,1.0,5.0,4.524381249999999
solvability-pair-0072088-try_again_n,solvability-pair-0072088-try_again_n:6,solvability,6,1.25,1.9303403115812676,-0.0625,-0.0625,0.0,1.0,6.0,5.298162187499999
solvability-pair-0072101-try_again_m,solvability-pair-0072101-try_again_m:0,solvability,0,0.5,0.2025654499481333,-1.5,0.5,2.0,0.0,0.0,0.0
solvability-pair-0072101-try_again_m,solvability-pair-0072101-try_again_m:1,solvability,1,6.25,0.4677086520220832,-1.3333333333333337,0.6666666666666666,2.0,0.0,1.0,1.0
solvability-pair-0072101-try_again_m,solvability-pair-0072101-try_again_m:2,solvability,2,0.5,0.5302689062453823,-1.5,0.5,2.0,0.0,1.0,1.95
solvability-pair-0072101-try_again_m,solvability-pair-0072101-try_again_m:3,solvability,3,2.25,0.7401908764794536,-1.4,0.6,2.0,0.0,2.0,2.8525
solvability-pair-0072101-try_again_n,solvability-pair-0072101-try_again_n:0,solvability,0,-1.0,0.2025654499481333,-1.5,0.5,2.0,0.0,0.0,0.0
solvability-pair-0072136-try_again_m,solvability-pair-0072136-try_again_m:0,solvability,0,3.25,0.9307415566671828,-0.25,-0.25,0.0,1.0,0.0,0.0
solvability-pair-0072136-try_again_m,solvability-pair-0072136-try_again_m:1,solvability,1,-2.75,0.9531593898347828,-0.5,-0.5,0.0,1.0,0.0,1.0
solvability-pair-0072136-try_again_n,solvability-pair-0072136-try_again_n:0,solvability,0,1.125,0.9307415566671828,-0.25,-0.25,0.0,1.0,0.0,0.0
solvability-pair-0072136-try_again_n,solvability-pair-0072136-try_again_n:1,solvability,1,-2.375,0.9531593898347828,-0.5,-0.5,0.0,1.0,0.0,1.0
solvability-pair-0072137-try_again_m,solvability-pair-0072137-try_again_m:0,solvability,0,0.5,0.2025654499481333,-1.5,0.5,2.0,0.0,0.0,0.0
solvability-pair-0072137-try_again_m,solvability-pair-0072137-try_again_m:1,solvability,1,6.25,0.4677086520220832,-1.3333333333333337,0.6666666666666666,2.0,0.0,1.0,1.0
solvability-pair-0072137-try_again_m,solvability-pair-0072137-try_again_m:2,solvability,2,0.5,0.5302689062453823,-1.5,0.5,2.0,0.0,1.0,1.95
solvability-pair-0072137-try_again_n,solvability-pair-0072137-try_again_n:0,solvability,0,-1.0,0.2025654499481333,-1.5,0.5,2.0,0.0,0.0,0.0
solvability-pair-0072139-try_again_m,solvability-pair-0072139-try_again_m:0,solvability,0,0.0,1.2220119993548026,0.25,0.25,0.0,0.0,0.0,0.0
solvability-pair-0072139-try_again_n,solvability-pair-0072139-try_again_n:0,solvability,0,-1.25,1.2220119993548026,0.25,0.25,0.0,0.0,0.0,0.0
solvability-pair-0072146-try_again_m,solvability-pair-0072146-try_again_m:0,solvability,0,0.25,0.7851063353233729,-0.5,-0.5,0.0,1.0,0.0,0.0
solvability-pair-0072146-try_again_m,solvability-pair-0072146-try_again_m:1,solvability,1,-3.375,0.8560692422722431,-0.6666666666666667,-0.6666666666666667,0.0,1.0,0.0,1.0
solvability-pair-0072146-try_again_n,solvability-pair-0072146-try_again_n:0,solvability,0,-1.0,0.7851063353233729,-0.5,-0.5,0.0,1.0,0.0,0.0
solvability-pair-0072158-try_again_m,solvability-pair-0072158-try_again_m:0,solvability,0,0.25,0.7851063353233729,-0.5,-0.5,0.0,1.0,0.0,0.0
solvability-pair-0072158-try_again_n,solvability-pair-0072158-try_again_n:0,solvability,0,-1.0,0.7851063353233729,-0.5,-0.5,0.0,1.0,0.0,0.0
solvability-pair-0072159-try_again_m,solvability-pair-0072159-try_again_m:0,solvability,0,-0.75,-0.5256106567709162,-2.75,-0.75,2.0,1.0,0.0,0.0
solvability-pair-0072159-try_again_n,solvability-pair-0072159-try_again_n:0,solvability,0,-1.5,-0.5256106567709162,-2.75,-0.75,2.0,1.0,0.0,0.0
solvability-pair-0072161-try_again_m,solvability-pair-0072161-try_again_m:0,solvability,0,0.5,0.2025654499481333,-1.5,0.5,2.0,0.0,0.0,0.0
solvability-pair-0072161-try_again_m,solvability-pair-0072161-try_again_m:1,solvability,1,6.25,0.4677086520220832,-1.3333333333333337,0.6666666666666666,2.0,0.0,1.0,1.0
solvability-pair-0072161-try_again_m,solvability-pair-0072161-try_again_m:2,solvability,2,2.875,0.6759041275891922,-1.25,0.75,2.0,0.0,2.0,1.95
solvability-pair-0072161-try_again_m,solvability-pair-0072161-try_again_m:3,solvability,3,2.625,0.8566990535545014,-1.2,0.8,2.0,0.0,3.0,2.8525
solvability-pair-0072161-try_again_m,solvability-pair-0072161-try_again_m:4,solvability,4,2.0,1.0202015706787302,-1.1666666666666663,0.8333333333333334,2.0,0.0,4.0,3.709875
solvability-pair-0072161-try_again_m,solvability-pair-0072161-try_again_m:5,solvability,5,1.25,1.1709518549902262,-1.1428571428571428,0.8571428571428571,2.0,0.0,5.0,4.524381249999999
solvability-pair-0072161-try_again_m,solvability-pair-0072161-try_again_m:6,solvability,6,-1.25,1.2385730101981705,-1.25,0.75,2.0,0.0,5.0,5.298162187499999
solvability-pair-0072161-try_again_n,solvability-pair-0072161-try_again_n:0,solvability,0,-1.0,0.2025654499481333,-1.5,0.5,2.0,0.0,0.0,0.0
solvability-pair-0072162-try_again_m,solvability-pair-0072162-try_again_m:0,solvability,0,1.125,1.367647220698613,0.5,0.5,0.0,0.0,0.0,0.0
solvability-pair-0072162-try_again_m,solvability-pair-0072162-try_again_m:1,solvability,1,6.875,1.6327904227725625,0.6666666666666666,0.6666666666666666,0.0,0.0,1.0,1.0
solvability-pair-0072162-try_again_m,solvability-pair-0072162-try_again_m:2,solvability,2,3.375,1.8409858983396719,0.75,0.75,0.0,0.0,2.0,1.95
solvability-pair-0072162-try_again_m,solvability-pair-0072162-try_again_m:3,solvability,3,3.25,2.0217808243049813,0.8,0.8,0.0,0.0,3.0,2.8525
solvability-pair-0072162-try_again_m,solvability-pair-0072162-try_again_m:4,solvability,4,-0.125,2.088193193866669,0.6666666666666666,0.6666666666666666,0.0,0.0,3.0,3.709875
solvability-pair-0072162-try_again_m,solvability-pair-0072162-try_again_m:5,solvability,5,1.25,2.2528134992585285,0.7142857142857143,0.7142857142857143,0.0,0.0,4.0,4.524381249999999
solvability-pair-0072162-try_again_n,solvability-pair-0072162-try_again_n:0,solvability,0,-0.625,1.367647220698613,0.5,0.5,0.0,0.0,0.0,0.0
solvability-pair-0072163-try_again_m,solvability-pair-0072163-try_again_m:0,solvability,0,0.0,1.2220119993548026,0.25,0.25,0.0,0.0,0.0,0.0
solvability-pair-0072163-try_again_n,solvability-pair-0072163-try_again_n:0,solvability,0,-1.25,1.2220119993548026,0.25,0.25,0.0,0.0,0.0,0.0
solvability-pair-0072182-try_again_m,solvability-pair-0072182-try_again_m:0,solvability,0,0.25,0.7851063353233729,-0.5,-0.5,0.0,1.0,0.0,0.0
solvability-pair-0072182-try_again_m,solvability-pair-0072182-try_again_m:1,solvability,1,6.125,1.0502495373973229,-0.3333333333333333,-0.3333333333333333,0.0,1.0,1.0,1.0
solvability-pair-0072182-try_again_m,solvability-pair-0072182-try_again_m:2,solvability,2,2.875,1.2584450129644318,-0.25,-0.25,0.0,1.0,2.0,1.95
solvability-pair-0072182-try_again_m,solvability-pair-0072182-try_again_m:3,solvability,3,0.25,1.3227317618546934,-0.4,-0.4,0.0,1.0,2.0,2.8525
solvability-pair-0072182-try_again_n,solvability-pair-0072182-try_again_n:0,solvability,0,-1.0,0.7851063353233729,-0.5,-0.5,0.0,1.0,0.0,0.0
solvability-pair-0072185-try_again_m,solvability-pair-0072185-try_again_m:0,solvability,0,0.5,0.2025654499481333,-1.5,0.5,2.0,0.0,0.0,0.0
solvability-pair-0072185-try_again_m,solvability-pair-0072185-try_again_m:1,solvability,1,-3.125,0.2735283568970035,-1.6666666666666667,0.3333333333333333,2.0,0.0,0.0,1.0
solvability-pair-0072185-try_again_n,solvability-pair-0072185-try_again_n:0,solvability,0,-1.0,0.2025654499481333,-1.5,0.5,2.0,0.0,0.0,0.0
solvability-pair-0072185-try_again_n,solvability-pair-0072185-try_again_n:1,solvability,1,-3.5,0.2735283568970035,-1.6666666666666667,0.3333333333333333,2.0,0.0,0.0,1.0
solvability-pair-0072191-try_again_m,solvability-pair-0072191-try_again_m:0,solvability,0,2.75,-0.23434021408329642,-2.25,-0.25,2.0,1.0,0.0,0.0
solvability-pair-0072191-try_again_m,solvability-pair-0072191-try_again_m:1,solvability,1,7.375,-0.017742085790616535,-2.1666666666666665,-0.1666666666666666,2.0,1.0,1.0,1.0
solvability-pair-0072191-try_again_m,solvability-pair-0072191-try_again_m:2,solvability,2,0.625,0.020545631542047582,-2.375,-0.375,2.0,1.0,1.0,1.95
solvability-pair-0072191-try_again_m,solvability-pair-0072191-try_again_m:3,solvability,3,2.5,0.21590407964173797,-2.3,-0.3,2.0,1.0,2.0,2.8525
solvability-pair-0072191-try_again_m,solvability-pair-0072191-try_again_m:4,solvability,4,-0.875,0.2920254639596802,-2.4166666666666665,-0.4166666666666666,2.0,1.0,2.0,3.709875
solvability-pair-0072191-try_again_n,solvability-pair-0072191-try_again_n:0,solvability,0,0.75,-0.23434021408329642,-2.25,-0.25,2.0,1.0,0.0,0.0
solvability-pair-0072191-try_again_n,solvability-pair-0072191-try_again_n:1,solvability,1,7.75,-0.017742085790616535,-2.1666666666666665,-0.1666666666666666,2.0,1.0,1.0,1.0
solvability-pair-0072191-try_again_n,solvability-pair-0072191-try_again_n:2,solvability,2,1.0,0.020545631542047582,-2.375,-0.375,2.0,1.0,1.0,1.95
solvability-pair-0072191-try_again_n,solvability-pair-0072191-try_again_n:3,solvability,3,3.625,0.21590407964173797,-2.3,-0.3,2.0,1.0,2.0,2.8525
solvability-pair-0072191-try_again_n,solvability-pair-0072191-try_again_n:4,solvability,4,-0.125,0.2920254639596802,-2.4166666666666665,-0.4166666666666666,2.0,1.0,2.0,3.709875
solvability-pair-0072191-try_again_n,solvability-pair-0072191-try_again_n:5,solvability,5,-0.875,0.3803606534095437,-2.5,-0.5,2.0,1.0,2.0,4.524381249999999
solvability-pair-0072191-try_again_n,solvability-pair-0072191-try_again_n:6,solvability,6,0.875,0.5468057088150735,-2.4375,-0.4375,2.0,1.0,3.0,5.298162187499999
solvability-pair-0072191-try_again_n,solvability-pair-0072191-try_again_n:7,solvability,7,0.0,0.6986581060869127,-2.388888888888889,-0.3888888888888888,2.0,1.0,4.0,6.033254078124999
solvability-pair-0072200-try_again_m,solvability-pair-0072200-try_again_m:0,solvability,0,-0.375,0.056930228604323396,-1.75,0.25,2.0,0.0,0.0,0.0
solvability-pair-0072200-try_again_n,solvability-pair-0072200-try_again_n:0,solvability,0,-1.375,0.056930228604323396,-1.75,0.25,2.0,0.0,0.0,0.0
solvability-pair-0072222-try_again_m,solvability-pair-0072222-try_again_m:0,solvability,0,1.125,1.367647220698613,0.5,0.5,0.0,0.0,0.0,0.0
solvability-pair-0072222-try_again_m,solvability-pair-0072222-try_again_m:1,solvability,1,-3.25,1.4386101276474828,0.3333333333333333,0.3333333333333333,0.0,0.0,0.0,1.0
solvability-pair-0072222-try_again_n,solvability-pair-0072222-try_again_n:0,solvability,0,-0.625,1.367647220698613,0.5,0.5,0.0,0.0,0.0,0.0
solvability-pair-0072229-try_again_m,solvability-pair-0072229-try_again_m:0,solvability,0,-0.125,-0.3799754354271063,-2.5,-0.5,2.0,1.0,0.0,0.0
solvability-pair-0072229-try_again_n,solvability-pair-0072229-try_again_n:0,solvability,0,-1.25,-0.3799754354271063,-2.5,-0.5,2.0,1.0,0.0,0.0
solvability-pair-0072236-try_again_m,solvability-pair-0072236-try_again_m:0,solvability,0,-0.375,0.056930228604323396,-1.75,0.25,2.0,0.0,0.0,0.0
solvability-pair-0072236-try_again_n,solvability-pair-0072236-try_again_n:0,solvability,0,-1.375,0.056930228604323396,-1.75,0.25,2.0,0.0,0.0,0.0
solvability-pair-0072241-try_again_m,solvability-pair-0072241-try_again_m:0,solvability,0,-0.125,-0.3799754354271063,-2.5,-0.5,2.0,1.0,0.0,0.0
solvability-pair-0072241-try_again_n,solvability-pair-0072241-try_again_n:0,solvability,0,-1.25,-0.3799754354271063,-2.5,-0.5,2.0,1.0,0.0,0.0
solvability-pair-0072242-try_again_m,solvability-pair-0072242-try_again_m:0,solvability,0,0.25,0.7851063353233729,-0.5,-0.5,0.0,1.0,0.0,0.0
solvability-pair-0072242-try_again_m,solvability-pair-0072242-try_again_m:1,solvability,1,-3.375,0.8560692422722431,-0.6666666666666667,-0.6666666666666667,0.0,1.0,0.0,1.0
solvability-pair-0072242-try_again_n,solvability-pair-0072242-try_again_n:0,solvability,0,-1.0,0.7851063353233729,-0.5,-0.5,0.0,1.0,0.0,0.0
solvability-pair-0072251-try_again_m,solvability-pair-0072251-try_again_m:0,solvability,0,2.75,-0.23434021408329642,-2.25,-0.25,2.0,1.0,0.0,0.0
solvability-pair-0072251-try_again_m,solvability-pair-0072251-try_again_m:1,solvability,1,7.375,-0.017742085790616535,-2.1666666666666665,-0.1666666666666666,2.0,1.0,1.0,1.0
solvability-pair-0072251-try_again_m,solvability-pair-0072251-try_again_m:2,solvability,2,0.625,0.020545631542047582,-2.375,-0.375,2.0,1.0,1.0,1.95
solvability-pair-0072251-try_again_m,solvability-pair-0072251-try_again_m:3,solvability,3,-0.25,0.09939590256668995,-2.5,-0.5,2.0,1.0,1.0,2.8525
solvability-pair-0072251-try_again_m,solvability-pair-0072251-try_again_m:4,solvability,4,1.875,0.2920254639596802,-2.4166666666666665,-0.4166666666666666,2.0,1.0,2.0,3.709875
solvability-pair-0072251-try_again_m,solvability-pair-0072251-try_again_m:5,solvability,5,0.375,0.46358077989172075,-2.357142857142857,-0.3571428571428571,2.0,1.0,3.0,4.524381249999999
solvability-pair-0072251-try_again_m,solvability-pair-0072251-try_again_m:6,solvability,6,0.75,0.6196233194869782,-2.3125,-0.3125,2.0,1.0,4.0,5.298162187499999
solvability-pair-0072251-try_again_n,solvability-pair-0072251-try_again_n:0,solvability,0,0.75,-0.23434021408329642,-2.25,-0.25,2.0,1.0,0.0,0.0
solvability-pair-0072251-try_again_n,solvability-pair-0072251-try_again_n:1,solvability,1,7.75,-0.017742085790616535,-2.1666666666666665,-0.1666666666666666,2.0,1.0,1.0,1.0
solvability-pair-0072251-try_again_n,solvability-pair-0072251-try_again_n:2,solvability,2,1.0,0.020545631542047582,-2.375,-0.375,2.0,1.0,1.0,1.95
solvability-pair-0072251-try_again_n,solvability-pair-0072251-try_again_n:3,solvability,3,0.125,0.09939590256668995,-2.5,-0.5,2.0,1.0,1.0,2.8525
solvability-pair-0072251-try_again_n,solvability-pair-0072251-try_again_n:4,solvability,4,2.875,0.2920254639596802,-2.4166666666666665,-0.4166666666666666,2.0,1.0,2.0,3.709875
solvability-pair-0072251-try_again_n,solvability-pair-0072251-try_again_n:5,solvability,5,0.5,0.46358077989172075,-2.357142857142857,-0.3571428571428571,2.0,1.0,3.0,4.524381249999999
solvability-pair-0072251-try_again_n,solvability-pair-0072251-try_again_n:6,solvability,6,0.5,0.6196233194869782,-2.3125,-0.3125,2.0,1.0,4.0,5.298162187499999
solvability-pair-0072254-try_again_m,solvability-pair-0072254-try_again_m:0,solvability,0,0.25,0.7851063353233729,-0.5,-0.5,0.0,1.0,0.0,0.0
solvability-pair-0072254-try_again_m,solvability-pair-0072254-try_again_m:1,solvability,1,6.125,1.0502495373973229,-0.3333333333333333,-0.3333333333333333,0.0,1.0,1.0,1.0
solvability-pair-0072254-try_again_m,solvability-pair-0072254-try_again_m:2,solvability,2,0.25,1.1128097916206219,-0.5,-0.5,0.0,1.0,1.0,1.95
solvability-pair-0072254-try_again_n,solvability-pair-0072254-try_again_n:0,solvability,0,-1.0,0.7851063353233729,-0.5,-0.5,0.0,1.0,0.0,0.0
solvability-pair-0072255-try_again_m,solvability-pair-0072255-try_again_m:0,solvability,0,-0.75,-0.5256106567709162,-2.75,-0.75,2.0,1.0,0.0,0.0
solvability-pair-0072255-try_again_n,solvability-pair-0072255-try_again_n:0,solvability,0,-1.5,-0.5256106567709162,-2.75,-0.75,2.0,1.0,0.0,0.0
solvability-pair-0072257-try_again_m,solvability-pair-0072257-try_again_m:0,solvability,0,0.5,0.2025654499481333,-1.5,0.5,2.0,0.0,0.0,0.0
solvability-pair-0072257-try_again_m,solvability-pair-0072257-try_again_m:1,solvability,1,-3.125,0.2735283568970035,-1.6666666666666667,0.3333333333333333,2.0,0.0,0.0,1.0
solvability-pair-0072257-try_again_n,solvability-pair-0072257-try_again_n:0,solvability,0,-1.0,0.2025654499481333,-1.5,0.5,2.0,0.0,0.0,0.0
solvability-pair-0072261-try_again_m,solvability-pair-0072261-try_again_m:0,solvability,0,-0.5,0.639471113979563,-0.75,-0.75,0.0,1.0,0.0,0.0
solvability-pair-0072261-try_again_m,solvability-pair-0072261-try_again_m:1,solvability,1,-3.625,0.758979094709703,-0.8333333333333334,-0.8333333333333334,0.0,1.0,0.0,1.0
solvability-pair-0072261-try_again_n,solvability-pair-0072261-try_again_n:0,solvability,0,-1.25,0.639471113979563,-0.75,-0.75,0.0,1.0,0.0,0.0
solvability-pair-0072261-try_again_n,solvability-pair-0072261-try_again_n:1,solvability,1,-3.875,0.758979094709703,-0.8333333333333334,-0.8333333333333334,0.0,1.0,0.0,1.0
solvability-pair-0072268-try_again_m,solvability-pair-0072268-try_again_m:0,solvability,0,3.25,0.9307415566671828,-0.25,-0.25,0.0,1.0,0.0,0.0
solvability-pair-0072268-try_again_m,solvability-pair-0072268-try_again_m:1,solvability,1,7.75,1.147339684959863,-0.1666666666666666,-0.1666666666666666,0.0,1.0,1.0,1.0
solvability-pair-0072268-try_again_m,solvability-pair-0072268-try_again_m:2,solvability,2,4.75,1.331262623636337,-0.125,-0.125,0.0,1.0,2.0,1.95
solvability-pair-0072268-try_again_m,solvability-pair-0072268-try_again_m:3,solvability,3,3.75,1.4974940274672652,-0.0999999999999999,-0.0999999999999999,0.0,1.0,3.0,2.8525
solvability-pair-0072268-try_again_m,solvability-pair-0072268-try_again_m:4,solvability,4,2.125,1.6512875298352392,-0.0833333333333333,-0.0833333333333333,0.0,1.0,4.0,3.709875
solvability-pair-0072268-try_again_m,solvability-pair-0072268-try_again_m:5,solvability,5,1.375,1.7951028036065546,-0.0714285714285714,-0.0714285714285714,0.0,1.0,5.0,4.524381249999999
solvability-pair-0072268-try_again_m,solvability-pair-0072268-try_again_m:6,solvability,6,1.5,1.9303403115812676,-0.0625,-0.0625,0.0,1.0,6.0,5.298162187499999
solvability-pair-0072268-try_again_n,solvability-pair-0072268-try_again_n:0,solvability,0,1.125,0.9307415566671828,-0.25,-0.25,0.0,1.0,0.0,0.0
solvability-pair-0072268-try_again_n,solvability-pair-0072268-try_again_n:1,solvability,1,8.625,1.147339684959863,-0.1666666666666666,-0.1666666666666666,0.0,1.0,1.0,1.0
solvability-pair-0072268-try_again_n,solvability-pair-0072268-try_again_n:2,solvability,2,6.0,1.331262623636337,-0.125,-0.125,0.0,1.0,2.0,1.95
solvability-pair-0072268-try_again_n,solvability-pair-0072268-try_again_n:3,solvability,3,4.75,1.4974940274672652,-0.0999999999999999,-0.0999999999999999,0.0,1.0,3.0,2.8525
solvability-pair-0072268-try_again_n,solvability-pair-0072268-try_again_n:4,solvability,4,2.625,1.6512875298352392,-0.0833333333333333,-0.0833333333333333,0.0,1.0,4.0,3.709875
solvability-pair-0072268-try_again_n,solvability-pair-0072268-try_again_n:5,solvability,5,1.125,1.7951028036065546,-0.0714285714285714,-0.0714285714285714,0.0,1.0,5.0,4.524381249999999
solvability-pair-0072268-try_again_n,solvability-pair-0072268-try_again_n:6,solvability,6,1.25,1.9303403115812676,-0.0625,-0.0625,0.0,1.0,6.0,5.298162187499999
solvability-pair-0072298-try_again_m,solvability-pair-0072298-try_again_m:0,solvability,0,4.125,1.513282442042423,0.75,0.75,0.0,0.0,0.0,0.0
solvability-pair-0072298-try_again_m,solvability-pair-0072298-try_again_m:1,solvability,1,8.5,1.7298805703351026,0.8333333333333334,0.8333333333333334,0.0,0.0,1.0,1.0
solvability-pair-0072298-try_again_m,solvability-pair-0072298-try_again_m:2,solvability,2,5.75,1.9138035090115766,0.875,0.875,0.0,0.0,2.0,1.95
solvability-pair-0072298-try_again_m,solvability-pair-0072298-try_again_m:3,solvability,3,5.125,2.080034912842505,0.9,0.9,0.0,0.0,3.0,2.8525
solvability-pair-0072298-try_again_m,solvability-pair-0072298-try_again_m:4,solvability,4,0.625,2.136738267647939,0.75,0.75,0.0,0.0,3.0,3.709875
solvability-pair-0072298-try_again_n,solvability-pair-0072298-try_again_n:0,solvability,0,1.5,1.513282442042423,0.75,0.75,0.0,0.0,0.0,0.0
solvability-pair-0072298-try_again_n,solvability-pair-0072298-try_again_n:1,solvability,1,9.5,1.7298805703351026,0.8333333333333334,0.8333333333333334,0.0,0.0,1.0,1.0
solvability-pair-0072298-try_again_n,solvability-pair-0072298-try_again_n:2,solvability,2,7.0,1.9138035090115766,0.875,0.875,0.0,0.0,2.0,1.95
solvability-pair-0072298-try_again_n,solvability-pair-0072298-try_again_n:3,solvability,3,6.25,2.080034912842505,0.9,0.9,0.0,0.0,3.0,2.8525
solvability-pair-0072298-try_again_n,solvability-pair-0072298-try_again_n:4,solvability,4,0.625,2.136738267647939,0.75,0.75,0.0,0.0,3.0,3.709875
solvability-pair-0072310-try_again_m,solvability-pair-0072310-try_again_m:0,solvability,0,4.125,1.513282442042423,0.75,0.75,0.0,0.0,0.0,0.0
solvability-pair-0072310-try_again_m,solvability-pair-0072310-try_again_m:1,solvability,1,-2.125,1.5357002752100228,0.5,0.5,0.0,0.0,0.0,1.0
solvability-pair-0072310-try_again_n,solvability-pair-0072310-try_again_n:0,solvability,0,1.5,1.513282442042423,0.75,0.75,0.0,0.0,0.0,0.0
solvability-pair-0072310-try_again_n,solvability-pair-0072310-try_again_n:1,solvability,1,-1.875,1.5357002752100228,0.5,0.5,0.0,0.0,0.0,1.0
solvability-pair-0072313-try_again_m,solvability-pair-0072313-try_again_m:0,solvability,0,-0.125,-0.3799754354271063,-2.5,-0.5,2.0,1.0,0.0,0.0
solvability-pair-0072313-try_again_n,solvability-pair-0072313-try_again_n:0,solvability,0,-1.25,-0.3799754354271063,-2.5,-0.5,2.0,1.0,0.0,0.0
solvability-pair-0072314-try_again_m,solvability-pair-0072314-try_again_m:0,solvability,0,0.25,0.7851063353233729,-0.5,-0.5,0.0,1.0,0.0,0.0
solvability-pair-0072314-try_again_n,solvability-pair-0072314-try_again_n:0,solvability,0,-1.0,0.7851063353233729,-0.5,-0.5,0.0,1.0,0.0,0.0
solvability-pair-0072317-try_again_m,solvability-pair-0072317-try_again_m:0,solvability,0,0.5,0.2025654499481333,-1.5,0.5,2.0,0.0,0.0,0.0
solvability-pair-0072317-try_again_m,solvability-pair-0072317-try_again_m:1,solvability,1,6.25,0.4677086520220832,-1.3333333333333337,0.6666666666666666,2.0,0.0,1.0,1.0
solvability-pair-0072317-try_again_m,solvability-pair-0072317-try_again_m:2,solvability,2,0.5,0.5302689062453823,-1.5,0.5,2.0,0.0,1.0,1.95
solvability-pair-0072317-try_again_m,solvability-pair-0072317-try_again_m:3,solvability,3,2.25,0.7401908764794536,-1.4,0.6,2.0,0.0,2.0,2.8525
solvability-pair-0072317-try_again_m,solvability-pair-0072317-try_again_m:4,solvability,4,2.25,0.9231114231161897,-1.3333333333333337,0.6666666666666666,2.0,0.0,3.0,3.709875
solvability-pair-0072317-try_again_m,solvability-pair-0072317-try_again_m:5,solvability,5,1.125,1.0877317285080492,-1.2857142857142856,0.7142857142857143,2.0,0.0,4.0,4.524381249999999
solvability-pair-0072317-try_again_n,solvability-pair-0072317-try_again_n:0,solvability,0,-1.0,0.2025654499481333,-1.5,0.5,2.0,0.0,0.0,0.0
solvability-pair-0072317-try_again_n,solvability-pair-0072317-try_again_n:1,solvability,1,6.25,0.4677086520220832,-1.3333333333333337,0.6666666666666666,2.0,0.0,1.0,1.0
solvability-pair-0072317-try_again_n,solvability-pair-0072317-try_again_n:2,solvability,2,1.375,0.5302689062453823,-1.5,0.5,2.0,0.0,1.0,1.95
solvability-pair-0072317-try_again_n,solvability-pair-0072317-try_again_n:3,solvability,3,3.375,0.7401908764794536,-1.4,0.6,2.0,0.0,2.0,2.8525
solvability-pair-0072317-try_again_n,solvability-pair-0072317-try_again_n:4,solvability,4,2.125,0.9231114231161897,-1.3333333333333337,0.6666666666666666,2.0,0.0,3.0,3.709875
solvability-pair-0072317-try_again_n,solvability-pair-0072317-try_again_n:5,solvability,5,1.125,1.0877317285080492,-1.2857142857142856,0.7142857142857143,2.0,0.0,4.0,4.524381249999999
solvability-pair-0072321-try_again_m,solvability-pair-0072321-try_again_m:0,solvability,0,-0.5,0.639471113979563,-0.75,-0.75,0.0,1.0,0.0,0.0
solvability-pair-0072321-try_again_m,solvability-pair-0072321-try_again_m:1,solvability,1,-3.625,0.758979094709703,-0.8333333333333334,-0.8333333333333334,0.0,1.0,0.0,1.0
solvability-pair-0072321-try_again_n,solvability-pair-0072321-try_again_n:0,solvability,0,-1.25,0.639471113979563,-0.75,-0.75,0.0,1.0,0.0,0.0
solvability-pair-0072321-try_again_n,solvability-pair-0072321-try_again_n:1,solvability,1,-3.875,0.758979094709703,-0.8333333333333334,-0.8333333333333334,0.0,1.0,0.0,1.0
solvability-pair-0072323-try_again_m,solvability-pair-0072323-try_again_m:0,solvability,0,2.75,-0.23434021408329642,-2.25,-0.25,2.0,1.0,0.0,0.0
solvability-pair-0072323-try_again_m,solvability-pair-0072323-try_again_m:1,solvability,1,7.375,-0.017742085790616535,-2.1666666666666665,-0.1666666666666666,2.0,1.0,1.0,1.0
solvability-pair-0072323-try_again_m,solvability-pair-0072323-try_again_m:2,solvability,2,0.625,0.020545631542047582,-2.375,-0.375,2.0,1.0,1.0,1.95
solvability-pair-0072323-try_again_n,solvability-pair-0072323-try_again_n:0,solvability,0,0.75,-0.23434021408329642,-2.25,-0.25,2.0,1.0,0.0,0.0
solvability-pair-0072323-try_again_n,solvability-pair-0072323-try_again_n:1,solvability,1,7.75,-0.017742085790616535,-2.1666666666666665,-0.1666666666666666,2.0,1.0,1.0,1.0
solvability-pair-0072323-try_again_n,solvability-pair-0072323-try_again_n:2,solvability,2,1.0,0.020545631542047582,-2.375,-0.375,2.0,1.0,1.0,1.95
solvability-pair-0072323-try_again_n,solvability-pair-0072323-try_again_n:3,solvability,3,3.625,0.21590407964173797,-2.3,-0.3,2.0,1.0,2.0,2.8525
solvability-pair-0072323-try_again_n,solvability-pair-0072323-try_again_n:4,solvability,4,2.125,0.38911561152221985,-2.25,-0.25,2.0,1.0,3.0,3.709875
solvability-pair-0072323-try_again_n,solvability-pair-0072323-try_again_n:5,solvability,5,1.125,0.546800906373898,-2.2142857142857144,-0.2142857142857143,2.0,1.0,4.0,4.524381249999999
solvability-pair-0072323-try_again_n,solvability-pair-0072323-try_again_n:6,solvability,6,1.125,0.6924409301588834,-2.1875,-0.1875,2.0,1.0,5.0,5.298162187499999
solvability-pair-0072331-try_again_m,solvability-pair-0072331-try_again_m:0,solvability,0,0.0,1.2220119993548026,0.25,0.25,0.0,0.0,0.0,0.0
solvability-pair-0072331-try_again_n,solvability-pair-0072331-try_again_n:0,solvability,0,-1.25,1.2220119993548026,0.25,0.25,0.0,0.0,0.0,0.0
solvability-pair-0072336-try_again_m,solvability-pair-0072336-try_again_m:0,solvability,0,3.75,0.3482006712919432,-1.25,0.75,2.0,0.0,0.0,0.0
solvability-pair-0072336-try_again_m,solvability-pair-0072336-try_again_m:1,solvability,1,8.0,0.5647987995846238,-1.1666666666666663,0.8333333333333334,2.0,0.0,1.0,1.0
solvability-pair-0072336-try_again_m,solvability-pair-0072336-try_again_m:2,solvability,2,4.875,0.7487217382610969,-1.125,0.875,2.0,0.0,2.0,1.95
solvability-pair-0072336-try_again_m,solvability-pair-0072336-try_again_m:3,solvability,3,4.25,0.9149531420920252,-1.1,0.9,2.0,0.0,3.0,2.8525
solvability-pair-0072336-try_again_m,solvability-pair-0072336-try_again_m:4,solvability,4,0.25,0.9716564968974595,-1.25,0.75,2.0,0.0,3.0,3.709875
solvability-pair-0072336-try_again_m,solvability-pair-0072336-try_again_m:5,solvability,5,1.75,1.1293417917491375,-1.2142857142857144,0.7857142857142857,2.0,0.0,4.0,4.524381249999999
solvability-pair-0072336-try_again_m,solvability-pair-0072336-try_again_m:6,solvability,6,-0.5,1.202164204862218,-1.3125,0.6875,2.0,0.0,4.0,5.298162187499999
solvability-pair-0072336-try_again_n,solvability-pair-0072336-try_again_n:0,solvability,0,1.25,0.3482006712919432,-1.25,0.75,2.0,0.0,0.0,0.0
solvability-pair-0072336-try_again_n,solvability-pair-0072336-try_again_n:1,solvability,1,8.375,0.5647987995846238,-1.1666666666666663,0.8333333333333334,2.0,0.0,1.0,1.0
solvability-pair-0072336-try_again_n,solvability-pair-0072336-try_again_n:2,solvability,2,5.375,0.7487217382610969,-1.125,0.875,2.0,0.0,2.0,1.95
solvability-pair-0072336-try_again_n,solvability-pair-0072336-try_again_n:3,solvability,3,4.375,0.9149531420920252,-1.1,0.9,2.0,0.0,3.0,2.8525
solvability-pair-0072336-try_again_n,solvability-pair-0072336-try_again_n:4,solvability,4,0.0,0.9716564968974595,-1.25,0.75,2.0,0.0,3.0,3.709875
solvability-pair-0072336-try_again_n,solvability-pair-0072336-try_again_n:5,solvability,5,2.375,1.1293417917491375,-1.2142857142857144,0.7857142857142857,2.0,0.0,4.0,4.524381249999999
solvability-pair-0072336-try_again_n,solvability-pair-0072336-try_again_n:6,solvability,6,-0.375,1.202164204862218,-1.3125,0.6875,2.0,0.0,4.0,5.298162187499999
solvability-pair-0072356-try_again_m,solvability-pair-0072356-try_again_m:0,solvability,0,-0.375,0.056930228604323396,-1.75,0.25,2.0,0.0,0.0,0.0
solvability-pair-0072356-try_again_m,solvability-pair-0072356-try_again_m:1,solvability,1,-3.375,0.17643820933446341,-1.8333333333333333,0.1666666666666666,2.0,0.0,0.0,1.0
solvability-pair-0072356-try_again_n,solvability-pair-0072356-try_again_n:0,solvability,0,-1.375,0.056930228604323396,-1.75,0.25,2.0,0.0,0.0,0.0
solvability-pair-0072362-try_again_m,solvability-pair-0072362-try_again_m:0,solvability,0,0.25,0.7851063353233729,-0.5,-0.5,0.0,1.0,0.0,0.0
solvability-pair-0072362-try_again_n,solvability-pair-0072362-try_again_n:0,solvability,0,-1.0,0.7851063353233729,-0.5,-0.5,0.0,1.0,0.0,0.0
solvability-pair-0072370-try_again_m,solvability-pair-0072370-try_again_m:0,solvability,0,4.125,1.513282442042423,0.75,0.75,0.0,0.0,0.0,0.0
solvability-pair-0072370-try_again_m,solvability-pair-0072370-try_again_m:1,solvability,1,8.5,1.7298805703351026,0.8333333333333334,0.8333333333333334,0.0,0.0,1.0,1.0
solvability-pair-0072370-try_again_m,solvability-pair-0072370-try_again_m:2,solvability,2,5.75,1.9138035090115766,0.875,0.875,0.0,0.0,2.0,1.95
solvability-pair-0072370-try_again_m,solvability-pair-0072370-try_again_m:3,solvability,3,5.125,2.080034912842505,0.9,0.9,0.0,0.0,3.0,2.8525
solvability-pair-0072370-try_again_m,solvability-pair-0072370-try_again_m:4,solvability,4,0.625,2.136738267647939,0.75,0.75,0.0,0.0,3.0,3.709875
solvability-pair-0072370-try_again_n,solvability-pair-0072370-try_again_n:0,solvability,0,1.5,1.513282442042423,0.75,0.75,0.0,0.0,0.0,0.0
solvability-pair-0072370-try_again_n,solvability-pair-0072370-try_again_n:1,solvability,1,9.5,1.7298805703351026,0.8333333333333334,0.8333333333333334,0.0,0.0,1.0,1.0
solvability-pair-0072370-try_again_n,solvability-pair-0072370-try_again_n:2,solvability,2,7.0,1.9138035090115766,0.875,0.875,0.0,0.0,2.0,1.95
solvability-pair-0072370-try_again_n,solvability-pair-0072370-try_again_n:3,solvability,3,6.25,2.080034912842505,0.9,0.9,0.0,0.0,3.0,2.8525
solvability-pair-0072370-try_again_n,solvability-pair-0072370-try_again_n:4,solvability,4,0.625,2.136738267647939,0.75,0.75,0.0,0.0,3.0,3.709875
solvability-pair-0072371-try_again_m,solvability-pair-0072371-try_again_m:0,solvability,0,2.75,-0.23434021408329642,-2.25,-0.25,2.0,1.0,0.0,0.0
solvability-pair-0072371-try_again_m,solvability-pair-0072371-try_again_m:1,solvability,1,7.375,-0.017742085790616535,-2.1666666666666665,-0.1666666666666666,2.0,1.0,1.0,1.0
solvability-pair-0072371-try_again_m,solvability-pair-0072371-try_again_m:2,solvability,2,3.75,0.1661808528858575,-2.125,-0.125,2.0,1.0,2.0,1.95
solvability-pair-0072371-try_again_m,solvability-pair-0072371-try_again_m:3,solvability,3,2.75,0.332412256716786,-2.1,-0.0999999999999999,2.0,1.0,3.0,2.8525
solvability-pair-0072371-try_again_m,solvability-pair-0072371-try_again_m:4,solvability,4,1.625,0.4862057590847597,-2.0833333333333335,-0.0833333333333333,2.0,1.0,4.0,3.709875
solvability-pair-0072371-try_again_m,solvability-pair-0072371-try_again_m:5,solvability,5,-1.75,0.546800906373898,-2.2142857142857144,-0.2142857142857143,2.0,1.0,4.0,4.524381249999999
solvability-pair-0072371-try_again_n,solvability-pair-0072371-try_again_n:0,solvability,0,0.75,-0.23434021408329642,-2.25,-0.25,2.0,1.0,0.0,0.0
solvability-pair-0072371-try_again_n,solvability-pair-0072371-try_again_n:1,solvability,1,7.75,-0.017742085790616535,-2.1666666666666665,-0.1666666666666666,2.0,1.0,1.0,1.0
solvability-pair-0072371-try_again_n,solvability-pair-0072371-try_again_n:2,solvability,2,5.0,0.1661808528858575,-2.125,-0.125,2.0,1.0,2.0,1.95
solvability-pair-0072371-try_again_n,solvability-pair-0072371-try_again_n:3,solvability,3,3.875,0.332412256716786,-2.1,-0.0999999999999999,2.0,1.0,3.0,2.8525
solvability-pair-0072371-try_again_n,solvability-pair-0072371-try_again_n:4,solvability,4,1.875,0.4862057590847597,-2.0833333333333335,-0.0833333333333333,2.0,1.0,4.0,3.709875
solvability-pair-0072371-try_again_n,solvability-pair-0072371-try_again_n:5,solvability,5,-2.0,0.546800906373898,-2.2142857142857144,-0.2142857142857143,2.0,1.0,4.0,4.524381249999999
solvability-pair-0072374-try_again_m,solvability-pair-0072374-try_again_m:0,solvability,0,0.25,0.7851063353233729,-0.5,-0.5,0.0,1.0,0.0,0.0
solvability-pair-0072374-try_again_n,solvability-pair-0072374-try_again_n:0,solvability,0,-1.0,0.7851063353233729,-0.5,-0.5,0.0,1.0,0.0,0.0
solvability-pair-0072379-try_again_m,solvability-pair-0072379-try_again_m:0,solvability,0,0.0,1.2220119993548026,0.25,0.25,0.0,0.0,0.0,0.0
solvability-pair-0072379-try_again_n,solvability-pair-0072379-try_again_n:0,solvability,0,-1.25,1.2220119993548026,0.25,0.25,0.0,0.0,0.0,0.0
solvability-pair-0072384-try_again_m,solvability-pair-0072384-try_again_m:0,solvability,0,3.75,0.3482006712919432,-1.25,0.75,2.0,0.0,0.0,0.0
solvability-pair-0072384-try_again_m,solvability-pair-0072384-try_again_m:1,solvability,1,8.0,0.5647987995846238,-1.1666666666666663,0.8333333333333334,2.0,0.0,1.0,1.0
solvability-pair-0072384-try_again_m,solvability-pair-0072384-try_again_m:2,solvability,2,4.875,0.7487217382610969,-1.125,0.875,2.0,0.0,2.0,1.95
solvability-pair-0072384-try_again_m,solvability-pair-0072384-try_again_m:3,solvability,3,0.625,0.7984449650169776,-1.3,0.7,2.0,0.0,2.0,2.8525
solvability-pair-0072384-try_again_m,solvability-pair-0072384-try_again_m:4,solvability,4,2.375,0.9716564968974595,-1.25,0.75,2.0,0.0,3.0,3.709875
solvability-pair-0072384-try_again_m,solvability-pair-0072384-try_again_m:5,solvability,5,-0.375,1.0461216652669605,-1.3571428571428572,0.6428571428571429,2.0,0.0,3.0,4.524381249999999
solvability-pair-0072384-try_again_m,solvability-pair-0072384-try_again_m:6,solvability,6,-1.0,1.1293465941903131,-1.4375,0.5625,2.0,0.0,3.0,5.298162187499999
solvability-pair-0072384-try_again_n,solvability-pair-0072384-try_again_n:0,solvability,0,1.25,0.3482006712919432,-1.25,0.75,2.0,0.0,0.0,0.0
solvability-pair-0072384-try_again_n,solvability-pair-0072384-try_again_n:1,solvability,1,8.375,0.5647987995846238,-1.1666666666666663,0.8333333333333334,2.0,0.0,1.0,1.0
solvability-pair-0072384-try_again_n,solvability-pair-0072384-try_again_n:2,solvability,2,5.375,0.7487217382610969,-1.125,0.875,2.0,0.0,2.0,1.95
solvability-pair-0072384-try_again_n,solvability-pair-0072384-try_again_n:3,solvability,3,0.25,0.7984449650169776,-1.3,0.7,2.0,0.0,2.0,2.8525
solvability-pair-0072384-try_again_n,solvability-pair-0072384-try_again_n:4,solvability,4,2.5,0.9716564968974595,-1.25,0.75,2.0,0.0,3.0,3.709875
solvability-pair-0072384-try_again_n,solvability-pair-0072384-try_again_n:5,solvability,5,-0.25,1.0461216652669605,-1.3571428571428572,0.6428571428571429,2.0,0.0,3.0,4.524381249999999
solvability-pair-0072384-try_again_n,solvability-pair-0072384-try_again_n:6,solvability,6,-0.75,1.1293465941903131,-1.4375,0.5625,2.0,0.0,3.0,5.298162187499999
solvability-pair-0072389-try_again_m,solvability-pair-0072389-try_again_m:0,solvability,0,0.5,0.2025654499481333,-1.5,0.5,2.0,0.0,0.0,0.0
solvability-pair-0072389-try_again_m,solvability-pair-0072389-try_again_m:1,solvability,1,6.25,0.4677086520220832,-1.3333333333333337,0.6666666666666666,2.0,0.0,1.0,1.0
solvability-pair-0072389-try_again_m,solvability-pair-0072389-try_again_m:2,solvability,2,0.5,0.5302689062453823,-1.5,0.5,2.0,0.0,1.0,1.95
solvability-pair-0072389-try_again_n,solvability-pair-0072389-try_again_n:0,solvability,0,-1.0,0.2025654499481333,-1.5,0.5,2.0,0.0,0.0,0.0
solvability-pair-0072389-try_again_n,solvability-pair-0072389-try_again_n:1,solvability,1,6.25,0.4677086520220832,-1.3333333333333337,0.6666666666666666,2.0,0.0,1.0,1.0
solvability-pair-0072389-try_again_n,solvability-pair-0072389-try_again_n:2,solvability,2,1.375,0.5302689062453823,-1.5,0.5,2.0,0.0,1.0,1.95
solvability-pair-0072389-try_again_n,solvability-pair-0072389-try_again_n:3,solvability,3,-0.25,0.6236826994044056,-1.6,0.4,2.0,0.0,1.0,2.8525
solvability-pair-0072391-try_again_m,solvability-pair-0072391-try_again_m:0,solvability,0,0.0,1.2220119993548026,0.25,0.25,0.0,0.0,0.0,0.0
solvability-pair-0072391-try_again_n,solvability-pair-0072391-try_again_n:0,solvability,0,-1.25,1.2220119993548026,0.25,0.25,0.0,0.0,0.0,0.0
solvability-pair-0072393-try_again_m,solvability-pair-0072393-try_again_m:0,solvability,0,-0.5,0.639471113979563,-0.75,-0.75,0.0,1.0,0.0,0.0
solvability-pair-0072393-try_again_n,solvability-pair-0072393-try_again_n:0,solvability,0,-1.25,0.639471113979563,-0.75,-0.75,0.0,1.0,0.0,0.0
solvability-pair-0072394-try_again_m,solvability-pair-0072394-try_again_m:0,solvability,0,4.125,1.513282442042423,0.75,0.75,0.0,0.0,0.0,0.0
solvability-pair-0072394-try_again_m,solvability-pair-0072394-try_again_m:1,solvability,1,8.5,1.7298805703351026,0.8333333333333334,0.8333333333333334,0.0,0.0,1.0,1.0
solvability-pair-0072394-try_again_m,solvability-pair-0072394-try_again_m:2,solvability,2,1.625,1.7681682876677667,0.625,0.625,0.0,0.0,1.0,1.95
solvability-pair-0072394-try_again_m,solvability-pair-0072394-try_again_m:3,solvability,3,-0.125,1.8470185586924093,0.5,0.5,0.0,0.0,1.0,2.8525
solvability-pair-0072394-try_again_m,solvability-pair-0072394-try_again_m:4,solvability,4,2.875,2.039648120085399,0.5833333333333334,0.5833333333333334,0.0,0.0,2.0,3.709875
solvability-pair-0072394-try_again_m,solvability-pair-0072394-try_again_m:5,solvability,5,1.75,2.21120343601744,0.6428571428571429,0.6428571428571429,0.0,0.0,3.0,4.524381249999999
solvability-pair-0072394-try_again_m,solvability-pair-0072394-try_again_m:6,solvability,6,1.625,2.3672459756126973,0.6875,0.6875,0.0,0.0,4.0,5.298162187499999
solvability-pair-0072394-try_again_n,solvability-pair-0072394-try_again_n:0,solvability,0,1.5,1.513282442042423,0.75,0.75,0.0,0.0,0.0,0.0
solvability-pair-0072404-try_again_m,solvability-pair-0072404-try_again_m:0,solvability,0,-0.375,0.056930228604323396,-1.75,0.25,2.0,0.0,0.0,0.0
solvability-pair-0072404-try_again_n,solvability-pair-0072404-try_again_n:0,solvability,0,-1.375,0.056930228604323396,-1.75,0.25,2.0,0.0,0.0,0.0
