episode_id,state_id,task,round,observed_persistence_logit,predicted_persistence_logit,termination_advantage,estimated_continue_value,estimated_outside_value,cost_component,progress_component,commitment_input_state_0,commitment_input_state_1,commitment_input_state_2
seed-12026-pa-0.65-pb-0.20,seed-12026-pa-0.65-pb-0.20:0,bandit,0,4.203889734292549,2.912825855619838,0.5,0.5,0.0,0.0,0.0,0.5,0.0,0.0
seed-12026-pa-0.65-pb-0.20,seed-12026-pa-0.65-pb-0.20:1,bandit,1,3.0075990353171704,2.8485527059463944,0.5,0.5,0.0,0.0,-2.0,0.975,0.0,-2.0
seed-12026-pa-0.65-pb-0.20,seed-12026-pa-0.65-pb-0.20:2,bandit,2,3.7234445810050545,3.005898559405332,0.5,0.5,0.0,0.0,3.0,1.42625,0.0,1.1
seed-12026-pa-0.65-pb-0.20,seed-12026-pa-0.65-pb-0.20:3,bandit,3,3.2234445810050545,3.195884117710691,1.3333333333333337,1.3333333333333337,0.0,0.0,3.0,2.6882708333333336,0.0,4.045
seed-12026-pa-0.65-pb-0.20,seed-12026-pa-0.65-pb-0.20:4,bandit,4,1.4287006782765204,3.157965052452073,1.3333333333333337,1.3333333333333337,0.0,0.0,-2.0,3.8871906250000006,0.0,1.8427499999999997
seed-12026-pa-0.65-pb-0.20,seed-12026-pa-0.65-pb-0.20:5,bandit,5,3.0075990353171704,3.3403472861050947,1.3333333333333337,1.3333333333333337,0.0,0.0,3.0,5.026164427083334,0.0,4.7506125
seed-12026-pa-0.65-pb-0.20,seed-12026-pa-0.65-pb-0.20:6,bandit,6,2.7254126516016477,3.53386390683515,1.75,1.75,0.0,0.0,3.0,6.524856205729167,0.0,7.513081875
seed-12026-pa-0.65-pb-0.20,seed-12026-pa-0.65-pb-0.20:7,bandit,7,2.031150136248314,3.499299350879993,1.75,1.75,0.0,0.0,-2.0,7.948613395442708,0.0,5.1374277812499995
seed-12026-pa-0.65-pb-0.20,seed-12026-pa-0.65-pb-0.20:8,bandit,8,1.6787006782765204,3.466463022722594,1.75,1.75,0.0,0.0,-2.0,9.301182725670571,0.0,2.8805563921874997
seed-12026-pa-0.65-pb-0.20,seed-12026-pa-0.65-pb-0.20:9,bandit,9,0.826413277982752,3.435268510973065,1.75,1.75,0.0,0.0,-2.0,10.586123589387043,0.0,0.7365285725781248
seed-12026-pa-0.65-pb-0.20,seed-12026-pa-0.65-pb-0.20:10,bandit,10,0.2676750576056008,3.4056337248110125,1.75,1.75,0.0,0.0,-2.0,11.80681740991769,0.0,-1.3002978560507814
seed-12026-pa-0.65-pb-0.20,seed-12026-pa-0.65-pb-0.20:11,bandit,11,0.376928011042974,3.3774806779570623,1.75,1.75,0.0,0.0,-2.0,12.966476539421805,0.0,-3.2352829632482423
seed-12033-pa-0.65-pb-0.35,seed-12033-pa-0.65-pb-0.35:0,bandit,0,4.203889734292549,2.912825855619838,0.5,0.5,0.0,0.0,0.0,0.5,0.0,0.0
seed-12033-pa-0.65-pb-0.35,seed-12033-pa-0.65-pb-0.35:1,bandit,1,4.42870067827652,3.1074650491144715,1.3333333333333337,1.3333333333333337,0.0,0.0,3.0,1.8083333333333336,0.0,3.0
seed-12033-pa-0.65-pb-0.35,seed-12033-pa-0.65-pb-0.35:2,bandit,2,3.6368710061149017,3.033459939766296,0.5,0.5,0.0,0.0,-2.0,2.2179166666666665,0.0,0.8499999999999996
seed-12033-pa-0.65-pb-0.35,seed-12033-pa-0.65-pb-0.35:3,bandit,3,4.71393946547494,3.20586463004586,1.0,1.0,0.0,0.0,3.0,3.107020833333333,0.0,3.8074999999999997
seed-12033-pa-0.65-pb-0.35,seed-12033-pa-0.65-pb-0.35:4,bandit,4,3.8288897342925488,3.3858518848191923,1.3333333333333337,1.3333333333333337,0.0,0.0,3.0,4.285003125,0.0,6.617125
seed-12033-pa-0.65-pb-0.35,seed-12033-pa-0.65-pb-0.35:5,bandit,5,3.686967589003199,3.568413204716535,1.5714285714285716,1.5714285714285716,0.0,0.0,3.0,5.642181540178571,0.0,9.28626875
seed-12033-pa-0.65-pb-0.35,seed-12033-pa-0.65-pb-0.35:6,bandit,6,2.92974463538566,3.5017409357277827,1.125,1.125,0.0,0.0,-2.0,6.485072463169642,0.0,6.8219553125
seed-12033-pa-0.65-pb-0.35,seed-12033-pa-0.65-pb-0.35:7,bandit,7,1.951413277982752,3.421524364555398,0.7777777777777777,0.7777777777777777,0.0,0.0,-2.0,6.938596617788937,0.0,4.480857546875
seed-12033-pa-0.65-pb-0.35,seed-12033-pa-0.65-pb-0.35:8,bandit,8,3.92358735157374,3.5745258335955064,1.0,1.0,0.0,0.0,3.0,7.59166678689949,0.0,7.256814669531249
seed-12033-pa-0.65-pb-0.35,seed-12033-pa-0.65-pb-0.35:9,bandit,9,3.6949361996449746,3.728715119551471,1.1818181818181817,1.1818181818181817,0.0,0.0,3.0,8.393901629372696,0.0,9.893973936054687
seed-12033-pa-0.65-pb-0.35,seed-12033-pa-0.65-pb-0.35:10,bandit,10,4.52975041827262,3.8825598498495233,1.3333333333333337,1.3333333333333337,0.0,0.0,3.0,9.307539881237394,0.0,12.399275239251953
seed-12033-pa-0.65-pb-0.35,seed-12033-pa-0.65-pb-0.35:11,bandit,11,4.27975041827262,4.034944189404883,1.4615384615384617,1.4615384615384617,0.0,0.0,3.0,10.303701348713986,0.0,14.779311477289355
seed-12033-pa-0.65-pb-0.35,seed-12033-pa-0.65-pb-0.35:12,bandit,12,3.3199361996449746,3.949285406630217,1.2142857142857144,1.2142857142857144,0.0,0.0,-2.0,11.002801995563999,0.0,12.040345903424885
seed-12033-pa-0.65-pb-0.35,seed-12033-pa-0.65-pb-0.35:13,bandit,13,4.0380413716877825,4.092101622574332,1.3333333333333337,1.3333333333333337,0.0,0.0,3.0,11.785995229119132,0.0,14.43832860825364
seed-12033-pa-0.65-pb-0.35,seed-12033-pa-0.65-pb-0.35:14,bandit,14,4.15864569998304,4.232840402411162,1.4375,1.4375,0.0,0.0,3.0,12.634195467663176,0.0,16.716412177840958
seed-12033-pa-0.65-pb-0.35,seed-12033-pa-0.65-pb-0.35:15,bandit,15,3.79858735157374,4.138307993797595,1.2352941176470589,1.2352941176470589,0.0,0.0,-2.0,13.237779811927076,0.0,13.88059156894891
seed-12033-pa-0.65-pb-0.35,seed-12033-pa-0.65-pb-0.35:16,bandit,16,3.0429990792290873,4.039765402228175,1.0555555555555554,1.0555555555555554,0.0,0.0,-2.0,13.631446376886277,0.0,11.186561990501463
seed-12033-pa-0.65-pb-0.35,seed-12033-pa-0.65-pb-0.35:17,bandit,17,4.643149927917811,4.169529829440946,1.1578947368421053,1.1578947368421053,0.0,0.0,3.0,14.10776879488407,0.0,13.62723389097639
seed-12033-pa-0.65-pb-0.35,seed-12033-pa-0.65-pb-0.35:18,bandit,18,4.151300195186874,4.297283124492588,1.25,1.25,0.0,0.0,3.0,14.652380355139865,0.0,15.94587219642757
seed-12033-pa-0.65-pb-0.35,seed-12033-pa-0.65-pb-0.35:19,bandit,19,4.251929081345374,4.200243409142938,1.25,1.25,0.0,0.0,-2.0,15.169761337382871,0.0,13.148578586606192
seed-12033-pa-0.65-pb-0.35,seed-12033-pa-0.65-pb-0.35:20,bandit,20,4.328889734292549,4.100532951450031,1.0952380952380951,1.0952380952380951,0.0,0.0,-2.0,15.506511365751821,0.0,10.491149657275882
seed-12033-pa-0.65-pb-0.35,seed-12033-pa-0.65-pb-0.35:21,bandit,21,5.54858735157374,4.2284218815132695,1.1818181818181817,1.1818181818181817,0.0,0.0,3.0,15.913003979282411,0.0,12.966592174412087
seed-12033-pa-0.65-pb-0.35,seed-12033-pa-0.65-pb-0.35:22,bandit,22,4.929882179158078,4.353758926102852,1.2608695652173911,1.2608695652173911,0.0,0.0,3.0,16.37822334553568,0.0,15.318262565691482
seed-12033-pa-0.65-pb-0.35,seed-12033-pa-0.65-pb-0.35:23,bandit,23,5.15475041827262,4.476351466073335,1.3333333333333337,1.3333333333333337,0.0,0.0,3.0,16.892645511592228,0.0,17.552349437406907
seed-12033-pa-0.65-pb-0.35,seed-12033-pa-0.65-pb-0.35:24,bandit,24,5.03364569998304,4.5960549388468435,1.4,1.4,0.0,0.0,3.0,17.448013236012613,0.0,19.674731965536562
seed-12033-pa-0.65-pb-0.35,seed-12033-pa-0.65-pb-0.35:25,bandit,25,5.03364569998304,4.7127645239523375,1.4615384615384617,1.4615384615384617,0.0,0.0,3.0,18.03715103575044,0.0,21.690995367259735
seed-12033-pa-0.65-pb-0.35,seed-12033-pa-0.65-pb-0.35:26,bandit,26,4.7880413716877825,4.82640833903465,1.5185185185185186,1.5185185185185186,0.0,0.0,3.0,18.653812002481438,0.0,23.606445598896748
seed-12033-pa-0.65-pb-0.35,seed-12033-pa-0.65-pb-0.35:27,bandit,27,4.679882179158078,4.7098564196755035,1.3928571428571428,1.3928571428571428,0.0,0.0,-2.0,19.113978545214508,0.0,20.42612331895191
seed-12033-pa-0.65-pb-0.35,seed-12033-pa-0.65-pb-0.35:28,bandit,28,5.28364569998304,4.820231257038991,1.4482758620689653,1.4482758620689653,0.0,0.0,3.0,19.606555480022745,0.0,22.404817153004313
seed-12033-pa-0.65-pb-0.35,seed-12033-pa-0.65-pb-0.35:29,bandit,29,5.0380413716877825,4.92760157996654,1.5,1.5,0.0,0.0,3.0,20.126227706021606,0.0,24.284576295354096
seed-12033-pa-0.65-pb-0.35,seed-12033-pa-0.65-pb-0.35:30,bandit,30,5.273245464372426,5.031955405958515,1.5483870967741935,1.5483870967741935,0.0,0.0,3.0,20.668303417494716,0.0,26.070347480586392
seed-12033-pa-0.65-pb-0.35,seed-12033-pa-0.65-pb-0.35:31,bandit,31,5.148245464372426,5.133296558661017,1.59375,1.59375,0.0,0.0,3.0,21.22863824661998,0.0,27.76683010655707
seed-12033-pa-0.65-pb-0.35,seed-12033-pa-0.65-pb-0.35:32,bandit,32,5.026300195186874,5.231642034283362,1.6363636363636362,1.6363636363636362,0.0,0.0,3.0,21.803569970652617,0.0,29.378488601229215
seed-12033-pa-0.65-pb-0.35,seed-12033-pa-0.65-pb-0.35:33,bandit,33,4.901300195186874,5.32701977076456,1.676470588235294,1.676470588235294,0.0,0.0,3.0,22.38986206035528,0.0,30.90956417116775
seed-12033-pa-0.65-pb-0.35,seed-12033-pa-0.65-pb-0.35:34,bandit,34,5.026300195186874,5.41946675308224,1.7142857142857144,1.7142857142857144,0.0,0.0,3.0,22.984654671623233,0.0,32.364085962609366
seed-12033-pa-0.65-pb-0.35,seed-12033-pa-0.65-pb-0.35:35,bandit,35,5.02975041827262,5.509027400463438,1.75,1.75,0.0,0.0,3.0,23.58542193804207,0.0,33.7458816644789
seed-12033-pa-0.65-pb-0.35,seed-12033-pa-0.65-pb-0.35:36,bandit,36,5.023245464372426,5.595752191050685,1.7837837837837838,1.7837837837837838,0.0,0.0,3.0,24.189934624923747,0.0,35.058587581254955
seed-12033-pa-0.65-pb-0.35,seed-12033-pa-0.65-pb-0.35:37,bandit,37,4.898245464372426,5.6796964873902525,1.8157894736842104,1.8157894736842104,0.0,0.0,3.0,24.79622736736177,0.0,36.305658202192205
seed-12035-pa-0.35-pb-0.35,seed-12035-pa-0.35-pb-0.35:0,bandit,0,4.203889734292549,2.912825855619838,0.5,0.5,0.0,0.0,0.0,0.5,0.0,0.0
seed-12035-pa-0.35-pb-0.35,seed-12035-pa-0.35-pb-0.35:1,bandit,1,3.849076984180108,2.8485527059463944,0.5,0.5,0.0,0.0,-2.0,0.975,0.0,-2.0
seed-12035-pa-0.35-pb-0.35,seed-12035-pa-0.35-pb-0.35:2,bandit,2,1.2575990353171704,2.7874932137566226,0.5,0.5,0.0,0.0,-2.0,1.42625,0.0,-3.9
seed-12039-pa-0.50-pb-0.65,seed-12039-pa-0.50-pb-0.65:0,bandit,0,4.203889734292549,2.912825855619838,0.5,0.5,0.0,0.0,0.0,0.5,0.0,0.0
seed-12039-pa-0.50-pb-0.65,seed-12039-pa-0.50-pb-0.65:1,bandit,1,3.849076984180108,2.8485527059463944,0.5,0.5,0.0,0.0,-2.0,0.975,0.0,-2.0
seed-12039-pa-0.50-pb-0.65,seed-12039-pa-0.50-pb-0.65:2,bandit,2,4.350412651601648,3.005898559405332,0.5,0.5,0.0,0.0,3.0,1.42625,0.0,1.1
seed-12039-pa-0.50-pb-0.65,seed-12039-pa-0.50-pb-0.65:3,bandit,3,2.7731232641398407,2.9369717745426134,0.5,0.5,0.0,0.0,-2.0,1.8549375,0.0,-0.9550000000000001
seed-12039-pa-0.50-pb-0.65,seed-12039-pa-0.50-pb-0.65:4,bandit,4,3.376928011042974,3.08989667457174,0.5,0.5,0.0,0.0,3.0,2.2621906249999997,0.0,2.09275
seed-12039-pa-0.50-pb-0.65,seed-12039-pa-0.50-pb-0.65:5,bandit,5,3.1128222787715707,3.252535471393425,0.8571428571428572,0.8571428571428572,0.0,0.0,3.0,3.0062239508928568,0.0,4.9881125
seed-12039-pa-0.50-pb-0.65,seed-12039-pa-0.50-pb-0.65:6,bandit,6,3.429882179158078,3.4200624347195374,1.125,1.125,0.0,0.0,3.0,3.9809127533482136,0.0,7.738706874999999
seed-12039-pa-0.50-pb-0.65,seed-12039-pa-0.50-pb-0.65:7,bandit,7,3.017675057605601,3.343929788597565,0.7777777777777777,0.7777777777777777,0.0,0.0,-2.0,4.5596448934585805,0.0,5.351771531249999
seed-12039-pa-0.50-pb-0.65,seed-12039-pa-0.50-pb-0.65:8,bandit,8,1.8504126516016477,3.258101442275235,0.5,0.5,0.0,0.0,-2.0,4.8316626487856515,0.0,3.084182954687499
seed-12039-pa-0.50-pb-0.65,seed-12039-pa-0.50-pb-0.65:9,bandit,9,4.892675057605601,3.4354768564370985,1.3333333333333337,1.3333333333333337,0.0,0.0,3.0,5.9234128496797025,0.0,5.929973806953123
seed-12039-pa-0.50-pb-0.65,seed-12039-pa-0.50-pb-0.65:10,bandit,10,4.350206558916746,3.6039834998908695,1.3333333333333337,1.3333333333333337,0.0,0.0,3.0,6.960575540529051,0.0,8.633475116605467
seed-12039-pa-0.50-pb-0.65,seed-12039-pa-0.50-pb-0.65:11,bandit,11,3.975412651601648,3.5456594655232427,1.3333333333333337,1.3333333333333337,0.0,0.0,-2.0,7.945880096835932,0.0,6.201801360775194
seed-12039-pa-0.50-pb-0.65,seed-12039-pa-0.50-pb-0.65:12,bandit,12,2.974076984180108,3.490251632873997,1.3333333333333337,1.3333333333333337,0.0,0.0,-2.0,8.88191942532747,0.0,3.891711292736434
seed-12039-pa-0.50-pb-0.65,seed-12039-pa-0.50-pb-0.65:13,bandit,13,4.828889734292549,3.656019537505923,1.3333333333333337,1.3333333333333337,0.0,0.0,3.0,9.77115678739443,0.0,6.697125728099612
seed-12039-pa-0.50-pb-0.65,seed-12039-pa-0.50-pb-0.65:14,bandit,14,4.436967589003199,3.8134990469062524,1.3333333333333337,1.3333333333333337,0.0,0.0,3.0,10.615932281358042,0.0,9.362269441694632
seed-12039-pa-0.50-pb-0.65,seed-12039-pa-0.50-pb-0.65:15,bandit,15,4.667999079229087,3.9631045808365655,1.3333333333333337,1.3333333333333337,0.0,0.0,3.0,11.418469000623473,0.0,11.8941559696099
seed-12039-pa-0.50-pb-0.65,seed-12039-pa-0.50-pb-0.65:16,bandit,16,4.4130413716877825,4.105229838070363,1.3333333333333337,1.3333333333333337,0.0,0.0,3.0,12.180878883925633,0.0,14.299448171129404
seed-12039-pa-0.50-pb-0.65,seed-12039-pa-0.50-pb-0.65:17,bandit,17,4.4130413716877825,4.24024883244247,1.3333333333333337,1.3333333333333337,0.0,0.0,3.0,12.905168273062685,0.0,16.584475762572932
seed-12039-pa-0.50-pb-0.65,seed-12039-pa-0.50-pb-0.65:18,bandit,18,4.001928011042974,4.150111531447263,1.3333333333333337,1.3333333333333337,0.0,0.0,-2.0,13.593243192742884,0.0,13.755251974444285
seed-12039-pa-0.50-pb-0.65,seed-12039-pa-0.50-pb-0.65:19,bandit,19,4.792999079229087,4.282886441150525,1.3333333333333337,1.3333333333333337,0.0,0.0,3.0,14.246914366439073,0.0,16.06748937572207
seed-12039-pa-0.50-pb-0.65,seed-12039-pa-0.50-pb-0.65:20,bandit,20,4.7880413716877825,4.409022605368625,1.3333333333333337,1.3333333333333337,0.0,0.0,3.0,14.867901981450453,0.0,18.264114906935966
seed-12039-pa-0.50-pb-0.65,seed-12039-pa-0.50-pb-0.65:21,bandit,21,4.578889734292549,4.31044661572711,1.3333333333333337,1.3333333333333337,0.0,0.0,-2.0,15.457840215711263,0.0,15.350909161589165
seed-12039-pa-0.50-pb-0.65,seed-12039-pa-0.50-pb-0.65:22,bandit,22,5.15864569998304,4.43520477121638,1.3333333333333337,1.3333333333333337,0.0,0.0,3.0,16.018281538259032,0.0,17.583363703509704
seed-12039-pa-0.50-pb-0.65,seed-12039-pa-0.50-pb-0.65:23,bandit,23,4.21393946547494,4.335319673282477,1.3333333333333337,1.3333333333333337,0.0,0.0,-2.0,16.55070079467941,0.0,14.704195518334217
seed-12039-pa-0.50-pb-0.65,seed-12039-pa-0.50-pb-0.65:24,bandit,24,3.767675057605601,4.2404288302452695,1.3333333333333337,1.3333333333333337,0.0,0.0,-2.0,17.056499088278773,0.0,11.968985742417505
seed-12039-pa-0.50-pb-0.65,seed-12039-pa-0.50-pb-0.65:25,bandit,25,5.401300195186874,4.368687875008632,1.3333333333333337,1.3333333333333337,0.0,0.0,3.0,17.537007467198166,0.0,14.37053645529663
seed-12039-pa-0.50-pb-0.65,seed-12039-pa-0.50-pb-0.65:26,bandit,26,4.33893946547494,4.272128621885117,1.3333333333333337,1.3333333333333337,0.0,0.0,-2.0,17.99349042717159,0.0,11.652009632531797
seed-12039-pa-0.50-pb-0.65,seed-12039-pa-0.50-pb-0.65:27,bandit,27,3.6128222787715703,4.180397331417778,1.3333333333333337,1.3333333333333337,0.0,0.0,-2.0,18.427149239146342,0.0,9.069409150905207
seed-12039-pa-0.50-pb-0.65,seed-12039-pa-0.50-pb-0.65:28,bandit,28,3.71393946547494,4.093252605473805,1.3333333333333337,1.3333333333333337,0.0,0.0,-2.0,18.839125110522357,0.0,6.615938693359945
seed-12039-pa-0.50-pb-0.65,seed-12039-pa-0.50-pb-0.65:29,bandit,29,3.58893946547494,4.0104651158270315,1.3333333333333337,1.3333333333333337,0.0,0.0,-2.0,19.23050218832957,0.0,4.285141758691948
seed-12039-pa-0.50-pb-0.65,seed-12039-pa-0.50-pb-0.65:30,bandit,30,5.02975041827262,4.150222346311305,1.3333333333333337,1.3333333333333337,0.0,0.0,3.0,19.602310412246425,0.0,7.0708846707573505
seed-12039-pa-0.50-pb-0.65,seed-12039-pa-0.50-pb-0.65:31,bandit,31,4.21393946547494,4.064586369622656,1.3333333333333337,1.3333333333333337,0.0,0.0,-2.0,19.955528224967434,0.0,4.717340437219483
seed-12039-pa-0.50-pb-0.65,seed-12039-pa-0.50-pb-0.65:32,bandit,32,4.90475041827262,4.201637537417149,1.3333333333333337,1.3333333333333337,0.0,0.0,3.0,20.291085147052392,0.0,7.481473415358509
seed-12039-pa-0.50-pb-0.65,seed-12039-pa-0.50-pb-0.65:33,bandit,33,4.895541900901097,4.331836146821917,1.3333333333333337,1.3333333333333337,0.0,0.0,3.0,20.609864223033103,0.0,10.107399744590584
seed-12039-pa-0.50-pb-0.65,seed-12039-pa-0.50-pb-0.65:34,bandit,34,4.9130413716877825,4.237119480107737,1.3333333333333337,1.3333333333333337,0.0,0.0,-2.0,20.912704345214777,0.0,7.602029757361054
seed-12039-pa-0.50-pb-0.65,seed-12039-pa-0.50-pb-0.65:35,bandit,35,4.0699361996449746,4.1471386467292675,1.3333333333333337,1.3333333333333337,0.0,0.0,-2.0,21.20040246128737,0.0,5.2219282694930005
seed-12039-pa-0.50-pb-0.65,seed-12039-pa-0.50-pb-0.65:36,bandit,36,5.273245464372426,4.2800622006684295,1.3333333333333337,1.3333333333333337,0.0,0.0,3.0,21.473715671556334,0.0,7.96083185601835
seed-12039-pa-0.50-pb-0.65,seed-12039-pa-0.50-pb-0.65:37,bandit,37,4.792999079229087,4.1879342312619245,1.3333333333333337,1.3333333333333337,0.0,0.0,-2.0,21.733363221311848,0.0,5.562790263217432
seed-12039-pa-0.50-pb-0.65,seed-12039-pa-0.50-pb-0.65:38,bandit,38,5.270541900901097,4.318818005974453,1.3333333333333337,1.3333333333333337,0.0,0.0,3.0,21.980028393579587,0.0,8.28465075005656
seed-12039-pa-0.50-pb-0.65,seed-12039-pa-0.50-pb-0.65:39,bandit,39,4.78364569998304,4.224752246302647,1.3333333333333337,1.3333333333333337,0.0,0.0,-2.0,22.21436030723394,0.0,5.870418212553732
seed-12039-pa-0.50-pb-0.65,seed-12039-pa-0.50-pb-0.65:40,bandit,40,5.520541900901097,4.353795120263141,1.3333333333333337,1.3333333333333337,0.0,0.0,3.0,22.436975625205573,0.0,8.576897301926046
seed-12039-pa-0.50-pb-0.65,seed-12039-pa-0.50-pb-0.65:41,bandit,41,5.268149927917811,4.476385850525609,1.3333333333333337,1.3333333333333337,0.0,0.0,3.0,22.648460177278626,0.0,11.148052436829744
seed-12039-pa-0.50-pb-0.65,seed-12039-pa-0.50-pb-0.65:42,bandit,42,5.27975041827262,4.374441698626245,1.3333333333333337,1.3333333333333337,0.0,0.0,-2.0,22.849370501748027,0.0,8.590649814988256
seed-12039-pa-0.50-pb-0.65,seed-12039-pa-0.50-pb-0.65:43,bandit,43,5.273245464372426,4.4960000999705585,1.3333333333333337,1.3333333333333337,0.0,0.0,3.0,23.040235309993957,0.0,11.161117324238843
seed-12039-pa-0.50-pb-0.65,seed-12039-pa-0.50-pb-0.65:44,bandit,44,4.7880413716877825,4.393075235598947,1.3333333333333337,1.3333333333333337,0.0,0.0,-2.0,23.22155687782759,0.0,8.6030614580269
seed-12039-pa-0.50-pb-0.65,seed-12039-pa-0.50-pb-0.65:45,bandit,45,4.7880413716877825,4.295296614445916,1.3333333333333337,1.3333333333333337,0.0,0.0,-2.0,23.393812367269543,0.0,6.172908385125554
seed-12039-pa-0.50-pb-0.65,seed-12039-pa-0.50-pb-0.65:46,bandit,46,5.768149927917811,4.420812269999246,1.3333333333333337,1.3333333333333337,0.0,0.0,3.0,23.557455082239397,0.0,8.864262965869276
seed-12039-pa-0.50-pb-0.65,seed-12039-pa-0.50-pb-0.65:47,bandit,47,5.398245464372426,4.5400521427749085,1.3333333333333337,1.3333333333333337,0.0,0.0,3.0,23.71291566146076,0.0,11.421049817575812
seed-12039-pa-0.50-pb-0.65,seed-12039-pa-0.50-pb-0.65:48,bandit,48,5.516034256080317,4.653330021911789,1.3333333333333337,1.3333333333333337,0.0,0.0,3.0,23.860603211721052,0.0,13.84999732669702
seed-12039-pa-0.50-pb-0.65,seed-12039-pa-0.50-pb-0.65:49,bandit,49,5.512509570276173,4.760944007091825,1.3333333333333337,1.3333333333333337,0.0,0.0,3.0,24.00090638446833,0.0,16.15749746036217
seed-12039-pa-0.50-pb-0.65,seed-12039-pa-0.50-pb-0.65:50,bandit,50,5.266034256080317,4.863177293012859,1.3333333333333337,1.3333333333333337,0.0,0.0,3.0,24.134194398578245,0.0,18.349622587344058
seed-12039-pa-0.50-pb-0.65,seed-12039-pa-0.50-pb-0.65:51,bandit,51,5.395541900901097,4.741893568989132,1.3333333333333337,1.3333333333333337,0.0,0.0,-2.0,24.260818011982664,0.0,15.432141457976854
seed-12039-pa-0.50-pb-0.65,seed-12039-pa-0.50-pb-0.65:52,bandit,52,4.29858735157374,4.626674031166592,1.3333333333333337,1.3333333333333337,0.0,0.0,-2.0,24.38111044471686,0.0,12.66053438507801
seed-12039-pa-0.50-pb-0.65,seed-12039-pa-0.50-pb-0.65:53,bandit,53,5.643149927917811,4.735620815883888,1.3333333333333337,1.3333333333333337,0.0,0.0,3.0,24.495388255814348,0.0,15.027507665824109
seed-12039-pa-0.50-pb-0.65,seed-12039-pa-0.50-pb-0.65:54,bandit,54,5.03364569998304,4.62071491571661,1.3333333333333337,1.3333333333333337,0.0,0.0,-2.0,24.603952176356962,0.0,12.276132282532902
seed-12039-pa-0.50-pb-0.65,seed-12039-pa-0.50-pb-0.65:55,bandit,55,5.643149927917811,4.729959656206405,1.3333333333333337,1.3333333333333337,0.0,0.0,3.0,24.707087900872445,0.0,14.662325668406258
seed-12039-pa-0.50-pb-0.65,seed-12039-pa-0.50-pb-0.65:56,bandit,56,5.151300195186874,4.615336814023001,1.3333333333333337,1.3333333333333337,0.0,0.0,-2.0,24.805066839162155,0.0,11.929209384985944
seed-12039-pa-0.50-pb-0.65,seed-12039-pa-0.50-pb-0.65:57,bandit,57,5.02975041827262,4.506445113948768,1.3333333333333337,1.3333333333333337,0.0,0.0,-2.0,24.898146830537378,0.0,9.332748915736646
seed-12039-pa-0.50-pb-0.65,seed-12039-pa-0.50-pb-0.65:58,bandit,58,5.762509570276173,4.621403344526955,1.3333333333333337,1.3333333333333337,0.0,0.0,3.0,24.98657282234384,0.0,11.866111469949814
seed-12039-pa-0.50-pb-0.65,seed-12039-pa-0.50-pb-0.65:59,bandit,59,5.151300195186874,4.512208317927524,1.3333333333333337,1.3333333333333337,0.0,0.0,-2.0,25.070577514559982,0.0,9.272805896452324
seed-12039-pa-0.50-pb-0.65,seed-12039-pa-0.50-pb-0.65:60,bandit,60,5.026300195186874,4.408473042658064,1.3333333333333337,1.3333333333333337,0.0,0.0,-2.0,25.150381972165313,0.0,6.809165601629708
seed-12039-pa-0.50-pb-0.65,seed-12039-pa-0.50-pb-0.65:61,bandit,61,5.887509570276173,4.528329876800786,1.3333333333333337,1.3333333333333337,0.0,0.0,3.0,25.22619620689038,0.0,9.468707321548223
seed-12039-pa-0.50-pb-0.65,seed-12039-pa-0.50-pb-0.65:62,bandit,62,5.523245464372426,4.423788523587663,1.3333333333333337,1.3333333333333337,0.0,0.0,-2.0,25.29821972987919,0.0,6.995271955470811
seed-12039-pa-0.50-pb-0.65,seed-12039-pa-0.50-pb-0.65:63,bandit,63,5.148245464372426,4.324474238035196,1.3333333333333337,1.3333333333333337,0.0,0.0,-2.0,25.366642076718563,0.0,4.6455083576972696
seed-12039-pa-0.50-pb-0.65,seed-12039-pa-0.50-pb-0.65:64,bandit,64,4.776300195186874,4.230125666760353,1.3333333333333337,1.3333333333333337,0.0,0.0,-2.0,25.431643306215964,0.0,2.4132329398124055
seed-12039-pa-0.50-pb-0.65,seed-12039-pa-0.50-pb-0.65:65,bandit,65,5.636047744848593,4.358899869697961,1.3333333333333337,1.3333333333333337,0.0,0.0,3.0,25.493394474238496,0.0,5.292571292821785
seed-12039-pa-0.50-pb-0.65,seed-12039-pa-0.50-pb-0.65:66,bandit,66,5.145541900901097,4.262830016839979,1.3333333333333337,1.3333333333333337,0.0,0.0,-2.0,25.5520580838599,0.0,3.0279427281806957
seed-12039-pa-0.50-pb-0.65,seed-12039-pa-0.50-pb-0.65:67,bandit,67,4.895541900901097,4.171563656624897,1.3333333333333337,1.3333333333333337,0.0,0.0,-2.0,25.607788513000237,0.0,0.8765455917716607
seed-12039-pa-0.50-pb-0.65,seed-12039-pa-0.50-pb-0.65:68,bandit,68,4.523245464372426,4.084860614420569,1.3333333333333337,1.3333333333333337,0.0,0.0,-2.0,25.660732420683555,0.0,-1.1672816878169225
seed-12039-pa-0.50-pb-0.65,seed-12039-pa-0.50-pb-0.65:69,bandit,69,5.65864569998304,4.24115156873485,1.75,1.75,0.0,0.0,3.0,26.127695799649377,0.0,1.8910823965739236
seed-12039-pa-0.50-pb-0.65,seed-12039-pa-0.50-pb-0.65:70,bandit,70,5.518149927917811,4.389627975333417,1.75,1.75,0.0,0.0,3.0,26.571311009666907,0.0,4.796528276745227
seed-12039-pa-0.50-pb-0.65,seed-12039-pa-0.50-pb-0.65:71,bandit,71,5.78364569998304,4.312275215953346,1.75,1.75,0.0,0.0,-2.0,26.99274545918356,0.0,2.556701862907966
seed-12039-pa-0.50-pb-0.65,seed-12039-pa-0.50-pb-0.65:72,bandit,72,4.929882179158078,4.23879009454228,1.75,1.75,0.0,0.0,-2.0,27.39310818622438,0.0,0.42886676976256766
seed-12039-pa-0.50-pb-0.65,seed-12039-pa-0.50-pb-0.65:73,bandit,73,6.014163456931506,4.387384574850476,1.75,1.75,0.0,0.0,3.0,27.77345277691316,0.0,3.4074234312744394
seed-12039-pa-0.50-pb-0.65,seed-12039-pa-0.50-pb-0.65:74,bandit,74,5.65475041827262,4.310143985494553,1.75,1.75,0.0,0.0,-2.0,28.1347801380675,0.0,1.2370522597107172
seed-12039-pa-0.50-pb-0.65,seed-12039-pa-0.50-pb-0.65:75,bandit,75,6.012509570276173,4.455170771255134,1.75,1.75,0.0,0.0,3.0,28.478041131164126,0.0,4.175199646725181
seed-12039-pa-0.50-pb-0.65,seed-12039-pa-0.50-pb-0.65:76,bandit,76,5.526300195186874,4.3745408720789785,1.75,1.75,0.0,0.0,-2.0,28.804139074605917,0.0,1.966439664388922
seed-12039-pa-0.50-pb-0.65,seed-12039-pa-0.50-pb-0.65:77,bandit,77,5.764163456931506,4.51634781351034,1.75,1.75,0.0,0.0,3.0,29.11393212087562,0.0,4.868117681169476
seed-12039-pa-0.50-pb-0.65,seed-12039-pa-0.50-pb-0.65:78,bandit,78,5.639163456931506,4.651064407870132,1.75,1.75,0.0,0.0,3.0,29.408235514831837,0.0,7.6247117971110026
seed-12039-pa-0.50-pb-0.65,seed-12039-pa-0.50-pb-0.65:79,bandit,79,5.761047744848593,4.779045172511935,1.75,1.75,0.0,0.0,3.0,29.687823739090245,0.0,10.243476207255451
seed-12039-pa-0.50-pb-0.65,seed-12039-pa-0.50-pb-0.65:80,bandit,80,5.648245464372426,4.682221553272939,1.75,1.75,0.0,0.0,-2.0,29.95343255213573,0.0,7.731302396892678
seed-12039-pa-0.50-pb-0.65,seed-12039-pa-0.50-pb-0.65:81,bandit,81,6.016034256080317,4.808644460644602,1.75,1.75,0.0,0.0,3.0,30.205760924528942,0.0,10.344737277048043
seed-12039-pa-0.50-pb-0.65,seed-12039-pa-0.50-pb-0.65:82,bandit,82,5.40864569998304,4.710340876998972,1.75,1.75,0.0,0.0,-2.0,30.445472878302493,0.0,7.82750041319564
seed-12039-pa-0.50-pb-0.65,seed-12039-pa-0.50-pb-0.65:83,bandit,83,5.1630413716877825,4.616952472535624,1.75,1.75,0.0,0.0,-2.0,30.673199234387365,0.0,5.436125392535858
seed-12039-pa-0.50-pb-0.65,seed-12039-pa-0.50-pb-0.65:84,bandit,84,5.04858735157374,4.528233488295443,1.75,1.75,0.0,0.0,-2.0,30.889539272667996,0.0,3.164319122909064
seed-12039-pa-0.50-pb-0.65,seed-12039-pa-0.50-pb-0.65:85,bandit,85,4.929882179158078,4.443950453267272,1.75,1.75,0.0,0.0,-2.0,31.095062309034596,0.0,1.006103166763611
seed-12039-pa-0.50-pb-0.65,seed-12039-pa-0.50-pb-0.65:86,bandit,86,4.92358735157374,4.363881569990509,1.75,1.75,0.0,0.0,-2.0,31.290309193582864,0.0,-1.0442019915745697
seed-12039-pa-0.50-pb-0.65,seed-12039-pa-0.50-pb-0.65:87,bandit,87,4.79858735157374,4.287816130877585,1.75,1.75,0.0,0.0,-2.0,31.47579373390372,0.0,-2.9919918919958413
seed-12039-pa-0.50-pb-0.65,seed-12039-pa-0.50-pb-0.65:88,bandit,88,5.891034256080317,4.4339593093690155,1.75,1.75,0.0,0.0,3.0,31.652004047208536,0.0,0.15760770260395107
seed-12039-pa-0.50-pb-0.65,seed-12039-pa-0.50-pb-0.65:89,bandit,89,5.523245464372426,4.572795328935873,1.75,1.75,0.0,0.0,3.0,31.819403844848107,0.0,3.1497273174737535
seed-12039-pa-0.50-pb-0.65,seed-12039-pa-0.50-pb-0.65:90,bandit,90,5.776300195186874,4.486284201875681,1.75,1.75,0.0,0.0,-2.0,31.978433652605702,0.0,0.9922409516000656
seed-12039-pa-0.50-pb-0.65,seed-12039-pa-0.50-pb-0.65:91,bandit,91,5.292999079229087,4.404098631168497,1.75,1.75,0.0,0.0,-2.0,32.12951196997541,0.0,-1.0573710959799376
seed-12039-pa-0.50-pb-0.65,seed-12039-pa-0.50-pb-0.65:92,bandit,92,5.15864569998304,4.3260223389966725,1.75,1.75,0.0,0.0,-2.0,32.273036371476636,0.0,-3.0045025411809405
seed-12039-pa-0.50-pb-0.65,seed-12039-pa-0.50-pb-0.65:93,bandit,93,5.15864569998304,4.25184986143344,1.75,1.75,0.0,0.0,-2.0,32.40938455290281,0.0,-4.854277414121894
seed-12039-pa-0.50-pb-0.65,seed-12039-pa-0.50-pb-0.65:94,bandit,94,5.15864569998304,4.181386007748369,1.75,1.75,0.0,0.0,-2.0,32.53891532525766,0.0,-6.611563543415799
seed-12039-pa-0.50-pb-0.65,seed-12039-pa-0.50-pb-0.65:95,bandit,95,4.917999079229087,4.114445346747551,1.75,1.75,0.0,0.0,-2.0,32.66196955899478,0.0,-8.280985366245009
seed-12039-pa-0.50-pb-0.65,seed-12039-pa-0.50-pb-0.65:96,bandit,96,4.9130413716877825,4.050851718796774,1.75,1.75,0.0,0.0,-2.0,32.77887108104504,0.0,-9.866936097932758
seed-12039-pa-0.50-pb-0.65,seed-12039-pa-0.50-pb-0.65:97,bandit,97,4.7880413716877825,3.990437772243536,1.75,1.75,0.0,0.0,-2.0,32.889927526992786,0.0,-11.373589293036119
seed-12039-pa-0.50-pb-0.65,seed-12039-pa-0.50-pb-0.65:98,bandit,98,5.391034256080317,4.151449868666669,1.75,1.75,0.0,0.0,3.0,32.99543115064314,0.0,-7.804909828384313
seed-12039-pa-0.50-pb-0.65,seed-12039-pa-0.50-pb-0.65:99,bandit,99,5.40864569998304,4.086006014619936,1.75,1.75,0.0,0.0,-2.0,33.09565959311098,0.0,-9.414664336965096
seed-12043-pa-0.35-pb-0.50,seed-12043-pa-0.35-pb-0.50:0,bandit,0,4.203889734292549,2.912825855619838,0.5,0.5,0.0,0.0,0.0,0.5,0.0,0.0
seed-12043-pa-0.35-pb-0.50,seed-12043-pa-0.35-pb-0.50:1,bandit,1,3.849076984180108,2.8485527059463944,0.5,0.5,0.0,0.0,-2.0,0.975,0.0,-2.0
seed-12043-pa-0.35-pb-0.50,seed-12043-pa-0.35-pb-0.50:2,bandit,2,4.350412651601648,3.005898559405332,0.5,0.5,0.0,0.0,3.0,1.42625,0.0,1.1
seed-12043-pa-0.35-pb-0.50,seed-12043-pa-0.35-pb-0.50:3,bandit,3,4.21393946547494,3.1796813187029436,1.0,1.0,0.0,0.0,3.0,2.3549375,0.0,4.045
seed-12043-pa-0.35-pb-0.50,seed-12043-pa-0.35-pb-0.50:4,bandit,4,2.7254126516016477,3.1020653958753446,0.5,0.5,0.0,0.0,-2.0,2.737190625,0.0,1.8427499999999997
seed-12043-pa-0.35-pb-0.50,seed-12043-pa-0.35-pb-0.50:5,bandit,5,1.6368710061149017,3.0283302691891256,0.5,0.5,0.0,0.0,-2.0,3.10033109375,0.0,-0.24938750000000032
seed-12048-pa-0.20-pb-0.50,seed-12048-pa-0.20-pb-0.50:0,bandit,0,4.203889734292549,2.912825855619838,0.5,0.5,0.0,0.0,0.0,0.5,0.0,0.0
seed-12048-pa-0.20-pb-0.50,seed-12048-pa-0.20-pb-0.50:1,bandit,1,3.0075990353171704,2.8485527059463944,0.5,0.5,0.0,0.0,-2.0,0.975,0.0,-2.0
seed-12048-pa-0.20-pb-0.50,seed-12048-pa-0.20-pb-0.50:2,bandit,2,0.1882616875182243,2.7469862162372545,-0.3333333333333332,-0.3333333333333332,0.0,0.0,-2.0,0.5929166666666668,0.0,-3.9
seed-12073-pa-0.35-pb-0.65,seed-12073-pa-0.35-pb-0.65:0,bandit,0,4.203889734292549,2.912825855619838,0.5,0.5,0.0,0.0,0.0,0.5,0.0,0.0
seed-12073-pa-0.35-pb-0.65,seed-12073-pa-0.35-pb-0.65:1,bandit,1,3.849076984180108,2.8485527059463944,0.5,0.5,0.0,0.0,-2.0,0.975,0.0,-2.0
seed-12073-pa-0.35-pb-0.65,seed-12073-pa-0.35-pb-0.65:2,bandit,2,2.71393946547494,3.0464055569247,1.3333333333333337,1.3333333333333337,0.0,0.0,3.0,2.2595833333333335,0.0,1.1
seed-12073-pa-0.35-pb-0.65,seed-12073-pa-0.35-pb-0.65:3,bandit,3,2.5231232641398407,3.254619264113775,1.75,1.75,0.0,0.0,3.0,3.8966041666666666,0.0,4.045
seed-12073-pa-0.35-pb-0.65,seed-12073-pa-0.35-pb-0.65:4,bandit,4,2.3037006782765204,3.4645743851992066,2.0,2.0,0.0,0.0,3.0,5.701773958333334,0.0,6.84275
seed-12073-pa-0.35-pb-0.65,seed-12073-pa-0.35-pb-0.65:5,bandit,5,2.3868710061149017,3.6640317502303663,2.0,2.0,0.0,0.0,3.0,7.416685260416667,0.0,9.500612499999999
seed-12073-pa-0.35-pb-0.65,seed-12073-pa-0.35-pb-0.65:6,bandit,6,1.273123264139841,3.6027053033457648,1.3333333333333337,1.3333333333333337,0.0,0.0,-2.0,8.379184330729167,0.0,7.0255818749999985
seed-12073-pa-0.35-pb-0.65,seed-12073-pa-0.35-pb-0.65:7,bandit,7,1.023123264139841,3.5212983230800394,0.8571428571428572,0.8571428571428572,0.0,0.0,-2.0,8.817367971335566,0.0,4.674302781249998
seed-12073-pa-0.35-pb-0.65,seed-12073-pa-0.35-pb-0.65:8,bandit,8,3.099076984180108,3.6753871438218213,1.125,1.125,0.0,0.0,3.0,9.501499572768788,0.0,7.440587642187498
seed-12073-pa-0.35-pb-0.65,seed-12073-pa-0.35-pb-0.65:9,bandit,9,1.9734445810050545,3.5864882622447345,0.7777777777777777,0.7777777777777777,0.0,0.0,-2.0,9.804202371908126,0.0,5.068558260078122
seed-12073-pa-0.35-pb-0.65,seed-12073-pa-0.35-pb-0.65:10,bandit,10,2.326413277982752,3.502034324746502,0.7777777777777777,0.7777777777777777,0.0,0.0,-2.0,10.091770031090498,0.0,2.8151303470742155
seed-12073-pa-0.35-pb-0.65,seed-12073-pa-0.35-pb-0.65:11,bandit,11,1.8868710061149017,3.421803084123181,0.7777777777777777,0.7777777777777777,0.0,0.0,-2.0,10.36495930731375,0.0,0.6743738297205044
seed-12073-pa-0.35-pb-0.65,seed-12073-pa-0.35-pb-0.65:12,bandit,12,2.0537006782765204,3.3455834055310265,0.7777777777777777,0.7777777777777777,0.0,0.0,-2.0,10.62448911972584,0.0,-1.3593448617655208
seed-12073-pa-0.35-pb-0.65,seed-12073-pa-0.35-pb-0.65:13,bandit,13,3.474076984180108,3.491580056517188,0.7777777777777777,0.7777777777777777,0.0,0.0,3.0,10.871042441517325,0.0,1.7086223813227552
seed-12073-pa-0.35-pb-0.65,seed-12073-pa-0.35-pb-0.65:14,bandit,14,3.67870067827652,3.641078740959207,1.0,1.0,0.0,0.0,3.0,11.32749031944146,0.0,4.623191262256618
seed-12073-pa-0.35-pb-0.65,seed-12073-pa-0.35-pb-0.65:15,bandit,15,3.92870067827652,3.791940381546987,1.1818181818181817,1.1818181818181817,0.0,0.0,3.0,11.942933985287567,0.0,7.392031699143787
seed-12073-pa-0.35-pb-0.65,seed-12073-pa-0.35-pb-0.65:16,bandit,16,4.011871006114902,3.9426238487452636,1.3333333333333337,1.3333333333333337,0.0,0.0,3.0,12.679120619356523,0.0,10.022430114186598
seed-12073-pa-0.35-pb-0.65,seed-12073-pa-0.35-pb-0.65:17,bandit,17,3.92870067827652,4.0920049883558365,1.4615384615384617,1.4615384615384617,0.0,0.0,3.0,13.506703049927157,0.0,12.521308608477268
seed-12073-pa-0.35-pb-0.65,seed-12073-pa-0.35-pb-0.65:18,bandit,18,4.063261687518224,4.239258653076347,1.5714285714285716,1.5714285714285716,0.0,0.0,3.0,14.40279646885937,0.0,14.895243178053404
seed-12073-pa-0.35-pb-0.65,seed-12073-pa-0.35-pb-0.65:19,bandit,19,3.781150136248314,4.383779005705902,1.6666666666666663,1.6666666666666663,0.0,0.0,3.0,15.349323312083067,0.0,17.15048101915073
seed-12073-pa-0.35-pb-0.65,seed-12073-pa-0.35-pb-0.65:20,bandit,20,2.6481232641398407,4.3026679950552715,1.6666666666666663,1.6666666666666663,0.0,0.0,-2.0,16.24852381314558,0.0,14.292956968193195
seed-12073-pa-0.35-pb-0.65,seed-12073-pa-0.35-pb-0.65:21,bandit,21,2.8037006782765204,4.214473110619346,1.4375,1.4375,0.0,0.0,-2.0,16.8735976224883,0.0,11.578309119783535
seed-12073-pa-0.35-pb-0.65,seed-12073-pa-0.35-pb-0.65:22,bandit,22,4.4734445810050545,4.353560999603855,1.5294117647058822,1.5294117647058822,0.0,0.0,3.0,17.559329506069766,0.0,13.999393663794358
seed-12073-pa-0.35-pb-0.65,seed-12073-pa-0.35-pb-0.65:23,bandit,23,3.1787006782765204,4.2577580902505785,1.3333333333333337,1.3333333333333337,0.0,0.0,-2.0,18.01469636409961,0.0,11.299423980604638
seed-12073-pa-0.35-pb-0.65,seed-12073-pa-0.35-pb-0.65:24,bandit,24,3.1325990353171704,4.166745326364966,1.3333333333333337,1.3333333333333337,0.0,0.0,-2.0,18.44729487922796,0.0,8.734452781574406
seed-12073-pa-0.35-pb-0.65,seed-12073-pa-0.35-pb-0.65:25,bandit,25,2.950939419878843,4.080283200673634,1.3333333333333337,1.3333333333333337,0.0,0.0,-2.0,18.858263468599894,0.0,6.297730142495686
seed-12073-pa-0.35-pb-0.65,seed-12073-pa-0.35-pb-0.65:26,bandit,26,4.281150136248314,4.220813421391301,1.4210526315789471,1.4210526315789471,0.0,0.0,3.0,19.336402926748846,0.0,8.982843635370902
seed-12073-pa-0.35-pb-0.65,seed-12073-pa-0.35-pb-0.65:27,bandit,27,3.1481232641398407,4.135911785424375,1.4210526315789471,1.4210526315789471,0.0,0.0,-2.0,19.79063541199035,0.0,6.533701453602356
seed-12073-pa-0.35-pb-0.65,seed-12073-pa-0.35-pb-0.65:28,bandit,28,2.8825990353171704,4.055255231255797,1.4210526315789471,1.4210526315789471,0.0,0.0,-2.0,20.22215627296978,0.0,4.207016380922238
seed-12073-pa-0.35-pb-0.65,seed-12073-pa-0.35-pb-0.65:29,bandit,29,2.8181471805599436,3.9786315047956458,1.4210526315789471,1.4210526315789471,0.0,0.0,-2.0,20.63210109090024,0.0,1.9966655618761258
seed-12073-pa-0.35-pb-0.65,seed-12073-pa-0.35-pb-0.65:30,bandit,30,3.2731232641398407,3.897524370430843,1.25,1.25,0.0,0.0,-2.0,20.850496036355224,0.0,-0.1031677162176805
seed-12073-pa-0.35-pb-0.65,seed-12073-pa-0.35-pb-0.65:31,bandit,31,4.2234445810050545,4.042928638184926,1.3333333333333337,1.3333333333333337,0.0,0.0,3.0,21.141304567870794,0.0,2.9019906695932036
seed-12073-pa-0.35-pb-0.65,seed-12073-pa-0.35-pb-0.65:32,bandit,32,3.7731232641398407,3.9552924382627115,1.1818181818181817,1.1818181818181817,0.0,0.0,-2.0,21.266057521295437,0.0,0.7568911361135435
seed-12073-pa-0.35-pb-0.65,seed-12073-pa-0.35-pb-0.65:33,bandit,33,4.438261687518224,4.094285955014822,1.2608695652173911,1.2608695652173911,0.0,0.0,3.0,21.463624210448057,0.0,3.719046579307866
seed-12073-pa-0.35-pb-0.65,seed-12073-pa-0.35-pb-0.65:34,bandit,34,3.849076984180108,4.001320048511155,1.125,1.125,0.0,0.0,-2.0,21.515442999925654,0.0,1.5330942503424727
seed-12073-pa-0.35-pb-0.65,seed-12073-pa-0.35-pb-0.65:35,bandit,35,3.8868710061149017,3.9069263877047664,1.0,1.0,0.0,0.0,-2.0,21.43967084992937,0.0,-0.543560462174651
seed-12073-pa-0.35-pb-0.65,seed-12073-pa-0.35-pb-0.65:36,bandit,36,3.7234445810050545,3.811643748743708,0.8846153846153846,0.8846153846153846,0.0,0.0,-2.0,21.252302692048286,0.0,-2.5163824390659184
seed-12075-pa-0.35-pb-0.50,seed-12075-pa-0.35-pb-0.50:0,bandit,0,4.203889734292549,2.912825855619838,0.5,0.5,0.0,0.0,0.0,0.5,0.0,0.0
seed-12075-pa-0.35-pb-0.50,seed-12075-pa-0.35-pb-0.50:1,bandit,1,3.849076984180108,2.8485527059463944,0.5,0.5,0.0,0.0,-2.0,0.975,0.0,-2.0
seed-12075-pa-0.35-pb-0.50,seed-12075-pa-0.35-pb-0.50:2,bandit,2,2.71393946547494,3.0464055569247,1.3333333333333337,1.3333333333333337,0.0,0.0,3.0,2.2595833333333335,0.0,1.1
seed-12075-pa-0.35-pb-0.50,seed-12075-pa-0.35-pb-0.50:3,bandit,3,1.826413277982752,3.0159604197053818,1.3333333333333337,1.3333333333333337,0.0,0.0,-2.0,3.4799375,0.0,-0.9550000000000001
seed-12075-pa-0.35-pb-0.50,seed-12075-pa-0.35-pb-0.50:4,bandit,4,2.626928011042974,3.2256963837554222,1.75,1.75,0.0,0.0,3.0,5.055940625,0.0,2.09275
seed-12075-pa-0.35-pb-0.50,seed-12075-pa-0.35-pb-0.50:5,bandit,5,2.201413277982752,3.206540203954252,1.75,1.75,0.0,0.0,-2.0,6.55314359375,0.0,-0.01188750000000005
seed-12075-pa-0.35-pb-0.50,seed-12075-pa-0.35-pb-0.50:6,bandit,6,3.225206558916746,3.4188992780476597,2.0,2.0,0.0,0.0,3.0,8.2254864140625,0.0,2.988706875
seed-12075-pa-0.35-pb-0.50,seed-12075-pa-0.35-pb-0.50:7,bandit,7,2.7234445810050545,3.620640398436397,2.0,2.0,0.0,0.0,3.0,9.814212093359375,0.0,5.8392715312500005
seed-12075-pa-0.35-pb-0.50,seed-12075-pa-0.35-pb-0.50:8,bandit,8,3.0352241504380864,3.5938891171569884,2.0,2.0,0.0,0.0,-2.0,11.323501488691406,0.0,3.5473079546875006
seed-12075-pa-0.35-pb-0.50,seed-12075-pa-0.35-pb-0.50:9,bandit,9,4.429882179158078,3.794982145094133,2.166666666666667,2.166666666666667,0.0,0.0,3.0,12.923993080923502,0.0,6.369942556953125
seed-12075-pa-0.35-pb-0.50,seed-12075-pa-0.35-pb-0.50:10,bandit,10,3.626928011042974,3.767615175985711,2.166666666666667,2.166666666666667,0.0,0.0,-2.0,14.444460093543992,0.0,4.051445429105469
seed-12075-pa-0.35-pb-0.50,seed-12075-pa-0.35-pb-0.50:11,bandit,11,2.0075990353171704,3.7126829856760186,1.5714285714285716,1.5714285714285716,0.0,0.0,-2.0,15.293665660295362,0.0,1.8488731576501949
seed-12075-pa-0.35-pb-0.50,seed-12075-pa-0.35-pb-0.50:12,bandit,12,4.188261687518224,3.87890275053052,1.5714285714285716,1.5714285714285716,0.0,0.0,3.0,16.100410948709165,0.0,4.756429499767685
seed-12075-pa-0.35-pb-0.50,seed-12075-pa-0.35-pb-0.50:13,bandit,13,2.7618710061149017,3.7967060042510683,1.125,1.125,0.0,0.0,-2.0,16.420390401273707,0.0,2.518608024779301
seed-12075-pa-0.35-pb-0.50,seed-12075-pa-0.35-pb-0.50:14,bandit,14,4.30474463538566,3.9471511903141403,1.3333333333333337,1.3333333333333337,0.0,0.0,3.0,16.932704214543353,0.0,5.392677623540336
seed-12075-pa-0.35-pb-0.50,seed-12075-pa-0.35-pb-0.50:15,bandit,15,3.6368710061149017,3.87166877142535,1.3333333333333337,1.3333333333333337,0.0,0.0,-2.0,17.419402337149517,0.0,3.1230437423633184
seed-12075-pa-0.35-pb-0.50,seed-12075-pa-0.35-pb-0.50:16,bandit,16,2.9734445810050545,3.7837576744732515,1.0,1.0,0.0,0.0,-2.0,17.54843222029204,0.0,0.9668915552451525
seed-12075-pa-0.35-pb-0.50,seed-12075-pa-0.35-pb-0.50:17,bandit,17,4.25759903531717,3.918647478017467,1.0,1.0,0.0,0.0,3.0,17.671010609277435,0.0,3.9185469774828947
seed-12075-pa-0.35-pb-0.50,seed-12075-pa-0.35-pb-0.50:18,bandit,18,4.00759903531717,3.8151306101839695,0.7272727272727271,0.7272727272727271,0.0,0.0,-2.0,17.51473280608629,0.0,1.7226196286087498
seed-12075-pa-0.35-pb-0.50,seed-12075-pa-0.35-pb-0.50:19,bandit,19,3.4734445810050545,3.716789585742147,0.7272727272727271,0.7272727272727271,0.0,0.0,-2.0,17.366268893054702,0.0,-0.3635113528216878
seed-12075-pa-0.35-pb-0.50,seed-12075-pa-0.35-pb-0.50:20,bandit,20,4.626929081345374,3.850977093970981,0.9166666666666664,0.9166666666666664,0.0,0.0,3.0,17.414622115068635,0.0,2.6546642148193964
seed-12075-pa-0.35-pb-0.50,seed-12075-pa-0.35-pb-0.50:21,bandit,21,4.813261687518224,3.7600498811396643,0.9166666666666664,0.9166666666666664,0.0,0.0,-2.0,17.46055767598187,0.0,0.5219310040784264
seed-12075-pa-0.35-pb-0.50,seed-12075-pa-0.35-pb-0.50:22,bandit,22,3.6368710061149017,3.673669028949914,0.9166666666666664,0.9166666666666664,0.0,0.0,-2.0,17.504196458849446,0.0,-1.504165546125495
seed-12075-pa-0.35-pb-0.50,seed-12075-pa-0.35-pb-0.50:23,bandit,23,3.3825990353171704,3.5916072193696507,0.9166666666666664,0.9166666666666664,0.0,0.0,-2.0,17.54565330257364,0.0,-3.4289572688192202
seed-12084-pa-0.65-pb-0.65,seed-12084-pa-0.65-pb-0.65:0,bandit,0,4.203889734292549,2.912825855619838,0.5,0.5,0.0,0.0,0.0,0.5,0.0,0.0
seed-12084-pa-0.65-pb-0.65,seed-12084-pa-0.65-pb-0.65:1,bandit,1,3.849076984180108,2.8485527059463944,0.5,0.5,0.0,0.0,-2.0,0.975,0.0,-2.0
seed-12084-pa-0.65-pb-0.65,seed-12084-pa-0.65-pb-0.65:2,bandit,2,4.350412651601648,3.005898559405332,0.5,0.5,0.0,0.0,3.0,1.42625,0.0,1.1
seed-12084-pa-0.65-pb-0.65,seed-12084-pa-0.65-pb-0.65:3,bandit,3,4.21393946547494,3.1796813187029436,1.0,1.0,0.0,0.0,3.0,2.3549375,0.0,4.045
seed-12084-pa-0.65-pb-0.65,seed-12084-pa-0.65-pb-0.65:4,bandit,4,3.21393946547494,3.360977739043422,1.3333333333333337,1.3333333333333337,0.0,0.0,3.0,3.570523958333334,0.0,6.84275
seed-12084-pa-0.65-pb-0.65,seed-12084-pa-0.65-pb-0.65:5,bandit,5,3.5699361996449746,3.5447827662295532,1.5714285714285716,1.5714285714285716,0.0,0.0,3.0,4.963426331845239,0.0,9.500612499999999
seed-12084-pa-0.65-pb-0.65,seed-12084-pa-0.65-pb-0.65:6,bandit,6,2.8504126516016477,3.47929201916515,1.125,1.125,0.0,0.0,-2.0,5.8402550152529775,0.0,7.0255818749999985
seed-12084-pa-0.65-pb-0.65,seed-12084-pa-0.65-pb-0.65:7,bandit,7,3.436967589003199,3.6456079044825183,1.3333333333333337,1.3333333333333337,0.0,0.0,3.0,6.881575597823662,0.0,9.674302781249999
seed-12084-pa-0.65-pb-0.65,seed-12084-pa-0.65-pb-0.65:8,bandit,8,3.9179990792290873,3.8117093950378917,1.5,1.5,0.0,0.0,3.0,8.037496817932478,0.0,12.190587642187499
seed-12084-pa-0.65-pb-0.65,seed-12084-pa-0.65-pb-0.65:9,bandit,9,4.0380413716877825,3.976134228841393,1.6363636363636362,1.6363636363636362,0.0,0.0,3.0,9.27198561339949,0.0,14.581058260078123
seed-12084-pa-0.65-pb-0.65,seed-12084-pa-0.65-pb-0.65:10,bandit,10,3.9130413716877825,4.1378615024346335,1.75,1.75,0.0,0.0,3.0,10.558386332729516,0.0,16.85200534707422
seed-12084-pa-0.65-pb-0.65,seed-12084-pa-0.65-pb-0.65:11,bandit,11,4.151300195186874,4.296176296677369,1.8461538461538465,1.8461538461538465,0.0,0.0,3.0,11.876620862246886,0.0,19.009405079720505
seed-12084-pa-0.65-pb-0.65,seed-12084-pa-0.65-pb-0.65:12,bandit,12,3.90475041827262,4.450581537775818,1.9285714285714284,1.9285714285714284,0.0,0.0,3.0,13.21136124770597,0.0,21.05893482573448
seed-12084-pa-0.65-pb-0.65,seed-12084-pa-0.65-pb-0.65:13,bandit,13,3.65475041827262,4.600738545178147,2.0,2.0,0.0,0.0,3.0,14.550793185320671,0.0,23.005988084447754
seed-12084-pa-0.65-pb-0.65,seed-12084-pa-0.65-pb-0.65:14,bandit,14,3.77975041827262,4.746425727024313,2.0625,2.0625,0.0,0.0,3.0,15.885753526054637,0.0,24.855688680225366
seed-12084-pa-0.65-pb-0.65,seed-12084-pa-0.65-pb-0.65:15,bandit,15,3.90475041827262,4.887509159908128,2.117647058823529,2.117647058823529,0.0,0.0,3.0,17.209112908575435,0.0,26.612904246214097
seed-12084-pa-0.65-pb-0.65,seed-12084-pa-0.65-pb-0.65:16,bandit,16,3.0699361996449746,4.79201350755255,1.8888888888888888,1.8888888888888888,0.0,0.0,-2.0,18.237546152035552,0.0,23.28225903390339
seed-12084-pa-0.65-pb-0.65,seed-12084-pa-0.65-pb-0.65:17,bandit,17,4.151300195186874,4.922540579780609,1.9473684210526312,1.9473684210526312,0.0,0.0,3.0,19.273037265486405,0.0,25.11814608220822
seed-12084-pa-0.65-pb-0.65,seed-12084-pa-0.65-pb-0.65:18,bandit,18,2.9449361996449746,4.81854219017818,1.75,1.75,0.0,0.0,-2.0,20.059385402212083,0.0,21.862238778097808
seed-12084-pa-0.65-pb-0.65,seed-12084-pa-0.65-pb-0.65:19,bandit,19,4.770541900901097,4.941042422670249,1.809523809523809,1.809523809523809,0.0,0.0,3.0,20.86593994162529,0.0,23.769126839192918
seed-12084-pa-0.65-pb-0.65,seed-12084-pa-0.65-pb-0.65:20,bandit,20,3.67358735157374,4.830595259443424,1.6363636363636362,1.6363636363636362,0.0,0.0,-2.0,21.45900658090766,0.0,20.58067049723327
seed-12084-pa-0.65-pb-0.65,seed-12084-pa-0.65-pb-0.65:21,bandit,21,4.645541900901097,4.946957720798777,1.6956521739130437,1.6956521739130437,0.0,0.0,3.0,22.081708425775318,0.0,22.551636972371607
seed-12084-pa-0.65-pb-0.65,seed-12084-pa-0.65-pb-0.65:22,bandit,22,3.90475041827262,4.831611724765597,1.5416666666666663,1.5416666666666663,0.0,0.0,-2.0,22.51928967115322,0.0,19.424055123753025
seed-12084-pa-0.65-pb-0.65,seed-12084-pa-0.65-pb-0.65:23,bandit,23,4.887509570276173,4.943273864009141,1.6,1.6,0.0,0.0,3.0,22.99332518759556,0.0,21.452852367565374
seed-12084-pa-0.65-pb-0.65,seed-12084-pa-0.65-pb-0.65:24,bandit,24,4.026300195186874,4.82421715720781,1.4615384615384617,1.4615384615384617,0.0,0.0,-2.0,23.30519738975424,0.0,18.380209749187102
seed-12084-pa-0.65-pb-0.65,seed-12084-pa-0.65-pb-0.65:25,bandit,25,4.516034256080317,4.93228834062735,1.5185185185185186,1.5185185185185186,0.0,0.0,3.0,23.658456038785047,0.0,20.461199261727746
seed-12084-pa-0.65-pb-0.65,seed-12084-pa-0.65-pb-0.65:26,bandit,26,4.516034256080317,5.0375278377342845,1.5714285714285716,1.5714285714285716,0.0,0.0,3.0,24.046961808274368,0.0,22.438139298641357
seed-12084-pa-0.65-pb-0.65,seed-12084-pa-0.65-pb-0.65:27,bandit,27,4.512509570276173,5.139899862302288,1.6206896551724137,1.6206896551724137,0.0,0.0,3.0,24.465303373033063,0.0,24.316232333709287
seed-12084-pa-0.65-pb-0.65,seed-12084-pa-0.65-pb-0.65:28,bandit,28,4.514163456931506,5.2393881544705465,1.6666666666666663,1.6666666666666663,0.0,0.0,3.0,24.908704871048077,0.0,26.100420717023823
seed-12084-pa-0.65-pb-0.65,seed-12084-pa-0.65-pb-0.65:29,bandit,29,4.386047744848593,5.335992715773328,1.7096774193548383,1.7096774193548383,0.0,0.0,3.0,25.372947046850513,0.0,27.79539968117263
seed-12084-pa-0.65-pb-0.65,seed-12084-pa-0.65-pb-0.65:30,bandit,30,4.509755911000223,5.429727065019971,1.75,1.75,0.0,0.0,3.0,25.854299694507986,0.0,29.405629697113998
seed-12084-pa-0.65-pb-0.65,seed-12084-pa-0.65-pb-0.65:31,bandit,31,4.509755911000223,5.520615923964254,1.787878787878788,1.787878787878788,0.0,0.0,3.0,26.349463497661375,0.0,30.935348212258297
seed-12084-pa-0.65-pb-0.65,seed-12084-pa-0.65-pb-0.65:32,bandit,32,4.508614483762177,5.608693259641295,1.823529411764706,1.823529411764706,0.0,0.0,3.0,26.855519734543012,0.0,32.38858080164538
seed-12084-pa-0.65-pb-0.65,seed-12084-pa-0.65-pb-0.65:33,bandit,33,4.633614483762177,5.694000624232745,1.8571428571428572,1.8571428571428572,0.0,0.0,3.0,27.36988660495872,0.0,33.76915176156311
seed-12084-pa-0.65-pb-0.65,seed-12084-pa-0.65-pb-0.65:34,bandit,34,4.384755911000223,5.776585744309645,1.8888888888888888,1.8888888888888888,0.0,0.0,3.0,27.89028116359967,0.0,35.08069417348495
seed-12084-pa-0.65-pb-0.65,seed-12084-pa-0.65-pb-0.65:35,bandit,35,4.264163456931506,5.631527272055872,1.7837837837837838,1.7837837837837838,0.0,0.0,-2.0,28.279550889203467,0.0,31.326659464810703
seed-12084-pa-0.65-pb-0.65,seed-12084-pa-0.65-pb-0.65:36,bandit,36,4.641034256080317,5.713682814345181,1.8157894736842104,1.8157894736842104,0.0,0.0,3.0,28.681362818427502,0.0,32.76032649157017
seed-12084-pa-0.65-pb-0.65,seed-12084-pa-0.65-pb-0.65:37,bandit,37,4.514163456931506,5.793206542992389,1.8461538461538465,1.8461538461538465,0.0,0.0,3.0,29.093448523659973,0.0,34.12231016699166
seed-12084-pa-0.65-pb-0.65,seed-12084-pa-0.65-pb-0.65:38,bandit,38,4.634755911000223,5.870156250505985,1.875,1.875,0.0,0.0,3.0,29.513776097476974,0.0,35.41619465864208
seed-12084-pa-0.65-pb-0.65,seed-12084-pa-0.65-pb-0.65:39,bandit,39,4.514163456931506,5.720259040691166,1.7804878048780486,1.7804878048780486,0.0,0.0,-2.0,29.818575097481173,0.0,31.64538492570997
seed-12084-pa-0.65-pb-0.65,seed-12084-pa-0.65-pb-0.65:40,bandit,40,4.762509570276173,5.797673430657586,1.809523809523809,1.809523809523809,0.0,0.0,3.0,30.137170152130924,0.0,33.06311567942447
seed-12084-pa-0.65-pb-0.65,seed-12084-pa-0.65-pb-0.65:41,bandit,41,3.8955419009010974,5.64850536371412,1.7209302325581397,1.7209302325581397,0.0,0.0,-2.0,30.351241877082515,0.0,29.409959895453245
seed-12084-pa-0.65-pb-0.65,seed-12084-pa-0.65-pb-0.65:42,bandit,42,4.886047744848593,5.726614080563724,1.75,1.75,0.0,0.0,3.0,30.583679783228387,0.0,30.93946190068058
seed-12084-pa-0.65-pb-0.65,seed-12084-pa-0.65-pb-0.65:43,bandit,43,4.886047744848593,5.802167594821493,1.7777777777777777,1.7777777777777777,0.0,0.0,3.0,30.832273571844745,0.0,32.39248880564655
seed-12084-pa-0.65-pb-0.65,seed-12084-pa-0.65-pb-0.65:44,bandit,44,5.132606094404334,5.875234960823513,1.8043478260869563,1.8043478260869563,0.0,0.0,3.0,31.095007719339463,0.0,33.77286436536422
seed-12084-pa-0.65-pb-0.65,seed-12084-pa-0.65-pb-0.65:45,bandit,45,4.886047744848593,5.945885527367373,1.8297872340425536,1.8297872340425536,0.0,0.0,3.0,31.37004456741504,0.0,35.08422114709601
seed-12084-pa-0.65-pb-0.65,seed-12084-pa-0.65-pb-0.65:46,bandit,46,4.637509570276173,6.014188610724236,1.8541666666666663,1.8541666666666663,0.0,0.0,3.0,31.655709005710953,0.0,36.33001008974121
seed-12084-pa-0.65-pb-0.65,seed-12084-pa-0.65-pb-0.65:47,bandit,47,4.886047744848593,5.856847829702769,1.7755102040816326,1.7755102040816326,0.0,0.0,-2.0,31.84843375950704,0.0,32.51350958525415
seed-12084-pa-0.65-pb-0.65,seed-12084-pa-0.65-pb-0.65:48,bandit,48,4.762509570276173,5.926969843104102,1.7999999999999998,1.7999999999999998,0.0,0.0,3.0,32.05601207153168,0.0,33.88783410599144
seed-12084-pa-0.65-pb-0.65,seed-12084-pa-0.65-pb-0.65:49,bandit,49,4.639163456931506,5.994729482824151,1.823529411764706,1.823529411764706,0.0,0.0,3.0,32.2767408797198,0.0,35.193442400691865
seed-12084-pa-0.65-pb-0.65,seed-12084-pa-0.65-pb-0.65:50,bandit,50,4.884755911000223,6.060200878047411,1.8461538461538465,1.8461538461538465,0.0,0.0,3.0,32.509057681887654,0.0,36.43377028065727
seed-12084-pa-0.65-pb-0.65,seed-12084-pa-0.65-pb-0.65:51,bandit,51,4.883614483762177,6.123456941470827,1.8679245283018864,1.8679245283018864,0.0,0.0,3.0,32.75152932609516,0.0,37.61208176662441
seed-12084-pa-0.65-pb-0.65,seed-12084-pa-0.65-pb-0.65:52,bandit,52,4.883614483762177,6.184569245685823,1.8888888888888888,1.8888888888888888,0.0,0.0,3.0,33.00284174867929,0.0,38.73147767829318
seed-12084-pa-0.65-pb-0.65,seed-12084-pa-0.65-pb-0.65:53,bandit,53,4.636047744848593,6.243607922508721,1.9090909090909092,1.9090909090909092,0.0,0.0,3.0,33.26179057033623,0.0,39.79490379437852
seed-12084-pa-0.65-pb-0.65,seed-12084-pa-0.65-pb-0.65:54,bandit,54,4.758614483762177,6.300641582315603,1.9285714285714284,1.9285714285714284,0.0,0.0,3.0,33.52727247039085,0.0,40.805158604659596
seed-12084-pa-0.65-pb-0.65,seed-12084-pa-0.65-pb-0.65:55,bandit,55,5.1317153484891165,6.355737250805507,1.9473684210526312,1.9473684210526312,0.0,0.0,3.0,33.798277267923936,0.0,41.76490067442661
seed-12084-pa-0.65-pb-0.65,seed-12084-pa-0.65-pb-0.65:56,bandit,56,5.2552337981517425,6.408960320934861,1.9655172413793105,1.9655172413793105,0.0,0.0,3.0,34.073880645907046,0.0,42.67665564070528
seed-12084-pa-0.65-pb-0.65,seed-12084-pa-0.65-pb-0.65:57,bandit,57,4.951413277982752,6.4595222375577475,1.9655172413793105,1.9655172413793105,0.0,0.0,3.0,34.335703854991,0.0,43.542822858670014
seed-12084-pa-0.65-pb-0.65,seed-12084-pa-0.65-pb-0.65:58,bandit,58,5.2880413716877825,6.285883637506348,1.8983050847457623,1.8983050847457623,0.0,0.0,-2.0,34.51722374698721,0.0,39.365681715736514
seed-12084-pa-0.65-pb-0.65,seed-12084-pa-0.65-pb-0.65:59,bandit,59,5.901300195186874,6.340224840170214,1.9166666666666663,1.9166666666666663,0.0,0.0,3.0,34.70802922630452,0.0,40.39739762994969
seed-12084-pa-0.65-pb-0.65,seed-12084-pa-0.65-pb-0.65:60,bandit,60,5.648245464372426,6.392712246582448,1.9344262295081969,1.9344262295081969,0.0,0.0,3.0,34.90705399449749,0.0,41.3775277484522
seed-12084-pa-0.65-pb-0.65,seed-12084-pa-0.65-pb-0.65:61,bandit,61,5.15475041827262,6.221085321666932,1.870967741935484,1.870967741935484,0.0,0.0,-2.0,35.0326690367081,0.0,37.30865136102959
seed-12084-pa-0.65-pb-0.65,seed-12084-pa-0.65-pb-0.65:62,bandit,62,5.898245464372426,6.277316206872122,1.8888888888888888,1.8888888888888888,0.0,0.0,3.0,35.169924473761576,0.0,38.44321879297811
seed-12084-pa-0.65-pb-0.65,seed-12084-pa-0.65-pb-0.65:63,bandit,63,5.03364569998304,6.109376566932557,1.828125,1.828125,0.0,0.0,-2.0,35.2395532500735,0.0,34.521057853329204
seed-12084-pa-0.65-pb-0.65,seed-12084-pa-0.65-pb-0.65:64,bandit,64,4.311967589003199,5.946971154838362,1.7692307692307692,1.7692307692307692,0.0,0.0,-2.0,35.24680635680059,0.0,30.795004960662745
seed-12084-pa-0.65-pb-0.65,seed-12084-pa-0.65-pb-0.65:65,bandit,65,3.4449361996449746,5.789910009323073,1.712121212121212,1.712121212121212,0.0,0.0,-2.0,35.19658725108177,0.0,27.255254712629608
seed-12084-pa-0.65-pb-0.65,seed-12084-pa-0.65-pb-0.65:66,bandit,66,2.7985873515737403,5.63800878284956,1.656716417910448,1.656716417910448,0.0,0.0,-2.0,35.093474306438125,0.0,23.892491976998127
seed-12084-pa-0.65-pb-0.65,seed-12084-pa-0.65-pb-0.65:67,bandit,67,5.15864569998304,5.7130681819024485,1.676470588235294,1.676470588235294,0.0,0.0,3.0,35.015271179351515,0.0,25.69786737814822
seed-12084-pa-0.65-pb-0.65,seed-12084-pa-0.65-pb-0.65:68,bandit,68,4.042999079229087,5.563379303875761,1.6231884057971016,1.6231884057971016,0.0,0.0,-2.0,34.88769602618104,0.0,22.41297400924081
seed-12084-pa-0.65-pb-0.65,seed-12084-pa-0.65-pb-0.65:69,bandit,69,5.15864569998304,5.640536281179079,1.6428571428571428,1.6428571428571428,0.0,0.0,3.0,34.78616836772913,0.0,24.292325308778768
seed-12084-pa-0.65-pb-0.65,seed-12084-pa-0.65-pb-0.65:70,bandit,70,4.526300195186874,5.492936071767128,1.591549295774648,1.591549295774648,0.0,0.0,-2.0,34.63840924511732,0.0,21.07770904333983
seed-12084-pa-0.65-pb-0.65,seed-12084-pa-0.65-pb-0.65:71,bandit,71,5.276300195186874,5.572072086960853,1.6111111111111112,1.6111111111111112,0.0,0.0,3.0,34.51759989397257,0.0,23.02382359117284
seed-12084-pa-0.65-pb-0.65,seed-12084-pa-0.65-pb-0.65:72,bandit,72,5.15864569998304,5.648176118689855,1.6301369863013695,1.6301369863013695,0.0,0.0,3.0,34.42185688557531,0.0,24.872632411614195
seed-12084-pa-0.65-pb-0.65,seed-12084-pa-0.65-pb-0.65:73,bandit,73,4.90475041827262,5.499685074266415,1.5810810810810811,1.5810810810810811,0.0,0.0,-2.0,34.281845122377625,0.0,21.629000791033484
seed-12084-pa-0.65-pb-0.65,seed-12084-pa-0.65-pb-0.65:74,bandit,74,5.27975041827262,5.577943546034918,1.6,1.6,0.0,0.0,3.0,34.167752866258745,0.0,23.547550751481808
seed-12084-pa-0.65-pb-0.65,seed-12084-pa-0.65-pb-0.65:75,bandit,75,5.401300195186874,5.653184512054897,1.6184210526315788,1.6184210526315788,0.0,0.0,3.0,34.07778627557738,0.0,25.370173213907716
seed-12084-pa-0.65-pb-0.65,seed-12084-pa-0.65-pb-0.65:76,bandit,76,5.148245464372426,5.7255355900075475,1.6363636363636362,1.6363636363636362,0.0,0.0,3.0,34.01026059816214,0.0,27.10166455321233
seed-12084-pa-0.65-pb-0.65,seed-12084-pa-0.65-pb-0.65:77,bandit,77,5.026300195186874,5.795118911213322,1.6538461538461535,1.6538461538461535,0.0,0.0,3.0,33.963593722100185,0.0,28.746581325551713
seed-12084-pa-0.65-pb-0.65,seed-12084-pa-0.65-pb-0.65:78,bandit,78,5.151300195186874,5.640569523184681,1.6075949367088609,1.6075949367088609,0.0,0.0,-2.0,33.873008972704035,0.0,25.309252259274125
seed-12084-pa-0.65-pb-0.65,seed-12084-pa-0.65-pb-0.65:79,bandit,79,4.02975041827262,5.49155561197019,1.5625,1.5625,0.0,0.0,-2.0,33.74185852406883,0.0,22.04378964631042
seed-12084-pa-0.65-pb-0.65,seed-12084-pa-0.65-pb-0.65:80,bandit,80,5.648245464372426,5.569260390986377,1.5802469135802468,1.5802469135802468,0.0,0.0,3.0,33.63501251144564,0.0,23.941600163994895
seed-12084-pa-0.65-pb-0.65,seed-12084-pa-0.65-pb-0.65:81,bandit,81,5.398245464372426,5.643921539852972,1.5975609756097562,1.5975609756097562,0.0,0.0,3.0,33.55082286148311,0.0,25.74452015579515
seed-12084-pa-0.65-pb-0.65,seed-12084-pa-0.65-pb-0.65:82,bandit,82,5.273245464372426,5.715670960347302,1.6144578313253013,1.6144578313253013,0.0,0.0,3.0,33.48773954973426,0.0,27.457294148005392
seed-12084-pa-0.65-pb-0.65,seed-12084-pa-0.65-pb-0.65:83,bandit,83,5.273245464372426,5.784634683433909,1.630952380952381,1.630952380952381,0.0,0.0,3.0,33.444304953199925,0.0,29.08442944060512
seed-12084-pa-0.65-pb-0.65,seed-12084-pa-0.65-pb-0.65:84,bandit,84,5.148245464372426,5.629668465600936,1.5882352941176472,1.5882352941176472,0.0,0.0,-2.0,33.36032499965757,0.0,25.63020796857486
seed-12084-pa-0.65-pb-0.65,seed-12084-pa-0.65-pb-0.65:85,bandit,85,6.054882179158078,5.708719027356199,1.75,1.75,0.0,0.0,3.0,33.442308749674694,0.0,27.34869757014612
seed-12084-pa-0.65-pb-0.65,seed-12084-pa-0.65-pb-0.65:86,bandit,86,5.77975041827262,5.783817061023699,1.75,1.75,0.0,0.0,3.0,33.520193312190955,0.0,28.98126269163881
seed-12084-pa-0.65-pb-0.65,seed-12084-pa-0.65-pb-0.65:87,bandit,87,5.773245464372426,5.855160193007823,1.75,1.75,0.0,0.0,3.0,33.594183646581406,0.0,30.53219955705687
seed-12084-pa-0.65-pb-0.65,seed-12084-pa-0.65-pb-0.65:88,bandit,88,5.436967589003199,5.704530822744033,1.75,1.75,0.0,0.0,-2.0,33.664474464252336,0.0,27.005589579204024
seed-12084-pa-0.65-pb-0.65,seed-12084-pa-0.65-pb-0.65:89,bandit,89,6.523245464372426,5.779838266642141,1.75,1.75,0.0,0.0,3.0,33.731250741039716,0.0,28.65531010024382
seed-12084-pa-0.65-pb-0.65,seed-12084-pa-0.65-pb-0.65:90,bandit,90,5.311967589003199,5.632974992696634,1.75,1.75,0.0,0.0,-2.0,33.794688203987725,0.0,25.22254459523163
seed-12084-pa-0.65-pb-0.65,seed-12084-pa-0.65-pb-0.65:91,bandit,91,6.151300195186874,5.7118602280971125,1.75,1.75,0.0,0.0,3.0,33.85495379378834,0.0,26.961417365470044
seed-12084-pa-0.65-pb-0.65,seed-12084-pa-0.65-pb-0.65:92,bandit,92,6.02975041827262,5.786801201727567,1.75,1.75,0.0,0.0,3.0,33.91220610409892,0.0,28.61334649719654
seed-12084-pa-0.65-pb-0.65,seed-12084-pa-0.65-pb-0.65:93,bandit,93,5.776300195186874,5.857995126676498,1.75,1.75,0.0,0.0,3.0,33.96659579889398,0.0,30.182679172336712
seed-12084-pa-0.65-pb-0.65,seed-12084-pa-0.65-pb-0.65:94,bandit,94,5.112822278771571,5.700037284362934,1.6021505376344083,1.6021505376344083,0.0,0.0,-2.0,33.870416546583684,0.0,26.673545213719876
seed-12084-pa-0.65-pb-0.65,seed-12084-pa-0.65-pb-0.65:95,bandit,95,6.40864569998304,5.7691055225972185,1.6170212765957448,1.6170212765957448,0.0,0.0,3.0,33.79391699585024,0.0,28.33986795303388
seed-12084-pa-0.65-pb-0.65,seed-12084-pa-0.65-pb-0.65:96,bandit,96,6.042999079229087,5.835427973960442,1.6315789473684212,1.6315789473684212,0.0,0.0,3.0,33.73580009342615,0.0,29.922874555382187
seed-12084-pa-0.65-pb-0.65,seed-12084-pa-0.65-pb-0.65:97,bandit,97,5.561967589003199,5.678190152614139,1.59375,1.59375,0.0,0.0,-2.0,33.64276008875484,0.0,26.426730827613078
seed-12084-pa-0.65-pb-0.65,seed-12084-pa-0.65-pb-0.65:98,bandit,98,6.4130413716877825,5.747924264461323,1.6082474226804124,1.6082474226804124,0.0,0.0,3.0,33.56886950699751,0.0,28.10539428623242
seed-12084-pa-0.65-pb-0.65,seed-12084-pa-0.65-pb-0.65:99,bandit,99,5.08893946547494,5.59397661972785,1.5714285714285716,1.5714285714285716,0.0,0.0,-2.0,33.461854603076205,0.0,24.7001245719208
seed-12108-pa-0.35-pb-0.20,seed-12108-pa-0.35-pb-0.20:0,bandit,0,4.203889734292549,2.912825855619838,0.5,0.5,0.0,0.0,0.0,0.5,0.0,0.0
seed-12108-pa-0.35-pb-0.20,seed-12108-pa-0.35-pb-0.20:1,bandit,1,3.849076984180108,2.8485527059463944,0.5,0.5,0.0,0.0,-2.0,0.975,0.0,-2.0
seed-12108-pa-0.35-pb-0.20,seed-12108-pa-0.35-pb-0.20:2,bandit,2,0.1004126516016477,2.7469862162372545,-0.3333333333333332,-0.3333333333333332,0.0,0.0,-2.0,0.5929166666666668,0.0,-3.9
seed-12113-pa-0.65-pb-0.35,seed-12113-pa-0.65-pb-0.35:0,bandit,0,4.203889734292549,2.912825855619838,0.5,0.5,0.0,0.0,0.0,0.5,0.0,0.0
seed-12113-pa-0.65-pb-0.35,seed-12113-pa-0.65-pb-0.35:1,bandit,1,4.42870067827652,3.1074650491144715,1.3333333333333337,1.3333333333333337,0.0,0.0,3.0,1.8083333333333336,0.0,3.0
seed-12113-pa-0.65-pb-0.35,seed-12113-pa-0.65-pb-0.35:2,bandit,2,3.6368710061149017,3.033459939766296,0.5,0.5,0.0,0.0,-2.0,2.2179166666666665,0.0,0.8499999999999996
seed-12113-pa-0.65-pb-0.35,seed-12113-pa-0.65-pb-0.35:3,bandit,3,1.9754126516016477,2.9631550858855293,0.5,0.5,0.0,0.0,-2.0,2.607020833333333,0.0,-1.1925000000000003
seed-12113-pa-0.65-pb-0.35,seed-12113-pa-0.65-pb-0.35:4,bandit,4,3.099076984180108,3.139075018859131,1.0,1.0,0.0,0.0,3.0,3.4766697916666662,0.0,1.8671249999999997
seed-12113-pa-0.65-pb-0.35,seed-12113-pa-0.65-pb-0.35:5,bandit,5,2.6787006782765204,3.063489411023723,0.5,0.5,0.0,0.0,-2.0,3.8028363020833327,0.0,-0.22623125000000033
seed-12113-pa-0.65-pb-0.35,seed-12113-pa-0.65-pb-0.35:6,bandit,6,1.5984445810050545,2.97432294178607,0.1428571428571428,0.1428571428571428,0.0,0.0,-2.0,3.7555516298363085,0.0,-2.2149196875
seed-12113-pa-0.65-pb-0.35,seed-12113-pa-0.65-pb-0.35:7,bandit,7,1.3490769841801082,2.8896147960103,0.1428571428571428,0.1428571428571428,0.0,0.0,-2.0,3.7106311912016356,0.0,-4.104173703124999
seed-12113-pa-0.65-pb-0.35,seed-12113-pa-0.65-pb-0.35:8,bandit,8,1.5990769841801082,2.809142057523318,0.1428571428571428,0.1428571428571428,0.0,0.0,-2.0,3.6679567744986965,0.0,-5.898965017968749
seed-12113-pa-0.65-pb-0.35,seed-12113-pa-0.65-pb-0.35:9,bandit,9,2.8769290813453736,2.9510983016093943,0.1428571428571428,0.1428571428571428,0.0,0.0,3.0,3.627416078630904,0.0,-2.604016767070311
seed-12113-pa-0.65-pb-0.35,seed-12113-pa-0.65-pb-0.35:10,bandit,10,2.5681471805599436,2.8545312814969463,-0.125,-0.125,0.0,0.0,-2.0,3.3210452746993586,0.0,-4.473815928716795
seed-12113-pa-0.65-pb-0.35,seed-12113-pa-0.65-pb-0.35:11,bandit,11,3.1325990353171704,2.762792612390121,-0.125,-0.125,0.0,0.0,-2.0,3.0299930109643904,0.0,-6.250125132280955
seed-12113-pa-0.65-pb-0.35,seed-12113-pa-0.65-pb-0.35:12,bandit,12,4.201413277982752,2.894046222387346,-0.125,-0.125,0.0,0.0,3.0,2.753493360416171,0.0,-2.9376188756669066
seed-12113-pa-0.65-pb-0.35,seed-12113-pa-0.65-pb-0.35:13,bandit,13,3.474076984180108,3.03561506751778,0.2222222222222223,0.2222222222222223,0.0,0.0,3.0,2.8380409146175847,0.0,0.209262068116439
seed-12113-pa-0.65-pb-0.35,seed-12113-pa-0.65-pb-0.35:14,bandit,14,3.349076984180108,2.9408982587378185,0.0,0.0,0.0,0.0,-2.0,2.696138868886705,0.0,-1.801201035289383
seed-12113-pa-0.65-pb-0.35,seed-12113-pa-0.65-pb-0.35:15,bandit,15,4.200939419878843,3.0825794715973567,0.2727272727272729,0.2727272727272729,0.0,0.0,3.0,2.834059198169643,0.0,1.2888590164750862
seed-12113-pa-0.65-pb-0.35,seed-12113-pa-0.65-pb-0.35:16,bandit,16,3.7618710061149017,3.217176623813919,0.2727272727272729,0.2727272727272729,0.0,0.0,3.0,2.9650835109884333,0.0,4.224416065651332
seed-12113-pa-0.65-pb-0.35,seed-12113-pa-0.65-pb-0.35:17,bandit,17,3.849076984180108,3.124183603224315,0.2222222222222223,0.2222222222222223,0.0,0.0,-2.0,3.039051557661234,0.0,2.0131952623687654
seed-12113-pa-0.65-pb-0.35,seed-12113-pa-0.65-pb-0.35:18,bandit,18,4.80370067827652,3.2677479118193564,0.5,0.5,0.0,0.0,3.0,3.387098979778172,0.0,4.912535499250327
seed-12113-pa-0.65-pb-0.35,seed-12113-pa-0.65-pb-0.35:19,bandit,19,3.724076984180108,3.174681296376109,0.2727272727272729,0.2727272727272729,0.0,0.0,-2.0,3.4904713035165362,0.0,2.6669087242878105
seed-12113-pa-0.65-pb-0.35,seed-12113-pa-0.65-pb-0.35:20,bandit,20,4.5984445810050545,3.315720720313561,0.5,0.5,0.0,0.0,3.0,3.8159477383407094,0.0,5.53356328807342
seed-12113-pa-0.65-pb-0.35,seed-12113-pa-0.65-pb-0.35:21,bandit,21,3.700939419878843,3.221955058747115,0.3076923076923075,0.3076923076923075,0.0,0.0,-2.0,3.9328426591159813,0.0,3.2568851236697487
seed-12113-pa-0.65-pb-0.35,seed-12113-pa-0.65-pb-0.35:22,bandit,22,5.0984445810050545,3.3512830259077013,0.3076923076923075,0.3076923076923075,0.0,0.0,3.0,4.04389283385249,0.0,6.094040867486261
seed-12113-pa-0.65-pb-0.35,seed-12113-pa-0.65-pb-0.35:23,bandit,23,4.7234445810050545,3.4834923633685735,0.5,0.5,0.0,0.0,3.0,4.341698192159865,0.0,8.789338824111947
seed-12113-pa-0.65-pb-0.35,seed-12113-pa-0.65-pb-0.35:24,bandit,24,4.200939419878843,3.3906858883076927,0.5,0.5,0.0,0.0,-2.0,4.624613282551872,0.0,6.349871882906349
seed-12113-pa-0.65-pb-0.35,seed-12113-pa-0.65-pb-0.35:25,bandit,25,5.3484445810050545,3.529026482152439,0.6666666666666665,0.6666666666666665,0.0,0.0,3.0,5.060049285090944,0.0,9.03237828876103
seed-12113-pa-0.65-pb-0.35,seed-12113-pa-0.65-pb-0.35:26,bandit,26,4.200939419878843,3.4339433011523655,0.5,0.5,0.0,0.0,-2.0,5.307046820836397,0.0,6.580759374322978
seed-12113-pa-0.65-pb-0.35,seed-12113-pa-0.65-pb-0.35:27,bandit,27,3.974076984180108,3.336465985522407,0.3529411764705883,0.3529411764705883,0.0,0.0,-2.0,5.394635656265166,0.0,4.251721405606829
seed-12113-pa-0.65-pb-0.35,seed-12113-pa-0.65-pb-0.35:28,bandit,28,4.136871006114902,3.243862535673946,0.3529411764705883,0.3529411764705883,0.0,0.0,-2.0,5.477845049922495,0.0,2.0391353353264874
seed-12113-pa-0.65-pb-0.35,seed-12113-pa-0.65-pb-0.35:29,bandit,29,4.501929081345374,3.1558892583179086,0.3529411764705883,0.3529411764705883,0.0,0.0,-2.0,5.556893973896958,0.0,-0.06282143143983698
seed-12113-pa-0.65-pb-0.35,seed-12113-pa-0.65-pb-0.35:30,bandit,30,5.5984445810050545,3.29786828415827,0.5,0.5,0.0,0.0,3.0,5.7790492752021105,0.0,2.940319640132155
seed-12113-pa-0.65-pb-0.35,seed-12113-pa-0.65-pb-0.35:31,bandit,31,4.773123264139841,3.2079471713443204,0.3684210526315787,0.3684210526315787,0.0,0.0,-2.0,5.858517864073583,0.0,0.7933036581255473
seed-12113-pa-0.65-pb-0.35,seed-12113-pa-0.65-pb-0.35:32,bandit,32,5.313261687518224,3.3473233015333617,0.5,0.5,0.0,0.0,3.0,6.065591970869904,0.0,3.7536384752192697
seed-12113-pa-0.65-pb-0.35,seed-12113-pa-0.65-pb-0.35:33,bandit,33,5.2234445810050545,3.4855173391442893,0.6190476190476191,0.6190476190476191,0.0,0.0,3.0,6.381359991374028,0.0,6.5659565514583065
seed-12113-pa-0.65-pb-0.35,seed-12113-pa-0.65-pb-0.35:34,bandit,34,5.076413277982752,3.62206232390316,0.7272727272727271,0.7272727272727271,0.0,0.0,3.0,6.789564719078053,0.0,9.23765872388539
seed-12113-pa-0.65-pb-0.35,seed-12113-pa-0.65-pb-0.35:35,bandit,35,5.023123264139841,3.5333747137753777,0.7272727272727271,0.7272727272727271,0.0,0.0,-2.0,7.177359210396876,0.0,6.775775787691121
seed-12113-pa-0.65-pb-0.35,seed-12113-pa-0.65-pb-0.35:36,bandit,36,4.63259903531717,3.4433576426097265,0.6086956521739131,0.6086956521739131,0.0,0.0,-2.0,7.427186902050945,0.0,4.436986998306565
seed-12113-pa-0.65-pb-0.35,seed-12113-pa-0.65-pb-0.35:37,bandit,37,4.88259903531717,3.3578414250023583,0.6086956521739131,0.6086956521739131,0.0,0.0,-2.0,7.6645232091223106,0.0,2.215137648391236
seed-12113-pa-0.65-pb-0.35,seed-12113-pa-0.65-pb-0.35:38,bandit,38,4.700939419878843,3.2766010182753584,0.6086956521739131,0.6086956521739131,0.0,0.0,-2.0,7.889992700840108,0.0,0.10438076597167445
seed-12113-pa-0.65-pb-0.35,seed-12113-pa-0.65-pb-0.35:39,bandit,39,5.00759903531717,3.1941391104691386,0.5,0.5,0.0,0.0,-2.0,7.995493065798103,0.0,-1.9008382723269093
seed-12113-pa-0.65-pb-0.35,seed-12113-pa-0.65-pb-0.35:40,bandit,40,5.200939419878843,3.11580029805323,0.5,0.5,0.0,0.0,-2.0,8.095718412508198,0.0,-3.8057963587105634
seed-12113-pa-0.65-pb-0.35,seed-12113-pa-0.65-pb-0.35:41,bandit,41,4.898123264139841,3.0413784262581167,0.5,0.5,0.0,0.0,-2.0,8.190932491882787,0.0,-5.615506540775035
seed-12113-pa-0.65-pb-0.35,seed-12113-pa-0.65-pb-0.35:42,bandit,42,5.13259903531717,2.965816808350435,0.3999999999999999,0.3999999999999999,0.0,0.0,-2.0,8.181385867288647,0.0,-7.3347312137362835
seed-12113-pa-0.65-pb-0.35,seed-12113-pa-0.65-pb-0.35:43,bandit,43,5.126929081345374,3.11729945668917,0.5,0.5,0.0,0.0,3.0,8.272316573924215,0.0,-3.9679946530494687
seed-12113-pa-0.65-pb-0.35,seed-12113-pa-0.65-pb-0.35:44,bandit,44,4.773123264139841,3.2612079726109693,0.5,0.5,0.0,0.0,3.0,8.358700745228003,0.0,-0.7695949203969952
seed-12113-pa-0.65-pb-0.35,seed-12113-pa-0.65-pb-0.35:45,bandit,45,5.773123264139841,3.179515717087969,0.5,0.5,0.0,0.0,-2.0,8.440765707966602,0.0,-2.7311151743771456
seed-12113-pa-0.65-pb-0.35,seed-12113-pa-0.65-pb-0.35:46,bandit,46,6.438261687518224,3.3248141974919796,0.5925925925925926,0.5925925925925926,0.0,0.0,3.0,8.611320015160864,0.0,0.40544058434171193
seed-12113-pa-0.65-pb-0.35,seed-12113-pa-0.65-pb-0.35:47,bandit,47,5.648123264139841,3.4628477538757902,0.5925925925925926,0.5925925925925926,0.0,0.0,3.0,8.773346606995414,0.0,3.3851685551246264
seed-12113-pa-0.65-pb-0.35,seed-12113-pa-0.65-pb-0.35:48,bandit,48,5.898123264139841,3.59397963244041,0.5925925925925926,0.5925925925925926,0.0,0.0,3.0,8.927271869238236,0.0,6.215910127368395
seed-12113-pa-0.65-pb-0.35,seed-12113-pa-0.65-pb-0.35:49,bandit,49,5.523123264139841,3.5001495714280897,0.5925925925925926,0.5925925925925926,0.0,0.0,-2.0,9.073500868368917,0.0,3.905114620999975
seed-12113-pa-0.65-pb-0.35,seed-12113-pa-0.65-pb-0.35:50,bandit,50,6.42870067827652,3.63359565250995,0.6785714285714284,0.6785714285714284,0.0,0.0,3.0,9.2983972535219,0.0,6.7098588899499765
seed-12113-pa-0.65-pb-0.35,seed-12113-pa-0.65-pb-0.35:51,bandit,51,5.398123264139841,3.5374743920457283,0.5862068965517242,0.5862068965517242,0.0,0.0,-2.0,9.419684287397528,0.0,4.374365945452477
seed-12113-pa-0.65-pb-0.35,seed-12113-pa-0.65-pb-0.35:52,bandit,52,6.4734445810050545,3.6645645402534273,0.5862068965517242,0.5862068965517242,0.0,0.0,3.0,9.534906969579376,0.0,7.155647648179853
seed-12113-pa-0.65-pb-0.35,seed-12113-pa-0.65-pb-0.35:53,bandit,53,5.9734445810050545,3.7892112015008865,0.6666666666666665,0.6666666666666665,0.0,0.0,3.0,9.724828287767073,0.0,9.79786526577086
seed-12113-pa-0.65-pb-0.35,seed-12113-pa-0.65-pb-0.35:54,bandit,54,5.761871006114902,3.9112842262361096,0.7419354838709675,0.7419354838709675,0.0,0.0,3.0,9.980522357249686,0.0,12.307972002482316
seed-12113-pa-0.65-pb-0.35,seed-12113-pa-0.65-pb-0.35:55,bandit,55,5.55370067827652,3.8088482540858624,0.7419354838709675,0.7419354838709675,0.0,0.0,-2.0,10.22343172325817,0.0,9.6925734023582
seed-12113-pa-0.65-pb-0.35,seed-12113-pa-0.65-pb-0.35:56,bandit,56,6.5984445810050545,3.929939426191837,0.7419354838709675,0.7419354838709675,0.0,0.0,3.0,10.454195620966228,0.0,12.20794473224029
seed-12113-pa-0.65-pb-0.35,seed-12113-pa-0.65-pb-0.35:57,bandit,57,6.05370067827652,4.048406067708266,0.8125,0.8125,0.0,0.0,3.0,10.743985839917917,0.0,14.597547495628275
seed-12113-pa-0.65-pb-0.35,seed-12113-pa-0.65-pb-0.35:58,bandit,58,5.724076984180108,3.938401270390228,0.7272727272727271,0.7272727272727271,0.0,0.0,-2.0,10.934059275194747,0.0,11.86767012084686
seed-12113-pa-0.65-pb-0.35,seed-12113-pa-0.65-pb-0.35:59,bandit,59,6.313261687518224,4.055551282986751,0.7941176470588234,0.7941176470588234,0.0,0.0,3.0,11.181473958493832,0.0,14.274286614804517
seed-12113-pa-0.65-pb-0.35,seed-12113-pa-0.65-pb-0.35:60,bandit,60,6.4734445810050545,4.169907349387686,0.8571428571428572,0.8571428571428572,0.0,0.0,3.0,11.479543117711998,0.0,16.560572284064293
seed-12113-pa-0.65-pb-0.35,seed-12113-pa-0.65-pb-0.35:61,bandit,61,6.156150136248314,4.281438969434243,0.9166666666666664,0.9166666666666664,0.0,0.0,3.0,11.822232628493063,0.0,18.732543669861077
seed-12113-pa-0.65-pb-0.35,seed-12113-pa-0.65-pb-0.35:62,bandit,62,6.326413277982752,4.390130967770321,0.9729729729729728,0.9729729729729728,0.0,0.0,3.0,12.20409397004138,0.0,20.79591648636802
seed-12113-pa-0.65-pb-0.35,seed-12113-pa-0.65-pb-0.35:63,bandit,63,7.011871006114902,4.4933883661895955,0.9729729729729728,0.9729729729729728,0.0,0.0,3.0,12.566862244512283,0.0,22.756120662049618
seed-12113-pa-0.65-pb-0.35,seed-12113-pa-0.65-pb-0.35:64,bandit,64,6.376929081345374,4.594075803490711,1.026315789473684,1.026315789473684,0.0,0.0,3.0,12.964834921760353,0.0,24.618314628947136
seed-12113-pa-0.65-pb-0.35,seed-12113-pa-0.65-pb-0.35:65,bandit,65,6.410224150438086,4.69218880804738,1.076923076923077,1.076923076923077,0.0,0.0,3.0,13.393516252595411,0.0,26.38739889749978
seed-12113-pa-0.65-pb-0.35,seed-12113-pa-0.65-pb-0.35:66,bandit,66,6.160224150438086,4.787733104540795,1.125,1.125,0.0,0.0,3.0,13.84884043996564,0.0,28.06802895262479
seed-12113-pa-0.65-pb-0.35,seed-12113-pa-0.65-pb-0.35:67,bandit,67,6.126928011042974,4.880723131195357,1.170731707317073,1.170731707317073,0.0,0.0,3.0,14.32713012528443,0.0,29.66462750499355
seed-12113-pa-0.65-pb-0.35,seed-12113-pa-0.65-pb-0.35:68,bandit,68,6.225206558916746,4.9711807469798766,1.2142857142857144,1.2142857142857144,0.0,0.0,3.0,14.825059333305923,0.0,31.18139612974387
seed-12113-pa-0.65-pb-0.35,seed-12113-pa-0.65-pb-0.35:69,bandit,69,6.46393946547494,5.059134103114008,1.255813953488372,1.255813953488372,0.0,0.0,3.0,15.339620320128999,0.0,32.62232632325667
seed-12113-pa-0.65-pb-0.35,seed-12113-pa-0.65-pb-0.35:70,bandit,70,6.626929081345374,5.142689791441435,1.255813953488372,1.255813953488372,0.0,0.0,3.0,15.82845325761092,0.0,33.99121000709384
seed-12113-pa-0.65-pb-0.35,seed-12113-pa-0.65-pb-0.35:71,bandit,71,5.563261687518224,5.000065533856395,1.1818181818181817,1.1818181818181817,0.0,0.0,-2.0,16.218848776548555,0.0,30.291649506739148
seed-12113-pa-0.65-pb-0.35,seed-12113-pa-0.65-pb-0.35:72,bandit,72,5.156150136248314,4.861135531785326,1.1111111111111112,1.1111111111111112,0.0,0.0,-2.0,16.519017448832237,0.0,26.77706703140219
seed-12113-pa-0.65-pb-0.35,seed-12113-pa-0.65-pb-0.35:73,bandit,73,4.951413277982752,4.725864505381457,1.0434782608695654,1.0434782608695654,0.0,0.0,-2.0,16.73654483726019,0.0,23.438213679832078
seed-12113-pa-0.65-pb-0.35,seed-12113-pa-0.65-pb-0.35:74,bandit,74,4.451413277982752,4.5942094005182925,0.978723404255319,0.978723404255319,0.0,0.0,-2.0,16.878440999652497,0.0,20.266302995840473
seed-12113-pa-0.65-pb-0.35,seed-12113-pa-0.65-pb-0.35:75,bandit,75,6.376928011042974,4.6895892926982405,1.0208333333333337,1.0208333333333337,0.0,0.0,3.0,17.055352283003202,0.0,22.25298784604845
seed-12113-pa-0.65-pb-0.35,seed-12113-pa-0.65-pb-0.35:76,bandit,76,6.031150136248314,4.561794844620482,1.0208333333333337,1.0208333333333337,0.0,0.0,-2.0,17.223418002186374,0.0,19.140338453746025
seed-12113-pa-0.65-pb-0.35,seed-12113-pa-0.65-pb-0.35:77,bandit,77,6.850412651601648,4.660758813964881,1.0612244897959182,1.0612244897959182,0.0,0.0,3.0,17.423471591872975,0.0,21.183321531058724
seed-12113-pa-0.65-pb-0.35,seed-12113-pa-0.65-pb-0.35:78,bandit,78,6.660224150438086,4.75665940023684,1.1,1.1,0.0,0.0,3.0,17.652298012279328,0.0,23.124155454505786
seed-12113-pa-0.65-pb-0.35,seed-12113-pa-0.65-pb-0.35:79,bandit,79,6.612822278771571,4.849575858260772,1.1372549019607845,1.1372549019607845,0.0,0.0,3.0,17.906938013626146,0.0,24.967947681780494
seed-12113-pa-0.65-pb-0.35,seed-12113-pa-0.65-pb-0.35:80,bandit,80,6.475206558916746,4.939587744408096,1.173076923076923,1.173076923076923,0.0,0.0,3.0,18.184668036021762,0.0,26.71955029769147
seed-12113-pa-0.65-pb-0.35,seed-12113-pa-0.65-pb-0.35:81,bandit,81,6.46393946547494,5.026774579686808,1.207547169811321,1.207547169811321,0.0,0.0,3.0,18.482981804031994,0.0,28.383572782806894
seed-12113-pa-0.65-pb-0.35,seed-12113-pa-0.65-pb-0.35:82,bandit,82,5.80474463538566,4.8883094363250805,1.1481481481481484,1.1481481481481484,0.0,0.0,-2.0,18.706980861978543,0.0,24.96439414366655
seed-12113-pa-0.65-pb-0.35,seed-12113-pa-0.65-pb-0.35:83,bandit,83,6.83893946547494,4.976809542144567,1.1818181818181817,1.1818181818181817,0.0,0.0,3.0,18.9534500006978,0.0,26.71617443648322
seed-12113-pa-0.65-pb-0.35,seed-12113-pa-0.65-pb-0.35:84,bandit,84,6.578889734292549,5.062462837381625,1.2142857142857144,1.2142857142857144,0.0,0.0,3.0,19.220063214948624,0.0,28.38036571465906
seed-12113-pa-0.65-pb-0.35,seed-12113-pa-0.65-pb-0.35:85,bandit,85,5.785224150438086,4.922687047188015,1.1578947368421053,1.1578947368421053,0.0,0.0,-2.0,19.4169547910433,0.0,24.961347428926107
seed-12113-pa-0.65-pb-0.35,seed-12113-pa-0.65-pb-0.35:86,bandit,86,5.688261687518224,4.789900046504085,1.1578947368421053,1.1578947368421053,0.0,0.0,-2.0,19.60400178833324,0.0,21.7132800574798
seed-12113-pa-0.65-pb-0.35,seed-12113-pa-0.65-pb-0.35:87,bandit,87,7.21393946547494,4.88370156536496,1.1896551724137931,1.1896551724137931,0.0,0.0,3.0,19.81345687133037,0.0,23.62761605460581
seed-12113-pa-0.65-pb-0.35,seed-12113-pa-0.65-pb-0.35:88,bandit,88,6.58893946547494,4.9743044991324235,1.220338983050847,1.220338983050847,0.0,0.0,3.0,20.0431230108147,0.0,25.446235251875517
seed-12113-pa-0.65-pb-0.35,seed-12113-pa-0.65-pb-0.35:89,bandit,89,6.8199361996449746,5.061819060699491,1.25,1.25,0.0,0.0,3.0,20.290966860273965,0.0,27.17392348928174
seed-12113-pa-0.65-pb-0.35,seed-12113-pa-0.65-pb-0.35:90,bandit,90,6.001928011042974,4.923962756894815,1.19672131147541,1.19672131147541,0.0,0.0,-2.0,20.473139828735675,0.0,23.81522731481765
seed-12113-pa-0.65-pb-0.35,seed-12113-pa-0.65-pb-0.35:91,bandit,91,5.910224150438086,4.79049301830165,1.1451612903225803,1.1451612903225803,0.0,0.0,-2.0,20.59464412762147,0.0,20.624465949076768
seed-12113-pa-0.65-pb-0.35,seed-12113-pa-0.65-pb-0.35:92,bandit,92,6.975206558916746,4.883533235087075,1.1746031746031744,1.1746031746031744,0.0,0.0,3.0,20.739515095843572,0.0,22.59324265162293
seed-12113-pa-0.65-pb-0.35,seed-12113-pa-0.65-pb-0.35:93,bandit,93,6.6949361996449746,4.973307841245945,1.203125,1.203125,0.0,0.0,3.0,20.90566434105139,0.0,24.463580519041784
seed-12113-pa-0.65-pb-0.35,seed-12113-pa-0.65-pb-0.35:94,bandit,94,6.561967589003199,5.059937458841505,1.2307692307692308,1.2307692307692308,0.0,0.0,3.0,21.09115035476805,0.0,26.240401493089692
seed-12113-pa-0.65-pb-0.35,seed-12113-pa-0.65-pb-0.35:95,bandit,95,6.554882179158078,5.143538617855112,1.2575757575757578,1.2575757575757578,0.0,0.0,3.0,21.294168594605406,0.0,27.928381418435205
seed-12113-pa-0.65-pb-0.35,seed-12113-pa-0.65-pb-0.35:96,bandit,96,6.0699361996449746,5.0021910070639946,1.2089552238805972,1.2089552238805972,0.0,0.0,-2.0,21.438415388755732,0.0,24.531962347513442
seed-12113-pa-0.65-pb-0.35,seed-12113-pa-0.65-pb-0.35:97,bandit,97,6.804882179158078,5.087596413866494,1.2352941176470589,1.2352941176470589,0.0,0.0,3.0,21.601788736965002,0.0,26.30536423013777
seed-12113-pa-0.65-pb-0.35,seed-12113-pa-0.65-pb-0.35:98,bandit,98,6.54858735157374,5.1699747318384155,1.2608695652173911,1.2608695652173911,0.0,0.0,3.0,21.78256886533414,0.0,27.99009601863088
seed-12113-pa-0.65-pb-0.35,seed-12113-pa-0.65-pb-0.35:99,bandit,99,6.417999079229087,5.2494417959495845,1.2857142857142856,1.2857142857142856,0.0,0.0,3.0,21.979154707781717,0.0,29.590591217699334
seed-12115-pa-0.35-pb-0.35,seed-12115-pa-0.35-pb-0.35:0,bandit,0,4.203889734292549,2.912825855619838,0.5,0.5,0.0,0.0,0.0,0.5,0.0,0.0
seed-12115-pa-0.35-pb-0.35,seed-12115-pa-0.35-pb-0.35:1,bandit,1,4.42870067827652,3.1074650491144715,1.3333333333333337,1.3333333333333337,0.0,0.0,3.0,1.8083333333333336,0.0,3.0
seed-12115-pa-0.35-pb-0.35,seed-12115-pa-0.35-pb-0.35:2,bandit,2,3.201413277982752,3.3126257816940576,1.75,1.75,0.0,0.0,3.0,3.4679166666666665,0.0,5.85
seed-12115-pa-0.35-pb-0.35,seed-12115-pa-0.35-pb-0.35:3,bandit,3,3.42974463538566,3.252666834228524,1.0,1.0,0.0,0.0,-2.0,4.294520833333333,0.0,3.557499999999999
seed-12115-pa-0.35-pb-0.35,seed-12115-pa-0.35-pb-0.35:4,bandit,4,2.2254126516016477,3.195705834136267,1.0,1.0,0.0,0.0,-2.0,5.079794791666666,0.0,1.379624999999999
seed-12115-pa-0.35-pb-0.35,seed-12115-pa-0.35-pb-0.35:5,bandit,5,4.001929081345374,3.376201028705079,1.3333333333333337,1.3333333333333337,0.0,0.0,3.0,6.159138385416666,0.0,4.310643749999999
seed-12115-pa-0.35-pb-0.35,seed-12115-pa-0.35-pb-0.35:6,bandit,6,2.701413277982752,3.547671463545451,1.3333333333333337,1.3333333333333337,0.0,0.0,3.0,7.1845147994791665,0.0,7.095111562499999
seed-12115-pa-0.35-pb-0.35,seed-12115-pa-0.35-pb-0.35:7,bandit,7,2.8825990353171704,3.7221418045064807,1.5714285714285716,1.5714285714285716,0.0,0.0,3.0,8.396717630933779,0.0,9.740355984374998
seed-12115-pa-0.35-pb-0.35,seed-12115-pa-0.35-pb-0.35:8,bandit,8,2.767675057605601,3.887888628419459,1.5714285714285716,1.5714285714285716,0.0,0.0,3.0,9.548310320815661,0.0,12.253338185156249
seed-12115-pa-0.35-pb-0.35,seed-12115-pa-0.35-pb-0.35:9,bandit,9,2.0537006782765204,3.826942765488079,1.5714285714285716,1.5714285714285716,0.0,0.0,-2.0,10.642323376203448,0.0,9.640671275898436
seed-12115-pa-0.35-pb-0.35,seed-12115-pa-0.35-pb-0.35:10,bandit,10,2.656150136248314,3.74734401846075,1.125,1.125,0.0,0.0,-2.0,11.235207207393275,0.0,7.1586377121035145
seed-12115-pa-0.35-pb-0.35,seed-12115-pa-0.35-pb-0.35:11,bandit,11,2.0231232641398407,3.6717252087847867,1.125,1.125,0.0,0.0,-2.0,11.79844684702361,0.0,4.800705826498339
seed-12115-pa-0.35-pb-0.35,seed-12115-pa-0.35-pb-0.35:12,bandit,12,4.075939419878843,3.828419434621173,1.3333333333333337,1.3333333333333337,0.0,0.0,3.0,12.541857838005763,0.0,7.560670535173422
seed-12115-pa-0.35-pb-0.35,seed-12115-pa-0.35-pb-0.35:13,bandit,13,3.7234445810050545,3.97727894916574,1.3333333333333337,1.3333333333333337,0.0,0.0,3.0,13.248098279438809,0.0,10.182637008414751
seed-12115-pa-0.35-pb-0.35,seed-12115-pa-0.35-pb-0.35:14,bandit,14,4.224076984180108,4.126796887486952,1.5,1.5,0.0,0.0,3.0,14.085693365466868,0.0,12.673505157994013
seed-12115-pa-0.35-pb-0.35,seed-12115-pa-0.35-pb-0.35:15,bandit,15,3.6481232641398407,4.050433583243395,1.5,1.5,0.0,0.0,-2.0,14.881408697193525,0.0,10.039829900094311
seed-12115-pa-0.35-pb-0.35,seed-12115-pa-0.35-pb-0.35:16,bandit,16,4.281150136248314,4.196293789860724,1.5,1.5,0.0,0.0,3.0,15.637338262333849,0.0,12.537838405089595
seed-12115-pa-0.35-pb-0.35,seed-12115-pa-0.35-pb-0.35:17,bandit,17,3.474076984180108,4.100989332354719,1.1818181818181817,1.1818181818181817,0.0,0.0,-2.0,16.037289531035338,0.0,9.910946484835113
seed-12115-pa-0.35-pb-0.35,seed-12115-pa-0.35-pb-0.35:18,bandit,18,4.7234445810050545,4.228855443372724,1.1818181818181817,1.1818181818181817,0.0,0.0,3.0,16.41724323630175,0.0,12.415399160593358
seed-12115-pa-0.35-pb-0.35,seed-12115-pa-0.35-pb-0.35:19,bandit,19,4.3484445810050545,4.350328248839828,1.1818181818181817,1.1818181818181817,0.0,0.0,3.0,16.778199256304845,0.0,14.794629202563689
seed-12115-pa-0.35-pb-0.35,seed-12115-pa-0.35-pb-0.35:20,bandit,20,3.7731232641398407,4.2344334782650686,0.9166666666666664,0.9166666666666664,0.0,0.0,-2.0,16.85595596015627,0.0,12.054897742435504
seed-12115-pa-0.35-pb-0.35,seed-12115-pa-0.35-pb-0.35:21,bandit,21,3.224076984180108,4.1243334462190475,0.9166666666666664,0.9166666666666664,0.0,0.0,-2.0,16.92982482881512,0.0,9.452152855313727
seed-12115-pa-0.35-pb-0.35,seed-12115-pa-0.35-pb-0.35:22,bandit,22,4.575939419878843,4.2459335686393,1.076923076923077,1.076923076923077,0.0,0.0,3.0,17.160256664297442,0.0,11.979545212548041
seed-12115-pa-0.35-pb-0.35,seed-12115-pa-0.35-pb-0.35:23,bandit,23,3.8825990353171704,4.14304833928983,1.076923076923077,1.076923076923077,0.0,0.0,-2.0,17.379166908005647,0.0,9.38056795192064
seed-12115-pa-0.35-pb-0.35,seed-12115-pa-0.35-pb-0.35:24,bandit,24,4.67870067827652,4.263712717056544,1.076923076923077,1.076923076923077,0.0,0.0,3.0,17.58713163952844,0.0,11.911539554324607
seed-12115-pa-0.35-pb-0.35,seed-12115-pa-0.35-pb-0.35:25,bandit,25,3.9734445810050545,4.14925536610528,0.8571428571428572,0.8571428571428572,0.0,0.0,-2.0,17.564917914694874,0.0,9.315962576608376
seed-12115-pa-0.35-pb-0.35,seed-12115-pa-0.35-pb-0.35:26,bandit,26,4.80370067827652,4.265870285067894,1.0,1.0,0.0,0.0,3.0,17.68667201896013,0.0,11.850164447777956
seed-12115-pa-0.35-pb-0.35,seed-12115-pa-0.35-pb-0.35:27,bandit,27,3.974076984180108,4.158249112433668,1.0,1.0,0.0,0.0,-2.0,17.802338418012123,0.0,9.257656225389058
seed-12115-pa-0.35-pb-0.35,seed-12115-pa-0.35-pb-0.35:28,bandit,28,3.700939419878843,4.056008998431154,1.0,1.0,0.0,0.0,-2.0,17.912221497111517,0.0,6.794773414119604
seed-12115-pa-0.35-pb-0.35,seed-12115-pa-0.35-pb-0.35:29,bandit,29,3.3825990353171704,3.9588808901287655,1.0,1.0,0.0,0.0,-2.0,18.01661042225594,0.0,4.4550347434136235
seed-12115-pa-0.35-pb-0.35,seed-12115-pa-0.35-pb-0.35:30,bandit,30,4.011871006114902,3.857495112799638,0.8125,0.8125,0.0,0.0,-2.0,17.928279901143142,0.0,2.232283006242942
seed-12115-pa-0.35-pb-0.35,seed-12115-pa-0.35-pb-0.35:31,bandit,31,3.849076984180108,3.753136793947093,0.6470588235294117,0.6470588235294117,0.0,0.0,-2.0,17.678924729615396,0.0,0.1206688559307949
seed-12115-pa-0.35-pb-0.35,seed-12115-pa-0.35-pb-0.35:32,bandit,32,3.0231232641398407,3.6468480973572865,0.5,0.5,0.0,0.0,-2.0,17.294978493134625,0.0,-1.885364586865745
seed-12115-pa-0.35-pb-0.35,seed-12115-pa-0.35-pb-0.35:33,bandit,33,3.5231232641398407,3.5458738355969706,0.5,0.5,0.0,0.0,-2.0,16.930229568477895,0.0,-3.7910963575224574
seed-12115-pa-0.35-pb-0.35,seed-12115-pa-0.35-pb-0.35:34,bandit,34,3.575939419878843,3.4435524452110857,0.3684210526315787,0.3684210526315787,0.0,0.0,-2.0,16.452139142685578,0.0,-5.601541539646334
seed-12115-pa-0.35-pb-0.35,seed-12115-pa-0.35-pb-0.35:35,bandit,35,4.13259903531717,3.3463471243444953,0.3684210526315787,0.3684210526315787,0.0,0.0,-2.0,15.997953238182877,0.0,-7.321464462664017
seed-12115-pa-0.35-pb-0.35,seed-12115-pa-0.35-pb-0.35:36,bandit,36,4.63259903531717,3.4724074151699433,0.3684210526315787,0.3684210526315787,0.0,0.0,3.0,15.566476628905312,0.0,-3.955391239530816
seed-12115-pa-0.35-pb-0.35,seed-12115-pa-0.35-pb-0.35:37,bandit,37,4.648123264139841,3.37375934580541,0.3684210526315787,0.3684210526315787,0.0,0.0,-2.0,15.156573850091624,0.0,-5.757621677554275
seed-12115-pa-0.35-pb-0.35,seed-12115-pa-0.35-pb-0.35:38,bandit,38,4.450939419878843,3.280043679909103,0.3684210526315787,0.3684210526315787,0.0,0.0,-2.0,14.76716621021862,0.0,-7.469740593676561
seed-12115-pa-0.35-pb-0.35,seed-12115-pa-0.35-pb-0.35:39,bandit,39,4.273123264139841,3.1910137973076114,0.3684210526315787,0.3684210526315787,0.0,0.0,-2.0,14.397228952339267,0.0,-9.096253563992732
seed-12115-pa-0.35-pb-0.35,seed-12115-pa-0.35-pb-0.35:40,bandit,40,5.148123264139841,3.3312365961984884,0.5,0.5,0.0,0.0,3.0,14.177367504722303,0.0,-5.641440885793095
seed-12115-pa-0.35-pb-0.35,seed-12115-pa-0.35-pb-0.35:41,bandit,41,5.136871006114902,3.2402561955647737,0.3809523809523809,0.3809523809523809,0.0,0.0,-2.0,13.849451510438568,0.0,-7.35936884150344
seed-12115-pa-0.35-pb-0.35,seed-12115-pa-0.35-pb-0.35:42,bandit,42,5.13259903531717,3.372230160611454,0.3809523809523809,0.3809523809523809,0.0,0.0,3.0,13.53793131586902,0.0,-3.991400399428268
seed-12115-pa-0.35-pb-0.35,seed-12115-pa-0.35-pb-0.35:43,bandit,43,5.011871006114902,3.2739394327286018,0.2727272727272729,0.2727272727272729,0.0,0.0,-2.0,13.133762022802841,0.0,-5.791830379456854
seed-12115-pa-0.35-pb-0.35,seed-12115-pa-0.35-pb-0.35:44,bandit,44,5.63259903531717,3.3989685868886013,0.2727272727272729,0.2727272727272729,0.0,0.0,3.0,12.749801194389972,0.0,-2.5022388604840113
seed-12115-pa-0.35-pb-0.35,seed-12115-pa-0.35-pb-0.35:45,bandit,45,5.17870067827652,3.29453773640501,0.1739130434782607,0.1739130434782607,0.0,0.0,-2.0,12.286224178148734,0.0,-4.377126917459811
seed-12118-pa-0.50-pb-0.35,seed-12118-pa-0.50-pb-0.35:0,bandit,0,4.203889734292549,2.912825855619838,0.5,0.5,0.0,0.0,0.0,0.5,0.0,0.0
seed-12118-pa-0.50-pb-0.35,seed-12118-pa-0.50-pb-0.35:1,bandit,1,4.42870067827652,3.1074650491144715,1.3333333333333337,1.3333333333333337,0.0,0.0,3.0,1.8083333333333336,0.0,3.0
seed-12118-pa-0.50-pb-0.35,seed-12118-pa-0.50-pb-0.35:2,bandit,2,3.6368710061149017,3.033459939766296,0.5,0.5,0.0,0.0,-2.0,2.2179166666666665,0.0,0.8499999999999996
seed-12118-pa-0.50-pb-0.35,seed-12118-pa-0.50-pb-0.35:3,bandit,3,4.100206558916746,3.222067429053607,1.3333333333333337,1.3333333333333337,0.0,0.0,3.0,3.4403541666666664,0.0,3.8074999999999997
seed-12118-pa-0.50-pb-0.35,seed-12118-pa-0.50-pb-0.35:4,bandit,4,3.392675057605601,3.4012445438765524,1.3333333333333337,1.3333333333333337,0.0,0.0,3.0,4.601669791666667,0.0,6.617125
seed-12118-pa-0.50-pb-0.35,seed-12118-pa-0.50-pb-0.35:5,bandit,5,3.251928011042974,3.5714628029583504,1.3333333333333337,1.3333333333333337,0.0,0.0,3.0,5.704919635416667,0.0,9.28626875
seed-12118-pa-0.50-pb-0.35,seed-12118-pa-0.50-pb-0.35:6,bandit,6,2.974076984180108,3.5147648034373495,1.3333333333333337,1.3333333333333337,0.0,0.0,-2.0,6.753006986979168,0.0,6.8219553125
seed-12118-pa-0.50-pb-0.35,seed-12118-pa-0.50-pb-0.35:7,bandit,7,5.151300195186874,3.699560548300792,1.75,1.75,0.0,0.0,3.0,8.16535663763021,0.0,9.480857546875
seed-12118-pa-0.50-pb-0.35,seed-12118-pa-0.50-pb-0.35:8,bandit,8,3.599076984180108,3.6567111602723528,1.75,1.75,0.0,0.0,-2.0,9.507088805748698,0.0,7.00681466953125
seed-12118-pa-0.50-pb-0.35,seed-12118-pa-0.50-pb-0.35:9,bandit,9,4.5699361996449746,3.834409587294045,1.75,1.75,0.0,0.0,3.0,10.781734365461261,0.0,9.656473936054688
seed-12118-pa-0.50-pb-0.35,seed-12118-pa-0.50-pb-0.35:10,bandit,10,3.3868710061149017,3.7848177473159432,1.75,1.75,0.0,0.0,-2.0,11.992647647188198,0.0,7.173650239251954
seed-12118-pa-0.50-pb-0.35,seed-12118-pa-0.50-pb-0.35:11,bandit,11,4.1949361996449746,3.956110844985456,1.75,1.75,0.0,0.0,3.0,13.143015264828788,0.0,9.814967727289357
seed-12118-pa-0.50-pb-0.35,seed-12118-pa-0.50-pb-0.35:12,bandit,12,3.4754126516016477,3.900433942122784,1.75,1.75,0.0,0.0,-2.0,14.235864501587349,0.0,7.3242193409248895
seed-12118-pa-0.50-pb-0.35,seed-12118-pa-0.50-pb-0.35:13,bandit,13,3.156150136248314,3.8475408844032453,1.75,1.75,0.0,0.0,-2.0,15.27407127650798,0.0,4.958008373878645
seed-12118-pa-0.50-pb-0.35,seed-12118-pa-0.50-pb-0.35:14,bandit,14,3.0352241504380864,3.7972924795696836,1.75,1.75,0.0,0.0,-2.0,16.26036771268258,0.0,2.7101079551847125
seed-12118-pa-0.50-pb-0.35,seed-12118-pa-0.50-pb-0.35:15,bandit,15,2.326413277982752,3.7495564949778,1.75,1.75,0.0,0.0,-2.0,17.19734932704845,0.0,0.574602557425477
seed-12118-pa-0.50-pb-0.35,seed-12118-pa-0.50-pb-0.35:16,bandit,16,2.474076984180108,3.6677510118480794,1.0,1.0,0.0,0.0,-2.0,17.337481860696027,0.0,-1.454127570445797
seed-12118-pa-0.50-pb-0.35,seed-12118-pa-0.50-pb-0.35:17,bandit,17,3.031150136248314,3.5900358028748447,1.0,1.0,0.0,0.0,-2.0,17.470607767661225,0.0,-3.381421191923507
seed-12118-pa-0.50-pb-0.35,seed-12118-pa-0.50-pb-0.35:18,bandit,18,4.453889734292549,3.7346116999989807,1.0,1.0,0.0,0.0,3.0,17.59707737927816,0.0,-0.21235013232733158
seed-12118-pa-0.50-pb-0.35,seed-12118-pa-0.50-pb-0.35:19,bandit,19,4.0699361996449746,3.8719588022669096,1.0,1.0,0.0,0.0,3.0,17.717223510314252,0.0,2.798267374289035
seed-12118-pa-0.50-pb-0.35,seed-12118-pa-0.50-pb-0.35:20,bandit,20,4.776300195186874,4.002438549421442,1.0,1.0,0.0,0.0,3.0,17.831362334798538,0.0,5.658354005574584
seed-12118-pa-0.50-pb-0.35,seed-12118-pa-0.50-pb-0.35:21,bandit,21,4.526300195186874,4.126394309218249,1.0,1.0,0.0,0.0,3.0,17.93979421805861,0.0,8.375436305295853
seed-12123-pa-0.35-pb-0.50,seed-12123-pa-0.35-pb-0.50:0,bandit,0,4.203889734292549,2.912825855619838,0.5,0.5,0.0,0.0,0.0,0.5,0.0,0.0
seed-12123-pa-0.35-pb-0.50,seed-12123-pa-0.35-pb-0.50:1,bandit,1,4.42870067827652,3.1074650491144715,1.3333333333333337,1.3333333333333337,0.0,0.0,3.0,1.8083333333333336,0.0,3.0
seed-12123-pa-0.35-pb-0.50,seed-12123-pa-0.35-pb-0.50:2,bandit,2,2.501928011042974,3.0739669372856646,1.3333333333333337,1.3333333333333337,0.0,0.0,-2.0,3.0512500000000005,0.0,0.8499999999999996
seed-12123-pa-0.35-pb-0.50,seed-12123-pa-0.35-pb-0.50:3,bandit,3,2.6368710061149017,3.280802575456691,1.75,1.75,0.0,0.0,3.0,4.6486875,0.0,3.8074999999999997
seed-12123-pa-0.35-pb-0.50,seed-12123-pa-0.35-pb-0.50:4,bandit,4,1.2254126516016477,3.258891086070457,1.75,1.75,0.0,0.0,-2.0,6.166253125,0.0,1.6171249999999997
seed-12129-pa-0.65-pb-0.35,seed-12129-pa-0.65-pb-0.35:0,bandit,0,4.203889734292549,2.912825855619838,0.5,0.5,0.0,0.0,0.0,0.5,0.0,0.0
seed-12129-pa-0.65-pb-0.35,seed-12129-pa-0.65-pb-0.35:1,bandit,1,4.42870067827652,3.1074650491144715,1.3333333333333337,1.3333333333333337,0.0,0.0,3.0,1.8083333333333336,0.0,3.0
seed-12129-pa-0.65-pb-0.35,seed-12129-pa-0.65-pb-0.35:2,bandit,2,3.201413277982752,3.3126257816940576,1.75,1.75,0.0,0.0,3.0,3.4679166666666665,0.0,5.85
seed-12129-pa-0.65-pb-0.35,seed-12129-pa-0.65-pb-0.35:3,bandit,3,3.4878222787715707,3.519680576900475,2.0,2.0,0.0,0.0,3.0,5.294520833333333,0.0,8.5575
seed-12129-pa-0.65-pb-0.35,seed-12129-pa-0.65-pb-0.35:4,bandit,4,2.826413277982752,3.4655716886823678,1.3333333333333337,1.3333333333333337,0.0,0.0,-2.0,6.363128125,0.0,6.129624999999999
seed-12129-pa-0.65-pb-0.35,seed-12129-pa-0.65-pb-0.35:5,bandit,5,4.96393946547494,3.6325735905238754,1.3333333333333337,1.3333333333333337,0.0,0.0,3.0,7.378305052083334,0.0,8.82314375
seed-12129-pa-0.65-pb-0.35,seed-12129-pa-0.65-pb-0.35:6,bandit,6,4.08893946547494,3.8027988251359837,1.5714285714285716,1.5714285714285716,0.0,0.0,3.0,8.580818370907739,0.0,11.3819865625
seed-12129-pa-0.65-pb-0.35,seed-12129-pa-0.65-pb-0.35:7,bandit,7,3.6949361996449746,3.973192868914494,1.75,1.75,0.0,0.0,3.0,9.901777452362351,0.0,13.812887234375
seed-12129-pa-0.65-pb-0.35,seed-12129-pa-0.65-pb-0.35:8,bandit,8,2.1269290813453736,3.9166618648553704,1.75,1.75,0.0,0.0,-2.0,11.156688579744234,0.0,11.12224287265625
seed-12129-pa-0.65-pb-0.35,seed-12129-pa-0.65-pb-0.35:9,bandit,9,4.001928011042974,4.088113922901139,1.8888888888888888,1.8888888888888888,0.0,0.0,3.0,12.487743039645911,0.0,13.566130729023437
seed-12129-pa-0.65-pb-0.35,seed-12129-pa-0.65-pb-0.35:10,bandit,10,3.4754126516016477,4.256394311047203,2.0,2.0,0.0,0.0,3.0,13.863355887663616,0.0,15.887824192572264
seed-12129-pa-0.65-pb-0.35,seed-12129-pa-0.65-pb-0.35:11,bandit,11,3.6004126516016477,4.420679624969894,2.090909090909091,2.090909090909091,0.0,0.0,3.0,15.261097184189524,0.0,18.09343298294365
seed-12129-pa-0.65-pb-0.35,seed-12129-pa-0.65-pb-0.35:12,bandit,12,3.325939419878843,4.341774283108,1.75,1.75,0.0,0.0,-2.0,16.248042324980048,0.0,15.188761333796467
seed-12129-pa-0.65-pb-0.35,seed-12129-pa-0.65-pb-0.35:13,bandit,13,3.0681471805599436,4.252792555351727,1.4615384615384617,1.4615384615384617,0.0,0.0,-2.0,16.897178670269504,0.0,12.429323267106643
seed-12129-pa-0.65-pb-0.35,seed-12129-pa-0.65-pb-0.35:14,bandit,14,2.4287006782765204,4.168259913983268,1.4615384615384617,1.4615384615384617,0.0,0.0,-2.0,17.513858198294493,0.0,9.80785710375131
seed-12129-pa-0.65-pb-0.35,seed-12129-pa-0.65-pb-0.35:15,bandit,15,3.200939419878843,4.0759353449796825,1.2142857142857144,1.2142857142857144,0.0,0.0,-2.0,17.852451002665482,0.0,7.317464248563745
seed-12129-pa-0.65-pb-0.35,seed-12129-pa-0.65-pb-0.35:16,bandit,16,5.203889734292549,4.206632350074986,1.2142857142857144,1.2142857142857144,0.0,0.0,3.0,18.174114166817922,0.0,9.951591036135557
seed-12129-pa-0.65-pb-0.35,seed-12129-pa-0.65-pb-0.35:17,bandit,17,5.001928011042974,4.336581218846862,1.3333333333333337,1.3333333333333337,0.0,0.0,3.0,18.598741791810358,0.0,12.45401148432878
seed-12129-pa-0.65-pb-0.35,seed-12129-pa-0.65-pb-0.35:18,bandit,18,4.600206558916746,4.4650960188700655,1.4375,1.4375,0.0,0.0,3.0,19.10630470221984,0.0,14.83131091011234
seed-12129-pa-0.65-pb-0.35,seed-12129-pa-0.65-pb-0.35:19,bandit,19,4.474076984180108,4.358950829433553,1.2352941176470589,1.2352941176470589,0.0,0.0,-2.0,19.386283584755905,0.0,12.089745364606722
seed-12129-pa-0.65-pb-0.35,seed-12129-pa-0.65-pb-0.35:20,bandit,20,5.578889734292549,4.481283774237501,1.3333333333333337,1.3333333333333337,0.0,0.0,3.0,19.750302738851442,0.0,14.485258096376386
seed-12129-pa-0.65-pb-0.35,seed-12129-pa-0.65-pb-0.35:21,bandit,21,4.71393946547494,4.601763966276975,1.4210526315789471,1.4210526315789471,0.0,0.0,3.0,20.183840233487818,0.0,16.760995191557566
seed-12129-pa-0.65-pb-0.35,seed-12129-pa-0.65-pb-0.35:22,bandit,22,4.686967589003199,4.720057653742625,1.5,1.5,0.0,0.0,3.0,20.674648221813424,0.0,18.922945431979684
seed-12129-pa-0.65-pb-0.35,seed-12129-pa-0.65-pb-0.35:23,bandit,23,4.804882179158078,4.835908685193796,1.5714285714285716,1.5714285714285716,0.0,0.0,3.0,21.212344382151326,0.0,20.9767981603807
seed-12129-pa-0.65-pb-0.35,seed-12129-pa-0.65-pb-0.35:24,bandit,24,4.67358735157374,4.949123554489502,1.6363636363636362,1.6363636363636362,0.0,0.0,3.0,21.788090799407396,0.0,22.927958252361663
seed-12129-pa-0.65-pb-0.35,seed-12129-pa-0.65-pb-0.35:25,bandit,25,4.542999079229087,5.059559601092552,1.6956521739130437,1.6956521739130437,0.0,0.0,3.0,22.394338433350068,0.0,24.781560339743578
seed-12129-pa-0.65-pb-0.35,seed-12129-pa-0.65-pb-0.35:26,bandit,26,4.54858735157374,5.167115606073234,1.75,1.75,0.0,0.0,3.0,23.024621511682565,0.0,26.5424823227564
seed-12129-pa-0.65-pb-0.35,seed-12129-pa-0.65-pb-0.35:27,bandit,27,4.2880413716877825,5.271724230656044,1.7999999999999998,1.7999999999999998,0.0,0.0,3.0,23.673390436098437,0.0,28.21535820661858
seed-12129-pa-0.65-pb-0.35,seed-12129-pa-0.65-pb-0.35:28,bandit,28,4.5380413716877825,5.37334588848771,1.8461538461538465,1.8461538461538465,0.0,0.0,3.0,24.33587476044736,0.0,29.80459029628765
seed-12129-pa-0.65-pb-0.35,seed-12129-pa-0.65-pb-0.35:29,bandit,29,4.77975041827262,5.471963745351863,1.8888888888888888,1.8888888888888888,0.0,0.0,3.0,25.007969911313882,0.0,31.314360781473265
seed-12129-pa-0.65-pb-0.35,seed-12129-pa-0.65-pb-0.35:30,bandit,30,3.6269290813453736,5.3404941974708695,1.75,1.75,0.0,0.0,-2.0,25.50757141574819,0.0,27.7486427423996
seed-12129-pa-0.65-pb-0.35,seed-12129-pa-0.65-pb-0.35:31,bandit,31,5.1630413716877825,5.4360986621595,1.793103448275862,1.793103448275862,0.0,0.0,3.0,26.02529629323664,0.0,29.36121060527962
seed-12129-pa-0.65-pb-0.35,seed-12129-pa-0.65-pb-0.35:32,bandit,32,4.6630413716877825,5.528878413838771,1.8333333333333337,1.8333333333333337,0.0,0.0,3.0,26.557364811908137,0.0,30.893150075015637
seed-12129-pa-0.65-pb-0.35,seed-12129-pa-0.65-pb-0.35:33,bandit,33,4.901300195186874,5.618848526209147,1.870967741935484,1.870967741935484,0.0,0.0,3.0,27.100464313248214,0.0,32.348492571264856
seed-12129-pa-0.65-pb-0.35,seed-12129-pa-0.65-pb-0.35:34,bandit,34,3.8769290813453736,5.480034739285291,1.75,1.75,0.0,0.0,-2.0,27.4954410975858,0.0,28.73106794270161
seed-12129-pa-0.65-pb-0.35,seed-12129-pa-0.65-pb-0.35:35,bandit,35,5.773245464372426,5.566566987356335,1.75,1.75,0.0,0.0,3.0,27.87066904270651,0.0,30.29451454556653
seed-12129-pa-0.65-pb-0.35,seed-12129-pa-0.65-pb-0.35:36,bandit,36,5.28364569998304,5.6506138501838,1.787878787878788,1.787878787878788,0.0,0.0,3.0,28.265014378449973,0.0,31.7797888182882
seed-12129-pa-0.65-pb-0.35,seed-12129-pa-0.65-pb-0.35:37,bandit,37,5.276300195186874,5.7321912895498635,1.823529411764706,1.823529411764706,0.0,0.0,3.0,28.675293071292177,0.0,33.19079937737379
seed-12129-pa-0.65-pb-0.35,seed-12129-pa-0.65-pb-0.35:38,bandit,38,5.395541900901097,5.811323752645885,1.8571428571428572,1.8571428571428572,0.0,0.0,3.0,29.098671274870426,0.0,34.5312594085051
seed-12129-pa-0.65-pb-0.35,seed-12129-pa-0.65-pb-0.35:39,bandit,39,5.393149927917811,5.888042716302129,1.8888888888888888,1.8888888888888888,0.0,0.0,3.0,29.532626600015792,0.0,35.804696438079844
seed-12129-pa-0.65-pb-0.35,seed-12129-pa-0.65-pb-0.35:40,bandit,40,4.600412651601648,5.737411395448732,1.7837837837837838,1.7837837837837838,0.0,0.0,-2.0,29.839779053798782,0.0,32.01446161617585
seed-12129-pa-0.65-pb-0.35,seed-12129-pa-0.65-pb-0.35:41,bandit,41,3.8868710061149017,5.594311640638006,1.7837837837837838,1.7837837837837838,0.0,0.0,-2.0,30.131573884892624,0.0,28.413738535367056
seed-12129-pa-0.65-pb-0.35,seed-12129-pa-0.65-pb-0.35:42,bandit,42,4.67870067827652,5.453526777135913,1.6842105263157894,1.6842105263157894,0.0,0.0,-2.0,30.30920571696378,0.0,24.9930516085987
seed-12129-pa-0.65-pb-0.35,seed-12129-pa-0.65-pb-0.35:43,bandit,43,4.273123264139841,5.315189270450455,1.58974358974359,1.58974358974359,0.0,0.0,-2.0,30.383489020859184,0.0,21.743399028168767
seed-12129-pa-0.65-pb-0.35,seed-12129-pa-0.65-pb-0.35:44,bandit,44,6.151300195186874,5.403887742335337,1.625,1.625,0.0,0.0,3.0,30.489314569816223,0.0,23.65622907676033
seed-12129-pa-0.65-pb-0.35,seed-12129-pa-0.65-pb-0.35:45,bandit,45,5.6630413716877825,5.489781450282242,1.6585365853658538,1.6585365853658538,0.0,0.0,3.0,30.623385426691264,0.0,25.473417622922312
seed-12129-pa-0.65-pb-0.35,seed-12129-pa-0.65-pb-0.35:46,bandit,46,5.53364569998304,5.57293300583777,1.690476190476191,1.690476190476191,0.0,0.0,3.0,30.78269234583289,0.0,27.199746741776195
seed-12129-pa-0.65-pb-0.35,seed-12129-pa-0.65-pb-0.35:47,bandit,47,5.651300195186874,5.653407305784004,1.7209302325581397,1.7209302325581397,0.0,0.0,3.0,30.964487961099383,0.0,28.839759404687385
seed-12129-pa-0.65-pb-0.35,seed-12129-pa-0.65-pb-0.35:48,bandit,48,5.523245464372426,5.731270925530113,1.75,1.75,0.0,0.0,3.0,31.166263563044414,0.0,30.397771434453013
seed-12129-pa-0.65-pb-0.35,seed-12129-pa-0.65-pb-0.35:49,bandit,49,5.126929081345374,5.582785318888272,1.6666666666666663,1.6666666666666663,0.0,0.0,-2.0,31.27461705155886,0.0,26.87788286273036
seed-12129-pa-0.65-pb-0.35,seed-12129-pa-0.65-pb-0.35:50,bandit,50,5.773245464372426,5.661538277271383,1.6956521739130437,1.6956521739130437,0.0,0.0,3.0,31.40653837289396,0.0,28.53398871959384
seed-12129-pa-0.65-pb-0.35,seed-12129-pa-0.65-pb-0.35:51,bandit,51,5.401300195186874,5.7377025719265475,1.7234042553191489,1.7234042553191489,0.0,0.0,3.0,31.55961570956841,0.0,30.107289283614147
seed-12129-pa-0.65-pb-0.35,seed-12129-pa-0.65-pb-0.35:52,bandit,52,5.270541900901097,5.81135142836553,1.75,1.75,0.0,0.0,3.0,31.731634924089988,0.0,31.60192481943344
seed-12129-pa-0.65-pb-0.35,seed-12129-pa-0.65-pb-0.35:53,bandit,53,5.270541900901097,5.882557852110708,1.7755102040816326,1.7755102040816326,0.0,0.0,3.0,31.92056338196712,0.0,33.021828578461765
seed-12129-pa-0.65-pb-0.35,seed-12129-pa-0.65-pb-0.35:54,bandit,54,5.201413277982752,5.728128179040611,1.7000000000000002,1.7000000000000002,0.0,0.0,-2.0,32.02453521286876,0.0,29.370737149538677
seed-12129-pa-0.65-pb-0.35,seed-12129-pa-0.65-pb-0.35:55,bandit,55,4.30370067827652,5.577893498075274,1.6274509803921569,1.6274509803921569,0.0,0.0,-2.0,32.05075943261748,0.0,25.902200292061742
seed-12129-pa-0.65-pb-0.35,seed-12129-pa-0.65-pb-0.35:56,bandit,56,5.773245464372426,5.654858923877662,1.6538461538461535,1.6538461538461535,0.0,0.0,3.0,32.10206761483276,0.0,27.607090277458653
seed-12129-pa-0.65-pb-0.35,seed-12129-pa-0.65-pb-0.35:57,bandit,57,5.401300195186874,5.729210689344803,1.6792452830188678,1.6792452830188678,0.0,0.0,3.0,32.17620951710999,0.0,29.22673576358572
seed-12129-pa-0.65-pb-0.35,seed-12129-pa-0.65-pb-0.35:58,bandit,58,5.100412651601648,5.578127628010934,1.6111111111111112,1.6111111111111112,0.0,0.0,-2.0,32.1785101523656,0.0,25.76539897540643
seed-12129-pa-0.65-pb-0.35,seed-12129-pa-0.65-pb-0.35:59,bandit,59,6.020541900901097,5.654231550165783,1.6363636363636362,1.6363636363636362,0.0,0.0,3.0,32.20594828111095,0.0,27.477129026636106
seed-12129-pa-0.65-pb-0.35,seed-12129-pa-0.65-pb-0.35:60,bandit,60,5.893149927917811,5.7277139222443,1.6607142857142856,1.6607142857142856,0.0,0.0,3.0,32.25636515276969,0.0,29.1032725753043
seed-12129-pa-0.65-pb-0.35,seed-12129-pa-0.65-pb-0.35:61,bandit,61,5.392675057605601,5.575995050186171,1.5964912280701755,1.5964912280701755,0.0,0.0,-2.0,32.24003812320138,0.0,25.648108946539082
seed-12129-pa-0.65-pb-0.35,seed-12129-pa-0.65-pb-0.35:62,bandit,62,6.268149927917811,5.651443714131581,1.6206896551724137,1.6206896551724137,0.0,0.0,3.0,32.248725872213726,0.0,27.365703499212128
seed-12129-pa-0.65-pb-0.35,seed-12129-pa-0.65-pb-0.35:63,bandit,63,5.891034256080317,5.724256318860391,1.6440677966101696,1.6440677966101696,0.0,0.0,3.0,32.28035737521321,0.0,28.99741832425152
seed-12129-pa-0.65-pb-0.35,seed-12129-pa-0.65-pb-0.35:64,bandit,64,5.762509570276173,5.794526788200745,1.6666666666666663,1.6666666666666663,0.0,0.0,3.0,32.33300617311921,0.0,30.54754740803894
seed-12129-pa-0.65-pb-0.35,seed-12129-pa-0.65-pb-0.35:65,bandit,65,6.137509570276173,5.862346212697539,1.6885245901639343,1.6885245901639343,0.0,0.0,3.0,32.40488045462718,0.0,32.020170037636994
seed-12129-pa-0.65-pb-0.35,seed-12129-pa-0.65-pb-0.35:66,bandit,66,6.012509570276173,5.92780287108897,1.7096774193548383,1.7096774193548383,0.0,0.0,3.0,32.49431385125066,0.0,33.419161535755144
seed-12129-pa-0.65-pb-0.35,seed-12129-pa-0.65-pb-0.35:67,bandit,67,5.889163456931506,5.990982260247941,1.7301587301587302,1.7301587301587302,0.0,0.0,3.0,32.599756888846855,0.0,34.74820345896738
seed-12129-pa-0.65-pb-0.35,seed-12129-pa-0.65-pb-0.35:68,bandit,68,5.766034256080317,6.051967132270854,1.75,1.75,0.0,0.0,3.0,32.719769044404515,0.0,36.01079328601901
seed-12129-pa-0.65-pb-0.35,seed-12129-pa-0.65-pb-0.35:69,bandit,69,5.889163456931506,6.110837537558453,1.7692307692307692,1.7692307692307692,0.0,0.0,3.0,32.85301136141506,0.0,37.21025362171806
seed-12129-pa-0.65-pb-0.35,seed-12129-pa-0.65-pb-0.35:70,bandit,70,5.764163456931506,6.16767087287581,1.787878787878788,1.787878787878788,0.0,0.0,3.0,32.99823958122309,0.0,38.34974094063215
seed-12129-pa-0.65-pb-0.35,seed-12129-pa-0.65-pb-0.35:71,bandit,71,5.3199361996449746,6.0005090955398295,1.7313432835820897,1.7313432835820897,0.0,0.0,-2.0,33.07967088574402,0.0,34.432253893600546
seed-12129-pa-0.65-pb-0.35,seed-12129-pa-0.65-pb-0.35:72,bandit,72,4.451413277982752,5.839038133309494,1.676470588235294,1.676470588235294,0.0,0.0,-2.0,33.10215792969211,0.0,30.71064119892052
seed-12129-pa-0.65-pb-0.35,seed-12129-pa-0.65-pb-0.35:73,bandit,73,6.020541900901097,5.904978450971544,1.6956521739130437,1.6956521739130437,0.0,0.0,3.0,33.14270220712055,0.0,32.17510913897449
seed-12129-pa-0.65-pb-0.35,seed-12129-pa-0.65-pb-0.35:74,bandit,74,5.770541900901097,5.968527499278875,1.7142857142857144,1.7142857142857144,0.0,0.0,3.0,33.199852811050235,0.0,33.56635368202576
seed-12129-pa-0.65-pb-0.35,seed-12129-pa-0.65-pb-0.35:75,bandit,75,5.766034256080317,6.029779327712507,1.732394366197183,1.732394366197183,0.0,0.0,3.0,33.2722545366949,0.0,34.888035997924476
seed-12129-pa-0.65-pb-0.35,seed-12129-pa-0.65-pb-0.35:76,bandit,76,5.475206558916746,5.867043417586869,1.6805555555555554,1.6805555555555554,0.0,0.0,-2.0,33.28919736541571,0.0,31.143634198028252
seed-12129-pa-0.65-pb-0.35,seed-12129-pa-0.65-pb-0.35:77,bandit,77,6.018149927917811,5.931728225046436,1.6986301369863015,1.6986301369863015,0.0,0.0,3.0,33.32336763413122,0.0,32.58645248812684
seed-12129-pa-0.65-pb-0.35,seed-12129-pa-0.65-pb-0.35:78,bandit,78,5.17974463538566,5.772343926455386,1.648648648648649,1.648648648648649,0.0,0.0,-2.0,33.30584790107331,0.0,28.957129863720496
seed-12129-pa-0.65-pb-0.35,seed-12129-pa-0.65-pb-0.35:79,bandit,79,4.576413277982752,5.618564109965731,1.6,1.6,0.0,0.0,-2.0,33.24055550601964,0.0,25.50927337053447
seed-12129-pa-0.65-pb-0.35,seed-12129-pa-0.65-pb-0.35:80,bandit,80,5.891034256080317,5.69177404778917,1.6184210526315788,1.6184210526315788,0.0,0.0,3.0,33.19694878335024,0.0,27.233809702007743
seed-12129-pa-0.65-pb-0.35,seed-12129-pa-0.65-pb-0.35:81,bandit,81,5.641034256080317,5.762195648955107,1.6363636363636362,1.6363636363636362,0.0,0.0,3.0,33.173464980546356,0.0,28.872119216907354
seed-12129-pa-0.65-pb-0.35,seed-12129-pa-0.65-pb-0.35:82,bandit,82,5.512509570276173,5.829945967213503,1.6538461538461535,1.6538461538461535,0.0,0.0,3.0,33.16863788536519,0.0,30.428513256061986
seed-12129-pa-0.65-pb-0.35,seed-12129-pa-0.65-pb-0.35:83,bandit,83,5.512509570276173,5.895137052857818,1.6708860759493671,1.6708860759493671,0.0,0.0,3.0,33.1810920670463,0.0,31.907087593258886
seed-12129-pa-0.65-pb-0.35,seed-12129-pa-0.65-pb-0.35:84,bandit,84,5.511047744848593,5.957876160436284,1.6875,1.6875,0.0,0.0,3.0,33.209537463693984,0.0,33.31173321359594
seed-12129-pa-0.65-pb-0.35,seed-12129-pa-0.65-pb-0.35:85,bandit,85,5.29858735157374,5.7968600847152265,1.6419753086419755,1.6419753086419755,0.0,0.0,-2.0,33.19103589915126,0.0,29.646146552916143
seed-12129-pa-0.65-pb-0.35,seed-12129-pa-0.65-pb-0.35:86,bandit,86,6.016034256080317,5.8631051755431365,1.6585365853658538,1.6585365853658538,0.0,0.0,3.0,33.190020689559546,0.0,31.163839225270333
seed-12129-pa-0.65-pb-0.35,seed-12129-pa-0.65-pb-0.35:87,bandit,87,5.886047744848593,5.926823630941106,1.6746987951807228,1.6746987951807228,0.0,0.0,3.0,33.20521845026229,0.0,32.60564726400682
seed-12129-pa-0.65-pb-0.35,seed-12129-pa-0.65-pb-0.35:88,bandit,88,5.3199361996449746,5.766824374849312,1.630952380952381,1.630952380952381,0.0,0.0,-2.0,33.17590990870155,0.0,28.975364900806476
seed-12129-pa-0.65-pb-0.35,seed-12129-pa-0.65-pb-0.35:89,bandit,89,6.014163456931506,5.834013335566235,1.6470588235294117,1.6470588235294117,0.0,0.0,3.0,33.16417323679588,0.0,30.526596655766152
seed-12129-pa-0.65-pb-0.35,seed-12129-pa-0.65-pb-0.35:90,bandit,90,5.887509570276173,5.898607549431671,1.6627906976744184,1.6627906976744184,0.0,0.0,3.0,33.168755272630506,0.0,32.00026682297784
seed-12129-pa-0.65-pb-0.35,seed-12129-pa-0.65-pb-0.35:91,bandit,91,5.884755911000223,5.960719174450624,1.6781609195402298,1.6781609195402298,0.0,0.0,3.0,33.18847842853921,0.0,33.40025348182895
seed-12129-pa-0.65-pb-0.35,seed-12129-pa-0.65-pb-0.35:92,bandit,92,5.42358735157374,5.799288173634779,1.6363636363636362,1.6363636363636362,0.0,0.0,-2.0,33.16541814347588,0.0,29.7302408077375
seed-12129-pa-0.65-pb-0.35,seed-12129-pa-0.65-pb-0.35:93,bandit,93,4.600206558916746,5.643942680080432,1.595505617977528,1.595505617977528,0.0,0.0,-2.0,33.10265285427961,0.0,26.24372876735062
seed-12129-pa-0.65-pb-0.35,seed-12129-pa-0.65-pb-0.35:94,bandit,94,4.487822278771571,5.494422552708492,1.5555555555555554,1.5555555555555554,0.0,0.0,-2.0,33.00307576712118,0.0,22.931542328983088
seed-12129-pa-0.65-pb-0.35,seed-12129-pa-0.65-pb-0.35:95,bandit,95,4.251928011042974,5.350479202517427,1.5164835164835164,1.5164835164835164,0.0,0.0,-2.0,32.869405495248635,0.0,19.784965212533933
seed-12129-pa-0.65-pb-0.35,seed-12129-pa-0.65-pb-0.35:96,bandit,96,6.014163456931506,5.432922184595726,1.5326086956521738,1.5326086956521738,0.0,0.0,3.0,32.75854391613838,0.0,21.795716951907234
seed-12129-pa-0.65-pb-0.35,seed-12129-pa-0.65-pb-0.35:97,bandit,97,5.889163456931506,5.512009980356241,1.5483870967741935,1.5483870967741935,0.0,0.0,3.0,32.669003817105654,0.0,23.705931104311873
seed-12129-pa-0.65-pb-0.35,seed-12129-pa-0.65-pb-0.35:98,bandit,98,5.637509570276173,5.58789403075771,1.5638297872340423,1.5638297872340423,0.0,0.0,3.0,32.59938341348441,0.0,25.52063454909628
seed-12129-pa-0.65-pb-0.35,seed-12129-pa-0.65-pb-0.35:99,bandit,99,5.29858735157374,5.439755037693331,1.526315789473684,1.526315789473684,0.0,0.0,-2.0,32.49573003228387,0.0,22.244602821641465
seed-12143-pa-0.20-pb-0.35,seed-12143-pa-0.20-pb-0.35:0,bandit,0,4.203889734292549,2.912825855619838,0.5,0.5,0.0,0.0,0.0,0.5,0.0,0.0
seed-12143-pa-0.20-pb-0.35,seed-12143-pa-0.20-pb-0.35:1,bandit,1,3.849076984180108,2.8485527059463944,0.5,0.5,0.0,0.0,-2.0,0.975,0.0,-2.0
seed-12143-pa-0.20-pb-0.35,seed-12143-pa-0.20-pb-0.35:2,bandit,2,1.2575990353171704,2.7874932137566226,0.5,0.5,0.0,0.0,-2.0,1.42625,0.0,-3.9
seed-12143-pa-0.20-pb-0.35,seed-12143-pa-0.20-pb-0.35:3,bandit,3,0.2731232641398406,2.7294866961763398,0.5,0.5,0.0,0.0,-2.0,1.8549375,0.0,-5.705
seed-12143-pa-0.20-pb-0.35,seed-12143-pa-0.20-pb-0.35:4,bandit,4,1.2240769841801082,2.6338735069557027,-0.3333333333333332,-0.3333333333333332,0.0,0.0,-2.0,1.4288572916666666,0.0,-7.41975
seed-12143-pa-0.20-pb-0.35,seed-12143-pa-0.20-pb-0.35:5,bandit,5,0.7731232641398407,2.5227874784364133,-0.75,-0.75,0.0,0.0,-2.0,0.6074144270833333,0.0,-9.048762499999999
seed-12146-pa-0.50-pb-0.50,seed-12146-pa-0.50-pb-0.50:0,bandit,0,4.203889734292549,2.912825855619838,0.5,0.5,0.0,0.0,0.0,0.5,0.0,0.0
seed-12146-pa-0.50-pb-0.50,seed-12146-pa-0.50-pb-0.50:1,bandit,1,4.42870067827652,3.1074650491144715,1.3333333333333337,1.3333333333333337,0.0,0.0,3.0,1.8083333333333336,0.0,3.0
seed-12146-pa-0.50-pb-0.50,seed-12146-pa-0.50-pb-0.50:2,bandit,2,3.6368710061149017,3.033459939766296,0.5,0.5,0.0,0.0,-2.0,2.2179166666666665,0.0,0.8499999999999996
seed-12146-pa-0.50-pb-0.50,seed-12146-pa-0.50-pb-0.50:3,bandit,3,4.71393946547494,3.20586463004586,1.0,1.0,0.0,0.0,3.0,3.107020833333333,0.0,3.8074999999999997
seed-12146-pa-0.50-pb-0.50,seed-12146-pa-0.50-pb-0.50:4,bandit,4,1.9754126516016477,3.1269395416511148,0.5,0.5,0.0,0.0,-2.0,3.4516697916666663,0.0,1.6171249999999997
seed-12146-pa-0.50-pb-0.50,seed-12146-pa-0.50-pb-0.50:5,bandit,5,1.7618710061149017,3.0519607076761073,0.5,0.5,0.0,0.0,-2.0,3.779086302083333,0.0,-0.4637312500000004
seed-12146-pa-0.50-pb-0.50,seed-12146-pa-0.50-pb-0.50:6,bandit,6,3.531150136248314,3.199136161048559,0.5,0.5,0.0,0.0,3.0,4.090131986979166,0.0,2.5594553125
seed-12146-pa-0.50-pb-0.50,seed-12146-pa-0.50-pb-0.50:7,bandit,7,2.3825990353171704,3.1205474961036797,0.5,0.5,0.0,0.0,-2.0,4.385625387630208,0.0,0.4314825468749999
seed-12146-pa-0.50-pb-0.50,seed-12146-pa-0.50-pb-0.50:8,bandit,8,2.3981232641398407,3.0285281226120286,0.1428571428571428,0.1428571428571428,0.0,0.0,-2.0,4.309201261105841,0.0,-1.59009158046875
seed-12146-pa-0.50-pb-0.50,seed-12146-pa-0.50-pb-0.50:9,bandit,9,2.1481232641398407,2.9411097177949603,0.1428571428571428,0.1428571428571428,0.0,0.0,-2.0,4.236598340907692,0.0,-3.5105870014453124
seed-12146-pa-0.50-pb-0.50,seed-12146-pa-0.50-pb-0.50:10,bandit,10,4.100412651601648,3.0938277206614697,0.5,0.5,0.0,0.0,3.0,4.524768423862307,0.0,-0.33505765137304655
seed-12146-pa-0.50-pb-0.50,seed-12146-pa-0.50-pb-0.50:11,bandit,11,3.5681471805599436,3.0070021452294884,0.2222222222222223,0.2222222222222223,0.0,0.0,-2.0,4.520752224891414,0.0,-2.3183047688043943
seed-12146-pa-0.50-pb-0.50,seed-12146-pa-0.50-pb-0.50:12,bandit,12,4.862822278771571,3.1429231942178153,0.2222222222222223,0.2222222222222223,0.0,0.0,3.0,4.516936835869065,0.0,0.7976104696358255
seed-12146-pa-0.50-pb-0.50,seed-12146-pa-0.50-pb-0.50:13,bandit,13,4.50759903531717,3.0497850358204577,0.1428571428571428,0.1428571428571428,0.0,0.0,-2.0,4.433947136932755,0.0,-1.242270053845966
seed-12146-pa-0.50-pb-0.50,seed-12146-pa-0.50-pb-0.50:14,bandit,14,5.33893946547494,3.197069272785692,0.5,0.5,0.0,0.0,3.0,4.7122497800861165,0.0,1.8198434488463324
seed-12146-pa-0.50-pb-0.50,seed-12146-pa-0.50-pb-0.50:15,bandit,15,4.568147180559944,3.118583952253956,0.5,0.5,0.0,0.0,-2.0,4.97663729108181,0.0,-0.2711487235959842
seed-12146-pa-0.50-pb-0.50,seed-12146-pa-0.50-pb-0.50:16,bandit,16,3.3181471805599436,3.044022897748806,0.5,0.5,0.0,0.0,-2.0,5.22780542652772,0.0,-2.2575912874161848
seed-12146-pa-0.50-pb-0.50,seed-12146-pa-0.50-pb-0.50:17,bandit,17,3.700939419878843,2.9596875634624578,0.2222222222222223,0.2222222222222223,0.0,0.0,-2.0,5.188637377423556,0.0,-4.144711723045376
seed-12146-pa-0.50-pb-0.50,seed-12146-pa-0.50-pb-0.50:18,bandit,18,4.910224150438086,3.0979743415391363,0.2222222222222223,0.2222222222222223,0.0,0.0,3.0,5.151427730774601,0.0,-0.9374761368931068
seed-12146-pa-0.50-pb-0.50,seed-12146-pa-0.50-pb-0.50:19,bandit,19,4.267675057605601,3.2293467807119804,0.2222222222222223,0.2222222222222223,0.0,0.0,3.0,5.116078566458093,0.0,2.1093976699515484
seed-12146-pa-0.50-pb-0.50,seed-12146-pa-0.50-pb-0.50:20,bandit,20,4.561967589003199,3.359551530928765,0.3333333333333335,0.3333333333333335,0.0,0.0,3.0,5.193607971468522,0.0,5.003927786453971
seed-12146-pa-0.50-pb-0.50,seed-12146-pa-0.50-pb-0.50:21,bandit,21,5.148123264139841,3.2594397649834193,0.2222222222222223,0.2222222222222223,0.0,0.0,-2.0,5.156149795117318,0.0,2.753731397131273
seed-12146-pa-0.50-pb-0.50,seed-12146-pa-0.50-pb-0.50:22,bandit,22,4.648123264139841,3.162645795772033,0.1875,0.1875,0.0,0.0,-2.0,5.085842305361452,0.0,0.6160448272747092
seed-12146-pa-0.50-pb-0.50,seed-12146-pa-0.50-pb-0.50:23,bandit,23,4.50759903531717,3.064436768051314,0.0588235294117645,0.0588235294117645,0.0,0.0,-2.0,4.890373719505144,0.0,-1.4147574140890262
seed-12146-pa-0.50-pb-0.50,seed-12146-pa-0.50-pb-0.50:24,bandit,24,5.46393946547494,3.1974860858985497,0.2222222222222223,0.2222222222222223,0.0,0.0,3.0,4.868077255752109,0.0,1.6559804566154253
seed-12146-pa-0.50-pb-0.50,seed-12146-pa-0.50-pb-0.50:25,bandit,25,4.96393946547494,3.330989428646295,0.3684210526315787,0.3684210526315787,0.0,0.0,3.0,4.993094445596082,0.0,4.573181433784654
seed-12146-pa-0.50-pb-0.50,seed-12146-pa-0.50-pb-0.50:26,bandit,26,5.474076984180108,3.233656001065718,0.25,0.25,0.0,0.0,-2.0,4.9934397233162775,0.0,2.3445223620954216
seed-12146-pa-0.50-pb-0.50,seed-12146-pa-0.50-pb-0.50:27,bandit,27,4.325939419878843,3.135981202325965,0.1428571428571428,0.1428571428571428,0.0,0.0,-2.0,4.886624880007606,0.0,0.2272962439906503
seed-12146-pa-0.50-pb-0.50,seed-12146-pa-0.50-pb-0.50:28,bandit,28,5.792999079229087,3.2679082680060962,0.2727272727272729,0.2727272727272729,0.0,0.0,3.0,4.915020908734498,0.0,3.215931431791118
seed-12146-pa-0.50-pb-0.50,seed-12146-pa-0.50-pb-0.50:29,bandit,29,5.523123264139841,3.174833634753512,0.2727272727272729,0.2727272727272729,0.0,0.0,-2.0,4.941997136025045,0.0,1.0551348602015618
seed-12146-pa-0.50-pb-0.50,seed-12146-pa-0.50-pb-0.50:30,bandit,30,6.0380413716877825,3.3158654417720936,0.5,0.5,0.0,0.0,3.0,5.194897279223793,0.0,4.002378117191483
seed-12146-pa-0.50-pb-0.50,seed-12146-pa-0.50-pb-0.50:31,bandit,31,5.724076984180108,3.231440312791037,0.5,0.5,0.0,0.0,-2.0,5.4351524152626025,0.0,1.8022592113319091
seed-12146-pa-0.50-pb-0.50,seed-12146-pa-0.50-pb-0.50:32,bandit,32,6.292999079229087,3.3696417859077425,0.5,0.5,0.0,0.0,3.0,5.663394794499472,0.0,4.712146250765313
seed-12146-pa-0.50-pb-0.50,seed-12146-pa-0.50-pb-0.50:33,bandit,33,5.773123264139841,3.2825278397199034,0.5,0.5,0.0,0.0,-2.0,5.880225054774498,0.0,2.476538938227047
seed-12146-pa-0.50-pb-0.50,seed-12146-pa-0.50-pb-0.50:34,bandit,34,6.292999079229087,3.4275227051484816,0.6923076923076925,0.6923076923076925,0.0,0.0,3.0,6.278521494343465,0.0,5.352711991315694
seed-12146-pa-0.50-pb-0.50,seed-12146-pa-0.50-pb-0.50:35,bandit,35,6.151300195186874,3.5652678273056306,0.6923076923076925,0.6923076923076925,0.0,0.0,3.0,6.6569031119339845,0.0,8.085076391749908
seed-12146-pa-0.50-pb-0.50,seed-12146-pa-0.50-pb-0.50:36,bandit,36,5.895541900901097,3.6961256933549222,0.6923076923076925,0.6923076923076925,0.0,0.0,3.0,7.016365648644977,0.0,10.680822572162413
seed-12146-pa-0.50-pb-0.50,seed-12146-pa-0.50-pb-0.50:37,bandit,37,5.895541900901097,3.820440666101749,0.6923076923076925,0.6923076923076925,0.0,0.0,3.0,7.35785505852042,0.0,13.146781443554291
seed-12146-pa-0.50-pb-0.50,seed-12146-pa-0.50-pb-0.50:38,bandit,38,6.281150136248314,3.7201345445625256,0.6923076923076925,0.6923076923076925,0.0,0.0,-2.0,7.682269997902091,0.0,10.489442371376576
seed-12146-pa-0.50-pb-0.50,seed-12146-pa-0.50-pb-0.50:39,bandit,39,5.261871006114902,3.6154959604419474,0.5,0.5,0.0,0.0,-2.0,7.798156498006986,0.0,7.964970252807747
seed-12146-pa-0.50-pb-0.50,seed-12146-pa-0.50-pb-0.50:40,bandit,40,6.90864569998304,3.7344946511761075,0.5,0.5,0.0,0.0,3.0,7.908248673106637,0.0,10.56672174016736
seed-12146-pa-0.50-pb-0.50,seed-12146-pa-0.50-pb-0.50:41,bandit,41,6.28364569998304,3.8475434073735593,0.5,0.5,0.0,0.0,3.0,8.012836239451303,0.0,13.038385653158992
seed-12146-pa-0.50-pb-0.50,seed-12146-pa-0.50-pb-0.50:42,bandit,42,6.656150136248314,3.7365343801124293,0.5,0.5,0.0,0.0,-2.0,8.112194427478737,0.0,10.386466370501042
seed-12146-pa-0.50-pb-0.50,seed-12146-pa-0.50-pb-0.50:43,bandit,43,6.77975041827262,3.849481149863065,0.5,0.5,0.0,0.0,3.0,8.206584706104799,0.0,12.867143051975988
seed-12146-pa-0.50-pb-0.50,seed-12146-pa-0.50-pb-0.50:44,bandit,44,6.520541900901097,3.956780581126169,0.5,0.5,0.0,0.0,3.0,8.296255470799558,0.0,15.223785899377189
seed-12146-pa-0.50-pb-0.50,seed-12146-pa-0.50-pb-0.50:45,bandit,45,6.514163456931506,4.062187069184921,0.5714285714285716,0.5714285714285716,0.0,0.0,3.0,8.45287126868815,0.0,17.46259660440833
seed-12146-pa-0.50-pb-0.50,seed-12146-pa-0.50-pb-0.50:46,bandit,46,6.391034256080317,4.16560237073516,0.6388888888888888,0.6388888888888888,0.0,0.0,3.0,8.669116594142633,0.0,19.589466774187912
seed-12146-pa-0.50-pb-0.50,seed-12146-pa-0.50-pb-0.50:47,bandit,47,5.951413277982752,4.0419747464561695,0.5675675675675675,0.5675675675675675,0.0,0.0,-2.0,8.80322833200307,0.0,16.609993435478515
seed-12146-pa-0.50-pb-0.50,seed-12146-pa-0.50-pb-0.50:48,bandit,48,6.523245464372426,4.146045339603202,0.6315789473684212,0.6315789473684212,0.0,0.0,3.0,8.994645862771337,0.0,18.779493763704586
seed-12146-pa-0.50-pb-0.50,seed-12146-pa-0.50-pb-0.50:49,bandit,49,6.0984445810050545,4.023227138616696,0.5641025641025643,0.5641025641025643,0.0,0.0,-2.0,9.109016133735334,0.0,15.840519075519357
seed-12146-pa-0.50-pb-0.50,seed-12146-pa-0.50-pb-0.50:50,bandit,50,5.188261687518224,3.9065498476795146,0.5641025641025643,0.5641025641025643,0.0,0.0,-2.0,9.21766789115113,0.0,13.048493121743387
seed-12146-pa-0.50-pb-0.50,seed-12146-pa-0.50-pb-0.50:51,bandit,51,5.5984445810050545,3.792590498403087,0.5,0.5,0.0,0.0,-2.0,9.256784496593573,0.0,10.396068465656217
seed-12146-pa-0.50-pb-0.50,seed-12146-pa-0.50-pb-0.50:52,bandit,52,6.776300195186874,3.9056983888869485,0.5609756097560976,0.5609756097560976,0.0,0.0,3.0,9.354920881519991,0.0,12.876265042373406
seed-12146-pa-0.50-pb-0.50,seed-12146-pa-0.50-pb-0.50:53,bandit,53,6.261871006114902,3.791781612550149,0.5,0.5,0.0,0.0,-2.0,9.387174837443991,0.0,10.232451790254736
seed-12146-pa-0.50-pb-0.50,seed-12146-pa-0.50-pb-0.50:54,bandit,54,5.5984445810050545,3.6807346054358154,0.4418604651162789,0.4418604651162789,0.0,0.0,-2.0,9.359676560688069,0.0,7.720829200741999
seed-12146-pa-0.50-pb-0.50,seed-12146-pa-0.50-pb-0.50:55,bandit,55,6.53364569998304,3.796471363920282,0.5,0.5,0.0,0.0,3.0,9.391692732653665,0.0,10.334787740704899
seed-12146-pa-0.50-pb-0.50,seed-12146-pa-0.50-pb-0.50:56,bandit,56,6.148245464372426,3.909121750981816,0.5555555555555554,0.5555555555555554,0.0,0.0,3.0,9.477663651576536,0.0,12.818048353669653
seed-12146-pa-0.50-pb-0.50,seed-12146-pa-0.50-pb-0.50:57,bandit,57,6.376928011042974,3.7950338065402733,0.5,0.5,0.0,0.0,-2.0,9.503780468997709,0.0,10.17714593598617
seed-12146-pa-0.50-pb-0.50,seed-12146-pa-0.50-pb-0.50:58,bandit,58,6.768149927917811,3.907641158002668,0.5531914893617023,0.5531914893617023,0.0,0.0,3.0,9.581782934909526,0.0,12.66828863918686
seed-12146-pa-0.50-pb-0.50,seed-12146-pa-0.50-pb-0.50:59,bandit,59,6.475412651601648,3.793627243210083,0.5,0.5,0.0,0.0,-2.0,9.60269378816405,0.0,10.034874207227517
seed-12146-pa-0.50-pb-0.50,seed-12146-pa-0.50-pb-0.50:60,bandit,60,6.768149927917811,3.906199390062124,0.5510204081632653,0.5510204081632653,0.0,0.0,3.0,9.673579506919111,0.0,12.533130496866141
seed-12146-pa-0.50-pb-0.50,seed-12146-pa-0.50-pb-0.50:61,bandit,61,7.008614483762177,4.015523749017599,0.6000000000000001,0.6000000000000001,0.0,0.0,3.0,9.789900531573155,0.0,14.906473972022834
seed-12146-pa-0.50-pb-0.50,seed-12146-pa-0.50-pb-0.50:62,bandit,62,6.79858735157374,4.1193818900253,0.6000000000000001,0.6000000000000001,0.0,0.0,3.0,9.900405504994497,0.0,17.16115027342169
seed-12146-pa-0.50-pb-0.50,seed-12146-pa-0.50-pb-0.50:63,bandit,63,6.516034256080317,4.220334577960181,0.6470588235294117,0.6470588235294117,0.0,0.0,3.0,10.052444053274183,0.0,19.303092759750605
seed-12146-pa-0.50-pb-0.50,seed-12146-pa-0.50-pb-0.50:64,bandit,64,6.6949361996449746,4.095359876498878,0.5961538461538463,0.5961538461538463,0.0,0.0,-2.0,10.145975696764319,0.0,16.337938121763074
seed-12146-pa-0.50-pb-0.50,seed-12146-pa-0.50-pb-0.50:65,bandit,65,6.160224150438086,3.9742528746976733,0.5471698113207548,0.5471698113207548,0.0,0.0,-2.0,10.185846723246858,0.0,13.52104121567492
seed-12146-pa-0.50-pb-0.50,seed-12146-pa-0.50-pb-0.50:66,bandit,66,5.892675057605601,3.8569083740703376,0.5,0.5,0.0,0.0,-2.0,10.176554387084515,0.0,10.844989154891174
seed-12146-pa-0.50-pb-0.50,seed-12146-pa-0.50-pb-0.50:67,bandit,67,5.517675057605601,3.745431098474369,0.5,0.5,0.0,0.0,-2.0,10.167726667730289,0.0,8.302739697146615
seed-12146-pa-0.50-pb-0.50,seed-12146-pa-0.50-pb-0.50:68,bandit,68,5.362822278771571,3.639527686658199,0.5,0.5,0.0,0.0,-2.0,10.159340334343774,0.0,5.887602712289284
seed-12146-pa-0.50-pb-0.50,seed-12146-pa-0.50-pb-0.50:69,bandit,69,6.78364569998304,3.757324791081546,0.5,0.5,0.0,0.0,3.0,10.151373317626586,0.0,8.593222576674819
seed-12146-pa-0.50-pb-0.50,seed-12146-pa-0.50-pb-0.50:70,bandit,70,6.251928011042974,3.650826694635017,0.5,0.5,0.0,0.0,-2.0,10.143804651745256,0.0,6.163561447841078
seed-12146-pa-0.50-pb-0.50,seed-12146-pa-0.50-pb-0.50:71,bandit,71,5.626928011042974,3.5496535030108145,0.5,0.5,0.0,0.0,-2.0,10.136614419157993,0.0,3.8553833754490237
seed-12146-pa-0.50-pb-0.50,seed-12146-pa-0.50-pb-0.50:72,bandit,72,6.773245464372426,3.671944316616531,0.5,0.5,0.0,0.0,3.0,10.129783698200093,0.0,6.662614206676572
seed-12146-pa-0.50-pb-0.50,seed-12146-pa-0.50-pb-0.50:73,bandit,73,6.40475041827262,3.7881205895419616,0.5,0.5,0.0,0.0,3.0,10.123294513290087,0.0,9.329483496342743
seed-12146-pa-0.50-pb-0.50,seed-12146-pa-0.50-pb-0.50:74,bandit,74,6.311967589003199,3.6800827031724115,0.5,0.5,0.0,0.0,-2.0,10.117129787625583,0.0,6.863009321525604
seed-12146-pa-0.50-pb-0.50,seed-12146-pa-0.50-pb-0.50:75,bandit,75,6.895541900901097,3.795852056770048,0.5,0.5,0.0,0.0,3.0,10.111273298244303,0.0,9.519858855449325
seed-12146-pa-0.50-pb-0.50,seed-12146-pa-0.50-pb-0.50:76,bandit,76,6.33893946547494,3.687427597039094,0.5,0.5,0.0,0.0,-2.0,10.105709633332086,0.0,7.043865912676859
seed-12146-pa-0.50-pb-0.50,seed-12146-pa-0.50-pb-0.50:77,bandit,77,6.770541900901097,3.8028297059433966,0.5,0.5,0.0,0.0,3.0,10.100424151665482,0.0,9.691672617043015
seed-12146-pa-0.50-pb-0.50,seed-12146-pa-0.50-pb-0.50:78,bandit,78,6.203889734292549,3.694056363753775,0.5,0.5,0.0,0.0,-2.0,10.095402944082208,0.0,7.207088986190863
seed-12146-pa-0.50-pb-0.50,seed-12146-pa-0.50-pb-0.50:79,bandit,79,5.46393946547494,3.5907216886736344,0.5,0.5,0.0,0.0,-2.0,10.090632796878097,0.0,4.8467345368813195
seed-12146-pa-0.50-pb-0.50,seed-12146-pa-0.50-pb-0.50:80,bandit,80,5.186967589003199,3.492553747347501,0.5,0.5,0.0,0.0,-2.0,10.086101157034191,0.0,2.604397810037253
seed-12146-pa-0.50-pb-0.50,seed-12146-pa-0.50-pb-0.50:81,bandit,81,6.035224150438086,3.3921459094077853,0.3529411764705883,0.3529411764705883,0.0,0.0,-2.0,9.93473727565307,0.0,0.4741779195353901
seed-12146-pa-0.50-pb-0.50,seed-12146-pa-0.50-pb-0.50:82,bandit,82,5.9449361996449746,3.2967584633650557,0.3529411764705883,0.3529411764705883,0.0,0.0,-2.0,9.790941588341004,0.0,-1.5495309764413794
seed-12146-pa-0.50-pb-0.50,seed-12146-pa-0.50-pb-0.50:83,bandit,83,6.776300195186874,3.424749972235454,0.3571428571428572,0.3571428571428572,0.0,0.0,3.0,9.658537366066811,0.0,1.5279455723806896
seed-12146-pa-0.50-pb-0.50,seed-12146-pa-0.50-pb-0.50:84,bandit,84,6.4449361996449746,3.3277323230513414,0.3529411764705883,0.3529411764705883,0.0,0.0,-2.0,9.528551674234059,0.0,-0.5484517062383449
seed-12146-pa-0.50-pb-0.50,seed-12146-pa-0.50-pb-0.50:85,bandit,85,6.645541900901097,3.4543680294018033,0.3611111111111111,0.3611111111111111,0.0,0.0,3.0,9.413235201633466,0.0,2.4789708790735725
seed-12146-pa-0.50-pb-0.50,seed-12146-pa-0.50-pb-0.50:86,bandit,86,6.1949361996449746,3.3558694773593727,0.3529411764705883,0.3529411764705883,0.0,0.0,-2.0,9.29551461802238,0.0,0.35502233511989356
seed-12146-pa-0.50-pb-0.50,seed-12146-pa-0.50-pb-0.50:87,bandit,87,5.953889734292549,3.262295852919064,0.3529411764705883,0.3529411764705883,0.0,0.0,-2.0,9.18368006359185,0.0,-1.6627287816361012
seed-12146-pa-0.50-pb-0.50,seed-12146-pa-0.50-pb-0.50:88,bandit,88,5.58893946547494,3.1734009097007707,0.3529411764705883,0.3529411764705883,0.0,0.0,-2.0,9.077437236882847,0.0,-3.579592342554296
seed-12146-pa-0.50-pb-0.50,seed-12146-pa-0.50-pb-0.50:89,bandit,89,5.561967589003199,3.0889507136433916,0.3529411764705883,0.3529411764705883,0.0,0.0,-2.0,8.976506551509294,0.0,-5.400612725426581
seed-12146-pa-0.50-pb-0.50,seed-12146-pa-0.50-pb-0.50:90,bandit,90,5.203889734292549,3.0087230273888816,0.3529411764705883,0.3529411764705883,0.0,0.0,-2.0,8.880622400404418,0.0,-7.130582089155252
seed-12146-pa-0.50-pb-0.50,seed-12146-pa-0.50-pb-0.50:91,bandit,91,5.078889734292549,2.932506725447097,0.3529411764705883,0.3529411764705883,0.0,0.0,-2.0,8.789532456854785,0.0,-8.774052984697489
seed-12146-pa-0.50-pb-0.50,seed-12146-pa-0.50-pb-0.50:92,bandit,92,5.186967589003199,2.860101238602402,0.3529411764705883,0.3529411764705883,0.0,0.0,-2.0,8.702997010482633,0.0,-10.335350335462614
seed-12146-pa-0.50-pb-0.50,seed-12146-pa-0.50-pb-0.50:93,bandit,93,5.96393946547494,2.784961987273374,0.2222222222222223,0.2222222222222223,0.0,0.0,-2.0,8.490069382180723,0.0,-11.818582818689483
seed-12146-pa-0.50-pb-0.50,seed-12146-pa-0.50-pb-0.50:94,bandit,94,5.804882179158078,2.7135796985107974,0.2222222222222223,0.2222222222222223,0.0,0.0,-2.0,8.287788135293908,0.0,-13.22765367775501
seed-12146-pa-0.50-pb-0.50,seed-12146-pa-0.50-pb-0.50:95,bandit,95,5.561967589003199,2.6457665241863495,0.2222222222222223,0.2222222222222223,0.0,0.0,-2.0,8.095620950751435,0.0,-14.566270993867258
seed-12146-pa-0.50-pb-0.50,seed-12146-pa-0.50-pb-0.50:96,bandit,96,5.725206558916746,2.575658815943827,0.1052631578947367,0.1052631578947367,0.0,0.0,-2.0,7.7961030611085995,0.0,-15.837957444173895
seed-12146-pa-0.50-pb-0.50,seed-12146-pa-0.50-pb-0.50:97,bandit,97,5.811967589003199,2.5090564931134303,0.1052631578947367,0.1052631578947367,0.0,0.0,-2.0,7.511561065947905,0.0,-17.046059571965202
seed-12146-pa-0.50-pb-0.50,seed-12146-pa-0.50-pb-0.50:98,bandit,98,5.6949361996449746,2.445784286424553,0.1052631578947367,0.1052631578947367,0.0,0.0,-2.0,7.241246170545246,0.0,-18.193756593366942
seed-12146-pa-0.50-pb-0.50,seed-12146-pa-0.50-pb-0.50:99,bandit,99,6.276300195186874,2.6040810357188295,0.1052631578947367,0.1052631578947367,0.0,0.0,3.0,6.98444701991272,0.0,-14.284068763698595
seed-12148-pa-0.65-pb-0.65,seed-12148-pa-0.65-pb-0.65:0,bandit,0,4.203889734292549,2.912825855619838,0.5,0.5,0.0,0.0,0.0,0.5,0.0,0.0
seed-12148-pa-0.65-pb-0.65,seed-12148-pa-0.65-pb-0.65:1,bandit,1,3.849076984180108,2.8485527059463944,0.5,0.5,0.0,0.0,-2.0,0.975,0.0,-2.0
seed-12148-pa-0.65-pb-0.65,seed-12148-pa-0.65-pb-0.65:2,bandit,2,1.2575990353171704,2.7874932137566226,0.5,0.5,0.0,0.0,-2.0,1.42625,0.0,-3.9
seed-12150-pa-0.50-pb-0.35,seed-12150-pa-0.50-pb-0.35:0,bandit,0,4.203889734292549,2.912825855619838,0.5,0.5,0.0,0.0,0.0,0.5,0.0,0.0
seed-12150-pa-0.50-pb-0.35,seed-12150-pa-0.50-pb-0.35:1,bandit,1,4.42870067827652,3.1074650491144715,1.3333333333333337,1.3333333333333337,0.0,0.0,3.0,1.8083333333333336,0.0,3.0
seed-12150-pa-0.50-pb-0.35,seed-12150-pa-0.50-pb-0.35:2,bandit,2,2.501928011042974,3.0739669372856646,1.3333333333333337,1.3333333333333337,0.0,0.0,-2.0,3.0512500000000005,0.0,0.8499999999999996
seed-12150-pa-0.50-pb-0.35,seed-12150-pa-0.50-pb-0.35:3,bandit,3,1.2254126516016477,3.0016367335289296,0.5,0.5,0.0,0.0,-2.0,3.3986875000000003,0.0,-1.1925000000000003
seed-12153-pa-0.35-pb-0.65,seed-12153-pa-0.35-pb-0.65:0,bandit,0,4.203889734292549,2.912825855619838,0.5,0.5,0.0,0.0,0.0,0.5,0.0,0.0
seed-12153-pa-0.35-pb-0.65,seed-12153-pa-0.35-pb-0.65:1,bandit,1,3.849076984180108,2.8485527059463944,0.5,0.5,0.0,0.0,-2.0,0.975,0.0,-2.0
seed-12153-pa-0.35-pb-0.65,seed-12153-pa-0.35-pb-0.65:2,bandit,2,1.2575990353171704,2.7874932137566226,0.5,0.5,0.0,0.0,-2.0,1.42625,0.0,-3.9
seed-12163-pa-0.35-pb-0.35,seed-12163-pa-0.35-pb-0.35:0,bandit,0,4.203889734292549,2.912825855619838,0.5,0.5,0.0,0.0,0.0,0.5,0.0,0.0
seed-12163-pa-0.35-pb-0.35,seed-12163-pa-0.35-pb-0.35:1,bandit,1,4.42870067827652,3.1074650491144715,1.3333333333333337,1.3333333333333337,0.0,0.0,3.0,1.8083333333333336,0.0,3.0
seed-12163-pa-0.35-pb-0.35,seed-12163-pa-0.35-pb-0.35:2,bandit,2,2.501928011042974,3.0739669372856646,1.3333333333333337,1.3333333333333337,0.0,0.0,-2.0,3.0512500000000005,0.0,0.8499999999999996
seed-12163-pa-0.35-pb-0.35,seed-12163-pa-0.35-pb-0.35:3,bandit,3,2.6368710061149017,3.280802575456691,1.75,1.75,0.0,0.0,3.0,4.6486875,0.0,3.8074999999999997
seed-12163-pa-0.35-pb-0.35,seed-12163-pa-0.35-pb-0.35:4,bandit,4,2.2575990353171704,3.4894485309749768,2.0,2.0,0.0,0.0,3.0,6.416253125,0.0,6.617125
seed-12163-pa-0.35-pb-0.35,seed-12163-pa-0.35-pb-0.35:5,bandit,5,2.031150136248314,3.469256843068639,2.0,2.0,0.0,0.0,-2.0,8.095440468749999,0.0,4.28626875
seed-12163-pa-0.35-pb-0.35,seed-12163-pa-0.35-pb-0.35:6,bandit,6,2.0019290813453736,3.417669141542124,1.3333333333333337,1.3333333333333337,0.0,0.0,-2.0,9.024001778645832,0.0,2.071955312499999
seed-12163-pa-0.35-pb-0.35,seed-12163-pa-0.35-pb-0.35:7,bandit,7,1.3484445810050545,3.368660825091934,1.3333333333333337,1.3333333333333337,0.0,0.0,-2.0,9.906135023046874,0.0,-0.0316424531250008
seed-12172-pa-0.35-pb-0.20,seed-12172-pa-0.35-pb-0.20:0,bandit,0,4.203889734292549,2.912825855619838,0.5,0.5,0.0,0.0,0.0,0.5,0.0,0.0
seed-12172-pa-0.35-pb-0.20,seed-12172-pa-0.35-pb-0.20:1,bandit,1,3.849076984180108,2.8485527059463944,0.5,0.5,0.0,0.0,-2.0,0.975,0.0,-2.0
seed-12172-pa-0.35-pb-0.20,seed-12172-pa-0.35-pb-0.20:2,bandit,2,1.2575990353171704,2.7874932137566226,0.5,0.5,0.0,0.0,-2.0,1.42625,0.0,-3.9
seed-12186-pa-0.65-pb-0.20,seed-12186-pa-0.65-pb-0.20:0,bandit,0,4.203889734292549,2.912825855619838,0.5,0.5,0.0,0.0,0.0,0.5,0.0,0.0
seed-12186-pa-0.65-pb-0.20,seed-12186-pa-0.65-pb-0.20:1,bandit,1,4.42870067827652,3.1074650491144715,1.3333333333333337,1.3333333333333337,0.0,0.0,3.0,1.8083333333333336,0.0,3.0
seed-12186-pa-0.65-pb-0.20,seed-12186-pa-0.65-pb-0.20:2,bandit,2,3.201413277982752,3.3126257816940576,1.75,1.75,0.0,0.0,3.0,3.4679166666666665,0.0,5.85
seed-12186-pa-0.65-pb-0.20,seed-12186-pa-0.65-pb-0.20:3,bandit,3,3.4878222787715707,3.519680576900475,2.0,2.0,0.0,0.0,3.0,5.294520833333333,0.0,8.5575
seed-12186-pa-0.65-pb-0.20,seed-12186-pa-0.65-pb-0.20:4,bandit,4,2.1602241504380864,3.7244840318504453,2.166666666666667,2.166666666666667,0.0,0.0,3.0,7.196461458333333,0.0,11.129624999999999
seed-12186-pa-0.65-pb-0.20,seed-12186-pa-0.65-pb-0.20:5,bandit,5,2.517675057605601,3.9248340279842555,2.2857142857142856,2.2857142857142856,0.0,0.0,3.0,9.122352671130951,0.0,13.573143749999998
seed-12186-pa-0.65-pb-0.20,seed-12186-pa-0.65-pb-0.20:6,bandit,6,2.6269290813453736,3.870720965971643,1.75,1.75,0.0,0.0,-2.0,10.416235037574403,0.0,10.894486562499997
seed-12186-pa-0.65-pb-0.20,seed-12186-pa-0.65-pb-0.20:7,bandit,7,4.054882179158078,4.044470068961599,1.8888888888888888,1.8888888888888888,0.0,0.0,3.0,11.78431217458457,0.0,13.349762234374998
seed-12186-pa-0.65-pb-0.20,seed-12186-pa-0.65-pb-0.20:8,bandit,8,4.04858735157374,4.2149326498046396,2.0,2.0,0.0,0.0,3.0,13.195096565855343,0.0,15.682274122656247
seed-12186-pa-0.65-pb-0.20,seed-12186-pa-0.65-pb-0.20:9,bandit,9,2.2575990353171704,4.158466755956819,2.0,2.0,0.0,0.0,-2.0,14.535341737562575,0.0,12.898160416523435
seed-12186-pa-0.65-pb-0.20,seed-12186-pa-0.65-pb-0.20:10,bandit,10,4.075939419878843,4.323229502450098,2.0,2.0,0.0,0.0,3.0,15.808574650684445,0.0,15.253252395697263
seed-12188-pa-0.35-pb-0.20,seed-12188-pa-0.35-pb-0.20:0,bandit,0,4.203889734292549,2.912825855619838,0.5,0.5,0.0,0.0,0.0,0.5,0.0,0.0
seed-12188-pa-0.35-pb-0.20,seed-12188-pa-0.35-pb-0.20:1,bandit,1,3.849076984180108,2.8485527059463944,0.5,0.5,0.0,0.0,-2.0,0.975,0.0,-2.0
seed-12188-pa-0.35-pb-0.20,seed-12188-pa-0.35-pb-0.20:2,bandit,2,2.71393946547494,3.0464055569247,1.3333333333333337,1.3333333333333337,0.0,0.0,3.0,2.2595833333333335,0.0,1.1
seed-12190-pa-0.65-pb-0.50,seed-12190-pa-0.65-pb-0.50:0,bandit,0,4.203889734292549,2.912825855619838,0.5,0.5,0.0,0.0,0.0,0.5,0.0,0.0
seed-12190-pa-0.65-pb-0.50,seed-12190-pa-0.65-pb-0.50:1,bandit,1,4.42870067827652,3.1074650491144715,1.3333333333333337,1.3333333333333337,0.0,0.0,3.0,1.8083333333333336,0.0,3.0
seed-12190-pa-0.65-pb-0.50,seed-12190-pa-0.65-pb-0.50:2,bandit,2,3.201413277982752,3.3126257816940576,1.75,1.75,0.0,0.0,3.0,3.4679166666666665,0.0,5.85
seed-12194-pa-0.50-pb-0.50,seed-12194-pa-0.50-pb-0.50:0,bandit,0,4.203889734292549,2.912825855619838,0.5,0.5,0.0,0.0,0.0,0.5,0.0,0.0
seed-12194-pa-0.50-pb-0.50,seed-12194-pa-0.50-pb-0.50:1,bandit,1,4.42870067827652,3.1074650491144715,1.3333333333333337,1.3333333333333337,0.0,0.0,3.0,1.8083333333333336,0.0,3.0
seed-12194-pa-0.50-pb-0.50,seed-12194-pa-0.50-pb-0.50:2,bandit,2,2.501928011042974,3.0739669372856646,1.3333333333333337,1.3333333333333337,0.0,0.0,-2.0,3.0512500000000005,0.0,0.8499999999999996
seed-12194-pa-0.50-pb-0.50,seed-12194-pa-0.50-pb-0.50:3,bandit,3,1.2254126516016477,3.0016367335289296,0.5,0.5,0.0,0.0,-2.0,3.3986875000000003,0.0,-1.1925000000000003
seed-12194-pa-0.50-pb-0.50,seed-12194-pa-0.50-pb-0.50:4,bandit,4,0.1004126516016477,2.9329230399600315,0.5,0.5,0.0,0.0,-2.0,3.7287531250000003,0.0,-3.1328750000000003
seed-12194-pa-0.50-pb-0.50,seed-12194-pa-0.50-pb-0.50:5,bandit,5,2.1368710061149017,3.086050376718287,0.5,0.5,0.0,0.0,3.0,4.04231546875,0.0,0.023768749999999894
seed-12194-pa-0.50-pb-0.50,seed-12194-pa-0.50-pb-0.50:6,bandit,6,1.5311501362483142,2.9888118024783,0.0,0.0,0.0,0.0,-2.0,3.8401996953124997,0.0,-1.9774196875
seed-12194-pa-0.50-pb-0.50,seed-12194-pa-0.50-pb-0.50:7,bandit,7,2.1325990353171704,3.1391447011106424,0.5,0.5,0.0,0.0,3.0,4.148189710546875,0.0,1.1214512968750001
seed-12194-pa-0.50-pb-0.50,seed-12194-pa-0.50-pb-0.50:8,bandit,8,1.8259394198788428,3.2993210966053823,0.8571428571428572,0.8571428571428572,0.0,0.0,3.0,4.797923082162388,0.0,4.06537873203125
seed-12194-pa-0.50-pb-0.50,seed-12194-pa-0.50-pb-0.50:9,bandit,9,2.0231232641398407,3.4645087786708966,1.125,1.125,0.0,0.0,3.0,5.683026928054268,0.0,6.862109795429687
seed-12194-pa-0.50-pb-0.50,seed-12194-pa-0.50-pb-0.50:10,bandit,10,2.3484445810050545,3.6315638260129774,1.3333333333333337,1.3333333333333337,0.0,0.0,3.0,6.732208914984889,0.0,9.519004305658203
seed-12194-pa-0.50-pb-0.50,seed-12194-pa-0.50-pb-0.50:11,bandit,11,1.898123264139841,3.555657976331498,1.0,1.0,0.0,0.0,-2.0,7.395598469235644,0.0,7.043054090375293
seed-12194-pa-0.50-pb-0.50,seed-12194-pa-0.50-pb-0.50:12,bandit,12,4.017675057605601,3.7019527647828014,1.0,1.0,0.0,0.0,3.0,8.025818545773861,0.0,9.690901385856527
seed-12194-pa-0.50-pb-0.50,seed-12194-pa-0.50-pb-0.50:13,bandit,13,2.849076984180108,3.609270632611037,0.7272727272727271,0.7272727272727271,0.0,0.0,-2.0,8.351800345757894,0.0,7.206356316563701
seed-12199-pa-0.50-pb-0.65,seed-12199-pa-0.50-pb-0.65:0,bandit,0,4.203889734292549,2.912825855619838,0.5,0.5,0.0,0.0,0.0,0.5,0.0,0.0
seed-12199-pa-0.50-pb-0.65,seed-12199-pa-0.50-pb-0.65:1,bandit,1,4.42870067827652,3.1074650491144715,1.3333333333333337,1.3333333333333337,0.0,0.0,3.0,1.8083333333333336,0.0,3.0
seed-12199-pa-0.50-pb-0.65,seed-12199-pa-0.50-pb-0.65:2,bandit,2,3.6368710061149017,3.033459939766296,0.5,0.5,0.0,0.0,-2.0,2.2179166666666665,0.0,0.8499999999999996
seed-12199-pa-0.50-pb-0.65,seed-12199-pa-0.50-pb-0.65:3,bandit,3,4.71393946547494,3.20586463004586,1.0,1.0,0.0,0.0,3.0,3.107020833333333,0.0,3.8074999999999997
seed-12199-pa-0.50-pb-0.65,seed-12199-pa-0.50-pb-0.65:4,bandit,4,3.8288897342925488,3.3858518848191923,1.3333333333333337,1.3333333333333337,0.0,0.0,3.0,4.285003125,0.0,6.617125
seed-12199-pa-0.50-pb-0.65,seed-12199-pa-0.50-pb-0.65:5,bandit,5,2.9102241504380864,3.315287575479796,0.8571428571428572,0.8571428571428572,0.0,0.0,-2.0,4.927895825892858,0.0,4.28626875
seed-12199-pa-0.50-pb-0.65,seed-12199-pa-0.50-pb-0.65:6,bandit,6,1.6561501362483142,3.2308913398133545,0.5,0.5,0.0,0.0,-2.0,5.181501034598215,0.0,2.071955312499999
seed-12207-pa-0.20-pb-0.35,seed-12207-pa-0.20-pb-0.35:0,bandit,0,4.203889734292549,2.912825855619838,0.5,0.5,0.0,0.0,0.0,0.5,0.0,0.0
seed-12207-pa-0.20-pb-0.35,seed-12207-pa-0.20-pb-0.35:1,bandit,1,3.849076984180108,2.8485527059463944,0.5,0.5,0.0,0.0,-2.0,0.975,0.0,-2.0
seed-12207-pa-0.20-pb-0.35,seed-12207-pa-0.20-pb-0.35:2,bandit,2,2.71393946547494,3.0464055569247,1.3333333333333337,1.3333333333333337,0.0,0.0,3.0,2.2595833333333335,0.0,1.1
seed-12207-pa-0.20-pb-0.35,seed-12207-pa-0.20-pb-0.35:3,bandit,3,1.826413277982752,3.0159604197053818,1.3333333333333337,1.3333333333333337,0.0,0.0,-2.0,3.4799375,0.0,-0.9550000000000001
seed-12207-pa-0.20-pb-0.35,seed-12207-pa-0.20-pb-0.35:4,bandit,4,0.1787006782765203,2.9465305418276606,0.5,0.5,0.0,0.0,-2.0,3.805940625,0.0,-2.90725
seed-12213-pa-0.50-pb-0.20,seed-12213-pa-0.50-pb-0.20:0,bandit,0,4.203889734292549,2.912825855619838,0.5,0.5,0.0,0.0,0.0,0.5,0.0,0.0
seed-12213-pa-0.50-pb-0.20,seed-12213-pa-0.50-pb-0.20:1,bandit,1,4.42870067827652,3.1074650491144715,1.3333333333333337,1.3333333333333337,0.0,0.0,3.0,1.8083333333333336,0.0,3.0
seed-12213-pa-0.50-pb-0.20,seed-12213-pa-0.50-pb-0.20:2,bandit,2,0.951413277982752,3.2923722829343736,1.3333333333333337,1.3333333333333337,0.0,0.0,3.0,3.0512500000000005,0.0,5.85
seed-12213-pa-0.50-pb-0.20,seed-12213-pa-0.50-pb-0.20:3,bandit,3,2.6325990353171704,3.2496288094145713,1.3333333333333337,1.3333333333333337,0.0,0.0,-2.0,4.232020833333334,0.0,3.557499999999999
seed-12213-pa-0.50-pb-0.20,seed-12213-pa-0.50-pb-0.20:4,bandit,4,2.6368710061149017,3.447681353979153,1.75,1.75,0.0,0.0,3.0,5.770419791666668,0.0,6.379624999999999
seed-12213-pa-0.50-pb-0.20,seed-12213-pa-0.50-pb-0.20:5,bandit,5,1.6882616875182244,3.3809696278993644,1.0,1.0,0.0,0.0,-2.0,6.481898802083334,0.0,4.060643749999999
seed-12220-pa-0.35-pb-0.20,seed-12220-pa-0.35-pb-0.20:0,bandit,0,4.203889734292549,2.912825855619838,0.5,0.5,0.0,0.0,0.0,0.5,0.0,0.0
seed-12220-pa-0.35-pb-0.20,seed-12220-pa-0.35-pb-0.20:1,bandit,1,3.849076984180108,2.8485527059463944,0.5,0.5,0.0,0.0,-2.0,0.975,0.0,-2.0
seed-12220-pa-0.35-pb-0.20,seed-12220-pa-0.35-pb-0.20:2,bandit,2,1.2575990353171704,2.7874932137566226,0.5,0.5,0.0,0.0,-2.0,1.42625,0.0,-3.9
seed-12220-pa-0.35-pb-0.20,seed-12220-pa-0.35-pb-0.20:3,bandit,3,3.017675057605601,2.9883990393444173,1.3333333333333337,1.3333333333333337,0.0,0.0,3.0,2.6882708333333336,0.0,-0.7049999999999996
seed-12220-pa-0.35-pb-0.20,seed-12220-pa-0.35-pb-0.20:4,bandit,4,1.5984445810050545,2.960854228004113,1.3333333333333337,1.3333333333333337,0.0,0.0,-2.0,3.8871906250000006,0.0,-2.6697499999999996
seed-12220-pa-0.35-pb-0.20,seed-12220-pa-0.35-pb-0.20:5,bandit,5,3.075939419878843,3.153092002879533,1.3333333333333337,1.3333333333333337,0.0,0.0,3.0,5.026164427083334,0.0,0.4637375000000006
seed-12220-pa-0.35-pb-0.20,seed-12220-pa-0.35-pb-0.20:6,bandit,6,1.8037006782765204,3.0768055458431043,0.5,0.5,0.0,0.0,-2.0,5.274856205729167,0.0,-1.5594493749999994
seed-12220-pa-0.35-pb-0.20,seed-12220-pa-0.35-pb-0.20:7,bandit,7,0.9734445810050544,2.980029213146876,0.0,0.0,0.0,0.0,-2.0,5.011113395442708,0.0,-3.4814769062499993
seed-12220-pa-0.35-pb-0.20,seed-12220-pa-0.35-pb-0.20:8,bandit,8,0.8132616875182244,2.8880916970854598,0.0,0.0,0.0,0.0,-2.0,4.760557725670572,0.0,-5.307403060937499
seed-12220-pa-0.35-pb-0.20,seed-12220-pa-0.35-pb-0.20:9,bandit,9,2.7519290813453736,3.0434606009874443,0.5,0.5,0.0,0.0,3.0,5.022529839387043,0.0,-2.042032907890624
seed-12220-pa-0.35-pb-0.20,seed-12220-pa-0.35-pb-0.20:10,bandit,10,2.825939419878843,3.191061059694329,0.5,0.5,0.0,0.0,3.0,5.2714033474176905,0.0,1.0600687375039075
seed-12220-pa-0.35-pb-0.20,seed-12220-pa-0.35-pb-0.20:11,bandit,11,2.8037006782765204,3.0955160080231456,0.1428571428571428,0.1428571428571428,0.0,0.0,-2.0,5.150690322903948,0.0,-0.992934699371288
seed-12220-pa-0.35-pb-0.20,seed-12220-pa-0.35-pb-0.20:12,bandit,12,3.693147180559944,3.2270113638717897,0.2222222222222223,0.2222222222222223,0.0,0.0,3.0,5.115378028980973,0.0,2.0567120355972763
seed-12220-pa-0.35-pb-0.20,seed-12220-pa-0.35-pb-0.20:13,bandit,13,3.0019290813453736,3.1296687969917336,0.1428571428571428,0.1428571428571428,0.0,0.0,-2.0,5.002466270389068,0.0,-0.046123566182587616
seed-12226-pa-0.50-pb-0.50,seed-12226-pa-0.50-pb-0.50:0,bandit,0,4.203889734292549,2.912825855619838,0.5,0.5,0.0,0.0,0.0,0.5,0.0,0.0
seed-12226-pa-0.50-pb-0.50,seed-12226-pa-0.50-pb-0.50:1,bandit,1,3.849076984180108,2.8485527059463944,0.5,0.5,0.0,0.0,-2.0,0.975,0.0,-2.0
seed-12226-pa-0.50-pb-0.50,seed-12226-pa-0.50-pb-0.50:2,bandit,2,2.71393946547494,3.0464055569247,1.3333333333333337,1.3333333333333337,0.0,0.0,3.0,2.2595833333333335,0.0,1.1
seed-12226-pa-0.50-pb-0.50,seed-12226-pa-0.50-pb-0.50:3,bandit,3,1.826413277982752,3.0159604197053818,1.3333333333333337,1.3333333333333337,0.0,0.0,-2.0,3.4799375,0.0,-0.9550000000000001
seed-12226-pa-0.50-pb-0.50,seed-12226-pa-0.50-pb-0.50:4,bandit,4,2.626928011042974,3.2256963837554222,1.75,1.75,0.0,0.0,3.0,5.055940625,0.0,2.09275
seed-12226-pa-0.50-pb-0.50,seed-12226-pa-0.50-pb-0.50:5,bandit,5,2.201413277982752,3.206540203954252,1.75,1.75,0.0,0.0,-2.0,6.55314359375,0.0,-0.01188750000000005
seed-12226-pa-0.50-pb-0.50,seed-12226-pa-0.50-pb-0.50:6,bandit,6,0.3181471805599436,3.1518855353757083,1.0,1.0,0.0,0.0,-2.0,7.2254864140625,0.0,-2.011293125
seed-12227-pa-0.35-pb-0.35,seed-12227-pa-0.35-pb-0.35:0,bandit,0,4.203889734292549,2.912825855619838,0.5,0.5,0.0,0.0,0.0,0.5,0.0,0.0
seed-12227-pa-0.35-pb-0.35,seed-12227-pa-0.35-pb-0.35:1,bandit,1,4.42870067827652,3.1074650491144715,1.3333333333333337,1.3333333333333337,0.0,0.0,3.0,1.8083333333333336,0.0,3.0
seed-12227-pa-0.35-pb-0.35,seed-12227-pa-0.35-pb-0.35:2,bandit,2,3.6368710061149017,3.033459939766296,0.5,0.5,0.0,0.0,-2.0,2.2179166666666665,0.0,0.8499999999999996
seed-12227-pa-0.35-pb-0.35,seed-12227-pa-0.35-pb-0.35:3,bandit,3,1.9754126516016477,2.9631550858855293,0.5,0.5,0.0,0.0,-2.0,2.607020833333333,0.0,-1.1925000000000003
seed-12227-pa-0.35-pb-0.35,seed-12227-pa-0.35-pb-0.35:4,bandit,4,3.099076984180108,3.139075018859131,1.0,1.0,0.0,0.0,3.0,3.4766697916666662,0.0,1.8671249999999997
seed-12227-pa-0.35-pb-0.35,seed-12227-pa-0.35-pb-0.35:5,bandit,5,2.6787006782765204,3.063489411023723,0.5,0.5,0.0,0.0,-2.0,3.8028363020833327,0.0,-0.22623125000000033
seed-12227-pa-0.35-pb-0.35,seed-12227-pa-0.35-pb-0.35:6,bandit,6,4.186967589003199,3.210088429228794,0.5,0.5,0.0,0.0,3.0,4.112694486979166,0.0,2.7850803125
seed-12227-pa-0.35-pb-0.35,seed-12227-pa-0.35-pb-0.35:7,bandit,7,3.1481232641398407,3.1309521508749025,0.5,0.5,0.0,0.0,-2.0,4.407059762630207,0.0,0.6458262968749997
seed-12227-pa-0.35-pb-0.35,seed-12227-pa-0.35-pb-0.35:8,bandit,8,4.417999079229087,3.298482230599036,1.0,1.0,0.0,0.0,3.0,5.186706774498696,0.0,3.6135349820312497
seed-12227-pa-0.35-pb-0.35,seed-12227-pa-0.35-pb-0.35:9,bandit,9,3.075939419878843,3.239230460688253,1.0,1.0,0.0,0.0,-2.0,5.927371435773761,0.0,1.432858232929687
seed-12227-pa-0.35-pb-0.35,seed-12227-pa-0.35-pb-0.35:10,bandit,10,2.3181471805599436,3.1829412792730096,1.0,1.0,0.0,0.0,-2.0,6.631002863985072,0.0,-0.6387846787167974
seed-12227-pa-0.35-pb-0.35,seed-12227-pa-0.35-pb-0.35:11,bandit,11,2.5118710061149017,3.1294665569285285,1.0,1.0,0.0,0.0,-2.0,7.299452720785818,0.0,-2.6068454447809577
seed-12227-pa-0.35-pb-0.35,seed-12227-pa-0.35-pb-0.35:12,bandit,12,4.035224150438086,3.29707091634998,1.0,1.0,0.0,0.0,3.0,7.934480084746527,0.0,0.5234968274580902
seed-12235-pa-0.35-pb-0.50,seed-12235-pa-0.35-pb-0.50:0,bandit,0,4.203889734292549,2.912825855619838,0.5,0.5,0.0,0.0,0.0,0.5,0.0,0.0
seed-12243-pa-0.35-pb-0.35,seed-12243-pa-0.35-pb-0.35:0,bandit,0,4.203889734292549,2.912825855619838,0.5,0.5,0.0,0.0,0.0,0.5,0.0,0.0
seed-12243-pa-0.35-pb-0.35,seed-12243-pa-0.35-pb-0.35:1,bandit,1,4.42870067827652,3.1074650491144715,1.3333333333333337,1.3333333333333337,0.0,0.0,3.0,1.8083333333333336,0.0,3.0
seed-12243-pa-0.35-pb-0.35,seed-12243-pa-0.35-pb-0.35:2,bandit,2,3.201413277982752,3.3126257816940576,1.75,1.75,0.0,0.0,3.0,3.4679166666666665,0.0,5.85
seed-12243-pa-0.35-pb-0.35,seed-12243-pa-0.35-pb-0.35:3,bandit,3,3.4878222787715707,3.519680576900475,2.0,2.0,0.0,0.0,3.0,5.294520833333333,0.0,8.5575
seed-12243-pa-0.35-pb-0.35,seed-12243-pa-0.35-pb-0.35:4,bandit,4,2.826413277982752,3.4655716886823678,1.3333333333333337,1.3333333333333337,0.0,0.0,-2.0,6.363128125,0.0,6.129624999999999
seed-12243-pa-0.35-pb-0.35,seed-12243-pa-0.35-pb-0.35:5,bandit,5,2.71393946547494,3.3910213891498127,0.8571428571428572,0.8571428571428572,0.0,0.0,-2.0,6.902114575892858,0.0,3.823143749999999
seed-12243-pa-0.35-pb-0.35,seed-12243-pa-0.35-pb-0.35:6,bandit,6,4.535224150438086,3.561750805967948,1.3333333333333337,1.3333333333333337,0.0,0.0,3.0,7.890342180431548,0.0,6.631986562499999
seed-12243-pa-0.35-pb-0.35,seed-12243-pa-0.35-pb-0.35:7,bandit,7,2.724076984180108,3.505538406296467,1.3333333333333337,1.3333333333333337,0.0,0.0,-2.0,8.829158404743303,0.0,4.300387234374999
seed-12243-pa-0.35-pb-0.35,seed-12243-pa-0.35-pb-0.35:8,bandit,8,2.3825990353171704,3.45213662660856,1.3333333333333337,1.3333333333333337,0.0,0.0,-2.0,9.721033817839471,0.0,2.0853678726562492
seed-12243-pa-0.35-pb-0.35,seed-12243-pa-0.35-pb-0.35:9,bandit,9,1.8825990353171704,3.4014049359050484,1.3333333333333337,1.3333333333333337,0.0,0.0,-2.0,10.56831546028083,0.0,-0.018900520976563362
seed-12247-pa-0.50-pb-0.65,seed-12247-pa-0.50-pb-0.65:0,bandit,0,4.203889734292549,2.912825855619838,0.5,0.5,0.0,0.0,0.0,0.5,0.0,0.0
seed-12247-pa-0.50-pb-0.65,seed-12247-pa-0.50-pb-0.65:1,bandit,1,4.42870067827652,3.1074650491144715,1.3333333333333337,1.3333333333333337,0.0,0.0,3.0,1.8083333333333336,0.0,3.0
seed-12247-pa-0.50-pb-0.65,seed-12247-pa-0.50-pb-0.65:2,bandit,2,0.951413277982752,3.2923722829343736,1.3333333333333337,1.3333333333333337,0.0,0.0,3.0,3.0512500000000005,0.0,5.85
seed-12247-pa-0.50-pb-0.65,seed-12247-pa-0.50-pb-0.65:3,bandit,3,2.6325990353171704,3.2496288094145713,1.3333333333333337,1.3333333333333337,0.0,0.0,-2.0,4.232020833333334,0.0,3.557499999999999
seed-12247-pa-0.50-pb-0.65,seed-12247-pa-0.50-pb-0.65:4,bandit,4,2.6368710061149017,3.447681353979153,1.75,1.75,0.0,0.0,3.0,5.770419791666668,0.0,6.379624999999999
seed-12247-pa-0.50-pb-0.65,seed-12247-pa-0.50-pb-0.65:5,bandit,5,1.6882616875182244,3.3809696278993644,1.0,1.0,0.0,0.0,-2.0,6.481898802083334,0.0,4.060643749999999
seed-12247-pa-0.50-pb-0.65,seed-12247-pa-0.50-pb-0.65:6,bandit,6,0.8825990353171704,3.2932892896119443,0.5,0.5,0.0,0.0,-2.0,6.6578038619791675,0.0,1.8576115624999985
seed-12247-pa-0.50-pb-0.65,seed-12247-pa-0.50-pb-0.65:7,bandit,7,-0.1515554189949455,3.209992968238895,0.5,0.5,0.0,0.0,-2.0,6.824913668880209,0.0,-0.23526901562500147
seed-12251-pa-0.35-pb-0.50,seed-12251-pa-0.35-pb-0.50:0,bandit,0,4.203889734292549,2.912825855619838,0.5,0.5,0.0,0.0,0.0,0.5,0.0,0.0
seed-12251-pa-0.35-pb-0.50,seed-12251-pa-0.35-pb-0.50:1,bandit,1,3.849076984180108,2.8485527059463944,0.5,0.5,0.0,0.0,-2.0,0.975,0.0,-2.0
seed-12251-pa-0.35-pb-0.50,seed-12251-pa-0.35-pb-0.50:2,bandit,2,1.2575990353171704,2.7874932137566226,0.5,0.5,0.0,0.0,-2.0,1.42625,0.0,-3.9
seed-12251-pa-0.35-pb-0.50,seed-12251-pa-0.35-pb-0.50:3,bandit,3,0.2731232641398406,2.7294866961763398,0.5,0.5,0.0,0.0,-2.0,1.8549375,0.0,-5.705
seed-12251-pa-0.35-pb-0.50,seed-12251-pa-0.35-pb-0.50:4,bandit,4,-0.4768767358601593,2.674380504475071,0.5,0.5,0.0,0.0,-2.0,2.2621906249999997,0.0,-7.41975
seed-12252-pa-0.35-pb-0.20,seed-12252-pa-0.35-pb-0.20:0,bandit,0,4.203889734292549,2.912825855619838,0.5,0.5,0.0,0.0,0.0,0.5,0.0,0.0
seed-12252-pa-0.35-pb-0.20,seed-12252-pa-0.35-pb-0.20:1,bandit,1,3.849076984180108,2.8485527059463944,0.5,0.5,0.0,0.0,-2.0,0.975,0.0,-2.0
seed-12252-pa-0.35-pb-0.20,seed-12252-pa-0.35-pb-0.20:2,bandit,2,1.2575990353171704,2.7874932137566226,0.5,0.5,0.0,0.0,-2.0,1.42625,0.0,-3.9
seed-12252-pa-0.35-pb-0.20,seed-12252-pa-0.35-pb-0.20:3,bandit,3,0.5231232641398407,2.688979698656971,-0.3333333333333332,-0.3333333333333332,0.0,0.0,-2.0,1.0216041666666666,0.0,-5.705
seed-12252-pa-0.35-pb-0.20,seed-12252-pa-0.35-pb-0.20:4,bandit,4,0.8926750576056008,2.595391859312303,-0.3333333333333332,-0.3333333333333332,0.0,0.0,-2.0,0.6371906250000001,0.0,-7.41975
seed-12255-pa-0.20-pb-0.35,seed-12255-pa-0.20-pb-0.35:0,bandit,0,4.203889734292549,2.912825855619838,0.5,0.5,0.0,0.0,0.0,0.5,0.0,0.0
seed-12255-pa-0.20-pb-0.35,seed-12255-pa-0.20-pb-0.35:1,bandit,1,3.849076984180108,2.8485527059463944,0.5,0.5,0.0,0.0,-2.0,0.975,0.0,-2.0
seed-12255-pa-0.20-pb-0.35,seed-12255-pa-0.20-pb-0.35:2,bandit,2,1.2575990353171704,2.7874932137566226,0.5,0.5,0.0,0.0,-2.0,1.42625,0.0,-3.9
seed-12255-pa-0.20-pb-0.35,seed-12255-pa-0.20-pb-0.35:3,bandit,3,3.017675057605601,2.9883990393444173,1.3333333333333337,1.3333333333333337,0.0,0.0,3.0,2.6882708333333336,0.0,-0.7049999999999996
seed-12255-pa-0.20-pb-0.35,seed-12255-pa-0.20-pb-0.35:4,bandit,4,1.0537006782765204,2.9203472304847446,0.5,0.5,0.0,0.0,-2.0,3.0538572916666666,0.0,-2.6697499999999996
seed-12255-pa-0.20-pb-0.35,seed-12255-pa-0.20-pb-0.35:5,bandit,5,2.2731232641398407,3.0984075562283855,1.0,1.0,0.0,0.0,3.0,3.901164427083333,0.0,0.4637375000000006
seed-12255-pa-0.20-pb-0.35,seed-12255-pa-0.20-pb-0.35:6,bandit,6,1.0759394198788428,3.0248553215245146,0.5,0.5,0.0,0.0,-2.0,4.206106205729166,0.0,-1.5594493749999994
seed-12255-pa-0.20-pb-0.35,seed-12255-pa-0.20-pb-0.35:7,bandit,7,1.0019290813453736,2.954980698555837,0.5,0.5,0.0,0.0,-2.0,4.495800895442708,0.0,-3.4814769062499993
seed-12261-pa-0.50-pb-0.20,seed-12261-pa-0.50-pb-0.20:0,bandit,0,4.203889734292549,2.912825855619838,0.5,0.5,0.0,0.0,0.0,0.5,0.0,0.0
seed-12261-pa-0.50-pb-0.20,seed-12261-pa-0.50-pb-0.20:1,bandit,1,3.4287006782765204,3.1074650491144715,1.3333333333333337,1.3333333333333337,0.0,0.0,3.0,1.8083333333333336,0.0,3.0
seed-12261-pa-0.50-pb-0.20,seed-12261-pa-0.50-pb-0.20:2,bandit,2,2.0019290813453736,3.3126257816940576,1.75,1.75,0.0,0.0,3.0,3.4679166666666665,0.0,5.85
seed-12261-pa-0.50-pb-0.20,seed-12261-pa-0.50-pb-0.20:3,bandit,3,3.05474463538566,3.252666834228524,1.0,1.0,0.0,0.0,-2.0,4.294520833333333,0.0,3.557499999999999
seed-12261-pa-0.50-pb-0.20,seed-12261-pa-0.50-pb-0.20:4,bandit,4,2.1269290813453736,3.195705834136267,1.0,1.0,0.0,0.0,-2.0,5.079794791666666,0.0,1.379624999999999
seed-12264-pa-0.20-pb-0.65,seed-12264-pa-0.20-pb-0.65:0,bandit,0,4.203889734292549,2.912825855619838,0.5,0.5,0.0,0.0,0.0,0.5,0.0,0.0
seed-12264-pa-0.20-pb-0.65,seed-12264-pa-0.20-pb-0.65:1,bandit,1,3.849076984180108,2.8485527059463944,0.5,0.5,0.0,0.0,-2.0,0.975,0.0,-2.0
seed-12264-pa-0.20-pb-0.65,seed-12264-pa-0.20-pb-0.65:2,bandit,2,0.1004126516016477,2.7469862162372545,-0.3333333333333332,-0.3333333333333332,0.0,0.0,-2.0,0.5929166666666668,0.0,-3.9
seed-12271-pa-0.20-pb-0.35,seed-12271-pa-0.20-pb-0.35:0,bandit,0,4.203889734292549,2.912825855619838,0.5,0.5,0.0,0.0,0.0,0.5,0.0,0.0
seed-12271-pa-0.20-pb-0.35,seed-12271-pa-0.20-pb-0.35:1,bandit,1,3.849076984180108,2.8485527059463944,0.5,0.5,0.0,0.0,-2.0,0.975,0.0,-2.0
seed-12271-pa-0.20-pb-0.35,seed-12271-pa-0.20-pb-0.35:2,bandit,2,1.2575990353171704,2.7874932137566226,0.5,0.5,0.0,0.0,-2.0,1.42625,0.0,-3.9
seed-12271-pa-0.20-pb-0.35,seed-12271-pa-0.20-pb-0.35:3,bandit,3,3.017675057605601,2.9883990393444173,1.3333333333333337,1.3333333333333337,0.0,0.0,3.0,2.6882708333333336,0.0,-0.7049999999999996
seed-12271-pa-0.20-pb-0.35,seed-12271-pa-0.20-pb-0.35:4,bandit,4,1.5984445810050545,2.960854228004113,1.3333333333333337,1.3333333333333337,0.0,0.0,-2.0,3.8871906250000006,0.0,-2.6697499999999996
seed-12271-pa-0.20-pb-0.35,seed-12271-pa-0.20-pb-0.35:5,bandit,5,0.6561501362483142,2.8941796597114555,0.5,0.5,0.0,0.0,-2.0,4.19283109375,0.0,-4.536262499999999
seed-12277-pa-0.50-pb-0.20,seed-12277-pa-0.50-pb-0.20:0,bandit,0,4.203889734292549,2.912825855619838,0.5,0.5,0.0,0.0,0.0,0.5,0.0,0.0
seed-12277-pa-0.50-pb-0.20,seed-12277-pa-0.50-pb-0.20:1,bandit,1,4.42870067827652,3.1074650491144715,1.3333333333333337,1.3333333333333337,0.0,0.0,3.0,1.8083333333333336,0.0,3.0
seed-12277-pa-0.50-pb-0.20,seed-12277-pa-0.50-pb-0.20:2,bandit,2,3.6368710061149017,3.033459939766296,0.5,0.5,0.0,0.0,-2.0,2.2179166666666665,0.0,0.8499999999999996
seed-12277-pa-0.50-pb-0.20,seed-12277-pa-0.50-pb-0.20:3,bandit,3,4.71393946547494,3.20586463004586,1.0,1.0,0.0,0.0,3.0,3.107020833333333,0.0,3.8074999999999997
seed-12277-pa-0.50-pb-0.20,seed-12277-pa-0.50-pb-0.20:4,bandit,4,1.9754126516016477,3.1269395416511148,0.5,0.5,0.0,0.0,-2.0,3.4516697916666663,0.0,1.6171249999999997
seed-12277-pa-0.50-pb-0.20,seed-12277-pa-0.50-pb-0.20:5,bandit,5,4.600206558916746,3.310873050844185,1.3333333333333337,1.3333333333333337,0.0,0.0,3.0,4.612419635416667,0.0,4.53626875
seed-12277-pa-0.50-pb-0.20,seed-12277-pa-0.50-pb-0.20:6,bandit,6,2.906150136248314,3.267204538928892,1.3333333333333337,1.3333333333333337,0.0,0.0,-2.0,5.715131986979167,0.0,2.309455312499999
seed-12277-pa-0.50-pb-0.20,seed-12277-pa-0.50-pb-0.20:7,bandit,7,4.017675057605601,3.444124798258073,1.3333333333333337,1.3333333333333337,0.0,0.0,3.0,6.762708720963542,0.0,5.193982546874999
seed-12277-pa-0.50-pb-0.20,seed-12277-pa-0.50-pb-0.20:8,bandit,8,2.5537006782765204,3.393793698972086,1.3333333333333337,1.3333333333333337,0.0,0.0,-2.0,7.757906618248699,0.0,2.9342834195312486
seed-12277-pa-0.50-pb-0.20,seed-12277-pa-0.50-pb-0.20:9,bandit,9,3.6602241504380864,3.5643845002991075,1.3333333333333337,1.3333333333333337,0.0,0.0,3.0,8.703344620669597,0.0,5.787569248554686
seed-12277-pa-0.50-pb-0.20,seed-12277-pa-0.50-pb-0.20:10,bandit,10,3.58893946547494,3.7264457615597775,1.3333333333333337,1.3333333333333337,0.0,0.0,3.0,9.60151072296945,0.0,8.498190786126951
seed-12277-pa-0.50-pb-0.20,seed-12277-pa-0.50-pb-0.20:11,bandit,11,3.929882179158078,3.8804039597574143,1.3333333333333337,1.3333333333333337,0.0,0.0,3.0,10.454768520154312,0.0,11.073281246820603
seed-12277-pa-0.50-pb-0.20,seed-12277-pa-0.50-pb-0.20:12,bandit,12,4.001928011042974,3.80825890239646,1.3333333333333337,1.3333333333333337,0.0,0.0,-2.0,11.26536342747993,0.0,8.519617184479571
seed-12277-pa-0.50-pb-0.20,seed-12277-pa-0.50-pb-0.20:13,bandit,13,4.79858735157374,3.958126443552263,1.3333333333333337,1.3333333333333337,0.0,0.0,3.0,12.035428589439267,0.0,11.093636325255593
seed-12277-pa-0.50-pb-0.20,seed-12277-pa-0.50-pb-0.20:14,bandit,14,4.65475041827262,4.100500607650275,1.3333333333333337,1.3333333333333337,0.0,0.0,3.0,12.766990493300638,0.0,13.538954508992813
seed-12277-pa-0.50-pb-0.20,seed-12277-pa-0.50-pb-0.20:15,bandit,15,4.895541900901097,4.235756063543387,1.3333333333333337,1.3333333333333337,0.0,0.0,3.0,13.461974301968938,0.0,15.86200678354317
seed-12277-pa-0.50-pb-0.20,seed-12277-pa-0.50-pb-0.20:16,bandit,16,4.54858735157374,4.145843400993134,1.3333333333333337,1.3333333333333337,0.0,0.0,-2.0,14.122208920203825,0.0,13.06890644436601
seed-12277-pa-0.50-pb-0.20,seed-12277-pa-0.50-pb-0.20:17,bandit,17,3.6949361996449746,4.060426371570394,1.3333333333333337,1.3333333333333337,0.0,0.0,-2.0,14.749431807526967,0.0,10.41546112214771
seed-12277-pa-0.50-pb-0.20,seed-12277-pa-0.50-pb-0.20:18,bandit,18,3.679882179158078,3.979280193618791,1.3333333333333337,1.3333333333333337,0.0,0.0,-2.0,15.345293550483952,0.0,7.894688066040324
seed-12277-pa-0.50-pb-0.20,seed-12277-pa-0.50-pb-0.20:19,bandit,19,3.4179990792290873,3.9021913245647677,1.3333333333333337,1.3333333333333337,0.0,0.0,-2.0,15.911362206293088,0.0,5.499953662738307
seed-12277-pa-0.50-pb-0.20,seed-12277-pa-0.50-pb-0.20:20,bandit,20,3.429882179158078,3.8289568989634457,1.3333333333333337,1.3333333333333337,0.0,0.0,-2.0,16.449127429311766,0.0,3.2249559796013916
seed-12277-pa-0.50-pb-0.20,seed-12277-pa-0.50-pb-0.20:21,bandit,21,4.90475041827262,3.977789540290899,1.3333333333333337,1.3333333333333337,0.0,0.0,3.0,16.96000439117951,0.0,6.063708180621322
seed-12277-pa-0.50-pb-0.20,seed-12277-pa-0.50-pb-0.20:22,bandit,22,4.53364569998304,4.11918054955198,1.3333333333333337,1.3333333333333337,0.0,0.0,3.0,17.445337504953866,0.0,8.760522771590256
seed-12277-pa-0.50-pb-0.20,seed-12277-pa-0.50-pb-0.20:23,bandit,23,4.770541900901097,4.253502008350006,1.3333333333333337,1.3333333333333337,0.0,0.0,3.0,17.906403963039505,0.0,11.322496633010743
seed-12277-pa-0.50-pb-0.20,seed-12277-pa-0.50-pb-0.20:24,bandit,24,4.65864569998304,4.162702048559423,1.3333333333333337,1.3333333333333337,0.0,0.0,-2.0,18.344417098220863,0.0,8.756371801360206
seed-12277-pa-0.50-pb-0.20,seed-12277-pa-0.50-pb-0.20:25,bandit,25,3.7880413716877825,4.076442086758368,1.3333333333333337,1.3333333333333337,0.0,0.0,-2.0,18.76052957664315,0.0,6.318553211292196
seed-12277-pa-0.50-pb-0.20,seed-12277-pa-0.50-pb-0.20:26,bandit,26,5.018149927917811,4.212900468696075,1.3333333333333337,1.3333333333333337,0.0,0.0,3.0,19.155836431144326,0.0,9.002625550727586
seed-12277-pa-0.50-pb-0.20,seed-12277-pa-0.50-pb-0.20:27,bandit,27,4.27975041827262,4.124130585888188,1.3333333333333337,1.3333333333333337,0.0,0.0,-2.0,19.531377942920443,0.0,6.552494273191206
seed-12277-pa-0.50-pb-0.20,seed-12277-pa-0.50-pb-0.20:28,bandit,28,3.898245464372426,4.039799197220695,1.3333333333333337,1.3333333333333337,0.0,0.0,-2.0,19.88814237910775,0.0,4.224869559531645
seed-12278-pa-0.50-pb-0.35,seed-12278-pa-0.50-pb-0.35:0,bandit,0,4.203889734292549,2.912825855619838,0.5,0.5,0.0,0.0,0.0,0.5,0.0,0.0
seed-12278-pa-0.50-pb-0.35,seed-12278-pa-0.50-pb-0.35:1,bandit,1,3.849076984180108,2.8485527059463944,0.5,0.5,0.0,0.0,-2.0,0.975,0.0,-2.0
seed-12278-pa-0.50-pb-0.35,seed-12278-pa-0.50-pb-0.35:2,bandit,2,4.350412651601648,3.005898559405332,0.5,0.5,0.0,0.0,3.0,1.42625,0.0,1.1
seed-12278-pa-0.50-pb-0.35,seed-12278-pa-0.50-pb-0.35:3,bandit,3,4.21393946547494,3.1796813187029436,1.0,1.0,0.0,0.0,3.0,2.3549375,0.0,4.045
seed-12278-pa-0.50-pb-0.35,seed-12278-pa-0.50-pb-0.35:4,bandit,4,2.7254126516016477,3.1020653958753446,0.5,0.5,0.0,0.0,-2.0,2.737190625,0.0,1.8427499999999997
seed-12290-pa-0.50-pb-0.50,seed-12290-pa-0.50-pb-0.50:0,bandit,0,4.203889734292549,2.912825855619838,0.5,0.5,0.0,0.0,0.0,0.5,0.0,0.0
seed-12290-pa-0.50-pb-0.50,seed-12290-pa-0.50-pb-0.50:1,bandit,1,4.42870067827652,3.1074650491144715,1.3333333333333337,1.3333333333333337,0.0,0.0,3.0,1.8083333333333336,0.0,3.0
seed-12290-pa-0.50-pb-0.50,seed-12290-pa-0.50-pb-0.50:2,bandit,2,3.201413277982752,3.3126257816940576,1.75,1.75,0.0,0.0,3.0,3.4679166666666665,0.0,5.85
seed-12290-pa-0.50-pb-0.50,seed-12290-pa-0.50-pb-0.50:3,bandit,3,3.4878222787715707,3.519680576900475,2.0,2.0,0.0,0.0,3.0,5.294520833333333,0.0,8.5575
seed-12290-pa-0.50-pb-0.50,seed-12290-pa-0.50-pb-0.50:4,bandit,4,2.826413277982752,3.4655716886823678,1.3333333333333337,1.3333333333333337,0.0,0.0,-2.0,6.363128125,0.0,6.129624999999999
seed-12290-pa-0.50-pb-0.50,seed-12290-pa-0.50-pb-0.50:5,bandit,5,2.71393946547494,3.3910213891498127,0.8571428571428572,0.8571428571428572,0.0,0.0,-2.0,6.902114575892858,0.0,3.823143749999999
seed-12290-pa-0.50-pb-0.50,seed-12290-pa-0.50-pb-0.50:6,bandit,6,3.929882179158078,3.5516240565881056,1.125,1.125,0.0,0.0,3.0,7.682008847098214,0.0,6.631986562499999
seed-12290-pa-0.50-pb-0.50,seed-12290-pa-0.50-pb-0.50:7,bandit,7,2.392675057605601,3.468913329372705,0.7777777777777777,0.7777777777777777,0.0,0.0,-2.0,8.075686182521082,0.0,4.300387234374999
seed-12290-pa-0.50-pb-0.50,seed-12290-pa-0.50-pb-0.50:8,bandit,8,3.5485873515737403,3.619545350171948,1.0,1.0,0.0,0.0,3.0,8.671901873395027,0.0,7.085367872656249
seed-12290-pa-0.50-pb-0.50,seed-12290-pa-0.50-pb-0.50:9,bandit,9,3.1949361996449746,3.771483660299091,1.1818181818181817,1.1818181818181817,0.0,0.0,3.0,9.420124961543458,0.0,9.731099479023436
seed-12290-pa-0.50-pb-0.50,seed-12290-pa-0.50-pb-0.50:10,bandit,10,2.58893946547494,3.6845311191513686,0.9166666666666664,0.9166666666666664,0.0,0.0,-2.0,9.86578538013295,0.0,7.244544505072264
seed-12290-pa-0.50-pb-0.50,seed-12290-pa-0.50-pb-0.50:11,bandit,11,3.7880413716877825,3.8281213579250046,1.076923076923077,1.076923076923077,0.0,0.0,3.0,10.44941918804938,0.0,9.88231727981865
seed-12290-pa-0.50-pb-0.50,seed-12290-pa-0.50-pb-0.50:12,bandit,12,2.8199361996449746,3.7354435749303176,0.8571428571428572,0.8571428571428572,0.0,0.0,-2.0,10.784091085789768,0.0,7.388201415827718
seed-12290-pa-0.50-pb-0.50,seed-12290-pa-0.50-pb-0.50:13,bandit,13,2.46393946547494,3.6381409387952237,0.6666666666666665,0.6666666666666665,0.0,0.0,-2.0,10.911553198166946,0.0,5.018791345036331
seed-12290-pa-0.50-pb-0.50,seed-12290-pa-0.50-pb-0.50:14,bandit,14,2.3288897342925488,3.5376020349630104,0.5,0.5,0.0,0.0,-2.0,10.865975538258597,0.0,2.7678517777845144
seed-12290-pa-0.50-pb-0.50,seed-12290-pa-0.50-pb-0.50:15,bandit,15,5.251928011042974,3.701002419490486,1.3333333333333337,1.3333333333333337,0.0,0.0,3.0,11.656010094679,0.0,5.6294591888952885
seed-12290-pa-0.50-pb-0.50,seed-12290-pa-0.50-pb-0.50:16,bandit,16,4.42974463538566,3.6378274391428778,1.3333333333333337,1.3333333333333337,0.0,0.0,-2.0,12.406542923278383,0.0,3.347986229450524
seed-12290-pa-0.50-pb-0.50,seed-12290-pa-0.50-pb-0.50:17,bandit,17,3.80474463538566,3.5778112078126507,1.3333333333333337,1.3333333333333337,0.0,0.0,-2.0,13.119549110447798,0.0,1.1805869179779975
seed-12290-pa-0.50-pb-0.50,seed-12290-pa-0.50-pb-0.50:18,bandit,18,3.6602241504380864,3.5207957880489347,1.3333333333333337,1.3333333333333337,0.0,0.0,-2.0,13.796904988258742,0.0,-0.8784424279209024
seed-12290-pa-0.50-pb-0.50,seed-12290-pa-0.50-pb-0.50:19,bandit,19,2.951413277982752,3.4666311392734044,1.3333333333333337,1.3333333333333337,0.0,0.0,-2.0,14.440393072179138,0.0,-2.8345203065248574
seed-12290-pa-0.50-pb-0.50,seed-12290-pa-0.50-pb-0.50:20,bandit,20,3.30474463538566,3.4151747229366505,1.3333333333333337,1.3333333333333337,0.0,0.0,-2.0,15.051706751903515,0.0,-4.692794291198615
seed-12290-pa-0.50-pb-0.50,seed-12290-pa-0.50-pb-0.50:21,bandit,21,4.917999079229087,3.584696473065444,1.3333333333333337,1.3333333333333337,0.0,0.0,3.0,15.632454747641672,0.0,-1.4581545766386839
seed-12290-pa-0.50-pb-0.50,seed-12290-pa-0.50-pb-0.50:22,bandit,22,4.112822278771571,3.527336790039088,1.3333333333333337,1.3333333333333337,0.0,0.0,-2.0,16.18416534359292,0.0,-3.3852468478067497
seed-12290-pa-0.50-pb-0.50,seed-12290-pa-0.50-pb-0.50:23,bandit,23,4.17974463538566,3.432338093644682,0.5,0.5,0.0,0.0,-2.0,15.874957076413272,0.0,-5.215984505416412
seed-12290-pa-0.50-pb-0.50,seed-12290-pa-0.50-pb-0.50:24,bandit,24,4.33893946547494,3.342089332069996,0.5,0.5,0.0,0.0,-2.0,15.581209222592609,0.0,-6.9551852801455905
seed-12290-pa-0.50-pb-0.50,seed-12290-pa-0.50-pb-0.50:25,bandit,25,4.001929081345374,3.232048810062423,0.0,0.0,0.0,0.0,-2.0,14.802148761462977,0.0,-8.60742601613831
seed-12290-pa-0.50-pb-0.50,seed-12290-pa-0.50-pb-0.50:26,bandit,26,4.05474463538566,3.1275103141552294,0.0,0.0,0.0,0.0,-2.0,14.062041323389828,0.0,-10.177054715331394
seed-12290-pa-0.50-pb-0.50,seed-12290-pa-0.50-pb-0.50:27,bandit,27,5.100206558916746,3.270908287203725,0.5,0.5,0.0,0.0,3.0,13.858939257220335,0.0,-6.668201979564824
seed-12290-pa-0.50-pb-0.50,seed-12290-pa-0.50-pb-0.50:28,bandit,28,4.475206558916746,3.4071363615997963,0.5,0.5,0.0,0.0,3.0,13.665992294359318,0.0,-3.3347918805865824
seed-12290-pa-0.50-pb-0.50,seed-12290-pa-0.50-pb-0.50:29,bandit,29,5.0380413716877825,3.5365530322760637,0.5,0.5,0.0,0.0,3.0,13.482692679641351,0.0,-0.1680522865572529
seed-12290-pa-0.50-pb-0.50,seed-12290-pa-0.50-pb-0.50:30,bandit,30,5.30474463538566,3.441093523769809,0.5,0.5,0.0,0.0,-2.0,13.308558045659284,0.0,-2.1596496722293903
seed-12290-pa-0.50-pb-0.50,seed-12290-pa-0.50-pb-0.50:31,bandit,31,5.78364569998304,3.5688123363375754,0.5,0.5,0.0,0.0,3.0,13.14313014337632,0.0,0.9483328113820795
seed-12290-pa-0.50-pb-0.50,seed-12290-pa-0.50-pb-0.50:32,bandit,32,4.850412651601648,3.4717398626282447,0.5,0.5,0.0,0.0,-2.0,12.985973636207504,0.0,-1.0990838291870246
seed-12290-pa-0.50-pb-0.50,seed-12290-pa-0.50-pb-0.50:33,bandit,33,3.975412651601648,3.379521012604381,0.5,0.5,0.0,0.0,-2.0,12.836674954397129,0.0,-3.044129637727673
seed-12290-pa-0.50-pb-0.50,seed-12290-pa-0.50-pb-0.50:34,bandit,34,5.78364569998304,3.510318450730419,0.5,0.5,0.0,0.0,3.0,12.694841206677271,0.0,0.10807684415871055
seed-12290-pa-0.50-pb-0.50,seed-12290-pa-0.50-pb-0.50:35,bandit,35,4.910224150438086,3.4161706713014466,0.5,0.5,0.0,0.0,-2.0,12.560099146343408,0.0,-1.8973269980492249
seed-12290-pa-0.50-pb-0.50,seed-12290-pa-0.50-pb-0.50:36,bandit,36,5.4130413716877825,3.5451356264926313,0.5,0.5,0.0,0.0,3.0,12.432094189026238,0.0,1.1975393518532365
seed-12290-pa-0.50-pb-0.50,seed-12290-pa-0.50-pb-0.50:37,bandit,37,5.15864569998304,3.667652333924257,0.5,0.5,0.0,0.0,3.0,12.310489479574924,0.0,4.137662384260574
seed-12290-pa-0.50-pb-0.50,seed-12290-pa-0.50-pb-0.50:38,bandit,38,5.026300195186874,3.7840432059843017,0.5,0.5,0.0,0.0,3.0,12.194965005596178,0.0,6.930779265047546
seed-12290-pa-0.50-pb-0.50,seed-12290-pa-0.50-pb-0.50:39,bandit,39,4.901300195186874,3.894614534441344,0.5,0.5,0.0,0.0,3.0,12.085216755316369,0.0,9.58424030179517
seed-12290-pa-0.50-pb-0.50,seed-12290-pa-0.50-pb-0.50:40,bandit,40,5.035224150438086,3.7713988973761676,0.2972972972972973,0.2972972972972973,0.0,0.0,-2.0,11.778253214847846,0.0,7.10502828670541
seed-12290-pa-0.50-pb-0.50,seed-12290-pa-0.50-pb-0.50:41,bandit,41,6.285224150438086,3.882602441263616,0.5,0.5,0.0,0.0,3.0,11.689340554105453,0.0,9.74977687237014
seed-12290-pa-0.50-pb-0.50,seed-12290-pa-0.50-pb-0.50:42,bandit,42,5.828889734292549,3.9882458079566927,0.5,0.5,0.0,0.0,3.0,11.60487352640018,0.0,12.262288028751632
seed-12290-pa-0.50-pb-0.50,seed-12290-pa-0.50-pb-0.50:43,bandit,43,5.42974463538566,4.102109338821571,0.7777777777777777,0.7777777777777777,0.0,0.0,3.0,11.80240762785795,0.0,14.64917362731405
seed-12290-pa-0.50-pb-0.50,seed-12290-pa-0.50-pb-0.50:44,bandit,44,5.501928011042974,4.210279693143207,0.7777777777777777,0.7777777777777777,0.0,0.0,3.0,11.990065024242828,0.0,16.91671494594835
seed-12290-pa-0.50-pb-0.50,seed-12290-pa-0.50-pb-0.50:45,bandit,45,5.451413277982752,4.09463618410005,0.7777777777777777,0.7777777777777777,0.0,0.0,-2.0,12.168339550808465,0.0,14.070879198650932
seed-12290-pa-0.50-pb-0.50,seed-12290-pa-0.50-pb-0.50:46,bandit,46,4.781150136248314,3.9847748505090523,0.7777777777777777,0.7777777777777777,0.0,0.0,-2.0,12.337700351045818,0.0,11.367335238718384
seed-12290-pa-0.50-pb-0.50,seed-12290-pa-0.50-pb-0.50:47,bandit,47,4.451413277982752,3.880406583597604,0.7777777777777777,0.7777777777777777,0.0,0.0,-2.0,12.498593111271305,0.0,8.798968476782465
seed-12290-pa-0.50-pb-0.50,seed-12290-pa-0.50-pb-0.50:48,bandit,48,6.1949361996449746,3.999662075680437,0.7777777777777777,0.7777777777777777,0.0,0.0,3.0,12.651441233485517,0.0,11.359020052943341
seed-12290-pa-0.50-pb-0.50,seed-12290-pa-0.50-pb-0.50:49,bandit,49,5.725206558916746,4.112954793159129,0.7777777777777777,0.7777777777777777,0.0,0.0,3.0,12.796646949589018,0.0,13.791069050296175
seed-12290-pa-0.50-pb-0.50,seed-12290-pa-0.50-pb-0.50:50,bandit,50,5.517675057605601,4.002177529115176,0.7777777777777777,0.7777777777777777,0.0,0.0,-2.0,12.934592379887345,0.0,11.101515597781365
seed-12290-pa-0.50-pb-0.50,seed-12290-pa-0.50-pb-0.50:51,bandit,51,4.850412651601648,3.896939128273422,0.7777777777777777,0.7777777777777777,0.0,0.0,-2.0,13.065640538670756,0.0,8.546439817892296
seed-12290-pa-0.50-pb-0.50,seed-12290-pa-0.50-pb-0.50:52,bandit,52,6.186967589003199,4.015367993122465,0.7777777777777777,0.7777777777777777,0.0,0.0,3.0,13.190136289514996,0.0,11.11911782699768
seed-12290-pa-0.50-pb-0.50,seed-12290-pa-0.50-pb-0.50:53,bandit,53,5.656150136248314,3.895967736573889,0.5,0.5,0.0,0.0,-2.0,13.030629475039245,0.0,8.563161935647797
seed-12290-pa-0.50-pb-0.50,seed-12290-pa-0.50-pb-0.50:54,bandit,54,5.55474463538566,3.7825374928527427,0.5,0.5,0.0,0.0,-2.0,12.879098001287282,0.0,6.135003838865407
seed-12290-pa-0.50-pb-0.50,seed-12290-pa-0.50-pb-0.50:55,bandit,55,5.30474463538566,3.6747787613176537,0.5,0.5,0.0,0.0,-2.0,12.735143101222917,0.0,3.8282536469221364
seed-12290-pa-0.50-pb-0.50,seed-12290-pa-0.50-pb-0.50:56,bandit,56,6.46393946547494,3.7908133120080283,0.5,0.5,0.0,0.0,3.0,12.59838594616177,0.0,6.636840964576029
seed-12290-pa-0.50-pb-0.50,seed-12290-pa-0.50-pb-0.50:57,bandit,57,5.826413277982752,3.6729191101105267,0.2999999999999998,0.2999999999999998,0.0,0.0,-2.0,12.268466648853682,0.0,4.304998916347228
seed-12290-pa-0.50-pb-0.50,seed-12290-pa-0.50-pb-0.50:58,bandit,58,5.376929081345374,3.5609196183079,0.2999999999999998,0.2999999999999998,0.0,0.0,-2.0,11.955043316410997,0.0,2.0897489705298664
seed-12290-pa-0.50-pb-0.50,seed-12290-pa-0.50-pb-0.50:59,bandit,59,6.751928011042974,3.675498832468874,0.3529411764705883,0.3529411764705883,0.0,0.0,3.0,11.710232327061036,0.0,4.985261522003373
seed-12290-pa-0.50-pb-0.50,seed-12290-pa-0.50-pb-0.50:60,bandit,60,5.80474463538566,3.5637442652946625,0.3076923076923075,0.3076923076923075,0.0,0.0,-2.0,11.43241301840029,0.0,2.7359984459032045
seed-12290-pa-0.50-pb-0.50,seed-12290-pa-0.50-pb-0.50:61,bandit,61,6.350206558916746,3.678451994037615,0.358490566037736,0.358490566037736,0.0,0.0,3.0,11.219282933518011,0.0,5.599198523608044
seed-12290-pa-0.50-pb-0.50,seed-12290-pa-0.50-pb-0.50:62,bandit,62,5.785224150438086,3.5668959824389783,0.3148148148148149,0.3148148148148149,0.0,0.0,-2.0,10.973133601656924,0.0,3.319238597427642
seed-12290-pa-0.50-pb-0.50,seed-12290-pa-0.50-pb-0.50:63,bandit,63,6.350206558916746,3.68169625429739,0.3636363636363637,0.3636363636363637,0.0,0.0,3.0,10.788113285210441,0.0,6.153276667556259
seed-12290-pa-0.50-pb-0.50,seed-12290-pa-0.50-pb-0.50:64,bandit,64,6.33893946547494,3.793044894890274,0.4107142857142856,0.4107142857142856,0.0,0.0,3.0,10.659421906664203,0.0,8.845612834178446
seed-12290-pa-0.50-pb-0.50,seed-12290-pa-0.50-pb-0.50:65,bandit,65,6.100206558916746,3.6783649515397236,0.3684210526315787,0.3684210526315787,0.0,0.0,-2.0,10.49487186396257,0.0,6.403332192469524
seed-12290-pa-0.50-pb-0.50,seed-12290-pa-0.50-pb-0.50:66,bandit,66,6.46393946547494,3.7900298136652673,0.4137931034482758,0.4137931034482758,0.0,0.0,3.0,10.383921374212717,0.0,9.083165582846046
seed-12290-pa-0.50-pb-0.50,seed-12290-pa-0.50-pb-0.50:67,bandit,67,6.328889734292549,3.898242133898293,0.4576271186440679,0.4576271186440679,0.0,0.0,3.0,10.322352424146148,0.0,11.629007303703743
seed-12290-pa-0.50-pb-0.50,seed-12290-pa-0.50-pb-0.50:68,bandit,68,5.876928011042974,3.7806474705589896,0.4166666666666665,0.4166666666666665,0.0,0.0,-2.0,10.222901469605507,0.0,9.047556938518555
seed-12290-pa-0.50-pb-0.50,seed-12290-pa-0.50-pb-0.50:69,bandit,69,6.4449361996449746,3.8893964383683124,0.459016393442623,0.459016393442623,0.0,0.0,3.0,10.170772789567854,0.0,11.595179091592627
seed-12290-pa-0.50-pb-0.50,seed-12290-pa-0.50-pb-0.50:70,bandit,70,5.767675057605601,3.7723747275394413,0.4193548387096775,0.4193548387096775,0.0,0.0,-2.0,10.081588988799139,0.0,9.015420137012995
seed-12290-pa-0.50-pb-0.50,seed-12290-pa-0.50-pb-0.50:71,bandit,71,5.517675057605601,3.6593374203386793,0.3809523809523809,0.3809523809523809,0.0,0.0,-2.0,9.958461920311562,0.0,6.564649130162346
seed-12290-pa-0.50-pb-0.50,seed-12290-pa-0.50-pb-0.50:72,bandit,72,6.725206558916746,3.7703573241466644,0.3809523809523809,0.3809523809523809,0.0,0.0,3.0,9.841491205248365,0.0,9.23641667365423
seed-12290-pa-0.50-pb-0.50,seed-12290-pa-0.50-pb-0.50:73,bandit,73,6.21393946547494,3.8778154156781475,0.421875,0.421875,0.0,0.0,3.0,9.771291644985947,0.0,11.774595839971518
seed-12290-pa-0.50-pb-0.50,seed-12290-pa-0.50-pb-0.50:74,bandit,74,6.186967589003199,3.9818285799188344,0.4615384615384617,0.4615384615384617,0.0,0.0,3.0,9.74426552427511,0.0,14.185866047972942
seed-12290-pa-0.50-pb-0.50,seed-12290-pa-0.50-pb-0.50:75,bandit,75,6.061967589003199,4.08251063967915,0.5,0.5,0.0,0.0,3.0,9.757052248061354,0.0,16.476572745574295
seed-12290-pa-0.50-pb-0.50,seed-12290-pa-0.50-pb-0.50:76,bandit,76,6.203889734292549,3.957939504645157,0.4626865671641789,0.4626865671641789,0.0,0.0,-2.0,9.731886202822464,0.0,13.652744108295579
seed-12290-pa-0.50-pb-0.50,seed-12290-pa-0.50-pb-0.50:77,bandit,77,7.04858735157374,4.0598160181691565,0.5,0.5,0.0,0.0,3.0,9.74529189268134,0.0,15.970106902880799
seed-12290-pa-0.50-pb-0.50,seed-12290-pa-0.50-pb-0.50:78,bandit,78,6.5699361996449746,4.156598706016956,0.5,0.5,0.0,0.0,3.0,9.758027298047272,0.0,18.171601557736757
seed-12290-pa-0.50-pb-0.50,seed-12290-pa-0.50-pb-0.50:79,bandit,79,6.304882179158078,4.250303433277555,0.5362318840579712,0.5362318840579712,0.0,0.0,3.0,9.80635781720288,0.0,20.263021479849918
seed-12290-pa-0.50-pb-0.50,seed-12290-pa-0.50-pb-0.50:80,bandit,80,6.142675057605601,4.119156404721226,0.5,0.5,0.0,0.0,-2.0,9.816039926342736,0.0,17.249870405857422
seed-12290-pa-0.50-pb-0.50,seed-12290-pa-0.50-pb-0.50:81,bandit,81,7.042999079229087,4.214683636516888,0.535211267605634,0.535211267605634,0.0,0.0,3.0,9.860449197631233,0.0,19.38737688556455
seed-12290-pa-0.50-pb-0.50,seed-12290-pa-0.50-pb-0.50:82,bandit,82,6.42358735157374,4.307098526573915,0.5694444444444446,0.5694444444444446,0.0,0.0,3.0,9.936871182194116,0.0,21.41800804128632
seed-12290-pa-0.50-pb-0.50,seed-12290-pa-0.50-pb-0.50:83,bandit,83,6.29858735157374,4.396511102394275,0.6027397260273974,0.6027397260273974,0.0,0.0,3.0,10.042767349111807,0.0,23.347107639222003
seed-12290-pa-0.50-pb-0.50,seed-12290-pa-0.50-pb-0.50:84,bandit,84,6.237822278771571,4.261338041532328,0.5675675675675675,0.5675675675675675,0.0,0.0,-2.0,10.108196549223784,0.0,20.1797522572609
seed-12290-pa-0.50-pb-0.50,seed-12290-pa-0.50-pb-0.50:85,bandit,85,6.917999079229087,4.352905467914294,0.6000000000000001,0.6000000000000001,0.0,0.0,3.0,10.202786721762594,0.0,22.170764644397856
seed-12290-pa-0.50-pb-0.50,seed-12290-pa-0.50-pb-0.50:86,bandit,86,5.826413277982752,4.219826258482919,0.5657894736842106,0.5657894736842106,0.0,0.0,-2.0,10.258436859358675,0.0,19.062226412177964
seed-12290-pa-0.50-pb-0.50,seed-12290-pa-0.50-pb-0.50:87,bandit,87,5.475412651601648,4.091781283374869,0.5324675324675323,0.5324675324675323,0.0,0.0,-2.0,10.277982548858272,0.0,16.109115091569066
seed-12290-pa-0.50-pb-0.50,seed-12290-pa-0.50-pb-0.50:88,bandit,88,6.679882179158078,4.190081630848487,0.5641025641025643,0.5641025641025643,0.0,0.0,3.0,10.328185985517923,0.0,18.303659336990613
seed-12290-pa-0.50-pb-0.50,seed-12290-pa-0.50-pb-0.50:89,bandit,89,6.54858735157374,4.284965759298704,0.5949367088607596,0.5949367088607596,0.0,0.0,3.0,10.406713395102786,0.0,20.38847637014108
seed-12290-pa-0.50-pb-0.50,seed-12290-pa-0.50-pb-0.50:90,bandit,90,6.328889734292549,4.15512363925527,0.5625,0.5625,0.0,0.0,-2.0,10.448877725347646,0.0,17.369052551634027
seed-12290-pa-0.50-pb-0.50,seed-12290-pa-0.50-pb-0.50:91,bandit,91,5.876928011042974,4.030235859567438,0.5308641975308643,0.5308641975308643,0.0,0.0,-2.0,10.457298036611128,0.0,14.500599924052324
seed-12290-pa-0.50-pb-0.50,seed-12290-pa-0.50-pb-0.50:92,bandit,92,5.42974463538566,3.9100922096966144,0.5,0.5,0.0,0.0,-2.0,10.434433134780571,0.0,11.775569927849707
seed-12290-pa-0.50-pb-0.50,seed-12290-pa-0.50-pb-0.50:93,bandit,93,6.54858735157374,4.0158251963121145,0.5301204819277108,0.5301204819277108,0.0,0.0,3.0,10.442831959969253,0.0,14.186791431457221
seed-12290-pa-0.50-pb-0.50,seed-12290-pa-0.50-pb-0.50:94,bandit,94,6.42358735157374,4.117700782218435,0.5595238095238093,0.5595238095238093,0.0,0.0,3.0,10.480214171494598,0.0,16.47745185988436
seed-12290-pa-0.50-pb-0.50,seed-12290-pa-0.50-pb-0.50:95,bandit,95,6.078889734292549,3.994613544951039,0.5294117647058822,0.5294117647058822,0.0,0.0,-2.0,10.48561522762575,0.0,13.653579266890143
seed-12290-pa-0.50-pb-0.50,seed-12290-pa-0.50-pb-0.50:96,bandit,96,5.725206558916746,3.8762510108110355,0.5,0.5,0.0,0.0,-2.0,10.461334466244463,0.0,10.970900303545635
seed-12290-pa-0.50-pb-0.50,seed-12290-pa-0.50-pb-0.50:97,bandit,97,6.42358735157374,3.9836087420446504,0.5287356321839081,0.5287356321839081,0.0,0.0,3.0,10.467003375116146,0.0,13.422355288368353
seed-12290-pa-0.50-pb-0.50,seed-12290-pa-0.50-pb-0.50:98,bandit,98,6.08893946547494,3.865796448049966,0.5,0.5,0.0,0.0,-2.0,10.443653206360338,0.0,10.751237523949934
seed-12290-pa-0.50-pb-0.50,seed-12290-pa-0.50-pb-0.50:99,bandit,99,6.542999079229087,3.9803815139075986,0.6666666666666665,0.6666666666666665,0.0,0.0,3.0,10.588137212708986,0.0,13.213675647752437
seed-12303-pa-0.20-pb-0.35,seed-12303-pa-0.20-pb-0.35:0,bandit,0,4.203889734292549,2.912825855619838,0.5,0.5,0.0,0.0,0.0,0.5,0.0,0.0
seed-12303-pa-0.20-pb-0.35,seed-12303-pa-0.20-pb-0.35:1,bandit,1,3.849076984180108,2.8485527059463944,0.5,0.5,0.0,0.0,-2.0,0.975,0.0,-2.0
seed-12303-pa-0.20-pb-0.35,seed-12303-pa-0.20-pb-0.35:2,bandit,2,0.1004126516016477,2.7469862162372545,-0.3333333333333332,-0.3333333333333332,0.0,0.0,-2.0,0.5929166666666668,0.0,-3.9
seed-12304-pa-0.20-pb-0.50,seed-12304-pa-0.20-pb-0.50:0,bandit,0,4.203889734292549,2.912825855619838,0.5,0.5,0.0,0.0,0.0,0.5,0.0,0.0
seed-12304-pa-0.20-pb-0.50,seed-12304-pa-0.20-pb-0.50:1,bandit,1,3.849076984180108,2.8485527059463944,0.5,0.5,0.0,0.0,-2.0,0.975,0.0,-2.0
seed-12304-pa-0.20-pb-0.50,seed-12304-pa-0.20-pb-0.50:2,bandit,2,4.350412651601648,3.005898559405332,0.5,0.5,0.0,0.0,3.0,1.42625,0.0,1.1
seed-12304-pa-0.20-pb-0.50,seed-12304-pa-0.20-pb-0.50:3,bandit,3,2.7731232641398407,2.9369717745426134,0.5,0.5,0.0,0.0,-2.0,1.8549375,0.0,-0.9550000000000001
seed-12304-pa-0.20-pb-0.50,seed-12304-pa-0.20-pb-0.50:4,bandit,4,3.376928011042974,3.08989667457174,0.5,0.5,0.0,0.0,3.0,2.2621906249999997,0.0,2.09275
seed-12304-pa-0.20-pb-0.50,seed-12304-pa-0.20-pb-0.50:5,bandit,5,2.5019290813453736,3.0167699839507014,0.5,0.5,0.0,0.0,-2.0,2.6490810937499996,0.0,-0.01188750000000005
seed-12304-pa-0.20-pb-0.50,seed-12304-pa-0.20-pb-0.50:6,bandit,6,3.9102241504380864,3.2062119710287917,1.3333333333333337,1.3333333333333337,0.0,0.0,3.0,3.8499603723958336,0.0,2.988706875
seed-12304-pa-0.20-pb-0.50,seed-12304-pa-0.20-pb-0.50:7,bandit,7,2.8037006782765204,3.1677765131042688,1.3333333333333337,1.3333333333333337,0.0,0.0,-2.0,4.990795687109375,0.0,0.8392715312500001
seed-12304-pa-0.20-pb-0.50,seed-12304-pa-0.20-pb-0.50:8,bandit,8,2.099076984180108,3.0907558305566036,0.5,0.5,0.0,0.0,-2.0,5.241255902753906,0.0,-1.2026920453124998
seed-12310-pa-0.50-pb-0.35,seed-12310-pa-0.50-pb-0.35:0,bandit,0,4.203889734292549,2.912825855619838,0.5,0.5,0.0,0.0,0.0,0.5,0.0,0.0
seed-12310-pa-0.50-pb-0.35,seed-12310-pa-0.50-pb-0.35:1,bandit,1,4.42870067827652,3.1074650491144715,1.3333333333333337,1.3333333333333337,0.0,0.0,3.0,1.8083333333333336,0.0,3.0
seed-12310-pa-0.50-pb-0.35,seed-12310-pa-0.50-pb-0.35:2,bandit,2,0.951413277982752,3.2923722829343736,1.3333333333333337,1.3333333333333337,0.0,0.0,3.0,3.0512500000000005,0.0,5.85
seed-12311-pa-0.50-pb-0.65,seed-12311-pa-0.50-pb-0.65:0,bandit,0,4.203889734292549,2.912825855619838,0.5,0.5,0.0,0.0,0.0,0.5,0.0,0.0
seed-12311-pa-0.50-pb-0.65,seed-12311-pa-0.50-pb-0.65:1,bandit,1,4.42870067827652,3.1074650491144715,1.3333333333333337,1.3333333333333337,0.0,0.0,3.0,1.8083333333333336,0.0,3.0
seed-12311-pa-0.50-pb-0.65,seed-12311-pa-0.50-pb-0.65:2,bandit,2,3.201413277982752,3.3126257816940576,1.75,1.75,0.0,0.0,3.0,3.4679166666666665,0.0,5.85
seed-12311-pa-0.50-pb-0.65,seed-12311-pa-0.50-pb-0.65:3,bandit,3,2.67974463538566,3.507528477644665,1.75,1.75,0.0,0.0,3.0,5.044520833333333,0.0,8.5575
seed-12311-pa-0.50-pb-0.65,seed-12311-pa-0.50-pb-0.65:4,bandit,4,2.4734445810050545,3.474280693149032,1.75,1.75,0.0,0.0,-2.0,6.5422947916666665,0.0,6.129624999999999
seed-12311-pa-0.50-pb-0.65,seed-12311-pa-0.50-pb-0.65:5,bandit,5,3.80370067827652,3.673252742782701,2.0,2.0,0.0,0.0,3.0,8.215180052083333,0.0,8.82314375
seed-12311-pa-0.50-pb-0.65,seed-12311-pa-0.50-pb-0.65:6,bandit,6,2.781150136248314,3.8622761899346862,2.0,2.0,0.0,0.0,3.0,9.804421049479167,0.0,11.3819865625
seed-12311-pa-0.50-pb-0.65,seed-12311-pa-0.50-pb-0.65:7,bandit,7,2.8868710061149017,4.0499498642329455,2.166666666666667,2.166666666666667,0.0,0.0,3.0,11.480866663671875,0.0,13.812887234375
seed-12311-pa-0.50-pb-0.65,seed-12311-pa-0.50-pb-0.65:8,bandit,8,2.9754126516016477,4.228239854816293,2.166666666666667,2.166666666666667,0.0,0.0,3.0,13.073489997154947,0.0,16.12224287265625
seed-12311-pa-0.50-pb-0.65,seed-12311-pa-0.50-pb-0.65:9,bandit,9,3.531150136248314,4.40340205980181,2.2857142857142856,2.2857142857142856,0.0,0.0,3.0,14.705529783011485,0.0,18.31613072902344
seed-12311-pa-0.50-pb-0.65,seed-12311-pa-0.50-pb-0.65:10,bandit,10,2.0231232641398407,4.351400808889343,2.2857142857142856,2.2857142857142856,0.0,0.0,-2.0,16.255967579575195,0.0,15.400324192572267
seed-12311-pa-0.50-pb-0.65,seed-12311-pa-0.50-pb-0.65:11,bandit,11,4.349076984180108,4.524745001619712,2.375,2.375,0.0,0.0,3.0,17.818169200596436,0.0,17.630307982943656
seed-12311-pa-0.50-pb-0.65,seed-12311-pa-0.50-pb-0.65:12,bandit,12,4.281150136248314,4.692797567840176,2.4444444444444446,2.4444444444444446,0.0,0.0,3.0,19.37170518501106,0.0,19.748792583796472
seed-12311-pa-0.50-pb-0.65,seed-12311-pa-0.50-pb-0.65:13,bandit,13,4.325939419878843,4.855147972250909,2.5,2.5,0.0,0.0,3.0,20.903119925760507,0.0,21.761352954606647
seed-12311-pa-0.50-pb-0.65,seed-12311-pa-0.50-pb-0.65:14,bandit,14,4.001929081345374,5.009380856441105,2.5,2.5,0.0,0.0,3.0,22.35796392947248,0.0,23.673285306876313
seed-12311-pa-0.50-pb-0.65,seed-12311-pa-0.50-pb-0.65:15,bandit,15,4.700939419878843,5.158111569013756,2.545454545454546,2.545454545454546,0.0,0.0,3.0,23.7855202784534,0.0,25.489621041532494
seed-12311-pa-0.50-pb-0.65,seed-12311-pa-0.50-pb-0.65:16,bandit,16,2.4431471805599436,5.081000400309065,2.545454545454546,2.545454545454546,0.0,0.0,-2.0,25.141698809985275,0.0,22.215139989455867
seed-12311-pa-0.50-pb-0.65,seed-12311-pa-0.50-pb-0.65:17,bandit,17,2.099076984180108,5.00774479003961,2.545454545454546,2.545454545454546,0.0,0.0,-2.0,26.430068414940557,0.0,19.104382989983073
seed-12311-pa-0.50-pb-0.65,seed-12311-pa-0.50-pb-0.65:18,bandit,18,4.656150136248314,5.156557305932337,2.545454545454546,2.545454545454546,0.0,0.0,3.0,27.654019539648075,0.0,21.14916384048392
seed-12311-pa-0.50-pb-0.65,seed-12311-pa-0.50-pb-0.65:19,bandit,19,2.825939419878843,5.079523850381717,2.545454545454546,2.545454545454546,0.0,0.0,-2.0,28.816773108120216,0.0,18.091705648459723
seed-12324-pa-0.65-pb-0.65,seed-12324-pa-0.65-pb-0.65:0,bandit,0,4.203889734292549,2.912825855619838,0.5,0.5,0.0,0.0,0.0,0.5,0.0,0.0
seed-12324-pa-0.65-pb-0.65,seed-12324-pa-0.65-pb-0.65:1,bandit,1,4.42870067827652,3.1074650491144715,1.3333333333333337,1.3333333333333337,0.0,0.0,3.0,1.8083333333333336,0.0,3.0
seed-12324-pa-0.65-pb-0.65,seed-12324-pa-0.65-pb-0.65:2,bandit,2,2.501928011042974,3.0739669372856646,1.3333333333333337,1.3333333333333337,0.0,0.0,-2.0,3.0512500000000005,0.0,0.8499999999999996
seed-12324-pa-0.65-pb-0.65,seed-12324-pa-0.65-pb-0.65:3,bandit,3,2.6368710061149017,3.280802575456691,1.75,1.75,0.0,0.0,3.0,4.6486875,0.0,3.8074999999999997
seed-12324-pa-0.65-pb-0.65,seed-12324-pa-0.65-pb-0.65:4,bandit,4,1.6882616875182244,3.2224347883030258,1.0,1.0,0.0,0.0,-2.0,5.416253125,0.0,1.6171249999999997
seed-12324-pa-0.65-pb-0.65,seed-12324-pa-0.65-pb-0.65:5,bandit,5,3.001928011042974,3.385390736155753,1.0,1.0,0.0,0.0,3.0,6.1454404687499995,0.0,4.53626875
seed-12324-pa-0.65-pb-0.65,seed-12324-pa-0.65-pb-0.65:6,bandit,6,1.8259394198788428,3.2974893424555134,0.5,0.5,0.0,0.0,-2.0,6.338168445312499,0.0,2.309455312499999
seed-12324-pa-0.65-pb-0.65,seed-12324-pa-0.65-pb-0.65:7,bandit,7,3.561967589003199,3.4566925626006157,1.0,1.0,0.0,0.0,3.0,7.0212600230468745,0.0,5.193982546874999
seed-12324-pa-0.65-pb-0.65,seed-12324-pa-0.65-pb-0.65:8,bandit,8,2.5632616875182244,3.6079356217384633,1.0,1.0,0.0,0.0,3.0,7.670197021894531,0.0,7.934283419531249
seed-12324-pa-0.65-pb-0.65,seed-12324-pa-0.65-pb-0.65:9,bandit,9,2.8769290813453736,3.7576925775473238,1.125,1.125,0.0,0.0,3.0,8.411687170799803,0.0,10.537569248554686
seed-12324-pa-0.65-pb-0.65,seed-12324-pa-0.65-pb-0.65:10,bandit,10,3.392675057605601,3.910088434945583,1.3333333333333337,1.3333333333333337,0.0,0.0,3.0,9.324436145593147,0.0,13.01069078612695
seed-12324-pa-0.65-pb-0.65,seed-12324-pa-0.65-pb-0.65:11,bandit,11,3.392675057605601,4.0629658989778035,1.5,1.5,0.0,0.0,3.0,10.35821433831349,0.0,15.360156246820603
seed-12324-pa-0.65-pb-0.65,seed-12324-pa-0.65-pb-0.65:12,bandit,12,3.5075990353171704,3.9743278360159446,1.1818181818181817,1.1818181818181817,0.0,0.0,-2.0,11.022121803215995,0.0,12.592148434479572
seed-12324-pa-0.65-pb-0.65,seed-12324-pa-0.65-pb-0.65:13,bandit,13,5.1630413716877825,4.115891930490773,1.3333333333333337,1.3333333333333337,0.0,0.0,3.0,11.804349046388529,0.0,14.962541012755594
seed-12324-pa-0.65-pb-0.65,seed-12324-pa-0.65-pb-0.65:14,bandit,14,4.929882179158078,4.25037782024186,1.3333333333333337,1.3333333333333337,0.0,0.0,3.0,12.547464927402435,0.0,17.214413962117813
seed-12324-pa-0.65-pb-0.65,seed-12324-pa-0.65-pb-0.65:15,bandit,15,5.15475041827262,4.384371261277603,1.4615384615384617,1.4615384615384617,0.0,0.0,3.0,13.381630142570774,0.0,19.353693264011923
seed-12324-pa-0.65-pb-0.65,seed-12324-pa-0.65-pb-0.65:16,bandit,16,5.15475041827262,4.517006612352025,1.5714285714285716,1.5714285714285716,0.0,0.0,3.0,14.283977206870807,0.0,21.386008600811326
seed-12324-pa-0.65-pb-0.65,seed-12324-pa-0.65-pb-0.65:17,bandit,17,4.474076984180108,4.413031422361341,1.3333333333333337,1.3333333333333337,0.0,0.0,-2.0,14.903111679860599,0.0,18.31670817077076
seed-12324-pa-0.65-pb-0.65,seed-12324-pa-0.65-pb-0.65:18,bandit,18,3.5681471805599436,4.31425499187019,1.3333333333333337,1.3333333333333337,0.0,0.0,-2.0,15.491289429200902,0.0,15.400872762232222
seed-12324-pa-0.65-pb-0.65,seed-12324-pa-0.65-pb-0.65:19,bandit,19,3.575939419878843,4.210290633523755,1.125,1.125,0.0,0.0,-2.0,15.841724957740857,0.0,12.630829124120611
seed-12324-pa-0.65-pb-0.65,seed-12324-pa-0.65-pb-0.65:20,bandit,20,3.3037006782765204,4.102589125994781,0.9411764705882356,0.9411764705882356,0.0,0.0,-2.0,15.990815180442048,0.0,9.99928766791458
seed-12324-pa-0.65-pb-0.65,seed-12324-pa-0.65-pb-0.65:21,bandit,21,5.21393946547494,4.224237823464211,1.0555555555555554,1.0555555555555554,0.0,0.0,3.0,16.2468299769755,0.0,12.49932328451885
seed-12324-pa-0.65-pb-0.65,seed-12324-pa-0.65-pb-0.65:22,bandit,22,4.811967589003199,4.34477862961518,1.1578947368421053,1.1578947368421053,0.0,0.0,3.0,16.59238321496883,0.0,14.874357120292906
seed-12324-pa-0.65-pb-0.65,seed-12324-pa-0.65-pb-0.65:23,bandit,23,4.943147180559944,4.233212039753591,1.0,1.0,0.0,0.0,-2.0,16.762764054220387,0.0,12.13063926427826
seed-12324-pa-0.65-pb-0.65,seed-12324-pa-0.65-pb-0.65:24,bandit,24,5.28364569998304,4.35025849617886,1.0952380952380951,1.0952380952380951,0.0,0.0,3.0,17.019863946747464,0.0,14.524107301064346
seed-12324-pa-0.65-pb-0.65,seed-12324-pa-0.65-pb-0.65:25,bandit,25,4.42870067827652,4.23620844039712,0.9545454545454546,0.9545454545454546,0.0,0.0,-2.0,17.123416203955543,0.0,11.797901936011128
seed-12324-pa-0.65-pb-0.65,seed-12324-pa-0.65-pb-0.65:26,bandit,26,3.55474463538566,4.123126303278827,0.8571428571428572,0.8571428571428572,0.0,0.0,-2.0,17.124388250900623,0.0,9.20800683921057
seed-12324-pa-0.65-pb-0.65,seed-12324-pa-0.65-pb-0.65:27,bandit,27,3.7378222787715703,4.015698273016449,0.8571428571428572,0.8571428571428572,0.0,0.0,-2.0,17.12531169549845,0.0,6.747606497250041
seed-12324-pa-0.65-pb-0.65,seed-12324-pa-0.65-pb-0.65:28,bandit,28,5.0380413716877825,4.132046989915899,0.8571428571428572,0.8571428571428572,0.0,0.0,3.0,17.126188967866383,0.0,9.410226172387539
seed-12324-pa-0.65-pb-0.65,seed-12324-pa-0.65-pb-0.65:29,bandit,29,4.90475041827262,4.243913666492993,0.8846153846153846,0.8846153846153846,0.0,0.0,3.0,17.15449490408845,0.0,11.939714863768161
seed-12324-pa-0.65-pb-0.65,seed-12324-pa-0.65-pb-0.65:30,bandit,30,5.141034256080317,4.353995359435361,0.9629629629629628,0.9629629629629628,0.0,0.0,3.0,17.25973312184699,0.0,14.342729120579753
seed-12324-pa-0.65-pb-0.65,seed-12324-pa-0.65-pb-0.65:31,bandit,31,5.141034256080317,4.462109292910872,1.0357142857142856,1.0357142857142856,0.0,0.0,3.0,17.432460751468923,0.0,16.625592664550766
seed-12324-pa-0.65-pb-0.65,seed-12324-pa-0.65-pb-0.65:32,bandit,32,5.014163456931506,4.56810997039768,1.103448275862069,1.103448275862069,0.0,0.0,3.0,17.664285989757545,0.0,18.794313031323227
seed-12324-pa-0.65-pb-0.65,seed-12324-pa-0.65-pb-0.65:33,bandit,33,4.766034256080317,4.671883558649548,1.1666666666666663,1.1666666666666663,0.0,0.0,3.0,17.947738356936334,0.0,20.854597379757067
seed-12324-pa-0.65-pb-0.65,seed-12324-pa-0.65-pb-0.65:34,bandit,34,5.05474463538566,4.547097747950643,1.064516129032258,1.064516129032258,0.0,0.0,-2.0,18.114867568121774,0.0,17.81186751076921
seed-12324-pa-0.65-pb-0.65,seed-12324-pa-0.65-pb-0.65:35,bandit,35,5.520541900901097,4.649896597448894,1.125,1.125,0.0,0.0,3.0,18.334124189715684,0.0,19.92127413523075
seed-12324-pa-0.65-pb-0.65,seed-12324-pa-0.65-pb-0.65:36,bandit,36,5.389163456931506,4.750317345212189,1.1818181818181817,1.1818181818181817,0.0,0.0,3.0,18.59923616204808,0.0,21.92521042846921
seed-12324-pa-0.65-pb-0.65,seed-12324-pa-0.65-pb-0.65:37,bandit,37,5.261047744848593,4.8483164351072805,1.2352941176470589,1.2352941176470589,0.0,0.0,3.0,18.904568471592732,0.0,23.82894990704575
seed-12324-pa-0.65-pb-0.65,seed-12324-pa-0.65-pb-0.65:38,bandit,38,5.137509570276173,4.943866414055006,1.2857142857142856,1.2857142857142856,0.0,0.0,3.0,19.245054333727378,0.0,25.63750241169346
seed-12324-pa-0.65-pb-0.65,seed-12324-pa-0.65-pb-0.65:39,bandit,39,4.889163456931506,5.036953579627881,1.3333333333333337,1.3333333333333337,0.0,0.0,3.0,19.61613495037434,0.0,27.355627291108785
seed-12324-pa-0.65-pb-0.65,seed-12324-pa-0.65-pb-0.65:40,bandit,40,4.766034256080317,5.127575954355592,1.3783783783783785,1.3783783783783785,0.0,0.0,3.0,20.013706581234004,0.0,28.987845926553344
seed-12324-pa-0.65-pb-0.65,seed-12324-pa-0.65-pb-0.65:41,bandit,41,4.887509570276173,5.215741537389161,1.4210526315789471,1.4210526315789471,0.0,0.0,3.0,20.434073883751253,0.0,30.538453630225675
seed-12324-pa-0.65-pb-0.65,seed-12324-pa-0.65-pb-0.65:42,bandit,42,5.386047744848593,5.30146679256754,1.4615384615384617,1.4615384615384617,0.0,0.0,3.0,20.87390865110215,0.0,32.011530948714395
seed-12324-pa-0.65-pb-0.65,seed-12324-pa-0.65-pb-0.65:43,bandit,43,4.203889734292549,5.160293943442047,1.375,1.375,0.0,0.0,-2.0,21.20521321854704,0.0,28.410954401278673
seed-12324-pa-0.65-pb-0.65,seed-12324-pa-0.65-pb-0.65:44,bandit,44,3.436967589003199,5.022178435798356,1.292682926829268,1.292682926829268,0.0,0.0,-2.0,21.437635484448958,0.0,24.990406681214736
seed-12324-pa-0.65-pb-0.65,seed-12324-pa-0.65-pb-0.65:45,bandit,45,3.78364569998304,4.887157940704016,1.2142857142857144,1.2142857142857144,0.0,0.0,-2.0,21.580039424512226,0.0,21.740886347154
seed-12324-pa-0.65-pb-0.65,seed-12324-pa-0.65-pb-0.65:46,bandit,46,5.651300195186874,4.977293816013102,1.2142857142857144,1.2142857142857144,0.0,0.0,3.0,21.71532316757233,0.0,23.653842029796298
seed-12324-pa-0.65-pb-0.65,seed-12324-pa-0.65-pb-0.65:47,bandit,47,4.90475041827262,5.064941518695573,1.255813953488372,1.255813953488372,0.0,0.0,3.0,21.88537096268208,0.0,25.47114992830648
seed-12324-pa-0.65-pb-0.65,seed-12324-pa-0.65-pb-0.65:48,bandit,48,5.268149927917811,5.150133701876449,1.2954545454545454,1.2954545454545454,0.0,0.0,3.0,22.086556960002522,0.0,27.197592431891156
seed-12324-pa-0.65-pb-0.65,seed-12324-pa-0.65-pb-0.65:49,bandit,49,5.141034256080317,5.232907503058252,1.3333333333333337,1.3333333333333337,0.0,0.0,3.0,22.315562445335726,0.0,28.837712810296598
seed-12324-pa-0.65-pb-0.65,seed-12324-pa-0.65-pb-0.65:50,bandit,50,5.141034256080317,5.313303787986155,1.3695652173913042,1.3695652173913042,0.0,0.0,3.0,22.569349540460244,0.0,30.395827169781768
seed-12324-pa-0.65-pb-0.65,seed-12324-pa-0.65-pb-0.65:51,bandit,51,5.139163456931506,5.391366488906675,1.4042553191489362,1.4042553191489362,0.0,0.0,3.0,22.84513738258617,0.0,31.876035811292677
seed-12324-pa-0.65-pb-0.65,seed-12324-pa-0.65-pb-0.65:52,bandit,52,5.389163456931506,5.467142025426887,1.4375,1.4375,0.0,0.0,3.0,23.14038051345686,0.0,33.28223402072804
seed-12324-pa-0.65-pb-0.65,seed-12324-pa-0.65-pb-0.65:53,bandit,53,5.141034256080317,5.540678797781269,1.469387755102041,1.469387755102041,0.0,0.0,3.0,23.452749242886057,0.0,34.618122319691636
seed-12324-pa-0.65-pb-0.65,seed-12324-pa-0.65-pb-0.65:54,bandit,54,4.953889734292549,5.388760558320671,1.4,1.4,0.0,0.0,-2.0,23.68011178074175,0.0,30.887216203707055
seed-12324-pa-0.65-pb-0.65,seed-12324-pa-0.65-pb-0.65:55,bandit,55,5.768149927917811,5.464368545800189,1.4313725490196076,1.4313725490196076,0.0,0.0,3.0,23.92747874072427,0.0,32.3428553935217
seed-12324-pa-0.65-pb-0.65,seed-12324-pa-0.65-pb-0.65:56,bandit,56,5.762509570276173,5.537662450558016,1.4615384615384617,1.4615384615384617,0.0,0.0,3.0,24.192643265226515,0.0,33.72571262384562
seed-12324-pa-0.65-pb-0.65,seed-12324-pa-0.65-pb-0.65:57,bandit,57,5.758614483762177,5.608702644026376,1.490566037735849,1.490566037735849,0.0,0.0,3.0,24.47357713970104,0.0,35.03942699265333
seed-12324-pa-0.65-pb-0.65,seed-12324-pa-0.65-pb-0.65:58,bandit,58,5.203889734292549,5.454643429954126,1.425925925925926,1.425925925925926,0.0,0.0,-2.0,24.675824208641913,0.0,31.287455643020664
seed-12324-pa-0.65-pb-0.65,seed-12324-pa-0.65-pb-0.65:59,bandit,59,5.891034256080317,5.528083671643953,1.4545454545454546,1.4545454545454546,0.0,0.0,3.0,24.896578452755268,0.0,32.723082860869624
seed-12324-pa-0.65-pb-0.65,seed-12324-pa-0.65-pb-0.65:60,bandit,60,4.71393946547494,5.376447985654341,1.3928571428571428,1.3928571428571428,0.0,0.0,-2.0,25.044606672974645,0.0,29.08692871782614
seed-12324-pa-0.65-pb-0.65,seed-12324-pa-0.65-pb-0.65:61,bandit,61,4.4449361996449746,5.229500726998539,1.3333333333333337,1.3333333333333337,0.0,0.0,-2.0,25.125709672659244,0.0,25.63258228193483
seed-12324-pa-0.65-pb-0.65,seed-12324-pa-0.65-pb-0.65:62,bandit,62,6.508614483762177,5.309702969942148,1.3620689655172415,1.3620689655172415,0.0,0.0,3.0,25.23149315454352,0.0,27.35095316783809
seed-12324-pa-0.65-pb-0.65,seed-12324-pa-0.65-pb-0.65:63,bandit,63,6.134755911000223,5.387244544840623,1.389830508474576,1.389830508474576,0.0,0.0,3.0,25.35974900529092,0.0,28.983405509446182
seed-12324-pa-0.65-pb-0.65,seed-12324-pa-0.65-pb-0.65:64,bandit,64,6.008614483762177,5.462213503626154,1.4166666666666663,1.4166666666666663,0.0,0.0,3.0,25.50842822169304,0.0,30.53423523397387
seed-12324-pa-0.65-pb-0.65,seed-12324-pa-0.65-pb-0.65:65,bandit,65,6.007606094404334,5.534695707837766,1.442622950819672,1.442622950819672,0.0,0.0,3.0,25.67562976142806,0.0,32.007523472275174
seed-12324-pa-0.65-pb-0.65,seed-12324-pa-0.65-pb-0.65:66,bandit,66,5.759755911000223,5.604774795418176,1.467741935483871,1.467741935483871,0.0,0.0,3.0,25.859590208840526,0.0,33.407147298661414
seed-12324-pa-0.65-pb-0.65,seed-12324-pa-0.65-pb-0.65:67,bandit,67,5.883614483762177,5.67253216049801,1.492063492063492,1.492063492063492,0.0,0.0,3.0,26.058674190461993,0.0,34.736789933728346
seed-12340-pa-0.65-pb-0.65,seed-12340-pa-0.65-pb-0.65:0,bandit,0,4.203889734292549,2.912825855619838,0.5,0.5,0.0,0.0,0.0,0.5,0.0,0.0
seed-12340-pa-0.65-pb-0.65,seed-12340-pa-0.65-pb-0.65:1,bandit,1,4.42870067827652,3.1074650491144715,1.3333333333333337,1.3333333333333337,0.0,0.0,3.0,1.8083333333333336,0.0,3.0
seed-12340-pa-0.65-pb-0.65,seed-12340-pa-0.65-pb-0.65:2,bandit,2,3.6368710061149017,3.033459939766296,0.5,0.5,0.0,0.0,-2.0,2.2179166666666665,0.0,0.8499999999999996
seed-12340-pa-0.65-pb-0.65,seed-12340-pa-0.65-pb-0.65:3,bandit,3,4.71393946547494,3.20586463004586,1.0,1.0,0.0,0.0,3.0,3.107020833333333,0.0,3.8074999999999997
seed-12340-pa-0.65-pb-0.65,seed-12340-pa-0.65-pb-0.65:4,bandit,4,1.9754126516016477,3.1269395416511148,0.5,0.5,0.0,0.0,-2.0,3.4516697916666663,0.0,1.6171249999999997
seed-12340-pa-0.65-pb-0.65,seed-12340-pa-0.65-pb-0.65:5,bandit,5,4.600206558916746,3.310873050844185,1.3333333333333337,1.3333333333333337,0.0,0.0,3.0,4.612419635416667,0.0,4.53626875
seed-12340-pa-0.65-pb-0.65,seed-12340-pa-0.65-pb-0.65:6,bandit,6,3.6602241504380864,3.485609884577601,1.3333333333333337,1.3333333333333337,0.0,0.0,3.0,5.715131986979167,0.0,7.309455312499999
seed-12340-pa-0.65-pb-0.65,seed-12340-pa-0.65-pb-0.65:7,bandit,7,3.1602241504380864,3.651609876624347,1.3333333333333337,1.3333333333333337,0.0,0.0,3.0,6.762708720963542,0.0,9.943982546874999
seed-12340-pa-0.65-pb-0.65,seed-12340-pa-0.65-pb-0.65:8,bandit,8,3.0984445810050545,3.590904523420046,1.3333333333333337,1.3333333333333337,0.0,0.0,-2.0,7.757906618248699,0.0,7.446783419531249
seed-12340-pa-0.65-pb-0.65,seed-12340-pa-0.65-pb-0.65:9,bandit,9,4.328889734292549,3.751639783524669,1.3333333333333337,1.3333333333333337,0.0,0.0,3.0,8.703344620669597,0.0,10.074444248554686
seed-12340-pa-0.65-pb-0.65,seed-12340-pa-0.65-pb-0.65:10,bandit,10,4.0699361996449746,3.9043382806240614,1.3333333333333337,1.3333333333333337,0.0,0.0,3.0,9.60151072296945,0.0,12.57072203612695
seed-12340-pa-0.65-pb-0.65,seed-12340-pa-0.65-pb-0.65:11,bandit,11,4.292999079229087,4.049401852868484,1.3333333333333337,1.3333333333333337,0.0,0.0,3.0,10.454768520154312,0.0,14.942185934320602
seed-12340-pa-0.65-pb-0.65,seed-12340-pa-0.65-pb-0.65:12,bandit,12,4.1630413716877825,4.193444092272896,1.4615384615384617,1.4615384615384617,0.0,0.0,3.0,11.393568555685057,0.0,17.195076637604572
seed-12340-pa-0.65-pb-0.65,seed-12340-pa-0.65-pb-0.65:13,bandit,13,4.4130413716877825,4.335625801797553,1.5714285714285716,1.5714285714285716,0.0,0.0,3.0,12.395318699329374,0.0,19.335322805724342
seed-12340-pa-0.65-pb-0.65,seed-12340-pa-0.65-pb-0.65:14,bandit,14,4.40864569998304,4.475327796991048,1.6666666666666663,1.6666666666666663,0.0,0.0,3.0,13.44221943102957,0.0,21.368556665438124
seed-12340-pa-0.65-pb-0.65,seed-12340-pa-0.65-pb-0.65:15,bandit,15,3.975206558916746,4.378499922458333,1.4375,1.4375,0.0,0.0,-2.0,14.207608459478092,0.0,18.300128832166216
seed-12340-pa-0.65-pb-0.65,seed-12340-pa-0.65-pb-0.65:16,bandit,16,4.78364569998304,4.5093864708508935,1.5294117647058822,1.5294117647058822,0.0,0.0,3.0,15.026639801210068,0.0,20.385122390557903
seed-12340-pa-0.65-pb-0.65,seed-12340-pa-0.65-pb-0.65:17,bandit,17,4.776300195186874,4.637699966090431,1.6111111111111112,1.6111111111111112,0.0,0.0,3.0,15.886418922260676,0.0,22.365866271030008
seed-12340-pa-0.65-pb-0.65,seed-12340-pa-0.65-pb-0.65:18,bandit,18,4.648245464372426,4.763151031964426,1.6842105263157894,1.6842105263157894,0.0,0.0,3.0,16.77630850246343,0.0,24.247572957478507
seed-12340-pa-0.65-pb-0.65,seed-12340-pa-0.65-pb-0.65:19,bandit,19,4.54858735157374,4.654970020496996,1.5,1.5,0.0,0.0,-2.0,17.437493077340257,0.0,21.03519430960458
seed-12340-pa-0.65-pb-0.65,seed-12340-pa-0.65-pb-0.65:20,bandit,20,3.2378222787715707,4.544096660099062,1.3333333333333337,1.3333333333333337,0.0,0.0,-2.0,17.898951756806575,0.0,17.98343459412435
seed-12340-pa-0.65-pb-0.65,seed-12340-pa-0.65-pb-0.65:21,bandit,21,5.273245464372426,4.660854767689677,1.4090909090909092,1.4090909090909092,0.0,0.0,3.0,18.413095078057154,0.0,20.084262864418132
seed-12340-pa-0.65-pb-0.65,seed-12340-pa-0.65-pb-0.65:22,bandit,22,4.898245464372426,4.775137210801579,1.4782608695652173,1.4782608695652173,0.0,0.0,3.0,18.970701193719513,0.0,22.080049721197224
seed-12340-pa-0.65-pb-0.65,seed-12340-pa-0.65-pb-0.65:23,bandit,23,5.17358735157374,4.89691433529681,1.75,1.75,0.0,0.0,3.0,19.772166134033537,0.0,23.97604723513736
seed-12340-pa-0.65-pb-0.65,seed-12340-pa-0.65-pb-0.65:24,bandit,24,5.276300195186874,5.012602603567279,1.75,1.75,0.0,0.0,3.0,20.533557827331858,0.0,25.777244873380493
seed-12340-pa-0.65-pb-0.65,seed-12340-pa-0.65-pb-0.65:25,bandit,25,5.398245464372426,5.122506458424224,1.75,1.75,0.0,0.0,3.0,21.256879935965266,0.0,27.488382629711467
seed-12340-pa-0.65-pb-0.65,seed-12340-pa-0.65-pb-0.65:26,bandit,26,5.151300195186874,5.226915120538322,1.75,1.75,0.0,0.0,3.0,21.944035939167,0.0,29.113963498225893
seed-12340-pa-0.65-pb-0.65,seed-12340-pa-0.65-pb-0.65:27,bandit,27,4.929882179158078,5.107698003898007,1.75,1.75,0.0,0.0,-2.0,22.59683414220865,0.0,25.6582653233146
seed-12340-pa-0.65-pb-0.65,seed-12340-pa-0.65-pb-0.65:28,bandit,28,5.65864569998304,5.212847088738417,1.75,1.75,0.0,0.0,3.0,23.216992435098216,0.0,27.375352057148866
seed-12340-pa-0.65-pb-0.65,seed-12340-pa-0.65-pb-0.65:29,bandit,29,5.52975041827262,5.312738719336806,1.75,1.75,0.0,0.0,3.0,23.806142813343303,0.0,29.00658445429142
seed-12340-pa-0.65-pb-0.65,seed-12340-pa-0.65-pb-0.65:30,bandit,30,5.520541900901097,5.4076357684052745,1.75,1.75,0.0,0.0,3.0,24.365835672676138,0.0,30.55625523157685
seed-12340-pa-0.65-pb-0.65,seed-12340-pa-0.65-pb-0.65:31,bandit,31,5.523245464372426,5.49778796502032,1.75,1.75,0.0,0.0,3.0,24.89754388904233,0.0,32.028442469998005
seed-12340-pa-0.65-pb-0.65,seed-12340-pa-0.65-pb-0.65:32,bandit,32,5.401300195186874,5.583432551804615,1.75,1.75,0.0,0.0,3.0,25.40266669459021,0.0,33.427020346498104
seed-12340-pa-0.65-pb-0.65,seed-12340-pa-0.65-pb-0.65:33,bandit,33,5.40864569998304,5.4463895636009845,1.75,1.75,0.0,0.0,-2.0,25.882533359860698,0.0,29.755669329173198
seed-12340-pa-0.65-pb-0.65,seed-12340-pa-0.65-pb-0.65:34,bandit,34,5.65864569998304,5.534604070456245,1.75,1.75,0.0,0.0,3.0,26.33840669186766,0.0,31.267885862714536
seed-12340-pa-0.65-pb-0.65,seed-12340-pa-0.65-pb-0.65:35,bandit,35,5.90864569998304,5.630559951224553,2.0,2.0,0.0,0.0,3.0,27.021486357274277,0.0,32.704491569578806
seed-12340-pa-0.65-pb-0.65,seed-12340-pa-0.65-pb-0.65:36,bandit,36,5.554882179158078,5.503312692305736,2.0,2.0,0.0,0.0,-2.0,27.67041203941056,0.0,29.069266991099866
seed-12340-pa-0.65-pb-0.65,seed-12340-pa-0.65-pb-0.65:37,bandit,37,4.71393946547494,5.382427796332861,2.0,2.0,0.0,0.0,-2.0,28.286891437440033,0.0,25.615803641544872
seed-12340-pa-0.65-pb-0.65,seed-12340-pa-0.65-pb-0.65:38,bandit,38,6.65475041827262,5.485992490807337,2.0,2.0,0.0,0.0,3.0,28.87254686556803,0.0,27.33501345946763
seed-12340-pa-0.65-pb-0.65,seed-12340-pa-0.65-pb-0.65:39,bandit,39,5.46393946547494,5.365973604909382,2.0,2.0,0.0,0.0,-2.0,29.428919522289625,0.0,23.968262786494247
seed-12340-pa-0.65-pb-0.65,seed-12340-pa-0.65-pb-0.65:40,bandit,40,4.328889734292549,5.251955663306324,2.0,2.0,0.0,0.0,-2.0,29.957473546175144,0.0,20.769849647169533
seed-12340-pa-0.65-pb-0.65,seed-12340-pa-0.65-pb-0.65:41,bandit,41,3.9102241504380864,5.111233020767925,1.3333333333333337,1.3333333333333337,0.0,0.0,-2.0,29.79293320219972,0.0,17.731357164811055
seed-12340-pa-0.65-pb-0.65,seed-12340-pa-0.65-pb-0.65:42,bandit,42,4.100206558916746,4.9775465103564445,1.3333333333333337,1.3333333333333337,0.0,0.0,-2.0,29.636619875423065,0.0,14.844789306570501
seed-12340-pa-0.65-pb-0.65,seed-12340-pa-0.65-pb-0.65:43,bandit,43,6.1630413716877825,5.068949671114248,1.3333333333333337,1.3333333333333337,0.0,0.0,3.0,29.488122214985243,0.0,17.102549841241974
seed-12340-pa-0.65-pb-0.65,seed-12340-pa-0.65-pb-0.65:44,bandit,44,5.0699361996449746,4.937377328185452,1.3333333333333337,1.3333333333333337,0.0,0.0,-2.0,29.34704943756931,0.0,14.247422349179875
seed-12340-pa-0.65-pb-0.65,seed-12340-pa-0.65-pb-0.65:45,bandit,45,6.4130413716877825,5.030788948051804,1.3333333333333337,1.3333333333333337,0.0,0.0,3.0,29.213030299024176,0.0,16.535051231720878
seed-12340-pa-0.65-pb-0.65,seed-12340-pa-0.65-pb-0.65:46,bandit,46,5.679882179158078,4.90112464127613,1.3333333333333337,1.3333333333333337,0.0,0.0,-2.0,29.0857121174063,0.0,13.708298670134834
seed-12340-pa-0.65-pb-0.65,seed-12340-pa-0.65-pb-0.65:47,bandit,47,6.40864569998304,4.99634889548795,1.3333333333333337,1.3333333333333337,0.0,0.0,3.0,28.964759844869313,0.0,16.022883736628092
seed-12340-pa-0.65-pb-0.65,seed-12340-pa-0.65-pb-0.65:48,bandit,48,6.27975041827262,5.086811936989178,1.3333333333333337,1.3333333333333337,0.0,0.0,3.0,28.84985518595918,0.0,18.221739549796688
seed-12340-pa-0.65-pb-0.65,seed-12340-pa-0.65-pb-0.65:49,bandit,49,6.270541900901097,5.172751826415344,1.3333333333333337,1.3333333333333337,0.0,0.0,3.0,28.74069575999455,0.0,20.310652572306854
seed-12340-pa-0.65-pb-0.65,seed-12340-pa-0.65-pb-0.65:50,bandit,50,6.145541900901097,5.254394721370202,1.3333333333333337,1.3333333333333337,0.0,0.0,3.0,28.636994305328155,0.0,22.29511994369151
seed-12340-pa-0.65-pb-0.65,seed-12340-pa-0.65-pb-0.65:51,bandit,51,6.023245464372426,5.333608818414843,1.3673469387755102,1.3673469387755102,0.0,0.0,3.0,28.572491528837254,0.0,24.180363946506933
seed-12340-pa-0.65-pb-0.65,seed-12340-pa-0.65-pb-0.65:52,bandit,52,6.020541900901097,5.410449423571276,1.4,1.4,0.0,0.0,3.0,28.54386695239539,0.0,25.971345749181584
seed-12340-pa-0.65-pb-0.65,seed-12340-pa-0.65-pb-0.65:53,bandit,53,5.898245464372426,5.484972967788263,1.4313725490196076,1.4313725490196076,0.0,0.0,3.0,28.548046153795227,0.0,27.672778461722505
seed-12340-pa-0.65-pb-0.65,seed-12340-pa-0.65-pb-0.65:54,bandit,54,5.895541900901097,5.557236651446686,1.4615384615384617,1.4615384615384617,0.0,0.0,3.0,28.582182307643926,0.0,29.289139538636377
seed-12340-pa-0.65-pb-0.65,seed-12340-pa-0.65-pb-0.65:55,bandit,55,6.020541900901097,5.627298134870613,1.490566037735849,1.490566037735849,0.0,0.0,3.0,28.64363922999758,0.0,30.824682561704556
seed-12340-pa-0.65-pb-0.65,seed-12340-pa-0.65-pb-0.65:56,bandit,56,6.023245464372426,5.472309146256151,1.425925925925926,1.425925925925926,0.0,0.0,-2.0,28.637383194423627,0.0,27.283448433619327
seed-12340-pa-0.65-pb-0.65,seed-12340-pa-0.65-pb-0.65:57,bandit,57,6.773245464372426,5.544866102130877,1.4545454545454546,1.4545454545454546,0.0,0.0,3.0,28.6600594892479,0.0,28.919276011938358
seed-12340-pa-0.65-pb-0.65,seed-12340-pa-0.65-pb-0.65:58,bandit,58,5.54858735157374,5.392391294616919,1.3928571428571428,1.3928571428571428,0.0,0.0,-2.0,28.619913657642645,0.0,25.47331221134144
seed-12340-pa-0.65-pb-0.65,seed-12340-pa-0.65-pb-0.65:59,bandit,59,4.703889734292549,5.244646870512989,1.3333333333333337,1.3333333333333337,0.0,0.0,-2.0,28.522251308093843,0.0,22.19964660077437
seed-12340-pa-0.65-pb-0.65,seed-12340-pa-0.65-pb-0.65:60,bandit,60,4.350206558916746,5.104289667614256,1.3333333333333337,1.3333333333333337,0.0,0.0,-2.0,28.42947207602248,0.0,19.08966427073565
seed-12340-pa-0.65-pb-0.65,seed-12340-pa-0.65-pb-0.65:61,bandit,61,6.895541900901097,5.189355670509169,1.3333333333333337,1.3333333333333337,0.0,0.0,3.0,28.341331805554688,0.0,21.135181057198867
seed-12340-pa-0.65-pb-0.65,seed-12340-pa-0.65-pb-0.65:62,bandit,62,5.78364569998304,5.051763027610627,1.3333333333333337,1.3333333333333337,0.0,0.0,-2.0,28.257598548610286,0.0,18.078422004338922
seed-12340-pa-0.65-pb-0.65,seed-12340-pa-0.65-pb-0.65:63,bandit,63,6.651300195186874,5.13945536250572,1.3333333333333337,1.3333333333333337,0.0,0.0,3.0,28.1780519545131,0.0,20.174500904121974
seed-12340-pa-0.65-pb-0.65,seed-12340-pa-0.65-pb-0.65:64,bandit,64,6.645541900901097,5.22276308065606,1.3333333333333337,1.3333333333333337,0.0,0.0,3.0,28.102482690120777,0.0,22.165775858915875
seed-12340-pa-0.65-pb-0.65,seed-12340-pa-0.65-pb-0.65:65,bandit,65,6.514163456931506,5.301905412898883,1.3333333333333337,1.3333333333333337,0.0,0.0,3.0,28.03069188894807,0.0,24.05748706597008
seed-12340-pa-0.65-pb-0.65,seed-12340-pa-0.65-pb-0.65:66,bandit,66,6.391034256080317,5.378356472202045,1.359375,1.359375,0.0,0.0,3.0,27.988532294500665,0.0,25.854612712671575
seed-12340-pa-0.65-pb-0.65,seed-12340-pa-0.65-pb-0.65:67,bandit,67,6.391034256080317,5.452211873176452,1.3846153846153846,1.3846153846153846,0.0,0.0,3.0,27.973721064391015,0.0,27.561882077037996
seed-12340-pa-0.65-pb-0.65,seed-12340-pa-0.65-pb-0.65:68,bandit,68,6.389163456931506,5.523564220113197,1.4090909090909092,1.4090909090909092,0.0,0.0,3.0,27.984125920262372,0.0,29.183787973186096
seed-12340-pa-0.65-pb-0.65,seed-12340-pa-0.65-pb-0.65:69,bandit,69,6.389163456931506,5.5925031518033865,1.4328358208955223,1.4328358208955223,0.0,0.0,3.0,28.017755445144775,0.0,30.72459857452679
seed-12340-pa-0.65-pb-0.65,seed-12340-pa-0.65-pb-0.65:70,bandit,70,6.139163456931506,5.65911539188875,1.4558823529411766,1.4558823529411766,0.0,0.0,3.0,28.072750025828714,0.0,32.18836864580045
seed-12340-pa-0.65-pb-0.65,seed-12340-pa-0.65-pb-0.65:71,bandit,71,6.264163456931506,5.723484803790697,1.4782608695652173,1.4782608695652173,0.0,0.0,3.0,28.147373394102495,0.0,33.578950213510424
seed-12340-pa-0.65-pb-0.65,seed-12340-pa-0.65-pb-0.65:72,bandit,72,6.143149927917811,5.5638150753731495,1.4285714285714284,1.4285714285714284,0.0,0.0,-2.0,28.168576152968797,0.0,29.9000027028349
seed-12340-pa-0.65-pb-0.65,seed-12340-pa-0.65-pb-0.65:73,bandit,73,6.648245464372426,5.631610018798339,1.4507042253521123,1.4507042253521123,0.0,0.0,3.0,28.210851570672467,0.0,31.405002567693153
seed-12340-pa-0.65-pb-0.65,seed-12340-pa-0.65-pb-0.65:74,bandit,74,6.520541900901097,5.697061170387275,1.4722222222222223,1.4722222222222223,0.0,0.0,3.0,28.272531214361063,0.0,32.834752439308495
seed-12340-pa-0.65-pb-0.65,seed-12340-pa-0.65-pb-0.65:75,bandit,75,6.151300195186874,5.538522375510649,1.4246575342465753,1.4246575342465753,0.0,0.0,-2.0,28.283562187889583,0.0,29.19301481734307
seed-12340-pa-0.65-pb-0.65,seed-12340-pa-0.65-pb-0.65:76,bandit,76,5.561967589003199,5.387910520377854,1.4246575342465753,1.4246575342465753,0.0,0.0,-2.0,28.294041612741676,0.0,25.733364076475915
seed-12340-pa-0.65-pb-0.65,seed-12340-pa-0.65-pb-0.65:77,bandit,77,7.262509570276173,5.464269399218285,1.445945945945946,1.445945945945946,0.0,0.0,3.0,28.32528547805054,0.0,27.446695872652118
seed-12340-pa-0.65-pb-0.65,seed-12340-pa-0.65-pb-0.65:78,bandit,78,6.768149927917811,5.537817535136096,1.4666666666666668,1.4666666666666668,0.0,0.0,3.0,28.37568787081468,0.0,29.07436107901951
seed-12340-pa-0.65-pb-0.65,seed-12340-pa-0.65-pb-0.65:79,bandit,79,6.884755911000223,5.6086689599874315,1.486842105263158,1.486842105263158,0.0,0.0,3.0,28.4437455825371,0.0,30.620643025068535
seed-12340-pa-0.65-pb-0.65,seed-12340-pa-0.65-pb-0.65:80,bandit,80,6.761047744848593,5.6769330367092685,1.5064935064935066,1.5064935064935066,0.0,0.0,3.0,28.52805180990375,0.0,32.089610873815104
seed-12340-pa-0.65-pb-0.65,seed-12340-pa-0.65-pb-0.65:81,bandit,81,6.761047744848593,5.742714639807746,1.5256410256410255,1.5256410256410255,0.0,0.0,3.0,28.627290245049586,0.0,33.48513033012435
seed-12340-pa-0.65-pb-0.65,seed-12340-pa-0.65-pb-0.65:82,bandit,82,6.512509570276173,5.806114330173838,1.5443037974683542,1.5443037974683542,0.0,0.0,3.0,28.740229530265463,0.0,34.81087381361813
seed-12340-pa-0.65-pb-0.65,seed-12340-pa-0.65-pb-0.65:83,bandit,83,6.389163456931506,5.867228524258597,1.5625,1.5625,0.0,0.0,3.0,28.86571805375219,0.0,36.07033012293722
seed-12340-pa-0.65-pb-0.65,seed-12340-pa-0.65-pb-0.65:84,bandit,84,6.389163456931506,5.926149657660365,1.5802469135802468,1.5802469135802468,0.0,0.0,3.0,29.002679064644827,0.0,37.26681361679036
seed-12340-pa-0.65-pb-0.65,seed-12340-pa-0.65-pb-0.65:85,bandit,85,6.512509570276173,5.98296634319326,1.5975609756097562,1.5975609756097562,0.0,0.0,3.0,29.15010608702234,0.0,38.40347293595084
seed-12340-pa-0.65-pb-0.65,seed-12340-pa-0.65-pb-0.65:86,bandit,86,6.395541900901097,5.816429961183719,1.5542168674698793,1.5542168674698793,0.0,0.0,-2.0,29.2468176501411,0.0,34.483299289153294
seed-12340-pa-0.65-pb-0.65,seed-12340-pa-0.65-pb-0.65:87,bandit,87,6.898245464372426,5.877462377262836,1.5714285714285716,1.5714285714285716,0.0,0.0,3.0,29.355905339062616,0.0,35.75913432469563
seed-12340-pa-0.65-pb-0.65,seed-12340-pa-0.65-pb-0.65:88,bandit,88,6.773245464372426,5.936260120387127,1.5882352941176472,1.5882352941176472,0.0,0.0,3.0,29.476345366227132,0.0,36.97117760846085
seed-12340-pa-0.65-pb-0.65,seed-12340-pa-0.65-pb-0.65:89,bandit,89,6.1630413716877825,5.77168451017406,1.5465116279069768,1.5465116279069768,0.0,0.0,-2.0,29.54903972582275,0.0,33.12261872803781
seed-12340-pa-0.65-pb-0.65,seed-12340-pa-0.65-pb-0.65:90,bandit,90,5.429882179158078,5.613356183399729,1.5057471264367814,1.5057471264367814,0.0,0.0,-2.0,29.577334865968393,0.0,29.466487791635917
seed-12340-pa-0.65-pb-0.65,seed-12340-pa-0.65-pb-0.65:91,bandit,91,7.139163456931506,5.682174996305225,1.522727272727273,1.522727272727273,0.0,0.0,3.0,29.621195395397244,0.0,30.99316340205412
seed-12340-pa-0.65-pb-0.65,seed-12340-pa-0.65-pb-0.65:92,bandit,92,6.893149927917811,5.748359698444533,1.5393258426966292,1.5393258426966292,0.0,0.0,3.0,29.67946146832401,0.0,32.44350523195141
seed-12340-pa-0.65-pb-0.65,seed-12340-pa-0.65-pb-0.65:93,bandit,93,6.639163456931506,5.812024065803097,1.5555555555555554,1.5555555555555554,0.0,0.0,3.0,29.751043950463362,0.0,33.821329970353844
seed-12340-pa-0.65-pb-0.65,seed-12340-pa-0.65-pb-0.65:94,bandit,94,6.401300195186874,5.652200639957302,1.5164835164835164,1.5164835164835164,0.0,0.0,-2.0,29.77997526942371,0.0,30.13026347183615
seed-12340-pa-0.65-pb-0.65,seed-12340-pa-0.65-pb-0.65:95,bandit,95,5.67358735157374,5.498510443807113,1.4782608695652173,1.4782608695652173,0.0,0.0,-2.0,29.76923737551774,0.0,26.623750298244342
seed-12340-pa-0.65-pb-0.65,seed-12340-pa-0.65-pb-0.65:96,bandit,96,6.766034256080317,5.57170547192839,1.4946236559139785,1.4946236559139785,0.0,0.0,3.0,29.77539916265583,0.0,28.292562783332123
seed-12340-pa-0.65-pb-0.65,seed-12340-pa-0.65-pb-0.65:97,bandit,97,6.648245464372426,5.642019194718101,1.5106382978723405,1.5106382978723405,0.0,0.0,3.0,29.79726750239538,0.0,29.877934644165517
seed-12340-pa-0.65-pb-0.65,seed-12340-pa-0.65-pb-0.65:98,bandit,98,6.391034256080317,5.709579289104411,1.526315789473684,1.526315789473684,0.0,0.0,3.0,29.833719916749292,0.0,31.38403791195724
seed-12340-pa-0.65-pb-0.65,seed-12340-pa-0.65-pb-0.65:99,bandit,99,6.391034256080317,5.7745075603046585,1.5416666666666663,1.5416666666666663,0.0,0.0,3.0,29.883700587578495,0.0,32.81483601635938
seed-12363-pa-0.35-pb-0.50,seed-12363-pa-0.35-pb-0.50:0,bandit,0,4.203889734292549,2.912825855619838,0.5,0.5,0.0,0.0,0.0,0.5,0.0,0.0
seed-12363-pa-0.35-pb-0.50,seed-12363-pa-0.35-pb-0.50:1,bandit,1,4.42870067827652,3.1074650491144715,1.3333333333333337,1.3333333333333337,0.0,0.0,3.0,1.8083333333333336,0.0,3.0
seed-12363-pa-0.35-pb-0.50,seed-12363-pa-0.35-pb-0.50:2,bandit,2,3.6368710061149017,3.033459939766296,0.5,0.5,0.0,0.0,-2.0,2.2179166666666665,0.0,0.8499999999999996
seed-12363-pa-0.35-pb-0.50,seed-12363-pa-0.35-pb-0.50:3,bandit,3,1.9754126516016477,2.9631550858855293,0.5,0.5,0.0,0.0,-2.0,2.607020833333333,0.0,-1.1925000000000003
seed-12363-pa-0.35-pb-0.50,seed-12363-pa-0.35-pb-0.50:4,bandit,4,3.725412651601648,3.1147708203475104,0.5,0.5,0.0,0.0,3.0,2.9766697916666662,0.0,1.8671249999999997
seed-12363-pa-0.35-pb-0.50,seed-12363-pa-0.35-pb-0.50:5,bandit,5,3.3769290813453736,3.2831099665980132,1.0,1.0,0.0,0.0,3.0,3.8278363020833326,0.0,4.7737687499999995
seed-12363-pa-0.35-pb-0.50,seed-12363-pa-0.35-pb-0.50:6,bandit,6,2.0984445810050545,3.2003226113756607,0.5,0.5,0.0,0.0,-2.0,4.1364444869791654,0.0,2.535080312499999
seed-12363-pa-0.35-pb-0.50,seed-12363-pa-0.35-pb-0.50:7,bandit,7,4.667999079229087,3.364384168074756,1.0,1.0,0.0,0.0,3.0,4.9296222626302075,0.0,5.408326296874999
seed-12363-pa-0.35-pb-0.50,seed-12363-pa-0.35-pb-0.50:8,bandit,8,2.700939419878843,3.3018373012901874,1.0,1.0,0.0,0.0,-2.0,5.683141149498697,0.0,3.137909982031249
seed-12363-pa-0.35-pb-0.50,seed-12363-pa-0.35-pb-0.50:9,bandit,9,2.200939419878843,3.2424177778448473,1.0,1.0,0.0,0.0,-2.0,6.3989840920237615,0.0,0.9810144829296861
seed-12363-pa-0.35-pb-0.50,seed-12363-pa-0.35-pb-0.50:10,bandit,10,2.7575990353171704,3.161665032060153,0.5,0.5,0.0,0.0,-2.0,6.579034887422573,0.0,-1.0680362412167983
seed-12363-pa-0.35-pb-0.50,seed-12363-pa-0.35-pb-0.50:11,bandit,11,2.724076984180108,3.084949923564693,0.5,0.5,0.0,0.0,-2.0,6.750083143051444,0.0,-3.0146344291559584
seed-12363-pa-0.35-pb-0.50,seed-12363-pa-0.35-pb-0.50:12,bandit,12,2.8825990353171704,3.012070570494007,0.5,0.5,0.0,0.0,-2.0,6.912578985898871,0.0,-4.863902707698161
seed-12363-pa-0.35-pb-0.50,seed-12363-pa-0.35-pb-0.50:13,bandit,13,3.7852241504380864,3.1612405307255638,0.5,0.5,0.0,0.0,3.0,7.066950036603927,0.0,-1.6207075723132522
seed-12363-pa-0.35-pb-0.50,seed-12363-pa-0.35-pb-0.50:14,bandit,14,3.5681471805599436,3.084546647296834,0.5,0.5,0.0,0.0,-2.0,7.213602534773731,0.0,-3.5396721936975895
seed-12363-pa-0.35-pb-0.50,seed-12363-pa-0.35-pb-0.50:15,bandit,15,4.08893946547494,3.2300928036882492,0.5,0.5,0.0,0.0,3.0,7.352922408035044,0.0,-0.36268858401270965
seed-12363-pa-0.35-pb-0.50,seed-12363-pa-0.35-pb-0.50:16,bandit,16,3.8484445810050545,3.1499563066113856,0.5,0.5,0.0,0.0,-2.0,7.485276287633292,0.0,-2.3445541548120743
seed-12363-pa-0.35-pb-0.50,seed-12363-pa-0.35-pb-0.50:17,bandit,17,5.304882179158078,3.309592121831088,0.8571428571428572,0.8571428571428572,0.0,0.0,3.0,7.9681553303944845,0.0,0.7726735529285294
seed-12363-pa-0.35-pb-0.50,seed-12363-pa-0.35-pb-0.50:18,bandit,18,4.511871006114902,3.242840800641097,0.8571428571428572,0.8571428571428572,0.0,0.0,-2.0,8.426890421017617,0.0,-1.265960124717897
seed-12363-pa-0.35-pb-0.50,seed-12363-pa-0.35-pb-0.50:19,bandit,19,4.313261687518224,3.1794270455106055,0.8571428571428572,0.8571428571428572,0.0,0.0,-2.0,8.862688757109593,0.0,-3.202662118482002
seed-12363-pa-0.35-pb-0.50,seed-12363-pa-0.35-pb-0.50:20,bandit,20,4.031150136248314,3.101823836342623,0.5,0.5,0.0,0.0,-2.0,8.919554319254113,0.0,-5.042529012557901
seed-12363-pa-0.35-pb-0.50,seed-12363-pa-0.35-pb-0.50:21,bandit,21,4.376929081345374,3.0281007876330404,0.5,0.5,0.0,0.0,-2.0,8.973576603291407,0.0,-6.790402561930006
seed-12363-pa-0.35-pb-0.50,seed-12363-pa-0.35-pb-0.50:22,bandit,22,4.251929081345374,2.9580638913589365,0.5,0.5,0.0,0.0,-2.0,9.024897773126836,0.0,-8.450882433833506
seed-12363-pa-0.35-pb-0.50,seed-12363-pa-0.35-pb-0.50:23,bandit,23,3.975412651601648,2.891528839898538,0.5,0.5,0.0,0.0,-2.0,9.073652884470494,0.0,-10.02833831214183
seed-12363-pa-0.35-pb-0.50,seed-12363-pa-0.35-pb-0.50:24,bandit,24,3.975412651601648,2.828320541011159,0.5,0.5,0.0,0.0,-2.0,9.11997024024697,0.0,-11.526921396534739
seed-12363-pa-0.35-pb-0.50,seed-12363-pa-0.35-pb-0.50:25,bandit,25,3.92974463538566,2.7682726570681493,0.5,0.5,0.0,0.0,-2.0,9.163971728234621,0.0,-12.950575326708002
seed-12363-pa-0.35-pb-0.50,seed-12363-pa-0.35-pb-0.50:26,bandit,26,3.850206558916746,2.9296325129709992,0.5,0.5,0.0,0.0,3.0,9.20577314182289,0.0,-9.303046560372602
seed-12363-pa-0.35-pb-0.50,seed-12363-pa-0.35-pb-0.50:27,bandit,27,4.475412651601648,3.0964267085851627,0.7777777777777777,0.7777777777777777,0.0,0.0,3.0,9.523262262509522,0.0,-5.837894232353971
seed-12363-pa-0.35-pb-0.50,seed-12363-pa-0.35-pb-0.50:28,bandit,28,4.886871006114902,3.022973516263453,0.5,0.5,0.0,0.0,-2.0,9.547099149384046,0.0,-7.545999520736272
seed-12363-pa-0.35-pb-0.50,seed-12363-pa-0.35-pb-0.50:29,bandit,29,4.563261687518224,2.9531929835578286,0.5,0.5,0.0,0.0,-2.0,9.569744191914843,0.0,-9.168699544699457
seed-12363-pa-0.35-pb-0.50,seed-12363-pa-0.35-pb-0.50:30,bandit,30,5.410224150438086,3.1053068231361944,0.5,0.5,0.0,0.0,3.0,9.5912569823191,0.0,-5.710264567464485
seed-12363-pa-0.35-pb-0.50,seed-12363-pa-0.35-pb-0.50:31,bandit,31,5.031150136248314,3.0314096250869325,0.5,0.5,0.0,0.0,-2.0,9.611694133203144,0.0,-7.4247513390912605
seed-12363-pa-0.35-pb-0.50,seed-12363-pa-0.35-pb-0.50:32,bandit,32,4.501929081345374,2.9612072869401342,0.5,0.5,0.0,0.0,-2.0,9.631109426542986,0.0,-9.053513772136697
seed-12363-pa-0.35-pb-0.50,seed-12363-pa-0.35-pb-0.50:33,bandit,33,5.237822278771571,3.1129204113493847,0.5,0.5,0.0,0.0,3.0,9.649553955215836,0.0,-5.600838083529862
seed-12363-pa-0.35-pb-0.50,seed-12363-pa-0.35-pb-0.50:34,bandit,34,4.826413277982752,3.0386425338894636,0.5,0.5,0.0,0.0,-2.0,9.667076257455044,0.0,-7.320796179353368
seed-12363-pa-0.35-pb-0.50,seed-12363-pa-0.35-pb-0.50:35,bandit,35,5.112822278771571,3.186483895951248,0.5,0.5,0.0,0.0,3.0,9.68372244458229,0.0,-3.9547563703856996
seed-12363-pa-0.35-pb-0.50,seed-12363-pa-0.35-pb-0.50:36,bandit,36,5.078889734292549,3.326933189909943,0.5,0.5,0.0,0.0,3.0,9.699536322353175,0.0,-0.7570185518664143
seed-12363-pa-0.35-pb-0.50,seed-12363-pa-0.35-pb-0.50:37,bandit,37,4.679882179158078,3.460360019170703,0.5,0.5,0.0,0.0,3.0,9.714559506235517,0.0,2.2808323757269067
seed-12363-pa-0.35-pb-0.50,seed-12363-pa-0.35-pb-0.50:38,bandit,38,4.90864569998304,3.587115506968425,0.5,0.5,0.0,0.0,3.0,9.72883153092374,0.0,5.166790756940561
seed-12363-pa-0.35-pb-0.50,seed-12363-pa-0.35-pb-0.50:39,bandit,39,4.701413277982752,3.489127874727552,0.5,0.5,0.0,0.0,-2.0,9.742389954377552,0.0,2.908451219093532
seed-12363-pa-0.35-pb-0.50,seed-12363-pa-0.35-pb-0.50:40,bandit,40,6.292999079229087,3.6254923327072595,0.7272727272727271,0.7272727272727271,0.0,0.0,3.0,9.982543183931401,0.0,5.763028658138856
seed-12363-pa-0.35-pb-0.50,seed-12363-pa-0.35-pb-0.50:41,bandit,41,5.406150136248314,3.5366332221392724,0.7272727272727271,0.7272727272727271,0.0,0.0,-2.0,10.210688752007558,0.0,3.4748772252319124
seed-12363-pa-0.35-pb-0.50,seed-12363-pa-0.35-pb-0.50:42,bandit,42,5.100412651601648,3.4411697041398566,0.5,0.5,0.0,0.0,-2.0,10.200154314407179,0.0,1.3011333639703166
seed-12363-pa-0.35-pb-0.50,seed-12363-pa-0.35-pb-0.50:43,bandit,43,5.410224150438086,3.350479362040412,0.5,0.5,0.0,0.0,-2.0,10.19014659868682,0.0,-0.7639233042281992
seed-12363-pa-0.35-pb-0.50,seed-12363-pa-0.35-pb-0.50:44,bandit,44,5.487822278771571,3.2643235370459394,0.5,0.5,0.0,0.0,-2.0,10.180639268752477,0.0,-2.725727139016789
seed-12363-pa-0.35-pb-0.50,seed-12363-pa-0.35-pb-0.50:45,bandit,45,5.350206558916746,3.1824755033011907,0.5,0.5,0.0,0.0,-2.0,10.171607305314852,0.0,-4.5894407820659495
seed-12363-pa-0.35-pb-0.50,seed-12363-pa-0.35-pb-0.50:46,bandit,46,5.725206558916746,3.3324729855507043,0.6923076923076925,0.6923076923076925,0.0,0.0,3.0,10.3553346323568,0.0,-1.3599687429626517
seed-12363-pa-0.35-pb-0.50,seed-12363-pa-0.35-pb-0.50:47,bandit,47,5.453889734292549,3.4749705936877424,0.6923076923076925,0.6923076923076925,0.0,0.0,3.0,10.529875593046654,0.0,1.708029694185481
seed-12363-pa-0.35-pb-0.50,seed-12363-pa-0.35-pb-0.50:48,bandit,48,5.600412651601648,3.391937975769219,0.6923076923076925,0.6923076923076925,0.0,0.0,-2.0,10.695689505702013,0.0,-0.3773717905237932
seed-12363-pa-0.35-pb-0.50,seed-12363-pa-0.35-pb-0.50:49,bandit,49,6.054882179158078,3.5314623343953313,0.6923076923076925,0.6923076923076925,0.0,0.0,3.0,10.853212722724606,0.0,2.6414967990023963
seed-12363-pa-0.35-pb-0.50,seed-12363-pa-0.35-pb-0.50:50,bandit,50,5.600412651601648,3.4456051294414287,0.6923076923076925,0.6923076923076925,0.0,0.0,-2.0,11.002859778896067,0.0,0.5094219590522764
seed-12363-pa-0.35-pb-0.50,seed-12363-pa-0.35-pb-0.50:51,bandit,51,5.201413277982752,3.364040784735221,0.6923076923076925,0.6923076923076925,0.0,0.0,-2.0,11.145024482258954,0.0,-1.5160491389003374
seed-12363-pa-0.35-pb-0.50,seed-12363-pa-0.35-pb-0.50:52,bandit,52,4.910224150438086,3.2865546572643236,0.6923076923076925,0.6923076923076925,0.0,0.0,-2.0,11.280080950453698,0.0,-3.440246681955321
seed-12363-pa-0.35-pb-0.50,seed-12363-pa-0.35-pb-0.50:53,bandit,53,5.804882179158078,3.4313481818156806,0.6923076923076925,0.6923076923076925,0.0,0.0,3.0,11.408384595238704,0.0,-0.2682343478575544
seed-12363-pa-0.35-pb-0.50,seed-12363-pa-0.35-pb-0.50:54,bandit,54,5.5380413716877825,3.56890203013947,0.6923076923076925,0.6923076923076925,0.0,0.0,3.0,11.530273057784463,0.0,2.745177369535323
seed-12363-pa-0.35-pb-0.50,seed-12363-pa-0.35-pb-0.50:55,bandit,55,5.626928011042974,3.48117284039836,0.6923076923076925,0.6923076923076925,0.0,0.0,-2.0,11.64606709720293,0.0,0.607918501058557
seed-12363-pa-0.35-pb-0.50,seed-12363-pa-0.35-pb-0.50:56,bandit,56,6.4130413716877825,3.6242478289287146,0.8571428571428572,0.8571428571428572,0.0,0.0,3.0,11.920906599485642,0.0,3.577522576005629
seed-12363-pa-0.35-pb-0.50,seed-12363-pa-0.35-pb-0.50:57,bandit,57,6.076413277982752,3.541763722383842,0.8571428571428572,0.8571428571428572,0.0,0.0,-2.0,12.182004126654217,0.0,1.3986464472053473
seed-12363-pa-0.35-pb-0.50,seed-12363-pa-0.35-pb-0.50:58,bandit,58,5.517675057605601,3.454145078876072,0.6666666666666665,0.6666666666666665,0.0,0.0,-2.0,12.239570586988172,0.0,-0.6712858751549202
seed-12363-pa-0.35-pb-0.50,seed-12363-pa-0.35-pb-0.50:59,bandit,59,5.406150136248314,3.362805968039816,0.5,0.5,0.0,0.0,-2.0,12.127592057638763,0.0,-2.637721581397174
seed-12363-pa-0.35-pb-0.50,seed-12363-pa-0.35-pb-0.50:60,bandit,60,5.148123264139841,3.2688855190654853,0.3529411764705883,0.3529411764705883,0.0,0.0,-2.0,11.874153631227413,0.0,-4.505835502327315
seed-12363-pa-0.35-pb-0.50,seed-12363-pa-0.35-pb-0.50:61,bandit,61,5.67974463538566,3.1796610925398703,0.3529411764705883,0.3529411764705883,0.0,0.0,-2.0,11.63338712613663,0.0,-6.280543727210949
seed-12363-pa-0.35-pb-0.50,seed-12363-pa-0.35-pb-0.50:62,bandit,62,5.767675057605601,3.0948978873405366,0.3529411764705883,0.3529411764705883,0.0,0.0,-2.0,11.404658946300387,0.0,-7.966516540850401
seed-12363-pa-0.35-pb-0.50,seed-12363-pa-0.35-pb-0.50:63,bandit,63,5.501928011042974,3.0143728424011695,0.3529411764705883,0.3529411764705883,0.0,0.0,-2.0,11.187367175455956,0.0,-9.56819071380788
seed-12363-pa-0.35-pb-0.50,seed-12363-pa-0.35-pb-0.50:64,bandit,64,6.328889734292549,3.1634276890373685,0.5,0.5,0.0,0.0,3.0,11.127998816683156,0.0,-6.0897811781174855
seed-12363-pa-0.35-pb-0.50,seed-12363-pa-0.35-pb-0.50:65,bandit,65,5.686967589003199,3.3050297933417574,0.5,0.5,0.0,0.0,3.0,11.071598875848998,0.0,-2.7852921192116114
seed-12363-pa-0.35-pb-0.50,seed-12363-pa-0.35-pb-0.50:66,bandit,66,6.17974463538566,3.2211464467822175,0.5,0.5,0.0,0.0,-2.0,11.018018932056549,0.0,-4.646027513251031
seed-12363-pa-0.35-pb-0.50,seed-12363-pa-0.35-pb-0.50:67,bandit,67,6.4130413716877825,3.359862613199364,0.5,0.5,0.0,0.0,3.0,10.96711798545372,0.0,-1.4137261375884798
seed-12363-pa-0.35-pb-0.50,seed-12363-pa-0.35-pb-0.50:68,bandit,68,6.100412651601648,3.273237625646944,0.5,0.5,0.0,0.0,-2.0,10.918762086181033,0.0,-3.3430398307090554
seed-12363-pa-0.35-pb-0.50,seed-12363-pa-0.35-pb-0.50:69,bandit,69,5.701413277982752,3.190943887472145,0.5,0.5,0.0,0.0,-2.0,10.872823981871981,0.0,-5.175887839173603
seed-12363-pa-0.35-pb-0.50,seed-12363-pa-0.35-pb-0.50:70,bandit,70,5.785224150438086,3.112764836206086,0.5,0.5,0.0,0.0,-2.0,10.829182782778382,0.0,-6.917093447214922
seed-12363-pa-0.35-pb-0.50,seed-12363-pa-0.35-pb-0.50:71,bandit,71,5.876928011042974,3.0384947375033295,0.5,0.5,0.0,0.0,-2.0,10.787723643639463,0.0,-8.571238774854177
seed-12363-pa-0.35-pb-0.50,seed-12363-pa-0.35-pb-0.50:72,bandit,72,5.392675057605601,2.9679381437357115,0.5,0.5,0.0,0.0,-2.0,10.74833746145749,0.0,-10.142676836111468
seed-12363-pa-0.35-pb-0.50,seed-12363-pa-0.35-pb-0.50:73,bandit,73,5.517675057605601,2.900909379656474,0.5,0.5,0.0,0.0,-2.0,10.710920588384615,0.0,-11.635542994305894
seed-12363-pa-0.35-pb-0.50,seed-12363-pa-0.35-pb-0.50:74,bandit,74,6.078889734292549,3.0556373994299078,0.5,0.5,0.0,0.0,3.0,10.675374558965384,0.0,-8.053765844590599
seed-12363-pa-0.35-pb-0.50,seed-12363-pa-0.35-pb-0.50:75,bandit,75,5.975412651601648,2.9842236725659603,0.5,0.5,0.0,0.0,-2.0,10.641605831017115,0.0,-9.651077552361068
seed-12363-pa-0.35-pb-0.50,seed-12363-pa-0.35-pb-0.50:76,bandit,76,5.785224150438086,2.9163806320452106,0.5,0.5,0.0,0.0,-2.0,10.609525539466258,0.0,-11.168523674743014
seed-12363-pa-0.35-pb-0.50,seed-12363-pa-0.35-pb-0.50:77,bandit,77,6.167999079229087,3.0703350891992076,0.5,0.5,0.0,0.0,3.0,10.579049262492944,0.0,-7.610097491005863
seed-12363-pa-0.35-pb-0.50,seed-12363-pa-0.35-pb-0.50:78,bandit,78,5.892675057605601,2.9981864778467955,0.5,0.5,0.0,0.0,-2.0,10.550096799368296,0.0,-9.22959261645557
seed-12363-pa-0.35-pb-0.50,seed-12363-pa-0.35-pb-0.50:79,bandit,79,5.642675057605601,2.9296452970620037,0.5,0.5,0.0,0.0,-2.0,10.52259195939988,0.0,-10.76811298563279
seed-12363-pa-0.35-pb-0.50,seed-12363-pa-0.35-pb-0.50:80,bandit,80,5.535224150438086,2.858135333602867,0.3684210526315787,0.3684210526315787,0.0,0.0,-2.0,10.364883414061465,0.0,-12.22970733635115
seed-12363-pa-0.35-pb-0.50,seed-12363-pa-0.35-pb-0.50:81,bandit,81,5.600206558916746,2.7902008683166875,0.3684210526315787,0.3684210526315787,0.0,0.0,-2.0,10.21506029598997,0.0,-13.618221969533593
seed-12363-pa-0.35-pb-0.50,seed-12363-pa-0.35-pb-0.50:82,bandit,82,6.17358735157374,2.9504643136571103,0.5,0.5,0.0,0.0,3.0,10.20430728119047,0.0,-9.937310871056912
seed-12363-pa-0.35-pb-0.50,seed-12363-pa-0.35-pb-0.50:83,bandit,83,5.90864569998304,3.1027145867305124,0.5,0.5,0.0,0.0,3.0,10.194091917130946,0.0,-6.440445327504065
seed-12363-pa-0.35-pb-0.50,seed-12363-pa-0.35-pb-0.50:84,bandit,84,6.018149927917811,3.247352346150244,0.5,0.5,0.0,0.0,3.0,10.184387321274398,0.0,-3.118423061128862
seed-12363-pa-0.35-pb-0.50,seed-12363-pa-0.35-pb-0.50:85,bandit,85,6.100206558916746,3.16635287195028,0.5,0.5,0.0,0.0,-2.0,10.175167955210679,0.0,-4.962501908072419
seed-12363-pa-0.35-pb-0.50,seed-12363-pa-0.35-pb-0.50:86,bandit,86,6.523245464372426,3.3078087171090234,0.5,0.5,0.0,0.0,3.0,10.166409557450145,0.0,-1.7143768126687977
seed-12363-pa-0.35-pb-0.50,seed-12363-pa-0.35-pb-0.50:87,bandit,87,6.143149927917811,3.4421917700098295,0.5,0.5,0.0,0.0,3.0,10.158089079577637,0.0,1.3713420279646422
seed-12363-pa-0.35-pb-0.50,seed-12363-pa-0.35-pb-0.50:88,bandit,88,6.112822278771571,3.351450324616886,0.5,0.5,0.0,0.0,-2.0,10.150184625598754,0.0,-0.6972250734335899
seed-12363-pa-0.35-pb-0.50,seed-12363-pa-0.35-pb-0.50:89,bandit,89,5.910224150438086,3.26524595149359,0.5,0.5,0.0,0.0,-2.0,10.142675394318816,0.0,-2.6623638197619104
seed-12363-pa-0.35-pb-0.50,seed-12363-pa-0.35-pb-0.50:90,bandit,90,6.401300195186874,3.4017571426751676,0.5,0.5,0.0,0.0,3.0,10.135541624602874,0.0,0.47075437122618524
seed-12363-pa-0.35-pb-0.50,seed-12363-pa-0.35-pb-0.50:91,bandit,91,6.398245464372426,3.5314427742976666,0.5,0.5,0.0,0.0,3.0,10.12876454337273,0.0,3.447216652664876
seed-12363-pa-0.35-pb-0.50,seed-12363-pa-0.35-pb-0.50:92,bandit,92,6.1949361996449746,3.4362387786903312,0.5,0.5,0.0,0.0,-2.0,10.122326316204093,0.0,1.274855820031632
seed-12363-pa-0.35-pb-0.50,seed-12363-pa-0.35-pb-0.50:93,bandit,93,5.737822278771571,3.345794982863363,0.5,0.5,0.0,0.0,-2.0,10.116210000393888,0.0,-0.7888869709699498
seed-12363-pa-0.35-pb-0.50,seed-12363-pa-0.35-pb-0.50:94,bandit,94,6.401300195186874,3.478278722476452,0.5,0.5,0.0,0.0,3.0,10.110399500374193,0.0,2.2505573775785477
seed-12363-pa-0.35-pb-0.50,seed-12363-pa-0.35-pb-0.50:95,bandit,95,5.975206558916746,3.3857329294601777,0.5,0.5,0.0,0.0,-2.0,10.104879525355482,0.0,0.13802950869962016
seed-12363-pa-0.35-pb-0.50,seed-12363-pa-0.35-pb-0.50:96,bandit,96,5.892675057605601,3.292027712163379,0.3809523809523809,0.3809523809523809,0.0,0.0,-2.0,9.98058793004009,0.0,-1.8688719667353608
seed-12363-pa-0.35-pb-0.50,seed-12363-pa-0.35-pb-0.50:97,bandit,97,5.862822278771571,3.2030077557314196,0.3809523809523809,0.3809523809523809,0.0,0.0,-2.0,9.862510914490466,0.0,-3.7754283683985927
seed-12363-pa-0.35-pb-0.50,seed-12363-pa-0.35-pb-0.50:98,bandit,98,5.83893946547494,3.1184387971210583,0.3809523809523809,0.3809523809523809,0.0,0.0,-2.0,9.750337749718323,0.0,-5.5866569499786625
seed-12363-pa-0.35-pb-0.50,seed-12363-pa-0.35-pb-0.50:99,bandit,99,5.703889734292549,3.0380982864412154,0.3809523809523809,0.3809523809523809,0.0,0.0,-2.0,9.643773243184787,0.0,-7.307324102479729
seed-12370-pa-0.50-pb-0.50,seed-12370-pa-0.50-pb-0.50:0,bandit,0,4.203889734292549,2.912825855619838,0.5,0.5,0.0,0.0,0.0,0.5,0.0,0.0
seed-12370-pa-0.50-pb-0.50,seed-12370-pa-0.50-pb-0.50:1,bandit,1,4.42870067827652,3.1074650491144715,1.3333333333333337,1.3333333333333337,0.0,0.0,3.0,1.8083333333333336,0.0,3.0
seed-12370-pa-0.50-pb-0.50,seed-12370-pa-0.50-pb-0.50:2,bandit,2,3.201413277982752,3.3126257816940576,1.75,1.75,0.0,0.0,3.0,3.4679166666666665,0.0,5.85
seed-12370-pa-0.50-pb-0.50,seed-12370-pa-0.50-pb-0.50:3,bandit,3,3.42974463538566,3.252666834228524,1.0,1.0,0.0,0.0,-2.0,4.294520833333333,0.0,3.557499999999999
seed-12370-pa-0.50-pb-0.50,seed-12370-pa-0.50-pb-0.50:4,bandit,4,2.142675057605601,3.171401635624646,0.5,0.5,0.0,0.0,-2.0,4.579794791666666,0.0,1.379624999999999
seed-12379-pa-0.35-pb-0.50,seed-12379-pa-0.35-pb-0.50:0,bandit,0,4.203889734292549,2.912825855619838,0.5,0.5,0.0,0.0,0.0,0.5,0.0,0.0
seed-12379-pa-0.35-pb-0.50,seed-12379-pa-0.35-pb-0.50:1,bandit,1,3.849076984180108,2.8485527059463944,0.5,0.5,0.0,0.0,-2.0,0.975,0.0,-2.0
seed-12379-pa-0.35-pb-0.50,seed-12379-pa-0.35-pb-0.50:2,bandit,2,1.2575990353171704,2.7874932137566226,0.5,0.5,0.0,0.0,-2.0,1.42625,0.0,-3.9
seed-12379-pa-0.35-pb-0.50,seed-12379-pa-0.35-pb-0.50:3,bandit,3,0.2731232641398406,2.7294866961763398,0.5,0.5,0.0,0.0,-2.0,1.8549375,0.0,-5.705
seed-12379-pa-0.35-pb-0.50,seed-12379-pa-0.35-pb-0.50:4,bandit,4,3.17974463538566,2.89278585012378,0.5,0.5,0.0,0.0,3.0,2.2621906249999997,0.0,-2.4197499999999996
seed-12379-pa-0.35-pb-0.50,seed-12379-pa-0.35-pb-0.50:5,bandit,5,2.6368710061149017,2.7890077032057707,-0.3333333333333332,-0.3333333333333332,0.0,0.0,-2.0,1.8157477604166663,0.0,-4.2987625
seed-12379-pa-0.35-pb-0.50,seed-12379-pa-0.35-pb-0.50:6,bandit,6,3.849076984180108,2.9319706650077246,0.1428571428571428,0.1428571428571428,0.0,0.0,3.0,1.8678175152529757,0.0,-1.0838243749999998
seed-12379-pa-0.35-pb-0.50,seed-12379-pa-0.35-pb-0.50:7,bandit,7,3.156150136248314,3.085145620513596,0.5,0.5,0.0,0.0,3.0,2.2744266394903265,0.0,1.9703668437500002
seed-12379-pa-0.35-pb-0.50,seed-12379-pa-0.35-pb-0.50:8,bandit,8,3.325939419878843,3.2306618282441733,0.5,0.5,0.0,0.0,3.0,2.6607053075158102,0.0,4.8718485015625
seed-12379-pa-0.35-pb-0.50,seed-12379-pa-0.35-pb-0.50:9,bandit,9,1.7009394198788428,3.1504968799395128,0.5,0.5,0.0,0.0,-2.0,3.0276700421400196,0.0,2.6282560764843748
seed-12379-pa-0.35-pb-0.50,seed-12379-pa-0.35-pb-0.50:10,bandit,10,2.1481232641398407,3.0743401790500853,0.5,0.5,0.0,0.0,-2.0,3.3762865400330186,0.0,0.49684327266015593
seed-12379-pa-0.35-pb-0.50,seed-12379-pa-0.35-pb-0.50:11,bandit,11,3.813261687518224,3.2447008573654594,1.0,1.0,0.0,0.0,3.0,4.207472213031368,0.0,3.472001109027148
seed-12379-pa-0.35-pb-0.50,seed-12379-pa-0.35-pb-0.50:12,bandit,12,3.075939419878843,3.1881381561163558,1.0,1.0,0.0,0.0,-2.0,4.997098602379799,0.0,1.2984010535757902
seed-12379-pa-0.35-pb-0.50,seed-12379-pa-0.35-pb-0.50:13,bandit,13,4.126929081345374,3.3690117345861634,1.3333333333333337,1.3333333333333337,0.0,0.0,3.0,6.080577005594143,0.0,4.233481000897001
seed-12379-pa-0.35-pb-0.50,seed-12379-pa-0.35-pb-0.50:14,bandit,14,3.1368710061149017,3.2992894327584184,0.8571428571428572,0.8571428571428572,0.0,0.0,-2.0,6.633691012457293,0.0,2.0218069508521506
seed-12379-pa-0.35-pb-0.50,seed-12379-pa-0.35-pb-0.50:15,bandit,15,2.8181471805599436,3.2330532460220605,0.8571428571428572,0.8571428571428572,0.0,0.0,-2.0,7.159149318977285,0.0,-0.07928339669045714
seed-12379-pa-0.35-pb-0.50,seed-12379-pa-0.35-pb-0.50:16,bandit,16,2.4431471805599436,3.1701288686225206,0.8571428571428572,0.8571428571428572,0.0,0.0,-2.0,7.658334710171278,0.0,-2.0753192268559344
seed-12379-pa-0.35-pb-0.50,seed-12379-pa-0.35-pb-0.50:17,bandit,17,4.011871006114902,3.341776162087178,1.125,1.125,0.0,0.0,3.0,8.400417974662714,0.0,1.0284467344868624
seed-12379-pa-0.35-pb-0.50,seed-12379-pa-0.35-pb-0.50:18,bandit,18,3.575939419878843,3.286435745229894,1.125,1.125,0.0,0.0,-2.0,9.105397075929577,0.0,-1.0229756022374807
seed-12379-pa-0.35-pb-0.50,seed-12379-pa-0.35-pb-0.50:19,bandit,19,3.1325990353171704,3.2338623492154737,1.125,1.125,0.0,0.0,-2.0,9.775127222133097,0.0,-2.971826822125607
seed-12379-pa-0.35-pb-0.50,seed-12379-pa-0.35-pb-0.50:20,bandit,20,2.9431471805599436,3.1839176230017743,1.125,1.125,0.0,0.0,-2.0,10.411370861026441,0.0,-4.823235481019326
seed-12379-pa-0.35-pb-0.50,seed-12379-pa-0.35-pb-0.50:21,bandit,21,2.575939419878843,3.13647013309876,1.125,1.125,0.0,0.0,-2.0,11.015802317975119,0.0,-6.58207370696836
seed-12379-pa-0.35-pb-0.50,seed-12379-pa-0.35-pb-0.50:22,bandit,22,3.9734445810050545,3.3098003633396056,1.125,1.125,0.0,0.0,3.0,11.590012202076363,0.0,-3.2529700216199418
seed-12379-pa-0.35-pb-0.50,seed-12379-pa-0.35-pb-0.50:23,bandit,23,4.05370067827652,3.2391808207866295,0.7777777777777777,0.7777777777777777,0.0,0.0,-2.0,11.78828936975032,0.0,-5.090321520538945
seed-12379-pa-0.35-pb-0.50,seed-12379-pa-0.35-pb-0.50:24,bandit,24,3.8868710061149017,3.158589922854846,0.5,0.5,0.0,0.0,-2.0,11.698874901262803,0.0,-6.835805444511998
seed-12379-pa-0.35-pb-0.50,seed-12379-pa-0.35-pb-0.50:25,bandit,25,3.849076984180108,3.082028569819652,0.5,0.5,0.0,0.0,-2.0,11.613931156199662,0.0,-8.494015172286398
seed-12379-pa-0.35-pb-0.50,seed-12379-pa-0.35-pb-0.50:26,bandit,26,3.7618710061149017,3.0092952844362175,0.5,0.5,0.0,0.0,-2.0,11.53323459838968,0.0,-10.069314413672078
seed-12379-pa-0.35-pb-0.50,seed-12379-pa-0.35-pb-0.50:27,bandit,27,4.011871006114902,2.9291513003621272,0.2727272727272729,0.2727272727272729,0.0,0.0,-2.0,11.229300141197468,0.0,-11.565848692988475
seed-12379-pa-0.35-pb-0.50,seed-12379-pa-0.35-pb-0.50:28,bandit,28,4.17870067827652,3.082467224100278,0.5,0.5,0.0,0.0,3.0,11.167835134137594,0.0,-7.987556258339051
seed-12385-pa-0.65-pb-0.35,seed-12385-pa-0.65-pb-0.35:0,bandit,0,4.203889734292549,2.912825855619838,0.5,0.5,0.0,0.0,0.0,0.5,0.0,0.0
seed-12385-pa-0.65-pb-0.35,seed-12385-pa-0.65-pb-0.35:1,bandit,1,3.849076984180108,2.8485527059463944,0.5,0.5,0.0,0.0,-2.0,0.975,0.0,-2.0
seed-12385-pa-0.65-pb-0.35,seed-12385-pa-0.65-pb-0.35:2,bandit,2,4.350412651601648,3.005898559405332,0.5,0.5,0.0,0.0,3.0,1.42625,0.0,1.1
seed-12385-pa-0.65-pb-0.35,seed-12385-pa-0.65-pb-0.35:3,bandit,3,2.7731232641398407,2.9369717745426134,0.5,0.5,0.0,0.0,-2.0,1.8549375,0.0,-0.9550000000000001
seed-12385-pa-0.65-pb-0.35,seed-12385-pa-0.65-pb-0.35:4,bandit,4,3.376928011042974,3.08989667457174,0.5,0.5,0.0,0.0,3.0,2.2621906249999997,0.0,2.09275
seed-12385-pa-0.65-pb-0.35,seed-12385-pa-0.65-pb-0.35:5,bandit,5,3.1128222787715707,3.252535471393425,0.8571428571428572,0.8571428571428572,0.0,0.0,3.0,3.0062239508928568,0.0,4.9881125
seed-12385-pa-0.65-pb-0.35,seed-12385-pa-0.65-pb-0.35:6,bandit,6,3.429882179158078,3.4200624347195374,1.125,1.125,0.0,0.0,3.0,3.9809127533482136,0.0,7.738706874999999
seed-12385-pa-0.65-pb-0.35,seed-12385-pa-0.65-pb-0.35:7,bandit,7,3.4235873515737403,3.5893397992591862,1.3333333333333337,1.3333333333333337,0.0,0.0,3.0,5.115200449014137,0.0,10.351771531249998
seed-12385-pa-0.65-pb-0.35,seed-12385-pa-0.65-pb-0.35:8,bandit,8,2.6602241504380864,3.515545150915396,1.0,1.0,0.0,0.0,-2.0,5.859440426563429,0.0,7.834182954687497
seed-12385-pa-0.65-pb-0.35,seed-12385-pa-0.65-pb-0.35:9,bandit,9,1.92974463538566,3.432183399437002,0.7272727272727271,0.7272727272727271,0.0,0.0,-2.0,6.293741132507984,0.0,5.442473806953122
seed-12385-pa-0.65-pb-0.35,seed-12385-pa-0.65-pb-0.35:10,bandit,10,3.7880413716877825,3.5806012169810932,0.9166666666666664,0.9166666666666664,0.0,0.0,3.0,6.89572074254925,0.0,8.170350116605466
seed-12385-pa-0.65-pb-0.35,seed-12385-pa-0.65-pb-0.35:11,bandit,11,3.7880413716877825,3.7293879508632433,1.076923076923077,1.076923076923077,0.0,0.0,3.0,7.627857782344865,0.0,10.761832610775192
seed-12385-pa-0.65-pb-0.35,seed-12385-pa-0.65-pb-0.35:12,bandit,12,4.026300195186874,3.8774123256643684,1.2142857142857144,1.2142857142857144,0.0,0.0,3.0,8.460750607513337,0.0,13.223740980236432
seed-12385-pa-0.65-pb-0.35,seed-12385-pa-0.65-pb-0.35:13,bandit,13,3.90864569998304,4.023822195656776,1.3333333333333337,1.3333333333333337,0.0,0.0,3.0,9.371046410471003,0.0,15.56255393122461
seed-12385-pa-0.65-pb-0.35,seed-12385-pa-0.65-pb-0.35:14,bandit,14,3.78364569998304,4.167974946839483,1.4375,1.4375,0.0,0.0,3.0,10.339994089947453,0.0,17.78442623466338
seed-12385-pa-0.65-pb-0.35,seed-12385-pa-0.65-pb-0.35:15,bandit,15,3.311967589003199,4.0766858110045,1.2352941176470589,1.2352941176470589,0.0,0.0,-2.0,11.058288503097138,0.0,14.895204922930208
seed-12385-pa-0.65-pb-0.35,seed-12385-pa-0.65-pb-0.35:16,bandit,16,2.811967589003199,3.9812243285747355,1.0555555555555554,1.0555555555555554,0.0,0.0,-2.0,11.560929633497837,0.0,12.150444676783698
seed-12385-pa-0.65-pb-0.35,seed-12385-pa-0.65-pb-0.35:17,bandit,17,4.03364569998304,4.113915809470178,1.1578947368421053,1.1578947368421053,0.0,0.0,3.0,12.140777888665049,0.0,14.542922442944512
seed-12385-pa-0.65-pb-0.35,seed-12385-pa-0.65-pb-0.35:18,bandit,18,4.03364569998304,4.244449805520358,1.25,1.25,0.0,0.0,3.0,12.783738994231795,0.0,16.815776320797283
seed-12385-pa-0.65-pb-0.35,seed-12385-pa-0.65-pb-0.35:19,bandit,19,3.429882179158078,4.14252902800858,1.0952380952380951,1.0952380952380951,0.0,0.0,-2.0,13.2397901397583,0.0,13.974987504757419
seed-12385-pa-0.65-pb-0.35,seed-12385-pa-0.65-pb-0.35:20,bandit,20,3.3868710061149017,4.045704289372391,1.0952380952380951,1.0952380952380951,0.0,0.0,-2.0,13.67303872800848,0.0,11.276238129519546
seed-12385-pa-0.65-pb-0.35,seed-12385-pa-0.65-pb-0.35:21,bandit,21,3.2852241504380864,3.9468819439309746,0.9545454545454546,0.9545454545454546,0.0,0.0,-2.0,13.94393224615351,0.0,8.712426223043568
seed-12385-pa-0.65-pb-0.35,seed-12385-pa-0.65-pb-0.35:22,bandit,22,3.126928011042974,3.8467565540886834,0.8260869565217392,0.8260869565217392,0.0,0.0,-2.0,14.072822590367572,0.0,6.276804911891389
seed-12385-pa-0.65-pb-0.35,seed-12385-pa-0.65-pb-0.35:23,bandit,23,3.001928011042974,3.7459136188716395,0.7083333333333335,0.7083333333333335,0.0,0.0,-2.0,14.077514794182527,0.0,3.96296466629682
seed-12385-pa-0.65-pb-0.35,seed-12385-pa-0.65-pb-0.35:24,bandit,24,4.792999079229087,3.8729739457912875,0.7999999999999998,0.7999999999999998,0.0,0.0,3.0,14.173639054473398,0.0,6.764816432981979
seed-12385-pa-0.65-pb-0.35,seed-12385-pa-0.65-pb-0.35:25,bandit,25,4.6630413716877825,3.997794274574612,0.8846153846153846,0.8846153846153846,0.0,0.0,3.0,14.349572486365112,0.0,9.42657561133288
seed-12385-pa-0.65-pb-0.35,seed-12385-pa-0.65-pb-0.35:26,bandit,26,4.4449361996449746,3.8927750364598857,0.7777777777777777,0.7777777777777777,0.0,0.0,-2.0,14.409871639824633,0.0,6.955246830766235
seed-12385-pa-0.65-pb-0.35,seed-12385-pa-0.65-pb-0.35:27,bandit,27,5.02975041827262,4.015269915187163,0.8571428571428572,0.8571428571428572,0.0,0.0,3.0,14.54652091497626,0.0,9.607484489227923
seed-12385-pa-0.65-pb-0.35,seed-12385-pa-0.65-pb-0.35:28,bandit,28,4.4449361996449746,3.9084456996965367,0.7586206896551726,0.7586206896551726,0.0,0.0,-2.0,14.577815558882618,0.0,7.127110264766527
seed-12385-pa-0.65-pb-0.35,seed-12385-pa-0.65-pb-0.35:29,bandit,29,5.026300195186874,4.028999702475715,0.8333333333333335,0.8333333333333335,0.0,0.0,3.0,14.68225811427182,0.0,9.770754751528202
seed-12385-pa-0.65-pb-0.35,seed-12385-pa-0.65-pb-0.35:30,bandit,30,4.3199361996449746,3.9206779565134875,0.7419354838709675,0.7419354838709675,0.0,0.0,-2.0,14.690080692429197,0.0,7.282217013951792
seed-12385-pa-0.65-pb-0.35,seed-12385-pa-0.65-pb-0.35:31,bandit,31,5.026300195186874,4.039607671513833,0.8125,0.8125,0.0,0.0,3.0,14.768076657807736,0.0,9.918106163254201
seed-12385-pa-0.65-pb-0.35,seed-12385-pa-0.65-pb-0.35:32,bandit,32,5.026300195186874,4.155813048294112,0.8787878787878789,0.8787878787878789,0.0,0.0,3.0,14.908460703705227,0.0,12.422200855091491
seed-12385-pa-0.65-pb-0.35,seed-12385-pa-0.65-pb-0.35:33,bandit,33,5.0380413716877825,4.0436871263467316,0.7941176470588234,0.7941176470588234,0.0,0.0,-2.0,14.957155315578788,0.0,9.801090812336916
seed-12385-pa-0.65-pb-0.35,seed-12385-pa-0.65-pb-0.35:34,bandit,34,3.8288897342925488,3.933286998213352,0.7142857142857144,0.7142857142857144,0.0,0.0,-2.0,14.923583264085561,0.0,7.31103627172007
seed-12385-pa-0.65-pb-0.35,seed-12385-pa-0.65-pb-0.35:35,bandit,35,5.15864569998304,4.049898469565398,0.7777777777777777,0.7777777777777777,0.0,0.0,3.0,14.955181878659062,0.0,9.945484458134066
seed-12385-pa-0.65-pb-0.35,seed-12385-pa-0.65-pb-0.35:36,bandit,36,4.6949361996449746,3.938624742645333,0.7027027027027026,0.7027027027027026,0.0,0.0,-2.0,14.910125487428811,0.0,7.4482102352273625
seed-12385-pa-0.65-pb-0.35,seed-12385-pa-0.65-pb-0.35:37,bandit,37,4.186967589003199,3.829457490334199,0.6315789473684212,0.6315789473684212,0.0,0.0,-2.0,14.79619816042579,0.0,5.075799723465994
seed-12385-pa-0.65-pb-0.35,seed-12385-pa-0.65-pb-0.35:38,bandit,38,4.29858735157374,3.7224686818111428,0.5641025641025643,0.5641025641025643,0.0,0.0,-2.0,14.620490816507065,0.0,2.822009737292694
seed-12385-pa-0.65-pb-0.35,seed-12385-pa-0.65-pb-0.35:39,bandit,39,5.273245464372426,3.842194786104748,0.625,0.625,0.0,0.0,3.0,14.51446627568171,0.0,5.680909250428059
seed-12385-pa-0.65-pb-0.35,seed-12385-pa-0.65-pb-0.35:40,bandit,40,4.7880413716877825,3.958750315499044,0.6829268292682928,0.6829268292682928,0.0,0.0,3.0,14.471669791165917,0.0,8.396863787906657
seed-12385-pa-0.65-pb-0.35,seed-12385-pa-0.65-pb-0.35:41,bandit,41,5.145541900901097,4.072159716343026,0.7380952380952381,0.7380952380952381,0.0,0.0,3.0,14.486181539702859,0.0,10.977020598511324
seed-12385-pa-0.65-pb-0.35,seed-12385-pa-0.65-pb-0.35:42,bandit,42,4.898245464372426,4.182455567254005,0.7906976744186047,0.7906976744186047,0.0,0.0,3.0,14.55257013713632,0.0,13.428169568585757
seed-12385-pa-0.65-pb-0.35,seed-12385-pa-0.65-pb-0.35:43,bandit,43,4.895541900901097,4.289677322087303,0.8409090909090908,0.8409090909090908,0.0,0.0,3.0,14.665850721188594,0.0,15.756761090156468
seed-12385-pa-0.65-pb-0.35,seed-12385-pa-0.65-pb-0.35:44,bandit,44,5.0380413716877825,4.170063931596942,0.7777777777777777,0.7777777777777777,0.0,0.0,-2.0,14.710335962906942,0.0,12.968923035648643
seed-12385-pa-0.65-pb-0.35,seed-12385-pa-0.65-pb-0.35:45,bandit,45,4.186967589003199,4.053495920955783,0.7173913043478262,0.7173913043478262,0.0,0.0,-2.0,14.69221046910942,0.0,10.32047688386621
seed-12385-pa-0.65-pb-0.35,seed-12385-pa-0.65-pb-0.35:46,bandit,46,5.4130413716877825,4.16116165649539,0.7173913043478262,0.7173913043478262,0.0,0.0,3.0,14.674991250001776,0.0,12.804453039672898
seed-12385-pa-0.65-pb-0.35,seed-12385-pa-0.65-pb-0.35:47,bandit,47,5.40475041827262,4.265804827592634,0.7659574468085109,0.7659574468085109,0.0,0.0,3.0,14.707199134310198,0.0,15.164230387689253
seed-12385-pa-0.65-pb-0.35,seed-12385-pa-0.65-pb-0.35:48,bandit,48,5.891034256080317,4.367478199039023,0.8125,0.8125,0.0,0.0,3.0,14.784339177594687,0.0,17.40601886830479
seed-12385-pa-0.65-pb-0.35,seed-12385-pa-0.65-pb-0.35:49,bandit,49,5.518149927917811,4.466237919637344,0.8571428571428572,0.8571428571428572,0.0,0.0,3.0,14.902265075857809,0.0,19.53571792488955
seed-12385-pa-0.65-pb-0.35,seed-12385-pa-0.65-pb-0.35:50,bandit,50,5.393149927917811,4.562142871221031,0.8999999999999999,0.8999999999999999,0.0,0.0,3.0,15.057151822064919,0.0,21.55893202864507
seed-12385-pa-0.65-pb-0.35,seed-12385-pa-0.65-pb-0.35:51,bandit,51,5.641034256080317,4.655254097455902,0.9411764705882356,0.9411764705882356,0.0,0.0,3.0,15.245470701549907,0.0,23.480985427212815
seed-12385-pa-0.65-pb-0.35,seed-12385-pa-0.65-pb-0.35:52,bandit,52,5.641034256080317,4.745634302985153,0.9807692307692308,0.9807692307692308,0.0,0.0,3.0,15.463966397241641,0.0,25.306936155852174
seed-12385-pa-0.65-pb-0.35,seed-12385-pa-0.65-pb-0.35:53,bandit,53,5.04858735157374,4.61035637118916,0.9245283018867924,0.9245283018867924,0.0,0.0,-2.0,15.61529637926635,0.0,22.041589348059563
seed-12385-pa-0.65-pb-0.35,seed-12385-pa-0.65-pb-0.35:54,bandit,54,5.648245464372426,4.702115928896719,0.9629629629629628,0.9629629629629628,0.0,0.0,3.0,15.797494523265996,0.0,23.939509880656583
seed-12385-pa-0.65-pb-0.35,seed-12385-pa-0.65-pb-0.35:55,bandit,55,5.398245464372426,4.7910878197197615,1.0,1.0,0.0,0.0,3.0,16.007619797102695,0.0,25.742534386623753
seed-12385-pa-0.65-pb-0.35,seed-12385-pa-0.65-pb-0.35:56,bandit,56,5.641034256080317,4.877347130181053,1.0357142857142856,1.0357142857142856,0.0,0.0,3.0,16.242953092961844,0.0,27.455407667292565
seed-12385-pa-0.65-pb-0.35,seed-12385-pa-0.65-pb-0.35:57,bandit,57,5.514163456931506,4.960968576520457,1.0701754385964914,1.0701754385964914,0.0,0.0,3.0,16.50098087691024,0.0,29.082637283927937
seed-12385-pa-0.65-pb-0.35,seed-12385-pa-0.65-pb-0.35:58,bandit,58,5.764163456931506,5.042026289826786,1.103448275862069,1.103448275862069,0.0,0.0,3.0,16.779380108926798,0.0,30.62850541973154
seed-12385-pa-0.65-pb-0.35,seed-12385-pa-0.65-pb-0.35:59,bandit,59,5.0380413716877825,4.898068930362577,1.0508474576271185,1.0508474576271185,0.0,0.0,-2.0,16.991258561107575,0.0,27.09708014874496
seed-12385-pa-0.65-pb-0.35,seed-12385-pa-0.65-pb-0.35:60,bandit,60,5.643149927917811,4.981293870864263,1.0833333333333337,1.0833333333333337,0.0,0.0,3.0,17.225028966385526,0.0,28.74222614130771
seed-12385-pa-0.65-pb-0.35,seed-12385-pa-0.65-pb-0.35:61,bandit,61,5.643149927917811,5.061884877362087,1.1147540983606556,1.1147540983606556,0.0,0.0,3.0,17.478531616426906,0.0,30.305114834242325
seed-12385-pa-0.65-pb-0.35,seed-12385-pa-0.65-pb-0.35:62,bandit,62,5.762509570276173,5.139924378394267,1.1451612903225803,1.1451612903225803,0.0,0.0,3.0,17.74976632592814,0.0,31.789859092530207
seed-12385-pa-0.65-pb-0.35,seed-12385-pa-0.65-pb-0.35:63,bandit,63,5.054882179158078,4.9932298722387936,1.0952380952380951,1.0952380952380951,0.0,0.0,-2.0,17.957516104869825,0.0,28.200366137903696
seed-12385-pa-0.65-pb-0.35,seed-12385-pa-0.65-pb-0.35:64,bandit,64,5.893149927917811,5.073722115522637,1.125,1.125,0.0,0.0,3.0,18.184640299626334,0.0,29.79034783100851
seed-12385-pa-0.65-pb-0.35,seed-12385-pa-0.65-pb-0.35:65,bandit,65,5.768149927917811,5.151591911941036,1.1538461538461535,1.1538461538461535,0.0,0.0,3.0,18.42925443849117,0.0,31.300830439458085
seed-12385-pa-0.65-pb-0.35,seed-12385-pa-0.65-pb-0.35:66,bandit,66,5.514163456931506,5.226927893979725,1.1818181818181817,1.1818181818181817,0.0,0.0,3.0,18.689609898384795,0.0,32.73578891748518
seed-12385-pa-0.65-pb-0.35,seed-12385-pa-0.65-pb-0.35:67,bandit,67,5.637509570276173,5.2998161650310855,1.2089552238805972,1.2089552238805972,0.0,0.0,3.0,18.96408462734615,0.0,34.098999471610924
seed-12385-pa-0.65-pb-0.35,seed-12385-pa-0.65-pb-0.35:68,bandit,68,5.512509570276173,5.37034031393523,1.2352941176470589,1.2352941176470589,0.0,0.0,3.0,19.251174513625898,0.0,35.39404949803038
seed-12385-pa-0.65-pb-0.35,seed-12385-pa-0.65-pb-0.35:69,bandit,69,5.637509570276173,5.438581436903715,1.2608695652173911,1.2608695652173911,0.0,0.0,3.0,19.549485353161995,0.0,36.624347023128855
seed-12385-pa-0.65-pb-0.35,seed-12385-pa-0.65-pb-0.35:70,bandit,70,5.27975041827262,5.282740791754108,1.2142857142857144,1.2142857142857144,0.0,0.0,-2.0,19.78629679978961,0.0,32.79312967197241
seed-12385-pa-0.65-pb-0.35,seed-12385-pa-0.65-pb-0.35:71,bandit,71,5.895541900901097,5.354320069707451,1.23943661971831,1.23943661971831,0.0,0.0,3.0,20.03641857951844,0.0,34.15347318837379
seed-12385-pa-0.65-pb-0.35,seed-12385-pa-0.65-pb-0.35:72,bandit,72,5.893149927917811,5.42350896937109,1.2638888888888888,1.2638888888888888,0.0,0.0,3.0,20.298486539431405,0.0,35.4457995289551
seed-12385-pa-0.65-pb-0.35,seed-12385-pa-0.65-pb-0.35:73,bandit,73,6.012509570276173,5.49039444567025,1.287671232876712,1.287671232876712,0.0,0.0,3.0,20.571233445336546,0.0,36.67350955250734
seed-12385-pa-0.65-pb-0.35,seed-12385-pa-0.65-pb-0.35:74,bandit,74,5.762509570276173,5.555060425945624,1.310810810810811,1.310810810810811,0.0,0.0,3.0,20.853482583880528,0.0,37.83983407488197
seed-12385-pa-0.65-pb-0.35,seed-12385-pa-0.65-pb-0.35:75,bandit,75,5.761047744848593,5.617587890923968,1.3333333333333337,1.3333333333333337,0.0,0.0,3.0,21.144141788019834,0.0,38.947842371137874
seed-12385-pa-0.65-pb-0.35,seed-12385-pa-0.65-pb-0.35:76,bandit,76,5.52975041827262,5.4564516897668245,1.289473684210526,1.289473684210526,0.0,0.0,-2.0,21.376408382829368,0.0,35.000450252580976
seed-12385-pa-0.65-pb-0.35,seed-12385-pa-0.65-pb-0.35:77,bandit,77,5.893149927917811,5.52285746174841,1.3116883116883118,1.3116883116883118,0.0,0.0,3.0,21.619276275376208,0.0,36.250427739951924
seed-12385-pa-0.65-pb-0.35,seed-12385-pa-0.65-pb-0.35:78,bandit,78,4.703889734292549,5.365473806401802,1.2692307692307692,1.2692307692307692,0.0,0.0,-2.0,21.807543230838167,0.0,32.43790635295433
seed-12385-pa-0.65-pb-0.35,seed-12385-pa-0.65-pb-0.35:79,bandit,79,6.141034256080317,5.4354296151411665,1.2911392405063291,1.2911392405063291,0.0,0.0,3.0,22.008305309802587,0.0,33.816011035306616
seed-12385-pa-0.65-pb-0.35,seed-12385-pa-0.65-pb-0.35:80,bandit,80,6.014163456931506,5.502925945721749,1.3125,1.3125,0.0,0.0,3.0,22.220390044312456,0.0,35.12521048354128
seed-12385-pa-0.65-pb-0.35,seed-12385-pa-0.65-pb-0.35:81,bandit,81,6.136047744848593,5.5680601347112875,1.3333333333333337,1.3333333333333337,0.0,0.0,3.0,22.442703875430166,0.0,36.368949959364215
seed-12385-pa-0.65-pb-0.35,seed-12385-pa-0.65-pb-0.35:82,bandit,82,6.009755911000223,5.630925589800602,1.3536585365853655,1.3536585365853655,0.0,0.0,3.0,22.67422721824402,0.0,37.550502461396
seed-12385-pa-0.65-pb-0.35,seed-12385-pa-0.65-pb-0.35:83,bandit,83,5.651300195186874,5.470278378708105,1.313253012048193,1.313253012048193,0.0,0.0,-2.0,22.853768869380012,0.0,33.6729773383262
seed-12385-pa-0.65-pb-0.35,seed-12385-pa-0.65-pb-0.35:84,bandit,84,6.016034256080317,5.537044946048326,1.3333333333333337,1.3333333333333337,0.0,0.0,3.0,23.044413759244343,0.0,34.98932847140989
seed-12385-pa-0.65-pb-0.35,seed-12385-pa-0.65-pb-0.35:85,bandit,85,6.014163456931506,5.60142629084552,1.3529411764705883,1.3529411764705883,0.0,0.0,3.0,23.245134247752713,0.0,36.239862047839395
seed-12385-pa-0.65-pb-0.35,seed-12385-pa-0.65-pb-0.35:86,bandit,86,5.4130413716877825,5.442288093732035,1.3139534883720931,1.3139534883720931,0.0,0.0,-2.0,23.396831023737167,0.0,32.42786894544742
seed-12385-pa-0.65-pb-0.35,seed-12385-pa-0.65-pb-0.35:87,bandit,87,4.8199361996449746,5.289255243636532,1.2758620689655171,1.2758620689655171,0.0,0.0,-2.0,23.502851541515824,0.0,28.80647549817505
seed-12385-pa-0.65-pb-0.35,seed-12385-pa-0.65-pb-0.35:88,bandit,88,5.17358735157374,5.142064554181693,1.2386363636363638,1.2386363636363638,0.0,0.0,-2.0,23.566345328076395,0.0,25.366151723266295
seed-12385-pa-0.65-pb-0.35,seed-12385-pa-0.65-pb-0.35:89,bandit,89,4.92358735157374,5.000464579849288,1.202247191011236,1.202247191011236,0.0,0.0,-2.0,23.59027525268381,0.0,22.097844137102978
seed-12385-pa-0.65-pb-0.35,seed-12385-pa-0.65-pb-0.35:90,bandit,90,4.804882179158078,4.864215091979865,1.1666666666666663,1.1666666666666663,0.0,0.0,-2.0,23.577428156716287,0.0,18.992951930247827
seed-12385-pa-0.65-pb-0.35,seed-12385-pa-0.65-pb-0.35:91,bandit,91,6.266034256080317,4.954162714202543,1.1868131868131866,1.1868131868131866,0.0,0.0,3.0,23.58536993569366,0.0,21.043304333735435
seed-12385-pa-0.65-pb-0.35,seed-12385-pa-0.65-pb-0.35:92,bandit,92,6.018149927917811,5.040570956449876,1.2065217391304346,1.2065217391304346,0.0,0.0,3.0,23.61262317803941,0.0,22.99113911704866
seed-12385-pa-0.65-pb-0.35,seed-12385-pa-0.65-pb-0.35:93,bandit,93,6.136047744848593,5.12359618554567,1.225806451612903,1.225806451612903,0.0,0.0,3.0,23.657798470750343,0.0,24.84158216119623
seed-12385-pa-0.65-pb-0.35,seed-12385-pa-0.65-pb-0.35:94,bandit,94,5.65475041827262,4.982396708806901,1.1914893617021276,1.1914893617021276,0.0,0.0,-2.0,23.666397908914952,0.0,21.599503053136416
seed-12385-pa-0.65-pb-0.35,seed-12385-pa-0.65-pb-0.35:95,bandit,95,4.936967589003199,4.846624225042026,1.1578947368421053,1.1578947368421053,0.0,0.0,-2.0,23.64097275031131,0.0,18.519527900479595
seed-12385-pa-0.65-pb-0.35,seed-12385-pa-0.65-pb-0.35:96,bandit,96,5.148245464372426,4.716041405036999,1.125,1.125,0.0,0.0,-2.0,23.583924112795742,0.0,15.593551505455615
seed-12385-pa-0.65-pb-0.35,seed-12385-pa-0.65-pb-0.35:97,bandit,97,5.026300195186874,4.590421733860083,1.0927835051546393,1.0927835051546393,0.0,0.0,-2.0,23.497511412310594,0.0,12.813873930182833
seed-12385-pa-0.65-pb-0.35,seed-12385-pa-0.65-pb-0.35:98,bandit,98,6.137509570276173,4.69043437899879,1.1122448979591837,1.1122448979591837,0.0,0.0,3.0,23.434880739654247,0.0,15.17318023367369
seed-12385-pa-0.65-pb-0.35,seed-12385-pa-0.65-pb-0.35:99,bandit,99,5.292999079229087,4.565512952942625,1.0808080808080809,1.0808080808080809,0.0,0.0,-2.0,23.343944783479614,0.0,12.414521221990006
seed-12391-pa-0.50-pb-0.65,seed-12391-pa-0.50-pb-0.65:0,bandit,0,4.203889734292549,2.912825855619838,0.5,0.5,0.0,0.0,0.0,0.5,0.0,0.0
seed-12391-pa-0.50-pb-0.65,seed-12391-pa-0.50-pb-0.65:1,bandit,1,3.4287006782765204,3.1074650491144715,1.3333333333333337,1.3333333333333337,0.0,0.0,3.0,1.8083333333333336,0.0,3.0
seed-12391-pa-0.50-pb-0.65,seed-12391-pa-0.50-pb-0.65:2,bandit,2,1.7852241504380864,3.0739669372856646,1.3333333333333337,1.3333333333333337,0.0,0.0,-2.0,3.0512500000000005,0.0,0.8499999999999996
seed-12403-pa-0.35-pb-0.35,seed-12403-pa-0.35-pb-0.35:0,bandit,0,4.203889734292549,2.912825855619838,0.5,0.5,0.0,0.0,0.0,0.5,0.0,0.0
seed-12403-pa-0.35-pb-0.35,seed-12403-pa-0.35-pb-0.35:1,bandit,1,3.0075990353171704,2.8485527059463944,0.5,0.5,0.0,0.0,-2.0,0.975,0.0,-2.0
seed-12404-pa-0.65-pb-0.65,seed-12404-pa-0.65-pb-0.65:0,bandit,0,4.203889734292549,2.912825855619838,0.5,0.5,0.0,0.0,0.0,0.5,0.0,0.0
seed-12404-pa-0.65-pb-0.65,seed-12404-pa-0.65-pb-0.65:1,bandit,1,3.0075990353171704,2.8485527059463944,0.5,0.5,0.0,0.0,-2.0,0.975,0.0,-2.0
seed-12404-pa-0.65-pb-0.65,seed-12404-pa-0.65-pb-0.65:2,bandit,2,0.3868710061149016,2.7874932137566226,0.5,0.5,0.0,0.0,-2.0,1.42625,0.0,-3.9
seed-12410-pa-0.65-pb-0.20,seed-12410-pa-0.65-pb-0.20:0,bandit,0,4.203889734292549,2.912825855619838,0.5,0.5,0.0,0.0,0.0,0.5,0.0,0.0
seed-12410-pa-0.65-pb-0.20,seed-12410-pa-0.65-pb-0.20:1,bandit,1,4.42870067827652,3.1074650491144715,1.3333333333333337,1.3333333333333337,0.0,0.0,3.0,1.8083333333333336,0.0,3.0
seed-12410-pa-0.65-pb-0.20,seed-12410-pa-0.65-pb-0.20:2,bandit,2,2.501928011042974,3.0739669372856646,1.3333333333333337,1.3333333333333337,0.0,0.0,-2.0,3.0512500000000005,0.0,0.8499999999999996
seed-12410-pa-0.65-pb-0.20,seed-12410-pa-0.65-pb-0.20:3,bandit,3,2.6368710061149017,3.280802575456691,1.75,1.75,0.0,0.0,3.0,4.6486875,0.0,3.8074999999999997
seed-12410-pa-0.65-pb-0.20,seed-12410-pa-0.65-pb-0.20:4,bandit,4,2.2575990353171704,3.4894485309749768,2.0,2.0,0.0,0.0,3.0,6.416253125,0.0,6.617125
seed-12410-pa-0.65-pb-0.20,seed-12410-pa-0.65-pb-0.20:5,bandit,5,2.3981232641398407,3.4368512450531448,1.3333333333333337,1.3333333333333337,0.0,0.0,-2.0,7.428773802083334,0.0,4.28626875
seed-12410-pa-0.65-pb-0.20,seed-12410-pa-0.65-pb-0.20:6,bandit,6,1.9382616875182244,3.3868838234274037,1.3333333333333337,1.3333333333333337,0.0,0.0,-2.0,8.3906684453125,0.0,2.071955312499999
seed-12410-pa-0.65-pb-0.20,seed-12410-pa-0.65-pb-0.20:7,bandit,7,3.42974463538566,3.557820118531659,1.3333333333333337,1.3333333333333337,0.0,0.0,3.0,9.304468356380207,0.0,4.968357546875
seed-12410-pa-0.65-pb-0.20,seed-12410-pa-0.65-pb-0.20:8,bandit,8,2.3181471805599436,3.4786573975066393,0.8571428571428572,0.8571428571428572,0.0,0.0,-2.0,9.696387795704053,0.0,2.719939669531249
seed-12410-pa-0.65-pb-0.20,seed-12410-pa-0.65-pb-0.20:9,bandit,9,3.281150136248314,3.634878264527091,1.125,1.125,0.0,0.0,3.0,10.33656840591885,0.0,5.583942686054687
seed-12410-pa-0.65-pb-0.20,seed-12410-pa-0.65-pb-0.20:10,bandit,10,2.9382616875182244,3.7934148375763623,1.3333333333333337,1.3333333333333337,0.0,0.0,3.0,11.153073318956242,0.0,8.304745551751953
seed-12410-pa-0.65-pb-0.20,seed-12410-pa-0.65-pb-0.20:11,bandit,11,3.17974463538566,3.9521259814770433,1.5,1.5,0.0,0.0,3.0,12.09541965300843,0.0,10.889508274164356
seed-12410-pa-0.65-pb-0.20,seed-12410-pa-0.65-pb-0.20:12,bandit,12,2.450939419878843,3.8844962225339814,1.5,1.5,0.0,0.0,-2.0,12.990648670358008,0.0,8.345032860456138
seed-12414-pa-0.65-pb-0.50,seed-12414-pa-0.65-pb-0.50:0,bandit,0,4.203889734292549,2.912825855619838,0.5,0.5,0.0,0.0,0.0,0.5,0.0,0.0
seed-12414-pa-0.65-pb-0.50,seed-12414-pa-0.65-pb-0.50:1,bandit,1,3.849076984180108,2.8485527059463944,0.5,0.5,0.0,0.0,-2.0,0.975,0.0,-2.0
seed-12414-pa-0.65-pb-0.50,seed-12414-pa-0.65-pb-0.50:2,bandit,2,4.350412651601648,3.005898559405332,0.5,0.5,0.0,0.0,3.0,1.42625,0.0,1.1
seed-12414-pa-0.65-pb-0.50,seed-12414-pa-0.65-pb-0.50:3,bandit,3,4.21393946547494,3.1796813187029436,1.0,1.0,0.0,0.0,3.0,2.3549375,0.0,4.045
seed-12414-pa-0.65-pb-0.50,seed-12414-pa-0.65-pb-0.50:4,bandit,4,2.951413277982752,3.360977739043422,1.3333333333333337,1.3333333333333337,0.0,0.0,3.0,3.570523958333334,0.0,6.84275
seed-12414-pa-0.65-pb-0.50,seed-12414-pa-0.65-pb-0.50:5,bandit,5,3.0681471805599436,3.5332093383668766,1.3333333333333337,1.3333333333333337,0.0,0.0,3.0,4.725331093750001,0.0,9.500612499999999
seed-12414-pa-0.65-pb-0.50,seed-12414-pa-0.65-pb-0.50:6,bandit,6,1.7240769841801082,3.478424012075449,1.3333333333333337,1.3333333333333337,0.0,0.0,-2.0,5.822397872395835,0.0,7.0255818749999985
seed-12427-pa-0.35-pb-0.50,seed-12427-pa-0.35-pb-0.50:0,bandit,0,4.203889734292549,2.912825855619838,0.5,0.5,0.0,0.0,0.0,0.5,0.0,0.0
seed-12427-pa-0.35-pb-0.50,seed-12427-pa-0.35-pb-0.50:1,bandit,1,3.849076984180108,2.8485527059463944,0.5,0.5,0.0,0.0,-2.0,0.975,0.0,-2.0
seed-12427-pa-0.35-pb-0.50,seed-12427-pa-0.35-pb-0.50:2,bandit,2,0.1004126516016477,2.7469862162372545,-0.3333333333333332,-0.3333333333333332,0.0,0.0,-2.0,0.5929166666666668,0.0,-3.9
seed-12429-pa-0.20-pb-0.20,seed-12429-pa-0.20-pb-0.20:0,bandit,0,4.203889734292549,2.912825855619838,0.5,0.5,0.0,0.0,0.0,0.5,0.0,0.0
seed-12429-pa-0.20-pb-0.20,seed-12429-pa-0.20-pb-0.20:1,bandit,1,3.849076984180108,2.8485527059463944,0.5,0.5,0.0,0.0,-2.0,0.975,0.0,-2.0
seed-12429-pa-0.20-pb-0.20,seed-12429-pa-0.20-pb-0.20:2,bandit,2,0.1004126516016477,2.7469862162372545,-0.3333333333333332,-0.3333333333333332,0.0,0.0,-2.0,0.5929166666666668,0.0,-3.9
seed-12429-pa-0.20-pb-0.20,seed-12429-pa-0.20-pb-0.20:3,bandit,3,-0.5568528194400564,2.6504980510135714,-0.3333333333333332,-0.3333333333333332,0.0,0.0,-2.0,0.22993750000000018,0.0,-5.705
seed-12433-pa-0.65-pb-0.35,seed-12433-pa-0.65-pb-0.35:0,bandit,0,4.203889734292549,2.912825855619838,0.5,0.5,0.0,0.0,0.0,0.5,0.0,0.0
seed-12433-pa-0.65-pb-0.35,seed-12433-pa-0.65-pb-0.35:1,bandit,1,4.42870067827652,3.1074650491144715,1.3333333333333337,1.3333333333333337,0.0,0.0,3.0,1.8083333333333336,0.0,3.0
seed-12433-pa-0.65-pb-0.35,seed-12433-pa-0.65-pb-0.35:2,bandit,2,3.201413277982752,3.3126257816940576,1.75,1.75,0.0,0.0,3.0,3.4679166666666665,0.0,5.85
seed-12433-pa-0.65-pb-0.35,seed-12433-pa-0.65-pb-0.35:3,bandit,3,3.42974463538566,3.252666834228524,1.0,1.0,0.0,0.0,-2.0,4.294520833333333,0.0,3.557499999999999
seed-12433-pa-0.65-pb-0.35,seed-12433-pa-0.65-pb-0.35:4,bandit,4,4.186967589003199,3.4303139787927237,1.3333333333333337,1.3333333333333337,0.0,0.0,3.0,5.413128125,0.0,6.379624999999999
seed-12433-pa-0.65-pb-0.35,seed-12433-pa-0.65-pb-0.35:5,bandit,5,3.6949361996449746,3.6106521939913896,1.5714285714285716,1.5714285714285716,0.0,0.0,3.0,6.713900290178572,0.0,9.060643749999999
seed-12433-pa-0.65-pb-0.35,seed-12433-pa-0.65-pb-0.35:6,bandit,6,2.767675057605601,3.541867975538895,1.125,1.125,0.0,0.0,-2.0,7.503205275669643,0.0,6.607611562499999
seed-12433-pa-0.65-pb-0.35,seed-12433-pa-0.65-pb-0.35:7,bandit,7,1.951413277982752,3.4596450523759543,0.7777777777777777,0.7777777777777777,0.0,0.0,-2.0,7.905822789663938,0.0,4.277230984374999
seed-12433-pa-0.65-pb-0.35,seed-12433-pa-0.65-pb-0.35:8,bandit,8,0.9061501362483142,3.3680309428647046,0.5,0.5,0.0,0.0,-2.0,8.010531650180742,0.0,2.0633694351562486
seed-12433-pa-0.65-pb-0.35,seed-12433-pa-0.65-pb-0.35:9,bandit,9,2.0075990353171704,3.2809975388290176,0.5,0.5,0.0,0.0,-2.0,8.110005067671704,0.0,-0.03979903660156392
seed-12433-pa-0.65-pb-0.35,seed-12433-pa-0.65-pb-0.35:10,bandit,10,4.313261687518224,3.416721150643824,0.5,0.5,0.0,0.0,3.0,8.204504814288118,0.0,2.9621909152285144
seed-12433-pa-0.65-pb-0.35,seed-12433-pa-0.65-pb-0.35:11,bandit,11,4.160224150438086,3.556705944827718,0.7272727272727271,0.7272727272727271,0.0,0.0,3.0,8.521552300846439,0.0,5.814081369467089
seed-12433-pa-0.65-pb-0.35,seed-12433-pa-0.65-pb-0.35:12,bandit,12,4.112822278771571,3.6988976351022735,0.9166666666666664,0.9166666666666664,0.0,0.0,3.0,9.012141352470783,0.0,8.523377300993733
seed-12433-pa-0.65-pb-0.35,seed-12433-pa-0.65-pb-0.35:13,bandit,13,4.112822278771571,3.8417695480783642,1.076923076923077,1.076923076923077,0.0,0.0,3.0,9.63845736177032,0.0,11.097208435944045
seed-12433-pa-0.65-pb-0.35,seed-12433-pa-0.65-pb-0.35:14,bandit,14,3.975206558916746,3.9841748430187334,1.2142857142857144,1.2142857142857144,0.0,0.0,3.0,10.370820207967519,0.0,13.542348014146842
seed-12433-pa-0.65-pb-0.35,seed-12433-pa-0.65-pb-0.35:15,bandit,15,2.8037006782765204,3.8906384424869658,1.0,1.0,0.0,0.0,-2.0,10.852279197569143,0.0,10.8652306134395
seed-12433-pa-0.65-pb-0.35,seed-12433-pa-0.65-pb-0.35:16,bandit,16,2.8868710061149017,3.7926647875399286,0.8125,0.8125,0.0,0.0,-2.0,11.122165237690686,0.0,8.321969082767525
seed-12433-pa-0.65-pb-0.35,seed-12433-pa-0.65-pb-0.35:17,bandit,17,5.554882179158078,3.9271092354308106,1.0,1.0,0.0,0.0,3.0,11.56605697580615,0.0,10.905870628629149
seed-12433-pa-0.65-pb-0.35,seed-12433-pa-0.65-pb-0.35:18,bandit,18,3.6325990353171704,3.8273120408365813,0.8125,0.8125,0.0,0.0,-2.0,11.800254127015842,0.0,8.360577097197691
seed-12433-pa-0.65-pb-0.35,seed-12433-pa-0.65-pb-0.35:19,bandit,19,5.392675057605601,3.9571648085906754,0.9411764705882356,0.9411764705882356,0.0,0.0,3.0,12.151417891253285,0.0,10.942548242337807
seed-12433-pa-0.65-pb-0.35,seed-12433-pa-0.65-pb-0.35:20,bandit,20,3.849076984180108,3.8541770437751457,0.7777777777777777,0.7777777777777777,0.0,0.0,-2.0,12.321624774468397,0.0,8.395420830220916
seed-12433-pa-0.65-pb-0.35,seed-12433-pa-0.65-pb-0.35:21,bandit,21,5.100206558916746,3.980429205483399,0.8947368421052633,0.8947368421052633,0.0,0.0,3.0,12.60028037785024,0.0,10.97564978870987
seed-12433-pa-0.65-pb-0.35,seed-12433-pa-0.65-pb-0.35:22,bandit,22,4.9449361996449746,4.105485432477107,1.0,1.0,0.0,0.0,3.0,12.970266358957726,0.0,13.426867299274376
seed-12433-pa-0.65-pb-0.35,seed-12433-pa-0.65-pb-0.35:23,bandit,23,4.531150136248314,3.9989394457548153,0.8571428571428572,0.8571428571428572,0.0,0.0,-2.0,13.178895898152698,0.0,10.755523934310656
seed-12433-pa-0.65-pb-0.35,seed-12433-pa-0.65-pb-0.35:24,bandit,24,5.453889734292549,4.1208606881429874,0.9545454545454546,0.9545454545454546,0.0,0.0,3.0,13.474496557790518,0.0,13.217747737595122
seed-12433-pa-0.65-pb-0.35,seed-12433-pa-0.65-pb-0.35:25,bandit,25,4.023123264139841,4.018280522763042,0.9545454545454546,0.9545454545454546,0.0,0.0,-2.0,13.755317184446447,0.0,10.556860350715365
seed-12433-pa-0.65-pb-0.35,seed-12433-pa-0.65-pb-0.35:26,bandit,26,3.4431471805599436,3.920829365652093,0.9545454545454546,0.9545454545454546,0.0,0.0,-2.0,14.02209677976958,0.0,8.029017333179596
seed-12433-pa-0.65-pb-0.35,seed-12433-pa-0.65-pb-0.35:27,bandit,27,5.517675057605601,4.050978993203595,1.0434782608695654,1.0434782608695654,0.0,0.0,3.0,14.364470201650665,0.0,10.627566466520616
seed-12433-pa-0.65-pb-0.35,seed-12433-pa-0.65-pb-0.35:28,bandit,28,5.237822278771571,4.178583780439198,1.125,1.125,0.0,0.0,3.0,14.77124669156813,0.0,13.096188143194585
seed-12433-pa-0.65-pb-0.35,seed-12433-pa-0.65-pb-0.35:29,bandit,29,5.4449361996449746,4.303453958089765,1.2000000000000002,1.2000000000000002,0.0,0.0,3.0,15.232684356989722,0.0,15.441378736034855
seed-12433-pa-0.65-pb-0.35,seed-12433-pa-0.65-pb-0.35:30,bandit,30,5.4449361996449746,4.4254458235747975,1.2692307692307692,1.2692307692307692,0.0,0.0,3.0,15.740280908371005,0.0,17.669309799233112
seed-12433-pa-0.65-pb-0.35,seed-12433-pa-0.65-pb-0.35:31,bandit,31,5.311967589003199,4.544454018671683,1.3333333333333337,1.3333333333333337,0.0,0.0,3.0,16.286600196285786,0.0,19.785844309271454
seed-12433-pa-0.65-pb-0.35,seed-12433-pa-0.65-pb-0.35:32,bandit,32,5.001929081345374,4.4333197444336765,1.2142857142857144,1.2142857142857144,0.0,0.0,-2.0,16.68655590075721,0.0,16.79655209380788
seed-12433-pa-0.65-pb-0.35,seed-12433-pa-0.65-pb-0.35:33,bandit,33,3.8981232641398407,4.322354553695635,1.103448275862069,1.103448275862069,0.0,0.0,-2.0,16.955676381581416,0.0,13.956724489117484
seed-12452-pa-0.65-pb-0.65,seed-12452-pa-0.65-pb-0.65:0,bandit,0,4.203889734292549,2.912825855619838,0.5,0.5,0.0,0.0,0.0,0.5,0.0,0.0
seed-12452-pa-0.65-pb-0.65,seed-12452-pa-0.65-pb-0.65:1,bandit,1,3.849076984180108,2.8485527059463944,0.5,0.5,0.0,0.0,-2.0,0.975,0.0,-2.0
seed-12452-pa-0.65-pb-0.65,seed-12452-pa-0.65-pb-0.65:2,bandit,2,2.71393946547494,3.0464055569247,1.3333333333333337,1.3333333333333337,0.0,0.0,3.0,2.2595833333333335,0.0,1.1
seed-12452-pa-0.65-pb-0.65,seed-12452-pa-0.65-pb-0.65:3,bandit,3,2.5231232641398407,3.254619264113775,1.75,1.75,0.0,0.0,3.0,3.8966041666666666,0.0,4.045
seed-12452-pa-0.65-pb-0.65,seed-12452-pa-0.65-pb-0.65:4,bandit,4,2.3037006782765204,3.4645743851992066,2.0,2.0,0.0,0.0,3.0,5.701773958333334,0.0,6.84275
seed-12452-pa-0.65-pb-0.65,seed-12452-pa-0.65-pb-0.65:5,bandit,5,2.3868710061149017,3.6640317502303663,2.0,2.0,0.0,0.0,3.0,7.416685260416667,0.0,9.500612499999999
seed-12452-pa-0.65-pb-0.65,seed-12452-pa-0.65-pb-0.65:6,bandit,6,2.1931471805599436,3.861617646513842,2.166666666666667,2.166666666666667,0.0,0.0,3.0,9.2125176640625,0.0,12.025581874999999
seed-12452-pa-0.65-pb-0.65,seed-12452-pa-0.65-pb-0.65:7,bandit,7,1.5759394198788428,3.8019853326777433,1.5714285714285716,1.5714285714285716,0.0,0.0,-2.0,10.323320352287945,0.0,9.424302781249999
seed-12454-pa-0.50-pb-0.35,seed-12454-pa-0.50-pb-0.35:0,bandit,0,4.203889734292549,2.912825855619838,0.5,0.5,0.0,0.0,0.0,0.5,0.0,0.0
seed-12454-pa-0.50-pb-0.35,seed-12454-pa-0.50-pb-0.35:1,bandit,1,3.849076984180108,2.8485527059463944,0.5,0.5,0.0,0.0,-2.0,0.975,0.0,-2.0
seed-12454-pa-0.50-pb-0.35,seed-12454-pa-0.50-pb-0.35:2,bandit,2,0.1004126516016477,2.7469862162372545,-0.3333333333333332,-0.3333333333333332,0.0,0.0,-2.0,0.5929166666666668,0.0,-3.9
seed-12454-pa-0.50-pb-0.35,seed-12454-pa-0.50-pb-0.35:3,bandit,3,2.3181471805599436,2.909410394181649,0.5,0.5,0.0,0.0,3.0,1.0632708333333334,0.0,-0.7049999999999996
seed-12454-pa-0.50-pb-0.35,seed-12454-pa-0.50-pb-0.35:4,bandit,4,1.5176750576056008,2.821003819068494,0.0,0.0,0.0,0.0,-2.0,1.0101072916666667,0.0,-2.6697499999999996
seed-12454-pa-0.50-pb-0.35,seed-12454-pa-0.50-pb-0.35:5,bandit,5,0.6269290813453736,2.737017572710996,0.0,0.0,0.0,0.0,-2.0,0.9596019270833333,0.0,-4.536262499999999
seed-12454-pa-0.50-pb-0.35,seed-12454-pa-0.50-pb-0.35:6,bandit,6,0.7139394654749402,2.6410278396636264,-0.3333333333333332,-0.3333333333333332,0.0,0.0,-2.0,0.5782884973958333,0.0,-6.309449374999999
seed-12460-pa-0.35-pb-0.20,seed-12460-pa-0.35-pb-0.20:0,bandit,0,4.203889734292549,2.912825855619838,0.5,0.5,0.0,0.0,0.0,0.5,0.0,0.0
seed-12460-pa-0.35-pb-0.20,seed-12460-pa-0.35-pb-0.20:1,bandit,1,3.849076984180108,2.8485527059463944,0.5,0.5,0.0,0.0,-2.0,0.975,0.0,-2.0
seed-12460-pa-0.35-pb-0.20,seed-12460-pa-0.35-pb-0.20:2,bandit,2,1.2575990353171704,2.7874932137566226,0.5,0.5,0.0,0.0,-2.0,1.42625,0.0,-3.9
seed-12463-pa-0.20-pb-0.35,seed-12463-pa-0.20-pb-0.35:0,bandit,0,4.203889734292549,2.912825855619838,0.5,0.5,0.0,0.0,0.0,0.5,0.0,0.0
seed-12463-pa-0.20-pb-0.35,seed-12463-pa-0.20-pb-0.35:1,bandit,1,3.849076984180108,2.8485527059463944,0.5,0.5,0.0,0.0,-2.0,0.975,0.0,-2.0
seed-12463-pa-0.20-pb-0.35,seed-12463-pa-0.20-pb-0.35:2,bandit,2,1.2575990353171704,2.7874932137566226,0.5,0.5,0.0,0.0,-2.0,1.42625,0.0,-3.9
seed-12463-pa-0.20-pb-0.35,seed-12463-pa-0.20-pb-0.35:3,bandit,3,0.2731232641398406,2.7294866961763398,0.5,0.5,0.0,0.0,-2.0,1.8549375,0.0,-5.705
seed-12463-pa-0.20-pb-0.35,seed-12463-pa-0.20-pb-0.35:4,bandit,4,-0.4768767358601593,2.674380504475071,0.5,0.5,0.0,0.0,-2.0,2.2621906249999997,0.0,-7.41975
seed-12465-pa-0.65-pb-0.35,seed-12465-pa-0.65-pb-0.35:0,bandit,0,4.203889734292549,2.912825855619838,0.5,0.5,0.0,0.0,0.0,0.5,0.0,0.0
seed-12465-pa-0.65-pb-0.35,seed-12465-pa-0.65-pb-0.35:1,bandit,1,4.42870067827652,3.1074650491144715,1.3333333333333337,1.3333333333333337,0.0,0.0,3.0,1.8083333333333336,0.0,3.0
seed-12465-pa-0.65-pb-0.35,seed-12465-pa-0.65-pb-0.35:2,bandit,2,3.6368710061149017,3.033459939766296,0.5,0.5,0.0,0.0,-2.0,2.2179166666666665,0.0,0.8499999999999996
seed-12465-pa-0.65-pb-0.35,seed-12465-pa-0.65-pb-0.35:3,bandit,3,4.71393946547494,3.20586463004586,1.0,1.0,0.0,0.0,3.0,3.107020833333333,0.0,3.8074999999999997
seed-12465-pa-0.65-pb-0.35,seed-12465-pa-0.65-pb-0.35:4,bandit,4,3.8288897342925488,3.3858518848191923,1.3333333333333337,1.3333333333333337,0.0,0.0,3.0,4.285003125,0.0,6.617125
seed-12465-pa-0.65-pb-0.35,seed-12465-pa-0.65-pb-0.35:5,bandit,5,3.686967589003199,3.568413204716535,1.5714285714285716,1.5714285714285716,0.0,0.0,3.0,5.642181540178571,0.0,9.28626875
seed-12465-pa-0.65-pb-0.35,seed-12465-pa-0.65-pb-0.35:6,bandit,6,2.92974463538566,3.5017409357277827,1.125,1.125,0.0,0.0,-2.0,6.485072463169642,0.0,6.8219553125
seed-12465-pa-0.65-pb-0.35,seed-12465-pa-0.65-pb-0.35:7,bandit,7,1.951413277982752,3.421524364555398,0.7777777777777777,0.7777777777777777,0.0,0.0,-2.0,6.938596617788937,0.0,4.480857546875
seed-12465-pa-0.65-pb-0.35,seed-12465-pa-0.65-pb-0.35:8,bandit,8,3.92358735157374,3.5745258335955064,1.0,1.0,0.0,0.0,3.0,7.59166678689949,0.0,7.256814669531249
seed-12465-pa-0.65-pb-0.35,seed-12465-pa-0.65-pb-0.35:9,bandit,9,3.225206558916746,3.4882150479831067,0.7272727272727271,0.7272727272727271,0.0,0.0,-2.0,7.9393561748272425,0.0,4.893973936054687
seed-12465-pa-0.65-pb-0.35,seed-12465-pa-0.65-pb-0.35:10,bandit,10,4.292999079229087,3.633831283099893,0.9166666666666664,0.9166666666666664,0.0,0.0,3.0,8.459055032752547,0.0,7.649275239251953
seed-12465-pa-0.65-pb-0.35,seed-12465-pa-0.65-pb-0.35:11,bandit,11,3.554882179158078,3.542855630710762,0.6923076923076925,0.6923076923076925,0.0,0.0,-2.0,8.728409973422611,0.0,5.266811477289354
seed-12465-pa-0.65-pb-0.35,seed-12465-pa-0.65-pb-0.35:12,bandit,12,2.7038897342925488,3.447080992282772,0.5,0.5,0.0,0.0,-2.0,8.79198947475148,0.0,3.003470903424886
seed-12465-pa-0.65-pb-0.35,seed-12465-pa-0.65-pb-0.35:13,bandit,13,4.167999079229087,3.5826018309287644,0.6666666666666665,0.6666666666666665,0.0,0.0,3.0,9.019056667680571,0.0,5.853297358253641
seed-12465-pa-0.65-pb-0.35,seed-12465-pa-0.65-pb-0.35:14,bandit,14,3.79858735157374,3.718435352208347,0.8125,0.8125,0.0,0.0,3.0,9.380603834296542,0.0,8.560632490340959
seed-12465-pa-0.65-pb-0.35,seed-12465-pa-0.65-pb-0.35:15,bandit,15,4.276300195186874,3.853731954393852,0.9411764705882356,0.9411764705882356,0.0,0.0,3.0,9.85275011316995,0.0,11.13260086582391
seed-12465-pa-0.65-pb-0.35,seed-12465-pa-0.65-pb-0.35:16,bandit,16,4.151300195186874,3.987823510443329,1.0555555555555554,1.0555555555555554,0.0,0.0,3.0,10.415668163067007,0.0,13.575970822532714
seed-12465-pa-0.65-pb-0.35,seed-12465-pa-0.65-pb-0.35:17,bandit,17,4.276300195186874,4.120185032245343,1.1578947368421053,1.1578947368421053,0.0,0.0,3.0,11.05277949175576,0.0,15.897172281406078
seed-12465-pa-0.65-pb-0.35,seed-12465-pa-0.65-pb-0.35:18,bandit,18,4.276300195186874,4.250405567156764,1.25,1.25,0.0,0.0,3.0,11.750140517167972,0.0,18.10231366733577
seed-12475-pa-0.35-pb-0.50,seed-12475-pa-0.35-pb-0.50:0,bandit,0,4.203889734292549,2.912825855619838,0.5,0.5,0.0,0.0,0.0,0.5,0.0,0.0
seed-12475-pa-0.35-pb-0.50,seed-12475-pa-0.35-pb-0.50:1,bandit,1,3.849076984180108,2.8485527059463944,0.5,0.5,0.0,0.0,-2.0,0.975,0.0,-2.0
seed-12475-pa-0.35-pb-0.50,seed-12475-pa-0.35-pb-0.50:2,bandit,2,0.1004126516016477,2.7469862162372545,-0.3333333333333332,-0.3333333333333332,0.0,0.0,-2.0,0.5929166666666668,0.0,-3.9
seed-12475-pa-0.35-pb-0.50,seed-12475-pa-0.35-pb-0.50:3,bandit,3,0.251928011042974,2.6504980510135714,-0.3333333333333332,-0.3333333333333332,0.0,0.0,-2.0,0.22993750000000018,0.0,-5.705
seed-12475-pa-0.35-pb-0.50,seed-12475-pa-0.35-pb-0.50:4,bandit,4,2.201413277982752,2.81774663721915,0.5,0.5,0.0,0.0,3.0,0.7184406250000002,0.0,-2.4197499999999996
seed-12475-pa-0.35-pb-0.50,seed-12475-pa-0.35-pb-0.50:5,bandit,5,1.4061501362483142,2.7582274484657407,0.5,0.5,0.0,0.0,-2.0,1.1825185937500002,0.0,-4.2987625
seed-12475-pa-0.35-pb-0.50,seed-12475-pa-0.35-pb-0.50:6,bandit,6,2.8628222787715707,2.944393763310332,1.0,1.0,0.0,0.0,3.0,2.1233926640625,0.0,-1.0838243749999998
seed-12475-pa-0.35-pb-0.50,seed-12475-pa-0.35-pb-0.50:7,bandit,7,1.4754126516016477,2.8785422182523637,0.5,0.5,0.0,0.0,-2.0,2.517223030859375,0.0,-3.02963315625
seed-12475-pa-0.35-pb-0.50,seed-12475-pa-0.35-pb-0.50:8,bandit,8,0.7240769841801082,2.798623108653279,0.1428571428571428,0.1428571428571428,0.0,0.0,-2.0,2.534219022173549,0.0,-4.8781514984375
seed-12475-pa-0.35-pb-0.50,seed-12475-pa-0.35-pb-0.50:9,bandit,9,2.4431471805599436,2.941105300182857,0.1428571428571428,0.1428571428571428,0.0,0.0,3.0,2.550365213922014,0.0,-1.6342439235156245
seed-12475-pa-0.35-pb-0.50,seed-12475-pa-0.35-pb-0.50:10,bandit,10,2.575939419878843,3.0764633821359566,0.1428571428571428,0.1428571428571428,0.0,0.0,3.0,2.565704096083056,0.0,1.4474682726601569
seed-12475-pa-0.35-pb-0.50,seed-12475-pa-0.35-pb-0.50:11,bandit,11,2.5118710061149017,3.222413701785416,0.5,0.5,0.0,0.0,3.0,2.937418891278903,0.0,4.375094859027149
seed-12475-pa-0.35-pb-0.50,seed-12475-pa-0.35-pb-0.50:12,bandit,12,2.3132616875182244,3.1426611598036933,0.5,0.5,0.0,0.0,-2.0,3.290547946714958,0.0,2.156340116075791
seed-12475-pa-0.35-pb-0.50,seed-12475-pa-0.35-pb-0.50:13,bandit,13,3.2618710061149017,3.298803923076222,0.7777777777777777,0.7777777777777777,0.0,0.0,3.0,3.903798327156988,0.0,5.048523110272001
seed-12475-pa-0.35-pb-0.50,seed-12475-pa-0.35-pb-0.50:14,bandit,14,3.1368710061149017,3.457941414190289,1.0,1.0,0.0,0.0,3.0,4.708608410799139,0.0,7.796096954758401
seed-12475-pa-0.35-pb-0.50,seed-12475-pa-0.35-pb-0.50:15,bandit,15,2.849076984180108,3.377459849548151,0.7272727272727271,0.7272727272727271,0.0,0.0,-2.0,5.200450717531908,0.0,5.40629210702048
seed-12475-pa-0.35-pb-0.50,seed-12475-pa-0.35-pb-0.50:16,bandit,16,2.3981232641398407,3.2899550001782916,0.5,0.5,0.0,0.0,-2.0,5.440428181655312,0.0,3.1359775016694558
seed-12475-pa-0.35-pb-0.50,seed-12475-pa-0.35-pb-0.50:17,bandit,17,2.8132616875182244,3.206825393276925,0.5,0.5,0.0,0.0,-2.0,5.668406772572546,0.0,0.9791786265859828
seed-12475-pa-0.35-pb-0.50,seed-12475-pa-0.35-pb-0.50:18,bandit,18,3.2575990353171704,3.346257612369336,0.5,0.5,0.0,0.0,3.0,5.884986433943919,0.0,3.9302196952566835
seed-12475-pa-0.35-pb-0.50,seed-12475-pa-0.35-pb-0.50:19,bandit,19,3.0231232641398407,3.4787182205071265,0.5,0.5,0.0,0.0,3.0,6.090737112246723,0.0,6.733708710493849
seed-12475-pa-0.35-pb-0.50,seed-12475-pa-0.35-pb-0.50:20,bandit,20,3.1787006782765204,3.3768026839310026,0.3076923076923075,0.3076923076923075,0.0,0.0,-2.0,6.093892564326694,0.0,4.397023274969156
seed-12475-pa-0.35-pb-0.50,seed-12475-pa-0.35-pb-0.50:21,bandit,21,3.825939419878843,3.5077360384907097,0.5,0.5,0.0,0.0,3.0,6.289197936110359,0.0,7.177172111220698
seed-12475-pa-0.35-pb-0.50,seed-12475-pa-0.35-pb-0.50:22,bandit,22,2.8981232641398407,3.405615980169849,0.3333333333333335,0.3333333333333335,0.0,0.0,-2.0,6.3080713726381745,0.0,4.818313505659662
seed-12475-pa-0.35-pb-0.50,seed-12475-pa-0.35-pb-0.50:23,bandit,23,2.9431471805599436,3.3056559613090766,0.2727272727272729,0.2727272727272729,0.0,0.0,-2.0,6.265395076733538,0.0,2.577397830376679
seed-12475-pa-0.35-pb-0.50,seed-12475-pa-0.35-pb-0.50:24,bandit,24,2.6481232641398407,3.2106939433913433,0.2727272727272729,0.2727272727272729,0.0,0.0,-2.0,6.2248525956241325,0.0,0.4485279388578447
seed-12478-pa-0.65-pb-0.50,seed-12478-pa-0.65-pb-0.50:0,bandit,0,4.203889734292549,2.912825855619838,0.5,0.5,0.0,0.0,0.0,0.5,0.0,0.0
seed-12478-pa-0.65-pb-0.50,seed-12478-pa-0.65-pb-0.50:1,bandit,1,4.42870067827652,3.1074650491144715,1.3333333333333337,1.3333333333333337,0.0,0.0,3.0,1.8083333333333336,0.0,3.0
seed-12478-pa-0.65-pb-0.50,seed-12478-pa-0.65-pb-0.50:2,bandit,2,3.6368710061149017,3.033459939766296,0.5,0.5,0.0,0.0,-2.0,2.2179166666666665,0.0,0.8499999999999996
seed-12478-pa-0.65-pb-0.50,seed-12478-pa-0.65-pb-0.50:3,bandit,3,4.71393946547494,3.20586463004586,1.0,1.0,0.0,0.0,3.0,3.107020833333333,0.0,3.8074999999999997
seed-12478-pa-0.65-pb-0.50,seed-12478-pa-0.65-pb-0.50:4,bandit,4,3.8288897342925488,3.3858518848191923,1.3333333333333337,1.3333333333333337,0.0,0.0,3.0,4.285003125,0.0,6.617125
seed-12478-pa-0.65-pb-0.50,seed-12478-pa-0.65-pb-0.50:5,bandit,5,3.686967589003199,3.568413204716535,1.5714285714285716,1.5714285714285716,0.0,0.0,3.0,5.642181540178571,0.0,9.28626875
seed-12478-pa-0.65-pb-0.50,seed-12478-pa-0.65-pb-0.50:6,bandit,6,3.9013001951868738,3.750526529516018,1.75,1.75,0.0,0.0,3.0,7.110072463169642,0.0,11.8219553125
seed-12478-pa-0.65-pb-0.50,seed-12478-pa-0.65-pb-0.50:7,bandit,7,3.9130413716877825,3.930285354328755,1.8888888888888888,1.8888888888888888,0.0,0.0,3.0,8.643457728900048,0.0,14.230857546874999
seed-12478-pa-0.65-pb-0.50,seed-12478-pa-0.65-pb-0.50:8,bandit,8,3.4538897342925488,3.8637476267431072,1.5,1.5,0.0,0.0,-2.0,9.711284842455045,0.0,11.519314669531248
seed-12478-pa-0.65-pb-0.50,seed-12478-pa-0.65-pb-0.50:9,bandit,9,3.9130413716877825,4.025570548961348,1.6363636363636362,1.6363636363636362,0.0,0.0,3.0,10.86208423669593,0.0,13.943348936054685
seed-12478-pa-0.65-pb-0.50,seed-12478-pa-0.65-pb-0.50:10,bandit,10,2.936967589003199,3.9461671621401972,1.3333333333333337,1.3333333333333337,0.0,0.0,-2.0,11.652313358194467,0.0,11.24618148925195
seed-12478-pa-0.65-pb-0.50,seed-12478-pa-0.65-pb-0.50:11,bandit,11,2.33893946547494,3.8582702531156827,1.076923076923077,1.076923076923077,0.0,0.0,-2.0,12.14662076720782,0.0,8.68387241478935
seed-12478-pa-0.65-pb-0.50,seed-12478-pa-0.65-pb-0.50:12,bandit,12,4.401300195186874,3.9998505128041857,1.2142857142857144,1.2142857142857144,0.0,0.0,3.0,12.753575443133144,0.0,11.249678794049883
seed-12478-pa-0.65-pb-0.50,seed-12478-pa-0.65-pb-0.50:13,bandit,13,4.273245464372426,4.1401384734396025,1.3333333333333337,1.3333333333333337,0.0,0.0,3.0,13.44923000430982,0.0,13.68719485434739
seed-12478-pa-0.65-pb-0.50,seed-12478-pa-0.65-pb-0.50:14,bandit,14,4.145541900901097,4.278475410733169,1.4375,1.4375,0.0,0.0,3.0,14.214268504094328,0.0,16.00283511163002
seed-12478-pa-0.65-pb-0.50,seed-12478-pa-0.65-pb-0.50:15,bandit,15,4.0380413716877825,4.181661251703501,1.2352941176470589,1.2352941176470589,0.0,0.0,-2.0,14.73884919653667,0.0,13.202693356048519
seed-12478-pa-0.65-pb-0.50,seed-12478-pa-0.65-pb-0.50:16,bandit,16,4.276300195186874,4.312858675393952,1.3333333333333337,1.3333333333333337,0.0,0.0,3.0,15.33524007004317,0.0,15.542558688246093
seed-12478-pa-0.65-pb-0.50,seed-12478-pa-0.65-pb-0.50:17,bandit,17,4.518149927917811,4.4417601223756025,1.4210526315789471,1.4210526315789471,0.0,0.0,3.0,15.989530698119959,0.0,17.765430753833787
seed-12478-pa-0.65-pb-0.50,seed-12478-pa-0.65-pb-0.50:18,bandit,18,4.026300195186874,4.337496557131802,1.25,1.25,0.0,0.0,-2.0,16.440054163213958,0.0,14.877159216142097
seed-12478-pa-0.65-pb-0.50,seed-12478-pa-0.65-pb-0.50:19,bandit,19,4.768149927917811,4.4609022155508375,1.3333333333333337,1.3333333333333337,0.0,0.0,3.0,16.95138478838659,0.0,17.13330125533499
seed-12478-pa-0.65-pb-0.50,seed-12478-pa-0.65-pb-0.50:20,bandit,20,4.15475041827262,4.352367336760327,1.1818181818181817,1.1818181818181817,0.0,0.0,-2.0,17.28563373078544,0.0,14.27663619256824
seed-12478-pa-0.65-pb-0.50,seed-12478-pa-0.65-pb-0.50:21,bandit,21,3.5380413716877825,4.242534720107708,1.0434782608695654,1.0434782608695654,0.0,0.0,-2.0,17.464830305115736,0.0,11.562804382939827
seed-12478-pa-0.65-pb-0.50,seed-12478-pa-0.65-pb-0.50:22,bandit,22,4.891034256080317,4.360561720998106,1.125,1.125,0.0,0.0,3.0,17.716588789859948,0.0,13.984664163792836
seed-12478-pa-0.65-pb-0.50,seed-12478-pa-0.65-pb-0.50:23,bandit,23,4.523245464372426,4.476333001620727,1.2000000000000002,1.2000000000000002,0.0,0.0,3.0,18.03075935036695,0.0,16.285430955603193
seed-12478-pa-0.65-pb-0.50,seed-12478-pa-0.65-pb-0.50:24,bandit,24,4.391034256080317,4.589680914929211,1.2692307692307692,1.2692307692307692,0.0,0.0,3.0,18.398452152079372,0.0,18.47115940782303
seed-12478-pa-0.65-pb-0.50,seed-12478-pa-0.65-pb-0.50:25,bandit,25,4.273245464372426,4.473070454805363,1.1481481481481484,1.1481481481481484,0.0,0.0,-2.0,18.626677692623552,0.0,15.54760143743188
seed-12478-pa-0.65-pb-0.50,seed-12478-pa-0.65-pb-0.50:26,bandit,26,3.4013001951868738,4.356825287863665,1.0357142857142856,1.0357142857142856,0.0,0.0,-2.0,18.731058093706658,0.0,12.770221365560285
seed-12478-pa-0.65-pb-0.50,seed-12478-pa-0.65-pb-0.50:27,bandit,27,3.5205419009010974,4.241304061846669,0.9310344827586206,0.9310344827586206,0.0,0.0,-2.0,18.72553967177994,0.0,10.13171029728227
seed-12478-pa-0.65-pb-0.50,seed-12478-pa-0.65-pb-0.50:28,bandit,28,3.2705419009010974,4.126809800869631,0.8333333333333335,0.8333333333333335,0.0,0.0,-2.0,18.622596021524277,0.0,7.6251247824181565
seed-12478-pa-0.65-pb-0.50,seed-12478-pa-0.65-pb-0.50:29,bandit,29,4.639163456931506,4.239842959672424,0.903225806451613,0.903225806451613,0.0,0.0,3.0,18.594692026899676,0.0,10.243868543297248
seed-12478-pa-0.65-pb-0.50,seed-12478-pa-0.65-pb-0.50:30,bandit,30,4.270541900901097,4.3504094865497045,0.96875,0.96875,0.0,0.0,3.0,18.63370742555469,0.0,12.731675116132385
seed-12478-pa-0.65-pb-0.50,seed-12478-pa-0.65-pb-0.50:31,bandit,31,4.389163456931506,4.458439681218074,1.0303030303030305,1.0303030303030305,0.0,0.0,3.0,18.732325084579987,0.0,15.095091360325766
seed-12478-pa-0.65-pb-0.50,seed-12478-pa-0.65-pb-0.50:32,bandit,32,4.764163456931506,4.338330721304384,0.9411764705882356,0.9411764705882356,0.0,0.0,-2.0,18.73688530093922,0.0,12.340336792309477
seed-12478-pa-0.65-pb-0.50,seed-12478-pa-0.65-pb-0.50:33,bandit,33,5.134755911000223,4.445491872507043,1.0,1.0,0.0,0.0,3.0,18.80004103589226,0.0,14.723319952694004
seed-12478-pa-0.65-pb-0.50,seed-12478-pa-0.65-pb-0.50:34,bandit,34,4.139163456931506,4.324838920748924,0.9166666666666664,0.9166666666666664,0.0,0.0,-2.0,18.776705650764313,0.0,11.987153955059302
seed-12478-pa-0.65-pb-0.50,seed-12478-pa-0.65-pb-0.50:35,bandit,35,5.009755911000223,4.431360921519268,0.9729729729729728,0.9729729729729728,0.0,0.0,3.0,18.810843341199067,0.0,14.387796257306336
seed-12478-pa-0.65-pb-0.50,seed-12478-pa-0.65-pb-0.50:36,bandit,36,5.134755911000223,4.5351497310539,1.026315789473684,1.026315789473684,0.0,0.0,3.0,18.896616963612797,0.0,16.66840644444102
seed-12478-pa-0.65-pb-0.50,seed-12478-pa-0.65-pb-0.50:37,bandit,37,5.1317153484891165,4.636209039232409,1.076923076923077,1.076923076923077,0.0,0.0,3.0,19.028709192355233,0.0,18.834986122218965
seed-12478-pa-0.65-pb-0.50,seed-12478-pa-0.65-pb-0.50:38,bandit,38,5.007606094404334,4.734552324166572,1.125,1.125,0.0,0.0,3.0,19.20227373273747,0.0,20.893236816108015
seed-12478-pa-0.65-pb-0.50,seed-12478-pa-0.65-pb-0.50:39,bandit,39,5.007606094404334,4.830201389839846,1.170731707317073,1.170731707317073,0.0,0.0,3.0,19.41289175341767,0.0,22.848574975302615
seed-12478-pa-0.65-pb-0.50,seed-12478-pa-0.65-pb-0.50:40,bandit,40,5.008614483762177,4.923185092692141,1.2142857142857144,1.2142857142857144,0.0,0.0,3.0,19.656532880032504,0.0,24.706146226537484
seed-12478-pa-0.65-pb-0.50,seed-12478-pa-0.65-pb-0.50:41,bandit,41,4.759755911000223,4.789480746703202,1.13953488372093,1.13953488372093,0.0,0.0,-2.0,19.813241119751808,0.0,21.47083891521061
seed-12478-pa-0.65-pb-0.50,seed-12478-pa-0.65-pb-0.50:42,bandit,42,4.759755911000223,4.882922287003782,1.1818181818181817,1.1818181818181817,0.0,0.0,3.0,20.004397245582396,0.0,23.39729696945008
seed-12478-pa-0.65-pb-0.50,seed-12478-pa-0.65-pb-0.50:43,bandit,43,4.512509570276173,4.973655725926637,1.2222222222222223,1.2222222222222223,0.0,0.0,3.0,20.226399605525497,0.0,25.227432120977575
seed-12478-pa-0.65-pb-0.50,seed-12478-pa-0.65-pb-0.50:44,bandit,44,4.883614483762177,5.0617310782955505,1.2608695652173911,1.2608695652173911,0.0,0.0,3.0,20.47594919046661,0.0,26.966060514928696
seed-12478-pa-0.65-pb-0.50,seed-12478-pa-0.65-pb-0.50:45,bandit,45,5.011047744848593,4.923624856919286,1.1914893617021276,1.1914893617021276,0.0,0.0,-2.0,20.643641092645407,0.0,23.61775748918226
seed-12478-pa-0.65-pb-0.50,seed-12478-pa-0.65-pb-0.50:46,bandit,46,5.384755911000223,5.0126607256590265,1.2291666666666663,1.2291666666666663,0.0,0.0,3.0,20.840625704679802,0.0,25.436869614723147
seed-12478-pa-0.65-pb-0.50,seed-12478-pa-0.65-pb-0.50:47,bandit,47,4.887509570276173,5.09900148197665,1.2653061224489797,1.2653061224489797,0.0,0.0,3.0,21.06390054189479,0.0,27.165026133986988
seed-12478-pa-0.65-pb-0.50,seed-12478-pa-0.65-pb-0.50:48,bandit,48,5.133614483762177,5.182711614252668,1.2999999999999998,1.2999999999999998,0.0,0.0,3.0,21.31070551480005,0.0,28.806774827287636
seed-12478-pa-0.65-pb-0.50,seed-12478-pa-0.65-pb-0.50:49,bandit,49,5.132606094404334,5.26385651981566,1.3333333333333337,1.3333333333333337,0.0,0.0,3.0,21.578503572393377,0.0,30.366436085923254
seed-12478-pa-0.65-pb-0.50,seed-12478-pa-0.65-pb-0.50:50,bandit,50,5.132606094404334,5.342502141543555,1.3653846153846154,1.3653846153846154,0.0,0.0,3.0,21.864963009158323,0.0,31.84811428162709
seed-12478-pa-0.65-pb-0.50,seed-12478-pa-0.65-pb-0.50:51,bandit,51,5.132606094404334,5.195723609149168,1.30188679245283,1.30188679245283,0.0,0.0,-2.0,22.073601651153236,0.0,28.255708567545735
seed-12478-pa-0.65-pb-0.50,seed-12478-pa-0.65-pb-0.50:52,bandit,52,5.258614483762177,5.276217914967335,1.3333333333333337,1.3333333333333337,0.0,0.0,3.0,22.303254901928906,0.0,29.842923139168448
seed-12478-pa-0.65-pb-0.50,seed-12478-pa-0.65-pb-0.50:53,bandit,53,5.009755911000223,5.35416048722257,1.3636363636363638,1.3636363636363638,0.0,0.0,3.0,22.551728520468824,0.0,31.350776982210025
seed-12478-pa-0.65-pb-0.50,seed-12478-pa-0.65-pb-0.50:54,bandit,54,5.1317153484891165,5.429626306102737,1.3928571428571428,1.3928571428571428,0.0,0.0,3.0,22.816999237302525,0.0,32.78323813309952
seed-12478-pa-0.65-pb-0.50,seed-12478-pa-0.65-pb-0.50:55,bandit,55,5.5052337981517425,5.502689371548948,1.4210526315789471,1.4210526315789471,0.0,0.0,3.0,23.09720190701635,0.0,34.14407622644455
seed-12478-pa-0.65-pb-0.50,seed-12478-pa-0.65-pb-0.50:56,bandit,56,5.3809286083761165,5.350826836616326,1.3620689655172415,1.3620689655172415,0.0,0.0,-2.0,23.30441077718277,0.0,30.436872415122316
seed-12478-pa-0.65-pb-0.50,seed-12478-pa-0.65-pb-0.50:57,bandit,57,4.3817153484891165,5.203787516852448,1.305084745762712,1.305084745762712,0.0,0.0,-2.0,23.444274984086345,0.0,26.9150287943662
seed-12478-pa-0.65-pb-0.50,seed-12478-pa-0.65-pb-0.50:58,bandit,58,5.504620229018805,5.283878627285452,1.3333333333333337,1.3333333333333337,0.0,0.0,3.0,23.60539456821536,0.0,28.56927735464789
seed-12478-pa-0.65-pb-0.50,seed-12478-pa-0.65-pb-0.50:59,bandit,59,5.5059286083761165,5.3612932804761275,1.360655737704918,1.360655737704918,0.0,0.0,3.0,23.78578057750951,0.0,30.140813486915494
seed-12478-pa-0.65-pb-0.50,seed-12478-pa-0.65-pb-0.50:60,bandit,60,5.132606094404334,5.213797079739903,1.306451612903226,1.306451612903226,0.0,0.0,-2.0,23.90294316153726,0.0,26.633772812569717
seed-12478-pa-0.65-pb-0.50,seed-12478-pa-0.65-pb-0.50:61,bandit,61,5.6302337981517425,5.293387712028533,1.3333333333333337,1.3333333333333337,0.0,0.0,3.0,24.041129336793727,0.0,28.302084171941228
seed-12478-pa-0.65-pb-0.50,seed-12478-pa-0.65-pb-0.50:62,bandit,62,6.004078443270572,5.3702646563752126,1.359375,1.359375,0.0,0.0,3.0,24.19844786995404,0.0,29.886979963344164
seed-12478-pa-0.65-pb-0.50,seed-12478-pa-0.65-pb-0.50:63,bandit,63,5.629620229018805,5.222380195028927,1.3076923076923077,1.3076923076923077,0.0,0.0,-2.0,24.296217784148645,0.0,26.392630965176956
seed-12478-pa-0.65-pb-0.50,seed-12478-pa-0.65-pb-0.50:64,bandit,64,5.879620229018805,5.301541671553105,1.3333333333333337,1.3333333333333337,0.0,0.0,3.0,24.414740228274542,0.0,28.07299941691811
seed-12478-pa-0.65-pb-0.50,seed-12478-pa-0.65-pb-0.50:65,bandit,65,5.754078443270572,5.377954238356132,1.3582089552238807,1.3582089552238807,0.0,0.0,3.0,24.552212172084694,0.0,29.6693494460722
seed-12478-pa-0.65-pb-0.50,seed-12478-pa-0.65-pb-0.50:66,bandit,66,5.504078443270572,5.451719777273913,1.3823529411764706,1.3823529411764706,0.0,0.0,3.0,24.706954504656927,0.0,31.185881973768588
seed-12478-pa-0.65-pb-0.50,seed-12478-pa-0.65-pb-0.50:67,bandit,67,5.1309286083761165,5.301008929037134,1.3333333333333337,1.3333333333333337,0.0,0.0,-2.0,24.80494011275741,0.0,27.62658787508016
seed-12478-pa-0.65-pb-0.50,seed-12478-pa-0.65-pb-0.50:68,bandit,68,4.8802337981517425,5.155518937639658,1.2857142857142856,1.2857142857142856,0.0,0.0,-2.0,24.850407392833823,0.0,24.24525848132615
seed-12478-pa-0.65-pb-0.50,seed-12478-pa-0.65-pb-0.50:69,bandit,69,4.8802337981517425,5.015053962650015,1.23943661971831,1.23943661971831,0.0,0.0,-2.0,24.84732364291044,0.0,21.03299555725984
seed-12478-pa-0.65-pb-0.50,seed-12478-pa-0.65-pb-0.50:70,bandit,70,4.5067153484891165,4.879425238891202,1.1944444444444446,1.1944444444444446,0.0,0.0,-2.0,24.799401905209358,0.0,17.981345779396847
seed-12478-pa-0.65-pb-0.50,seed-12478-pa-0.65-pb-0.50:71,bandit,71,5.87817772647141,4.970185559452491,1.2191780821917808,1.2191780821917808,0.0,0.0,3.0,24.778609892140672,0.0,20.082278490427004
seed-12478-pa-0.65-pb-0.50,seed-12478-pa-0.65-pb-0.50:72,bandit,72,5.5052337981517425,5.057577632888534,1.2432432432432434,1.2432432432432434,0.0,0.0,3.0,24.782922640776878,0.0,22.078164565905652
seed-12478-pa-0.65-pb-0.50,seed-12478-pa-0.65-pb-0.50:73,bandit,73,5.754078443270572,5.141738677718183,1.2666666666666666,1.2666666666666666,0.0,0.0,3.0,24.8104431754047,0.0,23.97425633761037
seed-12478-pa-0.65-pb-0.50,seed-12478-pa-0.65-pb-0.50:74,bandit,74,5.6309286083761165,5.001197016364537,1.223684210526316,1.223684210526316,0.0,0.0,-2.0,24.79360522716078,0.0,20.77554352072985
seed-12478-pa-0.65-pb-0.50,seed-12478-pa-0.65-pb-0.50:75,bandit,75,5.0052337981517425,4.865647397533341,1.1818181818181817,1.1818181818181817,0.0,0.0,-2.0,24.735743147620923,0.0,17.736766344693358
seed-12478-pa-0.65-pb-0.50,seed-12478-pa-0.65-pb-0.50:76,bandit,76,4.879078443270572,4.7348923996252745,1.141025641025641,1.141025641025641,0.0,0.0,-2.0,24.639981631265517,0.0,14.849928027458688
seed-12478-pa-0.65-pb-0.50,seed-12478-pa-0.65-pb-0.50:77,bandit,77,5.87817772647141,4.830224317054954,1.1645569620253164,1.1645569620253164,0.0,0.0,3.0,24.572539511727555,0.0,17.107431626085752
seed-12478-pa-0.65-pb-0.50,seed-12478-pa-0.65-pb-0.50:78,bandit,78,5.3802337981517425,4.700461492449281,1.125,1.125,0.0,0.0,-2.0,24.468912536141175,0.0,14.252060044781462
seed-12478-pa-0.65-pb-0.50,seed-12478-pa-0.65-pb-0.50:79,bandit,79,5.629078443270572,4.796717349098138,1.1481481481481484,1.1481481481481484,0.0,0.0,3.0,24.393615057482265,0.0,16.539457042542388
seed-12478-pa-0.65-pb-0.50,seed-12478-pa-0.65-pb-0.50:80,bandit,80,5.254620229018805,4.667888891228366,1.1097560975609757,1.1097560975609757,0.0,0.0,-2.0,24.283690402169125,0.0,13.712484190415267
seed-12478-pa-0.65-pb-0.50,seed-12478-pa-0.65-pb-0.50:81,bandit,81,5.629078443270572,4.76501421064875,1.1325301204819276,1.1325301204819276,0.0,0.0,3.0,24.202036002542595,0.0,16.026859980894503
seed-12478-pa-0.65-pb-0.50,seed-12478-pa-0.65-pb-0.50:82,bandit,82,5.753600075082225,4.85836391549493,1.1547619047619049,1.1547619047619049,0.0,0.0,3.0,24.14669610717737,0.0,18.22551698184978
seed-12478-pa-0.65-pb-0.50,seed-12478-pa-0.65-pb-0.50:83,bandit,83,5.752804856903083,4.948101359403928,1.176470588235294,1.176470588235294,0.0,0.0,3.0,24.115831890053794,0.0,20.31424113275729
seed-12478-pa-0.65-pb-0.50,seed-12478-pa-0.65-pb-0.50:84,bandit,84,5.877804856903083,5.0343826153224835,1.197674418604651,1.197674418604651,0.0,0.0,3.0,24.107714714155755,0.0,22.298529076119422
seed-12478-pa-0.65-pb-0.50,seed-12478-pa-0.65-pb-0.50:85,bandit,85,6.00317772647141,4.89615786707582,1.160919540229885,1.160919540229885,0.0,0.0,-2.0,24.06324851867785,0.0,19.18360262231345
seed-12478-pa-0.65-pb-0.50,seed-12478-pa-0.65-pb-0.50:86,bandit,86,6.003600075082225,4.984265551357769,1.1818181818181817,1.1818181818181817,0.0,0.0,3.0,24.041904274562135,0.0,21.224422491197778
seed-12478-pa-0.65-pb-0.50,seed-12478-pa-0.65-pb-0.50:87,bandit,87,6.003600075082225,5.068960872815269,1.202247191011236,1.202247191011236,0.0,0.0,3.0,24.042056251845263,0.0,23.16320136663789
seed-12478-pa-0.65-pb-0.50,seed-12478-pa-0.65-pb-0.50:88,bandit,88,5.878600075082225,5.150392382447548,1.2222222222222223,1.2222222222222223,0.0,0.0,3.0,24.06217566147522,0.0,25.005041298305994
seed-12478-pa-0.65-pb-0.50,seed-12478-pa-0.65-pb-0.50:89,bandit,89,5.754078443270572,5.228701931192075,1.2417582417582418,1.2417582417582418,0.0,0.0,3.0,24.100825120159698,0.0,26.754789233390692
seed-12478-pa-0.65-pb-0.50,seed-12478-pa-0.65-pb-0.50:90,bandit,90,5.629620229018805,5.0829778669412224,1.2065217391304346,1.2065217391304346,0.0,0.0,-2.0,24.102305603282144,0.0,23.417049771721157
seed-12478-pa-0.65-pb-0.50,seed-12478-pa-0.65-pb-0.50:91,bandit,91,5.8802337981517425,5.163882750512449,1.225806451612903,1.225806451612903,0.0,0.0,3.0,24.12299677473094,0.0,25.246197283135096
seed-12478-pa-0.65-pb-0.50,seed-12478-pa-0.65-pb-0.50:92,bandit,92,6.004620229018805,5.2416598442072,1.24468085106383,1.24468085106383,0.0,0.0,3.0,24.161527787058223,0.0,26.98388741897834
seed-12478-pa-0.65-pb-0.50,seed-12478-pa-0.65-pb-0.50:93,bandit,93,6.002804856903083,5.316446222691887,1.263157894736842,1.263157894736842,0.0,0.0,3.0,24.216609292442154,0.0,28.634693048029423
seed-12478-pa-0.65-pb-0.50,seed-12478-pa-0.65-pb-0.50:94,bandit,94,6.002804856903083,5.388372710487958,1.28125,1.28125,0.0,0.0,3.0,24.287028827820045,0.0,30.20295839562795
seed-12478-pa-0.65-pb-0.50,seed-12478-pa-0.65-pb-0.50:95,bandit,95,5.629620229018805,5.236653236464768,1.2474226804123711,1.2474226804123711,0.0,0.0,-2.0,24.320100066841412,0.0,26.69281047584655
seed-12478-pa-0.65-pb-0.50,seed-12478-pa-0.65-pb-0.50:96,bandit,96,5.254078443270572,5.090909001337108,1.2142857142857144,1.2142857142857144,0.0,0.0,-2.0,24.318380777785055,0.0,23.358169952054222
seed-12478-pa-0.65-pb-0.50,seed-12478-pa-0.65-pb-0.50:97,bandit,97,5.003600075082225,4.950873783257284,1.1818181818181817,1.1818181818181817,0.0,0.0,-2.0,24.284279920713985,0.0,20.19026145445151
seed-12478-pa-0.65-pb-0.50,seed-12478-pa-0.65-pb-0.50:98,bandit,98,5.878600075082225,5.037129460766947,1.2000000000000002,1.2000000000000002,0.0,0.0,3.0,24.270065924678285,0.0,22.180748381728932
seed-12478-pa-0.65-pb-0.50,seed-12478-pa-0.65-pb-0.50:99,bandit,99,6.004078443270572,5.1199386426649065,1.217821782178218,1.217821782178218,0.0,0.0,3.0,24.274384410622588,0.0,24.071710962642484
seed-12485-pa-0.50-pb-0.20,seed-12485-pa-0.50-pb-0.20:0,bandit,0,4.203889734292549,2.912825855619838,0.5,0.5,0.0,0.0,0.0,0.5,0.0,0.0
seed-12485-pa-0.50-pb-0.20,seed-12485-pa-0.50-pb-0.20:1,bandit,1,3.849076984180108,2.8485527059463944,0.5,0.5,0.0,0.0,-2.0,0.975,0.0,-2.0
seed-12485-pa-0.50-pb-0.20,seed-12485-pa-0.50-pb-0.20:2,bandit,2,0.1004126516016477,2.7469862162372545,-0.3333333333333332,-0.3333333333333332,0.0,0.0,-2.0,0.5929166666666668,0.0,-3.9
seed-12496-pa-0.20-pb-0.50,seed-12496-pa-0.20-pb-0.50:0,bandit,0,4.203889734292549,2.912825855619838,0.5,0.5,0.0,0.0,0.0,0.5,0.0,0.0
seed-12496-pa-0.20-pb-0.50,seed-12496-pa-0.20-pb-0.50:1,bandit,1,3.849076984180108,2.8485527059463944,0.5,0.5,0.0,0.0,-2.0,0.975,0.0,-2.0
seed-12496-pa-0.20-pb-0.50,seed-12496-pa-0.20-pb-0.50:2,bandit,2,2.71393946547494,3.0464055569247,1.3333333333333337,1.3333333333333337,0.0,0.0,3.0,2.2595833333333335,0.0,1.1
seed-12496-pa-0.20-pb-0.50,seed-12496-pa-0.20-pb-0.50:3,bandit,3,2.825939419878843,3.2343657653540907,1.3333333333333337,1.3333333333333337,0.0,0.0,3.0,3.4799375,0.0,4.045
seed-12496-pa-0.20-pb-0.50,seed-12496-pa-0.20-pb-0.50:4,bandit,4,1.6882616875182244,3.194522617713303,1.3333333333333337,1.3333333333333337,0.0,0.0,-2.0,4.639273958333334,0.0,1.8427499999999997
seed-12496-pa-0.20-pb-0.50,seed-12496-pa-0.20-pb-0.50:5,bandit,5,4.054882179158078,3.3953304718629473,1.75,1.75,0.0,0.0,3.0,6.157310260416667,0.0,4.7506125
seed-12496-pa-0.20-pb-0.50,seed-12496-pa-0.20-pb-0.50:6,bandit,6,3.2852241504380864,3.5860979333051097,1.75,1.75,0.0,0.0,3.0,7.599444747395833,0.0,7.513081875
seed-12496-pa-0.20-pb-0.50,seed-12496-pa-0.20-pb-0.50:7,bandit,7,2.6269290813453736,3.779479120930975,2.0,2.0,0.0,0.0,3.0,9.21947251002604,0.0,10.13742778125
seed-12496-pa-0.20-pb-0.50,seed-12496-pa-0.20-pb-0.50:8,bandit,8,1.8484445810050545,3.744785903526837,2.0,2.0,0.0,0.0,-2.0,10.758498884524737,0.0,7.630556392187501
seed-12496-pa-0.20-pb-0.50,seed-12496-pa-0.20-pb-0.50:9,bandit,9,1.5311501362483142,3.6794217489774117,1.3333333333333337,1.3333333333333337,0.0,0.0,-2.0,11.553907273631834,0.0,5.249028572578125
seed-12496-pa-0.20-pb-0.50,seed-12496-pa-0.20-pb-0.50:10,bandit,10,1.5984445810050545,3.6173258021554577,1.3333333333333337,1.3333333333333337,0.0,0.0,-2.0,12.309545243283576,0.0,2.9865771439492192
seed-12496-pa-0.20-pb-0.50,seed-12496-pa-0.20-pb-0.50:11,bandit,11,1.5984445810050545,3.5583346526746014,1.3333333333333337,1.3333333333333337,0.0,0.0,-2.0,13.027401314452732,0.0,0.8372482867517581
seed-12496-pa-0.20-pb-0.50,seed-12496-pa-0.20-pb-0.50:12,bandit,12,1.7240769841801082,3.4791462049424347,0.8571428571428572,0.8571428571428572,0.0,0.0,-2.0,13.233174105872951,0.0,-1.2046141275858298
seed-12496-pa-0.20-pb-0.50,seed-12496-pa-0.20-pb-0.50:13,bandit,13,3.8769290813453736,3.6353426315910964,1.125,1.125,0.0,0.0,3.0,13.696515400579303,0.0,1.8556165787934618
seed-12496-pa-0.20-pb-0.50,seed-12496-pa-0.20-pb-0.50:14,bandit,14,3.281150136248314,3.565323891258616,1.125,1.125,0.0,0.0,-2.0,14.136689630550338,0.0,-0.23716425014621145
seed-12496-pa-0.20-pb-0.50,seed-12496-pa-0.20-pb-0.50:15,bandit,15,2.8981232641398407,3.4819281723096895,0.7777777777777777,0.7777777777777777,0.0,0.0,-2.0,14.2076329268006,0.0,-2.2253060376389007
seed-12496-pa-0.20-pb-0.50,seed-12496-pa-0.20-pb-0.50:16,bandit,16,2.8825990353171704,3.3891999068017533,0.5,0.5,0.0,0.0,-2.0,13.997251280460569,0.0,-4.114040735756955
seed-12496-pa-0.20-pb-0.50,seed-12496-pa-0.20-pb-0.50:17,bandit,17,3.3868710061149017,3.3011080545692137,0.5,0.5,0.0,0.0,-2.0,13.79738871643754,0.0,-5.908338698969107
seed-12496-pa-0.20-pb-0.50,seed-12496-pa-0.20-pb-0.50:18,bandit,18,4.100412651601648,3.446873503556838,0.7272727272727271,0.7272727272727271,0.0,0.0,3.0,13.834792007888389,0.0,-2.6129217640206512
seed-12496-pa-0.20-pb-0.50,seed-12496-pa-0.20-pb-0.50:19,bandit,19,3.575939419878843,3.585350680095081,0.7272727272727271,0.7272727272727271,0.0,0.0,3.0,13.870325134766695,0.0,0.5177243241803815
seed-12496-pa-0.20-pb-0.50,seed-12496-pa-0.20-pb-0.50:20,bandit,20,4.261871006114902,3.4984986521577026,0.7272727272727271,0.7272727272727271,0.0,0.0,-2.0,13.904081605301085,0.0,-1.5081618920286375
seed-12496-pa-0.20-pb-0.50,seed-12496-pa-0.20-pb-0.50:21,bandit,21,4.392675057605601,3.643600707065759,0.9166666666666664,0.9166666666666664,0.0,0.0,3.0,14.125544191702696,0.0,1.5672462025727945
seed-12496-pa-0.20-pb-0.50,seed-12496-pa-0.20-pb-0.50:22,bandit,22,4.031150136248314,3.5630423135797034,0.9166666666666664,0.9166666666666664,0.0,0.0,-2.0,14.335933648784227,0.0,-0.5111161075558452
seed-12496-pa-0.20-pb-0.50,seed-12496-pa-0.20-pb-0.50:23,bandit,23,3.3825990353171704,3.475606109666582,0.6923076923076925,0.6923076923076925,0.0,0.0,-2.0,14.311444658652707,0.0,-2.485560302178053
seed-12496-pa-0.20-pb-0.50,seed-12496-pa-0.20-pb-0.50:24,bandit,24,3.450939419878843,3.3831939472908013,0.5,0.5,0.0,0.0,-2.0,14.09587242572007,0.0,-4.36128228706915
seed-12496-pa-0.20-pb-0.50,seed-12496-pa-0.20-pb-0.50:25,bandit,25,4.642675057605601,3.521909138186392,0.6666666666666665,0.6666666666666665,0.0,0.0,3.0,14.057745471100732,0.0,-1.1432181727156925
seed-12496-pa-0.20-pb-0.50,seed-12496-pa-0.20-pb-0.50:26,bandit,26,4.350412651601648,3.4352832238884945,0.6666666666666665,0.6666666666666665,0.0,0.0,-2.0,14.021524864212362,0.0,-3.0860572640799075
seed-12496-pa-0.20-pb-0.50,seed-12496-pa-0.20-pb-0.50:27,bandit,27,4.642675057605601,3.57848267552009,0.8125,0.8125,0.0,0.0,3.0,14.132948621001743,0.0,0.06824559912408779
seed-12496-pa-0.20-pb-0.50,seed-12496-pa-0.20-pb-0.50:28,bandit,28,3.938261687518224,3.7145221545701057,0.8125,0.8125,0.0,0.0,3.0,14.238801189951655,0.0,3.0648333191678834
seed-12496-pa-0.20-pb-0.50,seed-12496-pa-0.20-pb-0.50:29,bandit,29,5.100412651601648,3.625354314018912,0.8125,0.8125,0.0,0.0,-2.0,14.339361130454071,0.0,0.9115916532094892
seed-12496-pa-0.20-pb-0.50,seed-12496-pa-0.20-pb-0.50:30,bandit,30,5.328889734292549,3.765304968113889,0.9411764705882356,0.9411764705882356,0.0,0.0,3.0,14.563569544519602,0.0,3.8660120705490146
seed-12496-pa-0.20-pb-0.50,seed-12496-pa-0.20-pb-0.50:31,bandit,31,4.406150136248314,3.8982580895041177,0.9411764705882356,0.9411764705882356,0.0,0.0,3.0,14.776567537881856,0.0,6.672711467021564
seed-12496-pa-0.20-pb-0.50,seed-12496-pa-0.20-pb-0.50:32,bandit,32,5.17974463538566,3.8061582091761252,0.9411764705882356,0.9411764705882356,0.0,0.0,-2.0,14.978915631576,0.0,4.339075893670485
seed-12496-pa-0.20-pb-0.50,seed-12496-pa-0.20-pb-0.50:33,bandit,33,4.313261687518224,3.7107207743313233,0.7777777777777777,0.7777777777777777,0.0,0.0,-2.0,15.007747627774975,0.0,2.122122098986961
seed-12496-pa-0.20-pb-0.50,seed-12496-pa-0.20-pb-0.50:34,bandit,34,4.406150136248314,3.6200552112287614,0.7777777777777777,0.7777777777777777,0.0,0.0,-2.0,15.035138024164002,0.0,0.016015994037612558
seed-12496-pa-0.20-pb-0.50,seed-12496-pa-0.20-pb-0.50:35,bandit,35,5.17974463538566,3.752328271930037,0.7777777777777777,0.7777777777777777,0.0,0.0,3.0,15.06115890073358,0.0,3.015215194335732
seed-12496-pa-0.20-pb-0.50,seed-12496-pa-0.20-pb-0.50:36,bandit,36,4.987822278771571,3.6595823339475393,0.7777777777777777,0.7777777777777777,0.0,0.0,-2.0,15.08587873347468,0.0,0.8644544346189451
seed-12496-pa-0.20-pb-0.50,seed-12496-pa-0.20-pb-0.50:37,bandit,37,5.203889734292549,3.795564231147173,0.8947368421052633,0.8947368421052633,0.0,0.0,3.0,15.226321638906208,0.0,3.8212317128879976
seed-12496-pa-0.20-pb-0.50,seed-12496-pa-0.20-pb-0.50:38,bandit,38,5.285224150438086,3.706341687838116,0.8947368421052633,0.8947368421052633,0.0,0.0,-2.0,15.35974239906616,0.0,1.6301701272435976
seed-12496-pa-0.20-pb-0.50,seed-12496-pa-0.20-pb-0.50:39,bandit,39,4.7234445810050545,3.6145448458095686,0.75,0.75,0.0,0.0,-2.0,15.341755279112851,0.0,-0.4513383791185823
seed-12496-pa-0.20-pb-0.50,seed-12496-pa-0.20-pb-0.50:40,bandit,40,4.511871006114902,3.5209724605579766,0.6190476190476191,0.6190476190476191,0.0,0.0,-2.0,15.193715134204826,0.0,-2.428771460162653
seed-12496-pa-0.20-pb-0.50,seed-12496-pa-0.20-pb-0.50:41,bandit,41,5.6949361996449746,3.6557446892461627,0.7272727272727271,0.7272727272727271,0.0,0.0,3.0,15.16130210476731,0.0,0.6926671128454798
seed-12496-pa-0.20-pb-0.50,seed-12496-pa-0.20-pb-0.50:42,bandit,42,5.660224150438086,3.5653729608512306,0.7272727272727271,0.7272727272727271,0.0,0.0,-2.0,15.130509726801671,0.0,-1.3419662427967942
seed-12496-pa-0.20-pb-0.50,seed-12496-pa-0.20-pb-0.50:43,bandit,43,5.686967589003199,3.7027283658116357,0.8260869565217392,0.8260869565217392,0.0,0.0,3.0,15.200071196983327,0.0,1.7251320693430456
seed-12496-pa-0.20-pb-0.50,seed-12496-pa-0.20-pb-0.50:44,bandit,44,5.767675057605601,3.6148106548753116,0.8260869565217392,0.8260869565217392,0.0,0.0,-2.0,15.266154593655898,0.0,-0.3611245341241067
seed-12496-pa-0.20-pb-0.50,seed-12496-pa-0.20-pb-0.50:45,bandit,45,5.313261687518224,3.525565014618936,0.7083333333333335,0.7083333333333335,0.0,0.0,-2.0,15.211180197306437,0.0,-2.3430683074179015
seed-12496-pa-0.20-pb-0.50,seed-12496-pa-0.20-pb-0.50:46,bandit,46,5.703889734292549,3.663642771751219,0.7999999999999998,0.7999999999999998,0.0,0.0,3.0,15.250621187441116,0.0,0.7740851079529936
seed-12496-pa-0.20-pb-0.50,seed-12496-pa-0.20-pb-0.50:47,bandit,47,5.142675057605601,3.794816641026888,0.7999999999999998,0.7999999999999998,0.0,0.0,3.0,15.288090128069058,0.0,3.735380852555344
seed-12496-pa-0.20-pb-0.50,seed-12496-pa-0.20-pb-0.50:48,bandit,48,5.876929081345374,3.7010264711900644,0.7999999999999998,0.7999999999999998,0.0,0.0,-2.0,15.323685621665604,0.0,1.5486118099275763
seed-12496-pa-0.20-pb-0.50,seed-12496-pa-0.20-pb-0.50:49,bandit,49,5.79858735157374,3.8344441737034503,0.8846153846153846,0.8846153846153846,0.0,0.0,3.0,15.442116725197709,0.0,4.471181219431197
seed-12496-pa-0.20-pb-0.50,seed-12496-pa-0.20-pb-0.50:50,bandit,50,5.876928011042974,3.7427856454424573,0.8846153846153846,0.8846153846153846,0.0,0.0,-2.0,15.554626273553207,0.0,2.247622158459637
seed-12496-pa-0.20-pb-0.50,seed-12496-pa-0.20-pb-0.50:51,bandit,51,5.679882179158078,3.877923739437352,0.9629629629629628,0.9629629629629628,0.0,0.0,3.0,15.73985792283851,0.0,5.135241050536655
seed-12496-pa-0.20-pb-0.50,seed-12496-pa-0.20-pb-0.50:52,bandit,52,5.33893946547494,4.006304928732502,0.9629629629629628,0.9629629629629628,0.0,0.0,3.0,15.915827989659547,0.0,7.878478998009822
seed-12496-pa-0.20-pb-0.50,seed-12496-pa-0.20-pb-0.50:53,bandit,53,6.100412651601648,3.9098617129141853,0.9629629629629628,0.9629629629629628,0.0,0.0,-2.0,16.082999553139533,0.0,5.48455504810933
seed-12496-pa-0.20-pb-0.50,seed-12496-pa-0.20-pb-0.50:54,bandit,54,5.261871006114902,3.813096912170039,0.8571428571428572,0.8571428571428572,0.0,0.0,-2.0,16.13599243262541,0.0,3.2103272957038635
seed-12496-pa-0.20-pb-0.50,seed-12496-pa-0.20-pb-0.50:55,bandit,55,5.7234445810050545,3.7211703514631003,0.8571428571428572,0.8571428571428572,0.0,0.0,-2.0,16.186335668136998,0.0,1.04981093091867
seed-12496-pa-0.20-pb-0.50,seed-12496-pa-0.20-pb-0.50:56,bandit,56,6.237822278771571,3.855837217914841,0.9310344827586206,0.9310344827586206,0.0,0.0,3.0,16.308053367488768,0.0,3.9973203843727365
seed-12496-pa-0.20-pb-0.50,seed-12496-pa-0.20-pb-0.50:57,bandit,57,5.501929081345374,3.987123044286977,1.0,1.0,0.0,0.0,3.0,16.49265069911433,0.0,6.797454365154099
seed-12496-pa-0.20-pb-0.50,seed-12496-pa-0.20-pb-0.50:58,bandit,58,5.410224150438086,4.111844579340507,1.0,1.0,0.0,0.0,3.0,16.66801816415861,0.0,9.457581646896394
seed-12496-pa-0.20-pb-0.50,seed-12496-pa-0.20-pb-0.50:59,bandit,59,6.225412651601648,4.01192469199265,1.0,1.0,0.0,0.0,-2.0,16.83461725595068,0.0,6.984702564551574
seed-12496-pa-0.20-pb-0.50,seed-12496-pa-0.20-pb-0.50:60,bandit,60,5.701413277982752,3.917000799012187,1.0,1.0,0.0,0.0,-2.0,16.992886393153142,0.0,4.635467436323995
seed-12496-pa-0.20-pb-0.50,seed-12496-pa-0.20-pb-0.50:61,bandit,61,6.100206558916746,4.0483644719438585,1.064516129032258,1.064516129032258,0.0,0.0,3.0,17.207758202527742,0.0,7.403694064507795
seed-12496-pa-0.20-pb-0.50,seed-12496-pa-0.20-pb-0.50:62,bandit,62,6.251928011042974,3.9547546155802378,1.064516129032258,1.064516129032258,0.0,0.0,-2.0,17.411886421433614,0.0,5.033509361282405
seed-12496-pa-0.20-pb-0.50,seed-12496-pa-0.20-pb-0.50:63,bandit,63,6.0699361996449746,4.087170621697009,1.125,1.125,0.0,0.0,3.0,17.666292100361932,0.0,7.781833893218285
seed-12496-pa-0.20-pb-0.50,seed-12496-pa-0.20-pb-0.50:64,bandit,64,6.126928011042974,3.9945604818592333,1.125,1.125,0.0,0.0,-2.0,17.907977495343836,0.0,5.392742198557371
seed-12496-pa-0.20-pb-0.50,seed-12496-pa-0.20-pb-0.50:65,bandit,65,6.186967589003199,4.127748035402012,1.1818181818181817,1.1818181818181817,0.0,0.0,3.0,18.194396802394827,0.0,8.1231050886295
seed-12496-pa-0.20-pb-0.50,seed-12496-pa-0.20-pb-0.50:66,bandit,66,6.001928011042974,4.035870865618943,1.1818181818181817,1.1818181818181817,0.0,0.0,-2.0,18.466495144093265,0.0,5.716949834198026
seed-12496-pa-0.20-pb-0.50,seed-12496-pa-0.20-pb-0.50:67,bandit,67,5.563261687518224,3.9440386401650978,1.0882352941176472,1.0882352941176472,0.0,0.0,-2.0,18.63140568100625,0.0,3.431102342488124
seed-12496-pa-0.20-pb-0.50,seed-12496-pa-0.20-pb-0.50:68,bandit,68,5.511871006114902,3.8567980259839456,1.0882352941176472,1.0882352941176472,0.0,0.0,-2.0,18.788070691073585,0.0,1.2595472253637179
seed-12496-pa-0.20-pb-0.50,seed-12496-pa-0.20-pb-0.50:69,bandit,69,5.376929081345374,3.7696304663039175,1.0,1.0,0.0,0.0,-2.0,18.848667156519905,0.0,-0.803430135904468
seed-12496-pa-0.20-pb-0.50,seed-12496-pa-0.20-pb-0.50:70,bandit,70,6.001929081345374,3.907927096757891,1.0555555555555554,1.0555555555555554,0.0,0.0,3.0,18.96178935424946,0.0,2.2367413708907553
seed-12496-pa-0.20-pb-0.50,seed-12496-pa-0.20-pb-0.50:71,bandit,71,6.410224150438086,3.8209035500404567,1.0555555555555554,1.0555555555555554,0.0,0.0,-2.0,19.06925544209254,0.0,0.1249043023462173
seed-12496-pa-0.20-pb-0.50,seed-12496-pa-0.20-pb-0.50:72,bandit,72,5.501929081345374,3.738231180658894,1.0555555555555554,1.0555555555555554,0.0,0.0,-2.0,19.17134822554347,0.0,-1.8813409127710936
seed-12496-pa-0.20-pb-0.50,seed-12496-pa-0.20-pb-0.50:73,bandit,73,5.688261687518224,3.655678222785031,0.9729729729729728,0.9729729729729728,0.0,0.0,-2.0,19.185753787239268,0.0,-3.787273867132539
seed-12496-pa-0.20-pb-0.50,seed-12496-pa-0.20-pb-0.50:74,bandit,74,6.142675057605601,3.7982511672563746,1.026315789473684,1.026315789473684,0.0,0.0,3.0,19.252781887350988,0.0,-0.597910173775912
seed-12496-pa-0.20-pb-0.50,seed-12496-pa-0.20-pb-0.50:75,bandit,75,6.350412651601648,3.715290118855442,1.026315789473684,1.026315789473684,0.0,0.0,-2.0,19.316458582457123,0.0,-2.5680146650871163
seed-12496-pa-0.20-pb-0.50,seed-12496-pa-0.20-pb-0.50:76,bandit,76,5.80370067827652,3.6327052162229547,0.9487179487179488,0.9487179487179488,0.0,0.0,-2.0,19.299353602052214,0.0,-4.43961393183276
seed-12496-pa-0.20-pb-0.50,seed-12496-pa-0.20-pb-0.50:77,bandit,77,5.261871006114902,3.550666247403071,0.875,0.875,0.0,0.0,-2.0,19.209385921949604,0.0,-6.217633235241122
seed-12496-pa-0.20-pb-0.50,seed-12496-pa-0.20-pb-0.50:78,bandit,78,5.876928011042974,3.6936539103234853,0.9268292682926828,0.9268292682926828,0.0,0.0,3.0,19.175745894144804,0.0,-2.906751573479066
seed-12496-pa-0.20-pb-0.50,seed-12496-pa-0.20-pb-0.50:79,bandit,79,6.031150136248314,3.6110868444491695,0.9268292682926828,0.9268292682926828,0.0,0.0,-2.0,19.143787867730243,0.0,-4.761413994805112
seed-12496-pa-0.20-pb-0.50,seed-12496-pa-0.20-pb-0.50:80,bandit,80,5.600206558916746,3.751053477517279,0.9268292682926828,0.9268292682926828,0.0,0.0,3.0,19.11342774263641,0.0,-1.5233432950648567
seed-12496-pa-0.20-pb-0.50,seed-12496-pa-0.20-pb-0.50:81,bandit,81,6.035224150438086,3.6656164332832737,0.9268292682926828,0.9268292682926828,0.0,0.0,-2.0,19.08458562379727,0.0,-3.4471761303116137
seed-12496-pa-0.20-pb-0.50,seed-12496-pa-0.20-pb-0.50:82,bandit,82,6.04858735157374,3.8052559561007206,0.9761904761904764,0.9761904761904764,0.0,0.0,3.0,19.106546818797884,0.0,-0.27481732379603274
seed-12496-pa-0.20-pb-0.50,seed-12496-pa-0.20-pb-0.50:83,bandit,83,6.001928011042974,3.719508157128586,0.9761904761904764,0.9761904761904764,0.0,0.0,-2.0,19.127409954048467,0.0,-2.261076457606231
seed-12496-pa-0.20-pb-0.50,seed-12496-pa-0.20-pb-0.50:84,bandit,84,5.7880413716877825,3.858740864377785,1.0232558139534884,1.0232558139534884,0.0,0.0,3.0,19.194295270299534,0.0,0.8519773652740805
seed-12496-pa-0.20-pb-0.50,seed-12496-pa-0.20-pb-0.50:85,bandit,85,5.92974463538566,3.7726065906158146,1.0232558139534884,1.0232558139534884,0.0,0.0,-2.0,19.257836320738043,0.0,-1.1906215029896234
seed-12496-pa-0.20-pb-0.50,seed-12496-pa-0.20-pb-0.50:86,bandit,86,5.563261687518224,3.6874391301122276,0.9545454545454546,0.9545454545454546,0.0,0.0,-2.0,19.249489959246592,0.0,-3.1310904278401424
seed-12496-pa-0.20-pb-0.50,seed-12496-pa-0.20-pb-0.50:87,bandit,87,5.600412651601648,3.603338582223203,0.8888888888888888,0.8888888888888888,0.0,0.0,-2.0,19.175904350173152,0.0,-4.974535906448136
seed-12496-pa-0.20-pb-0.50,seed-12496-pa-0.20-pb-0.50:88,bandit,88,5.100412651601648,3.5203903604663003,0.8260869565217392,0.8260869565217392,0.0,0.0,-2.0,19.04319608918623,0.0,-6.725809111125729
seed-12496-pa-0.20-pb-0.50,seed-12496-pa-0.20-pb-0.50:89,bandit,89,4.92974463538566,3.438666750716289,0.7659574468085109,0.7659574468085109,0.0,0.0,-2.0,18.85699373153543,0.0,-8.389518655569443
seed-12496-pa-0.20-pb-0.50,seed-12496-pa-0.20-pb-0.50:90,bandit,90,5.767675057605601,3.5816970260064953,0.8125,0.8125,0.0,0.0,3.0,18.726644044958658,0.0,-4.9700427227909705
seed-12496-pa-0.20-pb-0.50,seed-12496-pa-0.20-pb-0.50:91,bandit,91,6.063261687518224,3.4991704418834817,0.8125,0.8125,0.0,0.0,-2.0,18.602811842710725,0.0,-6.721540586651422
seed-12496-pa-0.20-pb-0.50,seed-12496-pa-0.20-pb-0.50:92,bandit,92,5.811967589003199,3.64134555033958,0.8571428571428572,0.8571428571428572,0.0,0.0,3.0,18.529814107718046,0.0,-3.3854635573188503
seed-12496-pa-0.20-pb-0.50,seed-12496-pa-0.20-pb-0.50:93,bandit,93,6.017675057605601,3.5580065577241644,0.8571428571428572,0.8571428571428572,0.0,0.0,-2.0,18.460466259475,0.0,-5.216190379452907
seed-12496-pa-0.20-pb-0.50,seed-12496-pa-0.20-pb-0.50:94,bandit,94,5.9130413716877825,3.69932307740351,0.8999999999999999,0.8999999999999999,0.0,0.0,3.0,18.43744294650125,0.0,-1.955380860480262
seed-12496-pa-0.20-pb-0.50,seed-12496-pa-0.20-pb-0.50:95,bandit,95,5.892675057605601,3.6151684254501792,0.8999999999999999,0.8999999999999999,0.0,0.0,-2.0,18.415570799176184,0.0,-3.857611817456249
seed-12496-pa-0.20-pb-0.50,seed-12496-pa-0.20-pb-0.50:96,bandit,96,5.65864569998304,3.755628373973593,0.9411764705882356,0.9411764705882356,0.0,0.0,3.0,18.43596872980561,0.0,-0.6647312265834362
seed-12496-pa-0.20-pb-0.50,seed-12496-pa-0.20-pb-0.50:97,bandit,97,5.767675057605601,3.6706599794221275,0.9411764705882356,0.9411764705882356,0.0,0.0,-2.0,18.455346763903563,0.0,-2.631494665254264
seed-12496-pa-0.20-pb-0.50,seed-12496-pa-0.20-pb-0.50:98,bandit,98,5.53364569998304,3.8102698908530677,0.9807692307692308,0.9807692307692308,0.0,0.0,3.0,18.513348656477614,0.0,0.5000800680084492
seed-12496-pa-0.20-pb-0.50,seed-12496-pa-0.20-pb-0.50:99,bandit,99,5.417999079229087,3.942899306712461,0.9807692307692308,0.9807692307692308,0.0,0.0,3.0,18.568450454422962,0.0,3.4750760646080265
seed-12503-pa-0.50-pb-0.65,seed-12503-pa-0.50-pb-0.65:0,bandit,0,4.203889734292549,2.912825855619838,0.5,0.5,0.0,0.0,0.0,0.5,0.0,0.0
seed-12503-pa-0.50-pb-0.65,seed-12503-pa-0.50-pb-0.65:1,bandit,1,3.4287006782765204,3.1074650491144715,1.3333333333333337,1.3333333333333337,0.0,0.0,3.0,1.8083333333333336,0.0,3.0
seed-12503-pa-0.50-pb-0.65,seed-12503-pa-0.50-pb-0.65:2,bandit,2,2.0019290813453736,3.3126257816940576,1.75,1.75,0.0,0.0,3.0,3.4679166666666665,0.0,5.85
seed-12508-pa-0.35-pb-0.20,seed-12508-pa-0.35-pb-0.20:0,bandit,0,4.203889734292549,2.912825855619838,0.5,0.5,0.0,0.0,0.0,0.5,0.0,0.0
seed-12508-pa-0.35-pb-0.20,seed-12508-pa-0.35-pb-0.20:1,bandit,1,3.849076984180108,2.8485527059463944,0.5,0.5,0.0,0.0,-2.0,0.975,0.0,-2.0
seed-12508-pa-0.35-pb-0.20,seed-12508-pa-0.35-pb-0.20:2,bandit,2,4.350412651601648,3.005898559405332,0.5,0.5,0.0,0.0,3.0,1.42625,0.0,1.1
seed-12508-pa-0.35-pb-0.20,seed-12508-pa-0.35-pb-0.20:3,bandit,3,2.1787006782765204,2.9369717745426134,0.5,0.5,0.0,0.0,-2.0,1.8549375,0.0,-0.9550000000000001
seed-12508-pa-0.35-pb-0.20,seed-12508-pa-0.35-pb-0.20:4,bandit,4,1.7254126516016477,2.84718713041141,0.0,0.0,0.0,0.0,-2.0,1.762190625,0.0,-2.90725
seed-12508-pa-0.35-pb-0.20,seed-12508-pa-0.35-pb-0.20:5,bandit,5,0.9509394198788428,2.7618917184867664,0.0,0.0,0.0,0.0,-2.0,1.67408109375,0.0,-4.7618875
seed-12508-pa-0.35-pb-0.20,seed-12508-pa-0.35-pb-0.20:6,bandit,6,0.67974463538566,2.664658278150608,-0.3333333333333332,-0.3333333333333332,0.0,0.0,-2.0,1.2570437057291666,0.0,-6.523793125
seed-12508-pa-0.35-pb-0.20,seed-12508-pa-0.35-pb-0.20:7,bandit,7,1.8132616875182244,2.806894654487714,0.0,0.0,0.0,0.0,3.0,1.1941915204427083,0.0,-3.1976034687499997
seed-12508-pa-0.35-pb-0.20,seed-12508-pa-0.35-pb-0.20:8,bandit,8,2.099076984180108,2.9489632687255707,0.1428571428571428,0.1428571428571428,0.0,0.0,3.0,1.2773390872777155,0.0,-0.037723295312499516
seed-12512-pa-0.20-pb-0.50,seed-12512-pa-0.20-pb-0.50:0,bandit,0,4.203889734292549,2.912825855619838,0.5,0.5,0.0,0.0,0.0,0.5,0.0,0.0
seed-12512-pa-0.20-pb-0.50,seed-12512-pa-0.20-pb-0.50:1,bandit,1,3.849076984180108,2.8485527059463944,0.5,0.5,0.0,0.0,-2.0,0.975,0.0,-2.0
seed-12516-pa-0.65-pb-0.65,seed-12516-pa-0.65-pb-0.65:0,bandit,0,4.203889734292549,2.912825855619838,0.5,0.5,0.0,0.0,0.0,0.5,0.0,0.0
seed-12516-pa-0.65-pb-0.65,seed-12516-pa-0.65-pb-0.65:1,bandit,1,3.0075990353171704,2.8485527059463944,0.5,0.5,0.0,0.0,-2.0,0.975,0.0,-2.0
seed-12516-pa-0.65-pb-0.65,seed-12516-pa-0.65-pb-0.65:2,bandit,2,0.3868710061149016,2.7874932137566226,0.5,0.5,0.0,0.0,-2.0,1.42625,0.0,-3.9
seed-12526-pa-0.65-pb-0.50,seed-12526-pa-0.65-pb-0.50:0,bandit,0,4.203889734292549,2.912825855619838,0.5,0.5,0.0,0.0,0.0,0.5,0.0,0.0
seed-12526-pa-0.65-pb-0.50,seed-12526-pa-0.65-pb-0.50:1,bandit,1,4.42870067827652,3.1074650491144715,1.3333333333333337,1.3333333333333337,0.0,0.0,3.0,1.8083333333333336,0.0,3.0
seed-12526-pa-0.65-pb-0.50,seed-12526-pa-0.65-pb-0.50:2,bandit,2,3.201413277982752,3.3126257816940576,1.75,1.75,0.0,0.0,3.0,3.4679166666666665,0.0,5.85
seed-12526-pa-0.65-pb-0.50,seed-12526-pa-0.65-pb-0.50:3,bandit,3,3.4878222787715707,3.519680576900475,2.0,2.0,0.0,0.0,3.0,5.294520833333333,0.0,8.5575
seed-12526-pa-0.65-pb-0.50,seed-12526-pa-0.65-pb-0.50:4,bandit,4,2.1602241504380864,3.7244840318504453,2.166666666666667,2.166666666666667,0.0,0.0,3.0,7.196461458333333,0.0,11.129624999999999
seed-12526-pa-0.65-pb-0.50,seed-12526-pa-0.65-pb-0.50:5,bandit,5,2.517675057605601,3.9248340279842555,2.2857142857142856,2.2857142857142856,0.0,0.0,3.0,9.122352671130951,0.0,13.573143749999998
seed-12529-pa-0.65-pb-0.35,seed-12529-pa-0.65-pb-0.35:0,bandit,0,4.203889734292549,2.912825855619838,0.5,0.5,0.0,0.0,0.0,0.5,0.0,0.0
seed-12529-pa-0.65-pb-0.35,seed-12529-pa-0.65-pb-0.35:1,bandit,1,4.42870067827652,3.1074650491144715,1.3333333333333337,1.3333333333333337,0.0,0.0,3.0,1.8083333333333336,0.0,3.0
seed-12529-pa-0.65-pb-0.35,seed-12529-pa-0.65-pb-0.35:2,bandit,2,2.501928011042974,3.0739669372856646,1.3333333333333337,1.3333333333333337,0.0,0.0,-2.0,3.0512500000000005,0.0,0.8499999999999996
seed-12529-pa-0.65-pb-0.35,seed-12529-pa-0.65-pb-0.35:3,bandit,3,2.6368710061149017,3.280802575456691,1.75,1.75,0.0,0.0,3.0,4.6486875,0.0,3.8074999999999997
seed-12534-pa-0.50-pb-0.35,seed-12534-pa-0.50-pb-0.35:0,bandit,0,4.203889734292549,2.912825855619838,0.5,0.5,0.0,0.0,0.0,0.5,0.0,0.0
seed-12534-pa-0.50-pb-0.35,seed-12534-pa-0.50-pb-0.35:1,bandit,1,4.42870067827652,3.1074650491144715,1.3333333333333337,1.3333333333333337,0.0,0.0,3.0,1.8083333333333336,0.0,3.0
seed-12534-pa-0.50-pb-0.35,seed-12534-pa-0.50-pb-0.35:2,bandit,2,0.951413277982752,3.2923722829343736,1.3333333333333337,1.3333333333333337,0.0,0.0,3.0,3.0512500000000005,0.0,5.85
foraging-pair-0072037-stay_x,foraging-pair-0072037-stay_x:0,foraging,0,3.5,1.5306571428457327,2.0,2.0,0.0,0.0,0.0,2.0,0.0,0.0
foraging-pair-0072037-stay_x,foraging-pair-0072037-stay_x:1,foraging,1,1.5,0.9791751890888098,2.6666666666666665,2.6666666666666665,0.0,0.0,4.0,4.366666666666666,0.0,4.0
foraging-pair-0072037-stay_x,foraging-pair-0072037-stay_x:2,foraging,2,-0.25,0.5320961794726404,3.0,3.0,0.0,0.0,4.0,6.711666666666666,0.0,7.4
foraging-pair-0072037-stay_y,foraging-pair-0072037-stay_y:0,foraging,0,2.875,1.5306571428457327,2.0,2.0,0.0,0.0,0.0,2.0,0.0,0.0
foraging-pair-0072037-stay_y,foraging-pair-0072037-stay_y:1,foraging,1,1.25,0.9791751890888098,2.6666666666666665,2.6666666666666665,0.0,0.0,4.0,4.366666666666666,0.0,4.0
foraging-pair-0072037-stay_y,foraging-pair-0072037-stay_y:2,foraging,2,-0.375,0.5320961794726404,3.0,3.0,0.0,0.0,4.0,6.711666666666666,0.0,7.4
foraging-pair-0072040-stay_x,foraging-pair-0072040-stay_x:0,foraging,0,1.375,1.0436077859863486,-1.0,1.0,2.0,1.0,0.0,-1.0,1.0,0.0
foraging-pair-0072040-stay_x,foraging-pair-0072040-stay_x:1,foraging,1,1.375,0.2544875230002369,-0.3333333333333335,1.6666666666666663,2.0,1.0,3.0,-1.1833333333333336,1.85,3.0
foraging-pair-0072040-stay_x,foraging-pair-0072040-stay_x:2,foraging,2,0.5,0.24578857371276353,-1.0,1.0,2.0,1.0,-1.0,-2.0058333333333334,2.5725,1.5499999999999998
foraging-pair-0072040-stay_x,foraging-pair-0072040-stay_x:3,foraging,3,0.25,-0.4410033282940825,-0.6000000000000001,1.4,2.0,1.0,3.0,-2.3049583333333334,3.186625,4.3175
foraging-pair-0072040-stay_y,foraging-pair-0072040-stay_y:0,foraging,0,1.125,1.0436077859863486,-1.0,1.0,2.0,1.0,0.0,-1.0,1.0,0.0
foraging-pair-0072040-stay_y,foraging-pair-0072040-stay_y:1,foraging,1,1.25,0.2544875230002369,-0.3333333333333335,1.6666666666666663,2.0,1.0,3.0,-1.1833333333333336,1.85,3.0
foraging-pair-0072040-stay_y,foraging-pair-0072040-stay_y:2,foraging,2,0.75,0.24578857371276353,-1.0,1.0,2.0,1.0,-1.0,-2.0058333333333334,2.5725,1.5499999999999998
foraging-pair-0072040-stay_y,foraging-pair-0072040-stay_y:3,foraging,3,0.125,-0.4410033282940825,-0.6000000000000001,1.4,2.0,1.0,3.0,-2.3049583333333334,3.186625,4.3175
foraging-pair-0072043-stay_x,foraging-pair-0072043-stay_x:0,foraging,0,1.875,1.4005732363824406,0.0,2.0,2.0,0.0,0.0,0.0,0.0,0.0
foraging-pair-0072043-stay_x,foraging-pair-0072043-stay_x:1,foraging,1,1.5,0.7385199621317193,0.6666666666666665,2.6666666666666665,2.0,0.0,4.0,0.6666666666666665,0.0,4.0
foraging-pair-0072043-stay_x,foraging-pair-0072043-stay_x:2,foraging,2,-0.75,0.1974553300958215,1.0,3.0,2.0,0.0,4.0,1.5666666666666664,0.0,7.4
foraging-pair-0072043-stay_y,foraging-pair-0072043-stay_y:0,foraging,0,1.5,1.4005732363824406,0.0,2.0,2.0,0.0,0.0,0.0,0.0,0.0
foraging-pair-0072043-stay_y,foraging-pair-0072043-stay_y:1,foraging,1,0.875,0.7385199621317193,0.6666666666666665,2.6666666666666665,2.0,0.0,4.0,0.6666666666666665,0.0,4.0
foraging-pair-0072043-stay_y,foraging-pair-0072043-stay_y:2,foraging,2,-0.875,0.1974553300958215,1.0,3.0,2.0,0.0,4.0,1.5666666666666664,0.0,7.4
foraging-pair-0072045-stay_x,foraging-pair-0072045-stay_x:0,foraging,0,2.375,1.1736916924496408,1.0,1.0,0.0,1.0,0.0,1.0,1.0,0.0
foraging-pair-0072045-stay_x,foraging-pair-0072045-stay_x:1,foraging,1,1.75,0.4951427499573273,1.6666666666666663,1.6666666666666663,0.0,1.0,3.0,2.516666666666666,1.85,3.0
foraging-pair-0072045-stay_x,foraging-pair-0072045-stay_x:2,foraging,2,0.75,0.5804294230895826,1.0,1.0,0.0,1.0,-1.0,3.139166666666666,2.5725,1.5499999999999998
foraging-pair-0072045-stay_y,foraging-pair-0072045-stay_y:0,foraging,0,2.0,1.1736916924496408,1.0,1.0,0.0,1.0,0.0,1.0,1.0,0.0
foraging-pair-0072045-stay_y,foraging-pair-0072045-stay_y:1,foraging,1,1.25,0.4951427499573273,1.6666666666666663,1.6666666666666663,0.0,1.0,3.0,2.516666666666666,1.85,3.0
foraging-pair-0072045-stay_y,foraging-pair-0072045-stay_y:2,foraging,2,1.0,0.5804294230895826,1.0,1.0,0.0,1.0,-1.0,3.139166666666666,2.5725,1.5499999999999998
foraging-pair-0072047-stay_x,foraging-pair-0072047-stay_x:0,foraging,0,2.375,1.1736916924496408,1.0,1.0,0.0,1.0,0.0,1.0,1.0,0.0
foraging-pair-0072047-stay_x,foraging-pair-0072047-stay_x:1,foraging,1,1.75,0.4951427499573273,1.6666666666666663,1.6666666666666663,0.0,1.0,3.0,2.516666666666666,1.85,3.0
foraging-pair-0072047-stay_x,foraging-pair-0072047-stay_x:2,foraging,2,-0.25,-0.059943200083923454,2.0,2.0,0.0,1.0,3.0,4.139166666666666,2.5725,5.55
foraging-pair-0072047-stay_x,foraging-pair-0072047-stay_x:3,foraging,3,0.5,0.1346231468471777,1.4,1.4,0.0,1.0,-1.0,4.918291666666667,3.186625,3.7174999999999994
foraging-pair-0072047-stay_y,foraging-pair-0072047-stay_y:0,foraging,0,2.0,1.1736916924496408,1.0,1.0,0.0,1.0,0.0,1.0,1.0,0.0
foraging-pair-0072047-stay_y,foraging-pair-0072047-stay_y:1,foraging,1,1.25,0.4951427499573273,1.6666666666666663,1.6666666666666663,0.0,1.0,3.0,2.516666666666666,1.85,3.0
foraging-pair-0072047-stay_y,foraging-pair-0072047-stay_y:2,foraging,2,-0.25,-0.059943200083923454,2.0,2.0,0.0,1.0,3.0,4.139166666666666,2.5725,5.55
foraging-pair-0072047-stay_y,foraging-pair-0072047-stay_y:3,foraging,3,0.375,0.1346231468471777,1.4,1.4,0.0,1.0,-1.0,4.918291666666667,3.186625,3.7174999999999994
foraging-pair-0072051-stay_x,foraging-pair-0072051-stay_x:0,foraging,0,1.875,1.4005732363824406,0.0,2.0,2.0,0.0,0.0,0.0,0.0,0.0
foraging-pair-0072051-stay_y,foraging-pair-0072051-stay_y:0,foraging,0,1.5,1.4005732363824406,0.0,2.0,2.0,0.0,0.0,0.0,0.0,0.0
foraging-pair-0072055-stay_x,foraging-pair-0072055-stay_x:0,foraging,0,2.375,1.1736916924496408,1.0,1.0,0.0,1.0,0.0,1.0,1.0,0.0
foraging-pair-0072055-stay_x,foraging-pair-0072055-stay_x:1,foraging,1,-0.375,1.113834722053618,0.3333333333333332,0.3333333333333332,0.0,1.0,-1.0,1.1833333333333331,1.85,-1.0
foraging-pair-0072055-stay_y,foraging-pair-0072055-stay_y:0,foraging,0,2.0,1.1736916924496408,1.0,1.0,0.0,1.0,0.0,1.0,1.0,0.0
foraging-pair-0072055-stay_y,foraging-pair-0072055-stay_y:1,foraging,1,-0.875,1.113834722053618,0.3333333333333332,0.3333333333333332,0.0,1.0,-1.0,1.1833333333333331,1.85,-1.0
foraging-pair-0072059-stay_x,foraging-pair-0072059-stay_x:0,foraging,0,1.375,1.0436077859863486,-1.0,1.0,2.0,1.0,0.0,-1.0,1.0,0.0
foraging-pair-0072059-stay_y,foraging-pair-0072059-stay_y:0,foraging,0,1.125,1.0436077859863486,-1.0,1.0,2.0,1.0,0.0,-1.0,1.0,0.0
foraging-pair-0072065-stay_x,foraging-pair-0072065-stay_x:0,foraging,0,1.875,1.4005732363824406,0.0,2.0,2.0,0.0,0.0,0.0,0.0,0.0
foraging-pair-0072065-stay_x,foraging-pair-0072065-stay_x:1,foraging,1,0.375,1.35721193422801,-0.6666666666666667,1.3333333333333333,2.0,0.0,0.0,-0.6666666666666667,0.0,0.0
foraging-pair-0072065-stay_x,foraging-pair-0072065-stay_x:2,foraging,2,-0.875,1.2986741763195284,-1.0,1.0,2.0,0.0,0.0,-1.5666666666666669,0.0,0.0
foraging-pair-0072065-stay_y,foraging-pair-0072065-stay_y:0,foraging,0,1.5,1.4005732363824406,0.0,2.0,2.0,0.0,0.0,0.0,0.0,0.0
foraging-pair-0072065-stay_y,foraging-pair-0072065-stay_y:1,foraging,1,-0.375,1.35721193422801,-0.6666666666666667,1.3333333333333333,2.0,0.0,0.0,-0.6666666666666667,0.0,0.0
foraging-pair-0072068-stay_x,foraging-pair-0072068-stay_x:0,foraging,0,3.5,1.5306571428457327,2.0,2.0,0.0,0.0,0.0,2.0,0.0,0.0
foraging-pair-0072068-stay_x,foraging-pair-0072068-stay_x:1,foraging,1,0.75,1.5978671611851003,1.3333333333333333,1.3333333333333333,0.0,0.0,0.0,3.033333333333333,0.0,0.0
foraging-pair-0072068-stay_x,foraging-pair-0072068-stay_x:2,foraging,2,-0.375,0.9929424025228415,2.0,2.0,0.0,0.0,4.0,4.578333333333333,0.0,4.0
foraging-pair-0072068-stay_x,foraging-pair-0072068-stay_x:3,foraging,3,-0.25,1.158154152772415,1.6,1.6,0.0,0.0,0.0,5.491583333333333,0.0,3.4
foraging-pair-0072068-stay_x,foraging-pair-0072068-stay_x:4,foraging,4,-0.75,1.2812396196227804,1.3333333333333333,1.3333333333333333,0.0,0.0,0.0,6.001179166666666,0.0,2.8899999999999997
foraging-pair-0072068-stay_y,foraging-pair-0072068-stay_y:0,foraging,0,2.875,1.5306571428457327,2.0,2.0,0.0,0.0,0.0,2.0,0.0,0.0
foraging-pair-0072068-stay_y,foraging-pair-0072068-stay_y:1,foraging,1,0.375,1.5978671611851003,1.3333333333333333,1.3333333333333333,0.0,0.0,0.0,3.033333333333333,0.0,0.0
foraging-pair-0072069-stay_x,foraging-pair-0072069-stay_x:0,foraging,0,2.375,1.1736916924496408,1.0,1.0,0.0,1.0,0.0,1.0,1.0,0.0
foraging-pair-0072069-stay_x,foraging-pair-0072069-stay_x:1,foraging,1,1.75,0.4951427499573273,1.6666666666666663,1.6666666666666663,0.0,1.0,3.0,2.516666666666666,1.85,3.0
foraging-pair-0072069-stay_x,foraging-pair-0072069-stay_x:2,foraging,2,0.75,0.5804294230895826,1.0,1.0,0.0,1.0,-1.0,3.139166666666666,2.5725,1.5499999999999998
foraging-pair-0072069-stay_x,foraging-pair-0072069-stay_x:3,foraging,3,0.5,-0.026474699860494333,1.4,1.4,0.0,1.0,3.0,4.068291666666666,3.186625,4.3175
foraging-pair-0072069-stay_y,foraging-pair-0072069-stay_y:0,foraging,0,2.0,1.1736916924496408,1.0,1.0,0.0,1.0,0.0,1.0,1.0,0.0
foraging-pair-0072069-stay_y,foraging-pair-0072069-stay_y:1,foraging,1,1.25,0.4951427499573273,1.6666666666666663,1.6666666666666663,0.0,1.0,3.0,2.516666666666666,1.85,3.0
foraging-pair-0072069-stay_y,foraging-pair-0072069-stay_y:2,foraging,2,1.0,0.5804294230895826,1.0,1.0,0.0,1.0,-1.0,3.139166666666666,2.5725,1.5499999999999998
foraging-pair-0072069-stay_y,foraging-pair-0072069-stay_y:3,foraging,3,0.5,-0.026474699860494333,1.4,1.4,0.0,1.0,3.0,4.068291666666666,3.186625,4.3175
foraging-pair-0072082-stay_x,foraging-pair-0072082-stay_x:0,foraging,0,3.5,1.5306571428457327,2.0,2.0,0.0,0.0,0.0,2.0,0.0,0.0
foraging-pair-0072082-stay_x,foraging-pair-0072082-stay_x:1,foraging,1,0.75,1.5978671611851003,1.3333333333333333,1.3333333333333333,0.0,0.0,0.0,3.033333333333333,0.0,0.0
foraging-pair-0072082-stay_x,foraging-pair-0072082-stay_x:2,foraging,2,-0.375,0.9929424025228415,2.0,2.0,0.0,0.0,4.0,4.578333333333333,0.0,4.0
foraging-pair-0072082-stay_x,foraging-pair-0072082-stay_x:3,foraging,3,-0.25,1.158154152772415,1.6,1.6,0.0,0.0,0.0,5.491583333333333,0.0,3.4
foraging-pair-0072082-stay_x,foraging-pair-0072082-stay_x:4,foraging,4,-0.75,1.2812396196227804,1.3333333333333333,1.3333333333333333,0.0,0.0,0.0,6.001179166666666,0.0,2.8899999999999997
foraging-pair-0072082-stay_y,foraging-pair-0072082-stay_y:0,foraging,0,2.875,1.5306571428457327,2.0,2.0,0.0,0.0,0.0,2.0,0.0,0.0
foraging-pair-0072082-stay_y,foraging-pair-0072082-stay_y:1,foraging,1,0.375,1.5978671611851003,1.3333333333333333,1.3333333333333333,0.0,0.0,0.0,3.033333333333333,0.0,0.0
foraging-pair-0072082-stay_y,foraging-pair-0072082-stay_y:2,foraging,2,0.375,0.9929424025228415,2.0,2.0,0.0,0.0,4.0,4.578333333333333,0.0,4.0
foraging-pair-0072082-stay_y,foraging-pair-0072082-stay_y:3,foraging,3,0.0,1.158154152772415,1.6,1.6,0.0,0.0,0.0,5.491583333333333,0.0,3.4
foraging-pair-0072082-stay_y,foraging-pair-0072082-stay_y:4,foraging,4,-0.625,1.2812396196227804,1.3333333333333333,1.3333333333333333,0.0,0.0,0.0,6.001179166666666,0.0,2.8899999999999997
foraging-pair-0072088-stay_x,foraging-pair-0072088-stay_x:0,foraging,0,1.375,1.0436077859863486,-1.0,1.0,2.0,1.0,0.0,-1.0,1.0,0.0
foraging-pair-0072088-stay_x,foraging-pair-0072088-stay_x:1,foraging,1,1.375,0.2544875230002369,-0.3333333333333335,1.6666666666666663,2.0,1.0,3.0,-1.1833333333333336,1.85,3.0
foraging-pair-0072088-stay_x,foraging-pair-0072088-stay_x:2,foraging,2,0.5,0.24578857371276353,-1.0,1.0,2.0,1.0,-1.0,-2.0058333333333334,2.5725,1.5499999999999998
foraging-pair-0072088-stay_x,foraging-pair-0072088-stay_x:3,foraging,3,-0.375,0.21237768552575254,-1.4,0.6000000000000001,2.0,1.0,-1.0,-3.1049583333333333,3.186625,0.3174999999999999
foraging-pair-0072088-stay_y,foraging-pair-0072088-stay_y:0,foraging,0,1.125,1.0436077859863486,-1.0,1.0,2.0,1.0,0.0,-1.0,1.0,0.0
foraging-pair-0072088-stay_y,foraging-pair-0072088-stay_y:1,foraging,1,1.25,0.2544875230002369,-0.3333333333333335,1.6666666666666663,2.0,1.0,3.0,-1.1833333333333336,1.85,3.0
foraging-pair-0072088-stay_y,foraging-pair-0072088-stay_y:2,foraging,2,0.75,0.24578857371276353,-1.0,1.0,2.0,1.0,-1.0,-2.0058333333333334,2.5725,1.5499999999999998
foraging-pair-0072088-stay_y,foraging-pair-0072088-stay_y:3,foraging,3,-0.125,0.21237768552575254,-1.4,0.6000000000000001,2.0,1.0,-1.0,-3.1049583333333333,3.186625,0.3174999999999999
foraging-pair-0072101-stay_x,foraging-pair-0072101-stay_x:0,foraging,0,1.375,1.0436077859863486,-1.0,1.0,2.0,1.0,0.0,-1.0,1.0,0.0
foraging-pair-0072101-stay_x,foraging-pair-0072101-stay_x:1,foraging,1,1.375,0.2544875230002369,-0.3333333333333335,1.6666666666666663,2.0,1.0,3.0,-1.1833333333333336,1.85,3.0
foraging-pair-0072101-stay_y,foraging-pair-0072101-stay_y:0,foraging,0,1.125,1.0436077859863486,-1.0,1.0,2.0,1.0,0.0,-1.0,1.0,0.0
foraging-pair-0072101-stay_y,foraging-pair-0072101-stay_y:1,foraging,1,1.25,0.2544875230002369,-0.3333333333333335,1.6666666666666663,2.0,1.0,3.0,-1.1833333333333336,1.85,3.0
foraging-pair-0072136-stay_x,foraging-pair-0072136-stay_x:0,foraging,0,1.375,1.0436077859863486,-1.0,1.0,2.0,1.0,0.0,-1.0,1.0,0.0
foraging-pair-0072136-stay_x,foraging-pair-0072136-stay_x:1,foraging,1,-0.5,0.8731794950965276,-1.6666666666666667,0.3333333333333332,2.0,1.0,-1.0,-2.5166666666666666,1.85,-1.0
foraging-pair-0072136-stay_y,foraging-pair-0072136-stay_y:0,foraging,0,1.125,1.0436077859863486,-1.0,1.0,2.0,1.0,0.0,-1.0,1.0,0.0
foraging-pair-0072136-stay_y,foraging-pair-0072136-stay_y:1,foraging,1,-0.625,0.8731794950965276,-1.6666666666666667,0.3333333333333332,2.0,1.0,-1.0,-2.5166666666666666,1.85,-1.0
foraging-pair-0072137-stay_x,foraging-pair-0072137-stay_x:0,foraging,0,1.875,1.4005732363824406,0.0,2.0,2.0,0.0,0.0,0.0,0.0,0.0
foraging-pair-0072137-stay_x,foraging-pair-0072137-stay_x:1,foraging,1,1.5,0.7385199621317193,0.6666666666666665,2.6666666666666665,2.0,0.0,4.0,0.6666666666666665,0.0,4.0
foraging-pair-0072137-stay_y,foraging-pair-0072137-stay_y:0,foraging,0,1.5,1.4005732363824406,0.0,2.0,2.0,0.0,0.0,0.0,0.0,0.0
foraging-pair-0072137-stay_y,foraging-pair-0072137-stay_y:1,foraging,1,0.875,0.7385199621317193,0.6666666666666665,2.6666666666666665,2.0,0.0,4.0,0.6666666666666665,0.0,4.0
foraging-pair-0072139-stay_x,foraging-pair-0072139-stay_x:0,foraging,0,1.875,1.4005732363824406,0.0,2.0,2.0,0.0,0.0,0.0,0.0,0.0
foraging-pair-0072139-stay_x,foraging-pair-0072139-stay_x:1,foraging,1,1.5,0.7385199621317193,0.6666666666666665,2.6666666666666665,2.0,0.0,4.0,0.6666666666666665,0.0,4.0
foraging-pair-0072139-stay_x,foraging-pair-0072139-stay_x:2,foraging,2,-0.625,0.8378279532693276,0.0,2.0,2.0,0.0,0.0,0.5666666666666665,0.0,3.4
foraging-pair-0072139-stay_x,foraging-pair-0072139-stay_x:3,foraging,3,-1.0,0.8962229644436361,-0.3999999999999999,1.6,2.0,0.0,0.0,0.08166666666666661,0.0,2.8899999999999997
foraging-pair-0072139-stay_x,foraging-pair-0072139-stay_x:4,foraging,4,-1.125,0.9285142030800261,-0.6666666666666667,1.3333333333333333,2.0,0.0,0.0,-0.5972500000000002,0.0,2.4564999999999997
foraging-pair-0072139-stay_y,foraging-pair-0072139-stay_y:0,foraging,0,1.5,1.4005732363824406,0.0,2.0,2.0,0.0,0.0,0.0,0.0,0.0
foraging-pair-0072139-stay_y,foraging-pair-0072139-stay_y:1,foraging,1,0.875,0.7385199621317193,0.6666666666666665,2.6666666666666665,2.0,0.0,4.0,0.6666666666666665,0.0,4.0
foraging-pair-0072139-stay_y,foraging-pair-0072139-stay_y:2,foraging,2,-0.625,0.8378279532693276,0.0,2.0,2.0,0.0,0.0,0.5666666666666665,0.0,3.4
foraging-pair-0072139-stay_y,foraging-pair-0072139-stay_y:3,foraging,3,-1.0,0.8962229644436361,-0.3999999999999999,1.6,2.0,0.0,0.0,0.08166666666666661,0.0,2.8899999999999997
foraging-pair-0072139-stay_y,foraging-pair-0072139-stay_y:4,foraging,4,-1.25,0.9285142030800261,-0.6666666666666667,1.3333333333333333,2.0,0.0,0.0,-0.5972500000000002,0.0,2.4564999999999997
foraging-pair-0072146-stay_x,foraging-pair-0072146-stay_x:0,foraging,0,1.375,1.0436077859863486,-1.0,1.0,2.0,1.0,0.0,-1.0,1.0,0.0
foraging-pair-0072146-stay_x,foraging-pair-0072146-stay_x:1,foraging,1,1.375,0.2544875230002369,-0.3333333333333335,1.6666666666666663,2.0,1.0,3.0,-1.1833333333333336,1.85,3.0
foraging-pair-0072146-stay_x,foraging-pair-0072146-stay_x:2,foraging,2,0.5,0.24578857371276353,-1.0,1.0,2.0,1.0,-1.0,-2.0058333333333334,2.5725,1.5499999999999998
foraging-pair-0072146-stay_y,foraging-pair-0072146-stay_y:0,foraging,0,1.125,1.0436077859863486,-1.0,1.0,2.0,1.0,0.0,-1.0,1.0,0.0
foraging-pair-0072146-stay_y,foraging-pair-0072146-stay_y:1,foraging,1,1.25,0.2544875230002369,-0.3333333333333335,1.6666666666666663,2.0,1.0,3.0,-1.1833333333333336,1.85,3.0
foraging-pair-0072146-stay_y,foraging-pair-0072146-stay_y:2,foraging,2,0.75,0.24578857371276353,-1.0,1.0,2.0,1.0,-1.0,-2.0058333333333334,2.5725,1.5499999999999998
foraging-pair-0072158-stay_x,foraging-pair-0072158-stay_x:0,foraging,0,3.5,1.5306571428457327,2.0,2.0,0.0,0.0,0.0,2.0,0.0,0.0
foraging-pair-0072158-stay_x,foraging-pair-0072158-stay_x:1,foraging,1,1.5,0.9791751890888098,2.6666666666666665,2.6666666666666665,0.0,0.0,4.0,4.366666666666666,0.0,4.0
foraging-pair-0072158-stay_x,foraging-pair-0072158-stay_x:2,foraging,2,-0.25,0.5320961794726404,3.0,3.0,0.0,0.0,4.0,6.711666666666666,0.0,7.4
foraging-pair-0072158-stay_x,foraging-pair-0072158-stay_x:3,foraging,3,0.5,0.16508741194522614,3.2,3.2,0.0,0.0,4.0,8.904916666666665,0.0,10.29
foraging-pair-0072158-stay_y,foraging-pair-0072158-stay_y:0,foraging,0,2.875,1.5306571428457327,2.0,2.0,0.0,0.0,0.0,2.0,0.0,0.0
foraging-pair-0072158-stay_y,foraging-pair-0072158-stay_y:1,foraging,1,1.25,0.9791751890888098,2.6666666666666665,2.6666666666666665,0.0,0.0,4.0,4.366666666666666,0.0,4.0
foraging-pair-0072158-stay_y,foraging-pair-0072158-stay_y:2,foraging,2,-0.375,0.5320961794726404,3.0,3.0,0.0,0.0,4.0,6.711666666666666,0.0,7.4
foraging-pair-0072158-stay_y,foraging-pair-0072158-stay_y:3,foraging,3,0.5,0.16508741194522614,3.2,3.2,0.0,0.0,4.0,8.904916666666665,0.0,10.29
foraging-pair-0072159-stay_x,foraging-pair-0072159-stay_x:0,foraging,0,3.5,1.5306571428457327,2.0,2.0,0.0,0.0,0.0,2.0,0.0,0.0
foraging-pair-0072159-stay_x,foraging-pair-0072159-stay_x:1,foraging,1,1.5,0.9791751890888098,2.6666666666666665,2.6666666666666665,0.0,0.0,4.0,4.366666666666666,0.0,4.0
foraging-pair-0072159-stay_x,foraging-pair-0072159-stay_x:2,foraging,2,-1.125,1.1724688026461465,2.0,2.0,0.0,0.0,0.0,5.711666666666666,0.0,3.4
foraging-pair-0072159-stay_x,foraging-pair-0072159-stay_x:3,foraging,3,-1.25,1.3107515928772244,1.6,1.6,0.0,0.0,0.0,6.454916666666666,0.0,2.8899999999999997
foraging-pair-0072159-stay_y,foraging-pair-0072159-stay_y:0,foraging,0,2.875,1.5306571428457327,2.0,2.0,0.0,0.0,0.0,2.0,0.0,0.0
foraging-pair-0072159-stay_y,foraging-pair-0072159-stay_y:1,foraging,1,1.25,0.9791751890888098,2.6666666666666665,2.6666666666666665,0.0,0.0,4.0,4.366666666666666,0.0,4.0
foraging-pair-0072159-stay_y,foraging-pair-0072159-stay_y:2,foraging,2,-0.875,1.1724688026461465,2.0,2.0,0.0,0.0,0.0,5.711666666666666,0.0,3.4
foraging-pair-0072159-stay_y,foraging-pair-0072159-stay_y:3,foraging,3,-1.0,1.3107515928772244,1.6,1.6,0.0,0.0,0.0,6.454916666666666,0.0,2.8899999999999997
foraging-pair-0072161-stay_x,foraging-pair-0072161-stay_x:0,foraging,0,1.875,1.4005732363824406,0.0,2.0,2.0,0.0,0.0,0.0,0.0,0.0
foraging-pair-0072161-stay_x,foraging-pair-0072161-stay_x:1,foraging,1,1.5,0.7385199621317193,0.6666666666666665,2.6666666666666665,2.0,0.0,4.0,0.6666666666666665,0.0,4.0
foraging-pair-0072161-stay_x,foraging-pair-0072161-stay_x:2,foraging,2,-0.75,0.1974553300958215,1.0,3.0,2.0,0.0,4.0,1.5666666666666664,0.0,7.4
foraging-pair-0072161-stay_x,foraging-pair-0072161-stay_x:3,foraging,3,-0.875,0.4039397973314729,0.3999999999999999,2.4,2.0,0.0,0.0,1.7316666666666662,0.0,6.29
foraging-pair-0072161-stay_x,foraging-pair-0072161-stay_x:4,foraging,4,-0.375,-0.108618461061603,0.6666666666666665,2.6666666666666665,2.0,0.0,4.0,2.138583333333333,0.0,9.346499999999999
foraging-pair-0072161-stay_x,foraging-pair-0072161-stay_x:5,foraging,5,-1.0,0.1363437087640451,0.2857142857142856,2.2857142857142856,2.0,0.0,0.0,2.103510119047619,0.0,7.944524999999999
foraging-pair-0072161-stay_x,foraging-pair-0072161-stay_x:6,foraging,6,-0.75,0.32597813790680485,0.0,2.0,2.0,0.0,0.0,1.787983601190476,0.0,6.752846249999998
foraging-pair-0072161-stay_x,foraging-pair-0072161-stay_x:7,foraging,7,-0.625,0.4727136352933399,-0.2222222222222223,1.7777777777777777,2.0,0.0,0.0,1.2975638387896822,0.0,5.739919312499999
foraging-pair-0072161-stay_y,foraging-pair-0072161-stay_y:0,foraging,0,1.5,1.4005732363824406,0.0,2.0,2.0,0.0,0.0,0.0,0.0,0.0
foraging-pair-0072161-stay_y,foraging-pair-0072161-stay_y:1,foraging,1,0.875,0.7385199621317193,0.6666666666666665,2.6666666666666665,2.0,0.0,4.0,0.6666666666666665,0.0,4.0
foraging-pair-0072161-stay_y,foraging-pair-0072161-stay_y:2,foraging,2,-0.875,0.1974553300958215,1.0,3.0,2.0,0.0,4.0,1.5666666666666664,0.0,7.4
foraging-pair-0072161-stay_y,foraging-pair-0072161-stay_y:3,foraging,3,-0.5,0.4039397973314729,0.3999999999999999,2.4,2.0,0.0,0.0,1.7316666666666662,0.0,6.29
foraging-pair-0072161-stay_y,foraging-pair-0072161-stay_y:4,foraging,4,-0.125,-0.108618461061603,0.6666666666666665,2.6666666666666665,2.0,0.0,4.0,2.138583333333333,0.0,9.346499999999999
foraging-pair-0072161-stay_y,foraging-pair-0072161-stay_y:5,foraging,5,-0.875,0.1363437087640451,0.2857142857142856,2.2857142857142856,2.0,0.0,0.0,2.103510119047619,0.0,7.944524999999999
foraging-pair-0072161-stay_y,foraging-pair-0072161-stay_y:6,foraging,6,-0.75,0.32597813790680485,0.0,2.0,2.0,0.0,0.0,1.787983601190476,0.0,6.752846249999998
foraging-pair-0072161-stay_y,foraging-pair-0072161-stay_y:7,foraging,7,-0.75,0.4727136352933399,-0.2222222222222223,1.7777777777777777,2.0,0.0,0.0,1.2975638387896822,0.0,5.739919312499999
foraging-pair-0072162-stay_x,foraging-pair-0072162-stay_x:0,foraging,0,2.375,1.1736916924496408,1.0,1.0,0.0,1.0,0.0,1.0,1.0,0.0
foraging-pair-0072162-stay_x,foraging-pair-0072162-stay_x:1,foraging,1,-0.375,1.113834722053618,0.3333333333333332,0.3333333333333332,0.0,1.0,-1.0,1.1833333333333331,1.85,-1.0
foraging-pair-0072162-stay_y,foraging-pair-0072162-stay_y:0,foraging,0,2.0,1.1736916924496408,1.0,1.0,0.0,1.0,0.0,1.0,1.0,0.0
foraging-pair-0072162-stay_y,foraging-pair-0072162-stay_y:1,foraging,1,-0.875,1.113834722053618,0.3333333333333332,0.3333333333333332,0.0,1.0,-1.0,1.1833333333333331,1.85,-1.0
foraging-pair-0072163-stay_x,foraging-pair-0072163-stay_x:0,foraging,0,1.875,1.4005732363824406,0.0,2.0,2.0,0.0,0.0,0.0,0.0,0.0
foraging-pair-0072163-stay_x,foraging-pair-0072163-stay_x:1,foraging,1,1.5,0.7385199621317193,0.6666666666666665,2.6666666666666665,2.0,0.0,4.0,0.6666666666666665,0.0,4.0
foraging-pair-0072163-stay_x,foraging-pair-0072163-stay_x:2,foraging,2,-0.625,0.8378279532693276,0.0,2.0,2.0,0.0,0.0,0.5666666666666665,0.0,3.4
foraging-pair-0072163-stay_y,foraging-pair-0072163-stay_y:0,foraging,0,1.5,1.4005732363824406,0.0,2.0,2.0,0.0,0.0,0.0,0.0,0.0
foraging-pair-0072163-stay_y,foraging-pair-0072163-stay_y:1,foraging,1,0.875,0.7385199621317193,0.6666666666666665,2.6666666666666665,2.0,0.0,4.0,0.6666666666666665,0.0,4.0
foraging-pair-0072163-stay_y,foraging-pair-0072163-stay_y:2,foraging,2,-0.625,0.8378279532693276,0.0,2.0,2.0,0.0,0.0,0.5666666666666665,0.0,3.4
foraging-pair-0072182-stay_x,foraging-pair-0072182-stay_x:0,foraging,0,3.5,1.5306571428457327,2.0,2.0,0.0,0.0,0.0,2.0,0.0,0.0
foraging-pair-0072182-stay_y,foraging-pair-0072182-stay_y:0,foraging,0,2.875,1.5306571428457327,2.0,2.0,0.0,0.0,0.0,2.0,0.0,0.0
foraging-pair-0072185-stay_x,foraging-pair-0072185-stay_x:0,foraging,0,1.875,1.4005732363824406,0.0,2.0,2.0,0.0,0.0,0.0,0.0,0.0
foraging-pair-0072185-stay_x,foraging-pair-0072185-stay_x:1,foraging,1,0.375,1.35721193422801,-0.6666666666666667,1.3333333333333333,2.0,0.0,0.0,-0.6666666666666667,0.0,0.0
foraging-pair-0072185-stay_x,foraging-pair-0072185-stay_x:2,foraging,2,-0.25,0.6583015531460226,0.0,2.0,2.0,0.0,4.0,-0.5666666666666668,0.0,4.0
foraging-pair-0072185-stay_y,foraging-pair-0072185-stay_y:0,foraging,0,1.5,1.4005732363824406,0.0,2.0,2.0,0.0,0.0,0.0,0.0,0.0
foraging-pair-0072185-stay_y,foraging-pair-0072185-stay_y:1,foraging,1,-0.375,1.35721193422801,-0.6666666666666667,1.3333333333333333,2.0,0.0,0.0,-0.6666666666666667,0.0,0.0
foraging-pair-0072185-stay_y,foraging-pair-0072185-stay_y:2,foraging,2,0.125,0.6583015531460226,0.0,2.0,2.0,0.0,4.0,-0.5666666666666668,0.0,4.0
foraging-pair-0072191-stay_x,foraging-pair-0072191-stay_x:0,foraging,0,2.375,1.1736916924496408,1.0,1.0,0.0,1.0,0.0,1.0,1.0,0.0
foraging-pair-0072191-stay_x,foraging-pair-0072191-stay_x:1,foraging,1,1.75,0.4951427499573273,1.6666666666666663,1.6666666666666663,0.0,1.0,3.0,2.516666666666666,1.85,3.0
foraging-pair-0072191-stay_x,foraging-pair-0072191-stay_x:2,foraging,2,0.75,0.5804294230895826,1.0,1.0,0.0,1.0,-1.0,3.139166666666666,2.5725,1.5499999999999998
foraging-pair-0072191-stay_x,foraging-pair-0072191-stay_x:3,foraging,3,0.5,-0.026474699860494333,1.4,1.4,0.0,1.0,3.0,4.068291666666666,3.186625,4.3175
foraging-pair-0072191-stay_y,foraging-pair-0072191-stay_y:0,foraging,0,2.0,1.1736916924496408,1.0,1.0,0.0,1.0,0.0,1.0,1.0,0.0
foraging-pair-0072191-stay_y,foraging-pair-0072191-stay_y:1,foraging,1,1.25,0.4951427499573273,1.6666666666666663,1.6666666666666663,0.0,1.0,3.0,2.516666666666666,1.85,3.0
foraging-pair-0072200-stay_x,foraging-pair-0072200-stay_x:0,foraging,0,2.375,1.1736916924496408,1.0,1.0,0.0,1.0,0.0,1.0,1.0,0.0
foraging-pair-0072200-stay_x,foraging-pair-0072200-stay_x:1,foraging,1,1.75,0.4951427499573273,1.6666666666666663,1.6666666666666663,0.0,1.0,3.0,2.516666666666666,1.85,3.0
foraging-pair-0072200-stay_x,foraging-pair-0072200-stay_x:2,foraging,2,-0.25,-0.059943200083923454,2.0,2.0,0.0,1.0,3.0,4.139166666666666,2.5725,5.55
foraging-pair-0072200-stay_y,foraging-pair-0072200-stay_y:0,foraging,0,2.0,1.1736916924496408,1.0,1.0,0.0,1.0,0.0,1.0,1.0,0.0
foraging-pair-0072200-stay_y,foraging-pair-0072200-stay_y:1,foraging,1,1.25,0.4951427499573273,1.6666666666666663,1.6666666666666663,0.0,1.0,3.0,2.516666666666666,1.85,3.0
foraging-pair-0072200-stay_y,foraging-pair-0072200-stay_y:2,foraging,2,-0.25,-0.059943200083923454,2.0,2.0,0.0,1.0,3.0,4.139166666666666,2.5725,5.55
foraging-pair-0072222-stay_x,foraging-pair-0072222-stay_x:0,foraging,0,2.375,1.1736916924496408,1.0,1.0,0.0,1.0,0.0,1.0,1.0,0.0
foraging-pair-0072222-stay_x,foraging-pair-0072222-stay_x:1,foraging,1,-0.375,1.113834722053618,0.3333333333333332,0.3333333333333332,0.0,1.0,-1.0,1.1833333333333331,1.85,-1.0
foraging-pair-0072222-stay_x,foraging-pair-0072222-stay_x:2,foraging,2,0.5,0.4009030229662775,1.0,1.0,0.0,1.0,3.0,2.0058333333333334,2.5725,2.15
foraging-pair-0072222-stay_y,foraging-pair-0072222-stay_y:0,foraging,0,2.0,1.1736916924496408,1.0,1.0,0.0,1.0,0.0,1.0,1.0,0.0
foraging-pair-0072222-stay_y,foraging-pair-0072222-stay_y:1,foraging,1,-0.875,1.113834722053618,0.3333333333333332,0.3333333333333332,0.0,1.0,-1.0,1.1833333333333331,1.85,-1.0
foraging-pair-0072222-stay_y,foraging-pair-0072222-stay_y:2,foraging,2,0.75,0.4009030229662775,1.0,1.0,0.0,1.0,3.0,2.0058333333333334,2.5725,2.15
foraging-pair-0072229-stay_x,foraging-pair-0072229-stay_x:0,foraging,0,3.5,1.5306571428457327,2.0,2.0,0.0,0.0,0.0,2.0,0.0,0.0
foraging-pair-0072229-stay_x,foraging-pair-0072229-stay_x:1,foraging,1,1.5,0.9791751890888098,2.6666666666666665,2.6666666666666665,0.0,0.0,4.0,4.366666666666666,0.0,4.0
foraging-pair-0072229-stay_x,foraging-pair-0072229-stay_x:2,foraging,2,-1.125,1.1724688026461465,2.0,2.0,0.0,0.0,0.0,5.711666666666666,0.0,3.4
foraging-pair-0072229-stay_y,foraging-pair-0072229-stay_y:0,foraging,0,2.875,1.5306571428457327,2.0,2.0,0.0,0.0,0.0,2.0,0.0,0.0
foraging-pair-0072229-stay_y,foraging-pair-0072229-stay_y:1,foraging,1,1.25,0.9791751890888098,2.6666666666666665,2.6666666666666665,0.0,0.0,4.0,4.366666666666666,0.0,4.0
foraging-pair-0072229-stay_y,foraging-pair-0072229-stay_y:2,foraging,2,-0.875,1.1724688026461465,2.0,2.0,0.0,0.0,0.0,5.711666666666666,0.0,3.4
foraging-pair-0072236-stay_x,foraging-pair-0072236-stay_x:0,foraging,0,3.5,1.5306571428457327,2.0,2.0,0.0,0.0,0.0,2.0,0.0,0.0
foraging-pair-0072236-stay_x,foraging-pair-0072236-stay_x:1,foraging,1,1.5,0.9791751890888098,2.6666666666666665,2.6666666666666665,0.0,0.0,4.0,4.366666666666666,0.0,4.0
foraging-pair-0072236-stay_x,foraging-pair-0072236-stay_x:2,foraging,2,-0.25,0.5320961794726404,3.0,3.0,0.0,0.0,4.0,6.711666666666666,0.0,7.4
foraging-pair-0072236-stay_x,foraging-pair-0072236-stay_x:3,foraging,3,-1.125,0.8184684257650612,2.4,2.4,0.0,0.0,0.0,8.104916666666666,0.0,6.29
foraging-pair-0072236-stay_y,foraging-pair-0072236-stay_y:0,foraging,0,2.875,1.5306571428457327,2.0,2.0,0.0,0.0,0.0,2.0,0.0,0.0
foraging-pair-0072236-stay_y,foraging-pair-0072236-stay_y:1,foraging,1,1.25,0.9791751890888098,2.6666666666666665,2.6666666666666665,0.0,0.0,4.0,4.366666666666666,0.0,4.0
foraging-pair-0072236-stay_y,foraging-pair-0072236-stay_y:2,foraging,2,-0.375,0.5320961794726404,3.0,3.0,0.0,0.0,4.0,6.711666666666666,0.0,7.4
foraging-pair-0072236-stay_y,foraging-pair-0072236-stay_y:3,foraging,3,-0.5,0.8184684257650612,2.4,2.4,0.0,0.0,0.0,8.104916666666666,0.0,6.29
foraging-pair-0072241-stay_x,foraging-pair-0072241-stay_x:0,foraging,0,1.875,1.4005732363824406,0.0,2.0,2.0,0.0,0.0,0.0,0.0,0.0
foraging-pair-0072241-stay_x,foraging-pair-0072241-stay_x:1,foraging,1,1.5,0.7385199621317193,0.6666666666666665,2.6666666666666665,2.0,0.0,4.0,0.6666666666666665,0.0,4.0
foraging-pair-0072241-stay_x,foraging-pair-0072241-stay_x:2,foraging,2,-0.75,0.1974553300958215,1.0,3.0,2.0,0.0,4.0,1.5666666666666664,0.0,7.4
foraging-pair-0072241-stay_y,foraging-pair-0072241-stay_y:0,foraging,0,1.5,1.4005732363824406,0.0,2.0,2.0,0.0,0.0,0.0,0.0,0.0
foraging-pair-0072241-stay_y,foraging-pair-0072241-stay_y:1,foraging,1,0.875,0.7385199621317193,0.6666666666666665,2.6666666666666665,2.0,0.0,4.0,0.6666666666666665,0.0,4.0
foraging-pair-0072241-stay_y,foraging-pair-0072241-stay_y:2,foraging,2,-0.875,0.1974553300958215,1.0,3.0,2.0,0.0,4.0,1.5666666666666664,0.0,7.4
foraging-pair-0072242-stay_x,foraging-pair-0072242-stay_x:0,foraging,0,1.375,1.0436077859863486,-1.0,1.0,2.0,1.0,0.0,-1.0,1.0,0.0
foraging-pair-0072242-stay_x,foraging-pair-0072242-stay_x:1,foraging,1,1.375,0.2544875230002369,-0.3333333333333335,1.6666666666666663,2.0,1.0,3.0,-1.1833333333333336,1.85,3.0
foraging-pair-0072242-stay_x,foraging-pair-0072242-stay_x:2,foraging,2,0.5,0.24578857371276353,-1.0,1.0,2.0,1.0,-1.0,-2.0058333333333334,2.5725,1.5499999999999998
foraging-pair-0072242-stay_x,foraging-pair-0072242-stay_x:3,foraging,3,-0.375,0.21237768552575254,-1.4,0.6000000000000001,2.0,1.0,-1.0,-3.1049583333333333,3.186625,0.3174999999999999
foraging-pair-0072242-stay_x,foraging-pair-0072242-stay_x:4,foraging,4,-0.75,0.16663390970502107,-1.6666666666666667,0.3333333333333332,2.0,1.0,-1.0,-4.30588125,3.70863125,-0.7301250000000001
foraging-pair-0072242-stay_x,foraging-pair-0072242-stay_x:5,foraging,5,-1.625,0.11536275678470453,-1.8571428571428572,0.1428571428571428,2.0,1.0,-1.0,-5.517141919642857,4.1523365625,-1.6206062500000002
foraging-pair-0072242-stay_y,foraging-pair-0072242-stay_y:0,foraging,0,1.125,1.0436077859863486,-1.0,1.0,2.0,1.0,0.0,-1.0,1.0,0.0
foraging-pair-0072242-stay_y,foraging-pair-0072242-stay_y:1,foraging,1,1.25,0.2544875230002369,-0.3333333333333335,1.6666666666666663,2.0,1.0,3.0,-1.1833333333333336,1.85,3.0
foraging-pair-0072242-stay_y,foraging-pair-0072242-stay_y:2,foraging,2,0.75,0.24578857371276353,-1.0,1.0,2.0,1.0,-1.0,-2.0058333333333334,2.5725,1.5499999999999998
foraging-pair-0072242-stay_y,foraging-pair-0072242-stay_y:3,foraging,3,-0.125,0.21237768552575254,-1.4,0.6000000000000001,2.0,1.0,-1.0,-3.1049583333333333,3.186625,0.3174999999999999
foraging-pair-0072242-stay_y,foraging-pair-0072242-stay_y:4,foraging,4,-0.75,0.16663390970502107,-1.6666666666666667,0.3333333333333332,2.0,1.0,-1.0,-4.30588125,3.70863125,-0.7301250000000001
foraging-pair-0072242-stay_y,foraging-pair-0072242-stay_y:5,foraging,5,-1.625,0.11536275678470453,-1.8571428571428572,0.1428571428571428,2.0,1.0,-1.0,-5.517141919642857,4.1523365625,-1.6206062500000002
foraging-pair-0072251-stay_x,foraging-pair-0072251-stay_x:0,foraging,0,1.375,1.0436077859863486,-1.0,1.0,2.0,1.0,0.0,-1.0,1.0,0.0
foraging-pair-0072251-stay_x,foraging-pair-0072251-stay_x:1,foraging,1,-0.5,0.8731794950965276,-1.6666666666666667,0.3333333333333332,2.0,1.0,-1.0,-2.5166666666666666,1.85,-1.0
foraging-pair-0072251-stay_y,foraging-pair-0072251-stay_y:0,foraging,0,1.125,1.0436077859863486,-1.0,1.0,2.0,1.0,0.0,-1.0,1.0,0.0
foraging-pair-0072251-stay_y,foraging-pair-0072251-stay_y:1,foraging,1,-0.625,0.8731794950965276,-1.6666666666666667,0.3333333333333332,2.0,1.0,-1.0,-2.5166666666666666,1.85,-1.0
foraging-pair-0072254-stay_x,foraging-pair-0072254-stay_x:0,foraging,0,3.5,1.5306571428457327,2.0,2.0,0.0,0.0,0.0,2.0,0.0,0.0
foraging-pair-0072254-stay_x,foraging-pair-0072254-stay_x:1,foraging,1,1.5,0.9791751890888098,2.6666666666666665,2.6666666666666665,0.0,0.0,4.0,4.366666666666666,0.0,4.0
foraging-pair-0072254-stay_y,foraging-pair-0072254-stay_y:0,foraging,0,2.875,1.5306571428457327,2.0,2.0,0.0,0.0,0.0,2.0,0.0,0.0
foraging-pair-0072254-stay_y,foraging-pair-0072254-stay_y:1,foraging,1,1.25,0.9791751890888098,2.6666666666666665,2.6666666666666665,0.0,0.0,4.0,4.366666666666666,0.0,4.0
foraging-pair-0072255-stay_x,foraging-pair-0072255-stay_x:0,foraging,0,3.5,1.5306571428457327,2.0,2.0,0.0,0.0,0.0,2.0,0.0,0.0
foraging-pair-0072255-stay_x,foraging-pair-0072255-stay_x:1,foraging,1,0.75,1.5978671611851003,1.3333333333333333,1.3333333333333333,0.0,0.0,0.0,3.033333333333333,0.0,0.0
foraging-pair-0072255-stay_x,foraging-pair-0072255-stay_x:2,foraging,2,-1.125,1.6333150256963473,1.0,1.0,0.0,0.0,0.0,3.578333333333333,0.0,0.0
foraging-pair-0072255-stay_y,foraging-pair-0072255-stay_y:0,foraging,0,2.875,1.5306571428457327,2.0,2.0,0.0,0.0,0.0,2.0,0.0,0.0
foraging-pair-0072255-stay_y,foraging-pair-0072255-stay_y:1,foraging,1,0.375,1.5978671611851003,1.3333333333333333,1.3333333333333333,0.0,0.0,0.0,3.033333333333333,0.0,0.0
foraging-pair-0072257-stay_x,foraging-pair-0072257-stay_x:0,foraging,0,1.875,1.4005732363824406,0.0,2.0,2.0,0.0,0.0,0.0,0.0,0.0
foraging-pair-0072257-stay_x,foraging-pair-0072257-stay_x:1,foraging,1,1.5,0.7385199621317193,0.6666666666666665,2.6666666666666665,2.0,0.0,4.0,0.6666666666666665,0.0,4.0
foraging-pair-0072257-stay_x,foraging-pair-0072257-stay_x:2,foraging,2,-0.625,0.8378279532693276,0.0,2.0,2.0,0.0,0.0,0.5666666666666665,0.0,3.4
foraging-pair-0072257-stay_x,foraging-pair-0072257-stay_x:3,foraging,3,-1.0,0.8962229644436361,-0.3999999999999999,1.6,2.0,0.0,0.0,0.08166666666666661,0.0,2.8899999999999997
foraging-pair-0072257-stay_y,foraging-pair-0072257-stay_y:0,foraging,0,1.5,1.4005732363824406,0.0,2.0,2.0,0.0,0.0,0.0,0.0,0.0
foraging-pair-0072257-stay_y,foraging-pair-0072257-stay_y:1,foraging,1,0.875,0.7385199621317193,0.6666666666666665,2.6666666666666665,2.0,0.0,4.0,0.6666666666666665,0.0,4.0
foraging-pair-0072257-stay_y,foraging-pair-0072257-stay_y:2,foraging,2,-0.625,0.8378279532693276,0.0,2.0,2.0,0.0,0.0,0.5666666666666665,0.0,3.4
foraging-pair-0072257-stay_y,foraging-pair-0072257-stay_y:3,foraging,3,-1.0,0.8962229644436361,-0.3999999999999999,1.6,2.0,0.0,0.0,0.08166666666666661,0.0,2.8899999999999997
foraging-pair-0072261-stay_x,foraging-pair-0072261-stay_x:0,foraging,0,2.375,1.1736916924496408,1.0,1.0,0.0,1.0,0.0,1.0,1.0,0.0
foraging-pair-0072261-stay_x,foraging-pair-0072261-stay_x:1,foraging,1,1.75,0.4951427499573273,1.6666666666666663,1.6666666666666663,0.0,1.0,3.0,2.516666666666666,1.85,3.0
foraging-pair-0072261-stay_x,foraging-pair-0072261-stay_x:2,foraging,2,0.75,0.5804294230895826,1.0,1.0,0.0,1.0,-1.0,3.139166666666666,2.5725,1.5499999999999998
foraging-pair-0072261-stay_y,foraging-pair-0072261-stay_y:0,foraging,0,2.0,1.1736916924496408,1.0,1.0,0.0,1.0,0.0,1.0,1.0,0.0
foraging-pair-0072261-stay_y,foraging-pair-0072261-stay_y:1,foraging,1,1.25,0.4951427499573273,1.6666666666666663,1.6666666666666663,0.0,1.0,3.0,2.516666666666666,1.85,3.0
foraging-pair-0072268-stay_x,foraging-pair-0072268-stay_x:0,foraging,0,1.875,1.4005732363824406,0.0,2.0,2.0,0.0,0.0,0.0,0.0,0.0
foraging-pair-0072268-stay_x,foraging-pair-0072268-stay_x:1,foraging,1,1.5,0.7385199621317193,0.6666666666666665,2.6666666666666665,2.0,0.0,4.0,0.6666666666666665,0.0,4.0
foraging-pair-0072268-stay_x,foraging-pair-0072268-stay_x:2,foraging,2,-0.625,0.8378279532693276,0.0,2.0,2.0,0.0,0.0,0.5666666666666665,0.0,3.4
foraging-pair-0072268-stay_x,foraging-pair-0072268-stay_x:3,foraging,3,-1.0,0.8962229644436361,-0.3999999999999999,1.6,2.0,0.0,0.0,0.08166666666666661,0.0,2.8899999999999997
foraging-pair-0072268-stay_y,foraging-pair-0072268-stay_y:0,foraging,0,1.5,1.4005732363824406,0.0,2.0,2.0,0.0,0.0,0.0,0.0,0.0
foraging-pair-0072298-stay_x,foraging-pair-0072298-stay_x:0,foraging,0,3.5,1.5306571428457327,2.0,2.0,0.0,0.0,0.0,2.0,0.0,0.0
foraging-pair-0072298-stay_x,foraging-pair-0072298-stay_x:1,foraging,1,0.75,1.5978671611851003,1.3333333333333333,1.3333333333333333,0.0,0.0,0.0,3.033333333333333,0.0,0.0
foraging-pair-0072298-stay_y,foraging-pair-0072298-stay_y:0,foraging,0,2.875,1.5306571428457327,2.0,2.0,0.0,0.0,0.0,2.0,0.0,0.0
foraging-pair-0072298-stay_y,foraging-pair-0072298-stay_y:1,foraging,1,0.375,1.5978671611851003,1.3333333333333333,1.3333333333333333,0.0,0.0,0.0,3.033333333333333,0.0,0.0
foraging-pair-0072310-stay_x,foraging-pair-0072310-stay_x:0,foraging,0,1.375,1.0436077859863486,-1.0,1.0,2.0,1.0,0.0,-1.0,1.0,0.0
foraging-pair-0072310-stay_x,foraging-pair-0072310-stay_x:1,foraging,1,-0.5,0.8731794950965276,-1.6666666666666667,0.3333333333333332,2.0,1.0,-1.0,-2.5166666666666666,1.85,-1.0
foraging-pair-0072310-stay_y,foraging-pair-0072310-stay_y:0,foraging,0,1.125,1.0436077859863486,-1.0,1.0,2.0,1.0,0.0,-1.0,1.0,0.0
foraging-pair-0072310-stay_y,foraging-pair-0072310-stay_y:1,foraging,1,-0.625,0.8731794950965276,-1.6666666666666667,0.3333333333333332,2.0,1.0,-1.0,-2.5166666666666666,1.85,-1.0
foraging-pair-0072313-stay_x,foraging-pair-0072313-stay_x:0,foraging,0,1.875,1.4005732363824406,0.0,2.0,2.0,0.0,0.0,0.0,0.0,0.0
foraging-pair-0072313-stay_y,foraging-pair-0072313-stay_y:0,foraging,0,1.5,1.4005732363824406,0.0,2.0,2.0,0.0,0.0,0.0,0.0,0.0
foraging-pair-0072314-stay_x,foraging-pair-0072314-stay_x:0,foraging,0,1.375,1.0436077859863486,-1.0,1.0,2.0,1.0,0.0,-1.0,1.0,0.0
foraging-pair-0072314-stay_x,foraging-pair-0072314-stay_x:1,foraging,1,1.375,0.2544875230002369,-0.3333333333333335,1.6666666666666663,2.0,1.0,3.0,-1.1833333333333336,1.85,3.0
foraging-pair-0072314-stay_x,foraging-pair-0072314-stay_x:2,foraging,2,0.5,0.24578857371276353,-1.0,1.0,2.0,1.0,-1.0,-2.0058333333333334,2.5725,1.5499999999999998
foraging-pair-0072314-stay_y,foraging-pair-0072314-stay_y:0,foraging,0,1.125,1.0436077859863486,-1.0,1.0,2.0,1.0,0.0,-1.0,1.0,0.0
foraging-pair-0072314-stay_y,foraging-pair-0072314-stay_y:1,foraging,1,1.25,0.2544875230002369,-0.3333333333333335,1.6666666666666663,2.0,1.0,3.0,-1.1833333333333336,1.85,3.0
foraging-pair-0072314-stay_y,foraging-pair-0072314-stay_y:2,foraging,2,0.75,0.24578857371276353,-1.0,1.0,2.0,1.0,-1.0,-2.0058333333333334,2.5725,1.5499999999999998
foraging-pair-0072317-stay_x,foraging-pair-0072317-stay_x:0,foraging,0,1.375,1.0436077859863486,-1.0,1.0,2.0,1.0,0.0,-1.0,1.0,0.0
foraging-pair-0072317-stay_y,foraging-pair-0072317-stay_y:0,foraging,0,1.125,1.0436077859863486,-1.0,1.0,2.0,1.0,0.0,-1.0,1.0,0.0
foraging-pair-0072321-stay_x,foraging-pair-0072321-stay_x:0,foraging,0,1.375,1.0436077859863486,-1.0,1.0,2.0,1.0,0.0,-1.0,1.0,0.0
foraging-pair-0072321-stay_x,foraging-pair-0072321-stay_x:1,foraging,1,1.375,0.2544875230002369,-0.3333333333333335,1.6666666666666663,2.0,1.0,3.0,-1.1833333333333336,1.85,3.0
foraging-pair-0072321-stay_x,foraging-pair-0072321-stay_x:2,foraging,2,0.5,0.24578857371276353,-1.0,1.0,2.0,1.0,-1.0,-2.0058333333333334,2.5725,1.5499999999999998
foraging-pair-0072321-stay_x,foraging-pair-0072321-stay_x:3,foraging,3,-0.375,0.21237768552575254,-1.4,0.6000000000000001,2.0,1.0,-1.0,-3.1049583333333333,3.186625,0.3174999999999999
foraging-pair-0072321-stay_x,foraging-pair-0072321-stay_x:4,foraging,4,0.25,-0.4954193645457001,-1.0,1.0,2.0,1.0,3.0,-3.639214583333333,3.70863125,3.269875
foraging-pair-0072321-stay_x,foraging-pair-0072321-stay_x:5,foraging,5,-0.5,-1.0784634418973933,-0.7142857142857144,1.2857142857142856,2.0,1.0,3.0,-3.8076181101190474,4.1523365625,5.77939375
foraging-pair-0072321-stay_y,foraging-pair-0072321-stay_y:0,foraging,0,1.125,1.0436077859863486,-1.0,1.0,2.0,1.0,0.0,-1.0,1.0,0.0
foraging-pair-0072321-stay_y,foraging-pair-0072321-stay_y:1,foraging,1,1.25,0.2544875230002369,-0.3333333333333335,1.6666666666666663,2.0,1.0,3.0,-1.1833333333333336,1.85,3.0
foraging-pair-0072323-stay_x,foraging-pair-0072323-stay_x:0,foraging,0,1.375,1.0436077859863486,-1.0,1.0,2.0,1.0,0.0,-1.0,1.0,0.0
foraging-pair-0072323-stay_x,foraging-pair-0072323-stay_x:1,foraging,1,1.375,0.2544875230002369,-0.3333333333333335,1.6666666666666663,2.0,1.0,3.0,-1.1833333333333336,1.85,3.0
foraging-pair-0072323-stay_x,foraging-pair-0072323-stay_x:2,foraging,2,0.5,0.24578857371276353,-1.0,1.0,2.0,1.0,-1.0,-2.0058333333333334,2.5725,1.5499999999999998
foraging-pair-0072323-stay_x,foraging-pair-0072323-stay_x:3,foraging,3,-0.375,0.21237768552575254,-1.4,0.6000000000000001,2.0,1.0,-1.0,-3.1049583333333333,3.186625,0.3174999999999999
foraging-pair-0072323-stay_y,foraging-pair-0072323-stay_y:0,foraging,0,1.125,1.0436077859863486,-1.0,1.0,2.0,1.0,0.0,-1.0,1.0,0.0
foraging-pair-0072331-stay_x,foraging-pair-0072331-stay_x:0,foraging,0,1.875,1.4005732363824406,0.0,2.0,2.0,0.0,0.0,0.0,0.0,0.0
foraging-pair-0072331-stay_x,foraging-pair-0072331-stay_x:1,foraging,1,1.5,0.7385199621317193,0.6666666666666665,2.6666666666666665,2.0,0.0,4.0,0.6666666666666665,0.0,4.0
foraging-pair-0072331-stay_x,foraging-pair-0072331-stay_x:2,foraging,2,-0.625,0.8378279532693276,0.0,2.0,2.0,0.0,0.0,0.5666666666666665,0.0,3.4
foraging-pair-0072331-stay_x,foraging-pair-0072331-stay_x:3,foraging,3,-1.0,0.8962229644436361,-0.3999999999999999,1.6,2.0,0.0,0.0,0.08166666666666661,0.0,2.8899999999999997
foraging-pair-0072331-stay_x,foraging-pair-0072331-stay_x:4,foraging,4,-1.125,0.9285142030800261,-0.6666666666666667,1.3333333333333333,2.0,0.0,0.0,-0.5972500000000002,0.0,2.4564999999999997
foraging-pair-0072331-stay_y,foraging-pair-0072331-stay_y:0,foraging,0,1.5,1.4005732363824406,0.0,2.0,2.0,0.0,0.0,0.0,0.0,0.0
foraging-pair-0072331-stay_y,foraging-pair-0072331-stay_y:1,foraging,1,0.875,0.7385199621317193,0.6666666666666665,2.6666666666666665,2.0,0.0,4.0,0.6666666666666665,0.0,4.0
foraging-pair-0072331-stay_y,foraging-pair-0072331-stay_y:2,foraging,2,-0.625,0.8378279532693276,0.0,2.0,2.0,0.0,0.0,0.5666666666666665,0.0,3.4
foraging-pair-0072331-stay_y,foraging-pair-0072331-stay_y:3,foraging,3,-1.0,0.8962229644436361,-0.3999999999999999,1.6,2.0,0.0,0.0,0.08166666666666661,0.0,2.8899999999999997
foraging-pair-0072331-stay_y,foraging-pair-0072331-stay_y:4,foraging,4,-1.25,0.9285142030800261,-0.6666666666666667,1.3333333333333333,2.0,0.0,0.0,-0.5972500000000002,0.0,2.4564999999999997
foraging-pair-0072336-stay_x,foraging-pair-0072336-stay_x:0,foraging,0,1.875,1.4005732363824406,0.0,2.0,2.0,0.0,0.0,0.0,0.0,0.0
foraging-pair-0072336-stay_x,foraging-pair-0072336-stay_x:1,foraging,1,1.5,0.7385199621317193,0.6666666666666665,2.6666666666666665,2.0,0.0,4.0,0.6666666666666665,0.0,4.0
foraging-pair-0072336-stay_x,foraging-pair-0072336-stay_x:2,foraging,2,-0.75,0.1974553300958215,1.0,3.0,2.0,0.0,4.0,1.5666666666666664,0.0,7.4
foraging-pair-0072336-stay_x,foraging-pair-0072336-stay_x:3,foraging,3,-0.125,-0.24944121648836215,1.2000000000000002,3.2,2.0,0.0,4.0,2.5316666666666663,0.0,10.29
foraging-pair-0072336-stay_x,foraging-pair-0072336-stay_x:4,foraging,4,-0.625,0.04142225359668905,0.6666666666666665,2.6666666666666665,2.0,0.0,0.0,2.8185833333333328,0.0,8.7465
foraging-pair-0072336-stay_y,foraging-pair-0072336-stay_y:0,foraging,0,1.5,1.4005732363824406,0.0,2.0,2.0,0.0,0.0,0.0,0.0,0.0
foraging-pair-0072336-stay_y,foraging-pair-0072336-stay_y:1,foraging,1,0.875,0.7385199621317193,0.6666666666666665,2.6666666666666665,2.0,0.0,4.0,0.6666666666666665,0.0,4.0
foraging-pair-0072336-stay_y,foraging-pair-0072336-stay_y:2,foraging,2,-0.875,0.1974553300958215,1.0,3.0,2.0,0.0,4.0,1.5666666666666664,0.0,7.4
foraging-pair-0072336-stay_y,foraging-pair-0072336-stay_y:3,foraging,3,0.0,-0.24944121648836215,1.2000000000000002,3.2,2.0,0.0,4.0,2.5316666666666663,0.0,10.29
foraging-pair-0072336-stay_y,foraging-pair-0072336-stay_y:4,foraging,4,-0.25,0.04142225359668905,0.6666666666666665,2.6666666666666665,2.0,0.0,0.0,2.8185833333333328,0.0,8.7465
foraging-pair-0072356-stay_x,foraging-pair-0072356-stay_x:0,foraging,0,3.5,1.5306571428457327,2.0,2.0,0.0,0.0,0.0,2.0,0.0,0.0
foraging-pair-0072356-stay_x,foraging-pair-0072356-stay_x:1,foraging,1,1.5,0.9791751890888098,2.6666666666666665,2.6666666666666665,0.0,0.0,4.0,4.366666666666666,0.0,4.0
foraging-pair-0072356-stay_x,foraging-pair-0072356-stay_x:2,foraging,2,-0.25,0.5320961794726404,3.0,3.0,0.0,0.0,4.0,6.711666666666666,0.0,7.4
foraging-pair-0072356-stay_y,foraging-pair-0072356-stay_y:0,foraging,0,2.875,1.5306571428457327,2.0,2.0,0.0,0.0,0.0,2.0,0.0,0.0
foraging-pair-0072356-stay_y,foraging-pair-0072356-stay_y:1,foraging,1,1.25,0.9791751890888098,2.6666666666666665,2.6666666666666665,0.0,0.0,4.0,4.366666666666666,0.0,4.0
foraging-pair-0072356-stay_y,foraging-pair-0072356-stay_y:2,foraging,2,-0.375,0.5320961794726404,3.0,3.0,0.0,0.0,4.0,6.711666666666666,0.0,7.4
foraging-pair-0072362-stay_x,foraging-pair-0072362-stay_x:0,foraging,0,1.375,1.0436077859863486,-1.0,1.0,2.0,1.0,0.0,-1.0,1.0,0.0
foraging-pair-0072362-stay_x,foraging-pair-0072362-stay_x:1,foraging,1,-0.5,0.8731794950965276,-1.6666666666666667,0.3333333333333332,2.0,1.0,-1.0,-2.5166666666666666,1.85,-1.0
foraging-pair-0072362-stay_x,foraging-pair-0072362-stay_x:2,foraging,2,-1.125,0.7066347967629644,-2.0,0.0,2.0,1.0,-1.0,-4.139166666666666,2.5725,-1.85
foraging-pair-0072362-stay_y,foraging-pair-0072362-stay_y:0,foraging,0,1.125,1.0436077859863486,-1.0,1.0,2.0,1.0,0.0,-1.0,1.0,0.0
foraging-pair-0072362-stay_y,foraging-pair-0072362-stay_y:1,foraging,1,-0.625,0.8731794950965276,-1.6666666666666667,0.3333333333333332,2.0,1.0,-1.0,-2.5166666666666666,1.85,-1.0
foraging-pair-0072362-stay_y,foraging-pair-0072362-stay_y:2,foraging,2,-1.625,0.7066347967629644,-2.0,0.0,2.0,1.0,-1.0,-4.139166666666666,2.5725,-1.85
foraging-pair-0072370-stay_x,foraging-pair-0072370-stay_x:0,foraging,0,3.5,1.5306571428457327,2.0,2.0,0.0,0.0,0.0,2.0,0.0,0.0
foraging-pair-0072370-stay_x,foraging-pair-0072370-stay_x:1,foraging,1,0.75,1.5978671611851003,1.3333333333333333,1.3333333333333333,0.0,0.0,0.0,3.033333333333333,0.0,0.0
foraging-pair-0072370-stay_x,foraging-pair-0072370-stay_x:2,foraging,2,-1.125,1.6333150256963473,1.0,1.0,0.0,0.0,0.0,3.578333333333333,0.0,0.0
foraging-pair-0072370-stay_y,foraging-pair-0072370-stay_y:0,foraging,0,2.875,1.5306571428457327,2.0,2.0,0.0,0.0,0.0,2.0,0.0,0.0
foraging-pair-0072370-stay_y,foraging-pair-0072370-stay_y:1,foraging,1,0.375,1.5978671611851003,1.3333333333333333,1.3333333333333333,0.0,0.0,0.0,3.033333333333333,0.0,0.0
foraging-pair-0072370-stay_y,foraging-pair-0072370-stay_y:2,foraging,2,-1.5,1.6333150256963473,1.0,1.0,0.0,0.0,0.0,3.578333333333333,0.0,0.0
foraging-pair-0072371-stay_x,foraging-pair-0072371-stay_x:0,foraging,0,1.375,1.0436077859863486,-1.0,1.0,2.0,1.0,0.0,-1.0,1.0,0.0
foraging-pair-0072371-stay_x,foraging-pair-0072371-stay_x:1,foraging,1,-0.5,0.8731794950965276,-1.6666666666666667,0.3333333333333332,2.0,1.0,-1.0,-2.5166666666666666,1.85,-1.0
foraging-pair-0072371-stay_y,foraging-pair-0072371-stay_y:0,foraging,0,1.125,1.0436077859863486,-1.0,1.0,2.0,1.0,0.0,-1.0,1.0,0.0
foraging-pair-0072371-stay_y,foraging-pair-0072371-stay_y:1,foraging,1,-0.625,0.8731794950965276,-1.6666666666666667,0.3333333333333332,2.0,1.0,-1.0,-2.5166666666666666,1.85,-1.0
foraging-pair-0072374-stay_x,foraging-pair-0072374-stay_x:0,foraging,0,3.5,1.5306571428457327,2.0,2.0,0.0,0.0,0.0,2.0,0.0,0.0
foraging-pair-0072374-stay_x,foraging-pair-0072374-stay_x:1,foraging,1,1.5,0.9791751890888098,2.6666666666666665,2.6666666666666665,0.0,0.0,4.0,4.366666666666666,0.0,4.0
foraging-pair-0072374-stay_x,foraging-pair-0072374-stay_x:2,foraging,2,-0.25,0.5320961794726404,3.0,3.0,0.0,0.0,4.0,6.711666666666666,0.0,7.4
foraging-pair-0072374-stay_x,foraging-pair-0072374-stay_x:3,foraging,3,-1.125,0.8184684257650612,2.4,2.4,0.0,0.0,0.0,8.104916666666666,0.0,6.29
foraging-pair-0072374-stay_y,foraging-pair-0072374-stay_y:0,foraging,0,2.875,1.5306571428457327,2.0,2.0,0.0,0.0,0.0,2.0,0.0,0.0
foraging-pair-0072374-stay_y,foraging-pair-0072374-stay_y:1,foraging,1,1.25,0.9791751890888098,2.6666666666666665,2.6666666666666665,0.0,0.0,4.0,4.366666666666666,0.0,4.0
foraging-pair-0072374-stay_y,foraging-pair-0072374-stay_y:2,foraging,2,-0.375,0.5320961794726404,3.0,3.0,0.0,0.0,4.0,6.711666666666666,0.0,7.4
foraging-pair-0072374-stay_y,foraging-pair-0072374-stay_y:3,foraging,3,-0.5,0.8184684257650612,2.4,2.4,0.0,0.0,0.0,8.104916666666666,0.0,6.29
foraging-pair-0072379-stay_x,foraging-pair-0072379-stay_x:0,foraging,0,1.875,1.4005732363824406,0.0,2.0,2.0,0.0,0.0,0.0,0.0,0.0
foraging-pair-0072379-stay_x,foraging-pair-0072379-stay_x:1,foraging,1,1.5,0.7385199621317193,0.6666666666666665,2.6666666666666665,2.0,0.0,4.0,0.6666666666666665,0.0,4.0
foraging-pair-0072379-stay_x,foraging-pair-0072379-stay_x:2,foraging,2,-0.75,0.1974553300958215,1.0,3.0,2.0,0.0,4.0,1.5666666666666664,0.0,7.4
foraging-pair-0072379-stay_x,foraging-pair-0072379-stay_x:3,foraging,3,-0.125,-0.24944121648836215,1.2000000000000002,3.2,2.0,0.0,4.0,2.5316666666666663,0.0,10.29
foraging-pair-0072379-stay_x,foraging-pair-0072379-stay_x:4,foraging,4,-0.625,0.04142225359668905,0.6666666666666665,2.6666666666666665,2.0,0.0,0.0,2.8185833333333328,0.0,8.7465
foraging-pair-0072379-stay_y,foraging-pair-0072379-stay_y:0,foraging,0,1.5,1.4005732363824406,0.0,2.0,2.0,0.0,0.0,0.0,0.0,0.0
foraging-pair-0072379-stay_y,foraging-pair-0072379-stay_y:1,foraging,1,0.875,0.7385199621317193,0.6666666666666665,2.6666666666666665,2.0,0.0,4.0,0.6666666666666665,0.0,4.0
foraging-pair-0072379-stay_y,foraging-pair-0072379-stay_y:2,foraging,2,-0.875,0.1974553300958215,1.0,3.0,2.0,0.0,4.0,1.5666666666666664,0.0,7.4
foraging-pair-0072379-stay_y,foraging-pair-0072379-stay_y:3,foraging,3,0.0,-0.24944121648836215,1.2000000000000002,3.2,2.0,0.0,4.0,2.5316666666666663,0.0,10.29
foraging-pair-0072379-stay_y,foraging-pair-0072379-stay_y:4,foraging,4,-0.25,0.04142225359668905,0.6666666666666665,2.6666666666666665,2.0,0.0,0.0,2.8185833333333328,0.0,8.7465
foraging-pair-0072384-stay_x,foraging-pair-0072384-stay_x:0,foraging,0,1.875,1.4005732363824406,0.0,2.0,2.0,0.0,0.0,0.0,0.0,0.0
foraging-pair-0072384-stay_x,foraging-pair-0072384-stay_x:1,foraging,1,0.375,1.35721193422801,-0.6666666666666667,1.3333333333333333,2.0,0.0,0.0,-0.6666666666666667,0.0,0.0
foraging-pair-0072384-stay_x,foraging-pair-0072384-stay_x:2,foraging,2,-0.875,1.2986741763195284,-1.0,1.0,2.0,0.0,0.0,-1.5666666666666669,0.0,0.0
foraging-pair-0072384-stay_x,foraging-pair-0072384-stay_x:3,foraging,3,0.0,0.582527677631155,-0.3999999999999999,1.6,2.0,0.0,4.0,-1.7316666666666667,0.0,4.0
foraging-pair-0072384-stay_x,foraging-pair-0072384-stay_x:4,foraging,4,-0.125,-0.0001800649613041827,0.0,2.0,2.0,0.0,4.0,-1.4719166666666665,0.0,7.4
foraging-pair-0072384-stay_y,foraging-pair-0072384-stay_y:0,foraging,0,1.5,1.4005732363824406,0.0,2.0,2.0,0.0,0.0,0.0,0.0,0.0
foraging-pair-0072384-stay_y,foraging-pair-0072384-stay_y:1,foraging,1,-0.375,1.35721193422801,-0.6666666666666667,1.3333333333333333,2.0,0.0,0.0,-0.6666666666666667,0.0,0.0
foraging-pair-0072389-stay_x,foraging-pair-0072389-stay_x:0,foraging,0,1.375,1.0436077859863486,-1.0,1.0,2.0,1.0,0.0,-1.0,1.0,0.0
foraging-pair-0072389-stay_x,foraging-pair-0072389-stay_x:1,foraging,1,-0.5,0.8731794950965276,-1.6666666666666667,0.3333333333333332,2.0,1.0,-1.0,-2.5166666666666666,1.85,-1.0
foraging-pair-0072389-stay_y,foraging-pair-0072389-stay_y:0,foraging,0,1.125,1.0436077859863486,-1.0,1.0,2.0,1.0,0.0,-1.0,1.0,0.0
foraging-pair-0072389-stay_y,foraging-pair-0072389-stay_y:1,foraging,1,-0.625,0.8731794950965276,-1.6666666666666667,0.3333333333333332,2.0,1.0,-1.0,-2.5166666666666666,1.85,-1.0
foraging-pair-0072391-stay_x,foraging-pair-0072391-stay_x:0,foraging,0,2.375,1.1736916924496408,1.0,1.0,0.0,1.0,0.0,1.0,1.0,0.0
foraging-pair-0072391-stay_x,foraging-pair-0072391-stay_x:1,foraging,1,-0.375,1.113834722053618,0.3333333333333332,0.3333333333333332,0.0,1.0,-1.0,1.1833333333333331,1.85,-1.0
foraging-pair-0072391-stay_x,foraging-pair-0072391-stay_x:2,foraging,2,0.5,0.4009030229662775,1.0,1.0,0.0,1.0,3.0,2.0058333333333334,2.5725,2.15
foraging-pair-0072391-stay_y,foraging-pair-0072391-stay_y:0,foraging,0,2.0,1.1736916924496408,1.0,1.0,0.0,1.0,0.0,1.0,1.0,0.0
foraging-pair-0072391-stay_y,foraging-pair-0072391-stay_y:1,foraging,1,-0.875,1.113834722053618,0.3333333333333332,0.3333333333333332,0.0,1.0,-1.0,1.1833333333333331,1.85,-1.0
foraging-pair-0072393-stay_x,foraging-pair-0072393-stay_x:0,foraging,0,1.375,1.0436077859863486,-1.0,1.0,2.0,1.0,0.0,-1.0,1.0,0.0
foraging-pair-0072393-stay_x,foraging-pair-0072393-stay_x:1,foraging,1,1.375,0.2544875230002369,-0.3333333333333335,1.6666666666666663,2.0,1.0,3.0,-1.1833333333333336,1.85,3.0
foraging-pair-0072393-stay_y,foraging-pair-0072393-stay_y:0,foraging,0,1.125,1.0436077859863486,-1.0,1.0,2.0,1.0,0.0,-1.0,1.0,0.0
foraging-pair-0072393-stay_y,foraging-pair-0072393-stay_y:1,foraging,1,1.25,0.2544875230002369,-0.3333333333333335,1.6666666666666663,2.0,1.0,3.0,-1.1833333333333336,1.85,3.0
foraging-pair-0072394-stay_x,foraging-pair-0072394-stay_x:0,foraging,0,3.5,1.5306571428457327,2.0,2.0,0.0,0.0,0.0,2.0,0.0,0.0
foraging-pair-0072394-stay_x,foraging-pair-0072394-stay_x:1,foraging,1,0.75,1.5978671611851003,1.3333333333333333,1.3333333333333333,0.0,0.0,0.0,3.033333333333333,0.0,0.0
foraging-pair-0072394-stay_y,foraging-pair-0072394-stay_y:0,foraging,0,2.875,1.5306571428457327,2.0,2.0,0.0,0.0,0.0,2.0,0.0,0.0
foraging-pair-0072394-stay_y,foraging-pair-0072394-stay_y:1,foraging,1,0.375,1.5978671611851003,1.3333333333333333,1.3333333333333333,0.0,0.0,0.0,3.033333333333333,0.0,0.0
foraging-pair-0072404-stay_x,foraging-pair-0072404-stay_x:0,foraging,0,3.5,1.5306571428457327,2.0,2.0,0.0,0.0,0.0,2.0,0.0,0.0
foraging-pair-0072404-stay_x,foraging-pair-0072404-stay_x:1,foraging,1,1.5,0.9791751890888098,2.6666666666666665,2.6666666666666665,0.0,0.0,4.0,4.366666666666666,0.0,4.0
foraging-pair-0072404-stay_x,foraging-pair-0072404-stay_x:2,foraging,2,-1.125,1.1724688026461465,2.0,2.0,0.0,0.0,0.0,5.711666666666666,0.0,3.4
foraging-pair-0072404-stay_x,foraging-pair-0072404-stay_x:3,foraging,3,-1.25,1.3107515928772244,1.6,1.6,0.0,0.0,0.0,6.454916666666666,0.0,2.8899999999999997
foraging-pair-0072404-stay_x,foraging-pair-0072404-stay_x:4,foraging,4,-1.25,1.410947443711868,1.3333333333333333,1.3333333333333333,0.0,0.0,0.0,6.820012499999999,0.0,2.4564999999999997
foraging-pair-0072404-stay_y,foraging-pair-0072404-stay_y:0,foraging,0,2.875,1.5306571428457327,2.0,2.0,0.0,0.0,0.0,2.0,0.0,0.0
foraging-pair-0072404-stay_y,foraging-pair-0072404-stay_y:1,foraging,1,1.25,0.9791751890888098,2.6666666666666665,2.6666666666666665,0.0,0.0,4.0,4.366666666666666,0.0,4.0
foraging-pair-0072404-stay_y,foraging-pair-0072404-stay_y:2,foraging,2,-0.875,1.1724688026461465,2.0,2.0,0.0,0.0,0.0,5.711666666666666,0.0,3.4
foraging-pair-0072404-stay_y,foraging-pair-0072404-stay_y:3,foraging,3,-1.0,1.3107515928772244,1.6,1.6,0.0,0.0,0.0,6.454916666666666,0.0,2.8899999999999997
foraging-pair-0072404-stay_y,foraging-pair-0072404-stay_y:4,foraging,4,-1.25,1.410947443711868,1.3333333333333333,1.3333333333333333,0.0,0.0,0.0,6.820012499999999,0.0,2.4564999999999997
solvability-pair-0072037-try_again_m,solvability-pair-0072037-try_again_m:0,solvability,0,-0.125,-0.6721222737999359,-2.5,-0.5,2.0,1.0,0.0,-2.5,1.0,0.0
solvability-pair-0072037-try_again_n,solvability-pair-0072037-try_again_n:0,solvability,0,-1.25,-0.6721222737999359,-2.5,-0.5,2.0,1.0,0.0,-2.5,1.0,0.0
solvability-pair-0072040-try_again_m,solvability-pair-0072040-try_again_m:0,solvability,0,3.25,0.5006302003927672,-0.25,-0.25,0.0,1.0,0.0,-0.25,1.0,0.0
solvability-pair-0072040-try_again_m,solvability-pair-0072040-try_again_m:1,solvability,1,7.75,1.2149434133892711,-0.1666666666666666,-0.1666666666666666,0.0,1.0,1.0,-0.1666666666666666,1.0,1.0
solvability-pair-0072040-try_again_m,solvability-pair-0072040-try_again_m:2,solvability,2,4.75,1.907538987974799,-0.125,-0.125,0.0,1.0,2.0,-0.125,1.0,2.0
solvability-pair-0072040-try_again_m,solvability-pair-0072040-try_again_m:3,solvability,3,3.75,2.5914475071959364,-0.0999999999999999,-0.0999999999999999,0.0,1.0,3.0,-0.0999999999999999,1.0,3.0
solvability-pair-0072040-try_again_m,solvability-pair-0072040-try_again_m:4,solvability,4,2.125,3.271012498734879,-0.0833333333333333,-0.0833333333333333,0.0,1.0,4.0,-0.0833333333333333,1.0,4.0
solvability-pair-0072040-try_again_n,solvability-pair-0072040-try_again_n:0,solvability,0,1.125,0.5006302003927672,-0.25,-0.25,0.0,1.0,0.0,-0.25,1.0,0.0
solvability-pair-0072040-try_again_n,solvability-pair-0072040-try_again_n:1,solvability,1,8.625,1.2149434133892711,-0.1666666666666666,-0.1666666666666666,0.0,1.0,1.0,-0.1666666666666666,1.0,1.0
solvability-pair-0072040-try_again_n,solvability-pair-0072040-try_again_n:2,solvability,2,6.0,1.907538987974799,-0.125,-0.125,0.0,1.0,2.0,-0.125,1.0,2.0
solvability-pair-0072040-try_again_n,solvability-pair-0072040-try_again_n:3,solvability,3,4.75,2.5914475071959364,-0.0999999999999999,-0.0999999999999999,0.0,1.0,3.0,-0.0999999999999999,1.0,3.0
solvability-pair-0072040-try_again_n,solvability-pair-0072040-try_again_n:4,solvability,4,2.625,3.271012498734879,-0.0833333333333333,-0.0833333333333333,0.0,1.0,4.0,-0.0833333333333333,1.0,4.0
solvability-pair-0072043-try_again_m,solvability-pair-0072043-try_again_m:0,solvability,0,0.0,0.48337011523801443,0.25,0.25,0.0,0.0,0.0,0.25,0.0,0.0
solvability-pair-0072043-try_again_m,solvability-pair-0072043-try_again_m:1,solvability,1,-3.625,0.4399348384160624,0.1666666666666666,0.1666666666666666,0.0,0.0,0.0,0.1666666666666666,0.0,0.0
solvability-pair-0072043-try_again_n,solvability-pair-0072043-try_again_n:0,solvability,0,-1.25,0.48337011523801443,0.25,0.25,0.0,0.0,0.0,0.25,0.0,0.0
solvability-pair-0072045-try_again_m,solvability-pair-0072045-try_again_m:0,solvability,0,-0.5,0.24001853946105522,-0.75,-0.75,0.0,1.0,0.0,-0.75,1.0,0.0
solvability-pair-0072045-try_again_n,solvability-pair-0072045-try_again_n:0,solvability,0,-1.25,0.24001853946105522,-0.75,-0.75,0.0,1.0,0.0,-0.75,1.0,0.0
solvability-pair-0072047-try_again_m,solvability-pair-0072047-try_again_m:0,solvability,0,2.75,-0.5418164433340802,-2.25,-0.25,2.0,1.0,0.0,-2.25,1.0,0.0
solvability-pair-0072047-try_again_m,solvability-pair-0072047-try_again_m:1,solvability,1,-2.5,-0.6721222737999359,-2.5,-0.5,2.0,1.0,0.0,-2.5,1.0,0.0
solvability-pair-0072047-try_again_n,solvability-pair-0072047-try_again_n:0,solvability,0,0.75,-0.5418164433340802,-2.25,-0.25,2.0,1.0,0.0,-2.25,1.0,0.0
solvability-pair-0072047-try_again_n,solvability-pair-0072047-try_again_n:1,solvability,1,-2.375,-0.6721222737999359,-2.5,-0.5,2.0,1.0,0.0,-2.5,1.0,0.0
solvability-pair-0072051-try_again_m,solvability-pair-0072051-try_again_m:0,solvability,0,-0.75,-0.8024281042657921,-2.75,-0.75,2.0,1.0,0.0,-2.75,1.0,0.0
solvability-pair-0072051-try_again_m,solvability-pair-0072051-try_again_m:1,solvability,1,-3.25,-0.8458633810877438,-2.8333333333333335,-0.8333333333333334,2.0,1.0,0.0,-2.8333333333333335,1.0,0.0
solvability-pair-0072051-try_again_n,solvability-pair-0072051-try_again_n:0,solvability,0,-1.5,-0.8024281042657921,-2.75,-0.75,2.0,1.0,0.0,-2.75,1.0,0.0
solvability-pair-0072055-try_again_m,solvability-pair-0072055-try_again_m:0,solvability,0,0.0,0.48337011523801443,0.25,0.25,0.0,0.0,0.0,0.25,0.0,0.0
solvability-pair-0072055-try_again_n,solvability-pair-0072055-try_again_n:0,solvability,0,-1.25,0.48337011523801443,0.25,0.25,0.0,0.0,0.0,0.25,0.0,0.0
solvability-pair-0072059-try_again_m,solvability-pair-0072059-try_again_m:0,solvability,0,2.75,-0.5418164433340802,-2.25,-0.25,2.0,1.0,0.0,-2.25,1.0,0.0
solvability-pair-0072059-try_again_m,solvability-pair-0072059-try_again_m:1,solvability,1,7.375,0.172496769662424,-2.1666666666666665,-0.1666666666666666,2.0,1.0,1.0,-2.1666666666666665,1.0,1.0
solvability-pair-0072059-try_again_m,solvability-pair-0072059-try_again_m:2,solvability,2,3.75,0.8650923442479517,-2.125,-0.125,2.0,1.0,2.0,-2.125,1.0,2.0
solvability-pair-0072059-try_again_m,solvability-pair-0072059-try_again_m:3,solvability,3,2.75,1.549000863469089,-2.1,-0.0999999999999999,2.0,1.0,3.0,-2.1,1.0,3.0
solvability-pair-0072059-try_again_m,solvability-pair-0072059-try_again_m:4,solvability,4,1.625,2.2285658550080316,-2.0833333333333335,-0.0833333333333333,2.0,1.0,4.0,-2.0833333333333335,1.0,4.0
solvability-pair-0072059-try_again_m,solvability-pair-0072059-try_again_m:5,solvability,5,0.875,2.905648830728577,-2.071428571428571,-0.0714285714285714,2.0,1.0,5.0,-2.071428571428571,1.0,5.0
solvability-pair-0072059-try_again_m,solvability-pair-0072059-try_again_m:6,solvability,6,0.75,3.5811805465626234,-2.0625,-0.0625,2.0,1.0,6.0,-2.0625,1.0,6.0
solvability-pair-0072059-try_again_m,solvability-pair-0072059-try_again_m:7,solvability,7,-3.0,3.5268864505351836,-2.1666666666666665,-0.1666666666666666,2.0,1.0,6.0,-2.1666666666666665,1.0,6.0
solvability-pair-0072059-try_again_n,solvability-pair-0072059-try_again_n:0,solvability,0,0.75,-0.5418164433340802,-2.25,-0.25,2.0,1.0,0.0,-2.25,1.0,0.0
solvability-pair-0072059-try_again_n,solvability-pair-0072059-try_again_n:1,solvability,1,7.75,0.172496769662424,-2.1666666666666665,-0.1666666666666666,2.0,1.0,1.0,-2.1666666666666665,1.0,1.0
solvability-pair-0072059-try_again_n,solvability-pair-0072059-try_again_n:2,solvability,2,5.0,0.8650923442479517,-2.125,-0.125,2.0,1.0,2.0,-2.125,1.0,2.0
solvability-pair-0072059-try_again_n,solvability-pair-0072059-try_again_n:3,solvability,3,3.875,1.549000863469089,-2.1,-0.0999999999999999,2.0,1.0,3.0,-2.1,1.0,3.0
solvability-pair-0072059-try_again_n,solvability-pair-0072059-try_again_n:4,solvability,4,1.875,2.2285658550080316,-2.0833333333333335,-0.0833333333333333,2.0,1.0,4.0,-2.0833333333333335,1.0,4.0
solvability-pair-0072059-try_again_n,solvability-pair-0072059-try_again_n:5,solvability,5,0.75,2.905648830728577,-2.071428571428571,-0.0714285714285714,2.0,1.0,5.0,-2.071428571428571,1.0,5.0
solvability-pair-0072059-try_again_n,solvability-pair-0072059-try_again_n:6,solvability,6,0.75,3.5811805465626234,-2.0625,-0.0625,2.0,1.0,6.0,-2.0625,1.0,6.0
solvability-pair-0072059-try_again_n,solvability-pair-0072059-try_again_n:7,solvability,7,-3.125,3.5268864505351836,-2.1666666666666665,-0.1666666666666666,2.0,1.0,6.0,-2.1666666666666665,1.0,6.0
solvability-pair-0072065-try_again_m,solvability-pair-0072065-try_again_m:0,solvability,0,0.5,-0.42877069802297685,-1.5,0.5,2.0,0.0,0.0,-1.5,0.0,0.0
solvability-pair-0072065-try_again_n,solvability-pair-0072065-try_again_n:0,solvability,0,-1.0,-0.42877069802297685,-1.5,0.5,2.0,0.0,0.0,-1.5,0.0,0.0
solvability-pair-0072068-try_again_m,solvability-pair-0072068-try_again_m:0,solvability,0,-0.375,-0.5590765284888328,-1.75,0.25,2.0,0.0,0.0,-1.75,0.0,0.0
solvability-pair-0072068-try_again_n,solvability-pair-0072068-try_again_n:0,solvability,0,-1.375,-0.5590765284888328,-1.75,0.25,2.0,0.0,0.0,-1.75,0.0,0.0
solvability-pair-0072069-try_again_m,solvability-pair-0072069-try_again_m:0,solvability,0,-0.5,0.24001853946105522,-0.75,-0.75,0.0,1.0,0.0,-0.75,1.0,0.0
solvability-pair-0072069-try_again_n,solvability-pair-0072069-try_again_n:0,solvability,0,-1.25,0.24001853946105522,-0.75,-0.75,0.0,1.0,0.0,-0.75,1.0,0.0
solvability-pair-0072082-try_again_m,solvability-pair-0072082-try_again_m:0,solvability,0,4.125,0.7439817761697263,0.75,0.75,0.0,0.0,0.0,0.75,0.0,0.0
solvability-pair-0072082-try_again_m,solvability-pair-0072082-try_again_m:1,solvability,1,8.5,1.45829498916623,0.8333333333333334,0.8333333333333334,0.0,0.0,1.0,0.8333333333333334,0.0,1.0
solvability-pair-0072082-try_again_m,solvability-pair-0072082-try_again_m:2,solvability,2,1.625,1.3497067971113503,0.625,0.625,0.0,0.0,1.0,0.625,0.0,1.0
solvability-pair-0072082-try_again_n,solvability-pair-0072082-try_again_n:0,solvability,0,1.5,0.7439817761697263,0.75,0.75,0.0,0.0,0.0,0.75,0.0,0.0
solvability-pair-0072082-try_again_n,solvability-pair-0072082-try_again_n:1,solvability,1,9.5,1.45829498916623,0.8333333333333334,0.8333333333333334,0.0,0.0,1.0,0.8333333333333334,0.0,1.0
solvability-pair-0072082-try_again_n,solvability-pair-0072082-try_again_n:2,solvability,2,3.0,1.3497067971113503,0.625,0.625,0.0,0.0,1.0,0.625,0.0,1.0
solvability-pair-0072082-try_again_n,solvability-pair-0072082-try_again_n:3,solvability,3,5.625,2.059676482425659,0.7,0.7,0.0,0.0,2.0,0.7,0.0,2.0
solvability-pair-0072082-try_again_n,solvability-pair-0072082-try_again_n:4,solvability,4,4.125,2.756615584693382,0.75,0.75,0.0,0.0,3.0,0.75,0.0,3.0
solvability-pair-0072082-try_again_n,solvability-pair-0072082-try_again_n:5,solvability,5,1.875,3.4461086395059133,0.7857142857142857,0.7857142857142857,0.0,0.0,4.0,0.7857142857142857,0.0,4.0
solvability-pair-0072088-try_again_m,solvability-pair-0072088-try_again_m:0,solvability,0,3.25,0.5006302003927672,-0.25,-0.25,0.0,1.0,0.0,-0.25,1.0,0.0
solvability-pair-0072088-try_again_m,solvability-pair-0072088-try_again_m:1,solvability,1,7.75,1.2149434133892711,-0.1666666666666666,-0.1666666666666666,0.0,1.0,1.0,-0.1666666666666666,1.0,1.0
solvability-pair-0072088-try_again_m,solvability-pair-0072088-try_again_m:2,solvability,2,4.75,1.907538987974799,-0.125,-0.125,0.0,1.0,2.0,-0.125,1.0,2.0
solvability-pair-0072088-try_again_m,solvability-pair-0072088-try_again_m:3,solvability,3,3.75,2.5914475071959364,-0.0999999999999999,-0.0999999999999999,0.0,1.0,3.0,-0.0999999999999999,1.0,3.0
solvability-pair-0072088-try_again_m,solvability-pair-0072088-try_again_m:4,solvability,4,2.125,3.271012498734879,-0.0833333333333333,-0.0833333333333333,0.0,1.0,4.0,-0.0833333333333333,1.0,4.0
solvability-pair-0072088-try_again_m,solvability-pair-0072088-try_again_m:5,solvability,5,1.375,3.9480954744554237,-0.0714285714285714,-0.0714285714285714,0.0,1.0,5.0,-0.0714285714285714,1.0,5.0
solvability-pair-0072088-try_again_m,solvability-pair-0072088-try_again_m:6,solvability,6,1.5,4.62362719028947,-0.0625,-0.0625,0.0,1.0,6.0,-0.0625,1.0,6.0
solvability-pair-0072088-try_again_n,solvability-pair-0072088-try_again_n:0,solvability,0,1.125,0.5006302003927672,-0.25,-0.25,0.0,1.0,0.0,-0.25,1.0,0.0
solvability-pair-0072088-try_again_n,solvability-pair-0072088-try_again_n:1,solvability,1,8.625,1.2149434133892711,-0.1666666666666666,-0.1666666666666666,0.0,1.0,1.0,-0.1666666666666666,1.0,1.0
solvability-pair-0072088-try_again_n,solvability-pair-0072088-try_again_n:2,solvability,2,6.0,1.907538987974799,-0.125,-0.125,0.0,1.0,2.0,-0.125,1.0,2.0
solvability-pair-0072088-try_again_n,solvability-pair-0072088-try_again_n:3,solvability,3,4.75,2.5914475071959364,-0.0999999999999999,-0.0999999999999999,0.0,1.0,3.0,-0.0999999999999999,1.0,3.0
solvability-pair-0072088-try_again_n,solvability-pair-0072088-try_again_n:4,solvability,4,2.625,3.271012498734879,-0.0833333333333333,-0.0833333333333333,0.0,1.0,4.0,-0.0833333333333333,1.0,4.0
solvability-pair-0072088-try_again_n,solvability-pair-0072088-try_again_n:5,solvability,5,1.125,3.9480954744554237,-0.0714285714285714,-0.0714285714285714,0.0,1.0,5.0,-0.0714285714285714,1.0,5.0
solvability-pair-0072088-try_again_n,solvability-pair-0072088-try_again_n:6,solvability,6,1.25,4.62362719028947,-0.0625,-0.0625,0.0,1.0,6.0,-0.0625,1.0,6.0
solvability-pair-0072101-try_again_m,solvability-pair-0072101-try_again_m:0,solvability,0,0.5,-0.42877069802297685,-1.5,0.5,2.0,0.0,0.0,-1.5,0.0,0.0
solvability-pair-0072101-try_again_m,solvability-pair-0072101-try_again_m:1,solvability,1,6.25,0.3289777917954788,-1.3333333333333337,0.6666666666666666,2.0,0.0,1.0,-1.3333333333333337,0.0,1.0
solvability-pair-0072101-try_again_m,solvability-pair-0072101-try_again_m:2,solvability,2,0.5,0.24210723815157498,-1.5,0.5,2.0,0.0,1.0,-1.5,0.0,1.0
solvability-pair-0072101-try_again_m,solvability-pair-0072101-try_again_m:3,solvability,3,2.25,0.9651075065124692,-1.4,0.6,2.0,0.0,2.0,-1.4,0.0,2.0
solvability-pair-0072101-try_again_n,solvability-pair-0072101-try_again_n:0,solvability,0,-1.0,-0.42877069802297685,-1.5,0.5,2.0,0.0,0.0,-1.5,0.0,0.0
solvability-pair-0072136-try_again_m,solvability-pair-0072136-try_again_m:0,solvability,0,3.25,0.5006302003927672,-0.25,-0.25,0.0,1.0,0.0,-0.25,1.0,0.0
solvability-pair-0072136-try_again_m,solvability-pair-0072136-try_again_m:1,solvability,1,-2.75,0.3703243699269112,-0.5,-0.5,0.0,1.0,0.0,-0.5,1.0,0.0
solvability-pair-0072136-try_again_n,solvability-pair-0072136-try_again_n:0,solvability,0,1.125,0.5006302003927672,-0.25,-0.25,0.0,1.0,0.0,-0.25,1.0,0.0
solvability-pair-0072136-try_again_n,solvability-pair-0072136-try_again_n:1,solvability,1,-2.375,0.3703243699269112,-0.5,-0.5,0.0,1.0,0.0,-0.5,1.0,0.0
solvability-pair-0072137-try_again_m,solvability-pair-0072137-try_again_m:0,solvability,0,0.5,-0.42877069802297685,-1.5,0.5,2.0,0.0,0.0,-1.5,0.0,0.0
solvability-pair-0072137-try_again_m,solvability-pair-0072137-try_again_m:1,solvability,1,6.25,0.3289777917954788,-1.3333333333333337,0.6666666666666666,2.0,0.0,1.0,-1.3333333333333337,0.0,1.0
solvability-pair-0072137-try_again_m,solvability-pair-0072137-try_again_m:2,solvability,2,0.5,0.24210723815157498,-1.5,0.5,2.0,0.0,1.0,-1.5,0.0,1.0
solvability-pair-0072137-try_again_n,solvability-pair-0072137-try_again_n:0,solvability,0,-1.0,-0.42877069802297685,-1.5,0.5,2.0,0.0,0.0,-1.5,0.0,0.0
solvability-pair-0072139-try_again_m,solvability-pair-0072139-try_again_m:0,solvability,0,0.0,0.48337011523801443,0.25,0.25,0.0,0.0,0.0,0.25,0.0,0.0
solvability-pair-0072139-try_again_n,solvability-pair-0072139-try_again_n:0,solvability,0,-1.25,0.48337011523801443,0.25,0.25,0.0,0.0,0.0,0.25,0.0,0.0
solvability-pair-0072146-try_again_m,solvability-pair-0072146-try_again_m:0,solvability,0,0.25,0.3703243699269112,-0.5,-0.5,0.0,1.0,0.0,-0.5,1.0,0.0
solvability-pair-0072146-try_again_m,solvability-pair-0072146-try_again_m:1,solvability,1,-3.375,0.28345381628300725,-0.6666666666666667,-0.6666666666666667,0.0,1.0,0.0,-0.6666666666666667,1.0,0.0
solvability-pair-0072146-try_again_n,solvability-pair-0072146-try_again_n:0,solvability,0,-1.0,0.3703243699269112,-0.5,-0.5,0.0,1.0,0.0,-0.5,1.0,0.0
solvability-pair-0072158-try_again_m,solvability-pair-0072158-try_again_m:0,solvability,0,0.25,0.3703243699269112,-0.5,-0.5,0.0,1.0,0.0,-0.5,1.0,0.0
solvability-pair-0072158-try_again_n,solvability-pair-0072158-try_again_n:0,solvability,0,-1.0,0.3703243699269112,-0.5,-0.5,0.0,1.0,0.0,-0.5,1.0,0.0
solvability-pair-0072159-try_again_m,solvability-pair-0072159-try_again_m:0,solvability,0,-0.75,-0.8024281042657921,-2.75,-0.75,2.0,1.0,0.0,-2.75,1.0,0.0
solvability-pair-0072159-try_again_n,solvability-pair-0072159-try_again_n:0,solvability,0,-1.5,-0.8024281042657921,-2.75,-0.75,2.0,1.0,0.0,-2.75,1.0,0.0
solvability-pair-0072161-try_again_m,solvability-pair-0072161-try_again_m:0,solvability,0,0.5,-0.42877069802297685,-1.5,0.5,2.0,0.0,0.0,-1.5,0.0,0.0
solvability-pair-0072161-try_again_m,solvability-pair-0072161-try_again_m:1,solvability,1,6.25,0.3289777917954788,-1.3333333333333337,0.6666666666666666,2.0,0.0,1.0,-1.3333333333333337,0.0,1.0
solvability-pair-0072161-try_again_m,solvability-pair-0072161-try_again_m:2,solvability,2,2.875,1.0432910047919828,-1.25,0.75,2.0,0.0,2.0,-1.25,0.0,2.0
solvability-pair-0072161-try_again_m,solvability-pair-0072161-try_again_m:3,solvability,3,2.625,1.740230107059706,-1.2,0.8,2.0,0.0,3.0,-1.2,0.0,3.0
solvability-pair-0072161-try_again_m,solvability-pair-0072161-try_again_m:4,solvability,4,2.0,2.4284821539630386,-1.1666666666666663,0.8333333333333334,2.0,0.0,4.0,-1.1666666666666663,0.0,4.0
solvability-pair-0072161-try_again_m,solvability-pair-0072161-try_again_m:5,solvability,5,1.25,3.111770169229577,-1.1428571428571428,0.8571428571428571,2.0,0.0,5.0,-1.1428571428571428,0.0,5.0
solvability-pair-0072161-try_again_m,solvability-pair-0072161-try_again_m:6,solvability,6,-1.25,3.0559248133156385,-1.25,0.75,2.0,0.0,5.0,-1.25,0.0,5.0
solvability-pair-0072161-try_again_n,solvability-pair-0072161-try_again_n:0,solvability,0,-1.0,-0.42877069802297685,-1.5,0.5,2.0,0.0,0.0,-1.5,0.0,0.0
solvability-pair-0072162-try_again_m,solvability-pair-0072162-try_again_m:0,solvability,0,1.125,0.6136759457038703,0.5,0.5,0.0,0.0,0.0,0.5,0.0,0.0
solvability-pair-0072162-try_again_m,solvability-pair-0072162-try_again_m:1,solvability,1,6.875,1.3714244355223262,0.6666666666666666,0.6666666666666666,0.0,0.0,1.0,0.6666666666666666,0.0,1.0
solvability-pair-0072162-try_again_m,solvability-pair-0072162-try_again_m:2,solvability,2,3.375,2.08573764851883,0.75,0.75,0.0,0.0,2.0,0.75,0.0,2.0
solvability-pair-0072162-try_again_m,solvability-pair-0072162-try_again_m:3,solvability,3,3.25,2.7826767507865533,0.8,0.8,0.0,0.0,3.0,0.8,0.0,3.0
solvability-pair-0072162-try_again_m,solvability-pair-0072162-try_again_m:4,solvability,4,-0.125,2.71318030787143,0.6666666666666666,0.6666666666666666,0.0,0.0,3.0,0.6666666666666666,0.0,3.0
solvability-pair-0072162-try_again_m,solvability-pair-0072162-try_again_m:5,solvability,5,1.25,3.4088784022299543,0.7142857142857143,0.7142857142857143,0.0,0.0,4.0,0.7142857142857143,0.0,4.0
solvability-pair-0072162-try_again_n,solvability-pair-0072162-try_again_n:0,solvability,0,-0.625,0.6136759457038703,0.5,0.5,0.0,0.0,0.0,0.5,0.0,0.0
solvability-pair-0072163-try_again_m,solvability-pair-0072163-try_again_m:0,solvability,0,0.0,0.48337011523801443,0.25,0.25,0.0,0.0,0.0,0.25,0.0,0.0
solvability-pair-0072163-try_again_n,solvability-pair-0072163-try_again_n:0,solvability,0,-1.25,0.48337011523801443,0.25,0.25,0.0,0.0,0.0,0.25,0.0,0.0
solvability-pair-0072182-try_again_m,solvability-pair-0072182-try_again_m:0,solvability,0,0.25,0.3703243699269112,-0.5,-0.5,0.0,1.0,0.0,-0.5,1.0,0.0
solvability-pair-0072182-try_again_m,solvability-pair-0072182-try_again_m:1,solvability,1,6.125,1.128072859745367,-0.3333333333333333,-0.3333333333333333,0.0,1.0,1.0,-0.3333333333333333,1.0,1.0
solvability-pair-0072182-try_again_m,solvability-pair-0072182-try_again_m:2,solvability,2,2.875,1.842386072741871,-0.25,-0.25,0.0,1.0,2.0,-0.25,1.0,2.0
solvability-pair-0072182-try_again_m,solvability-pair-0072182-try_again_m:3,solvability,3,0.25,1.7642025744623575,-0.4,-0.4,0.0,1.0,2.0,-0.4,1.0,2.0
solvability-pair-0072182-try_again_n,solvability-pair-0072182-try_again_n:0,solvability,0,-1.0,0.3703243699269112,-0.5,-0.5,0.0,1.0,0.0,-0.5,1.0,0.0
solvability-pair-0072185-try_again_m,solvability-pair-0072185-try_again_m:0,solvability,0,0.5,-0.42877069802297685,-1.5,0.5,2.0,0.0,0.0,-1.5,0.0,0.0
solvability-pair-0072185-try_again_m,solvability-pair-0072185-try_again_m:1,solvability,1,-3.125,-0.5156412516668809,-1.6666666666666667,0.3333333333333333,2.0,0.0,0.0,-1.6666666666666667,0.0,0.0
solvability-pair-0072185-try_again_n,solvability-pair-0072185-try_again_n:0,solvability,0,-1.0,-0.42877069802297685,-1.5,0.5,2.0,0.0,0.0,-1.5,0.0,0.0
solvability-pair-0072185-try_again_n,solvability-pair-0072185-try_again_n:1,solvability,1,-3.5,-0.5156412516668809,-1.6666666666666667,0.3333333333333333,2.0,0.0,0.0,-1.6666666666666667,0.0,0.0
solvability-pair-0072191-try_again_m,solvability-pair-0072191-try_again_m:0,solvability,0,2.75,-0.5418164433340802,-2.25,-0.25,2.0,1.0,0.0,-2.25,1.0,0.0
solvability-pair-0072191-try_again_m,solvability-pair-0072191-try_again_m:1,solvability,1,7.375,0.172496769662424,-2.1666666666666665,-0.1666666666666666,2.0,1.0,1.0,-2.1666666666666665,1.0,1.0
solvability-pair-0072191-try_again_m,solvability-pair-0072191-try_again_m:2,solvability,2,0.625,0.06390857760754387,-2.375,-0.375,2.0,1.0,1.0,-2.375,1.0,1.0
solvability-pair-0072191-try_again_m,solvability-pair-0072191-try_again_m:3,solvability,3,2.5,0.7738782629218528,-2.3,-0.3,2.0,1.0,2.0,-2.3,1.0,2.0
solvability-pair-0072191-try_again_m,solvability-pair-0072191-try_again_m:4,solvability,4,-0.875,0.7130688753711201,-2.4166666666666665,-0.4166666666666666,2.0,1.0,2.0,-2.4166666666666665,1.0,2.0
solvability-pair-0072191-try_again_n,solvability-pair-0072191-try_again_n:0,solvability,0,0.75,-0.5418164433340802,-2.25,-0.25,2.0,1.0,0.0,-2.25,1.0,0.0
solvability-pair-0072191-try_again_n,solvability-pair-0072191-try_again_n:1,solvability,1,7.75,0.172496769662424,-2.1666666666666665,-0.1666666666666666,2.0,1.0,1.0,-2.1666666666666665,1.0,1.0
solvability-pair-0072191-try_again_n,solvability-pair-0072191-try_again_n:2,solvability,2,1.0,0.06390857760754387,-2.375,-0.375,2.0,1.0,1.0,-2.375,1.0,1.0
solvability-pair-0072191-try_again_n,solvability-pair-0072191-try_again_n:3,solvability,3,3.625,0.7738782629218528,-2.3,-0.3,2.0,1.0,2.0,-2.3,1.0,2.0
solvability-pair-0072191-try_again_n,solvability-pair-0072191-try_again_n:4,solvability,4,-0.125,0.7130688753711201,-2.4166666666666665,-0.4166666666666666,2.0,1.0,2.0,-2.4166666666666665,1.0,2.0
solvability-pair-0072191-try_again_n,solvability-pair-0072191-try_again_n:5,solvability,5,-0.875,0.6696335985491679,-2.5,-0.5,2.0,1.0,2.0,-2.5,1.0,2.0
solvability-pair-0072191-try_again_n,solvability-pair-0072191-try_again_n:6,solvability,6,0.875,1.3730879923401837,-2.4375,-0.4375,2.0,1.0,3.0,-2.4375,1.0,3.0
solvability-pair-0072191-try_again_n,solvability-pair-0072191-try_again_n:7,solvability,7,0.0,2.0693031733275413,-2.388888888888889,-0.3888888888888888,2.0,1.0,4.0,-2.388888888888889,1.0,4.0
solvability-pair-0072200-try_again_m,solvability-pair-0072200-try_again_m:0,solvability,0,-0.375,-0.5590765284888328,-1.75,0.25,2.0,0.0,0.0,-1.75,0.0,0.0
solvability-pair-0072200-try_again_n,solvability-pair-0072200-try_again_n:0,solvability,0,-1.375,-0.5590765284888328,-1.75,0.25,2.0,0.0,0.0,-1.75,0.0,0.0
solvability-pair-0072222-try_again_m,solvability-pair-0072222-try_again_m:0,solvability,0,1.125,0.6136759457038703,0.5,0.5,0.0,0.0,0.0,0.5,0.0,0.0
solvability-pair-0072222-try_again_m,solvability-pair-0072222-try_again_m:1,solvability,1,-3.25,0.5268053920599663,0.3333333333333333,0.3333333333333333,0.0,0.0,0.0,0.3333333333333333,0.0,0.0
solvability-pair-0072222-try_again_n,solvability-pair-0072222-try_again_n:0,solvability,0,-0.625,0.6136759457038703,0.5,0.5,0.0,0.0,0.0,0.5,0.0,0.0
solvability-pair-0072229-try_again_m,solvability-pair-0072229-try_again_m:0,solvability,0,-0.125,-0.6721222737999359,-2.5,-0.5,2.0,1.0,0.0,-2.5,1.0,0.0
solvability-pair-0072229-try_again_n,solvability-pair-0072229-try_again_n:0,solvability,0,-1.25,-0.6721222737999359,-2.5,-0.5,2.0,1.0,0.0,-2.5,1.0,0.0
solvability-pair-0072236-try_again_m,solvability-pair-0072236-try_again_m:0,solvability,0,-0.375,-0.5590765284888328,-1.75,0.25,2.0,0.0,0.0,-1.75,0.0,0.0
solvability-pair-0072236-try_again_n,solvability-pair-0072236-try_again_n:0,solvability,0,-1.375,-0.5590765284888328,-1.75,0.25,2.0,0.0,0.0,-1.75,0.0,0.0
solvability-pair-0072241-try_again_m,solvability-pair-0072241-try_again_m:0,solvability,0,-0.125,-0.6721222737999359,-2.5,-0.5,2.0,1.0,0.0,-2.5,1.0,0.0
solvability-pair-0072241-try_again_n,solvability-pair-0072241-try_again_n:0,solvability,0,-1.25,-0.6721222737999359,-2.5,-0.5,2.0,1.0,0.0,-2.5,1.0,0.0
solvability-pair-0072242-try_again_m,solvability-pair-0072242-try_again_m:0,solvability,0,0.25,0.3703243699269112,-0.5,-0.5,0.0,1.0,0.0,-0.5,1.0,0.0
solvability-pair-0072242-try_again_m,solvability-pair-0072242-try_again_m:1,solvability,1,-3.375,0.28345381628300725,-0.6666666666666667,-0.6666666666666667,0.0,1.0,0.0,-0.6666666666666667,1.0,0.0
solvability-pair-0072242-try_again_n,solvability-pair-0072242-try_again_n:0,solvability,0,-1.0,0.3703243699269112,-0.5,-0.5,0.0,1.0,0.0,-0.5,1.0,0.0
solvability-pair-0072251-try_again_m,solvability-pair-0072251-try_again_m:0,solvability,0,2.75,-0.5418164433340802,-2.25,-0.25,2.0,1.0,0.0,-2.25,1.0,0.0
solvability-pair-0072251-try_again_m,solvability-pair-0072251-try_again_m:1,solvability,1,7.375,0.172496769662424,-2.1666666666666665,-0.1666666666666666,2.0,1.0,1.0,-2.1666666666666665,1.0,1.0
solvability-pair-0072251-try_again_m,solvability-pair-0072251-try_again_m:2,solvability,2,0.625,0.06390857760754387,-2.375,-0.375,2.0,1.0,1.0,-2.375,1.0,1.0
solvability-pair-0072251-try_again_m,solvability-pair-0072251-try_again_m:3,solvability,3,-0.25,-0.0012443376253838956,-2.5,-0.5,2.0,1.0,1.0,-2.5,1.0,1.0
solvability-pair-0072251-try_again_m,solvability-pair-0072251-try_again_m:4,solvability,4,1.875,0.7130688753711201,-2.4166666666666665,-0.4166666666666666,2.0,1.0,2.0,-2.4166666666666665,1.0,2.0
solvability-pair-0072251-try_again_m,solvability-pair-0072251-try_again_m:5,solvability,5,0.375,1.4149720092756375,-2.357142857142857,-0.3571428571428571,2.0,1.0,3.0,-2.357142857142857,1.0,3.0
solvability-pair-0072251-try_again_m,solvability-pair-0072251-try_again_m:6,solvability,6,0.75,2.109118843747664,-2.3125,-0.3125,2.0,1.0,4.0,-2.3125,1.0,4.0
solvability-pair-0072251-try_again_n,solvability-pair-0072251-try_again_n:0,solvability,0,0.75,-0.5418164433340802,-2.25,-0.25,2.0,1.0,0.0,-2.25,1.0,0.0
solvability-pair-0072251-try_again_n,solvability-pair-0072251-try_again_n:1,solvability,1,7.75,0.172496769662424,-2.1666666666666665,-0.1666666666666666,2.0,1.0,1.0,-2.1666666666666665,1.0,1.0
solvability-pair-0072251-try_again_n,solvability-pair-0072251-try_again_n:2,solvability,2,1.0,0.06390857760754387,-2.375,-0.375,2.0,1.0,1.0,-2.375,1.0,1.0
solvability-pair-0072251-try_again_n,solvability-pair-0072251-try_again_n:3,solvability,3,0.125,-0.0012443376253838956,-2.5,-0.5,2.0,1.0,1.0,-2.5,1.0,1.0
solvability-pair-0072251-try_again_n,solvability-pair-0072251-try_again_n:4,solvability,4,2.875,0.7130688753711201,-2.4166666666666665,-0.4166666666666666,2.0,1.0,2.0,-2.4166666666666665,1.0,2.0
solvability-pair-0072251-try_again_n,solvability-pair-0072251-try_again_n:5,solvability,5,0.5,1.4149720092756375,-2.357142857142857,-0.3571428571428571,2.0,1.0,3.0,-2.357142857142857,1.0,3.0
solvability-pair-0072251-try_again_n,solvability-pair-0072251-try_again_n:6,solvability,6,0.5,2.109118843747664,-2.3125,-0.3125,2.0,1.0,4.0,-2.3125,1.0,4.0
solvability-pair-0072254-try_again_m,solvability-pair-0072254-try_again_m:0,solvability,0,0.25,0.3703243699269112,-0.5,-0.5,0.0,1.0,0.0,-0.5,1.0,0.0
solvability-pair-0072254-try_again_m,solvability-pair-0072254-try_again_m:1,solvability,1,6.125,1.128072859745367,-0.3333333333333333,-0.3333333333333333,0.0,1.0,1.0,-0.3333333333333333,1.0,1.0
solvability-pair-0072254-try_again_m,solvability-pair-0072254-try_again_m:2,solvability,2,0.25,1.0412023061014632,-0.5,-0.5,0.0,1.0,1.0,-0.5,1.0,1.0
solvability-pair-0072254-try_again_n,solvability-pair-0072254-try_again_n:0,solvability,0,-1.0,0.3703243699269112,-0.5,-0.5,0.0,1.0,0.0,-0.5,1.0,0.0
solvability-pair-0072255-try_again_m,solvability-pair-0072255-try_again_m:0,solvability,0,-0.75,-0.8024281042657921,-2.75,-0.75,2.0,1.0,0.0,-2.75,1.0,0.0
solvability-pair-0072255-try_again_n,solvability-pair-0072255-try_again_n:0,solvability,0,-1.5,-0.8024281042657921,-2.75,-0.75,2.0,1.0,0.0,-2.75,1.0,0.0
solvability-pair-0072257-try_again_m,solvability-pair-0072257-try_again_m:0,solvability,0,0.5,-0.42877069802297685,-1.5,0.5,2.0,0.0,0.0,-1.5,0.0,0.0
solvability-pair-0072257-try_again_m,solvability-pair-0072257-try_again_m:1,solvability,1,-3.125,-0.5156412516668809,-1.6666666666666667,0.3333333333333333,2.0,0.0,0.0,-1.6666666666666667,0.0,0.0
solvability-pair-0072257-try_again_n,solvability-pair-0072257-try_again_n:0,solvability,0,-1.0,-0.42877069802297685,-1.5,0.5,2.0,0.0,0.0,-1.5,0.0,0.0
solvability-pair-0072261-try_again_m,solvability-pair-0072261-try_again_m:0,solvability,0,-0.5,0.24001853946105522,-0.75,-0.75,0.0,1.0,0.0,-0.75,1.0,0.0
solvability-pair-0072261-try_again_m,solvability-pair-0072261-try_again_m:1,solvability,1,-3.625,0.1965832626391033,-0.8333333333333334,-0.8333333333333334,0.0,1.0,0.0,-0.8333333333333334,1.0,0.0
solvability-pair-0072261-try_again_n,solvability-pair-0072261-try_again_n:0,solvability,0,-1.25,0.24001853946105522,-0.75,-0.75,0.0,1.0,0.0,-0.75,1.0,0.0
solvability-pair-0072261-try_again_n,solvability-pair-0072261-try_again_n:1,solvability,1,-3.875,0.1965832626391033,-0.8333333333333334,-0.8333333333333334,0.0,1.0,0.0,-0.8333333333333334,1.0,0.0
solvability-pair-0072268-try_again_m,solvability-pair-0072268-try_again_m:0,solvability,0,3.25,0.5006302003927672,-0.25,-0.25,0.0,1.0,0.0,-0.25,1.0,0.0
solvability-pair-0072268-try_again_m,solvability-pair-0072268-try_again_m:1,solvability,1,7.75,1.2149434133892711,-0.1666666666666666,-0.1666666666666666,0.0,1.0,1.0,-0.1666666666666666,1.0,1.0
solvability-pair-0072268-try_again_m,solvability-pair-0072268-try_again_m:2,solvability,2,4.75,1.907538987974799,-0.125,-0.125,0.0,1.0,2.0,-0.125,1.0,2.0
solvability-pair-0072268-try_again_m,solvability-pair-0072268-try_again_m:3,solvability,3,3.75,2.5914475071959364,-0.0999999999999999,-0.0999999999999999,0.0,1.0,3.0,-0.0999999999999999,1.0,3.0
solvability-pair-0072268-try_again_m,solvability-pair-0072268-try_again_m:4,solvability,4,2.125,3.271012498734879,-0.0833333333333333,-0.0833333333333333,0.0,1.0,4.0,-0.0833333333333333,1.0,4.0
solvability-pair-0072268-try_again_m,solvability-pair-0072268-try_again_m:5,solvability,5,1.375,3.9480954744554237,-0.0714285714285714,-0.0714285714285714,0.0,1.0,5.0,-0.0714285714285714,1.0,5.0
solvability-pair-0072268-try_again_m,solvability-pair-0072268-try_again_m:6,solvability,6,1.5,4.62362719028947,-0.0625,-0.0625,0.0,1.0,6.0,-0.0625,1.0,6.0
solvability-pair-0072268-try_again_n,solvability-pair-0072268-try_again_n:0,solvability,0,1.125,0.5006302003927672,-0.25,-0.25,0.0,1.0,0.0,-0.25,1.0,0.0
solvability-pair-0072268-try_again_n,solvability-pair-0072268-try_again_n:1,solvability,1,8.625,1.2149434133892711,-0.1666666666666666,-0.1666666666666666,0.0,1.0,1.0,-0.1666666666666666,1.0,1.0
solvability-pair-0072268-try_again_n,solvability-pair-0072268-try_again_n:2,solvability,2,6.0,1.907538987974799,-0.125,-0.125,0.0,1.0,2.0,-0.125,1.0,2.0
solvability-pair-0072268-try_again_n,solvability-pair-0072268-try_again_n:3,solvability,3,4.75,2.5914475071959364,-0.0999999999999999,-0.0999999999999999,0.0,1.0,3.0,-0.0999999999999999,1.0,3.0
solvability-pair-0072268-try_again_n,solvability-pair-0072268-try_again_n:4,solvability,4,2.625,3.271012498734879,-0.0833333333333333,-0.0833333333333333,0.0,1.0,4.0,-0.0833333333333333,1.0,4.0
solvability-pair-0072268-try_again_n,solvability-pair-0072268-try_again_n:5,solvability,5,1.125,3.9480954744554237,-0.0714285714285714,-0.0714285714285714,0.0,1.0,5.0,-0.0714285714285714,1.0,5.0
solvability-pair-0072268-try_again_n,solvability-pair-0072268-try_again_n:6,solvability,6,1.25,4.62362719028947,-0.0625,-0.0625,0.0,1.0,6.0,-0.0625,1.0,6.0
solvability-pair-0072298-try_again_m,solvability-pair-0072298-try_again_m:0,solvability,0,4.125,0.7439817761697263,0.75,0.75,0.0,0.0,0.0,0.75,0.0,0.0
solvability-pair-0072298-try_again_m,solvability-pair-0072298-try_again_m:1,solvability,1,8.5,1.45829498916623,0.8333333333333334,0.8333333333333334,0.0,0.0,1.0,0.8333333333333334,0.0,1.0
solvability-pair-0072298-try_again_m,solvability-pair-0072298-try_again_m:2,solvability,2,5.75,2.150890563751758,0.875,0.875,0.0,0.0,2.0,0.875,0.0,2.0
solvability-pair-0072298-try_again_m,solvability-pair-0072298-try_again_m:3,solvability,3,5.125,2.8347990829728955,0.9,0.9,0.0,0.0,3.0,0.9,0.0,3.0
solvability-pair-0072298-try_again_m,solvability-pair-0072298-try_again_m:4,solvability,4,0.625,2.756615584693382,0.75,0.75,0.0,0.0,3.0,0.75,0.0,3.0
solvability-pair-0072298-try_again_n,solvability-pair-0072298-try_again_n:0,solvability,0,1.5,0.7439817761697263,0.75,0.75,0.0,0.0,0.0,0.75,0.0,0.0
solvability-pair-0072298-try_again_n,solvability-pair-0072298-try_again_n:1,solvability,1,9.5,1.45829498916623,0.8333333333333334,0.8333333333333334,0.0,0.0,1.0,0.8333333333333334,0.0,1.0
solvability-pair-0072298-try_again_n,solvability-pair-0072298-try_again_n:2,solvability,2,7.0,2.150890563751758,0.875,0.875,0.0,0.0,2.0,0.875,0.0,2.0
solvability-pair-0072298-try_again_n,solvability-pair-0072298-try_again_n:3,solvability,3,6.25,2.8347990829728955,0.9,0.9,0.0,0.0,3.0,0.9,0.0,3.0
solvability-pair-0072298-try_again_n,solvability-pair-0072298-try_again_n:4,solvability,4,0.625,2.756615584693382,0.75,0.75,0.0,0.0,3.0,0.75,0.0,3.0
solvability-pair-0072310-try_again_m,solvability-pair-0072310-try_again_m:0,solvability,0,4.125,0.7439817761697263,0.75,0.75,0.0,0.0,0.0,0.75,0.0,0.0
solvability-pair-0072310-try_again_m,solvability-pair-0072310-try_again_m:1,solvability,1,-2.125,0.6136759457038703,0.5,0.5,0.0,0.0,0.0,0.5,0.0,0.0
solvability-pair-0072310-try_again_n,solvability-pair-0072310-try_again_n:0,solvability,0,1.5,0.7439817761697263,0.75,0.75,0.0,0.0,0.0,0.75,0.0,0.0
solvability-pair-0072310-try_again_n,solvability-pair-0072310-try_again_n:1,solvability,1,-1.875,0.6136759457038703,0.5,0.5,0.0,0.0,0.0,0.5,0.0,0.0
solvability-pair-0072313-try_again_m,solvability-pair-0072313-try_again_m:0,solvability,0,-0.125,-0.6721222737999359,-2.5,-0.5,2.0,1.0,0.0,-2.5,1.0,0.0
solvability-pair-0072313-try_again_n,solvability-pair-0072313-try_again_n:0,solvability,0,-1.25,-0.6721222737999359,-2.5,-0.5,2.0,1.0,0.0,-2.5,1.0,0.0
solvability-pair-0072314-try_again_m,solvability-pair-0072314-try_again_m:0,solvability,0,0.25,0.3703243699269112,-0.5,-0.5,0.0,1.0,0.0,-0.5,1.0,0.0
solvability-pair-0072314-try_again_n,solvability-pair-0072314-try_again_n:0,solvability,0,-1.0,0.3703243699269112,-0.5,-0.5,0.0,1.0,0.0,-0.5,1.0,0.0
solvability-pair-0072317-try_again_m,solvability-pair-0072317-try_again_m:0,solvability,0,0.5,-0.42877069802297685,-1.5,0.5,2.0,0.0,0.0,-1.5,0.0,0.0
solvability-pair-0072317-try_again_m,solvability-pair-0072317-try_again_m:1,solvability,1,6.25,0.3289777917954788,-1.3333333333333337,0.6666666666666666,2.0,0.0,1.0,-1.3333333333333337,0.0,1.0
solvability-pair-0072317-try_again_m,solvability-pair-0072317-try_again_m:2,solvability,2,0.5,0.24210723815157498,-1.5,0.5,2.0,0.0,1.0,-1.5,0.0,1.0
solvability-pair-0072317-try_again_m,solvability-pair-0072317-try_again_m:3,solvability,3,2.25,0.9651075065124692,-1.4,0.6,2.0,0.0,2.0,-1.4,0.0,2.0
solvability-pair-0072317-try_again_m,solvability-pair-0072317-try_again_m:4,solvability,4,2.25,1.6707336641445827,-1.3333333333333337,0.6666666666666666,2.0,0.0,3.0,-1.3333333333333337,0.0,3.0
solvability-pair-0072317-try_again_m,solvability-pair-0072317-try_again_m:5,solvability,5,1.125,2.3664317585031074,-1.2857142857142856,0.7142857142857143,2.0,0.0,4.0,-1.2857142857142856,0.0,4.0
solvability-pair-0072317-try_again_n,solvability-pair-0072317-try_again_n:0,solvability,0,-1.0,-0.42877069802297685,-1.5,0.5,2.0,0.0,0.0,-1.5,0.0,0.0
solvability-pair-0072317-try_again_n,solvability-pair-0072317-try_again_n:1,solvability,1,6.25,0.3289777917954788,-1.3333333333333337,0.6666666666666666,2.0,0.0,1.0,-1.3333333333333337,0.0,1.0
solvability-pair-0072317-try_again_n,solvability-pair-0072317-try_again_n:2,solvability,2,1.375,0.24210723815157498,-1.5,0.5,2.0,0.0,1.0,-1.5,0.0,1.0
solvability-pair-0072317-try_again_n,solvability-pair-0072317-try_again_n:3,solvability,3,3.375,0.9651075065124692,-1.4,0.6,2.0,0.0,2.0,-1.4,0.0,2.0
solvability-pair-0072317-try_again_n,solvability-pair-0072317-try_again_n:4,solvability,4,2.125,1.6707336641445827,-1.3333333333333337,0.6666666666666666,2.0,0.0,3.0,-1.3333333333333337,0.0,3.0
solvability-pair-0072317-try_again_n,solvability-pair-0072317-try_again_n:5,solvability,5,1.125,2.3664317585031074,-1.2857142857142856,0.7142857142857143,2.0,0.0,4.0,-1.2857142857142856,0.0,4.0
solvability-pair-0072321-try_again_m,solvability-pair-0072321-try_again_m:0,solvability,0,-0.5,0.24001853946105522,-0.75,-0.75,0.0,1.0,0.0,-0.75,1.0,0.0
solvability-pair-0072321-try_again_m,solvability-pair-0072321-try_again_m:1,solvability,1,-3.625,0.1965832626391033,-0.8333333333333334,-0.8333333333333334,0.0,1.0,0.0,-0.8333333333333334,1.0,0.0
solvability-pair-0072321-try_again_n,solvability-pair-0072321-try_again_n:0,solvability,0,-1.25,0.24001853946105522,-0.75,-0.75,0.0,1.0,0.0,-0.75,1.0,0.0
solvability-pair-0072321-try_again_n,solvability-pair-0072321-try_again_n:1,solvability,1,-3.875,0.1965832626391033,-0.8333333333333334,-0.8333333333333334,0.0,1.0,0.0,-0.8333333333333334,1.0,0.0
solvability-pair-0072323-try_again_m,solvability-pair-0072323-try_again_m:0,solvability,0,2.75,-0.5418164433340802,-2.25,-0.25,2.0,1.0,0.0,-2.25,1.0,0.0
solvability-pair-0072323-try_again_m,solvability-pair-0072323-try_again_m:1,solvability,1,7.375,0.172496769662424,-2.1666666666666665,-0.1666666666666666,2.0,1.0,1.0,-2.1666666666666665,1.0,1.0
solvability-pair-0072323-try_again_m,solvability-pair-0072323-try_again_m:2,solvability,2,0.625,0.06390857760754387,-2.375,-0.375,2.0,1.0,1.0,-2.375,1.0,1.0
solvability-pair-0072323-try_again_n,solvability-pair-0072323-try_again_n:0,solvability,0,0.75,-0.5418164433340802,-2.25,-0.25,2.0,1.0,0.0,-2.25,1.0,0.0
solvability-pair-0072323-try_again_n,solvability-pair-0072323-try_again_n:1,solvability,1,7.75,0.172496769662424,-2.1666666666666665,-0.1666666666666666,2.0,1.0,1.0,-2.1666666666666665,1.0,1.0
solvability-pair-0072323-try_again_n,solvability-pair-0072323-try_again_n:2,solvability,2,1.0,0.06390857760754387,-2.375,-0.375,2.0,1.0,1.0,-2.375,1.0,1.0
solvability-pair-0072323-try_again_n,solvability-pair-0072323-try_again_n:3,solvability,3,3.625,0.7738782629218528,-2.3,-0.3,2.0,1.0,2.0,-2.3,1.0,2.0
solvability-pair-0072323-try_again_n,solvability-pair-0072323-try_again_n:4,solvability,4,2.125,1.4708173651895757,-2.25,-0.25,2.0,1.0,3.0,-2.25,1.0,3.0
solvability-pair-0072323-try_again_n,solvability-pair-0072323-try_again_n:5,solvability,5,1.125,2.160310420002107,-2.2142857142857144,-0.2142857142857143,2.0,1.0,4.0,-2.2142857142857144,1.0,4.0
solvability-pair-0072323-try_again_n,solvability-pair-0072323-try_again_n:6,solvability,6,1.125,2.8451496951551434,-2.1875,-0.1875,2.0,1.0,5.0,-2.1875,1.0,5.0
solvability-pair-0072331-try_again_m,solvability-pair-0072331-try_again_m:0,solvability,0,0.0,0.48337011523801443,0.25,0.25,0.0,0.0,0.0,0.25,0.0,0.0
solvability-pair-0072331-try_again_n,solvability-pair-0072331-try_again_n:0,solvability,0,-1.25,0.48337011523801443,0.25,0.25,0.0,0.0,0.0,0.25,0.0,0.0
solvability-pair-0072336-try_again_m,solvability-pair-0072336-try_again_m:0,solvability,0,3.75,-0.2984648675571211,-1.25,0.75,2.0,0.0,0.0,-1.25,0.0,0.0
solvability-pair-0072336-try_again_m,solvability-pair-0072336-try_again_m:1,solvability,1,8.0,0.4158483454393831,-1.1666666666666663,0.8333333333333334,2.0,0.0,1.0,-1.1666666666666663,0.0,1.0
solvability-pair-0072336-try_again_m,solvability-pair-0072336-try_again_m:2,solvability,2,4.875,1.1084439200249108,-1.125,0.875,2.0,0.0,2.0,-1.125,0.0,2.0
solvability-pair-0072336-try_again_m,solvability-pair-0072336-try_again_m:3,solvability,3,4.25,1.7923524392460481,-1.1,0.9,2.0,0.0,3.0,-1.1,0.0,3.0
solvability-pair-0072336-try_again_m,solvability-pair-0072336-try_again_m:4,solvability,4,0.25,1.7141689409665348,-1.25,0.75,2.0,0.0,3.0,-1.25,0.0,3.0
solvability-pair-0072336-try_again_m,solvability-pair-0072336-try_again_m:5,solvability,5,1.75,2.403661995779066,-1.2142857142857144,0.7857142857142857,2.0,0.0,4.0,-1.2142857142857144,0.0,4.0
solvability-pair-0072336-try_again_m,solvability-pair-0072336-try_again_m:6,solvability,6,-0.5,2.3524704195246224,-1.3125,0.6875,2.0,0.0,4.0,-1.3125,0.0,4.0
solvability-pair-0072336-try_again_n,solvability-pair-0072336-try_again_n:0,solvability,0,1.25,-0.2984648675571211,-1.25,0.75,2.0,0.0,0.0,-1.25,0.0,0.0
solvability-pair-0072336-try_again_n,solvability-pair-0072336-try_again_n:1,solvability,1,8.375,0.4158483454393831,-1.1666666666666663,0.8333333333333334,2.0,0.0,1.0,-1.1666666666666663,0.0,1.0
solvability-pair-0072336-try_again_n,solvability-pair-0072336-try_again_n:2,solvability,2,5.375,1.1084439200249108,-1.125,0.875,2.0,0.0,2.0,-1.125,0.0,2.0
solvability-pair-0072336-try_again_n,solvability-pair-0072336-try_again_n:3,solvability,3,4.375,1.7923524392460481,-1.1,0.9,2.0,0.0,3.0,-1.1,0.0,3.0
solvability-pair-0072336-try_again_n,solvability-pair-0072336-try_again_n:4,solvability,4,0.0,1.7141689409665348,-1.25,0.75,2.0,0.0,3.0,-1.25,0.0,3.0
solvability-pair-0072336-try_again_n,solvability-pair-0072336-try_again_n:5,solvability,5,2.375,2.403661995779066,-1.2142857142857144,0.7857142857142857,2.0,0.0,4.0,-1.2142857142857144,0.0,4.0
solvability-pair-0072336-try_again_n,solvability-pair-0072336-try_again_n:6,solvability,6,-0.375,2.3524704195246224,-1.3125,0.6875,2.0,0.0,4.0,-1.3125,0.0,4.0
solvability-pair-0072356-try_again_m,solvability-pair-0072356-try_again_m:0,solvability,0,-0.375,-0.5590765284888328,-1.75,0.25,2.0,0.0,0.0,-1.75,0.0,0.0
solvability-pair-0072356-try_again_m,solvability-pair-0072356-try_again_m:1,solvability,1,-3.375,-0.602511805310785,-1.8333333333333333,0.1666666666666666,2.0,0.0,0.0,-1.8333333333333333,0.0,0.0
solvability-pair-0072356-try_again_n,solvability-pair-0072356-try_again_n:0,solvability,0,-1.375,-0.5590765284888328,-1.75,0.25,2.0,0.0,0.0,-1.75,0.0,0.0
solvability-pair-0072362-try_again_m,solvability-pair-0072362-try_again_m:0,solvability,0,0.25,0.3703243699269112,-0.5,-0.5,0.0,1.0,0.0,-0.5,1.0,0.0
solvability-pair-0072362-try_again_n,solvability-pair-0072362-try_again_n:0,solvability,0,-1.0,0.3703243699269112,-0.5,-0.5,0.0,1.0,0.0,-0.5,1.0,0.0
solvability-pair-0072370-try_again_m,solvability-pair-0072370-try_again_m:0,solvability,0,4.125,0.7439817761697263,0.75,0.75,0.0,0.0,0.0,0.75,0.0,0.0
solvability-pair-0072370-try_again_m,solvability-pair-0072370-try_again_m:1,solvability,1,8.5,1.45829498916623,0.8333333333333334,0.8333333333333334,0.0,0.0,1.0,0.8333333333333334,0.0,1.0
solvability-pair-0072370-try_again_m,solvability-pair-0072370-try_again_m:2,solvability,2,5.75,2.150890563751758,0.875,0.875,0.0,0.0,2.0,0.875,0.0,2.0
solvability-pair-0072370-try_again_m,solvability-pair-0072370-try_again_m:3,solvability,3,5.125,2.8347990829728955,0.9,0.9,0.0,0.0,3.0,0.9,0.0,3.0
solvability-pair-0072370-try_again_m,solvability-pair-0072370-try_again_m:4,solvability,4,0.625,2.756615584693382,0.75,0.75,0.0,0.0,3.0,0.75,0.0,3.0
solvability-pair-0072370-try_again_n,solvability-pair-0072370-try_again_n:0,solvability,0,1.5,0.7439817761697263,0.75,0.75,0.0,0.0,0.0,0.75,0.0,0.0
solvability-pair-0072370-try_again_n,solvability-pair-0072370-try_again_n:1,solvability,1,9.5,1.45829498916623,0.8333333333333334,0.8333333333333334,0.0,0.0,1.0,0.8333333333333334,0.0,1.0
solvability-pair-0072370-try_again_n,solvability-pair-0072370-try_again_n:2,solvability,2,7.0,2.150890563751758,0.875,0.875,0.0,0.0,2.0,0.875,0.0,2.0
solvability-pair-0072370-try_again_n,solvability-pair-0072370-try_again_n:3,solvability,3,6.25,2.8347990829728955,0.9,0.9,0.0,0.0,3.0,0.9,0.0,3.0
solvability-pair-0072370-try_again_n,solvability-pair-0072370-try_again_n:4,solvability,4,0.625,2.756615584693382,0.75,0.75,0.0,0.0,3.0,0.75,0.0,3.0
solvability-pair-0072371-try_again_m,solvability-pair-0072371-try_again_m:0,solvability,0,2.75,-0.5418164433340802,-2.25,-0.25,2.0,1.0,0.0,-2.25,1.0,0.0
solvability-pair-0072371-try_again_m,solvability-pair-0072371-try_again_m:1,solvability,1,7.375,0.172496769662424,-2.1666666666666665,-0.1666666666666666,2.0,1.0,1.0,-2.1666666666666665,1.0,1.0
solvability-pair-0072371-try_again_m,solvability-pair-0072371-try_again_m:2,solvability,2,3.75,0.8650923442479517,-2.125,-0.125,2.0,1.0,2.0,-2.125,1.0,2.0
solvability-pair-0072371-try_again_m,solvability-pair-0072371-try_again_m:3,solvability,3,2.75,1.549000863469089,-2.1,-0.0999999999999999,2.0,1.0,3.0,-2.1,1.0,3.0
solvability-pair-0072371-try_again_m,solvability-pair-0072371-try_again_m:4,solvability,4,1.625,2.2285658550080316,-2.0833333333333335,-0.0833333333333333,2.0,1.0,4.0,-2.0833333333333335,1.0,4.0
solvability-pair-0072371-try_again_m,solvability-pair-0072371-try_again_m:5,solvability,5,-1.75,2.160310420002107,-2.2142857142857144,-0.2142857142857143,2.0,1.0,4.0,-2.2142857142857144,1.0,4.0
solvability-pair-0072371-try_again_n,solvability-pair-0072371-try_again_n:0,solvability,0,0.75,-0.5418164433340802,-2.25,-0.25,2.0,1.0,0.0,-2.25,1.0,0.0
solvability-pair-0072371-try_again_n,solvability-pair-0072371-try_again_n:1,solvability,1,7.75,0.172496769662424,-2.1666666666666665,-0.1666666666666666,2.0,1.0,1.0,-2.1666666666666665,1.0,1.0
solvability-pair-0072371-try_again_n,solvability-pair-0072371-try_again_n:2,solvability,2,5.0,0.8650923442479517,-2.125,-0.125,2.0,1.0,2.0,-2.125,1.0,2.0
solvability-pair-0072371-try_again_n,solvability-pair-0072371-try_again_n:3,solvability,3,3.875,1.549000863469089,-2.1,-0.0999999999999999,2.0,1.0,3.0,-2.1,1.0,3.0
solvability-pair-0072371-try_again_n,solvability-pair-0072371-try_again_n:4,solvability,4,1.875,2.2285658550080316,-2.0833333333333335,-0.0833333333333333,2.0,1.0,4.0,-2.0833333333333335,1.0,4.0
solvability-pair-0072371-try_again_n,solvability-pair-0072371-try_again_n:5,solvability,5,-2.0,2.160310420002107,-2.2142857142857144,-0.2142857142857143,2.0,1.0,4.0,-2.2142857142857144,1.0,4.0
solvability-pair-0072374-try_again_m,solvability-pair-0072374-try_again_m:0,solvability,0,0.25,0.3703243699269112,-0.5,-0.5,0.0,1.0,0.0,-0.5,1.0,0.0
solvability-pair-0072374-try_again_n,solvability-pair-0072374-try_again_n:0,solvability,0,-1.0,0.3703243699269112,-0.5,-0.5,0.0,1.0,0.0,-0.5,1.0,0.0
solvability-pair-0072379-try_again_m,solvability-pair-0072379-try_again_m:0,solvability,0,0.0,0.48337011523801443,0.25,0.25,0.0,0.0,0.0,0.25,0.0,0.0
solvability-pair-0072379-try_again_n,solvability-pair-0072379-try_again_n:0,solvability,0,-1.25,0.48337011523801443,0.25,0.25,0.0,0.0,0.0,0.25,0.0,0.0
solvability-pair-0072384-try_again_m,solvability-pair-0072384-try_again_m:0,solvability,0,3.75,-0.2984648675571211,-1.25,0.75,2.0,0.0,0.0,-1.25,0.0,0.0
solvability-pair-0072384-try_again_m,solvability-pair-0072384-try_again_m:1,solvability,1,8.0,0.4158483454393831,-1.1666666666666663,0.8333333333333334,2.0,0.0,1.0,-1.1666666666666663,0.0,1.0
solvability-pair-0072384-try_again_m,solvability-pair-0072384-try_again_m:2,solvability,2,4.875,1.1084439200249108,-1.125,0.875,2.0,0.0,2.0,-1.125,0.0,2.0
solvability-pair-0072384-try_again_m,solvability-pair-0072384-try_again_m:3,solvability,3,0.625,1.0172298386988117,-1.3,0.7,2.0,0.0,2.0,-1.3,0.0,2.0
solvability-pair-0072384-try_again_m,solvability-pair-0072384-try_again_m:4,solvability,4,2.375,1.7141689409665348,-1.25,0.75,2.0,0.0,3.0,-1.25,0.0,3.0
solvability-pair-0072384-try_again_m,solvability-pair-0072384-try_again_m:5,solvability,5,-0.375,1.6583235850525964,-1.3571428571428572,0.6428571428571429,2.0,0.0,3.0,-1.3571428571428572,0.0,3.0
solvability-pair-0072384-try_again_m,solvability-pair-0072384-try_again_m:6,solvability,6,-1.0,1.6164395681171428,-1.4375,0.5625,2.0,0.0,3.0,-1.4375,0.0,3.0
solvability-pair-0072384-try_again_n,solvability-pair-0072384-try_again_n:0,solvability,0,1.25,-0.2984648675571211,-1.25,0.75,2.0,0.0,0.0,-1.25,0.0,0.0
solvability-pair-0072384-try_again_n,solvability-pair-0072384-try_again_n:1,solvability,1,8.375,0.4158483454393831,-1.1666666666666663,0.8333333333333334,2.0,0.0,1.0,-1.1666666666666663,0.0,1.0
solvability-pair-0072384-try_again_n,solvability-pair-0072384-try_again_n:2,solvability,2,5.375,1.1084439200249108,-1.125,0.875,2.0,0.0,2.0,-1.125,0.0,2.0
solvability-pair-0072384-try_again_n,solvability-pair-0072384-try_again_n:3,solvability,3,0.25,1.0172298386988117,-1.3,0.7,2.0,0.0,2.0,-1.3,0.0,2.0
solvability-pair-0072384-try_again_n,solvability-pair-0072384-try_again_n:4,solvability,4,2.5,1.7141689409665348,-1.25,0.75,2.0,0.0,3.0,-1.25,0.0,3.0
solvability-pair-0072384-try_again_n,solvability-pair-0072384-try_again_n:5,solvability,5,-0.25,1.6583235850525964,-1.3571428571428572,0.6428571428571429,2.0,0.0,3.0,-1.3571428571428572,0.0,3.0
solvability-pair-0072384-try_again_n,solvability-pair-0072384-try_again_n:6,solvability,6,-0.75,1.6164395681171428,-1.4375,0.5625,2.0,0.0,3.0,-1.4375,0.0,3.0
solvability-pair-0072389-try_again_m,solvability-pair-0072389-try_again_m:0,solvability,0,0.5,-0.42877069802297685,-1.5,0.5,2.0,0.0,0.0,-1.5,0.0,0.0
solvability-pair-0072389-try_again_m,solvability-pair-0072389-try_again_m:1,solvability,1,6.25,0.3289777917954788,-1.3333333333333337,0.6666666666666666,2.0,0.0,1.0,-1.3333333333333337,0.0,1.0
solvability-pair-0072389-try_again_m,solvability-pair-0072389-try_again_m:2,solvability,2,0.5,0.24210723815157498,-1.5,0.5,2.0,0.0,1.0,-1.5,0.0,1.0
solvability-pair-0072389-try_again_n,solvability-pair-0072389-try_again_n:0,solvability,0,-1.0,-0.42877069802297685,-1.5,0.5,2.0,0.0,0.0,-1.5,0.0,0.0
solvability-pair-0072389-try_again_n,solvability-pair-0072389-try_again_n:1,solvability,1,6.25,0.3289777917954788,-1.3333333333333337,0.6666666666666666,2.0,0.0,1.0,-1.3333333333333337,0.0,1.0
solvability-pair-0072389-try_again_n,solvability-pair-0072389-try_again_n:2,solvability,2,1.375,0.24210723815157498,-1.5,0.5,2.0,0.0,1.0,-1.5,0.0,1.0
solvability-pair-0072389-try_again_n,solvability-pair-0072389-try_again_n:3,solvability,3,-0.25,0.18998490596523254,-1.6,0.4,2.0,0.0,1.0,-1.6,0.0,1.0
solvability-pair-0072391-try_again_m,solvability-pair-0072391-try_again_m:0,solvability,0,0.0,0.48337011523801443,0.25,0.25,0.0,0.0,0.0,0.25,0.0,0.0
solvability-pair-0072391-try_again_n,solvability-pair-0072391-try_again_n:0,solvability,0,-1.25,0.48337011523801443,0.25,0.25,0.0,0.0,0.0,0.25,0.0,0.0
solvability-pair-0072393-try_again_m,solvability-pair-0072393-try_again_m:0,solvability,0,-0.5,0.24001853946105522,-0.75,-0.75,0.0,1.0,0.0,-0.75,1.0,0.0
solvability-pair-0072393-try_again_n,solvability-pair-0072393-try_again_n:0,solvability,0,-1.25,0.24001853946105522,-0.75,-0.75,0.0,1.0,0.0,-0.75,1.0,0.0
solvability-pair-0072394-try_again_m,solvability-pair-0072394-try_again_m:0,solvability,0,4.125,0.7439817761697263,0.75,0.75,0.0,0.0,0.0,0.75,0.0,0.0
solvability-pair-0072394-try_again_m,solvability-pair-0072394-try_again_m:1,solvability,1,8.5,1.45829498916623,0.8333333333333334,0.8333333333333334,0.0,0.0,1.0,0.8333333333333334,0.0,1.0
solvability-pair-0072394-try_again_m,solvability-pair-0072394-try_again_m:2,solvability,2,1.625,1.3497067971113503,0.625,0.625,0.0,0.0,1.0,0.625,0.0,1.0
solvability-pair-0072394-try_again_m,solvability-pair-0072394-try_again_m:3,solvability,3,-0.125,1.2845538818784223,0.5,0.5,0.0,0.0,1.0,0.5,0.0,1.0
solvability-pair-0072394-try_again_m,solvability-pair-0072394-try_again_m:4,solvability,4,2.875,1.998867094874926,0.5833333333333334,0.5833333333333334,0.0,0.0,2.0,0.5833333333333334,0.0,2.0
solvability-pair-0072394-try_again_m,solvability-pair-0072394-try_again_m:5,solvability,5,1.75,2.7007702287794437,0.6428571428571429,0.6428571428571429,0.0,0.0,3.0,0.6428571428571429,0.0,3.0
solvability-pair-0072394-try_again_m,solvability-pair-0072394-try_again_m:6,solvability,6,1.625,3.39491706325147,0.6875,0.6875,0.0,0.0,4.0,0.6875,0.0,4.0
solvability-pair-0072394-try_again_n,solvability-pair-0072394-try_again_n:0,solvability,0,1.5,0.7439817761697263,0.75,0.75,0.0,0.0,0.0,0.75,0.0,0.0
solvability-pair-0072404-try_again_m,solvability-pair-0072404-try_again_m:0,solvability,0,-0.375,-0.5590765284888328,-1.75,0.25,2.0,0.0,0.0,-1.75,0.0,0.0
solvability-pair-0072404-try_again_n,solvability-pair-0072404-try_again_n:0,solvability,0,-1.375,-0.5590765284888328,-1.75,0.25,2.0,0.0,0.0,-1.75,0.0,0.0
