stage,target,random_subspace,analysis,random_r_squared,persistence_rank4_r_squared,random_r_squared_mean,random_r_squared_95th,persistence_percentile_among_random,empirical_p_value
l21,persistence_policy_change,0,heldout,0.10829386814438058,0.23289050308386264,-0.35265315208205,0.3129906889921754,0.9,0.10891089108910891
l21,persistence_policy_change,0,cross_task,-1.8523087434984336,-4.4847831579800825,-3.743109958875379,-0.6765383065564694,0.34,0.6633663366336634
l21,persistence_policy_change,0,cross_manipulation,-0.39594730687167523,-1.9863721173989817,-3.2177498436495227,-0.39562950365230387,0.62,0.38613861386138615
l21,gru_prediction_change,0,heldout,-2.0435349110919936,-1.6436234306436024,-4.454140620010969,-1.0549812270783459,0.9,0.10891089108910891
l21,gru_prediction_change,0,cross_task,-6.244660037183415,-11.425161616594394,-14.852561420156665,-4.438716065601354,0.51,0.49504950495049505
l21,gru_prediction_change,0,cross_manipulation,-9.941290840755496,-29.194873409991516,-29.069072915317847,-5.674430437210481,0.42,0.5841584158415841
displacement,persistence_policy_change,0,heldout,-0.6032911999810766,0.4744023069868788,-0.16334077322455712,0.4274103385709274,0.96,0.04950495049504951
displacement,persistence_policy_change,0,cross_task,-2.9840116407895594,-2.147074898548174,-2.830835460252372,-0.6313505735025678,0.54,0.46534653465346537
displacement,persistence_policy_change,0,cross_manipulation,-6.836410778830199,-0.3379699144006535,-2.1565288602558113,-0.22927963912215138,0.93,0.07920792079207921
displacement,gru_prediction_change,0,heldout,-5.50459039460607,-0.5328371451533912,-4.221840797447006,-1.154643984609335,0.99,0.019801980198019802
displacement,gru_prediction_change,0,cross_task,-11.081493429018243,-21.83023025877178,-15.15708613470642,-3.8293579428670688,0.22,0.7821782178217822
displacement,gru_prediction_change,0,cross_manipulation,-91.70767825690649,-17.817717381537854,-29.370686094327702,-5.691167815774268,0.59,0.4158415841584158
l22,persistence_policy_change,0,heldout,-0.4970066799155199,0.4435747475809681,-0.2745568363049805,0.39490685361123473,0.95,0.0594059405940594
l22,persistence_policy_change,0,cross_task,-6.8696675939717045,-1.9385087438568842,-3.404444747512028,-0.4021812652207115,0.67,0.33663366336633666
l22,persistence_policy_change,0,cross_manipulation,-1.6609449776982586,-0.42942431955243465,-2.5779150642718656,-0.21774892578086288,0.92,0.0891089108910891
l22,gru_prediction_change,0,heldout,-2.4608476111110664,-0.7653845206090822,-4.134968470673473,-1.0847240689565578,0.98,0.0297029702970297
l22,gru_prediction_change,0,cross_task,-8.389203895832464,-15.328016506225353,-13.912509165596207,-4.0587385575006625,0.37,0.6336633663366337
l22,gru_prediction_change,0,cross_manipulation,-7.9692200854453175,-12.334178939570089,-26.46227144421071,-5.014709900060228,0.66,0.3465346534653465
l21,persistence_policy_change,1,heldout,0.21025187451381386,0.23289050308386264,-0.35265315208205,0.3129906889921754,0.9,0.10891089108910891
l21,persistence_policy_change,1,cross_task,-1.242871700611148,-4.4847831579800825,-3.743109958875379,-0.6765383065564694,0.34,0.6633663366336634
l21,persistence_policy_change,1,cross_manipulation,-0.6800058898061925,-1.9863721173989817,-3.2177498436495227,-0.39562950365230387,0.62,0.38613861386138615
l21,gru_prediction_change,1,heldout,-8.021266014909115,-1.6436234306436024,-4.454140620010969,-1.0549812270783459,0.9,0.10891089108910891
l21,gru_prediction_change,1,cross_task,-37.74621233057169,-11.425161616594394,-14.852561420156665,-4.438716065601354,0.51,0.49504950495049505
l21,gru_prediction_change,1,cross_manipulation,-63.65825415404144,-29.194873409991516,-29.069072915317847,-5.674430437210481,0.42,0.5841584158415841
displacement,persistence_policy_change,1,heldout,-0.45580598886568247,0.4744023069868788,-0.16334077322455712,0.4274103385709274,0.96,0.04950495049504951
displacement,persistence_policy_change,1,cross_task,-4.831560201491038,-2.147074898548174,-2.830835460252372,-0.6313505735025678,0.54,0.46534653465346537
displacement,persistence_policy_change,1,cross_manipulation,-3.597819323847797,-0.3379699144006535,-2.1565288602558113,-0.22927963912215138,0.93,0.07920792079207921
displacement,gru_prediction_change,1,heldout,-6.280358411326032,-0.5328371451533912,-4.221840797447006,-1.154643984609335,0.99,0.019801980198019802
displacement,gru_prediction_change,1,cross_task,-21.1780546170297,-21.83023025877178,-15.15708613470642,-3.8293579428670688,0.22,0.7821782178217822
displacement,gru_prediction_change,1,cross_manipulation,-35.18607359236139,-17.817717381537854,-29.370686094327702,-5.691167815774268,0.59,0.4158415841584158
l22,persistence_policy_change,1,heldout,-0.029421331645107334,0.4435747475809681,-0.2745568363049805,0.39490685361123473,0.95,0.0594059405940594
l22,persistence_policy_change,1,cross_task,-1.842584533667235,-1.9385087438568842,-3.404444747512028,-0.4021812652207115,0.67,0.33663366336633666
l22,persistence_policy_change,1,cross_manipulation,-0.9100185728439698,-0.42942431955243465,-2.5779150642718656,-0.21774892578086288,0.92,0.0891089108910891
l22,gru_prediction_change,1,heldout,-7.542809197096893,-0.7653845206090822,-4.134968470673473,-1.0847240689565578,0.98,0.0297029702970297
l22,gru_prediction_change,1,cross_task,-36.55181281750541,-15.328016506225353,-13.912509165596207,-4.0587385575006625,0.37,0.6336633663366337
l22,gru_prediction_change,1,cross_manipulation,-36.6372530611562,-12.334178939570089,-26.46227144421071,-5.014709900060228,0.66,0.3465346534653465
l21,persistence_policy_change,2,heldout,-0.5076575464164297,0.23289050308386264,-0.35265315208205,0.3129906889921754,0.9,0.10891089108910891
l21,persistence_policy_change,2,cross_task,-3.2268414189139722,-4.4847831579800825,-3.743109958875379,-0.6765383065564694,0.34,0.6633663366336634
l21,persistence_policy_change,2,cross_manipulation,-3.0814590681127916,-1.9863721173989817,-3.2177498436495227,-0.39562950365230387,0.62,0.38613861386138615
l21,gru_prediction_change,2,heldout,-6.011472094813658,-1.6436234306436024,-4.454140620010969,-1.0549812270783459,0.9,0.10891089108910891
l21,gru_prediction_change,2,cross_task,-34.2981940522268,-11.425161616594394,-14.852561420156665,-4.438716065601354,0.51,0.49504950495049505
l21,gru_prediction_change,2,cross_manipulation,-37.639191726844444,-29.194873409991516,-29.069072915317847,-5.674430437210481,0.42,0.5841584158415841
displacement,persistence_policy_change,2,heldout,0.2886304249586356,0.4744023069868788,-0.16334077322455712,0.4274103385709274,0.96,0.04950495049504951
displacement,persistence_policy_change,2,cross_task,-0.6158723700566339,-2.147074898548174,-2.830835460252372,-0.6313505735025678,0.54,0.46534653465346537
displacement,persistence_policy_change,2,cross_manipulation,-0.34894874053547476,-0.3379699144006535,-2.1565288602558113,-0.22927963912215138,0.93,0.07920792079207921
displacement,gru_prediction_change,2,heldout,-2.5594322236758718,-0.5328371451533912,-4.221840797447006,-1.154643984609335,0.99,0.019801980198019802
displacement,gru_prediction_change,2,cross_task,-22.476453023320573,-21.83023025877178,-15.15708613470642,-3.8293579428670688,0.22,0.7821782178217822
displacement,gru_prediction_change,2,cross_manipulation,-15.625403587905325,-17.817717381537854,-29.370686094327702,-5.691167815774268,0.59,0.4158415841584158
l22,persistence_policy_change,2,heldout,-0.43952918601482277,0.4435747475809681,-0.2745568363049805,0.39490685361123473,0.95,0.0594059405940594
l22,persistence_policy_change,2,cross_task,-1.1451947345219082,-1.9385087438568842,-3.404444747512028,-0.4021812652207115,0.67,0.33663366336633666
l22,persistence_policy_change,2,cross_manipulation,-1.280901424387483,-0.42942431955243465,-2.5779150642718656,-0.21774892578086288,0.92,0.0891089108910891
l22,gru_prediction_change,2,heldout,-5.413444070215569,-0.7653845206090822,-4.134968470673473,-1.0847240689565578,0.98,0.0297029702970297
l22,gru_prediction_change,2,cross_task,-28.85044186648014,-15.328016506225353,-13.912509165596207,-4.0587385575006625,0.37,0.6336633663366337
l22,gru_prediction_change,2,cross_manipulation,-11.114667432430567,-12.334178939570089,-26.46227144421071,-5.014709900060228,0.66,0.3465346534653465
l21,persistence_policy_change,3,heldout,-0.054029918883152596,0.23289050308386264,-0.35265315208205,0.3129906889921754,0.9,0.10891089108910891
l21,persistence_policy_change,3,cross_task,-2.9948116696278824,-4.4847831579800825,-3.743109958875379,-0.6765383065564694,0.34,0.6633663366336634
l21,persistence_policy_change,3,cross_manipulation,-2.53357601995943,-1.9863721173989817,-3.2177498436495227,-0.39562950365230387,0.62,0.38613861386138615
l21,gru_prediction_change,3,heldout,-0.23844411192465476,-1.6436234306436024,-4.454140620010969,-1.0549812270783459,0.9,0.10891089108910891
l21,gru_prediction_change,3,cross_task,-1.6164815660496998,-11.425161616594394,-14.852561420156665,-4.438716065601354,0.51,0.49504950495049505
l21,gru_prediction_change,3,cross_manipulation,-4.485392116286145,-29.194873409991516,-29.069072915317847,-5.674430437210481,0.42,0.5841584158415841
displacement,persistence_policy_change,3,heldout,-0.6692637980381667,0.4744023069868788,-0.16334077322455712,0.4274103385709274,0.96,0.04950495049504951
displacement,persistence_policy_change,3,cross_task,-2.516081234727522,-2.147074898548174,-2.830835460252372,-0.6313505735025678,0.54,0.46534653465346537
displacement,persistence_policy_change,3,cross_manipulation,-3.184110642721864,-0.3379699144006535,-2.1565288602558113,-0.22927963912215138,0.93,0.07920792079207921
displacement,gru_prediction_change,3,heldout,-4.5631626852919895,-0.5328371451533912,-4.221840797447006,-1.154643984609335,0.99,0.019801980198019802
displacement,gru_prediction_change,3,cross_task,-7.295669294030503,-21.83023025877178,-15.15708613470642,-3.8293579428670688,0.22,0.7821782178217822
displacement,gru_prediction_change,3,cross_manipulation,-31.527950494444866,-17.817717381537854,-29.370686094327702,-5.691167815774268,0.59,0.4158415841584158
l22,persistence_policy_change,3,heldout,-0.04810402859376439,0.4435747475809681,-0.2745568363049805,0.39490685361123473,0.95,0.0594059405940594
l22,persistence_policy_change,3,cross_task,-1.3869071117093543,-1.9385087438568842,-3.404444747512028,-0.4021812652207115,0.67,0.33663366336633666
l22,persistence_policy_change,3,cross_manipulation,-0.9167747280491767,-0.42942431955243465,-2.5779150642718656,-0.21774892578086288,0.92,0.0891089108910891
l22,gru_prediction_change,3,heldout,-0.351494234362595,-0.7653845206090822,-4.134968470673473,-1.0847240689565578,0.98,0.0297029702970297
l22,gru_prediction_change,3,cross_task,-1.9835264262292795,-15.328016506225353,-13.912509165596207,-4.0587385575006625,0.37,0.6336633663366337
l22,gru_prediction_change,3,cross_manipulation,-5.015146092495295,-12.334178939570089,-26.46227144421071,-5.014709900060228,0.66,0.3465346534653465
l21,persistence_policy_change,4,heldout,-1.149171020056346,0.23289050308386264,-0.35265315208205,0.3129906889921754,0.9,0.10891089108910891
l21,persistence_policy_change,4,cross_task,-6.893651261943148,-4.4847831579800825,-3.743109958875379,-0.6765383065564694,0.34,0.6633663366336634
l21,persistence_policy_change,4,cross_manipulation,-9.168022046526533,-1.9863721173989817,-3.2177498436495227,-0.39562950365230387,0.62,0.38613861386138615
l21,gru_prediction_change,4,heldout,-5.355154834437177,-1.6436234306436024,-4.454140620010969,-1.0549812270783459,0.9,0.10891089108910891
l21,gru_prediction_change,4,cross_task,-20.666597543018877,-11.425161616594394,-14.852561420156665,-4.438716065601354,0.51,0.49504950495049505
l21,gru_prediction_change,4,cross_manipulation,-47.36698043221208,-29.194873409991516,-29.069072915317847,-5.674430437210481,0.42,0.5841584158415841
displacement,persistence_policy_change,4,heldout,0.14077339353344764,0.4744023069868788,-0.16334077322455712,0.4274103385709274,0.96,0.04950495049504951
displacement,persistence_policy_change,4,cross_task,-1.5441849683316764,-2.147074898548174,-2.830835460252372,-0.6313505735025678,0.54,0.46534653465346537
displacement,persistence_policy_change,4,cross_manipulation,-0.877383883714376,-0.3379699144006535,-2.1565288602558113,-0.22927963912215138,0.93,0.07920792079207921
displacement,gru_prediction_change,4,heldout,-4.569206028131453,-0.5328371451533912,-4.221840797447006,-1.154643984609335,0.99,0.019801980198019802
displacement,gru_prediction_change,4,cross_task,-18.252099869065173,-21.83023025877178,-15.15708613470642,-3.8293579428670688,0.22,0.7821782178217822
displacement,gru_prediction_change,4,cross_manipulation,-22.276470172887084,-17.817717381537854,-29.370686094327702,-5.691167815774268,0.59,0.4158415841584158
l22,persistence_policy_change,4,heldout,-0.33479580560311434,0.4435747475809681,-0.2745568363049805,0.39490685361123473,0.95,0.0594059405940594
l22,persistence_policy_change,4,cross_task,-3.061118169277188,-1.9385087438568842,-3.404444747512028,-0.4021812652207115,0.67,0.33663366336633666
l22,persistence_policy_change,4,cross_manipulation,-2.608857838796672,-0.42942431955243465,-2.5779150642718656,-0.21774892578086288,0.92,0.0891089108910891
l22,gru_prediction_change,4,heldout,-2.266980828363725,-0.7653845206090822,-4.134968470673473,-1.0847240689565578,0.98,0.0297029702970297
l22,gru_prediction_change,4,cross_task,-5.4525787447386875,-15.328016506225353,-13.912509165596207,-4.0587385575006625,0.37,0.6336633663366337
l22,gru_prediction_change,4,cross_manipulation,-11.283700884508768,-12.334178939570089,-26.46227144421071,-5.014709900060228,0.66,0.3465346534653465
l21,persistence_policy_change,5,heldout,-0.6426876513795857,0.23289050308386264,-0.35265315208205,0.3129906889921754,0.9,0.10891089108910891
l21,persistence_policy_change,5,cross_task,-4.600361121040805,-4.4847831579800825,-3.743109958875379,-0.6765383065564694,0.34,0.6633663366336634
l21,persistence_policy_change,5,cross_manipulation,-7.684693291695846,-1.9863721173989817,-3.2177498436495227,-0.39562950365230387,0.62,0.38613861386138615
l21,gru_prediction_change,5,heldout,-3.589359458757155,-1.6436234306436024,-4.454140620010969,-1.0549812270783459,0.9,0.10891089108910891
l21,gru_prediction_change,5,cross_task,-9.055860393294958,-11.425161616594394,-14.852561420156665,-4.438716065601354,0.51,0.49504950495049505
l21,gru_prediction_change,5,cross_manipulation,-19.04574538001868,-29.194873409991516,-29.069072915317847,-5.674430437210481,0.42,0.5841584158415841
displacement,persistence_policy_change,5,heldout,-0.0373566235175569,0.4744023069868788,-0.16334077322455712,0.4274103385709274,0.96,0.04950495049504951
displacement,persistence_policy_change,5,cross_task,-1.8844930810235325,-2.147074898548174,-2.830835460252372,-0.6313505735025678,0.54,0.46534653465346537
displacement,persistence_policy_change,5,cross_manipulation,-0.9288596435876091,-0.3379699144006535,-2.1565288602558113,-0.22927963912215138,0.93,0.07920792079207921
displacement,gru_prediction_change,5,heldout,-5.591635949951339,-0.5328371451533912,-4.221840797447006,-1.154643984609335,0.99,0.019801980198019802
displacement,gru_prediction_change,5,cross_task,-36.54340010737256,-21.83023025877178,-15.15708613470642,-3.8293579428670688,0.22,0.7821782178217822
displacement,gru_prediction_change,5,cross_manipulation,-31.490240474237567,-17.817717381537854,-29.370686094327702,-5.691167815774268,0.59,0.4158415841584158
l22,persistence_policy_change,5,heldout,-0.11446822047869924,0.4435747475809681,-0.2745568363049805,0.39490685361123473,0.95,0.0594059405940594
l22,persistence_policy_change,5,cross_task,-1.0472060506674787,-1.9385087438568842,-3.404444747512028,-0.4021812652207115,0.67,0.33663366336633666
l22,persistence_policy_change,5,cross_manipulation,-1.2064927769182323,-0.42942431955243465,-2.5779150642718656,-0.21774892578086288,0.92,0.0891089108910891
l22,gru_prediction_change,5,heldout,-4.547721802702873,-0.7653845206090822,-4.134968470673473,-1.0847240689565578,0.98,0.0297029702970297
l22,gru_prediction_change,5,cross_task,-15.348261920337086,-15.328016506225353,-13.912509165596207,-4.0587385575006625,0.37,0.6336633663366337
l22,gru_prediction_change,5,cross_manipulation,-49.377152834806594,-12.334178939570089,-26.46227144421071,-5.014709900060228,0.66,0.3465346534653465
l21,persistence_policy_change,6,heldout,-1.5728685939325204,0.23289050308386264,-0.35265315208205,0.3129906889921754,0.9,0.10891089108910891
l21,persistence_policy_change,6,cross_task,-6.843022744078535,-4.4847831579800825,-3.743109958875379,-0.6765383065564694,0.34,0.6633663366336634
l21,persistence_policy_change,6,cross_manipulation,-8.604069711261264,-1.9863721173989817,-3.2177498436495227,-0.39562950365230387,0.62,0.38613861386138615
l21,gru_prediction_change,6,heldout,-9.232904601536589,-1.6436234306436024,-4.454140620010969,-1.0549812270783459,0.9,0.10891089108910891
l21,gru_prediction_change,6,cross_task,-25.674104274227833,-11.425161616594394,-14.852561420156665,-4.438716065601354,0.51,0.49504950495049505
l21,gru_prediction_change,6,cross_manipulation,-62.8390451643664,-29.194873409991516,-29.069072915317847,-5.674430437210481,0.42,0.5841584158415841
displacement,persistence_policy_change,6,heldout,-0.4070042512876211,0.4744023069868788,-0.16334077322455712,0.4274103385709274,0.96,0.04950495049504951
displacement,persistence_policy_change,6,cross_task,-3.6385045503580558,-2.147074898548174,-2.830835460252372,-0.6313505735025678,0.54,0.46534653465346537
displacement,persistence_policy_change,6,cross_manipulation,-2.645795702084119,-0.3379699144006535,-2.1565288602558113,-0.22927963912215138,0.93,0.07920792079207921
displacement,gru_prediction_change,6,heldout,-2.5137188494087983,-0.5328371451533912,-4.221840797447006,-1.154643984609335,0.99,0.019801980198019802
displacement,gru_prediction_change,6,cross_task,-5.6730301284202165,-21.83023025877178,-15.15708613470642,-3.8293579428670688,0.22,0.7821782178217822
displacement,gru_prediction_change,6,cross_manipulation,-28.25485909836051,-17.817717381537854,-29.370686094327702,-5.691167815774268,0.59,0.4158415841584158
l22,persistence_policy_change,6,heldout,0.06413136600643306,0.4435747475809681,-0.2745568363049805,0.39490685361123473,0.95,0.0594059405940594
l22,persistence_policy_change,6,cross_task,-1.254311113686086,-1.9385087438568842,-3.404444747512028,-0.4021812652207115,0.67,0.33663366336633666
l22,persistence_policy_change,6,cross_manipulation,-1.5644199851349043,-0.42942431955243465,-2.5779150642718656,-0.21774892578086288,0.92,0.0891089108910891
l22,gru_prediction_change,6,heldout,-2.93021311784702,-0.7653845206090822,-4.134968470673473,-1.0847240689565578,0.98,0.0297029702970297
l22,gru_prediction_change,6,cross_task,-10.531173111074049,-15.328016506225353,-13.912509165596207,-4.0587385575006625,0.37,0.6336633663366337
l22,gru_prediction_change,6,cross_manipulation,-13.793569011840983,-12.334178939570089,-26.46227144421071,-5.014709900060228,0.66,0.3465346534653465
l21,persistence_policy_change,7,heldout,-0.2787008063130933,0.23289050308386264,-0.35265315208205,0.3129906889921754,0.9,0.10891089108910891
l21,persistence_policy_change,7,cross_task,-2.7264643442902923,-4.4847831579800825,-3.743109958875379,-0.6765383065564694,0.34,0.6633663366336634
l21,persistence_policy_change,7,cross_manipulation,-2.9609341202170363,-1.9863721173989817,-3.2177498436495227,-0.39562950365230387,0.62,0.38613861386138615
l21,gru_prediction_change,7,heldout,-2.9964977415489393,-1.6436234306436024,-4.454140620010969,-1.0549812270783459,0.9,0.10891089108910891
l21,gru_prediction_change,7,cross_task,-7.484702709148742,-11.425161616594394,-14.852561420156665,-4.438716065601354,0.51,0.49504950495049505
l21,gru_prediction_change,7,cross_manipulation,-39.334413911204436,-29.194873409991516,-29.069072915317847,-5.674430437210481,0.42,0.5841584158415841
displacement,persistence_policy_change,7,heldout,0.5087397305120711,0.4744023069868788,-0.16334077322455712,0.4274103385709274,0.96,0.04950495049504951
displacement,persistence_policy_change,7,cross_task,-0.5532233978016413,-2.147074898548174,-2.830835460252372,-0.6313505735025678,0.54,0.46534653465346537
displacement,persistence_policy_change,7,cross_manipulation,-0.21749570185927752,-0.3379699144006535,-2.1565288602558113,-0.22927963912215138,0.93,0.07920792079207921
displacement,gru_prediction_change,7,heldout,-2.022384821521094,-0.5328371451533912,-4.221840797447006,-1.154643984609335,0.99,0.019801980198019802
displacement,gru_prediction_change,7,cross_task,-10.037259436320221,-21.83023025877178,-15.15708613470642,-3.8293579428670688,0.22,0.7821782178217822
displacement,gru_prediction_change,7,cross_manipulation,-13.530791655121424,-17.817717381537854,-29.370686094327702,-5.691167815774268,0.59,0.4158415841584158
l22,persistence_policy_change,7,heldout,-0.9245551279030008,0.4435747475809681,-0.2745568363049805,0.39490685361123473,0.95,0.0594059405940594
l22,persistence_policy_change,7,cross_task,-4.123742999603215,-1.9385087438568842,-3.404444747512028,-0.4021812652207115,0.67,0.33663366336633666
l22,persistence_policy_change,7,cross_manipulation,-3.034704830285601,-0.42942431955243465,-2.5779150642718656,-0.21774892578086288,0.92,0.0891089108910891
l22,gru_prediction_change,7,heldout,-4.08329545299897,-0.7653845206090822,-4.134968470673473,-1.0847240689565578,0.98,0.0297029702970297
l22,gru_prediction_change,7,cross_task,-11.145904212593123,-15.328016506225353,-13.912509165596207,-4.0587385575006625,0.37,0.6336633663366337
l22,gru_prediction_change,7,cross_manipulation,-29.451400775600156,-12.334178939570089,-26.46227144421071,-5.014709900060228,0.66,0.3465346534653465
l21,persistence_policy_change,8,heldout,-0.9526696391977384,0.23289050308386264,-0.35265315208205,0.3129906889921754,0.9,0.10891089108910891
l21,persistence_policy_change,8,cross_task,-6.050834854282944,-4.4847831579800825,-3.743109958875379,-0.6765383065564694,0.34,0.6633663366336634
l21,persistence_policy_change,8,cross_manipulation,-4.611335019873133,-1.9863721173989817,-3.2177498436495227,-0.39562950365230387,0.62,0.38613861386138615
l21,gru_prediction_change,8,heldout,-5.890506564270715,-1.6436234306436024,-4.454140620010969,-1.0549812270783459,0.9,0.10891089108910891
l21,gru_prediction_change,8,cross_task,-24.471364601330038,-11.425161616594394,-14.852561420156665,-4.438716065601354,0.51,0.49504950495049505
l21,gru_prediction_change,8,cross_manipulation,-71.69696801960444,-29.194873409991516,-29.069072915317847,-5.674430437210481,0.42,0.5841584158415841
displacement,persistence_policy_change,8,heldout,-0.7343643800632847,0.4744023069868788,-0.16334077322455712,0.4274103385709274,0.96,0.04950495049504951
displacement,persistence_policy_change,8,cross_task,-3.704393219660961,-2.147074898548174,-2.830835460252372,-0.6313505735025678,0.54,0.46534653465346537
displacement,persistence_policy_change,8,cross_manipulation,-3.147883553522986,-0.3379699144006535,-2.1565288602558113,-0.22927963912215138,0.93,0.07920792079207921
displacement,gru_prediction_change,8,heldout,-3.8931526439706587,-0.5328371451533912,-4.221840797447006,-1.154643984609335,0.99,0.019801980198019802
displacement,gru_prediction_change,8,cross_task,-18.0539627381357,-21.83023025877178,-15.15708613470642,-3.8293579428670688,0.22,0.7821782178217822
displacement,gru_prediction_change,8,cross_manipulation,-20.217386944540994,-17.817717381537854,-29.370686094327702,-5.691167815774268,0.59,0.4158415841584158
l22,persistence_policy_change,8,heldout,-0.23016556284151912,0.4435747475809681,-0.2745568363049805,0.39490685361123473,0.95,0.0594059405940594
l22,persistence_policy_change,8,cross_task,-2.4954416773388903,-1.9385087438568842,-3.404444747512028,-0.4021812652207115,0.67,0.33663366336633666
l22,persistence_policy_change,8,cross_manipulation,-0.849950864605732,-0.42942431955243465,-2.5779150642718656,-0.21774892578086288,0.92,0.0891089108910891
l22,gru_prediction_change,8,heldout,-2.728377202411035,-0.7653845206090822,-4.134968470673473,-1.0847240689565578,0.98,0.0297029702970297
l22,gru_prediction_change,8,cross_task,-9.970009625808677,-15.328016506225353,-13.912509165596207,-4.0587385575006625,0.37,0.6336633663366337
l22,gru_prediction_change,8,cross_manipulation,-19.585141840632676,-12.334178939570089,-26.46227144421071,-5.014709900060228,0.66,0.3465346534653465
l21,persistence_policy_change,9,heldout,-1.0970178911968977,0.23289050308386264,-0.35265315208205,0.3129906889921754,0.9,0.10891089108910891
l21,persistence_policy_change,9,cross_task,-7.9453590838766575,-4.4847831579800825,-3.743109958875379,-0.6765383065564694,0.34,0.6633663366336634
l21,persistence_policy_change,9,cross_manipulation,-4.726927013020789,-1.9863721173989817,-3.2177498436495227,-0.39562950365230387,0.62,0.38613861386138615
l21,gru_prediction_change,9,heldout,-6.039872250189869,-1.6436234306436024,-4.454140620010969,-1.0549812270783459,0.9,0.10891089108910891
l21,gru_prediction_change,9,cross_task,-18.725669415086983,-11.425161616594394,-14.852561420156665,-4.438716065601354,0.51,0.49504950495049505
l21,gru_prediction_change,9,cross_manipulation,-19.805094963666583,-29.194873409991516,-29.069072915317847,-5.674430437210481,0.42,0.5841584158415841
displacement,persistence_policy_change,9,heldout,-0.07189472323157435,0.4744023069868788,-0.16334077322455712,0.4274103385709274,0.96,0.04950495049504951
displacement,persistence_policy_change,9,cross_task,-2.4050699955938923,-2.147074898548174,-2.830835460252372,-0.6313505735025678,0.54,0.46534653465346537
displacement,persistence_policy_change,9,cross_manipulation,-1.6175607376199281,-0.3379699144006535,-2.1565288602558113,-0.22927963912215138,0.93,0.07920792079207921
displacement,gru_prediction_change,9,heldout,-4.420542048296343,-0.5328371451533912,-4.221840797447006,-1.154643984609335,0.99,0.019801980198019802
displacement,gru_prediction_change,9,cross_task,-11.947104067474337,-21.83023025877178,-15.15708613470642,-3.8293579428670688,0.22,0.7821782178217822
displacement,gru_prediction_change,9,cross_manipulation,-16.603036442171348,-17.817717381537854,-29.370686094327702,-5.691167815774268,0.59,0.4158415841584158
l22,persistence_policy_change,9,heldout,-0.1425886610815188,0.4435747475809681,-0.2745568363049805,0.39490685361123473,0.95,0.0594059405940594
l22,persistence_policy_change,9,cross_task,-3.041205400890823,-1.9385087438568842,-3.404444747512028,-0.4021812652207115,0.67,0.33663366336633666
l22,persistence_policy_change,9,cross_manipulation,-0.5402401339220765,-0.42942431955243465,-2.5779150642718656,-0.21774892578086288,0.92,0.0891089108910891
l22,gru_prediction_change,9,heldout,-5.040281840504743,-0.7653845206090822,-4.134968470673473,-1.0847240689565578,0.98,0.0297029702970297
l22,gru_prediction_change,9,cross_task,-21.02292831574542,-15.328016506225353,-13.912509165596207,-4.0587385575006625,0.37,0.6336633663366337
l22,gru_prediction_change,9,cross_manipulation,-33.92529701198377,-12.334178939570089,-26.46227144421071,-5.014709900060228,0.66,0.3465346534653465
l21,persistence_policy_change,10,heldout,-0.31013263777162176,0.23289050308386264,-0.35265315208205,0.3129906889921754,0.9,0.10891089108910891
l21,persistence_policy_change,10,cross_task,-4.949613611791196,-4.4847831579800825,-3.743109958875379,-0.6765383065564694,0.34,0.6633663366336634
l21,persistence_policy_change,10,cross_manipulation,-2.8644108939351023,-1.9863721173989817,-3.2177498436495227,-0.39562950365230387,0.62,0.38613861386138615
l21,gru_prediction_change,10,heldout,-1.0570161992194211,-1.6436234306436024,-4.454140620010969,-1.0549812270783459,0.9,0.10891089108910891
l21,gru_prediction_change,10,cross_task,-14.694029323038952,-11.425161616594394,-14.852561420156665,-4.438716065601354,0.51,0.49504950495049505
l21,gru_prediction_change,10,cross_manipulation,-13.856663515087888,-29.194873409991516,-29.069072915317847,-5.674430437210481,0.42,0.5841584158415841
displacement,persistence_policy_change,10,heldout,0.1831353167053712,0.4744023069868788,-0.16334077322455712,0.4274103385709274,0.96,0.04950495049504951
displacement,persistence_policy_change,10,cross_task,-1.5139312080740093,-2.147074898548174,-2.830835460252372,-0.6313505735025678,0.54,0.46534653465346537
displacement,persistence_policy_change,10,cross_manipulation,-0.48563649758286387,-0.3379699144006535,-2.1565288602558113,-0.22927963912215138,0.93,0.07920792079207921
displacement,gru_prediction_change,10,heldout,-2.9434466650176803,-0.5328371451533912,-4.221840797447006,-1.154643984609335,0.99,0.019801980198019802
displacement,gru_prediction_change,10,cross_task,-12.916004589270225,-21.83023025877178,-15.15708613470642,-3.8293579428670688,0.22,0.7821782178217822
displacement,gru_prediction_change,10,cross_manipulation,-16.83749111374421,-17.817717381537854,-29.370686094327702,-5.691167815774268,0.59,0.4158415841584158
l22,persistence_policy_change,10,heldout,0.1694430854946628,0.4435747475809681,-0.2745568363049805,0.39490685361123473,0.95,0.0594059405940594
l22,persistence_policy_change,10,cross_task,-2.31603143231399,-1.9385087438568842,-3.404444747512028,-0.4021812652207115,0.67,0.33663366336633666
l22,persistence_policy_change,10,cross_manipulation,-1.3570227373993133,-0.42942431955243465,-2.5779150642718656,-0.21774892578086288,0.92,0.0891089108910891
l22,gru_prediction_change,10,heldout,-4.299077154875294,-0.7653845206090822,-4.134968470673473,-1.0847240689565578,0.98,0.0297029702970297
l22,gru_prediction_change,10,cross_task,-26.515466108152584,-15.328016506225353,-13.912509165596207,-4.0587385575006625,0.37,0.6336633663366337
l22,gru_prediction_change,10,cross_manipulation,-17.966882701456576,-12.334178939570089,-26.46227144421071,-5.014709900060228,0.66,0.3465346534653465
l21,persistence_policy_change,11,heldout,0.2571069746812346,0.23289050308386264,-0.35265315208205,0.3129906889921754,0.9,0.10891089108910891
l21,persistence_policy_change,11,cross_task,-1.433302235128939,-4.4847831579800825,-3.743109958875379,-0.6765383065564694,0.34,0.6633663366336634
l21,persistence_policy_change,11,cross_manipulation,-4.893887172308078,-1.9863721173989817,-3.2177498436495227,-0.39562950365230387,0.62,0.38613861386138615
l21,gru_prediction_change,11,heldout,-0.7560949248281242,-1.6436234306436024,-4.454140620010969,-1.0549812270783459,0.9,0.10891089108910891
l21,gru_prediction_change,11,cross_task,-4.350526720643043,-11.425161616594394,-14.852561420156665,-4.438716065601354,0.51,0.49504950495049505
l21,gru_prediction_change,11,cross_manipulation,-6.702241252093931,-29.194873409991516,-29.069072915317847,-5.674430437210481,0.42,0.5841584158415841
displacement,persistence_policy_change,11,heldout,-0.014922412026825057,0.4744023069868788,-0.16334077322455712,0.4274103385709274,0.96,0.04950495049504951
displacement,persistence_policy_change,11,cross_task,-2.553546216165155,-2.147074898548174,-2.830835460252372,-0.6313505735025678,0.54,0.46534653465346537
displacement,persistence_policy_change,11,cross_manipulation,-1.981352203205511,-0.3379699144006535,-2.1565288602558113,-0.22927963912215138,0.93,0.07920792079207921
displacement,gru_prediction_change,11,heldout,-4.1343283324131,-0.5328371451533912,-4.221840797447006,-1.154643984609335,0.99,0.019801980198019802
displacement,gru_prediction_change,11,cross_task,-14.777600822719174,-21.83023025877178,-15.15708613470642,-3.8293579428670688,0.22,0.7821782178217822
displacement,gru_prediction_change,11,cross_manipulation,-19.689354991344523,-17.817717381537854,-29.370686094327702,-5.691167815774268,0.59,0.4158415841584158
l22,persistence_policy_change,11,heldout,0.6171325435185234,0.4435747475809681,-0.2745568363049805,0.39490685361123473,0.95,0.0594059405940594
l22,persistence_policy_change,11,cross_task,0.2559741174747116,-1.9385087438568842,-3.404444747512028,-0.4021812652207115,0.67,0.33663366336633666
l22,persistence_policy_change,11,cross_manipulation,-0.7862766174155867,-0.42942431955243465,-2.5779150642718656,-0.21774892578086288,0.92,0.0891089108910891
l22,gru_prediction_change,11,heldout,-0.5366448989954825,-0.7653845206090822,-4.134968470673473,-1.0847240689565578,0.98,0.0297029702970297
l22,gru_prediction_change,11,cross_task,-8.354312355269814,-15.328016506225353,-13.912509165596207,-4.0587385575006625,0.37,0.6336633663366337
l22,gru_prediction_change,11,cross_manipulation,-9.924958801854528,-12.334178939570089,-26.46227144421071,-5.014709900060228,0.66,0.3465346534653465
l21,persistence_policy_change,12,heldout,-0.002605060822963005,0.23289050308386264,-0.35265315208205,0.3129906889921754,0.9,0.10891089108910891
l21,persistence_policy_change,12,cross_task,-2.001593052323073,-4.4847831579800825,-3.743109958875379,-0.6765383065564694,0.34,0.6633663366336634
l21,persistence_policy_change,12,cross_manipulation,-1.2125703137673618,-1.9863721173989817,-3.2177498436495227,-0.39562950365230387,0.62,0.38613861386138615
l21,gru_prediction_change,12,heldout,-2.206396926289636,-1.6436234306436024,-4.454140620010969,-1.0549812270783459,0.9,0.10891089108910891
l21,gru_prediction_change,12,cross_task,-5.054261281366011,-11.425161616594394,-14.852561420156665,-4.438716065601354,0.51,0.49504950495049505
l21,gru_prediction_change,12,cross_manipulation,-7.299156028323675,-29.194873409991516,-29.069072915317847,-5.674430437210481,0.42,0.5841584158415841
displacement,persistence_policy_change,12,heldout,0.38143739794468856,0.4744023069868788,-0.16334077322455712,0.4274103385709274,0.96,0.04950495049504951
displacement,persistence_policy_change,12,cross_task,-0.9940444164948485,-2.147074898548174,-2.830835460252372,-0.6313505735025678,0.54,0.46534653465346537
displacement,persistence_policy_change,12,cross_manipulation,-0.5284871231167005,-0.3379699144006535,-2.1565288602558113,-0.22927963912215138,0.93,0.07920792079207921
displacement,gru_prediction_change,12,heldout,-4.036482820667243,-0.5328371451533912,-4.221840797447006,-1.154643984609335,0.99,0.019801980198019802
displacement,gru_prediction_change,12,cross_task,-22.969689867755736,-21.83023025877178,-15.15708613470642,-3.8293579428670688,0.22,0.7821782178217822
displacement,gru_prediction_change,12,cross_manipulation,-58.42512980309019,-17.817717381537854,-29.370686094327702,-5.691167815774268,0.59,0.4158415841584158
l22,persistence_policy_change,12,heldout,0.028908075673730365,0.4435747475809681,-0.2745568363049805,0.39490685361123473,0.95,0.0594059405940594
l22,persistence_policy_change,12,cross_task,-2.199026305319561,-1.9385087438568842,-3.404444747512028,-0.4021812652207115,0.67,0.33663366336633666
l22,persistence_policy_change,12,cross_manipulation,-2.6033233340434334,-0.42942431955243465,-2.5779150642718656,-0.21774892578086288,0.92,0.0891089108910891
l22,gru_prediction_change,12,heldout,-3.2535147954214274,-0.7653845206090822,-4.134968470673473,-1.0847240689565578,0.98,0.0297029702970297
l22,gru_prediction_change,12,cross_task,-9.619082432579077,-15.328016506225353,-13.912509165596207,-4.0587385575006625,0.37,0.6336633663366337
l22,gru_prediction_change,12,cross_manipulation,-24.838212765235784,-12.334178939570089,-26.46227144421071,-5.014709900060228,0.66,0.3465346534653465
l21,persistence_policy_change,13,heldout,-0.14280967033066308,0.23289050308386264,-0.35265315208205,0.3129906889921754,0.9,0.10891089108910891
l21,persistence_policy_change,13,cross_task,-2.8406904387569374,-4.4847831579800825,-3.743109958875379,-0.6765383065564694,0.34,0.6633663366336634
l21,persistence_policy_change,13,cross_manipulation,-1.9354405808913975,-1.9863721173989817,-3.2177498436495227,-0.39562950365230387,0.62,0.38613861386138615
l21,gru_prediction_change,13,heldout,-3.024063191445744,-1.6436234306436024,-4.454140620010969,-1.0549812270783459,0.9,0.10891089108910891
l21,gru_prediction_change,13,cross_task,-11.147704927300481,-11.425161616594394,-14.852561420156665,-4.438716065601354,0.51,0.49504950495049505
l21,gru_prediction_change,13,cross_manipulation,-14.339178933825329,-29.194873409991516,-29.069072915317847,-5.674430437210481,0.42,0.5841584158415841
displacement,persistence_policy_change,13,heldout,-1.5199106050842577,0.4744023069868788,-0.16334077322455712,0.4274103385709274,0.96,0.04950495049504951
displacement,persistence_policy_change,13,cross_task,-7.4641757117230085,-2.147074898548174,-2.830835460252372,-0.6313505735025678,0.54,0.46534653465346537
displacement,persistence_policy_change,13,cross_manipulation,-5.574346015939826,-0.3379699144006535,-2.1565288602558113,-0.22927963912215138,0.93,0.07920792079207921
displacement,gru_prediction_change,13,heldout,-6.718461849094704,-0.5328371451533912,-4.221840797447006,-1.154643984609335,0.99,0.019801980198019802
displacement,gru_prediction_change,13,cross_task,-14.205276869599926,-21.83023025877178,-15.15708613470642,-3.8293579428670688,0.22,0.7821782178217822
displacement,gru_prediction_change,13,cross_manipulation,-13.286607384608075,-17.817717381537854,-29.370686094327702,-5.691167815774268,0.59,0.4158415841584158
l22,persistence_policy_change,13,heldout,-0.1137638207420949,0.4435747475809681,-0.2745568363049805,0.39490685361123473,0.95,0.0594059405940594
l22,persistence_policy_change,13,cross_task,-2.2339171606486636,-1.9385087438568842,-3.404444747512028,-0.4021812652207115,0.67,0.33663366336633666
l22,persistence_policy_change,13,cross_manipulation,-1.9404012378938542,-0.42942431955243465,-2.5779150642718656,-0.21774892578086288,0.92,0.0891089108910891
l22,gru_prediction_change,13,heldout,-3.3479808323512166,-0.7653845206090822,-4.134968470673473,-1.0847240689565578,0.98,0.0297029702970297
l22,gru_prediction_change,13,cross_task,-9.49000629668546,-15.328016506225353,-13.912509165596207,-4.0587385575006625,0.37,0.6336633663366337
l22,gru_prediction_change,13,cross_manipulation,-9.880691618900595,-12.334178939570089,-26.46227144421071,-5.014709900060228,0.66,0.3465346534653465
l21,persistence_policy_change,14,heldout,0.29726712650892406,0.23289050308386264,-0.35265315208205,0.3129906889921754,0.9,0.10891089108910891
l21,persistence_policy_change,14,cross_task,-2.5933905159079003,-4.4847831579800825,-3.743109958875379,-0.6765383065564694,0.34,0.6633663366336634
l21,persistence_policy_change,14,cross_manipulation,-2.1884115616829627,-1.9863721173989817,-3.2177498436495227,-0.39562950365230387,0.62,0.38613861386138615
l21,gru_prediction_change,14,heldout,-0.2909308379049827,-1.6436234306436024,-4.454140620010969,-1.0549812270783459,0.9,0.10891089108910891
l21,gru_prediction_change,14,cross_task,-2.849439803914521,-11.425161616594394,-14.852561420156665,-4.438716065601354,0.51,0.49504950495049505
l21,gru_prediction_change,14,cross_manipulation,-3.599848998914216,-29.194873409991516,-29.069072915317847,-5.674430437210481,0.42,0.5841584158415841
displacement,persistence_policy_change,14,heldout,0.16683290882048407,0.4744023069868788,-0.16334077322455712,0.4274103385709274,0.96,0.04950495049504951
displacement,persistence_policy_change,14,cross_task,-0.9607350508733212,-2.147074898548174,-2.830835460252372,-0.6313505735025678,0.54,0.46534653465346537
displacement,persistence_policy_change,14,cross_manipulation,-0.22989984634651311,-0.3379699144006535,-2.1565288602558113,-0.22927963912215138,0.93,0.07920792079207921
displacement,gru_prediction_change,14,heldout,-1.4378040421047167,-0.5328371451533912,-4.221840797447006,-1.154643984609335,0.99,0.019801980198019802
displacement,gru_prediction_change,14,cross_task,-4.199523210657663,-21.83023025877178,-15.15708613470642,-3.8293579428670688,0.22,0.7821782178217822
displacement,gru_prediction_change,14,cross_manipulation,-4.846454349593637,-17.817717381537854,-29.370686094327702,-5.691167815774268,0.59,0.4158415841584158
l22,persistence_policy_change,14,heldout,-0.032248282486125913,0.4435747475809681,-0.2745568363049805,0.39490685361123473,0.95,0.0594059405940594
l22,persistence_policy_change,14,cross_task,-2.97244175634833,-1.9385087438568842,-3.404444747512028,-0.4021812652207115,0.67,0.33663366336633666
l22,persistence_policy_change,14,cross_manipulation,-1.4956325315515921,-0.42942431955243465,-2.5779150642718656,-0.21774892578086288,0.92,0.0891089108910891
l22,gru_prediction_change,14,heldout,-1.7296867232534325,-0.7653845206090822,-4.134968470673473,-1.0847240689565578,0.98,0.0297029702970297
l22,gru_prediction_change,14,cross_task,-8.167390425024271,-15.328016506225353,-13.912509165596207,-4.0587385575006625,0.37,0.6336633663366337
l22,gru_prediction_change,14,cross_manipulation,-3.4066555295575727,-12.334178939570089,-26.46227144421071,-5.014709900060228,0.66,0.3465346534653465
l21,persistence_policy_change,15,heldout,0.009866997952487319,0.23289050308386264,-0.35265315208205,0.3129906889921754,0.9,0.10891089108910891
l21,persistence_policy_change,15,cross_task,-4.510335032386036,-4.4847831579800825,-3.743109958875379,-0.6765383065564694,0.34,0.6633663366336634
l21,persistence_policy_change,15,cross_manipulation,-2.1226027789773663,-1.9863721173989817,-3.2177498436495227,-0.39562950365230387,0.62,0.38613861386138615
l21,gru_prediction_change,15,heldout,-2.597302640131612,-1.6436234306436024,-4.454140620010969,-1.0549812270783459,0.9,0.10891089108910891
l21,gru_prediction_change,15,cross_task,-14.965520004267836,-11.425161616594394,-14.852561420156665,-4.438716065601354,0.51,0.49504950495049505
l21,gru_prediction_change,15,cross_manipulation,-31.6783661272975,-29.194873409991516,-29.069072915317847,-5.674430437210481,0.42,0.5841584158415841
displacement,persistence_policy_change,15,heldout,-0.5418497972287009,0.4744023069868788,-0.16334077322455712,0.4274103385709274,0.96,0.04950495049504951
displacement,persistence_policy_change,15,cross_task,-3.392733327214264,-2.147074898548174,-2.830835460252372,-0.6313505735025678,0.54,0.46534653465346537
displacement,persistence_policy_change,15,cross_manipulation,-2.337122000475071,-0.3379699144006535,-2.1565288602558113,-0.22927963912215138,0.93,0.07920792079207921
displacement,gru_prediction_change,15,heldout,-2.7245236927892145,-0.5328371451533912,-4.221840797447006,-1.154643984609335,0.99,0.019801980198019802
displacement,gru_prediction_change,15,cross_task,-4.526660977780355,-21.83023025877178,-15.15708613470642,-3.8293579428670688,0.22,0.7821782178217822
displacement,gru_prediction_change,15,cross_manipulation,-6.116500618279771,-17.817717381537854,-29.370686094327702,-5.691167815774268,0.59,0.4158415841584158
l22,persistence_policy_change,15,heldout,0.32062436347647943,0.4435747475809681,-0.2745568363049805,0.39490685361123473,0.95,0.0594059405940594
l22,persistence_policy_change,15,cross_task,-2.784208764083427,-1.9385087438568842,-3.404444747512028,-0.4021812652207115,0.67,0.33663366336633666
l22,persistence_policy_change,15,cross_manipulation,-0.6835589507645481,-0.42942431955243465,-2.5779150642718656,-0.21774892578086288,0.92,0.0891089108910891
l22,gru_prediction_change,15,heldout,-2.146609848459363,-0.7653845206090822,-4.134968470673473,-1.0847240689565578,0.98,0.0297029702970297
l22,gru_prediction_change,15,cross_task,-12.098604545446884,-15.328016506225353,-13.912509165596207,-4.0587385575006625,0.37,0.6336633663366337
l22,gru_prediction_change,15,cross_manipulation,-26.256838763104298,-12.334178939570089,-26.46227144421071,-5.014709900060228,0.66,0.3465346534653465
l21,persistence_policy_change,16,heldout,-1.087582129914346,0.23289050308386264,-0.35265315208205,0.3129906889921754,0.9,0.10891089108910891
l21,persistence_policy_change,16,cross_task,-10.455962552796025,-4.4847831579800825,-3.743109958875379,-0.6765383065564694,0.34,0.6633663366336634
l21,persistence_policy_change,16,cross_manipulation,-5.1918359115262716,-1.9863721173989817,-3.2177498436495227,-0.39562950365230387,0.62,0.38613861386138615
l21,gru_prediction_change,16,heldout,-4.294066211617269,-1.6436234306436024,-4.454140620010969,-1.0549812270783459,0.9,0.10891089108910891
l21,gru_prediction_change,16,cross_task,-12.990913994207967,-11.425161616594394,-14.852561420156665,-4.438716065601354,0.51,0.49504950495049505
l21,gru_prediction_change,16,cross_manipulation,-9.880623918133471,-29.194873409991516,-29.069072915317847,-5.674430437210481,0.42,0.5841584158415841
displacement,persistence_policy_change,16,heldout,0.13099305310462214,0.4744023069868788,-0.16334077322455712,0.4274103385709274,0.96,0.04950495049504951
displacement,persistence_policy_change,16,cross_task,-1.2549288763208681,-2.147074898548174,-2.830835460252372,-0.6313505735025678,0.54,0.46534653465346537
displacement,persistence_policy_change,16,cross_manipulation,-1.586981405621128,-0.3379699144006535,-2.1565288602558113,-0.22927963912215138,0.93,0.07920792079207921
displacement,gru_prediction_change,16,heldout,-4.20679260389297,-0.5328371451533912,-4.221840797447006,-1.154643984609335,0.99,0.019801980198019802
displacement,gru_prediction_change,16,cross_task,-10.057123051153072,-21.83023025877178,-15.15708613470642,-3.8293579428670688,0.22,0.7821782178217822
displacement,gru_prediction_change,16,cross_manipulation,-43.50598923894207,-17.817717381537854,-29.370686094327702,-5.691167815774268,0.59,0.4158415841584158
l22,persistence_policy_change,16,heldout,-0.8631208101884034,0.4435747475809681,-0.2745568363049805,0.39490685361123473,0.95,0.0594059405940594
l22,persistence_policy_change,16,cross_task,-6.848555054981411,-1.9385087438568842,-3.404444747512028,-0.4021812652207115,0.67,0.33663366336633666
l22,persistence_policy_change,16,cross_manipulation,-5.333200484350026,-0.42942431955243465,-2.5779150642718656,-0.21774892578086288,0.92,0.0891089108910891
l22,gru_prediction_change,16,heldout,-2.9130061645452625,-0.7653845206090822,-4.134968470673473,-1.0847240689565578,0.98,0.0297029702970297
l22,gru_prediction_change,16,cross_task,-6.586404515894973,-15.328016506225353,-13.912509165596207,-4.0587385575006625,0.37,0.6336633663366337
l22,gru_prediction_change,16,cross_manipulation,-28.03402179394177,-12.334178939570089,-26.46227144421071,-5.014709900060228,0.66,0.3465346534653465
l21,persistence_policy_change,17,heldout,-0.23944295244986954,0.23289050308386264,-0.35265315208205,0.3129906889921754,0.9,0.10891089108910891
l21,persistence_policy_change,17,cross_task,-4.855534837567419,-4.4847831579800825,-3.743109958875379,-0.6765383065564694,0.34,0.6633663366336634
l21,persistence_policy_change,17,cross_manipulation,-2.298771445988413,-1.9863721173989817,-3.2177498436495227,-0.39562950365230387,0.62,0.38613861386138615
l21,gru_prediction_change,17,heldout,-3.604100979010809,-1.6436234306436024,-4.454140620010969,-1.0549812270783459,0.9,0.10891089108910891
l21,gru_prediction_change,17,cross_task,-10.951996921232189,-11.425161616594394,-14.852561420156665,-4.438716065601354,0.51,0.49504950495049505
l21,gru_prediction_change,17,cross_manipulation,-8.69661073287165,-29.194873409991516,-29.069072915317847,-5.674430437210481,0.42,0.5841584158415841
displacement,persistence_policy_change,17,heldout,-0.5128638410549483,0.4744023069868788,-0.16334077322455712,0.4274103385709274,0.96,0.04950495049504951
displacement,persistence_policy_change,17,cross_task,-4.049706305231127,-2.147074898548174,-2.830835460252372,-0.6313505735025678,0.54,0.46534653465346537
displacement,persistence_policy_change,17,cross_manipulation,-2.376434694738947,-0.3379699144006535,-2.1565288602558113,-0.22927963912215138,0.93,0.07920792079207921
displacement,gru_prediction_change,17,heldout,-6.881462640165634,-0.5328371451533912,-4.221840797447006,-1.154643984609335,0.99,0.019801980198019802
displacement,gru_prediction_change,17,cross_task,-21.881850932335766,-21.83023025877178,-15.15708613470642,-3.8293579428670688,0.22,0.7821782178217822
displacement,gru_prediction_change,17,cross_manipulation,-22.99399164153994,-17.817717381537854,-29.370686094327702,-5.691167815774268,0.59,0.4158415841584158
l22,persistence_policy_change,17,heldout,0.13474920435422544,0.4435747475809681,-0.2745568363049805,0.39490685361123473,0.95,0.0594059405940594
l22,persistence_policy_change,17,cross_task,-2.8001130857306027,-1.9385087438568842,-3.404444747512028,-0.4021812652207115,0.67,0.33663366336633666
l22,persistence_policy_change,17,cross_manipulation,-1.1174525882399333,-0.42942431955243465,-2.5779150642718656,-0.21774892578086288,0.92,0.0891089108910891
l22,gru_prediction_change,17,heldout,-2.6917056673779887,-0.7653845206090822,-4.134968470673473,-1.0847240689565578,0.98,0.0297029702970297
l22,gru_prediction_change,17,cross_task,-5.632077691985585,-15.328016506225353,-13.912509165596207,-4.0587385575006625,0.37,0.6336633663366337
l22,gru_prediction_change,17,cross_manipulation,-9.184782760813857,-12.334178939570089,-26.46227144421071,-5.014709900060228,0.66,0.3465346534653465
l21,persistence_policy_change,18,heldout,-0.9858490078111514,0.23289050308386264,-0.35265315208205,0.3129906889921754,0.9,0.10891089108910891
l21,persistence_policy_change,18,cross_task,-6.373570589280075,-4.4847831579800825,-3.743109958875379,-0.6765383065564694,0.34,0.6633663366336634
l21,persistence_policy_change,18,cross_manipulation,-4.939588883895032,-1.9863721173989817,-3.2177498436495227,-0.39562950365230387,0.62,0.38613861386138615
l21,gru_prediction_change,18,heldout,-6.546536938397324,-1.6436234306436024,-4.454140620010969,-1.0549812270783459,0.9,0.10891089108910891
l21,gru_prediction_change,18,cross_task,-13.29766445590968,-11.425161616594394,-14.852561420156665,-4.438716065601354,0.51,0.49504950495049505
l21,gru_prediction_change,18,cross_manipulation,-49.94775058939672,-29.194873409991516,-29.069072915317847,-5.674430437210481,0.42,0.5841584158415841
displacement,persistence_policy_change,18,heldout,-0.3283614401050558,0.4744023069868788,-0.16334077322455712,0.4274103385709274,0.96,0.04950495049504951
displacement,persistence_policy_change,18,cross_task,-3.2234552938676386,-2.147074898548174,-2.830835460252372,-0.6313505735025678,0.54,0.46534653465346537
displacement,persistence_policy_change,18,cross_manipulation,-1.9246879620748314,-0.3379699144006535,-2.1565288602558113,-0.22927963912215138,0.93,0.07920792079207921
displacement,gru_prediction_change,18,heldout,-3.8503754408648327,-0.5328371451533912,-4.221840797447006,-1.154643984609335,0.99,0.019801980198019802
displacement,gru_prediction_change,18,cross_task,-11.721545845344693,-21.83023025877178,-15.15708613470642,-3.8293579428670688,0.22,0.7821782178217822
displacement,gru_prediction_change,18,cross_manipulation,-12.232742384927437,-17.817717381537854,-29.370686094327702,-5.691167815774268,0.59,0.4158415841584158
l22,persistence_policy_change,18,heldout,-0.6086440810989084,0.4435747475809681,-0.2745568363049805,0.39490685361123473,0.95,0.0594059405940594
l22,persistence_policy_change,18,cross_task,-6.623458852138899,-1.9385087438568842,-3.404444747512028,-0.4021812652207115,0.67,0.33663366336633666
l22,persistence_policy_change,18,cross_manipulation,-4.741292592041852,-0.42942431955243465,-2.5779150642718656,-0.21774892578086288,0.92,0.0891089108910891
l22,gru_prediction_change,18,heldout,-6.028586618000445,-0.7653845206090822,-4.134968470673473,-1.0847240689565578,0.98,0.0297029702970297
l22,gru_prediction_change,18,cross_task,-15.90792882952776,-15.328016506225353,-13.912509165596207,-4.0587385575006625,0.37,0.6336633663366337
l22,gru_prediction_change,18,cross_manipulation,-62.484268718251315,-12.334178939570089,-26.46227144421071,-5.014709900060228,0.66,0.3465346534653465
l21,persistence_policy_change,19,heldout,-0.4059897420306468,0.23289050308386264,-0.35265315208205,0.3129906889921754,0.9,0.10891089108910891
l21,persistence_policy_change,19,cross_task,-5.486204976077687,-4.4847831579800825,-3.743109958875379,-0.6765383065564694,0.34,0.6633663366336634
l21,persistence_policy_change,19,cross_manipulation,-1.8131661558241667,-1.9863721173989817,-3.2177498436495227,-0.39562950365230387,0.62,0.38613861386138615
l21,gru_prediction_change,19,heldout,-3.480704503960928,-1.6436234306436024,-4.454140620010969,-1.0549812270783459,0.9,0.10891089108910891
l21,gru_prediction_change,19,cross_task,-9.169897739915962,-11.425161616594394,-14.852561420156665,-4.438716065601354,0.51,0.49504950495049505
l21,gru_prediction_change,19,cross_manipulation,-11.523915025870545,-29.194873409991516,-29.069072915317847,-5.674430437210481,0.42,0.5841584158415841
displacement,persistence_policy_change,19,heldout,-0.3152989520700747,0.4744023069868788,-0.16334077322455712,0.4274103385709274,0.96,0.04950495049504951
displacement,persistence_policy_change,19,cross_task,-2.360311299069633,-2.147074898548174,-2.830835460252372,-0.6313505735025678,0.54,0.46534653465346537
displacement,persistence_policy_change,19,cross_manipulation,-1.6699109404897778,-0.3379699144006535,-2.1565288602558113,-0.22927963912215138,0.93,0.07920792079207921
displacement,gru_prediction_change,19,heldout,-1.6579823064881225,-0.5328371451533912,-4.221840797447006,-1.154643984609335,0.99,0.019801980198019802
displacement,gru_prediction_change,19,cross_task,-3.8676271770178303,-21.83023025877178,-15.15708613470642,-3.8293579428670688,0.22,0.7821782178217822
displacement,gru_prediction_change,19,cross_manipulation,-8.703951608186971,-17.817717381537854,-29.370686094327702,-5.691167815774268,0.59,0.4158415841584158
l22,persistence_policy_change,19,heldout,-0.0756664496416315,0.4435747475809681,-0.2745568363049805,0.39490685361123473,0.95,0.0594059405940594
l22,persistence_policy_change,19,cross_task,-4.442900206801272,-1.9385087438568842,-3.404444747512028,-0.4021812652207115,0.67,0.33663366336633666
l22,persistence_policy_change,19,cross_manipulation,-1.8082869215475974,-0.42942431955243465,-2.5779150642718656,-0.21774892578086288,0.92,0.0891089108910891
l22,gru_prediction_change,19,heldout,-3.07844656049957,-0.7653845206090822,-4.134968470673473,-1.0847240689565578,0.98,0.0297029702970297
l22,gru_prediction_change,19,cross_task,-9.6989443187042,-15.328016506225353,-13.912509165596207,-4.0587385575006625,0.37,0.6336633663366337
l22,gru_prediction_change,19,cross_manipulation,-10.12474872625491,-12.334178939570089,-26.46227144421071,-5.014709900060228,0.66,0.3465346534653465
l21,persistence_policy_change,20,heldout,-0.37579181607531137,0.23289050308386264,-0.35265315208205,0.3129906889921754,0.9,0.10891089108910891
l21,persistence_policy_change,20,cross_task,-4.483561926989569,-4.4847831579800825,-3.743109958875379,-0.6765383065564694,0.34,0.6633663366336634
l21,persistence_policy_change,20,cross_manipulation,-1.549459522728177,-1.9863721173989817,-3.2177498436495227,-0.39562950365230387,0.62,0.38613861386138615
l21,gru_prediction_change,20,heldout,-3.270113211363196,-1.6436234306436024,-4.454140620010969,-1.0549812270783459,0.9,0.10891089108910891
l21,gru_prediction_change,20,cross_task,-8.507682097690056,-11.425161616594394,-14.852561420156665,-4.438716065601354,0.51,0.49504950495049505
l21,gru_prediction_change,20,cross_manipulation,-26.72256669485365,-29.194873409991516,-29.069072915317847,-5.674430437210481,0.42,0.5841584158415841
displacement,persistence_policy_change,20,heldout,-0.2222286513289845,0.4744023069868788,-0.16334077322455712,0.4274103385709274,0.96,0.04950495049504951
displacement,persistence_policy_change,20,cross_task,-2.2055040506334835,-2.147074898548174,-2.830835460252372,-0.6313505735025678,0.54,0.46534653465346537
displacement,persistence_policy_change,20,cross_manipulation,-1.3855553486582077,-0.3379699144006535,-2.1565288602558113,-0.22927963912215138,0.93,0.07920792079207921
displacement,gru_prediction_change,20,heldout,-2.0106325353790253,-0.5328371451533912,-4.221840797447006,-1.154643984609335,0.99,0.019801980198019802
displacement,gru_prediction_change,20,cross_task,-5.267352684417525,-21.83023025877178,-15.15708613470642,-3.8293579428670688,0.22,0.7821782178217822
displacement,gru_prediction_change,20,cross_manipulation,-12.429229061721873,-17.817717381537854,-29.370686094327702,-5.691167815774268,0.59,0.4158415841584158
l22,persistence_policy_change,20,heldout,-0.07578316852283178,0.4435747475809681,-0.2745568363049805,0.39490685361123473,0.95,0.0594059405940594
l22,persistence_policy_change,20,cross_task,-3.7479808010627296,-1.9385087438568842,-3.404444747512028,-0.4021812652207115,0.67,0.33663366336633666
l22,persistence_policy_change,20,cross_manipulation,-0.9957284747708058,-0.42942431955243465,-2.5779150642718656,-0.21774892578086288,0.92,0.0891089108910891
l22,gru_prediction_change,20,heldout,-2.8665698812231657,-0.7653845206090822,-4.134968470673473,-1.0847240689565578,0.98,0.0297029702970297
l22,gru_prediction_change,20,cross_task,-7.225739926567482,-15.328016506225353,-13.912509165596207,-4.0587385575006625,0.37,0.6336633663366337
l22,gru_prediction_change,20,cross_manipulation,-19.06304895778603,-12.334178939570089,-26.46227144421071,-5.014709900060228,0.66,0.3465346534653465
l21,persistence_policy_change,21,heldout,0.23690380081574616,0.23289050308386264,-0.35265315208205,0.3129906889921754,0.9,0.10891089108910891
l21,persistence_policy_change,21,cross_task,-0.2584478278241678,-4.4847831579800825,-3.743109958875379,-0.6765383065564694,0.34,0.6633663366336634
l21,persistence_policy_change,21,cross_manipulation,-0.7696200543088562,-1.9863721173989817,-3.2177498436495227,-0.39562950365230387,0.62,0.38613861386138615
l21,gru_prediction_change,21,heldout,-2.9565346040574547,-1.6436234306436024,-4.454140620010969,-1.0549812270783459,0.9,0.10891089108910891
l21,gru_prediction_change,21,cross_task,-10.231185066433817,-11.425161616594394,-14.852561420156665,-4.438716065601354,0.51,0.49504950495049505
l21,gru_prediction_change,21,cross_manipulation,-17.416823231184516,-29.194873409991516,-29.069072915317847,-5.674430437210481,0.42,0.5841584158415841
displacement,persistence_policy_change,21,heldout,0.11765255309408813,0.4744023069868788,-0.16334077322455712,0.4274103385709274,0.96,0.04950495049504951
displacement,persistence_policy_change,21,cross_task,-1.8079311237175244,-2.147074898548174,-2.830835460252372,-0.6313505735025678,0.54,0.46534653465346537
displacement,persistence_policy_change,21,cross_manipulation,-0.9762205350987143,-0.3379699144006535,-2.1565288602558113,-0.22927963912215138,0.93,0.07920792079207921
displacement,gru_prediction_change,21,heldout,-4.544022620678344,-0.5328371451533912,-4.221840797447006,-1.154643984609335,0.99,0.019801980198019802
displacement,gru_prediction_change,21,cross_task,-11.869645445266984,-21.83023025877178,-15.15708613470642,-3.8293579428670688,0.22,0.7821782178217822
displacement,gru_prediction_change,21,cross_manipulation,-25.311743516271903,-17.817717381537854,-29.370686094327702,-5.691167815774268,0.59,0.4158415841584158
l22,persistence_policy_change,21,heldout,-0.07513648160839408,0.4435747475809681,-0.2745568363049805,0.39490685361123473,0.95,0.0594059405940594
l22,persistence_policy_change,21,cross_task,-1.6541989121996814,-1.9385087438568842,-3.404444747512028,-0.4021812652207115,0.67,0.33663366336633666
l22,persistence_policy_change,21,cross_manipulation,-1.4369005677971565,-0.42942431955243465,-2.5779150642718656,-0.21774892578086288,0.92,0.0891089108910891
l22,gru_prediction_change,21,heldout,-5.452797453992583,-0.7653845206090822,-4.134968470673473,-1.0847240689565578,0.98,0.0297029702970297
l22,gru_prediction_change,21,cross_task,-17.332363472955407,-15.328016506225353,-13.912509165596207,-4.0587385575006625,0.37,0.6336633663366337
l22,gru_prediction_change,21,cross_manipulation,-45.2778425002092,-12.334178939570089,-26.46227144421071,-5.014709900060228,0.66,0.3465346534653465
l21,persistence_policy_change,22,heldout,-0.14656397616763747,0.23289050308386264,-0.35265315208205,0.3129906889921754,0.9,0.10891089108910891
l21,persistence_policy_change,22,cross_task,-2.702272177322848,-4.4847831579800825,-3.743109958875379,-0.6765383065564694,0.34,0.6633663366336634
l21,persistence_policy_change,22,cross_manipulation,-0.48562759702941116,-1.9863721173989817,-3.2177498436495227,-0.39562950365230387,0.62,0.38613861386138615
l21,gru_prediction_change,22,heldout,-2.662167420337567,-1.6436234306436024,-4.454140620010969,-1.0549812270783459,0.9,0.10891089108910891
l21,gru_prediction_change,22,cross_task,-14.878246236148689,-11.425161616594394,-14.852561420156665,-4.438716065601354,0.51,0.49504950495049505
l21,gru_prediction_change,22,cross_manipulation,-9.10384363962233,-29.194873409991516,-29.069072915317847,-5.674430437210481,0.42,0.5841584158415841
displacement,persistence_policy_change,22,heldout,0.5547324120991649,0.4744023069868788,-0.16334077322455712,0.4274103385709274,0.96,0.04950495049504951
displacement,persistence_policy_change,22,cross_task,0.2964377031396091,-2.147074898548174,-2.830835460252372,-0.6313505735025678,0.54,0.46534653465346537
displacement,persistence_policy_change,22,cross_manipulation,0.3292846858736203,-0.3379699144006535,-2.1565288602558113,-0.22927963912215138,0.93,0.07920792079207921
displacement,gru_prediction_change,22,heldout,-2.3560070963702486,-0.5328371451533912,-4.221840797447006,-1.154643984609335,0.99,0.019801980198019802
displacement,gru_prediction_change,22,cross_task,-7.739628896174604,-21.83023025877178,-15.15708613470642,-3.8293579428670688,0.22,0.7821782178217822
displacement,gru_prediction_change,22,cross_manipulation,-10.166796702079859,-17.817717381537854,-29.370686094327702,-5.691167815774268,0.59,0.4158415841584158
l22,persistence_policy_change,22,heldout,-0.10820498240230492,0.4435747475809681,-0.2745568363049805,0.39490685361123473,0.95,0.0594059405940594
l22,persistence_policy_change,22,cross_task,-1.6548832907216433,-1.9385087438568842,-3.404444747512028,-0.4021812652207115,0.67,0.33663366336633666
l22,persistence_policy_change,22,cross_manipulation,-1.533010122568313,-0.42942431955243465,-2.5779150642718656,-0.21774892578086288,0.92,0.0891089108910891
l22,gru_prediction_change,22,heldout,-4.874257798481657,-0.7653845206090822,-4.134968470673473,-1.0847240689565578,0.98,0.0297029702970297
l22,gru_prediction_change,22,cross_task,-15.557173188487269,-15.328016506225353,-13.912509165596207,-4.0587385575006625,0.37,0.6336633663366337
l22,gru_prediction_change,22,cross_manipulation,-27.94948611694092,-12.334178939570089,-26.46227144421071,-5.014709900060228,0.66,0.3465346534653465
l21,persistence_policy_change,23,heldout,-0.8163537336968728,0.23289050308386264,-0.35265315208205,0.3129906889921754,0.9,0.10891089108910891
l21,persistence_policy_change,23,cross_task,-3.8596849803244115,-4.4847831579800825,-3.743109958875379,-0.6765383065564694,0.34,0.6633663366336634
l21,persistence_policy_change,23,cross_manipulation,-6.549833156403027,-1.9863721173989817,-3.2177498436495227,-0.39562950365230387,0.62,0.38613861386138615
l21,gru_prediction_change,23,heldout,-8.847244832545625,-1.6436234306436024,-4.454140620010969,-1.0549812270783459,0.9,0.10891089108910891
l21,gru_prediction_change,23,cross_task,-23.426589846517984,-11.425161616594394,-14.852561420156665,-4.438716065601354,0.51,0.49504950495049505
l21,gru_prediction_change,23,cross_manipulation,-79.04836048826408,-29.194873409991516,-29.069072915317847,-5.674430437210481,0.42,0.5841584158415841
displacement,persistence_policy_change,23,heldout,0.30497879853164284,0.4744023069868788,-0.16334077322455712,0.4274103385709274,0.96,0.04950495049504951
displacement,persistence_policy_change,23,cross_task,-1.0340165180311764,-2.147074898548174,-2.830835460252372,-0.6313505735025678,0.54,0.46534653465346537
displacement,persistence_policy_change,23,cross_manipulation,-0.8387749026492554,-0.3379699144006535,-2.1565288602558113,-0.22927963912215138,0.93,0.07920792079207921
displacement,gru_prediction_change,23,heldout,-1.9124583560492778,-0.5328371451533912,-4.221840797447006,-1.154643984609335,0.99,0.019801980198019802
displacement,gru_prediction_change,23,cross_task,-7.219535711858618,-21.83023025877178,-15.15708613470642,-3.8293579428670688,0.22,0.7821782178217822
displacement,gru_prediction_change,23,cross_manipulation,-8.664932064859354,-17.817717381537854,-29.370686094327702,-5.691167815774268,0.59,0.4158415841584158
l22,persistence_policy_change,23,heldout,-0.5964035923746324,0.4435747475809681,-0.2745568363049805,0.39490685361123473,0.95,0.0594059405940594
l22,persistence_policy_change,23,cross_task,-5.781075526853894,-1.9385087438568842,-3.404444747512028,-0.4021812652207115,0.67,0.33663366336633666
l22,persistence_policy_change,23,cross_manipulation,-2.9580249748442276,-0.42942431955243465,-2.5779150642718656,-0.21774892578086288,0.92,0.0891089108910891
l22,gru_prediction_change,23,heldout,-3.0610479469564233,-0.7653845206090822,-4.134968470673473,-1.0847240689565578,0.98,0.0297029702970297
l22,gru_prediction_change,23,cross_task,-8.063142641799898,-15.328016506225353,-13.912509165596207,-4.0587385575006625,0.37,0.6336633663366337
l22,gru_prediction_change,23,cross_manipulation,-11.062714685730372,-12.334178939570089,-26.46227144421071,-5.014709900060228,0.66,0.3465346534653465
l21,persistence_policy_change,24,heldout,0.07757381265032903,0.23289050308386264,-0.35265315208205,0.3129906889921754,0.9,0.10891089108910891
l21,persistence_policy_change,24,cross_task,-0.9942545399736614,-4.4847831579800825,-3.743109958875379,-0.6765383065564694,0.34,0.6633663366336634
l21,persistence_policy_change,24,cross_manipulation,-1.2840171376889415,-1.9863721173989817,-3.2177498436495227,-0.39562950365230387,0.62,0.38613861386138615
l21,gru_prediction_change,24,heldout,-3.943376963283274,-1.6436234306436024,-4.454140620010969,-1.0549812270783459,0.9,0.10891089108910891
l21,gru_prediction_change,24,cross_task,-8.181983640753739,-11.425161616594394,-14.852561420156665,-4.438716065601354,0.51,0.49504950495049505
l21,gru_prediction_change,24,cross_manipulation,-19.232272114070078,-29.194873409991516,-29.069072915317847,-5.674430437210481,0.42,0.5841584158415841
displacement,persistence_policy_change,24,heldout,-1.4159206324933997,0.4744023069868788,-0.16334077322455712,0.4274103385709274,0.96,0.04950495049504951
displacement,persistence_policy_change,24,cross_task,-13.955639867527642,-2.147074898548174,-2.830835460252372,-0.6313505735025678,0.54,0.46534653465346537
displacement,persistence_policy_change,24,cross_manipulation,-5.471109479098879,-0.3379699144006535,-2.1565288602558113,-0.22927963912215138,0.93,0.07920792079207921
displacement,gru_prediction_change,24,heldout,-3.5303918764669375,-0.5328371451533912,-4.221840797447006,-1.154643984609335,0.99,0.019801980198019802
displacement,gru_prediction_change,24,cross_task,-12.89169924530196,-21.83023025877178,-15.15708613470642,-3.8293579428670688,0.22,0.7821782178217822
displacement,gru_prediction_change,24,cross_manipulation,-26.485682151662495,-17.817717381537854,-29.370686094327702,-5.691167815774268,0.59,0.4158415841584158
l22,persistence_policy_change,24,heldout,0.0653652243578731,0.4435747475809681,-0.2745568363049805,0.39490685361123473,0.95,0.0594059405940594
l22,persistence_policy_change,24,cross_task,-2.5973801520703543,-1.9385087438568842,-3.404444747512028,-0.4021812652207115,0.67,0.33663366336633666
l22,persistence_policy_change,24,cross_manipulation,-1.1334488231421365,-0.42942431955243465,-2.5779150642718656,-0.21774892578086288,0.92,0.0891089108910891
l22,gru_prediction_change,24,heldout,-1.894602148521222,-0.7653845206090822,-4.134968470673473,-1.0847240689565578,0.98,0.0297029702970297
l22,gru_prediction_change,24,cross_task,-4.074214724938666,-15.328016506225353,-13.912509165596207,-4.0587385575006625,0.37,0.6336633663366337
l22,gru_prediction_change,24,cross_manipulation,-5.026380060083757,-12.334178939570089,-26.46227144421071,-5.014709900060228,0.66,0.3465346534653465
l21,persistence_policy_change,25,heldout,-0.29295577856607213,0.23289050308386264,-0.35265315208205,0.3129906889921754,0.9,0.10891089108910891
l21,persistence_policy_change,25,cross_task,-3.503682411669408,-4.4847831579800825,-3.743109958875379,-0.6765383065564694,0.34,0.6633663366336634
l21,persistence_policy_change,25,cross_manipulation,-2.9855898888613646,-1.9863721173989817,-3.2177498436495227,-0.39562950365230387,0.62,0.38613861386138615
l21,gru_prediction_change,25,heldout,-2.657091249405843,-1.6436234306436024,-4.454140620010969,-1.0549812270783459,0.9,0.10891089108910891
l21,gru_prediction_change,25,cross_task,-6.2984177022414345,-11.425161616594394,-14.852561420156665,-4.438716065601354,0.51,0.49504950495049505
l21,gru_prediction_change,25,cross_manipulation,-14.56608003107739,-29.194873409991516,-29.069072915317847,-5.674430437210481,0.42,0.5841584158415841
displacement,persistence_policy_change,25,heldout,-0.5222089970830898,0.4744023069868788,-0.16334077322455712,0.4274103385709274,0.96,0.04950495049504951
displacement,persistence_policy_change,25,cross_task,-5.341986300706722,-2.147074898548174,-2.830835460252372,-0.6313505735025678,0.54,0.46534653465346537
displacement,persistence_policy_change,25,cross_manipulation,-2.1740057527812615,-0.3379699144006535,-2.1565288602558113,-0.22927963912215138,0.93,0.07920792079207921
displacement,gru_prediction_change,25,heldout,-4.350436072289879,-0.5328371451533912,-4.221840797447006,-1.154643984609335,0.99,0.019801980198019802
displacement,gru_prediction_change,25,cross_task,-18.427941044687348,-21.83023025877178,-15.15708613470642,-3.8293579428670688,0.22,0.7821782178217822
displacement,gru_prediction_change,25,cross_manipulation,-16.641697259033077,-17.817717381537854,-29.370686094327702,-5.691167815774268,0.59,0.4158415841584158
l22,persistence_policy_change,25,heldout,-0.6351150129802463,0.4435747475809681,-0.2745568363049805,0.39490685361123473,0.95,0.0594059405940594
l22,persistence_policy_change,25,cross_task,-5.366396972417103,-1.9385087438568842,-3.404444747512028,-0.4021812652207115,0.67,0.33663366336633666
l22,persistence_policy_change,25,cross_manipulation,-4.127547845093386,-0.42942431955243465,-2.5779150642718656,-0.21774892578086288,0.92,0.0891089108910891
l22,gru_prediction_change,25,heldout,-2.7153661740239463,-0.7653845206090822,-4.134968470673473,-1.0847240689565578,0.98,0.0297029702970297
l22,gru_prediction_change,25,cross_task,-6.729160701558789,-15.328016506225353,-13.912509165596207,-4.0587385575006625,0.37,0.6336633663366337
l22,gru_prediction_change,25,cross_manipulation,-11.542328791931762,-12.334178939570089,-26.46227144421071,-5.014709900060228,0.66,0.3465346534653465
l21,persistence_policy_change,26,heldout,-0.23780136103623786,0.23289050308386264,-0.35265315208205,0.3129906889921754,0.9,0.10891089108910891
l21,persistence_policy_change,26,cross_task,-6.032070491490039,-4.4847831579800825,-3.743109958875379,-0.6765383065564694,0.34,0.6633663366336634
l21,persistence_policy_change,26,cross_manipulation,-3.5329653385921977,-1.9863721173989817,-3.2177498436495227,-0.39562950365230387,0.62,0.38613861386138615
l21,gru_prediction_change,26,heldout,-2.729441496497397,-1.6436234306436024,-4.454140620010969,-1.0549812270783459,0.9,0.10891089108910891
l21,gru_prediction_change,26,cross_task,-11.120656487262005,-11.425161616594394,-14.852561420156665,-4.438716065601354,0.51,0.49504950495049505
l21,gru_prediction_change,26,cross_manipulation,-9.9559875684004,-29.194873409991516,-29.069072915317847,-5.674430437210481,0.42,0.5841584158415841
displacement,persistence_policy_change,26,heldout,-0.22452414497433384,0.4744023069868788,-0.16334077322455712,0.4274103385709274,0.96,0.04950495049504951
displacement,persistence_policy_change,26,cross_task,-2.971066214324775,-2.147074898548174,-2.830835460252372,-0.6313505735025678,0.54,0.46534653465346537
displacement,persistence_policy_change,26,cross_manipulation,-2.1818940182501505,-0.3379699144006535,-2.1565288602558113,-0.22927963912215138,0.93,0.07920792079207921
displacement,gru_prediction_change,26,heldout,-6.135989988845334,-0.5328371451533912,-4.221840797447006,-1.154643984609335,0.99,0.019801980198019802
displacement,gru_prediction_change,26,cross_task,-32.301750639086116,-21.83023025877178,-15.15708613470642,-3.8293579428670688,0.22,0.7821782178217822
displacement,gru_prediction_change,26,cross_manipulation,-39.7742263154791,-17.817717381537854,-29.370686094327702,-5.691167815774268,0.59,0.4158415841584158
l22,persistence_policy_change,26,heldout,-1.7387219471811826,0.4435747475809681,-0.2745568363049805,0.39490685361123473,0.95,0.0594059405940594
l22,persistence_policy_change,26,cross_task,-11.99101361763145,-1.9385087438568842,-3.404444747512028,-0.4021812652207115,0.67,0.33663366336633666
l22,persistence_policy_change,26,cross_manipulation,-7.7072792975810716,-0.42942431955243465,-2.5779150642718656,-0.21774892578086288,0.92,0.0891089108910891
l22,gru_prediction_change,26,heldout,-6.480501567285778,-0.7653845206090822,-4.134968470673473,-1.0847240689565578,0.98,0.0297029702970297
l22,gru_prediction_change,26,cross_task,-19.804207446907522,-15.328016506225353,-13.912509165596207,-4.0587385575006625,0.37,0.6336633663366337
l22,gru_prediction_change,26,cross_manipulation,-26.72068158894759,-12.334178939570089,-26.46227144421071,-5.014709900060228,0.66,0.3465346534653465
l21,persistence_policy_change,27,heldout,-0.727455699138701,0.23289050308386264,-0.35265315208205,0.3129906889921754,0.9,0.10891089108910891
l21,persistence_policy_change,27,cross_task,-2.8274680370539698,-4.4847831579800825,-3.743109958875379,-0.6765383065564694,0.34,0.6633663366336634
l21,persistence_policy_change,27,cross_manipulation,-4.390460943136355,-1.9863721173989817,-3.2177498436495227,-0.39562950365230387,0.62,0.38613861386138615
l21,gru_prediction_change,27,heldout,-8.182025566366633,-1.6436234306436024,-4.454140620010969,-1.0549812270783459,0.9,0.10891089108910891
l21,gru_prediction_change,27,cross_task,-17.0567662286677,-11.425161616594394,-14.852561420156665,-4.438716065601354,0.51,0.49504950495049505
l21,gru_prediction_change,27,cross_manipulation,-49.403420879440475,-29.194873409991516,-29.069072915317847,-5.674430437210481,0.42,0.5841584158415841
displacement,persistence_policy_change,27,heldout,-0.22430825780760166,0.4744023069868788,-0.16334077322455712,0.4274103385709274,0.96,0.04950495049504951
displacement,persistence_policy_change,27,cross_task,-4.963338200982188,-2.147074898548174,-2.830835460252372,-0.6313505735025678,0.54,0.46534653465346537
displacement,persistence_policy_change,27,cross_manipulation,-2.498588376302403,-0.3379699144006535,-2.1565288602558113,-0.22927963912215138,0.93,0.07920792079207921
displacement,gru_prediction_change,27,heldout,-10.425157173519352,-0.5328371451533912,-4.221840797447006,-1.154643984609335,0.99,0.019801980198019802
displacement,gru_prediction_change,27,cross_task,-79.06268139954659,-21.83023025877178,-15.15708613470642,-3.8293579428670688,0.22,0.7821782178217822
displacement,gru_prediction_change,27,cross_manipulation,-110.59289210287602,-17.817717381537854,-29.370686094327702,-5.691167815774268,0.59,0.4158415841584158
l22,persistence_policy_change,27,heldout,0.010675668420558004,0.4435747475809681,-0.2745568363049805,0.39490685361123473,0.95,0.0594059405940594
l22,persistence_policy_change,27,cross_task,-1.123007920974385,-1.9385087438568842,-3.404444747512028,-0.4021812652207115,0.67,0.33663366336633666
l22,persistence_policy_change,27,cross_manipulation,-1.7790208738258984,-0.42942431955243465,-2.5779150642718656,-0.21774892578086288,0.92,0.0891089108910891
l22,gru_prediction_change,27,heldout,-6.640468152256376,-0.7653845206090822,-4.134968470673473,-1.0847240689565578,0.98,0.0297029702970297
l22,gru_prediction_change,27,cross_task,-12.312598977249998,-15.328016506225353,-13.912509165596207,-4.0587385575006625,0.37,0.6336633663366337
l22,gru_prediction_change,27,cross_manipulation,-40.29963289450847,-12.334178939570089,-26.46227144421071,-5.014709900060228,0.66,0.3465346534653465
l21,persistence_policy_change,28,heldout,-1.470225834053087,0.23289050308386264,-0.35265315208205,0.3129906889921754,0.9,0.10891089108910891
l21,persistence_policy_change,28,cross_task,-6.592879552180077,-4.4847831579800825,-3.743109958875379,-0.6765383065564694,0.34,0.6633663366336634
l21,persistence_policy_change,28,cross_manipulation,-6.829803989112605,-1.9863721173989817,-3.2177498436495227,-0.39562950365230387,0.62,0.38613861386138615
l21,gru_prediction_change,28,heldout,-8.589047480280186,-1.6436234306436024,-4.454140620010969,-1.0549812270783459,0.9,0.10891089108910891
l21,gru_prediction_change,28,cross_task,-21.84567804144838,-11.425161616594394,-14.852561420156665,-4.438716065601354,0.51,0.49504950495049505
l21,gru_prediction_change,28,cross_manipulation,-52.27044042839473,-29.194873409991516,-29.069072915317847,-5.674430437210481,0.42,0.5841584158415841
displacement,persistence_policy_change,28,heldout,-0.13180069599163532,0.4744023069868788,-0.16334077322455712,0.4274103385709274,0.96,0.04950495049504951
displacement,persistence_policy_change,28,cross_task,-3.221895258138165,-2.147074898548174,-2.830835460252372,-0.6313505735025678,0.54,0.46534653465346537
displacement,persistence_policy_change,28,cross_manipulation,-3.2065986278528227,-0.3379699144006535,-2.1565288602558113,-0.22927963912215138,0.93,0.07920792079207921
displacement,gru_prediction_change,28,heldout,-4.063799124971114,-0.5328371451533912,-4.221840797447006,-1.154643984609335,0.99,0.019801980198019802
displacement,gru_prediction_change,28,cross_task,-13.513335456827319,-21.83023025877178,-15.15708613470642,-3.8293579428670688,0.22,0.7821782178217822
displacement,gru_prediction_change,28,cross_manipulation,-47.32305046899278,-17.817717381537854,-29.370686094327702,-5.691167815774268,0.59,0.4158415841584158
l22,persistence_policy_change,28,heldout,-1.0288103160437787,0.4435747475809681,-0.2745568363049805,0.39490685361123473,0.95,0.0594059405940594
l22,persistence_policy_change,28,cross_task,-7.8067776001674085,-1.9385087438568842,-3.404444747512028,-0.4021812652207115,0.67,0.33663366336633666
l22,persistence_policy_change,28,cross_manipulation,-6.53187292966641,-0.42942431955243465,-2.5779150642718656,-0.21774892578086288,0.92,0.0891089108910891
l22,gru_prediction_change,28,heldout,-8.931456412585801,-0.7653845206090822,-4.134968470673473,-1.0847240689565578,0.98,0.0297029702970297
l22,gru_prediction_change,28,cross_task,-40.00526963208964,-15.328016506225353,-13.912509165596207,-4.0587385575006625,0.37,0.6336633663366337
l22,gru_prediction_change,28,cross_manipulation,-50.9162885466058,-12.334178939570089,-26.46227144421071,-5.014709900060228,0.66,0.3465346534653465
l21,persistence_policy_change,29,heldout,-0.019150181939506978,0.23289050308386264,-0.35265315208205,0.3129906889921754,0.9,0.10891089108910891
l21,persistence_policy_change,29,cross_task,-4.780836117048883,-4.4847831579800825,-3.743109958875379,-0.6765383065564694,0.34,0.6633663366336634
l21,persistence_policy_change,29,cross_manipulation,-1.1281217267210766,-1.9863721173989817,-3.2177498436495227,-0.39562950365230387,0.62,0.38613861386138615
l21,gru_prediction_change,29,heldout,-3.2302208882498396,-1.6436234306436024,-4.454140620010969,-1.0549812270783459,0.9,0.10891089108910891
l21,gru_prediction_change,29,cross_task,-12.350995956490623,-11.425161616594394,-14.852561420156665,-4.438716065601354,0.51,0.49504950495049505
l21,gru_prediction_change,29,cross_manipulation,-15.699646903607217,-29.194873409991516,-29.069072915317847,-5.674430437210481,0.42,0.5841584158415841
displacement,persistence_policy_change,29,heldout,0.1819163066004318,0.4744023069868788,-0.16334077322455712,0.4274103385709274,0.96,0.04950495049504951
displacement,persistence_policy_change,29,cross_task,-1.3703967952663316,-2.147074898548174,-2.830835460252372,-0.6313505735025678,0.54,0.46534653465346537
displacement,persistence_policy_change,29,cross_manipulation,-0.9980865472030274,-0.3379699144006535,-2.1565288602558113,-0.22927963912215138,0.93,0.07920792079207921
displacement,gru_prediction_change,29,heldout,-3.6599005762079577,-0.5328371451533912,-4.221840797447006,-1.154643984609335,0.99,0.019801980198019802
displacement,gru_prediction_change,29,cross_task,-16.298026000592916,-21.83023025877178,-15.15708613470642,-3.8293579428670688,0.22,0.7821782178217822
displacement,gru_prediction_change,29,cross_manipulation,-18.732567974571673,-17.817717381537854,-29.370686094327702,-5.691167815774268,0.59,0.4158415841584158
l22,persistence_policy_change,29,heldout,0.33281646679824944,0.4435747475809681,-0.2745568363049805,0.39490685361123473,0.95,0.0594059405940594
l22,persistence_policy_change,29,cross_task,-0.43231659108612536,-1.9385087438568842,-3.404444747512028,-0.4021812652207115,0.67,0.33663366336633666
l22,persistence_policy_change,29,cross_manipulation,-0.4483207123012227,-0.42942431955243465,-2.5779150642718656,-0.21774892578086288,0.92,0.0891089108910891
l22,gru_prediction_change,29,heldout,-1.4188791693495582,-0.7653845206090822,-4.134968470673473,-1.0847240689565578,0.98,0.0297029702970297
l22,gru_prediction_change,29,cross_task,-5.1590636913884005,-15.328016506225353,-13.912509165596207,-4.0587385575006625,0.37,0.6336633663366337
l22,gru_prediction_change,29,cross_manipulation,-8.712296183300811,-12.334178939570089,-26.46227144421071,-5.014709900060228,0.66,0.3465346534653465
l21,persistence_policy_change,30,heldout,-0.12703341247849795,0.23289050308386264,-0.35265315208205,0.3129906889921754,0.9,0.10891089108910891
l21,persistence_policy_change,30,cross_task,-1.7960068559995375,-4.4847831579800825,-3.743109958875379,-0.6765383065564694,0.34,0.6633663366336634
l21,persistence_policy_change,30,cross_manipulation,-2.4770619504526534,-1.9863721173989817,-3.2177498436495227,-0.39562950365230387,0.62,0.38613861386138615
l21,gru_prediction_change,30,heldout,-2.4921505630467515,-1.6436234306436024,-4.454140620010969,-1.0549812270783459,0.9,0.10891089108910891
l21,gru_prediction_change,30,cross_task,-8.9072653010063,-11.425161616594394,-14.852561420156665,-4.438716065601354,0.51,0.49504950495049505
l21,gru_prediction_change,30,cross_manipulation,-20.284912153182127,-29.194873409991516,-29.069072915317847,-5.674430437210481,0.42,0.5841584158415841
displacement,persistence_policy_change,30,heldout,-0.02189634621634262,0.4744023069868788,-0.16334077322455712,0.4274103385709274,0.96,0.04950495049504951
displacement,persistence_policy_change,30,cross_task,-1.6329246282435852,-2.147074898548174,-2.830835460252372,-0.6313505735025678,0.54,0.46534653465346537
displacement,persistence_policy_change,30,cross_manipulation,-1.2108144700579122,-0.3379699144006535,-2.1565288602558113,-0.22927963912215138,0.93,0.07920792079207921
displacement,gru_prediction_change,30,heldout,-3.777635650291034,-0.5328371451533912,-4.221840797447006,-1.154643984609335,0.99,0.019801980198019802
displacement,gru_prediction_change,30,cross_task,-13.93025668162502,-21.83023025877178,-15.15708613470642,-3.8293579428670688,0.22,0.7821782178217822
displacement,gru_prediction_change,30,cross_manipulation,-29.570561192271544,-17.817717381537854,-29.370686094327702,-5.691167815774268,0.59,0.4158415841584158
l22,persistence_policy_change,30,heldout,-1.0713363564300613,0.4435747475809681,-0.2745568363049805,0.39490685361123473,0.95,0.0594059405940594
l22,persistence_policy_change,30,cross_task,-4.142403199637973,-1.9385087438568842,-3.404444747512028,-0.4021812652207115,0.67,0.33663366336633666
l22,persistence_policy_change,30,cross_manipulation,-4.223994352108643,-0.42942431955243465,-2.5779150642718656,-0.21774892578086288,0.92,0.0891089108910891
l22,gru_prediction_change,30,heldout,-5.8891405701701816,-0.7653845206090822,-4.134968470673473,-1.0847240689565578,0.98,0.0297029702970297
l22,gru_prediction_change,30,cross_task,-12.736731639293865,-15.328016506225353,-13.912509165596207,-4.0587385575006625,0.37,0.6336633663366337
l22,gru_prediction_change,30,cross_manipulation,-46.26868293826355,-12.334178939570089,-26.46227144421071,-5.014709900060228,0.66,0.3465346534653465
l21,persistence_policy_change,31,heldout,-0.1608632656231399,0.23289050308386264,-0.35265315208205,0.3129906889921754,0.9,0.10891089108910891
l21,persistence_policy_change,31,cross_task,-1.2794103864474888,-4.4847831579800825,-3.743109958875379,-0.6765383065564694,0.34,0.6633663366336634
l21,persistence_policy_change,31,cross_manipulation,-0.8211126312659978,-1.9863721173989817,-3.2177498436495227,-0.39562950365230387,0.62,0.38613861386138615
l21,gru_prediction_change,31,heldout,-1.4097052311875375,-1.6436234306436024,-4.454140620010969,-1.0549812270783459,0.9,0.10891089108910891
l21,gru_prediction_change,31,cross_task,-3.192182264054605,-11.425161616594394,-14.852561420156665,-4.438716065601354,0.51,0.49504950495049505
l21,gru_prediction_change,31,cross_manipulation,-14.261834570835083,-29.194873409991516,-29.069072915317847,-5.674430437210481,0.42,0.5841584158415841
displacement,persistence_policy_change,31,heldout,0.04215146595174731,0.4744023069868788,-0.16334077322455712,0.4274103385709274,0.96,0.04950495049504951
displacement,persistence_policy_change,31,cross_task,-2.1560109227590956,-2.147074898548174,-2.830835460252372,-0.6313505735025678,0.54,0.46534653465346537
displacement,persistence_policy_change,31,cross_manipulation,-1.0139813284197605,-0.3379699144006535,-2.1565288602558113,-0.22927963912215138,0.93,0.07920792079207921
displacement,gru_prediction_change,31,heldout,-0.7311053564542404,-0.5328371451533912,-4.221840797447006,-1.154643984609335,0.99,0.019801980198019802
displacement,gru_prediction_change,31,cross_task,-3.3081844051037,-21.83023025877178,-15.15708613470642,-3.8293579428670688,0.22,0.7821782178217822
displacement,gru_prediction_change,31,cross_manipulation,-7.453430059617335,-17.817717381537854,-29.370686094327702,-5.691167815774268,0.59,0.4158415841584158
l22,persistence_policy_change,31,heldout,0.08085458856900696,0.4435747475809681,-0.2745568363049805,0.39490685361123473,0.95,0.0594059405940594
l22,persistence_policy_change,31,cross_task,-1.2141487281157621,-1.9385087438568842,-3.404444747512028,-0.4021812652207115,0.67,0.33663366336633666
l22,persistence_policy_change,31,cross_manipulation,-0.8003862755773025,-0.42942431955243465,-2.5779150642718656,-0.21774892578086288,0.92,0.0891089108910891
l22,gru_prediction_change,31,heldout,-1.498122223245551,-0.7653845206090822,-4.134968470673473,-1.0847240689565578,0.98,0.0297029702970297
l22,gru_prediction_change,31,cross_task,-4.668460615264114,-15.328016506225353,-13.912509165596207,-4.0587385575006625,0.37,0.6336633663366337
l22,gru_prediction_change,31,cross_manipulation,-14.993752325532768,-12.334178939570089,-26.46227144421071,-5.014709900060228,0.66,0.3465346534653465
l21,persistence_policy_change,32,heldout,0.026637184102728233,0.23289050308386264,-0.35265315208205,0.3129906889921754,0.9,0.10891089108910891
l21,persistence_policy_change,32,cross_task,-1.66464355257854,-4.4847831579800825,-3.743109958875379,-0.6765383065564694,0.34,0.6633663366336634
l21,persistence_policy_change,32,cross_manipulation,-0.479792514868849,-1.9863721173989817,-3.2177498436495227,-0.39562950365230387,0.62,0.38613861386138615
l21,gru_prediction_change,32,heldout,-2.875830857251763,-1.6436234306436024,-4.454140620010969,-1.0549812270783459,0.9,0.10891089108910891
l21,gru_prediction_change,32,cross_task,-13.527166872957935,-11.425161616594394,-14.852561420156665,-4.438716065601354,0.51,0.49504950495049505
l21,gru_prediction_change,32,cross_manipulation,-7.779132052666664,-29.194873409991516,-29.069072915317847,-5.674430437210481,0.42,0.5841584158415841
displacement,persistence_policy_change,32,heldout,-0.4633206133486232,0.4744023069868788,-0.16334077322455712,0.4274103385709274,0.96,0.04950495049504951
displacement,persistence_policy_change,32,cross_task,-3.7392881887302587,-2.147074898548174,-2.830835460252372,-0.6313505735025678,0.54,0.46534653465346537
displacement,persistence_policy_change,32,cross_manipulation,-3.363853916537481,-0.3379699144006535,-2.1565288602558113,-0.22927963912215138,0.93,0.07920792079207921
displacement,gru_prediction_change,32,heldout,-8.170836122162699,-0.5328371451533912,-4.221840797447006,-1.154643984609335,0.99,0.019801980198019802
displacement,gru_prediction_change,32,cross_task,-30.914675206602464,-21.83023025877178,-15.15708613470642,-3.8293579428670688,0.22,0.7821782178217822
displacement,gru_prediction_change,32,cross_manipulation,-17.409126837397558,-17.817717381537854,-29.370686094327702,-5.691167815774268,0.59,0.4158415841584158
l22,persistence_policy_change,32,heldout,0.29096341976422946,0.4435747475809681,-0.2745568363049805,0.39490685361123473,0.95,0.0594059405940594
l22,persistence_policy_change,32,cross_task,-0.7231577966336807,-1.9385087438568842,-3.404444747512028,-0.4021812652207115,0.67,0.33663366336633666
l22,persistence_policy_change,32,cross_manipulation,-0.19874915910084293,-0.42942431955243465,-2.5779150642718656,-0.21774892578086288,0.92,0.0891089108910891
l22,gru_prediction_change,32,heldout,-1.63466443706423,-0.7653845206090822,-4.134968470673473,-1.0847240689565578,0.98,0.0297029702970297
l22,gru_prediction_change,32,cross_task,-16.810876585664417,-15.328016506225353,-13.912509165596207,-4.0587385575006625,0.37,0.6336633663366337
l22,gru_prediction_change,32,cross_manipulation,-14.448443166792728,-12.334178939570089,-26.46227144421071,-5.014709900060228,0.66,0.3465346534653465
l21,persistence_policy_change,33,heldout,-0.8320858676880638,0.23289050308386264,-0.35265315208205,0.3129906889921754,0.9,0.10891089108910891
l21,persistence_policy_change,33,cross_task,-2.957545442795928,-4.4847831579800825,-3.743109958875379,-0.6765383065564694,0.34,0.6633663366336634
l21,persistence_policy_change,33,cross_manipulation,-4.3342016537436505,-1.9863721173989817,-3.2177498436495227,-0.39562950365230387,0.62,0.38613861386138615
l21,gru_prediction_change,33,heldout,-7.735357701188864,-1.6436234306436024,-4.454140620010969,-1.0549812270783459,0.9,0.10891089108910891
l21,gru_prediction_change,33,cross_task,-16.160539315654713,-11.425161616594394,-14.852561420156665,-4.438716065601354,0.51,0.49504950495049505
l21,gru_prediction_change,33,cross_manipulation,-92.13980169249645,-29.194873409991516,-29.069072915317847,-5.674430437210481,0.42,0.5841584158415841
displacement,persistence_policy_change,33,heldout,-0.3171419519185591,0.4744023069868788,-0.16334077322455712,0.4274103385709274,0.96,0.04950495049504951
displacement,persistence_policy_change,33,cross_task,-4.372888245684936,-2.147074898548174,-2.830835460252372,-0.6313505735025678,0.54,0.46534653465346537
displacement,persistence_policy_change,33,cross_manipulation,-2.908282907280082,-0.3379699144006535,-2.1565288602558113,-0.22927963912215138,0.93,0.07920792079207921
displacement,gru_prediction_change,33,heldout,-3.8780698774709577,-0.5328371451533912,-4.221840797447006,-1.154643984609335,0.99,0.019801980198019802
displacement,gru_prediction_change,33,cross_task,-17.28093774370655,-21.83023025877178,-15.15708613470642,-3.8293579428670688,0.22,0.7821782178217822
displacement,gru_prediction_change,33,cross_manipulation,-22.927564246268055,-17.817717381537854,-29.370686094327702,-5.691167815774268,0.59,0.4158415841584158
l22,persistence_policy_change,33,heldout,-1.4293395023420015,0.4435747475809681,-0.2745568363049805,0.39490685361123473,0.95,0.0594059405940594
l22,persistence_policy_change,33,cross_task,-4.865574211961575,-1.9385087438568842,-3.404444747512028,-0.4021812652207115,0.67,0.33663366336633666
l22,persistence_policy_change,33,cross_manipulation,-10.113664573479337,-0.42942431955243465,-2.5779150642718656,-0.21774892578086288,0.92,0.0891089108910891
l22,gru_prediction_change,33,heldout,-9.227735606249722,-0.7653845206090822,-4.134968470673473,-1.0847240689565578,0.98,0.0297029702970297
l22,gru_prediction_change,33,cross_task,-26.612342561851673,-15.328016506225353,-13.912509165596207,-4.0587385575006625,0.37,0.6336633663366337
l22,gru_prediction_change,33,cross_manipulation,-77.5934402882267,-12.334178939570089,-26.46227144421071,-5.014709900060228,0.66,0.3465346534653465
l21,persistence_policy_change,34,heldout,-1.7329888711579595,0.23289050308386264,-0.35265315208205,0.3129906889921754,0.9,0.10891089108910891
l21,persistence_policy_change,34,cross_task,-10.299496903931612,-4.4847831579800825,-3.743109958875379,-0.6765383065564694,0.34,0.6633663366336634
l21,persistence_policy_change,34,cross_manipulation,-9.999239455908821,-1.9863721173989817,-3.2177498436495227,-0.39562950365230387,0.62,0.38613861386138615
l21,gru_prediction_change,34,heldout,-8.10245943465587,-1.6436234306436024,-4.454140620010969,-1.0549812270783459,0.9,0.10891089108910891
l21,gru_prediction_change,34,cross_task,-27.633281614404638,-11.425161616594394,-14.852561420156665,-4.438716065601354,0.51,0.49504950495049505
l21,gru_prediction_change,34,cross_manipulation,-38.54487193069699,-29.194873409991516,-29.069072915317847,-5.674430437210481,0.42,0.5841584158415841
displacement,persistence_policy_change,34,heldout,-0.285091447151487,0.4744023069868788,-0.16334077322455712,0.4274103385709274,0.96,0.04950495049504951
displacement,persistence_policy_change,34,cross_task,-5.224540886057965,-2.147074898548174,-2.830835460252372,-0.6313505735025678,0.54,0.46534653465346537
displacement,persistence_policy_change,34,cross_manipulation,-2.6733994480235443,-0.3379699144006535,-2.1565288602558113,-0.22927963912215138,0.93,0.07920792079207921
displacement,gru_prediction_change,34,heldout,-4.014197037808944,-0.5328371451533912,-4.221840797447006,-1.154643984609335,0.99,0.019801980198019802
displacement,gru_prediction_change,34,cross_task,-18.850863214099753,-21.83023025877178,-15.15708613470642,-3.8293579428670688,0.22,0.7821782178217822
displacement,gru_prediction_change,34,cross_manipulation,-23.116268561196307,-17.817717381537854,-29.370686094327702,-5.691167815774268,0.59,0.4158415841584158
l22,persistence_policy_change,34,heldout,-1.2377668010505287,0.4435747475809681,-0.2745568363049805,0.39490685361123473,0.95,0.0594059405940594
l22,persistence_policy_change,34,cross_task,-8.987237723314513,-1.9385087438568842,-3.404444747512028,-0.4021812652207115,0.67,0.33663366336633666
l22,persistence_policy_change,34,cross_manipulation,-6.443862618593874,-0.42942431955243465,-2.5779150642718656,-0.21774892578086288,0.92,0.0891089108910891
l22,gru_prediction_change,34,heldout,-4.3937674810466145,-0.7653845206090822,-4.134968470673473,-1.0847240689565578,0.98,0.0297029702970297
l22,gru_prediction_change,34,cross_task,-14.146331357629336,-15.328016506225353,-13.912509165596207,-4.0587385575006625,0.37,0.6336633663366337
l22,gru_prediction_change,34,cross_manipulation,-26.538449413485637,-12.334178939570089,-26.46227144421071,-5.014709900060228,0.66,0.3465346534653465
l21,persistence_policy_change,35,heldout,-0.07961161023333703,0.23289050308386264,-0.35265315208205,0.3129906889921754,0.9,0.10891089108910891
l21,persistence_policy_change,35,cross_task,-1.733944790609489,-4.4847831579800825,-3.743109958875379,-0.6765383065564694,0.34,0.6633663366336634
l21,persistence_policy_change,35,cross_manipulation,-4.4882851319142105,-1.9863721173989817,-3.2177498436495227,-0.39562950365230387,0.62,0.38613861386138615
l21,gru_prediction_change,35,heldout,-4.18073444819207,-1.6436234306436024,-4.454140620010969,-1.0549812270783459,0.9,0.10891089108910891
l21,gru_prediction_change,35,cross_task,-11.974457830398151,-11.425161616594394,-14.852561420156665,-4.438716065601354,0.51,0.49504950495049505
l21,gru_prediction_change,35,cross_manipulation,-22.407861922612543,-29.194873409991516,-29.069072915317847,-5.674430437210481,0.42,0.5841584158415841
displacement,persistence_policy_change,35,heldout,-0.26644758206157865,0.4744023069868788,-0.16334077322455712,0.4274103385709274,0.96,0.04950495049504951
displacement,persistence_policy_change,35,cross_task,-2.355566507778136,-2.147074898548174,-2.830835460252372,-0.6313505735025678,0.54,0.46534653465346537
displacement,persistence_policy_change,35,cross_manipulation,-3.89340719478435,-0.3379699144006535,-2.1565288602558113,-0.22927963912215138,0.93,0.07920792079207921
displacement,gru_prediction_change,35,heldout,-11.862547278669872,-0.5328371451533912,-4.221840797447006,-1.154643984609335,0.99,0.019801980198019802
displacement,gru_prediction_change,35,cross_task,-30.18925087184161,-21.83023025877178,-15.15708613470642,-3.8293579428670688,0.22,0.7821782178217822
displacement,gru_prediction_change,35,cross_manipulation,-35.42404877747218,-17.817717381537854,-29.370686094327702,-5.691167815774268,0.59,0.4158415841584158
l22,persistence_policy_change,35,heldout,-0.13319689241411312,0.4435747475809681,-0.2745568363049805,0.39490685361123473,0.95,0.0594059405940594
l22,persistence_policy_change,35,cross_task,-1.22612408530896,-1.9385087438568842,-3.404444747512028,-0.4021812652207115,0.67,0.33663366336633666
l22,persistence_policy_change,35,cross_manipulation,-1.7247893085000796,-0.42942431955243465,-2.5779150642718656,-0.21774892578086288,0.92,0.0891089108910891
l22,gru_prediction_change,35,heldout,-6.483947838400446,-0.7653845206090822,-4.134968470673473,-1.0847240689565578,0.98,0.0297029702970297
l22,gru_prediction_change,35,cross_task,-14.928504165612976,-15.328016506225353,-13.912509165596207,-4.0587385575006625,0.37,0.6336633663366337
l22,gru_prediction_change,35,cross_manipulation,-25.3041616645601,-12.334178939570089,-26.46227144421071,-5.014709900060228,0.66,0.3465346534653465
l21,persistence_policy_change,36,heldout,-0.17109371166978404,0.23289050308386264,-0.35265315208205,0.3129906889921754,0.9,0.10891089108910891
l21,persistence_policy_change,36,cross_task,-2.7888370884534326,-4.4847831579800825,-3.743109958875379,-0.6765383065564694,0.34,0.6633663366336634
l21,persistence_policy_change,36,cross_manipulation,-2.8701352302074343,-1.9863721173989817,-3.2177498436495227,-0.39562950365230387,0.62,0.38613861386138615
l21,gru_prediction_change,36,heldout,-4.815525793598936,-1.6436234306436024,-4.454140620010969,-1.0549812270783459,0.9,0.10891089108910891
l21,gru_prediction_change,36,cross_task,-8.924996218013641,-11.425161616594394,-14.852561420156665,-4.438716065601354,0.51,0.49504950495049505
l21,gru_prediction_change,36,cross_manipulation,-37.59001626222568,-29.194873409991516,-29.069072915317847,-5.674430437210481,0.42,0.5841584158415841
displacement,persistence_policy_change,36,heldout,-0.5234865573031119,0.4744023069868788,-0.16334077322455712,0.4274103385709274,0.96,0.04950495049504951
displacement,persistence_policy_change,36,cross_task,-4.477795761088038,-2.147074898548174,-2.830835460252372,-0.6313505735025678,0.54,0.46534653465346537
displacement,persistence_policy_change,36,cross_manipulation,-6.36666224773044,-0.3379699144006535,-2.1565288602558113,-0.22927963912215138,0.93,0.07920792079207921
displacement,gru_prediction_change,36,heldout,-6.624922893435691,-0.5328371451533912,-4.221840797447006,-1.154643984609335,0.99,0.019801980198019802
displacement,gru_prediction_change,36,cross_task,-25.814155238595053,-21.83023025877178,-15.15708613470642,-3.8293579428670688,0.22,0.7821782178217822
displacement,gru_prediction_change,36,cross_manipulation,-76.01477837785488,-17.817717381537854,-29.370686094327702,-5.691167815774268,0.59,0.4158415841584158
l22,persistence_policy_change,36,heldout,-0.11010513407800167,0.4435747475809681,-0.2745568363049805,0.39490685361123473,0.95,0.0594059405940594
l22,persistence_policy_change,36,cross_task,-2.4470983970465867,-1.9385087438568842,-3.404444747512028,-0.4021812652207115,0.67,0.33663366336633666
l22,persistence_policy_change,36,cross_manipulation,-3.6089058011737682,-0.42942431955243465,-2.5779150642718656,-0.21774892578086288,0.92,0.0891089108910891
l22,gru_prediction_change,36,heldout,-5.541582418274204,-0.7653845206090822,-4.134968470673473,-1.0847240689565578,0.98,0.0297029702970297
l22,gru_prediction_change,36,cross_task,-18.16747304682308,-15.328016506225353,-13.912509165596207,-4.0587385575006625,0.37,0.6336633663366337
l22,gru_prediction_change,36,cross_manipulation,-31.60310392243627,-12.334178939570089,-26.46227144421071,-5.014709900060228,0.66,0.3465346534653465
l21,persistence_policy_change,37,heldout,-0.4964234488767287,0.23289050308386264,-0.35265315208205,0.3129906889921754,0.9,0.10891089108910891
l21,persistence_policy_change,37,cross_task,-3.9745025875701074,-4.4847831579800825,-3.743109958875379,-0.6765383065564694,0.34,0.6633663366336634
l21,persistence_policy_change,37,cross_manipulation,-4.424332008489403,-1.9863721173989817,-3.2177498436495227,-0.39562950365230387,0.62,0.38613861386138615
l21,gru_prediction_change,37,heldout,-5.190206205530012,-1.6436234306436024,-4.454140620010969,-1.0549812270783459,0.9,0.10891089108910891
l21,gru_prediction_change,37,cross_task,-12.939341553802583,-11.425161616594394,-14.852561420156665,-4.438716065601354,0.51,0.49504950495049505
l21,gru_prediction_change,37,cross_manipulation,-30.34730629251021,-29.194873409991516,-29.069072915317847,-5.674430437210481,0.42,0.5841584158415841
displacement,persistence_policy_change,37,heldout,0.06020902434784747,0.4744023069868788,-0.16334077322455712,0.4274103385709274,0.96,0.04950495049504951
displacement,persistence_policy_change,37,cross_task,-1.4618622619359305,-2.147074898548174,-2.830835460252372,-0.6313505735025678,0.54,0.46534653465346537
displacement,persistence_policy_change,37,cross_manipulation,-1.7448062676697007,-0.3379699144006535,-2.1565288602558113,-0.22927963912215138,0.93,0.07920792079207921
displacement,gru_prediction_change,37,heldout,-2.441845757175146,-0.5328371451533912,-4.221840797447006,-1.154643984609335,0.99,0.019801980198019802
displacement,gru_prediction_change,37,cross_task,-7.9061863130566365,-21.83023025877178,-15.15708613470642,-3.8293579428670688,0.22,0.7821782178217822
displacement,gru_prediction_change,37,cross_manipulation,-19.198127633472808,-17.817717381537854,-29.370686094327702,-5.691167815774268,0.59,0.4158415841584158
l22,persistence_policy_change,37,heldout,-0.6187740540040664,0.4435747475809681,-0.2745568363049805,0.39490685361123473,0.95,0.0594059405940594
l22,persistence_policy_change,37,cross_task,-3.0196547922065364,-1.9385087438568842,-3.404444747512028,-0.4021812652207115,0.67,0.33663366336633666
l22,persistence_policy_change,37,cross_manipulation,-1.9799400309507313,-0.42942431955243465,-2.5779150642718656,-0.21774892578086288,0.92,0.0891089108910891
l22,gru_prediction_change,37,heldout,-2.961560951669153,-0.7653845206090822,-4.134968470673473,-1.0847240689565578,0.98,0.0297029702970297
l22,gru_prediction_change,37,cross_task,-6.1665766457915865,-15.328016506225353,-13.912509165596207,-4.0587385575006625,0.37,0.6336633663366337
l22,gru_prediction_change,37,cross_manipulation,-24.245900519254697,-12.334178939570089,-26.46227144421071,-5.014709900060228,0.66,0.3465346534653465
l21,persistence_policy_change,38,heldout,-0.5874094879271735,0.23289050308386264,-0.35265315208205,0.3129906889921754,0.9,0.10891089108910891
l21,persistence_policy_change,38,cross_task,-3.459128566729292,-4.4847831579800825,-3.743109958875379,-0.6765383065564694,0.34,0.6633663366336634
l21,persistence_policy_change,38,cross_manipulation,-5.255206808487989,-1.9863721173989817,-3.2177498436495227,-0.39562950365230387,0.62,0.38613861386138615
l21,gru_prediction_change,38,heldout,-3.0898913403674424,-1.6436234306436024,-4.454140620010969,-1.0549812270783459,0.9,0.10891089108910891
l21,gru_prediction_change,38,cross_task,-8.122711411078415,-11.425161616594394,-14.852561420156665,-4.438716065601354,0.51,0.49504950495049505
l21,gru_prediction_change,38,cross_manipulation,-25.97070882156973,-29.194873409991516,-29.069072915317847,-5.674430437210481,0.42,0.5841584158415841
displacement,persistence_policy_change,38,heldout,-0.07447811507084967,0.4744023069868788,-0.16334077322455712,0.4274103385709274,0.96,0.04950495049504951
displacement,persistence_policy_change,38,cross_task,-2.7079401506982705,-2.147074898548174,-2.830835460252372,-0.6313505735025678,0.54,0.46534653465346537
displacement,persistence_policy_change,38,cross_manipulation,-1.9177999357695552,-0.3379699144006535,-2.1565288602558113,-0.22927963912215138,0.93,0.07920792079207921
displacement,gru_prediction_change,38,heldout,-4.136595361703731,-0.5328371451533912,-4.221840797447006,-1.154643984609335,0.99,0.019801980198019802
displacement,gru_prediction_change,38,cross_task,-9.262611992652259,-21.83023025877178,-15.15708613470642,-3.8293579428670688,0.22,0.7821782178217822
displacement,gru_prediction_change,38,cross_manipulation,-51.739768308799185,-17.817717381537854,-29.370686094327702,-5.691167815774268,0.59,0.4158415841584158
l22,persistence_policy_change,38,heldout,-0.03224651444215506,0.4435747475809681,-0.2745568363049805,0.39490685361123473,0.95,0.0594059405940594
l22,persistence_policy_change,38,cross_task,-3.043216467592748,-1.9385087438568842,-3.404444747512028,-0.4021812652207115,0.67,0.33663366336633666
l22,persistence_policy_change,38,cross_manipulation,-2.7634537784929885,-0.42942431955243465,-2.5779150642718656,-0.21774892578086288,0.92,0.0891089108910891
l22,gru_prediction_change,38,heldout,-1.2164863135652222,-0.7653845206090822,-4.134968470673473,-1.0847240689565578,0.98,0.0297029702970297
l22,gru_prediction_change,38,cross_task,-4.215676250912018,-15.328016506225353,-13.912509165596207,-4.0587385575006625,0.37,0.6336633663366337
l22,gru_prediction_change,38,cross_manipulation,-14.797204274048188,-12.334178939570089,-26.46227144421071,-5.014709900060228,0.66,0.3465346534653465
l21,persistence_policy_change,39,heldout,-0.2655874676509711,0.23289050308386264,-0.35265315208205,0.3129906889921754,0.9,0.10891089108910891
l21,persistence_policy_change,39,cross_task,-5.678620389172347,-4.4847831579800825,-3.743109958875379,-0.6765383065564694,0.34,0.6633663366336634
l21,persistence_policy_change,39,cross_manipulation,-1.7366021337902482,-1.9863721173989817,-3.2177498436495227,-0.39562950365230387,0.62,0.38613861386138615
l21,gru_prediction_change,39,heldout,-2.659852800553813,-1.6436234306436024,-4.454140620010969,-1.0549812270783459,0.9,0.10891089108910891
l21,gru_prediction_change,39,cross_task,-11.925450166493158,-11.425161616594394,-14.852561420156665,-4.438716065601354,0.51,0.49504950495049505
l21,gru_prediction_change,39,cross_manipulation,-10.404432926750179,-29.194873409991516,-29.069072915317847,-5.674430437210481,0.42,0.5841584158415841
displacement,persistence_policy_change,39,heldout,0.366637315227554,0.4744023069868788,-0.16334077322455712,0.4274103385709274,0.96,0.04950495049504951
displacement,persistence_policy_change,39,cross_task,-0.9290766921094061,-2.147074898548174,-2.830835460252372,-0.6313505735025678,0.54,0.46534653465346537
displacement,persistence_policy_change,39,cross_manipulation,-0.47138171737986667,-0.3379699144006535,-2.1565288602558113,-0.22927963912215138,0.93,0.07920792079207921
displacement,gru_prediction_change,39,heldout,-1.4019702883549758,-0.5328371451533912,-4.221840797447006,-1.154643984609335,0.99,0.019801980198019802
displacement,gru_prediction_change,39,cross_task,-11.947610535662287,-21.83023025877178,-15.15708613470642,-3.8293579428670688,0.22,0.7821782178217822
displacement,gru_prediction_change,39,cross_manipulation,-10.673121709773577,-17.817717381537854,-29.370686094327702,-5.691167815774268,0.59,0.4158415841584158
l22,persistence_policy_change,39,heldout,-0.04073134787796858,0.4435747475809681,-0.2745568363049805,0.39490685361123473,0.95,0.0594059405940594
l22,persistence_policy_change,39,cross_task,-2.8876596152595475,-1.9385087438568842,-3.404444747512028,-0.4021812652207115,0.67,0.33663366336633666
l22,persistence_policy_change,39,cross_manipulation,-1.8954729568819537,-0.42942431955243465,-2.5779150642718656,-0.21774892578086288,0.92,0.0891089108910891
l22,gru_prediction_change,39,heldout,-0.9276695255179819,-0.7653845206090822,-4.134968470673473,-1.0847240689565578,0.98,0.0297029702970297
l22,gru_prediction_change,39,cross_task,-6.651033304857365,-15.328016506225353,-13.912509165596207,-4.0587385575006625,0.37,0.6336633663366337
l22,gru_prediction_change,39,cross_manipulation,-3.9415522770232605,-12.334178939570089,-26.46227144421071,-5.014709900060228,0.66,0.3465346534653465
l21,persistence_policy_change,40,heldout,-0.5146855771995402,0.23289050308386264,-0.35265315208205,0.3129906889921754,0.9,0.10891089108910891
l21,persistence_policy_change,40,cross_task,-5.159613430389112,-4.4847831579800825,-3.743109958875379,-0.6765383065564694,0.34,0.6633663366336634
l21,persistence_policy_change,40,cross_manipulation,-4.110176052200012,-1.9863721173989817,-3.2177498436495227,-0.39562950365230387,0.62,0.38613861386138615
l21,gru_prediction_change,40,heldout,-4.436863495626554,-1.6436234306436024,-4.454140620010969,-1.0549812270783459,0.9,0.10891089108910891
l21,gru_prediction_change,40,cross_task,-18.525569519997088,-11.425161616594394,-14.852561420156665,-4.438716065601354,0.51,0.49504950495049505
l21,gru_prediction_change,40,cross_manipulation,-17.604686163175398,-29.194873409991516,-29.069072915317847,-5.674430437210481,0.42,0.5841584158415841
displacement,persistence_policy_change,40,heldout,-0.1599835006484501,0.4744023069868788,-0.16334077322455712,0.4274103385709274,0.96,0.04950495049504951
displacement,persistence_policy_change,40,cross_task,-3.4311429891847887,-2.147074898548174,-2.830835460252372,-0.6313505735025678,0.54,0.46534653465346537
displacement,persistence_policy_change,40,cross_manipulation,-3.9393566125824493,-0.3379699144006535,-2.1565288602558113,-0.22927963912215138,0.93,0.07920792079207921
displacement,gru_prediction_change,40,heldout,-5.474247045613982,-0.5328371451533912,-4.221840797447006,-1.154643984609335,0.99,0.019801980198019802
displacement,gru_prediction_change,40,cross_task,-16.751621643672276,-21.83023025877178,-15.15708613470642,-3.8293579428670688,0.22,0.7821782178217822
displacement,gru_prediction_change,40,cross_manipulation,-47.73073715863316,-17.817717381537854,-29.370686094327702,-5.691167815774268,0.59,0.4158415841584158
l22,persistence_policy_change,40,heldout,-0.15320599192311288,0.4435747475809681,-0.2745568363049805,0.39490685361123473,0.95,0.0594059405940594
l22,persistence_policy_change,40,cross_task,-2.1048736577306517,-1.9385087438568842,-3.404444747512028,-0.4021812652207115,0.67,0.33663366336633666
l22,persistence_policy_change,40,cross_manipulation,-1.2836926071086168,-0.42942431955243465,-2.5779150642718656,-0.21774892578086288,0.92,0.0891089108910891
l22,gru_prediction_change,40,heldout,-6.482807393582459,-0.7653845206090822,-4.134968470673473,-1.0847240689565578,0.98,0.0297029702970297
l22,gru_prediction_change,40,cross_task,-23.5315286435814,-15.328016506225353,-13.912509165596207,-4.0587385575006625,0.37,0.6336633663366337
l22,gru_prediction_change,40,cross_manipulation,-39.60702222758967,-12.334178939570089,-26.46227144421071,-5.014709900060228,0.66,0.3465346534653465
l21,persistence_policy_change,41,heldout,0.010069225672407423,0.23289050308386264,-0.35265315208205,0.3129906889921754,0.9,0.10891089108910891
l21,persistence_policy_change,41,cross_task,-1.912318970554342,-4.4847831579800825,-3.743109958875379,-0.6765383065564694,0.34,0.6633663366336634
l21,persistence_policy_change,41,cross_manipulation,-4.604380956673861,-1.9863721173989817,-3.2177498436495227,-0.39562950365230387,0.62,0.38613861386138615
l21,gru_prediction_change,41,heldout,-5.861156228055505,-1.6436234306436024,-4.454140620010969,-1.0549812270783459,0.9,0.10891089108910891
l21,gru_prediction_change,41,cross_task,-12.993919561757531,-11.425161616594394,-14.852561420156665,-4.438716065601354,0.51,0.49504950495049505
l21,gru_prediction_change,41,cross_manipulation,-30.62703255001088,-29.194873409991516,-29.069072915317847,-5.674430437210481,0.42,0.5841584158415841
displacement,persistence_policy_change,41,heldout,0.351614797359284,0.4744023069868788,-0.16334077322455712,0.4274103385709274,0.96,0.04950495049504951
displacement,persistence_policy_change,41,cross_task,-1.1010450860160665,-2.147074898548174,-2.830835460252372,-0.6313505735025678,0.54,0.46534653465346537
displacement,persistence_policy_change,41,cross_manipulation,-0.44081513318463655,-0.3379699144006535,-2.1565288602558113,-0.22927963912215138,0.93,0.07920792079207921
displacement,gru_prediction_change,41,heldout,-3.939289663859975,-0.5328371451533912,-4.221840797447006,-1.154643984609335,0.99,0.019801980198019802
displacement,gru_prediction_change,41,cross_task,-14.822384175655218,-21.83023025877178,-15.15708613470642,-3.8293579428670688,0.22,0.7821782178217822
displacement,gru_prediction_change,41,cross_manipulation,-7.284308463937714,-17.817717381537854,-29.370686094327702,-5.691167815774268,0.59,0.4158415841584158
l22,persistence_policy_change,41,heldout,-1.17675162127662,0.4435747475809681,-0.2745568363049805,0.39490685361123473,0.95,0.0594059405940594
l22,persistence_policy_change,41,cross_task,-10.812604651241955,-1.9385087438568842,-3.404444747512028,-0.4021812652207115,0.67,0.33663366336633666
l22,persistence_policy_change,41,cross_manipulation,-9.150437638896488,-0.42942431955243465,-2.5779150642718656,-0.21774892578086288,0.92,0.0891089108910891
l22,gru_prediction_change,41,heldout,-6.999871143082532,-0.7653845206090822,-4.134968470673473,-1.0847240689565578,0.98,0.0297029702970297
l22,gru_prediction_change,41,cross_task,-22.934000862355983,-15.328016506225353,-13.912509165596207,-4.0587385575006625,0.37,0.6336633663366337
l22,gru_prediction_change,41,cross_manipulation,-66.14065314599365,-12.334178939570089,-26.46227144421071,-5.014709900060228,0.66,0.3465346534653465
l21,persistence_policy_change,42,heldout,0.20900198021975971,0.23289050308386264,-0.35265315208205,0.3129906889921754,0.9,0.10891089108910891
l21,persistence_policy_change,42,cross_task,-1.6762556527986732,-4.4847831579800825,-3.743109958875379,-0.6765383065564694,0.34,0.6633663366336634
l21,persistence_policy_change,42,cross_manipulation,-2.3317809609794997,-1.9863721173989817,-3.2177498436495227,-0.39562950365230387,0.62,0.38613861386138615
l21,gru_prediction_change,42,heldout,-3.5769266020963446,-1.6436234306436024,-4.454140620010969,-1.0549812270783459,0.9,0.10891089108910891
l21,gru_prediction_change,42,cross_task,-17.726168330824063,-11.425161616594394,-14.852561420156665,-4.438716065601354,0.51,0.49504950495049505
l21,gru_prediction_change,42,cross_manipulation,-57.32467524290147,-29.194873409991516,-29.069072915317847,-5.674430437210481,0.42,0.5841584158415841
displacement,persistence_policy_change,42,heldout,0.12957996023970253,0.4744023069868788,-0.16334077322455712,0.4274103385709274,0.96,0.04950495049504951
displacement,persistence_policy_change,42,cross_task,-3.136306661173881,-2.147074898548174,-2.830835460252372,-0.6313505735025678,0.54,0.46534653465346537
displacement,persistence_policy_change,42,cross_manipulation,-1.7952456943798203,-0.3379699144006535,-2.1565288602558113,-0.22927963912215138,0.93,0.07920792079207921
displacement,gru_prediction_change,42,heldout,-1.8180293847936297,-0.5328371451533912,-4.221840797447006,-1.154643984609335,0.99,0.019801980198019802
displacement,gru_prediction_change,42,cross_task,-5.465220765223031,-21.83023025877178,-15.15708613470642,-3.8293579428670688,0.22,0.7821782178217822
displacement,gru_prediction_change,42,cross_manipulation,-17.89182174274727,-17.817717381537854,-29.370686094327702,-5.691167815774268,0.59,0.4158415841584158
l22,persistence_policy_change,42,heldout,-0.8509392365510721,0.4435747475809681,-0.2745568363049805,0.39490685361123473,0.95,0.0594059405940594
l22,persistence_policy_change,42,cross_task,-4.509333196631624,-1.9385087438568842,-3.404444747512028,-0.4021812652207115,0.67,0.33663366336633666
l22,persistence_policy_change,42,cross_manipulation,-5.7614975214778665,-0.42942431955243465,-2.5779150642718656,-0.21774892578086288,0.92,0.0891089108910891
l22,gru_prediction_change,42,heldout,-9.565711898892024,-0.7653845206090822,-4.134968470673473,-1.0847240689565578,0.98,0.0297029702970297
l22,gru_prediction_change,42,cross_task,-26.03519563021747,-15.328016506225353,-13.912509165596207,-4.0587385575006625,0.37,0.6336633663366337
l22,gru_prediction_change,42,cross_manipulation,-69.77774570008569,-12.334178939570089,-26.46227144421071,-5.014709900060228,0.66,0.3465346534653465
l21,persistence_policy_change,43,heldout,-0.9987804839784017,0.23289050308386264,-0.35265315208205,0.3129906889921754,0.9,0.10891089108910891
l21,persistence_policy_change,43,cross_task,-4.713076096193626,-4.4847831579800825,-3.743109958875379,-0.6765383065564694,0.34,0.6633663366336634
l21,persistence_policy_change,43,cross_manipulation,-9.186744530621604,-1.9863721173989817,-3.2177498436495227,-0.39562950365230387,0.62,0.38613861386138615
l21,gru_prediction_change,43,heldout,-3.749322012805693,-1.6436234306436024,-4.454140620010969,-1.0549812270783459,0.9,0.10891089108910891
l21,gru_prediction_change,43,cross_task,-7.214990289783974,-11.425161616594394,-14.852561420156665,-4.438716065601354,0.51,0.49504950495049505
l21,gru_prediction_change,43,cross_manipulation,-27.9374813260601,-29.194873409991516,-29.069072915317847,-5.674430437210481,0.42,0.5841584158415841
displacement,persistence_policy_change,43,heldout,0.03262931142169945,0.4744023069868788,-0.16334077322455712,0.4274103385709274,0.96,0.04950495049504951
displacement,persistence_policy_change,43,cross_task,-3.5283052788000533,-2.147074898548174,-2.830835460252372,-0.6313505735025678,0.54,0.46534653465346537
displacement,persistence_policy_change,43,cross_manipulation,-1.7105791833576542,-0.3379699144006535,-2.1565288602558113,-0.22927963912215138,0.93,0.07920792079207921
displacement,gru_prediction_change,43,heldout,-3.277001056152081,-0.5328371451533912,-4.221840797447006,-1.154643984609335,0.99,0.019801980198019802
displacement,gru_prediction_change,43,cross_task,-28.274470565520513,-21.83023025877178,-15.15708613470642,-3.8293579428670688,0.22,0.7821782178217822
displacement,gru_prediction_change,43,cross_manipulation,-16.088995460912376,-17.817717381537854,-29.370686094327702,-5.691167815774268,0.59,0.4158415841584158
l22,persistence_policy_change,43,heldout,0.14587385224482993,0.4435747475809681,-0.2745568363049805,0.39490685361123473,0.95,0.0594059405940594
l22,persistence_policy_change,43,cross_task,-1.4576141011979713,-1.9385087438568842,-3.404444747512028,-0.4021812652207115,0.67,0.33663366336633666
l22,persistence_policy_change,43,cross_manipulation,-0.5198316559144008,-0.42942431955243465,-2.5779150642718656,-0.21774892578086288,0.92,0.0891089108910891
l22,gru_prediction_change,43,heldout,-2.9900126930387305,-0.7653845206090822,-4.134968470673473,-1.0847240689565578,0.98,0.0297029702970297
l22,gru_prediction_change,43,cross_task,-6.862522583090307,-15.328016506225353,-13.912509165596207,-4.0587385575006625,0.37,0.6336633663366337
l22,gru_prediction_change,43,cross_manipulation,-8.832518028703353,-12.334178939570089,-26.46227144421071,-5.014709900060228,0.66,0.3465346534653465
l21,persistence_policy_change,44,heldout,0.0788945672023776,0.23289050308386264,-0.35265315208205,0.3129906889921754,0.9,0.10891089108910891
l21,persistence_policy_change,44,cross_task,-3.1598956653254113,-4.4847831579800825,-3.743109958875379,-0.6765383065564694,0.34,0.6633663366336634
l21,persistence_policy_change,44,cross_manipulation,-1.4655911979195384,-1.9863721173989817,-3.2177498436495227,-0.39562950365230387,0.62,0.38613861386138615
l21,gru_prediction_change,44,heldout,-4.468244203454145,-1.6436234306436024,-4.454140620010969,-1.0549812270783459,0.9,0.10891089108910891
l21,gru_prediction_change,44,cross_task,-9.83910433346623,-11.425161616594394,-14.852561420156665,-4.438716065601354,0.51,0.49504950495049505
l21,gru_prediction_change,44,cross_manipulation,-8.069998014652704,-29.194873409991516,-29.069072915317847,-5.674430437210481,0.42,0.5841584158415841
displacement,persistence_policy_change,44,heldout,-0.8334236721794835,0.4744023069868788,-0.16334077322455712,0.4274103385709274,0.96,0.04950495049504951
displacement,persistence_policy_change,44,cross_task,-3.790175672796964,-2.147074898548174,-2.830835460252372,-0.6313505735025678,0.54,0.46534653465346537
displacement,persistence_policy_change,44,cross_manipulation,-6.681640563898325,-0.3379699144006535,-2.1565288602558113,-0.22927963912215138,0.93,0.07920792079207921
displacement,gru_prediction_change,44,heldout,-7.6140139322402325,-0.5328371451533912,-4.221840797447006,-1.154643984609335,0.99,0.019801980198019802
displacement,gru_prediction_change,44,cross_task,-18.142227888576173,-21.83023025877178,-15.15708613470642,-3.8293579428670688,0.22,0.7821782178217822
displacement,gru_prediction_change,44,cross_manipulation,-64.32955000903851,-17.817717381537854,-29.370686094327702,-5.691167815774268,0.59,0.4158415841584158
l22,persistence_policy_change,44,heldout,-0.6314014777316316,0.4435747475809681,-0.2745568363049805,0.39490685361123473,0.95,0.0594059405940594
l22,persistence_policy_change,44,cross_task,-7.1375901912636435,-1.9385087438568842,-3.404444747512028,-0.4021812652207115,0.67,0.33663366336633666
l22,persistence_policy_change,44,cross_manipulation,-4.074025644309161,-0.42942431955243465,-2.5779150642718656,-0.21774892578086288,0.92,0.0891089108910891
l22,gru_prediction_change,44,heldout,-3.4451377677336334,-0.7653845206090822,-4.134968470673473,-1.0847240689565578,0.98,0.0297029702970297
l22,gru_prediction_change,44,cross_task,-8.114460933198925,-15.328016506225353,-13.912509165596207,-4.0587385575006625,0.37,0.6336633663366337
l22,gru_prediction_change,44,cross_manipulation,-6.540897391819962,-12.334178939570089,-26.46227144421071,-5.014709900060228,0.66,0.3465346534653465
l21,persistence_policy_change,45,heldout,0.14238237639725104,0.23289050308386264,-0.35265315208205,0.3129906889921754,0.9,0.10891089108910891
l21,persistence_policy_change,45,cross_task,-0.375824477220806,-4.4847831579800825,-3.743109958875379,-0.6765383065564694,0.34,0.6633663366336634
l21,persistence_policy_change,45,cross_manipulation,-0.8194469962356227,-1.9863721173989817,-3.2177498436495227,-0.39562950365230387,0.62,0.38613861386138615
l21,gru_prediction_change,45,heldout,-7.018862991350068,-1.6436234306436024,-4.454140620010969,-1.0549812270783459,0.9,0.10891089108910891
l21,gru_prediction_change,45,cross_task,-21.660998137510628,-11.425161616594394,-14.852561420156665,-4.438716065601354,0.51,0.49504950495049505
l21,gru_prediction_change,45,cross_manipulation,-32.1042570763926,-29.194873409991516,-29.069072915317847,-5.674430437210481,0.42,0.5841584158415841
displacement,persistence_policy_change,45,heldout,-0.10041200220792046,0.4744023069868788,-0.16334077322455712,0.4274103385709274,0.96,0.04950495049504951
displacement,persistence_policy_change,45,cross_task,-2.4435790498687706,-2.147074898548174,-2.830835460252372,-0.6313505735025678,0.54,0.46534653465346537
displacement,persistence_policy_change,45,cross_manipulation,-1.1425537477065344,-0.3379699144006535,-2.1565288602558113,-0.22927963912215138,0.93,0.07920792079207921
displacement,gru_prediction_change,45,heldout,-3.2136255115220145,-0.5328371451533912,-4.221840797447006,-1.154643984609335,0.99,0.019801980198019802
displacement,gru_prediction_change,45,cross_task,-5.292830508184184,-21.83023025877178,-15.15708613470642,-3.8293579428670688,0.22,0.7821782178217822
displacement,gru_prediction_change,45,cross_manipulation,-21.021536526748292,-17.817717381537854,-29.370686094327702,-5.691167815774268,0.59,0.4158415841584158
l22,persistence_policy_change,45,heldout,0.10215610858027165,0.4435747475809681,-0.2745568363049805,0.39490685361123473,0.95,0.0594059405940594
l22,persistence_policy_change,45,cross_task,-0.8947418739225901,-1.9385087438568842,-3.404444747512028,-0.4021812652207115,0.67,0.33663366336633666
l22,persistence_policy_change,45,cross_manipulation,-0.6299653636452136,-0.42942431955243465,-2.5779150642718656,-0.21774892578086288,0.92,0.0891089108910891
l22,gru_prediction_change,45,heldout,-3.865752844292611,-0.7653845206090822,-4.134968470673473,-1.0847240689565578,0.98,0.0297029702970297
l22,gru_prediction_change,45,cross_task,-12.049699252340188,-15.328016506225353,-13.912509165596207,-4.0587385575006625,0.37,0.6336633663366337
l22,gru_prediction_change,45,cross_manipulation,-22.716492702184922,-12.334178939570089,-26.46227144421071,-5.014709900060228,0.66,0.3465346534653465
l21,persistence_policy_change,46,heldout,-0.01038895815792836,0.23289050308386264,-0.35265315208205,0.3129906889921754,0.9,0.10891089108910891
l21,persistence_policy_change,46,cross_task,-4.742819212858648,-4.4847831579800825,-3.743109958875379,-0.6765383065564694,0.34,0.6633663366336634
l21,persistence_policy_change,46,cross_manipulation,-2.0306115924449593,-1.9863721173989817,-3.2177498436495227,-0.39562950365230387,0.62,0.38613861386138615
l21,gru_prediction_change,46,heldout,-2.501677412577683,-1.6436234306436024,-4.454140620010969,-1.0549812270783459,0.9,0.10891089108910891
l21,gru_prediction_change,46,cross_task,-10.014721415492522,-11.425161616594394,-14.852561420156665,-4.438716065601354,0.51,0.49504950495049505
l21,gru_prediction_change,46,cross_manipulation,-5.539709449437676,-29.194873409991516,-29.069072915317847,-5.674430437210481,0.42,0.5841584158415841
displacement,persistence_policy_change,46,heldout,-0.38714034581532414,0.4744023069868788,-0.16334077322455712,0.4274103385709274,0.96,0.04950495049504951
displacement,persistence_policy_change,46,cross_task,-3.8975391986438574,-2.147074898548174,-2.830835460252372,-0.6313505735025678,0.54,0.46534653465346537
displacement,persistence_policy_change,46,cross_manipulation,-2.3597171844461675,-0.3379699144006535,-2.1565288602558113,-0.22927963912215138,0.93,0.07920792079207921
displacement,gru_prediction_change,46,heldout,-5.6975691498906755,-0.5328371451533912,-4.221840797447006,-1.154643984609335,0.99,0.019801980198019802
displacement,gru_prediction_change,46,cross_task,-13.770449302803394,-21.83023025877178,-15.15708613470642,-3.8293579428670688,0.22,0.7821782178217822
displacement,gru_prediction_change,46,cross_manipulation,-26.72602127817266,-17.817717381537854,-29.370686094327702,-5.691167815774268,0.59,0.4158415841584158
l22,persistence_policy_change,46,heldout,-0.315685104888716,0.4435747475809681,-0.2745568363049805,0.39490685361123473,0.95,0.0594059405940594
l22,persistence_policy_change,46,cross_task,-3.271292263199498,-1.9385087438568842,-3.404444747512028,-0.4021812652207115,0.67,0.33663366336633666
l22,persistence_policy_change,46,cross_manipulation,-1.5331988218085137,-0.42942431955243465,-2.5779150642718656,-0.21774892578086288,0.92,0.0891089108910891
l22,gru_prediction_change,46,heldout,-3.1415202745907305,-0.7653845206090822,-4.134968470673473,-1.0847240689565578,0.98,0.0297029702970297
l22,gru_prediction_change,46,cross_task,-13.125149994902033,-15.328016506225353,-13.912509165596207,-4.0587385575006625,0.37,0.6336633663366337
l22,gru_prediction_change,46,cross_manipulation,-10.818226929557408,-12.334178939570089,-26.46227144421071,-5.014709900060228,0.66,0.3465346534653465
l21,persistence_policy_change,47,heldout,0.03747533549757487,0.23289050308386264,-0.35265315208205,0.3129906889921754,0.9,0.10891089108910891
l21,persistence_policy_change,47,cross_task,-0.9371682271852387,-4.4847831579800825,-3.743109958875379,-0.6765383065564694,0.34,0.6633663366336634
l21,persistence_policy_change,47,cross_manipulation,-0.679132163826252,-1.9863721173989817,-3.2177498436495227,-0.39562950365230387,0.62,0.38613861386138615
l21,gru_prediction_change,47,heldout,-4.678736151854726,-1.6436234306436024,-4.454140620010969,-1.0549812270783459,0.9,0.10891089108910891
l21,gru_prediction_change,47,cross_task,-10.352065839424345,-11.425161616594394,-14.852561420156665,-4.438716065601354,0.51,0.49504950495049505
l21,gru_prediction_change,47,cross_manipulation,-18.65170049457121,-29.194873409991516,-29.069072915317847,-5.674430437210481,0.42,0.5841584158415841
displacement,persistence_policy_change,47,heldout,-0.2489835069134458,0.4744023069868788,-0.16334077322455712,0.4274103385709274,0.96,0.04950495049504951
displacement,persistence_policy_change,47,cross_task,-2.2471633297198212,-2.147074898548174,-2.830835460252372,-0.6313505735025678,0.54,0.46534653465346537
displacement,persistence_policy_change,47,cross_manipulation,-2.517409345982792,-0.3379699144006535,-2.1565288602558113,-0.22927963912215138,0.93,0.07920792079207921
displacement,gru_prediction_change,47,heldout,-2.8638268716370505,-0.5328371451533912,-4.221840797447006,-1.154643984609335,0.99,0.019801980198019802
displacement,gru_prediction_change,47,cross_task,-7.812895551482636,-21.83023025877178,-15.15708613470642,-3.8293579428670688,0.22,0.7821782178217822
displacement,gru_prediction_change,47,cross_manipulation,-21.263685755858482,-17.817717381537854,-29.370686094327702,-5.691167815774268,0.59,0.4158415841584158
l22,persistence_policy_change,47,heldout,0.46689937172053164,0.4435747475809681,-0.2745568363049805,0.39490685361123473,0.95,0.0594059405940594
l22,persistence_policy_change,47,cross_task,-0.2792286743811888,-1.9385087438568842,-3.404444747512028,-0.4021812652207115,0.67,0.33663366336633666
l22,persistence_policy_change,47,cross_manipulation,-0.17304878217073777,-0.42942431955243465,-2.5779150642718656,-0.21774892578086288,0.92,0.0891089108910891
l22,gru_prediction_change,47,heldout,-4.24390417822972,-0.7653845206090822,-4.134968470673473,-1.0847240689565578,0.98,0.0297029702970297
l22,gru_prediction_change,47,cross_task,-19.1608496268039,-15.328016506225353,-13.912509165596207,-4.0587385575006625,0.37,0.6336633663366337
l22,gru_prediction_change,47,cross_manipulation,-13.528623085004387,-12.334178939570089,-26.46227144421071,-5.014709900060228,0.66,0.3465346534653465
l21,persistence_policy_change,48,heldout,-0.08079669233016928,0.23289050308386264,-0.35265315208205,0.3129906889921754,0.9,0.10891089108910891
l21,persistence_policy_change,48,cross_task,-4.870405332593724,-4.4847831579800825,-3.743109958875379,-0.6765383065564694,0.34,0.6633663366336634
l21,persistence_policy_change,48,cross_manipulation,-0.9331902087743668,-1.9863721173989817,-3.2177498436495227,-0.39562950365230387,0.62,0.38613861386138615
l21,gru_prediction_change,48,heldout,-2.06245188211465,-1.6436234306436024,-4.454140620010969,-1.0549812270783459,0.9,0.10891089108910891
l21,gru_prediction_change,48,cross_task,-6.842960147656929,-11.425161616594394,-14.852561420156665,-4.438716065601354,0.51,0.49504950495049505
l21,gru_prediction_change,48,cross_manipulation,-24.393506897011846,-29.194873409991516,-29.069072915317847,-5.674430437210481,0.42,0.5841584158415841
displacement,persistence_policy_change,48,heldout,-1.3179816114690646,0.4744023069868788,-0.16334077322455712,0.4274103385709274,0.96,0.04950495049504951
displacement,persistence_policy_change,48,cross_task,-9.085746139417394,-2.147074898548174,-2.830835460252372,-0.6313505735025678,0.54,0.46534653465346537
displacement,persistence_policy_change,48,cross_manipulation,-11.014874098445299,-0.3379699144006535,-2.1565288602558113,-0.22927963912215138,0.93,0.07920792079207921
displacement,gru_prediction_change,48,heldout,-13.152047024569404,-0.5328371451533912,-4.221840797447006,-1.154643984609335,0.99,0.019801980198019802
displacement,gru_prediction_change,48,cross_task,-35.5378898846458,-21.83023025877178,-15.15708613470642,-3.8293579428670688,0.22,0.7821782178217822
displacement,gru_prediction_change,48,cross_manipulation,-219.76734333502895,-17.817717381537854,-29.370686094327702,-5.691167815774268,0.59,0.4158415841584158
l22,persistence_policy_change,48,heldout,-0.48189389901769064,0.4435747475809681,-0.2745568363049805,0.39490685361123473,0.95,0.0594059405940594
l22,persistence_policy_change,48,cross_task,-8.468696084255756,-1.9385087438568842,-3.404444747512028,-0.4021812652207115,0.67,0.33663366336633666
l22,persistence_policy_change,48,cross_manipulation,-2.209312090262979,-0.42942431955243465,-2.5779150642718656,-0.21774892578086288,0.92,0.0891089108910891
l22,gru_prediction_change,48,heldout,-2.282214420859682,-0.7653845206090822,-4.134968470673473,-1.0847240689565578,0.98,0.0297029702970297
l22,gru_prediction_change,48,cross_task,-4.250974547039774,-15.328016506225353,-13.912509165596207,-4.0587385575006625,0.37,0.6336633663366337
l22,gru_prediction_change,48,cross_manipulation,-15.736021389066636,-12.334178939570089,-26.46227144421071,-5.014709900060228,0.66,0.3465346534653465
l21,persistence_policy_change,49,heldout,0.40389315880752125,0.23289050308386264,-0.35265315208205,0.3129906889921754,0.9,0.10891089108910891
l21,persistence_policy_change,49,cross_task,-0.8474348831193547,-4.4847831579800825,-3.743109958875379,-0.6765383065564694,0.34,0.6633663366336634
l21,persistence_policy_change,49,cross_manipulation,-0.06727532563836162,-1.9863721173989817,-3.2177498436495227,-0.39562950365230387,0.62,0.38613861386138615
l21,gru_prediction_change,49,heldout,-2.620756895804476,-1.6436234306436024,-4.454140620010969,-1.0549812270783459,0.9,0.10891089108910891
l21,gru_prediction_change,49,cross_task,-11.290971813020988,-11.425161616594394,-14.852561420156665,-4.438716065601354,0.51,0.49504950495049505
l21,gru_prediction_change,49,cross_manipulation,-17.1832531707732,-29.194873409991516,-29.069072915317847,-5.674430437210481,0.42,0.5841584158415841
displacement,persistence_policy_change,49,heldout,-0.21553494799890624,0.4744023069868788,-0.16334077322455712,0.4274103385709274,0.96,0.04950495049504951
displacement,persistence_policy_change,49,cross_task,-2.6784820400415015,-2.147074898548174,-2.830835460252372,-0.6313505735025678,0.54,0.46534653465346537
displacement,persistence_policy_change,49,cross_manipulation,-2.1583772852847827,-0.3379699144006535,-2.1565288602558113,-0.22927963912215138,0.93,0.07920792079207921
displacement,gru_prediction_change,49,heldout,-5.43182974825837,-0.5328371451533912,-4.221840797447006,-1.154643984609335,0.99,0.019801980198019802
displacement,gru_prediction_change,49,cross_task,-13.7459569713371,-21.83023025877178,-15.15708613470642,-3.8293579428670688,0.22,0.7821782178217822
displacement,gru_prediction_change,49,cross_manipulation,-22.56140758811619,-17.817717381537854,-29.370686094327702,-5.691167815774268,0.59,0.4158415841584158
l22,persistence_policy_change,49,heldout,0.1813163775980763,0.4435747475809681,-0.2745568363049805,0.39490685361123473,0.95,0.0594059405940594
l22,persistence_policy_change,49,cross_task,-1.1474345473179424,-1.9385087438568842,-3.404444747512028,-0.4021812652207115,0.67,0.33663366336633666
l22,persistence_policy_change,49,cross_manipulation,-0.28634107722528496,-0.42942431955243465,-2.5779150642718656,-0.21774892578086288,0.92,0.0891089108910891
l22,gru_prediction_change,49,heldout,-1.7737594030373713,-0.7653845206090822,-4.134968470673473,-1.0847240689565578,0.98,0.0297029702970297
l22,gru_prediction_change,49,cross_task,-8.402178114140982,-15.328016506225353,-13.912509165596207,-4.0587385575006625,0.37,0.6336633663366337
l22,gru_prediction_change,49,cross_manipulation,-14.516422484635314,-12.334178939570089,-26.46227144421071,-5.014709900060228,0.66,0.3465346534653465
l21,persistence_policy_change,50,heldout,-0.285540731479271,0.23289050308386264,-0.35265315208205,0.3129906889921754,0.9,0.10891089108910891
l21,persistence_policy_change,50,cross_task,-2.583176370153631,-4.4847831579800825,-3.743109958875379,-0.6765383065564694,0.34,0.6633663366336634
l21,persistence_policy_change,50,cross_manipulation,-2.534648624323128,-1.9863721173989817,-3.2177498436495227,-0.39562950365230387,0.62,0.38613861386138615
l21,gru_prediction_change,50,heldout,-5.738862481293462,-1.6436234306436024,-4.454140620010969,-1.0549812270783459,0.9,0.10891089108910891
l21,gru_prediction_change,50,cross_task,-14.889618387613995,-11.425161616594394,-14.852561420156665,-4.438716065601354,0.51,0.49504950495049505
l21,gru_prediction_change,50,cross_manipulation,-26.472334164513928,-29.194873409991516,-29.069072915317847,-5.674430437210481,0.42,0.5841584158415841
displacement,persistence_policy_change,50,heldout,0.00984883423156846,0.4744023069868788,-0.16334077322455712,0.4274103385709274,0.96,0.04950495049504951
displacement,persistence_policy_change,50,cross_task,-1.3761616238836398,-2.147074898548174,-2.830835460252372,-0.6313505735025678,0.54,0.46534653465346537
displacement,persistence_policy_change,50,cross_manipulation,-0.6277766995967468,-0.3379699144006535,-2.1565288602558113,-0.22927963912215138,0.93,0.07920792079207921
displacement,gru_prediction_change,50,heldout,-8.97698625998658,-0.5328371451533912,-4.221840797447006,-1.154643984609335,0.99,0.019801980198019802
displacement,gru_prediction_change,50,cross_task,-27.247298325325318,-21.83023025877178,-15.15708613470642,-3.8293579428670688,0.22,0.7821782178217822
displacement,gru_prediction_change,50,cross_manipulation,-51.49917367649982,-17.817717381537854,-29.370686094327702,-5.691167815774268,0.59,0.4158415841584158
l22,persistence_policy_change,50,heldout,-0.00211072211805996,0.4435747475809681,-0.2745568363049805,0.39490685361123473,0.95,0.0594059405940594
l22,persistence_policy_change,50,cross_task,-0.885758525973809,-1.9385087438568842,-3.404444747512028,-0.4021812652207115,0.67,0.33663366336633666
l22,persistence_policy_change,50,cross_manipulation,-1.5870795360181884,-0.42942431955243465,-2.5779150642718656,-0.21774892578086288,0.92,0.0891089108910891
l22,gru_prediction_change,50,heldout,-5.914729048201128,-0.7653845206090822,-4.134968470673473,-1.0847240689565578,0.98,0.0297029702970297
l22,gru_prediction_change,50,cross_task,-14.353845364867459,-15.328016506225353,-13.912509165596207,-4.0587385575006625,0.37,0.6336633663366337
l22,gru_prediction_change,50,cross_manipulation,-65.83349714131398,-12.334178939570089,-26.46227144421071,-5.014709900060228,0.66,0.3465346534653465
l21,persistence_policy_change,51,heldout,0.16260747597092565,0.23289050308386264,-0.35265315208205,0.3129906889921754,0.9,0.10891089108910891
l21,persistence_policy_change,51,cross_task,-1.382084407021872,-4.4847831579800825,-3.743109958875379,-0.6765383065564694,0.34,0.6633663366336634
l21,persistence_policy_change,51,cross_manipulation,-0.9902864214910336,-1.9863721173989817,-3.2177498436495227,-0.39562950365230387,0.62,0.38613861386138615
l21,gru_prediction_change,51,heldout,-2.432416462333998,-1.6436234306436024,-4.454140620010969,-1.0549812270783459,0.9,0.10891089108910891
l21,gru_prediction_change,51,cross_task,-7.9791986162236865,-11.425161616594394,-14.852561420156665,-4.438716065601354,0.51,0.49504950495049505
l21,gru_prediction_change,51,cross_manipulation,-13.775515167880574,-29.194873409991516,-29.069072915317847,-5.674430437210481,0.42,0.5841584158415841
displacement,persistence_policy_change,51,heldout,-0.5105736571661514,0.4744023069868788,-0.16334077322455712,0.4274103385709274,0.96,0.04950495049504951
displacement,persistence_policy_change,51,cross_task,-5.7311272460181995,-2.147074898548174,-2.830835460252372,-0.6313505735025678,0.54,0.46534653465346537
displacement,persistence_policy_change,51,cross_manipulation,-3.3723183028811157,-0.3379699144006535,-2.1565288602558113,-0.22927963912215138,0.93,0.07920792079207921
displacement,gru_prediction_change,51,heldout,-3.299737411112025,-0.5328371451533912,-4.221840797447006,-1.154643984609335,0.99,0.019801980198019802
displacement,gru_prediction_change,51,cross_task,-8.174109575798688,-21.83023025877178,-15.15708613470642,-3.8293579428670688,0.22,0.7821782178217822
displacement,gru_prediction_change,51,cross_manipulation,-33.00634482478845,-17.817717381537854,-29.370686094327702,-5.691167815774268,0.59,0.4158415841584158
l22,persistence_policy_change,51,heldout,0.018068617269484166,0.4435747475809681,-0.2745568363049805,0.39490685361123473,0.95,0.0594059405940594
l22,persistence_policy_change,51,cross_task,-1.4917310107246473,-1.9385087438568842,-3.404444747512028,-0.4021812652207115,0.67,0.33663366336633666
l22,persistence_policy_change,51,cross_manipulation,-1.8356145736876741,-0.42942431955243465,-2.5779150642718656,-0.21774892578086288,0.92,0.0891089108910891
l22,gru_prediction_change,51,heldout,-2.564046711604789,-0.7653845206090822,-4.134968470673473,-1.0847240689565578,0.98,0.0297029702970297
l22,gru_prediction_change,51,cross_task,-12.558306611968014,-15.328016506225353,-13.912509165596207,-4.0587385575006625,0.37,0.6336633663366337
l22,gru_prediction_change,51,cross_manipulation,-13.931638428384767,-12.334178939570089,-26.46227144421071,-5.014709900060228,0.66,0.3465346534653465
l21,persistence_policy_change,52,heldout,0.15948262946763672,0.23289050308386264,-0.35265315208205,0.3129906889921754,0.9,0.10891089108910891
l21,persistence_policy_change,52,cross_task,-0.6923653502057139,-4.4847831579800825,-3.743109958875379,-0.6765383065564694,0.34,0.6633663366336634
l21,persistence_policy_change,52,cross_manipulation,-1.1123550544489023,-1.9863721173989817,-3.2177498436495227,-0.39562950365230387,0.62,0.38613861386138615
l21,gru_prediction_change,52,heldout,-4.192065763317785,-1.6436234306436024,-4.454140620010969,-1.0549812270783459,0.9,0.10891089108910891
l21,gru_prediction_change,52,cross_task,-20.316039713193195,-11.425161616594394,-14.852561420156665,-4.438716065601354,0.51,0.49504950495049505
l21,gru_prediction_change,52,cross_manipulation,-17.488710544603745,-29.194873409991516,-29.069072915317847,-5.674430437210481,0.42,0.5841584158415841
displacement,persistence_policy_change,52,heldout,-0.2781483304920957,0.4744023069868788,-0.16334077322455712,0.4274103385709274,0.96,0.04950495049504951
displacement,persistence_policy_change,52,cross_task,-2.6505065956576734,-2.147074898548174,-2.830835460252372,-0.6313505735025678,0.54,0.46534653465346537
displacement,persistence_policy_change,52,cross_manipulation,-1.8470046372669793,-0.3379699144006535,-2.1565288602558113,-0.22927963912215138,0.93,0.07920792079207921
displacement,gru_prediction_change,52,heldout,-2.9554623281688817,-0.5328371451533912,-4.221840797447006,-1.154643984609335,0.99,0.019801980198019802
displacement,gru_prediction_change,52,cross_task,-13.144660145522408,-21.83023025877178,-15.15708613470642,-3.8293579428670688,0.22,0.7821782178217822
displacement,gru_prediction_change,52,cross_manipulation,-20.640327435065466,-17.817717381537854,-29.370686094327702,-5.691167815774268,0.59,0.4158415841584158
l22,persistence_policy_change,52,heldout,-0.02181252023161621,0.4435747475809681,-0.2745568363049805,0.39490685361123473,0.95,0.0594059405940594
l22,persistence_policy_change,52,cross_task,-3.762926567823443,-1.9385087438568842,-3.404444747512028,-0.4021812652207115,0.67,0.33663366336633666
l22,persistence_policy_change,52,cross_manipulation,-2.619091800838907,-0.42942431955243465,-2.5779150642718656,-0.21774892578086288,0.92,0.0891089108910891
l22,gru_prediction_change,52,heldout,-3.9362935017750353,-0.7653845206090822,-4.134968470673473,-1.0847240689565578,0.98,0.0297029702970297
l22,gru_prediction_change,52,cross_task,-22.693108740076752,-15.328016506225353,-13.912509165596207,-4.0587385575006625,0.37,0.6336633663366337
l22,gru_prediction_change,52,cross_manipulation,-10.619503166273345,-12.334178939570089,-26.46227144421071,-5.014709900060228,0.66,0.3465346534653465
l21,persistence_policy_change,53,heldout,-0.11810296786767034,0.23289050308386264,-0.35265315208205,0.3129906889921754,0.9,0.10891089108910891
l21,persistence_policy_change,53,cross_task,-3.3570363719647887,-4.4847831579800825,-3.743109958875379,-0.6765383065564694,0.34,0.6633663366336634
l21,persistence_policy_change,53,cross_manipulation,-3.2541685411122367,-1.9863721173989817,-3.2177498436495227,-0.39562950365230387,0.62,0.38613861386138615
l21,gru_prediction_change,53,heldout,-3.1382282117154454,-1.6436234306436024,-4.454140620010969,-1.0549812270783459,0.9,0.10891089108910891
l21,gru_prediction_change,53,cross_task,-9.87856754403074,-11.425161616594394,-14.852561420156665,-4.438716065601354,0.51,0.49504950495049505
l21,gru_prediction_change,53,cross_manipulation,-26.15289727411706,-29.194873409991516,-29.069072915317847,-5.674430437210481,0.42,0.5841584158415841
displacement,persistence_policy_change,53,heldout,0.11575788089859618,0.4744023069868788,-0.16334077322455712,0.4274103385709274,0.96,0.04950495049504951
displacement,persistence_policy_change,53,cross_task,-1.9477673342880741,-2.147074898548174,-2.830835460252372,-0.6313505735025678,0.54,0.46534653465346537
displacement,persistence_policy_change,53,cross_manipulation,-1.7087513549692912,-0.3379699144006535,-2.1565288602558113,-0.22927963912215138,0.93,0.07920792079207921
displacement,gru_prediction_change,53,heldout,-6.164952177423618,-0.5328371451533912,-4.221840797447006,-1.154643984609335,0.99,0.019801980198019802
displacement,gru_prediction_change,53,cross_task,-20.894023554246235,-21.83023025877178,-15.15708613470642,-3.8293579428670688,0.22,0.7821782178217822
displacement,gru_prediction_change,53,cross_manipulation,-78.58687561146232,-17.817717381537854,-29.370686094327702,-5.691167815774268,0.59,0.4158415841584158
l22,persistence_policy_change,53,heldout,-0.8096472098030058,0.4435747475809681,-0.2745568363049805,0.39490685361123473,0.95,0.0594059405940594
l22,persistence_policy_change,53,cross_task,-5.083947058396847,-1.9385087438568842,-3.404444747512028,-0.4021812652207115,0.67,0.33663366336633666
l22,persistence_policy_change,53,cross_manipulation,-4.520734052542673,-0.42942431955243465,-2.5779150642718656,-0.21774892578086288,0.92,0.0891089108910891
l22,gru_prediction_change,53,heldout,-4.101077582968821,-0.7653845206090822,-4.134968470673473,-1.0847240689565578,0.98,0.0297029702970297
l22,gru_prediction_change,53,cross_task,-9.611947780148514,-15.328016506225353,-13.912509165596207,-4.0587385575006625,0.37,0.6336633663366337
l22,gru_prediction_change,53,cross_manipulation,-34.26868317225142,-12.334178939570089,-26.46227144421071,-5.014709900060228,0.66,0.3465346534653465
l21,persistence_policy_change,54,heldout,-0.8399781509681054,0.23289050308386264,-0.35265315208205,0.3129906889921754,0.9,0.10891089108910891
l21,persistence_policy_change,54,cross_task,-5.215892552182756,-4.4847831579800825,-3.743109958875379,-0.6765383065564694,0.34,0.6633663366336634
l21,persistence_policy_change,54,cross_manipulation,-6.0172361493623665,-1.9863721173989817,-3.2177498436495227,-0.39562950365230387,0.62,0.38613861386138615
l21,gru_prediction_change,54,heldout,-8.013521484530008,-1.6436234306436024,-4.454140620010969,-1.0549812270783459,0.9,0.10891089108910891
l21,gru_prediction_change,54,cross_task,-20.270185221407438,-11.425161616594394,-14.852561420156665,-4.438716065601354,0.51,0.49504950495049505
l21,gru_prediction_change,54,cross_manipulation,-125.02328558586046,-29.194873409991516,-29.069072915317847,-5.674430437210481,0.42,0.5841584158415841
displacement,persistence_policy_change,54,heldout,-0.10383551287860952,0.4744023069868788,-0.16334077322455712,0.4274103385709274,0.96,0.04950495049504951
displacement,persistence_policy_change,54,cross_task,-5.10246984262766,-2.147074898548174,-2.830835460252372,-0.6313505735025678,0.54,0.46534653465346537
displacement,persistence_policy_change,54,cross_manipulation,-1.6822843186738865,-0.3379699144006535,-2.1565288602558113,-0.22927963912215138,0.93,0.07920792079207921
displacement,gru_prediction_change,54,heldout,-4.540794050411676,-0.5328371451533912,-4.221840797447006,-1.154643984609335,0.99,0.019801980198019802
displacement,gru_prediction_change,54,cross_task,-21.516827941845083,-21.83023025877178,-15.15708613470642,-3.8293579428670688,0.22,0.7821782178217822
displacement,gru_prediction_change,54,cross_manipulation,-12.227474798274503,-17.817717381537854,-29.370686094327702,-5.691167815774268,0.59,0.4158415841584158
l22,persistence_policy_change,54,heldout,-1.13699274731054,0.4435747475809681,-0.2745568363049805,0.39490685361123473,0.95,0.0594059405940594
l22,persistence_policy_change,54,cross_task,-6.703491862495923,-1.9385087438568842,-3.404444747512028,-0.4021812652207115,0.67,0.33663366336633666
l22,persistence_policy_change,54,cross_manipulation,-6.595671866859604,-0.42942431955243465,-2.5779150642718656,-0.21774892578086288,0.92,0.0891089108910891
l22,gru_prediction_change,54,heldout,-8.674436760438907,-0.7653845206090822,-4.134968470673473,-1.0847240689565578,0.98,0.0297029702970297
l22,gru_prediction_change,54,cross_task,-25.31854694771644,-15.328016506225353,-13.912509165596207,-4.0587385575006625,0.37,0.6336633663366337
l22,gru_prediction_change,54,cross_manipulation,-121.77253204904886,-12.334178939570089,-26.46227144421071,-5.014709900060228,0.66,0.3465346534653465
l21,persistence_policy_change,55,heldout,0.40873101800041406,0.23289050308386264,-0.35265315208205,0.3129906889921754,0.9,0.10891089108910891
l21,persistence_policy_change,55,cross_task,-0.2429993224157189,-4.4847831579800825,-3.743109958875379,-0.6765383065564694,0.34,0.6633663366336634
l21,persistence_policy_change,55,cross_manipulation,0.012162231745136753,-1.9863721173989817,-3.2177498436495227,-0.39562950365230387,0.62,0.38613861386138615
l21,gru_prediction_change,55,heldout,-2.3416104533217488,-1.6436234306436024,-4.454140620010969,-1.0549812270783459,0.9,0.10891089108910891
l21,gru_prediction_change,55,cross_task,-7.640878010610126,-11.425161616594394,-14.852561420156665,-4.438716065601354,0.51,0.49504950495049505
l21,gru_prediction_change,55,cross_manipulation,-17.59669133385822,-29.194873409991516,-29.069072915317847,-5.674430437210481,0.42,0.5841584158415841
displacement,persistence_policy_change,55,heldout,0.15575087016554243,0.4744023069868788,-0.16334077322455712,0.4274103385709274,0.96,0.04950495049504951
displacement,persistence_policy_change,55,cross_task,-2.515380496065404,-2.147074898548174,-2.830835460252372,-0.6313505735025678,0.54,0.46534653465346537
displacement,persistence_policy_change,55,cross_manipulation,-0.510964727808261,-0.3379699144006535,-2.1565288602558113,-0.22927963912215138,0.93,0.07920792079207921
displacement,gru_prediction_change,55,heldout,-1.639765449282522,-0.5328371451533912,-4.221840797447006,-1.154643984609335,0.99,0.019801980198019802
displacement,gru_prediction_change,55,cross_task,-9.890439802957859,-21.83023025877178,-15.15708613470642,-3.8293579428670688,0.22,0.7821782178217822
displacement,gru_prediction_change,55,cross_manipulation,-16.171782626538782,-17.817717381537854,-29.370686094327702,-5.691167815774268,0.59,0.4158415841584158
l22,persistence_policy_change,55,heldout,-0.16811440757387452,0.4435747475809681,-0.2745568363049805,0.39490685361123473,0.95,0.0594059405940594
l22,persistence_policy_change,55,cross_task,-1.3214066596932106,-1.9385087438568842,-3.404444747512028,-0.4021812652207115,0.67,0.33663366336633666
l22,persistence_policy_change,55,cross_manipulation,-1.867043953396967,-0.42942431955243465,-2.5779150642718656,-0.21774892578086288,0.92,0.0891089108910891
l22,gru_prediction_change,55,heldout,-3.337925647733339,-0.7653845206090822,-4.134968470673473,-1.0847240689565578,0.98,0.0297029702970297
l22,gru_prediction_change,55,cross_task,-7.301430792071208,-15.328016506225353,-13.912509165596207,-4.0587385575006625,0.37,0.6336633663366337
l22,gru_prediction_change,55,cross_manipulation,-9.309844345307571,-12.334178939570089,-26.46227144421071,-5.014709900060228,0.66,0.3465346534653465
l21,persistence_policy_change,56,heldout,0.19378078357393017,0.23289050308386264,-0.35265315208205,0.3129906889921754,0.9,0.10891089108910891
l21,persistence_policy_change,56,cross_task,-1.4822130629667551,-4.4847831579800825,-3.743109958875379,-0.6765383065564694,0.34,0.6633663366336634
l21,persistence_policy_change,56,cross_manipulation,-0.6602429696276207,-1.9863721173989817,-3.2177498436495227,-0.39562950365230387,0.62,0.38613861386138615
l21,gru_prediction_change,56,heldout,-0.8939044486006926,-1.6436234306436024,-4.454140620010969,-1.0549812270783459,0.9,0.10891089108910891
l21,gru_prediction_change,56,cross_task,-4.963543512218661,-11.425161616594394,-14.852561420156665,-4.438716065601354,0.51,0.49504950495049505
l21,gru_prediction_change,56,cross_manipulation,-7.659833628555006,-29.194873409991516,-29.069072915317847,-5.674430437210481,0.42,0.5841584158415841
displacement,persistence_policy_change,56,heldout,0.24772962762650053,0.4744023069868788,-0.16334077322455712,0.4274103385709274,0.96,0.04950495049504951
displacement,persistence_policy_change,56,cross_task,-0.9612946437987588,-2.147074898548174,-2.830835460252372,-0.6313505735025678,0.54,0.46534653465346537
displacement,persistence_policy_change,56,cross_manipulation,-0.5698289648564051,-0.3379699144006535,-2.1565288602558113,-0.22927963912215138,0.93,0.07920792079207921
displacement,gru_prediction_change,56,heldout,-1.2480060169985985,-0.5328371451533912,-4.221840797447006,-1.154643984609335,0.99,0.019801980198019802
displacement,gru_prediction_change,56,cross_task,-5.274396384814142,-21.83023025877178,-15.15708613470642,-3.8293579428670688,0.22,0.7821782178217822
displacement,gru_prediction_change,56,cross_manipulation,-5.959872288149293,-17.817717381537854,-29.370686094327702,-5.691167815774268,0.59,0.4158415841584158
l22,persistence_policy_change,56,heldout,0.0988763600444446,0.4435747475809681,-0.2745568363049805,0.39490685361123473,0.95,0.0594059405940594
l22,persistence_policy_change,56,cross_task,-2.4834696942113212,-1.9385087438568842,-3.404444747512028,-0.4021812652207115,0.67,0.33663366336633666
l22,persistence_policy_change,56,cross_manipulation,-2.1261064545199435,-0.42942431955243465,-2.5779150642718656,-0.21774892578086288,0.92,0.0891089108910891
l22,gru_prediction_change,56,heldout,-1.4337517072737958,-0.7653845206090822,-4.134968470673473,-1.0847240689565578,0.98,0.0297029702970297
l22,gru_prediction_change,56,cross_task,-5.221719700896884,-15.328016506225353,-13.912509165596207,-4.0587385575006625,0.37,0.6336633663366337
l22,gru_prediction_change,56,cross_manipulation,-17.154983130889327,-12.334178939570089,-26.46227144421071,-5.014709900060228,0.66,0.3465346534653465
l21,persistence_policy_change,57,heldout,0.020958873069147083,0.23289050308386264,-0.35265315208205,0.3129906889921754,0.9,0.10891089108910891
l21,persistence_policy_change,57,cross_task,-2.8711216384649636,-4.4847831579800825,-3.743109958875379,-0.6765383065564694,0.34,0.6633663366336634
l21,persistence_policy_change,57,cross_manipulation,-1.8800661529096445,-1.9863721173989817,-3.2177498436495227,-0.39562950365230387,0.62,0.38613861386138615
l21,gru_prediction_change,57,heldout,-4.584912867057114,-1.6436234306436024,-4.454140620010969,-1.0549812270783459,0.9,0.10891089108910891
l21,gru_prediction_change,57,cross_task,-45.21828119177322,-11.425161616594394,-14.852561420156665,-4.438716065601354,0.51,0.49504950495049505
l21,gru_prediction_change,57,cross_manipulation,-38.075272471899105,-29.194873409991516,-29.069072915317847,-5.674430437210481,0.42,0.5841584158415841
displacement,persistence_policy_change,57,heldout,0.43396773437976605,0.4744023069868788,-0.16334077322455712,0.4274103385709274,0.96,0.04950495049504951
displacement,persistence_policy_change,57,cross_task,-1.1689878186386626,-2.147074898548174,-2.830835460252372,-0.6313505735025678,0.54,0.46534653465346537
displacement,persistence_policy_change,57,cross_manipulation,-0.36456595158236116,-0.3379699144006535,-2.1565288602558113,-0.22927963912215138,0.93,0.07920792079207921
displacement,gru_prediction_change,57,heldout,-0.6629409449631679,-0.5328371451533912,-4.221840797447006,-1.154643984609335,0.99,0.019801980198019802
displacement,gru_prediction_change,57,cross_task,-2.0274499303595794,-21.83023025877178,-15.15708613470642,-3.8293579428670688,0.22,0.7821782178217822
displacement,gru_prediction_change,57,cross_manipulation,-6.673246860867069,-17.817717381537854,-29.370686094327702,-5.691167815774268,0.59,0.4158415841584158
l22,persistence_policy_change,57,heldout,0.2227555529635716,0.4435747475809681,-0.2745568363049805,0.39490685361123473,0.95,0.0594059405940594
l22,persistence_policy_change,57,cross_task,-2.0895960885208766,-1.9385087438568842,-3.404444747512028,-0.4021812652207115,0.67,0.33663366336633666
l22,persistence_policy_change,57,cross_manipulation,-1.2556545898947167,-0.42942431955243465,-2.5779150642718656,-0.21774892578086288,0.92,0.0891089108910891
l22,gru_prediction_change,57,heldout,-4.144784074037509,-0.7653845206090822,-4.134968470673473,-1.0847240689565578,0.98,0.0297029702970297
l22,gru_prediction_change,57,cross_task,-23.89457931182372,-15.328016506225353,-13.912509165596207,-4.0587385575006625,0.37,0.6336633663366337
l22,gru_prediction_change,57,cross_manipulation,-21.66089743818095,-12.334178939570089,-26.46227144421071,-5.014709900060228,0.66,0.3465346534653465
l21,persistence_policy_change,58,heldout,0.46528832249890684,0.23289050308386264,-0.35265315208205,0.3129906889921754,0.9,0.10891089108910891
l21,persistence_policy_change,58,cross_task,-1.028942792150348,-4.4847831579800825,-3.743109958875379,-0.6765383065564694,0.34,0.6633663366336634
l21,persistence_policy_change,58,cross_manipulation,-1.2502948536670218,-1.9863721173989817,-3.2177498436495227,-0.39562950365230387,0.62,0.38613861386138615
l21,gru_prediction_change,58,heldout,-1.0163167563979114,-1.6436234306436024,-4.454140620010969,-1.0549812270783459,0.9,0.10891089108910891
l21,gru_prediction_change,58,cross_task,-5.9035941687657605,-11.425161616594394,-14.852561420156665,-4.438716065601354,0.51,0.49504950495049505
l21,gru_prediction_change,58,cross_manipulation,-4.42281742029117,-29.194873409991516,-29.069072915317847,-5.674430437210481,0.42,0.5841584158415841
displacement,persistence_policy_change,58,heldout,-0.06437343165545233,0.4744023069868788,-0.16334077322455712,0.4274103385709274,0.96,0.04950495049504951
displacement,persistence_policy_change,58,cross_task,-1.3064970641066196,-2.147074898548174,-2.830835460252372,-0.6313505735025678,0.54,0.46534653465346537
displacement,persistence_policy_change,58,cross_manipulation,-0.9331015048921156,-0.3379699144006535,-2.1565288602558113,-0.22927963912215138,0.93,0.07920792079207921
displacement,gru_prediction_change,58,heldout,-4.648881365616088,-0.5328371451533912,-4.221840797447006,-1.154643984609335,0.99,0.019801980198019802
displacement,gru_prediction_change,58,cross_task,-12.726918498540243,-21.83023025877178,-15.15708613470642,-3.8293579428670688,0.22,0.7821782178217822
displacement,gru_prediction_change,58,cross_manipulation,-28.937617647908773,-17.817717381537854,-29.370686094327702,-5.691167815774268,0.59,0.4158415841584158
l22,persistence_policy_change,58,heldout,0.0231547391444679,0.4435747475809681,-0.2745568363049805,0.39490685361123473,0.95,0.0594059405940594
l22,persistence_policy_change,58,cross_task,-4.383397341205637,-1.9385087438568842,-3.404444747512028,-0.4021812652207115,0.67,0.33663366336633666
l22,persistence_policy_change,58,cross_manipulation,-1.1248210132481113,-0.42942431955243465,-2.5779150642718656,-0.21774892578086288,0.92,0.0891089108910891
l22,gru_prediction_change,58,heldout,-0.819814192061101,-0.7653845206090822,-4.134968470673473,-1.0847240689565578,0.98,0.0297029702970297
l22,gru_prediction_change,58,cross_task,-3.635756452703607,-15.328016506225353,-13.912509165596207,-4.0587385575006625,0.37,0.6336633663366337
l22,gru_prediction_change,58,cross_manipulation,-3.9750130562595842,-12.334178939570089,-26.46227144421071,-5.014709900060228,0.66,0.3465346534653465
l21,persistence_policy_change,59,heldout,-0.29408563103959334,0.23289050308386264,-0.35265315208205,0.3129906889921754,0.9,0.10891089108910891
l21,persistence_policy_change,59,cross_task,-3.277027715545964,-4.4847831579800825,-3.743109958875379,-0.6765383065564694,0.34,0.6633663366336634
l21,persistence_policy_change,59,cross_manipulation,-2.3488352830118266,-1.9863721173989817,-3.2177498436495227,-0.39562950365230387,0.62,0.38613861386138615
l21,gru_prediction_change,59,heldout,-1.8815867346442812,-1.6436234306436024,-4.454140620010969,-1.0549812270783459,0.9,0.10891089108910891
l21,gru_prediction_change,59,cross_task,-10.860727203112212,-11.425161616594394,-14.852561420156665,-4.438716065601354,0.51,0.49504950495049505
l21,gru_prediction_change,59,cross_manipulation,-16.828847296871402,-29.194873409991516,-29.069072915317847,-5.674430437210481,0.42,0.5841584158415841
displacement,persistence_policy_change,59,heldout,-0.743932985992374,0.4744023069868788,-0.16334077322455712,0.4274103385709274,0.96,0.04950495049504951
displacement,persistence_policy_change,59,cross_task,-8.134279363094084,-2.147074898548174,-2.830835460252372,-0.6313505735025678,0.54,0.46534653465346537
displacement,persistence_policy_change,59,cross_manipulation,-1.8750409295925259,-0.3379699144006535,-2.1565288602558113,-0.22927963912215138,0.93,0.07920792079207921
displacement,gru_prediction_change,59,heldout,-4.348132280604461,-0.5328371451533912,-4.221840797447006,-1.154643984609335,0.99,0.019801980198019802
displacement,gru_prediction_change,59,cross_task,-20.15831390134492,-21.83023025877178,-15.15708613470642,-3.8293579428670688,0.22,0.7821782178217822
displacement,gru_prediction_change,59,cross_manipulation,-25.538221915178465,-17.817717381537854,-29.370686094327702,-5.691167815774268,0.59,0.4158415841584158
l22,persistence_policy_change,59,heldout,-0.22591817539344486,0.4435747475809681,-0.2745568363049805,0.39490685361123473,0.95,0.0594059405940594
l22,persistence_policy_change,59,cross_task,-2.3285228615746183,-1.9385087438568842,-3.404444747512028,-0.4021812652207115,0.67,0.33663366336633666
l22,persistence_policy_change,59,cross_manipulation,-2.3661084200650886,-0.42942431955243465,-2.5779150642718656,-0.21774892578086288,0.92,0.0891089108910891
l22,gru_prediction_change,59,heldout,-3.8366957986114216,-0.7653845206090822,-4.134968470673473,-1.0847240689565578,0.98,0.0297029702970297
l22,gru_prediction_change,59,cross_task,-11.274536452808873,-15.328016506225353,-13.912509165596207,-4.0587385575006625,0.37,0.6336633663366337
l22,gru_prediction_change,59,cross_manipulation,-30.24615638659182,-12.334178939570089,-26.46227144421071,-5.014709900060228,0.66,0.3465346534653465
l21,persistence_policy_change,60,heldout,-1.1054642560885017,0.23289050308386264,-0.35265315208205,0.3129906889921754,0.9,0.10891089108910891
l21,persistence_policy_change,60,cross_task,-11.007065026648993,-4.4847831579800825,-3.743109958875379,-0.6765383065564694,0.34,0.6633663366336634
l21,persistence_policy_change,60,cross_manipulation,-5.665424818923268,-1.9863721173989817,-3.2177498436495227,-0.39562950365230387,0.62,0.38613861386138615
l21,gru_prediction_change,60,heldout,-5.300559653836625,-1.6436234306436024,-4.454140620010969,-1.0549812270783459,0.9,0.10891089108910891
l21,gru_prediction_change,60,cross_task,-16.91446096741669,-11.425161616594394,-14.852561420156665,-4.438716065601354,0.51,0.49504950495049505
l21,gru_prediction_change,60,cross_manipulation,-47.31193567910213,-29.194873409991516,-29.069072915317847,-5.674430437210481,0.42,0.5841584158415841
displacement,persistence_policy_change,60,heldout,0.42706521247572543,0.4744023069868788,-0.16334077322455712,0.4274103385709274,0.96,0.04950495049504951
displacement,persistence_policy_change,60,cross_task,-1.6937673669000741,-2.147074898548174,-2.830835460252372,-0.6313505735025678,0.54,0.46534653465346537
displacement,persistence_policy_change,60,cross_manipulation,-0.7236628662321591,-0.3379699144006535,-2.1565288602558113,-0.22927963912215138,0.93,0.07920792079207921
displacement,gru_prediction_change,60,heldout,-2.0431748096845475,-0.5328371451533912,-4.221840797447006,-1.154643984609335,0.99,0.019801980198019802
displacement,gru_prediction_change,60,cross_task,-6.131282147347039,-21.83023025877178,-15.15708613470642,-3.8293579428670688,0.22,0.7821782178217822
displacement,gru_prediction_change,60,cross_manipulation,-5.438327381133779,-17.817717381537854,-29.370686094327702,-5.691167815774268,0.59,0.4158415841584158
l22,persistence_policy_change,60,heldout,-0.7205770705900575,0.4435747475809681,-0.2745568363049805,0.39490685361123473,0.95,0.0594059405940594
l22,persistence_policy_change,60,cross_task,-7.237835646704576,-1.9385087438568842,-3.404444747512028,-0.4021812652207115,0.67,0.33663366336633666
l22,persistence_policy_change,60,cross_manipulation,-8.320377357800215,-0.42942431955243465,-2.5779150642718656,-0.21774892578086288,0.92,0.0891089108910891
l22,gru_prediction_change,60,heldout,-5.744516662116662,-0.7653845206090822,-4.134968470673473,-1.0847240689565578,0.98,0.0297029702970297
l22,gru_prediction_change,60,cross_task,-20.043892973879537,-15.328016506225353,-13.912509165596207,-4.0587385575006625,0.37,0.6336633663366337
l22,gru_prediction_change,60,cross_manipulation,-66.07976064793496,-12.334178939570089,-26.46227144421071,-5.014709900060228,0.66,0.3465346534653465
l21,persistence_policy_change,61,heldout,-0.4113338723507776,0.23289050308386264,-0.35265315208205,0.3129906889921754,0.9,0.10891089108910891
l21,persistence_policy_change,61,cross_task,-3.476840511323241,-4.4847831579800825,-3.743109958875379,-0.6765383065564694,0.34,0.6633663366336634
l21,persistence_policy_change,61,cross_manipulation,-5.239537820499406,-1.9863721173989817,-3.2177498436495227,-0.39562950365230387,0.62,0.38613861386138615
l21,gru_prediction_change,61,heldout,-5.3033971710029,-1.6436234306436024,-4.454140620010969,-1.0549812270783459,0.9,0.10891089108910891
l21,gru_prediction_change,61,cross_task,-18.530951003850024,-11.425161616594394,-14.852561420156665,-4.438716065601354,0.51,0.49504950495049505
l21,gru_prediction_change,61,cross_manipulation,-76.18502726336293,-29.194873409991516,-29.069072915317847,-5.674430437210481,0.42,0.5841584158415841
displacement,persistence_policy_change,61,heldout,-0.8602938350666741,0.4744023069868788,-0.16334077322455712,0.4274103385709274,0.96,0.04950495049504951
displacement,persistence_policy_change,61,cross_task,-6.795732042314458,-2.147074898548174,-2.830835460252372,-0.6313505735025678,0.54,0.46534653465346537
displacement,persistence_policy_change,61,cross_manipulation,-5.596288269286449,-0.3379699144006535,-2.1565288602558113,-0.22927963912215138,0.93,0.07920792079207921
displacement,gru_prediction_change,61,heldout,-7.621390359047111,-0.5328371451533912,-4.221840797447006,-1.154643984609335,0.99,0.019801980198019802
displacement,gru_prediction_change,61,cross_task,-38.051397333736446,-21.83023025877178,-15.15708613470642,-3.8293579428670688,0.22,0.7821782178217822
displacement,gru_prediction_change,61,cross_manipulation,-36.73209490583543,-17.817717381537854,-29.370686094327702,-5.691167815774268,0.59,0.4158415841584158
l22,persistence_policy_change,61,heldout,-0.2790788792019145,0.4435747475809681,-0.2745568363049805,0.39490685361123473,0.95,0.0594059405940594
l22,persistence_policy_change,61,cross_task,-2.525417027558223,-1.9385087438568842,-3.404444747512028,-0.4021812652207115,0.67,0.33663366336633666
l22,persistence_policy_change,61,cross_manipulation,-2.514260742149778,-0.42942431955243465,-2.5779150642718656,-0.21774892578086288,0.92,0.0891089108910891
l22,gru_prediction_change,61,heldout,-3.9979449886476566,-0.7653845206090822,-4.134968470673473,-1.0847240689565578,0.98,0.0297029702970297
l22,gru_prediction_change,61,cross_task,-21.338749945635428,-15.328016506225353,-13.912509165596207,-4.0587385575006625,0.37,0.6336633663366337
l22,gru_prediction_change,61,cross_manipulation,-47.01982993546646,-12.334178939570089,-26.46227144421071,-5.014709900060228,0.66,0.3465346534653465
l21,persistence_policy_change,62,heldout,-0.39842541300411743,0.23289050308386264,-0.35265315208205,0.3129906889921754,0.9,0.10891089108910891
l21,persistence_policy_change,62,cross_task,-5.445919158446055,-4.4847831579800825,-3.743109958875379,-0.6765383065564694,0.34,0.6633663366336634
l21,persistence_policy_change,62,cross_manipulation,-3.2297502163666914,-1.9863721173989817,-3.2177498436495227,-0.39562950365230387,0.62,0.38613861386138615
l21,gru_prediction_change,62,heldout,-5.545118969048566,-1.6436234306436024,-4.454140620010969,-1.0549812270783459,0.9,0.10891089108910891
l21,gru_prediction_change,62,cross_task,-18.969475648033697,-11.425161616594394,-14.852561420156665,-4.438716065601354,0.51,0.49504950495049505
l21,gru_prediction_change,62,cross_manipulation,-29.735986291212264,-29.194873409991516,-29.069072915317847,-5.674430437210481,0.42,0.5841584158415841
displacement,persistence_policy_change,62,heldout,-0.11874439282172104,0.4744023069868788,-0.16334077322455712,0.4274103385709274,0.96,0.04950495049504951
displacement,persistence_policy_change,62,cross_task,-2.431807836950268,-2.147074898548174,-2.830835460252372,-0.6313505735025678,0.54,0.46534653465346537
displacement,persistence_policy_change,62,cross_manipulation,-1.6247602649651,-0.3379699144006535,-2.1565288602558113,-0.22927963912215138,0.93,0.07920792079207921
displacement,gru_prediction_change,62,heldout,-4.431459910691597,-0.5328371451533912,-4.221840797447006,-1.154643984609335,0.99,0.019801980198019802
displacement,gru_prediction_change,62,cross_task,-22.09775817968337,-21.83023025877178,-15.15708613470642,-3.8293579428670688,0.22,0.7821782178217822
displacement,gru_prediction_change,62,cross_manipulation,-24.38737133161828,-17.817717381537854,-29.370686094327702,-5.691167815774268,0.59,0.4158415841584158
l22,persistence_policy_change,62,heldout,-0.7881690044632702,0.4435747475809681,-0.2745568363049805,0.39490685361123473,0.95,0.0594059405940594
l22,persistence_policy_change,62,cross_task,-6.630213099653801,-1.9385087438568842,-3.404444747512028,-0.4021812652207115,0.67,0.33663366336633666
l22,persistence_policy_change,62,cross_manipulation,-5.003337698297477,-0.42942431955243465,-2.5779150642718656,-0.21774892578086288,0.92,0.0891089108910891
l22,gru_prediction_change,62,heldout,-7.75352992431543,-0.7653845206090822,-4.134968470673473,-1.0847240689565578,0.98,0.0297029702970297
l22,gru_prediction_change,62,cross_task,-21.362205103346103,-15.328016506225353,-13.912509165596207,-4.0587385575006625,0.37,0.6336633663366337
l22,gru_prediction_change,62,cross_manipulation,-59.2352359891692,-12.334178939570089,-26.46227144421071,-5.014709900060228,0.66,0.3465346534653465
l21,persistence_policy_change,63,heldout,0.14414374122684528,0.23289050308386264,-0.35265315208205,0.3129906889921754,0.9,0.10891089108910891
l21,persistence_policy_change,63,cross_task,-1.7744799697078502,-4.4847831579800825,-3.743109958875379,-0.6765383065564694,0.34,0.6633663366336634
l21,persistence_policy_change,63,cross_manipulation,-0.4592042294501514,-1.9863721173989817,-3.2177498436495227,-0.39562950365230387,0.62,0.38613861386138615
l21,gru_prediction_change,63,heldout,-2.3491924798090653,-1.6436234306436024,-4.454140620010969,-1.0549812270783459,0.9,0.10891089108910891
l21,gru_prediction_change,63,cross_task,-6.595116258892034,-11.425161616594394,-14.852561420156665,-4.438716065601354,0.51,0.49504950495049505
l21,gru_prediction_change,63,cross_manipulation,-7.696002033562249,-29.194873409991516,-29.069072915317847,-5.674430437210481,0.42,0.5841584158415841
displacement,persistence_policy_change,63,heldout,0.18886082726517592,0.4744023069868788,-0.16334077322455712,0.4274103385709274,0.96,0.04950495049504951
displacement,persistence_policy_change,63,cross_task,-0.9913782266593586,-2.147074898548174,-2.830835460252372,-0.6313505735025678,0.54,0.46534653465346537
displacement,persistence_policy_change,63,cross_manipulation,-1.7031854769176025,-0.3379699144006535,-2.1565288602558113,-0.22927963912215138,0.93,0.07920792079207921
displacement,gru_prediction_change,63,heldout,-3.435723616368382,-0.5328371451533912,-4.221840797447006,-1.154643984609335,0.99,0.019801980198019802
displacement,gru_prediction_change,63,cross_task,-9.930712016665604,-21.83023025877178,-15.15708613470642,-3.8293579428670688,0.22,0.7821782178217822
displacement,gru_prediction_change,63,cross_manipulation,-17.19927895304464,-17.817717381537854,-29.370686094327702,-5.691167815774268,0.59,0.4158415841584158
l22,persistence_policy_change,63,heldout,0.016262255715128553,0.4435747475809681,-0.2745568363049805,0.39490685361123473,0.95,0.0594059405940594
l22,persistence_policy_change,63,cross_task,-2.6188814002391925,-1.9385087438568842,-3.404444747512028,-0.4021812652207115,0.67,0.33663366336633666
l22,persistence_policy_change,63,cross_manipulation,-0.7582095819427591,-0.42942431955243465,-2.5779150642718656,-0.21774892578086288,0.92,0.0891089108910891
l22,gru_prediction_change,63,heldout,-2.3725350495624737,-0.7653845206090822,-4.134968470673473,-1.0847240689565578,0.98,0.0297029702970297
l22,gru_prediction_change,63,cross_task,-5.313171616790007,-15.328016506225353,-13.912509165596207,-4.0587385575006625,0.37,0.6336633663366337
l22,gru_prediction_change,63,cross_manipulation,-5.0064222437939545,-12.334178939570089,-26.46227144421071,-5.014709900060228,0.66,0.3465346534653465
l21,persistence_policy_change,64,heldout,-0.3888909327460674,0.23289050308386264,-0.35265315208205,0.3129906889921754,0.9,0.10891089108910891
l21,persistence_policy_change,64,cross_task,-3.4855005284028118,-4.4847831579800825,-3.743109958875379,-0.6765383065564694,0.34,0.6633663366336634
l21,persistence_policy_change,64,cross_manipulation,-2.5079019989003903,-1.9863721173989817,-3.2177498436495227,-0.39562950365230387,0.62,0.38613861386138615
l21,gru_prediction_change,64,heldout,-8.17559385831355,-1.6436234306436024,-4.454140620010969,-1.0549812270783459,0.9,0.10891089108910891
l21,gru_prediction_change,64,cross_task,-41.67836476065812,-11.425161616594394,-14.852561420156665,-4.438716065601354,0.51,0.49504950495049505
l21,gru_prediction_change,64,cross_manipulation,-31.20393831095376,-29.194873409991516,-29.069072915317847,-5.674430437210481,0.42,0.5841584158415841
displacement,persistence_policy_change,64,heldout,-0.2127941527653309,0.4744023069868788,-0.16334077322455712,0.4274103385709274,0.96,0.04950495049504951
displacement,persistence_policy_change,64,cross_task,-1.2834860367053178,-2.147074898548174,-2.830835460252372,-0.6313505735025678,0.54,0.46534653465346537
displacement,persistence_policy_change,64,cross_manipulation,-1.2867421008081699,-0.3379699144006535,-2.1565288602558113,-0.22927963912215138,0.93,0.07920792079207921
displacement,gru_prediction_change,64,heldout,-4.736259570099999,-0.5328371451533912,-4.221840797447006,-1.154643984609335,0.99,0.019801980198019802
displacement,gru_prediction_change,64,cross_task,-17.30523892025383,-21.83023025877178,-15.15708613470642,-3.8293579428670688,0.22,0.7821782178217822
displacement,gru_prediction_change,64,cross_manipulation,-60.21471406350353,-17.817717381537854,-29.370686094327702,-5.691167815774268,0.59,0.4158415841584158
l22,persistence_policy_change,64,heldout,0.39111777371074563,0.4435747475809681,-0.2745568363049805,0.39490685361123473,0.95,0.0594059405940594
l22,persistence_policy_change,64,cross_task,-0.7797355709977997,-1.9385087438568842,-3.404444747512028,-0.4021812652207115,0.67,0.33663366336633666
l22,persistence_policy_change,64,cross_manipulation,-1.009235919510622,-0.42942431955243465,-2.5779150642718656,-0.21774892578086288,0.92,0.0891089108910891
l22,gru_prediction_change,64,heldout,-2.564257002829715,-0.7653845206090822,-4.134968470673473,-1.0847240689565578,0.98,0.0297029702970297
l22,gru_prediction_change,64,cross_task,-24.0400209567859,-15.328016506225353,-13.912509165596207,-4.0587385575006625,0.37,0.6336633663366337
l22,gru_prediction_change,64,cross_manipulation,-48.05337216653817,-12.334178939570089,-26.46227144421071,-5.014709900060228,0.66,0.3465346534653465
l21,persistence_policy_change,65,heldout,-0.13878095025563297,0.23289050308386264,-0.35265315208205,0.3129906889921754,0.9,0.10891089108910891
l21,persistence_policy_change,65,cross_task,-2.4487987729911165,-4.4847831579800825,-3.743109958875379,-0.6765383065564694,0.34,0.6633663366336634
l21,persistence_policy_change,65,cross_manipulation,-1.4837361161424685,-1.9863721173989817,-3.2177498436495227,-0.39562950365230387,0.62,0.38613861386138615
l21,gru_prediction_change,65,heldout,-1.1300895279156917,-1.6436234306436024,-4.454140620010969,-1.0549812270783459,0.9,0.10891089108910891
l21,gru_prediction_change,65,cross_task,-8.273844260363997,-11.425161616594394,-14.852561420156665,-4.438716065601354,0.51,0.49504950495049505
l21,gru_prediction_change,65,cross_manipulation,-5.6815210155143125,-29.194873409991516,-29.069072915317847,-5.674430437210481,0.42,0.5841584158415841
displacement,persistence_policy_change,65,heldout,-1.1997550823540553,0.4744023069868788,-0.16334077322455712,0.4274103385709274,0.96,0.04950495049504951
displacement,persistence_policy_change,65,cross_task,-7.028416378274564,-2.147074898548174,-2.830835460252372,-0.6313505735025678,0.54,0.46534653465346537
displacement,persistence_policy_change,65,cross_manipulation,-6.686688816223099,-0.3379699144006535,-2.1565288602558113,-0.22927963912215138,0.93,0.07920792079207921
displacement,gru_prediction_change,65,heldout,-4.800012112781965,-0.5328371451533912,-4.221840797447006,-1.154643984609335,0.99,0.019801980198019802
displacement,gru_prediction_change,65,cross_task,-13.966435807881114,-21.83023025877178,-15.15708613470642,-3.8293579428670688,0.22,0.7821782178217822
displacement,gru_prediction_change,65,cross_manipulation,-35.12665018802825,-17.817717381537854,-29.370686094327702,-5.691167815774268,0.59,0.4158415841584158
l22,persistence_policy_change,65,heldout,-0.329707779260147,0.4435747475809681,-0.2745568363049805,0.39490685361123473,0.95,0.0594059405940594
l22,persistence_policy_change,65,cross_task,-4.736172041159915,-1.9385087438568842,-3.404444747512028,-0.4021812652207115,0.67,0.33663366336633666
l22,persistence_policy_change,65,cross_manipulation,-1.5064300334660539,-0.42942431955243465,-2.5779150642718656,-0.21774892578086288,0.92,0.0891089108910891
l22,gru_prediction_change,65,heldout,-2.298668038390151,-0.7653845206090822,-4.134968470673473,-1.0847240689565578,0.98,0.0297029702970297
l22,gru_prediction_change,65,cross_task,-8.421375073801004,-15.328016506225353,-13.912509165596207,-4.0587385575006625,0.37,0.6336633663366337
l22,gru_prediction_change,65,cross_manipulation,-4.9979461091276045,-12.334178939570089,-26.46227144421071,-5.014709900060228,0.66,0.3465346534653465
l21,persistence_policy_change,66,heldout,-1.559760923920998,0.23289050308386264,-0.35265315208205,0.3129906889921754,0.9,0.10891089108910891
l21,persistence_policy_change,66,cross_task,-9.003533907040884,-4.4847831579800825,-3.743109958875379,-0.6765383065564694,0.34,0.6633663366336634
l21,persistence_policy_change,66,cross_manipulation,-8.258555297970023,-1.9863721173989817,-3.2177498436495227,-0.39562950365230387,0.62,0.38613861386138615
l21,gru_prediction_change,66,heldout,-8.408508415706148,-1.6436234306436024,-4.454140620010969,-1.0549812270783459,0.9,0.10891089108910891
l21,gru_prediction_change,66,cross_task,-20.681281541103974,-11.425161616594394,-14.852561420156665,-4.438716065601354,0.51,0.49504950495049505
l21,gru_prediction_change,66,cross_manipulation,-43.356918047127934,-29.194873409991516,-29.069072915317847,-5.674430437210481,0.42,0.5841584158415841
displacement,persistence_policy_change,66,heldout,-0.36771458976430155,0.4744023069868788,-0.16334077322455712,0.4274103385709274,0.96,0.04950495049504951
displacement,persistence_policy_change,66,cross_task,-3.520017664354306,-2.147074898548174,-2.830835460252372,-0.6313505735025678,0.54,0.46534653465346537
displacement,persistence_policy_change,66,cross_manipulation,-3.0233987808865175,-0.3379699144006535,-2.1565288602558113,-0.22927963912215138,0.93,0.07920792079207921
displacement,gru_prediction_change,66,heldout,-2.0597019360611353,-0.5328371451533912,-4.221840797447006,-1.154643984609335,0.99,0.019801980198019802
displacement,gru_prediction_change,66,cross_task,-6.157598833402818,-21.83023025877178,-15.15708613470642,-3.8293579428670688,0.22,0.7821782178217822
displacement,gru_prediction_change,66,cross_manipulation,-8.65725609375124,-17.817717381537854,-29.370686094327702,-5.691167815774268,0.59,0.4158415841584158
l22,persistence_policy_change,66,heldout,-0.6098575450789685,0.4435747475809681,-0.2745568363049805,0.39490685361123473,0.95,0.0594059405940594
l22,persistence_policy_change,66,cross_task,-4.559013507203644,-1.9385087438568842,-3.404444747512028,-0.4021812652207115,0.67,0.33663366336633666
l22,persistence_policy_change,66,cross_manipulation,-3.9856284566715368,-0.42942431955243465,-2.5779150642718656,-0.21774892578086288,0.92,0.0891089108910891
l22,gru_prediction_change,66,heldout,-4.633778598093191,-0.7653845206090822,-4.134968470673473,-1.0847240689565578,0.98,0.0297029702970297
l22,gru_prediction_change,66,cross_task,-9.713914419140332,-15.328016506225353,-13.912509165596207,-4.0587385575006625,0.37,0.6336633663366337
l22,gru_prediction_change,66,cross_manipulation,-10.228411888983317,-12.334178939570089,-26.46227144421071,-5.014709900060228,0.66,0.3465346534653465
l21,persistence_policy_change,67,heldout,-0.20710725890632573,0.23289050308386264,-0.35265315208205,0.3129906889921754,0.9,0.10891089108910891
l21,persistence_policy_change,67,cross_task,-2.644809900348646,-4.4847831579800825,-3.743109958875379,-0.6765383065564694,0.34,0.6633663366336634
l21,persistence_policy_change,67,cross_manipulation,-4.004255785224146,-1.9863721173989817,-3.2177498436495227,-0.39562950365230387,0.62,0.38613861386138615
l21,gru_prediction_change,67,heldout,-5.031108422856819,-1.6436234306436024,-4.454140620010969,-1.0549812270783459,0.9,0.10891089108910891
l21,gru_prediction_change,67,cross_task,-7.932903372815257,-11.425161616594394,-14.852561420156665,-4.438716065601354,0.51,0.49504950495049505
l21,gru_prediction_change,67,cross_manipulation,-42.50130135692644,-29.194873409991516,-29.069072915317847,-5.674430437210481,0.42,0.5841584158415841
displacement,persistence_policy_change,67,heldout,-0.0938867277271707,0.4744023069868788,-0.16334077322455712,0.4274103385709274,0.96,0.04950495049504951
displacement,persistence_policy_change,67,cross_task,-1.2794023413104376,-2.147074898548174,-2.830835460252372,-0.6313505735025678,0.54,0.46534653465346537
displacement,persistence_policy_change,67,cross_manipulation,-1.740122121934646,-0.3379699144006535,-2.1565288602558113,-0.22927963912215138,0.93,0.07920792079207921
displacement,gru_prediction_change,67,heldout,-4.835967992750015,-0.5328371451533912,-4.221840797447006,-1.154643984609335,0.99,0.019801980198019802
displacement,gru_prediction_change,67,cross_task,-31.122804381889498,-21.83023025877178,-15.15708613470642,-3.8293579428670688,0.22,0.7821782178217822
displacement,gru_prediction_change,67,cross_manipulation,-32.15918543393671,-17.817717381537854,-29.370686094327702,-5.691167815774268,0.59,0.4158415841584158
l22,persistence_policy_change,67,heldout,0.21053126454859727,0.4435747475809681,-0.2745568363049805,0.39490685361123473,0.95,0.0594059405940594
l22,persistence_policy_change,67,cross_task,-1.0159581733168643,-1.9385087438568842,-3.404444747512028,-0.4021812652207115,0.67,0.33663366336633666
l22,persistence_policy_change,67,cross_manipulation,-1.551017246341529,-0.42942431955243465,-2.5779150642718656,-0.21774892578086288,0.92,0.0891089108910891
l22,gru_prediction_change,67,heldout,-6.169993356870179,-0.7653845206090822,-4.134968470673473,-1.0847240689565578,0.98,0.0297029702970297
l22,gru_prediction_change,67,cross_task,-14.62133747045302,-15.328016506225353,-13.912509165596207,-4.0587385575006625,0.37,0.6336633663366337
l22,gru_prediction_change,67,cross_manipulation,-54.511553205308886,-12.334178939570089,-26.46227144421071,-5.014709900060228,0.66,0.3465346534653465
l21,persistence_policy_change,68,heldout,0.16123945537594878,0.23289050308386264,-0.35265315208205,0.3129906889921754,0.9,0.10891089108910891
l21,persistence_policy_change,68,cross_task,-1.2672166415406139,-4.4847831579800825,-3.743109958875379,-0.6765383065564694,0.34,0.6633663366336634
l21,persistence_policy_change,68,cross_manipulation,-0.3895912424842472,-1.9863721173989817,-3.2177498436495227,-0.39562950365230387,0.62,0.38613861386138615
l21,gru_prediction_change,68,heldout,-3.9052828837134004,-1.6436234306436024,-4.454140620010969,-1.0549812270783459,0.9,0.10891089108910891
l21,gru_prediction_change,68,cross_task,-12.77420713534201,-11.425161616594394,-14.852561420156665,-4.438716065601354,0.51,0.49504950495049505
l21,gru_prediction_change,68,cross_manipulation,-13.011933396127015,-29.194873409991516,-29.069072915317847,-5.674430437210481,0.42,0.5841584158415841
displacement,persistence_policy_change,68,heldout,0.5914569808179914,0.4744023069868788,-0.16334077322455712,0.4274103385709274,0.96,0.04950495049504951
displacement,persistence_policy_change,68,cross_task,-0.0803955753715196,-2.147074898548174,-2.830835460252372,-0.6313505735025678,0.54,0.46534653465346537
displacement,persistence_policy_change,68,cross_manipulation,0.008771267790923654,-0.3379699144006535,-2.1565288602558113,-0.22927963912215138,0.93,0.07920792079207921
displacement,gru_prediction_change,68,heldout,-4.209611403452276,-0.5328371451533912,-4.221840797447006,-1.154643984609335,0.99,0.019801980198019802
displacement,gru_prediction_change,68,cross_task,-10.535576085142148,-21.83023025877178,-15.15708613470642,-3.8293579428670688,0.22,0.7821782178217822
displacement,gru_prediction_change,68,cross_manipulation,-30.16210550162338,-17.817717381537854,-29.370686094327702,-5.691167815774268,0.59,0.4158415841584158
l22,persistence_policy_change,68,heldout,-0.039281188911723754,0.4435747475809681,-0.2745568363049805,0.39490685361123473,0.95,0.0594059405940594
l22,persistence_policy_change,68,cross_task,-1.397052578829413,-1.9385087438568842,-3.404444747512028,-0.4021812652207115,0.67,0.33663366336633666
l22,persistence_policy_change,68,cross_manipulation,-2.090393720339989,-0.42942431955243465,-2.5779150642718656,-0.21774892578086288,0.92,0.0891089108910891
l22,gru_prediction_change,68,heldout,-5.904342696731621,-0.7653845206090822,-4.134968470673473,-1.0847240689565578,0.98,0.0297029702970297
l22,gru_prediction_change,68,cross_task,-12.149427653131928,-15.328016506225353,-13.912509165596207,-4.0587385575006625,0.37,0.6336633663366337
l22,gru_prediction_change,68,cross_manipulation,-72.32215471513192,-12.334178939570089,-26.46227144421071,-5.014709900060228,0.66,0.3465346534653465
l21,persistence_policy_change,69,heldout,-0.28096803105757845,0.23289050308386264,-0.35265315208205,0.3129906889921754,0.9,0.10891089108910891
l21,persistence_policy_change,69,cross_task,-3.8951196009417237,-4.4847831579800825,-3.743109958875379,-0.6765383065564694,0.34,0.6633663366336634
l21,persistence_policy_change,69,cross_manipulation,-2.404034516431173,-1.9863721173989817,-3.2177498436495227,-0.39562950365230387,0.62,0.38613861386138615
l21,gru_prediction_change,69,heldout,-3.6418107124658103,-1.6436234306436024,-4.454140620010969,-1.0549812270783459,0.9,0.10891089108910891
l21,gru_prediction_change,69,cross_task,-18.12055959549245,-11.425161616594394,-14.852561420156665,-4.438716065601354,0.51,0.49504950495049505
l21,gru_prediction_change,69,cross_manipulation,-33.07433346112818,-29.194873409991516,-29.069072915317847,-5.674430437210481,0.42,0.5841584158415841
displacement,persistence_policy_change,69,heldout,0.15498984599225155,0.4744023069868788,-0.16334077322455712,0.4274103385709274,0.96,0.04950495049504951
displacement,persistence_policy_change,69,cross_task,-2.99316613865433,-2.147074898548174,-2.830835460252372,-0.6313505735025678,0.54,0.46534653465346537
displacement,persistence_policy_change,69,cross_manipulation,-1.4462202482488107,-0.3379699144006535,-2.1565288602558113,-0.22927963912215138,0.93,0.07920792079207921
displacement,gru_prediction_change,69,heldout,-3.8769496636449747,-0.5328371451533912,-4.221840797447006,-1.154643984609335,0.99,0.019801980198019802
displacement,gru_prediction_change,69,cross_task,-13.615792827203459,-21.83023025877178,-15.15708613470642,-3.8293579428670688,0.22,0.7821782178217822
displacement,gru_prediction_change,69,cross_manipulation,-9.040049032159217,-17.817717381537854,-29.370686094327702,-5.691167815774268,0.59,0.4158415841584158
l22,persistence_policy_change,69,heldout,-0.15754925308247122,0.4435747475809681,-0.2745568363049805,0.39490685361123473,0.95,0.0594059405940594
l22,persistence_policy_change,69,cross_task,-3.0041667365067837,-1.9385087438568842,-3.404444747512028,-0.4021812652207115,0.67,0.33663366336633666
l22,persistence_policy_change,69,cross_manipulation,-1.2709139154188889,-0.42942431955243465,-2.5779150642718656,-0.21774892578086288,0.92,0.0891089108910891
l22,gru_prediction_change,69,heldout,-4.743526876561336,-0.7653845206090822,-4.134968470673473,-1.0847240689565578,0.98,0.0297029702970297
l22,gru_prediction_change,69,cross_task,-23.308611663903548,-15.328016506225353,-13.912509165596207,-4.0587385575006625,0.37,0.6336633663366337
l22,gru_prediction_change,69,cross_manipulation,-31.152424493888397,-12.334178939570089,-26.46227144421071,-5.014709900060228,0.66,0.3465346534653465
l21,persistence_policy_change,70,heldout,0.3096605436409378,0.23289050308386264,-0.35265315208205,0.3129906889921754,0.9,0.10891089108910891
l21,persistence_policy_change,70,cross_task,-1.0695499903057952,-4.4847831579800825,-3.743109958875379,-0.6765383065564694,0.34,0.6633663366336634
l21,persistence_policy_change,70,cross_manipulation,-0.740336818099688,-1.9863721173989817,-3.2177498436495227,-0.39562950365230387,0.62,0.38613861386138615
l21,gru_prediction_change,70,heldout,-1.2999710838875165,-1.6436234306436024,-4.454140620010969,-1.0549812270783459,0.9,0.10891089108910891
l21,gru_prediction_change,70,cross_task,-4.918014483829814,-11.425161616594394,-14.852561420156665,-4.438716065601354,0.51,0.49504950495049505
l21,gru_prediction_change,70,cross_manipulation,-8.864777399777243,-29.194873409991516,-29.069072915317847,-5.674430437210481,0.42,0.5841584158415841
displacement,persistence_policy_change,70,heldout,-0.536019997410944,0.4744023069868788,-0.16334077322455712,0.4274103385709274,0.96,0.04950495049504951
displacement,persistence_policy_change,70,cross_task,-4.916190074994883,-2.147074898548174,-2.830835460252372,-0.6313505735025678,0.54,0.46534653465346537
displacement,persistence_policy_change,70,cross_manipulation,-1.9645407176301657,-0.3379699144006535,-2.1565288602558113,-0.22927963912215138,0.93,0.07920792079207921
displacement,gru_prediction_change,70,heldout,-5.16116778997941,-0.5328371451533912,-4.221840797447006,-1.154643984609335,0.99,0.019801980198019802
displacement,gru_prediction_change,70,cross_task,-15.704332099612847,-21.83023025877178,-15.15708613470642,-3.8293579428670688,0.22,0.7821782178217822
displacement,gru_prediction_change,70,cross_manipulation,-29.43687278190843,-17.817717381537854,-29.370686094327702,-5.691167815774268,0.59,0.4158415841584158
l22,persistence_policy_change,70,heldout,0.24950382863068687,0.4435747475809681,-0.2745568363049805,0.39490685361123473,0.95,0.0594059405940594
l22,persistence_policy_change,70,cross_task,-1.2704181329474478,-1.9385087438568842,-3.404444747512028,-0.4021812652207115,0.67,0.33663366336633666
l22,persistence_policy_change,70,cross_manipulation,-0.987639549265299,-0.42942431955243465,-2.5779150642718656,-0.21774892578086288,0.92,0.0891089108910891
l22,gru_prediction_change,70,heldout,-2.0328955127871704,-0.7653845206090822,-4.134968470673473,-1.0847240689565578,0.98,0.0297029702970297
l22,gru_prediction_change,70,cross_task,-7.575453282673453,-15.328016506225353,-13.912509165596207,-4.0587385575006625,0.37,0.6336633663366337
l22,gru_prediction_change,70,cross_manipulation,-10.554206657127697,-12.334178939570089,-26.46227144421071,-5.014709900060228,0.66,0.3465346534653465
l21,persistence_policy_change,71,heldout,0.0019689064761881556,0.23289050308386264,-0.35265315208205,0.3129906889921754,0.9,0.10891089108910891
l21,persistence_policy_change,71,cross_task,-2.63788586236694,-4.4847831579800825,-3.743109958875379,-0.6765383065564694,0.34,0.6633663366336634
l21,persistence_policy_change,71,cross_manipulation,-1.687540602343926,-1.9863721173989817,-3.2177498436495227,-0.39562950365230387,0.62,0.38613861386138615
l21,gru_prediction_change,71,heldout,-2.5520885570604874,-1.6436234306436024,-4.454140620010969,-1.0549812270783459,0.9,0.10891089108910891
l21,gru_prediction_change,71,cross_task,-8.524337606909096,-11.425161616594394,-14.852561420156665,-4.438716065601354,0.51,0.49504950495049505
l21,gru_prediction_change,71,cross_manipulation,-19.775329903728846,-29.194873409991516,-29.069072915317847,-5.674430437210481,0.42,0.5841584158415841
displacement,persistence_policy_change,71,heldout,0.3259108985362465,0.4744023069868788,-0.16334077322455712,0.4274103385709274,0.96,0.04950495049504951
displacement,persistence_policy_change,71,cross_task,-0.6321652157891959,-2.147074898548174,-2.830835460252372,-0.6313505735025678,0.54,0.46534653465346537
displacement,persistence_policy_change,71,cross_manipulation,-0.6363177942157463,-0.3379699144006535,-2.1565288602558113,-0.22927963912215138,0.93,0.07920792079207921
displacement,gru_prediction_change,71,heldout,-1.869168641783461,-0.5328371451533912,-4.221840797447006,-1.154643984609335,0.99,0.019801980198019802
displacement,gru_prediction_change,71,cross_task,-5.280560664064423,-21.83023025877178,-15.15708613470642,-3.8293579428670688,0.22,0.7821782178217822
displacement,gru_prediction_change,71,cross_manipulation,-11.473021506732824,-17.817717381537854,-29.370686094327702,-5.691167815774268,0.59,0.4158415841584158
l22,persistence_policy_change,71,heldout,0.46996936950265306,0.4435747475809681,-0.2745568363049805,0.39490685361123473,0.95,0.0594059405940594
l22,persistence_policy_change,71,cross_task,0.12541035124300337,-1.9385087438568842,-3.404444747512028,-0.4021812652207115,0.67,0.33663366336633666
l22,persistence_policy_change,71,cross_manipulation,-0.21874891350086387,-0.42942431955243465,-2.5779150642718656,-0.21774892578086288,0.92,0.0891089108910891
l22,gru_prediction_change,71,heldout,-1.7899074598794507,-0.7653845206090822,-4.134968470673473,-1.0847240689565578,0.98,0.0297029702970297
l22,gru_prediction_change,71,cross_task,-8.69277056711543,-15.328016506225353,-13.912509165596207,-4.0587385575006625,0.37,0.6336633663366337
l22,gru_prediction_change,71,cross_manipulation,-20.002389661784726,-12.334178939570089,-26.46227144421071,-5.014709900060228,0.66,0.3465346534653465
l21,persistence_policy_change,72,heldout,0.39711223167782617,0.23289050308386264,-0.35265315208205,0.3129906889921754,0.9,0.10891089108910891
l21,persistence_policy_change,72,cross_task,-0.21380482444245033,-4.4847831579800825,-3.743109958875379,-0.6765383065564694,0.34,0.6633663366336634
l21,persistence_policy_change,72,cross_manipulation,-0.11917999860090482,-1.9863721173989817,-3.2177498436495227,-0.39562950365230387,0.62,0.38613861386138615
l21,gru_prediction_change,72,heldout,-2.1997786748688664,-1.6436234306436024,-4.454140620010969,-1.0549812270783459,0.9,0.10891089108910891
l21,gru_prediction_change,72,cross_task,-4.443357610072844,-11.425161616594394,-14.852561420156665,-4.438716065601354,0.51,0.49504950495049505
l21,gru_prediction_change,72,cross_manipulation,-11.680583312953043,-29.194873409991516,-29.069072915317847,-5.674430437210481,0.42,0.5841584158415841
displacement,persistence_policy_change,72,heldout,-0.4403477178700936,0.4744023069868788,-0.16334077322455712,0.4274103385709274,0.96,0.04950495049504951
displacement,persistence_policy_change,72,cross_task,-3.503322487635902,-2.147074898548174,-2.830835460252372,-0.6313505735025678,0.54,0.46534653465346537
displacement,persistence_policy_change,72,cross_manipulation,-3.066005560507768,-0.3379699144006535,-2.1565288602558113,-0.22927963912215138,0.93,0.07920792079207921
displacement,gru_prediction_change,72,heldout,-7.043420804115932,-0.5328371451533912,-4.221840797447006,-1.154643984609335,0.99,0.019801980198019802
displacement,gru_prediction_change,72,cross_task,-22.928513593913404,-21.83023025877178,-15.15708613470642,-3.8293579428670688,0.22,0.7821782178217822
displacement,gru_prediction_change,72,cross_manipulation,-87.09493486389567,-17.817717381537854,-29.370686094327702,-5.691167815774268,0.59,0.4158415841584158
l22,persistence_policy_change,72,heldout,0.46920278115590514,0.4435747475809681,-0.2745568363049805,0.39490685361123473,0.95,0.0594059405940594
l22,persistence_policy_change,72,cross_task,-0.01461451657413182,-1.9385087438568842,-3.404444747512028,-0.4021812652207115,0.67,0.33663366336633666
l22,persistence_policy_change,72,cross_manipulation,-0.17448749629332685,-0.42942431955243465,-2.5779150642718656,-0.21774892578086288,0.92,0.0891089108910891
l22,gru_prediction_change,72,heldout,-1.888947314042924,-0.7653845206090822,-4.134968470673473,-1.0847240689565578,0.98,0.0297029702970297
l22,gru_prediction_change,72,cross_task,-5.043517189180514,-15.328016506225353,-13.912509165596207,-4.0587385575006625,0.37,0.6336633663366337
l22,gru_prediction_change,72,cross_manipulation,-10.694345860161198,-12.334178939570089,-26.46227144421071,-5.014709900060228,0.66,0.3465346534653465
l21,persistence_policy_change,73,heldout,-1.748233002647818,0.23289050308386264,-0.35265315208205,0.3129906889921754,0.9,0.10891089108910891
l21,persistence_policy_change,73,cross_task,-7.700314837912647,-4.4847831579800825,-3.743109958875379,-0.6765383065564694,0.34,0.6633663366336634
l21,persistence_policy_change,73,cross_manipulation,-6.877584403737015,-1.9863721173989817,-3.2177498436495227,-0.39562950365230387,0.62,0.38613861386138615
l21,gru_prediction_change,73,heldout,-11.362473356076398,-1.6436234306436024,-4.454140620010969,-1.0549812270783459,0.9,0.10891089108910891
l21,gru_prediction_change,73,cross_task,-37.61069365139629,-11.425161616594394,-14.852561420156665,-4.438716065601354,0.51,0.49504950495049505
l21,gru_prediction_change,73,cross_manipulation,-98.45716602349027,-29.194873409991516,-29.069072915317847,-5.674430437210481,0.42,0.5841584158415841
displacement,persistence_policy_change,73,heldout,0.4810234082912938,0.4744023069868788,-0.16334077322455712,0.4274103385709274,0.96,0.04950495049504951
displacement,persistence_policy_change,73,cross_task,-0.6816867234484519,-2.147074898548174,-2.830835460252372,-0.6313505735025678,0.54,0.46534653465346537
displacement,persistence_policy_change,73,cross_manipulation,0.2779369752180938,-0.3379699144006535,-2.1565288602558113,-0.22927963912215138,0.93,0.07920792079207921
displacement,gru_prediction_change,73,heldout,-1.700082286285299,-0.5328371451533912,-4.221840797447006,-1.154643984609335,0.99,0.019801980198019802
displacement,gru_prediction_change,73,cross_task,-6.4787780968667334,-21.83023025877178,-15.15708613470642,-3.8293579428670688,0.22,0.7821782178217822
displacement,gru_prediction_change,73,cross_manipulation,-4.903708834208078,-17.817717381537854,-29.370686094327702,-5.691167815774268,0.59,0.4158415841584158
l22,persistence_policy_change,73,heldout,-0.529421692533376,0.4435747475809681,-0.2745568363049805,0.39490685361123473,0.95,0.0594059405940594
l22,persistence_policy_change,73,cross_task,-4.041009869084178,-1.9385087438568842,-3.404444747512028,-0.4021812652207115,0.67,0.33663366336633666
l22,persistence_policy_change,73,cross_manipulation,-1.5407555799494825,-0.42942431955243465,-2.5779150642718656,-0.21774892578086288,0.92,0.0891089108910891
l22,gru_prediction_change,73,heldout,-4.906537110777477,-0.7653845206090822,-4.134968470673473,-1.0847240689565578,0.98,0.0297029702970297
l22,gru_prediction_change,73,cross_task,-10.844822931733296,-15.328016506225353,-13.912509165596207,-4.0587385575006625,0.37,0.6336633663366337
l22,gru_prediction_change,73,cross_manipulation,-7.725765798002397,-12.334178939570089,-26.46227144421071,-5.014709900060228,0.66,0.3465346534653465
l21,persistence_policy_change,74,heldout,0.03653496392413617,0.23289050308386264,-0.35265315208205,0.3129906889921754,0.9,0.10891089108910891
l21,persistence_policy_change,74,cross_task,-1.0707076757326066,-4.4847831579800825,-3.743109958875379,-0.6765383065564694,0.34,0.6633663366336634
l21,persistence_policy_change,74,cross_manipulation,-2.204723526299712,-1.9863721173989817,-3.2177498436495227,-0.39562950365230387,0.62,0.38613861386138615
l21,gru_prediction_change,74,heldout,-9.029593683454655,-1.6436234306436024,-4.454140620010969,-1.0549812270783459,0.9,0.10891089108910891
l21,gru_prediction_change,74,cross_task,-26.120233869903284,-11.425161616594394,-14.852561420156665,-4.438716065601354,0.51,0.49504950495049505
l21,gru_prediction_change,74,cross_manipulation,-36.07952842498026,-29.194873409991516,-29.069072915317847,-5.674430437210481,0.42,0.5841584158415841
displacement,persistence_policy_change,74,heldout,0.1792498273586904,0.4744023069868788,-0.16334077322455712,0.4274103385709274,0.96,0.04950495049504951
displacement,persistence_policy_change,74,cross_task,-1.5597471075607132,-2.147074898548174,-2.830835460252372,-0.6313505735025678,0.54,0.46534653465346537
displacement,persistence_policy_change,74,cross_manipulation,-1.2360360148989233,-0.3379699144006535,-2.1565288602558113,-0.22927963912215138,0.93,0.07920792079207921
displacement,gru_prediction_change,74,heldout,-3.164786608732083,-0.5328371451533912,-4.221840797447006,-1.154643984609335,0.99,0.019801980198019802
displacement,gru_prediction_change,74,cross_task,-11.973475878094213,-21.83023025877178,-15.15708613470642,-3.8293579428670688,0.22,0.7821782178217822
displacement,gru_prediction_change,74,cross_manipulation,-17.184484670416673,-17.817717381537854,-29.370686094327702,-5.691167815774268,0.59,0.4158415841584158
l22,persistence_policy_change,74,heldout,-0.08951735597877193,0.4435747475809681,-0.2745568363049805,0.39490685361123473,0.95,0.0594059405940594
l22,persistence_policy_change,74,cross_task,-2.6621890285156584,-1.9385087438568842,-3.404444747512028,-0.4021812652207115,0.67,0.33663366336633666
l22,persistence_policy_change,74,cross_manipulation,-1.8041339821145095,-0.42942431955243465,-2.5779150642718656,-0.21774892578086288,0.92,0.0891089108910891
l22,gru_prediction_change,74,heldout,-7.209228970073272,-0.7653845206090822,-4.134968470673473,-1.0847240689565578,0.98,0.0297029702970297
l22,gru_prediction_change,74,cross_task,-25.191179016958603,-15.328016506225353,-13.912509165596207,-4.0587385575006625,0.37,0.6336633663366337
l22,gru_prediction_change,74,cross_manipulation,-44.97771153100917,-12.334178939570089,-26.46227144421071,-5.014709900060228,0.66,0.3465346534653465
l21,persistence_policy_change,75,heldout,-0.33898521169706336,0.23289050308386264,-0.35265315208205,0.3129906889921754,0.9,0.10891089108910891
l21,persistence_policy_change,75,cross_task,-5.234968433372227,-4.4847831579800825,-3.743109958875379,-0.6765383065564694,0.34,0.6633663366336634
l21,persistence_policy_change,75,cross_manipulation,-1.8525977546772174,-1.9863721173989817,-3.2177498436495227,-0.39562950365230387,0.62,0.38613861386138615
l21,gru_prediction_change,75,heldout,-2.9218125717638883,-1.6436234306436024,-4.454140620010969,-1.0549812270783459,0.9,0.10891089108910891
l21,gru_prediction_change,75,cross_task,-6.686633614669183,-11.425161616594394,-14.852561420156665,-4.438716065601354,0.51,0.49504950495049505
l21,gru_prediction_change,75,cross_manipulation,-10.905687017180504,-29.194873409991516,-29.069072915317847,-5.674430437210481,0.42,0.5841584158415841
displacement,persistence_policy_change,75,heldout,0.05568141809435412,0.4744023069868788,-0.16334077322455712,0.4274103385709274,0.96,0.04950495049504951
displacement,persistence_policy_change,75,cross_task,-0.77359626588843,-2.147074898548174,-2.830835460252372,-0.6313505735025678,0.54,0.46534653465346537
displacement,persistence_policy_change,75,cross_manipulation,-0.18394464026860913,-0.3379699144006535,-2.1565288602558113,-0.22927963912215138,0.93,0.07920792079207921
displacement,gru_prediction_change,75,heldout,-4.03738815199132,-0.5328371451533912,-4.221840797447006,-1.154643984609335,0.99,0.019801980198019802
displacement,gru_prediction_change,75,cross_task,-22.272170766992073,-21.83023025877178,-15.15708613470642,-3.8293579428670688,0.22,0.7821782178217822
displacement,gru_prediction_change,75,cross_manipulation,-15.368457172004133,-17.817717381537854,-29.370686094327702,-5.691167815774268,0.59,0.4158415841584158
l22,persistence_policy_change,75,heldout,-1.0463996064416232,0.4435747475809681,-0.2745568363049805,0.39490685361123473,0.95,0.0594059405940594
l22,persistence_policy_change,75,cross_task,-6.800340389097244,-1.9385087438568842,-3.404444747512028,-0.4021812652207115,0.67,0.33663366336633666
l22,persistence_policy_change,75,cross_manipulation,-6.031596141893906,-0.42942431955243465,-2.5779150642718656,-0.21774892578086288,0.92,0.0891089108910891
l22,gru_prediction_change,75,heldout,-7.485880207983782,-0.7653845206090822,-4.134968470673473,-1.0847240689565578,0.98,0.0297029702970297
l22,gru_prediction_change,75,cross_task,-23.816731007622717,-15.328016506225353,-13.912509165596207,-4.0587385575006625,0.37,0.6336633663366337
l22,gru_prediction_change,75,cross_manipulation,-39.90929382628839,-12.334178939570089,-26.46227144421071,-5.014709900060228,0.66,0.3465346534653465
l21,persistence_policy_change,76,heldout,-0.1337450596368781,0.23289050308386264,-0.35265315208205,0.3129906889921754,0.9,0.10891089108910891
l21,persistence_policy_change,76,cross_task,-2.115843771910533,-4.4847831579800825,-3.743109958875379,-0.6765383065564694,0.34,0.6633663366336634
l21,persistence_policy_change,76,cross_manipulation,-1.1711493586694988,-1.9863721173989817,-3.2177498436495227,-0.39562950365230387,0.62,0.38613861386138615
l21,gru_prediction_change,76,heldout,-2.411969132965289,-1.6436234306436024,-4.454140620010969,-1.0549812270783459,0.9,0.10891089108910891
l21,gru_prediction_change,76,cross_task,-7.107015197882489,-11.425161616594394,-14.852561420156665,-4.438716065601354,0.51,0.49504950495049505
l21,gru_prediction_change,76,cross_manipulation,-30.486214821134155,-29.194873409991516,-29.069072915317847,-5.674430437210481,0.42,0.5841584158415841
displacement,persistence_policy_change,76,heldout,-0.4708823382001532,0.4744023069868788,-0.16334077322455712,0.4274103385709274,0.96,0.04950495049504951
displacement,persistence_policy_change,76,cross_task,-1.966556623957677,-2.147074898548174,-2.830835460252372,-0.6313505735025678,0.54,0.46534653465346537
displacement,persistence_policy_change,76,cross_manipulation,-2.413897971954186,-0.3379699144006535,-2.1565288602558113,-0.22927963912215138,0.93,0.07920792079207921
displacement,gru_prediction_change,76,heldout,-3.9014778634621314,-0.5328371451533912,-4.221840797447006,-1.154643984609335,0.99,0.019801980198019802
displacement,gru_prediction_change,76,cross_task,-5.975654293157665,-21.83023025877178,-15.15708613470642,-3.8293579428670688,0.22,0.7821782178217822
displacement,gru_prediction_change,76,cross_manipulation,-49.94100792435028,-17.817717381537854,-29.370686094327702,-5.691167815774268,0.59,0.4158415841584158
l22,persistence_policy_change,76,heldout,-0.19200925848826175,0.4435747475809681,-0.2745568363049805,0.39490685361123473,0.95,0.0594059405940594
l22,persistence_policy_change,76,cross_task,-2.7314491145111965,-1.9385087438568842,-3.404444747512028,-0.4021812652207115,0.67,0.33663366336633666
l22,persistence_policy_change,76,cross_manipulation,-1.042462772269551,-0.42942431955243465,-2.5779150642718656,-0.21774892578086288,0.92,0.0891089108910891
l22,gru_prediction_change,76,heldout,-1.4460622971489483,-0.7653845206090822,-4.134968470673473,-1.0847240689565578,0.98,0.0297029702970297
l22,gru_prediction_change,76,cross_task,-4.803697792057361,-15.328016506225353,-13.912509165596207,-4.0587385575006625,0.37,0.6336633663366337
l22,gru_prediction_change,76,cross_manipulation,-12.158933420668694,-12.334178939570089,-26.46227144421071,-5.014709900060228,0.66,0.3465346534653465
l21,persistence_policy_change,77,heldout,-0.07138380165789197,0.23289050308386264,-0.35265315208205,0.3129906889921754,0.9,0.10891089108910891
l21,persistence_policy_change,77,cross_task,-3.36439011544997,-4.4847831579800825,-3.743109958875379,-0.6765383065564694,0.34,0.6633663366336634
l21,persistence_policy_change,77,cross_manipulation,-2.8275618941701746,-1.9863721173989817,-3.2177498436495227,-0.39562950365230387,0.62,0.38613861386138615
l21,gru_prediction_change,77,heldout,-3.199370738997079,-1.6436234306436024,-4.454140620010969,-1.0549812270783459,0.9,0.10891089108910891
l21,gru_prediction_change,77,cross_task,-16.813532105080395,-11.425161616594394,-14.852561420156665,-4.438716065601354,0.51,0.49504950495049505
l21,gru_prediction_change,77,cross_manipulation,-22.054185474637727,-29.194873409991516,-29.069072915317847,-5.674430437210481,0.42,0.5841584158415841
displacement,persistence_policy_change,77,heldout,0.19523255058752884,0.4744023069868788,-0.16334077322455712,0.4274103385709274,0.96,0.04950495049504951
displacement,persistence_policy_change,77,cross_task,-1.1307300216423586,-2.147074898548174,-2.830835460252372,-0.6313505735025678,0.54,0.46534653465346537
displacement,persistence_policy_change,77,cross_manipulation,-0.8007976492699133,-0.3379699144006535,-2.1565288602558113,-0.22927963912215138,0.93,0.07920792079207921
displacement,gru_prediction_change,77,heldout,-2.526929882336441,-0.5328371451533912,-4.221840797447006,-1.154643984609335,0.99,0.019801980198019802
displacement,gru_prediction_change,77,cross_task,-12.472555699312373,-21.83023025877178,-15.15708613470642,-3.8293579428670688,0.22,0.7821782178217822
displacement,gru_prediction_change,77,cross_manipulation,-18.732823881304892,-17.817717381537854,-29.370686094327702,-5.691167815774268,0.59,0.4158415841584158
l22,persistence_policy_change,77,heldout,-1.1833957490121787,0.4435747475809681,-0.2745568363049805,0.39490685361123473,0.95,0.0594059405940594
l22,persistence_policy_change,77,cross_task,-8.851275708665428,-1.9385087438568842,-3.404444747512028,-0.4021812652207115,0.67,0.33663366336633666
l22,persistence_policy_change,77,cross_manipulation,-4.730455193430201,-0.42942431955243465,-2.5779150642718656,-0.21774892578086288,0.92,0.0891089108910891
l22,gru_prediction_change,77,heldout,-4.606051711100175,-0.7653845206090822,-4.134968470673473,-1.0847240689565578,0.98,0.0297029702970297
l22,gru_prediction_change,77,cross_task,-13.36602225196564,-15.328016506225353,-13.912509165596207,-4.0587385575006625,0.37,0.6336633663366337
l22,gru_prediction_change,77,cross_manipulation,-14.988443767117545,-12.334178939570089,-26.46227144421071,-5.014709900060228,0.66,0.3465346534653465
l21,persistence_policy_change,78,heldout,-0.636007424495479,0.23289050308386264,-0.35265315208205,0.3129906889921754,0.9,0.10891089108910891
l21,persistence_policy_change,78,cross_task,-2.4836804372953054,-4.4847831579800825,-3.743109958875379,-0.6765383065564694,0.34,0.6633663366336634
l21,persistence_policy_change,78,cross_manipulation,-2.171673611813726,-1.9863721173989817,-3.2177498436495227,-0.39562950365230387,0.62,0.38613861386138615
l21,gru_prediction_change,78,heldout,-7.247156266637435,-1.6436234306436024,-4.454140620010969,-1.0549812270783459,0.9,0.10891089108910891
l21,gru_prediction_change,78,cross_task,-14.505795568084652,-11.425161616594394,-14.852561420156665,-4.438716065601354,0.51,0.49504950495049505
l21,gru_prediction_change,78,cross_manipulation,-31.88025801315636,-29.194873409991516,-29.069072915317847,-5.674430437210481,0.42,0.5841584158415841
displacement,persistence_policy_change,78,heldout,0.2234217329290412,0.4744023069868788,-0.16334077322455712,0.4274103385709274,0.96,0.04950495049504951
displacement,persistence_policy_change,78,cross_task,-1.705099481938472,-2.147074898548174,-2.830835460252372,-0.6313505735025678,0.54,0.46534653465346537
displacement,persistence_policy_change,78,cross_manipulation,-0.6591416072552541,-0.3379699144006535,-2.1565288602558113,-0.22927963912215138,0.93,0.07920792079207921
displacement,gru_prediction_change,78,heldout,-0.15690955423400044,-0.5328371451533912,-4.221840797447006,-1.154643984609335,0.99,0.019801980198019802
displacement,gru_prediction_change,78,cross_task,-3.526790123755106,-21.83023025877178,-15.15708613470642,-3.8293579428670688,0.22,0.7821782178217822
displacement,gru_prediction_change,78,cross_manipulation,-5.704475207071135,-17.817717381537854,-29.370686094327702,-5.691167815774268,0.59,0.4158415841584158
l22,persistence_policy_change,78,heldout,0.2356904728597015,0.4435747475809681,-0.2745568363049805,0.39490685361123473,0.95,0.0594059405940594
l22,persistence_policy_change,78,cross_task,-0.408652454212265,-1.9385087438568842,-3.404444747512028,-0.4021812652207115,0.67,0.33663366336633666
l22,persistence_policy_change,78,cross_manipulation,0.06351309200425459,-0.42942431955243465,-2.5779150642718656,-0.21774892578086288,0.92,0.0891089108910891
l22,gru_prediction_change,78,heldout,-2.129600929773202,-0.7653845206090822,-4.134968470673473,-1.0847240689565578,0.98,0.0297029702970297
l22,gru_prediction_change,78,cross_task,-27.25509674373329,-15.328016506225353,-13.912509165596207,-4.0587385575006625,0.37,0.6336633663366337
l22,gru_prediction_change,78,cross_manipulation,-18.780902015972583,-12.334178939570089,-26.46227144421071,-5.014709900060228,0.66,0.3465346534653465
l21,persistence_policy_change,79,heldout,-0.6878224830245719,0.23289050308386264,-0.35265315208205,0.3129906889921754,0.9,0.10891089108910891
l21,persistence_policy_change,79,cross_task,-4.806065357277268,-4.4847831579800825,-3.743109958875379,-0.6765383065564694,0.34,0.6633663366336634
l21,persistence_policy_change,79,cross_manipulation,-3.5601078715977534,-1.9863721173989817,-3.2177498436495227,-0.39562950365230387,0.62,0.38613861386138615
l21,gru_prediction_change,79,heldout,-6.468826813291771,-1.6436234306436024,-4.454140620010969,-1.0549812270783459,0.9,0.10891089108910891
l21,gru_prediction_change,79,cross_task,-18.603721514541423,-11.425161616594394,-14.852561420156665,-4.438716065601354,0.51,0.49504950495049505
l21,gru_prediction_change,79,cross_manipulation,-34.2133155162997,-29.194873409991516,-29.069072915317847,-5.674430437210481,0.42,0.5841584158415841
displacement,persistence_policy_change,79,heldout,-0.4057018748538819,0.4744023069868788,-0.16334077322455712,0.4274103385709274,0.96,0.04950495049504951
displacement,persistence_policy_change,79,cross_task,-3.509839052173007,-2.147074898548174,-2.830835460252372,-0.6313505735025678,0.54,0.46534653465346537
displacement,persistence_policy_change,79,cross_manipulation,-3.1149886416022716,-0.3379699144006535,-2.1565288602558113,-0.22927963912215138,0.93,0.07920792079207921
displacement,gru_prediction_change,79,heldout,-4.78334808019426,-0.5328371451533912,-4.221840797447006,-1.154643984609335,0.99,0.019801980198019802
displacement,gru_prediction_change,79,cross_task,-17.60469617063394,-21.83023025877178,-15.15708613470642,-3.8293579428670688,0.22,0.7821782178217822
displacement,gru_prediction_change,79,cross_manipulation,-29.34968075356745,-17.817717381537854,-29.370686094327702,-5.691167815774268,0.59,0.4158415841584158
l22,persistence_policy_change,79,heldout,-0.3718877109595158,0.4435747475809681,-0.2745568363049805,0.39490685361123473,0.95,0.0594059405940594
l22,persistence_policy_change,79,cross_task,-3.9149563256763553,-1.9385087438568842,-3.404444747512028,-0.4021812652207115,0.67,0.33663366336633666
l22,persistence_policy_change,79,cross_manipulation,-1.8016924138477766,-0.42942431955243465,-2.5779150642718656,-0.21774892578086288,0.92,0.0891089108910891
l22,gru_prediction_change,79,heldout,-4.912253807585114,-0.7653845206090822,-4.134968470673473,-1.0847240689565578,0.98,0.0297029702970297
l22,gru_prediction_change,79,cross_task,-15.817499140101882,-15.328016506225353,-13.912509165596207,-4.0587385575006625,0.37,0.6336633663366337
l22,gru_prediction_change,79,cross_manipulation,-15.29400135531987,-12.334178939570089,-26.46227144421071,-5.014709900060228,0.66,0.3465346534653465
l21,persistence_policy_change,80,heldout,-0.6486867938172246,0.23289050308386264,-0.35265315208205,0.3129906889921754,0.9,0.10891089108910891
l21,persistence_policy_change,80,cross_task,-3.9629441716777527,-4.4847831579800825,-3.743109958875379,-0.6765383065564694,0.34,0.6633663366336634
l21,persistence_policy_change,80,cross_manipulation,-2.1517877524538824,-1.9863721173989817,-3.2177498436495227,-0.39562950365230387,0.62,0.38613861386138615
l21,gru_prediction_change,80,heldout,-2.7468278214104696,-1.6436234306436024,-4.454140620010969,-1.0549812270783459,0.9,0.10891089108910891
l21,gru_prediction_change,80,cross_task,-11.01342735556124,-11.425161616594394,-14.852561420156665,-4.438716065601354,0.51,0.49504950495049505
l21,gru_prediction_change,80,cross_manipulation,-8.883778768975215,-29.194873409991516,-29.069072915317847,-5.674430437210481,0.42,0.5841584158415841
displacement,persistence_policy_change,80,heldout,-0.38625652313266906,0.4744023069868788,-0.16334077322455712,0.4274103385709274,0.96,0.04950495049504951
displacement,persistence_policy_change,80,cross_task,-3.6503942208942317,-2.147074898548174,-2.830835460252372,-0.6313505735025678,0.54,0.46534653465346537
displacement,persistence_policy_change,80,cross_manipulation,-1.83882801638178,-0.3379699144006535,-2.1565288602558113,-0.22927963912215138,0.93,0.07920792079207921
displacement,gru_prediction_change,80,heldout,-5.166214799548568,-0.5328371451533912,-4.221840797447006,-1.154643984609335,0.99,0.019801980198019802
displacement,gru_prediction_change,80,cross_task,-14.568576497320231,-21.83023025877178,-15.15708613470642,-3.8293579428670688,0.22,0.7821782178217822
displacement,gru_prediction_change,80,cross_manipulation,-33.312656285403826,-17.817717381537854,-29.370686094327702,-5.691167815774268,0.59,0.4158415841584158
l22,persistence_policy_change,80,heldout,-0.9112980764348081,0.4435747475809681,-0.2745568363049805,0.39490685361123473,0.95,0.0594059405940594
l22,persistence_policy_change,80,cross_task,-8.119174357195641,-1.9385087438568842,-3.404444747512028,-0.4021812652207115,0.67,0.33663366336633666
l22,persistence_policy_change,80,cross_manipulation,-2.5812929921557686,-0.42942431955243465,-2.5779150642718656,-0.21774892578086288,0.92,0.0891089108910891
l22,gru_prediction_change,80,heldout,-2.7010664662224477,-0.7653845206090822,-4.134968470673473,-1.0847240689565578,0.98,0.0297029702970297
l22,gru_prediction_change,80,cross_task,-14.810655085297368,-15.328016506225353,-13.912509165596207,-4.0587385575006625,0.37,0.6336633663366337
l22,gru_prediction_change,80,cross_manipulation,-12.767409755299227,-12.334178939570089,-26.46227144421071,-5.014709900060228,0.66,0.3465346534653465
l21,persistence_policy_change,81,heldout,-0.7329908096520583,0.23289050308386264,-0.35265315208205,0.3129906889921754,0.9,0.10891089108910891
l21,persistence_policy_change,81,cross_task,-7.576733318620931,-4.4847831579800825,-3.743109958875379,-0.6765383065564694,0.34,0.6633663366336634
l21,persistence_policy_change,81,cross_manipulation,-4.991717890327043,-1.9863721173989817,-3.2177498436495227,-0.39562950365230387,0.62,0.38613861386138615
l21,gru_prediction_change,81,heldout,-9.154605189263501,-1.6436234306436024,-4.454140620010969,-1.0549812270783459,0.9,0.10891089108910891
l21,gru_prediction_change,81,cross_task,-37.14039256491058,-11.425161616594394,-14.852561420156665,-4.438716065601354,0.51,0.49504950495049505
l21,gru_prediction_change,81,cross_manipulation,-65.15090672424614,-29.194873409991516,-29.069072915317847,-5.674430437210481,0.42,0.5841584158415841
displacement,persistence_policy_change,81,heldout,-0.26218198150893546,0.4744023069868788,-0.16334077322455712,0.4274103385709274,0.96,0.04950495049504951
displacement,persistence_policy_change,81,cross_task,-1.674905160893661,-2.147074898548174,-2.830835460252372,-0.6313505735025678,0.54,0.46534653465346537
displacement,persistence_policy_change,81,cross_manipulation,-1.654173840911416,-0.3379699144006535,-2.1565288602558113,-0.22927963912215138,0.93,0.07920792079207921
displacement,gru_prediction_change,81,heldout,-3.685995617873422,-0.5328371451533912,-4.221840797447006,-1.154643984609335,0.99,0.019801980198019802
displacement,gru_prediction_change,81,cross_task,-12.169985063066894,-21.83023025877178,-15.15708613470642,-3.8293579428670688,0.22,0.7821782178217822
displacement,gru_prediction_change,81,cross_manipulation,-34.97786854739261,-17.817717381537854,-29.370686094327702,-5.691167815774268,0.59,0.4158415841584158
l22,persistence_policy_change,81,heldout,-0.6947857426926762,0.4435747475809681,-0.2745568363049805,0.39490685361123473,0.95,0.0594059405940594
l22,persistence_policy_change,81,cross_task,-6.420285975254994,-1.9385087438568842,-3.404444747512028,-0.4021812652207115,0.67,0.33663366336633666
l22,persistence_policy_change,81,cross_manipulation,-2.9076465407485474,-0.42942431955243465,-2.5779150642718656,-0.21774892578086288,0.92,0.0891089108910891
l22,gru_prediction_change,81,heldout,-7.1591711245853995,-0.7653845206090822,-4.134968470673473,-1.0847240689565578,0.98,0.0297029702970297
l22,gru_prediction_change,81,cross_task,-28.386380873234955,-15.328016506225353,-13.912509165596207,-4.0587385575006625,0.37,0.6336633663366337
l22,gru_prediction_change,81,cross_manipulation,-23.55359606064959,-12.334178939570089,-26.46227144421071,-5.014709900060228,0.66,0.3465346534653465
l21,persistence_policy_change,82,heldout,-0.3071566105226777,0.23289050308386264,-0.35265315208205,0.3129906889921754,0.9,0.10891089108910891
l21,persistence_policy_change,82,cross_task,-3.1761426508260926,-4.4847831579800825,-3.743109958875379,-0.6765383065564694,0.34,0.6633663366336634
l21,persistence_policy_change,82,cross_manipulation,-2.4274263869232673,-1.9863721173989817,-3.2177498436495227,-0.39562950365230387,0.62,0.38613861386138615
l21,gru_prediction_change,82,heldout,-4.512683629080576,-1.6436234306436024,-4.454140620010969,-1.0549812270783459,0.9,0.10891089108910891
l21,gru_prediction_change,82,cross_task,-7.207582967185265,-11.425161616594394,-14.852561420156665,-4.438716065601354,0.51,0.49504950495049505
l21,gru_prediction_change,82,cross_manipulation,-13.311751738570127,-29.194873409991516,-29.069072915317847,-5.674430437210481,0.42,0.5841584158415841
displacement,persistence_policy_change,82,heldout,-0.8815741115348272,0.4744023069868788,-0.16334077322455712,0.4274103385709274,0.96,0.04950495049504951
displacement,persistence_policy_change,82,cross_task,-9.468017224090756,-2.147074898548174,-2.830835460252372,-0.6313505735025678,0.54,0.46534653465346537
displacement,persistence_policy_change,82,cross_manipulation,-4.402938445437881,-0.3379699144006535,-2.1565288602558113,-0.22927963912215138,0.93,0.07920792079207921
displacement,gru_prediction_change,82,heldout,-5.652813585940479,-0.5328371451533912,-4.221840797447006,-1.154643984609335,0.99,0.019801980198019802
displacement,gru_prediction_change,82,cross_task,-17.689758776226245,-21.83023025877178,-15.15708613470642,-3.8293579428670688,0.22,0.7821782178217822
displacement,gru_prediction_change,82,cross_manipulation,-16.602888022313486,-17.817717381537854,-29.370686094327702,-5.691167815774268,0.59,0.4158415841584158
l22,persistence_policy_change,82,heldout,-0.2736234183398288,0.4435747475809681,-0.2745568363049805,0.39490685361123473,0.95,0.0594059405940594
l22,persistence_policy_change,82,cross_task,-2.267863204735666,-1.9385087438568842,-3.404444747512028,-0.4021812652207115,0.67,0.33663366336633666
l22,persistence_policy_change,82,cross_manipulation,-1.6900120855067164,-0.42942431955243465,-2.5779150642718656,-0.21774892578086288,0.92,0.0891089108910891
l22,gru_prediction_change,82,heldout,-4.501502981275606,-0.7653845206090822,-4.134968470673473,-1.0847240689565578,0.98,0.0297029702970297
l22,gru_prediction_change,82,cross_task,-9.172985827034934,-15.328016506225353,-13.912509165596207,-4.0587385575006625,0.37,0.6336633663366337
l22,gru_prediction_change,82,cross_manipulation,-15.840998407483251,-12.334178939570089,-26.46227144421071,-5.014709900060228,0.66,0.3465346534653465
l21,persistence_policy_change,83,heldout,-1.0216342073554057,0.23289050308386264,-0.35265315208205,0.3129906889921754,0.9,0.10891089108910891
l21,persistence_policy_change,83,cross_task,-8.4264988400935,-4.4847831579800825,-3.743109958875379,-0.6765383065564694,0.34,0.6633663366336634
l21,persistence_policy_change,83,cross_manipulation,-5.881160975748047,-1.9863721173989817,-3.2177498436495227,-0.39562950365230387,0.62,0.38613861386138615
l21,gru_prediction_change,83,heldout,-6.155691711661476,-1.6436234306436024,-4.454140620010969,-1.0549812270783459,0.9,0.10891089108910891
l21,gru_prediction_change,83,cross_task,-25.81966280660897,-11.425161616594394,-14.852561420156665,-4.438716065601354,0.51,0.49504950495049505
l21,gru_prediction_change,83,cross_manipulation,-36.0415542953866,-29.194873409991516,-29.069072915317847,-5.674430437210481,0.42,0.5841584158415841
displacement,persistence_policy_change,83,heldout,-0.6231822769996906,0.4744023069868788,-0.16334077322455712,0.4274103385709274,0.96,0.04950495049504951
displacement,persistence_policy_change,83,cross_task,-6.037556166590304,-2.147074898548174,-2.830835460252372,-0.6313505735025678,0.54,0.46534653465346537
displacement,persistence_policy_change,83,cross_manipulation,-4.2405596203087095,-0.3379699144006535,-2.1565288602558113,-0.22927963912215138,0.93,0.07920792079207921
displacement,gru_prediction_change,83,heldout,-6.5001722902494175,-0.5328371451533912,-4.221840797447006,-1.154643984609335,0.99,0.019801980198019802
displacement,gru_prediction_change,83,cross_task,-23.35952538760364,-21.83023025877178,-15.15708613470642,-3.8293579428670688,0.22,0.7821782178217822
displacement,gru_prediction_change,83,cross_manipulation,-42.15791541969922,-17.817717381537854,-29.370686094327702,-5.691167815774268,0.59,0.4158415841584158
l22,persistence_policy_change,83,heldout,-1.6202480492904945,0.4435747475809681,-0.2745568363049805,0.39490685361123473,0.95,0.0594059405940594
l22,persistence_policy_change,83,cross_task,-7.0195324472427565,-1.9385087438568842,-3.404444747512028,-0.4021812652207115,0.67,0.33663366336633666
l22,persistence_policy_change,83,cross_manipulation,-7.127396305817021,-0.42942431955243465,-2.5779150642718656,-0.21774892578086288,0.92,0.0891089108910891
l22,gru_prediction_change,83,heldout,-11.591390253126782,-0.7653845206090822,-4.134968470673473,-1.0847240689565578,0.98,0.0297029702970297
l22,gru_prediction_change,83,cross_task,-34.023367351467364,-15.328016506225353,-13.912509165596207,-4.0587385575006625,0.37,0.6336633663366337
l22,gru_prediction_change,83,cross_manipulation,-92.34590112678134,-12.334178939570089,-26.46227144421071,-5.014709900060228,0.66,0.3465346534653465
l21,persistence_policy_change,84,heldout,-1.1516286522970598,0.23289050308386264,-0.35265315208205,0.3129906889921754,0.9,0.10891089108910891
l21,persistence_policy_change,84,cross_task,-4.363242169934929,-4.4847831579800825,-3.743109958875379,-0.6765383065564694,0.34,0.6633663366336634
l21,persistence_policy_change,84,cross_manipulation,-4.780160967901135,-1.9863721173989817,-3.2177498436495227,-0.39562950365230387,0.62,0.38613861386138615
l21,gru_prediction_change,84,heldout,-8.32577869435227,-1.6436234306436024,-4.454140620010969,-1.0549812270783459,0.9,0.10891089108910891
l21,gru_prediction_change,84,cross_task,-54.810542739507525,-11.425161616594394,-14.852561420156665,-4.438716065601354,0.51,0.49504950495049505
l21,gru_prediction_change,84,cross_manipulation,-41.64228354291375,-29.194873409991516,-29.069072915317847,-5.674430437210481,0.42,0.5841584158415841
displacement,persistence_policy_change,84,heldout,-0.34338053560929366,0.4744023069868788,-0.16334077322455712,0.4274103385709274,0.96,0.04950495049504951
displacement,persistence_policy_change,84,cross_task,-2.2455419207576925,-2.147074898548174,-2.830835460252372,-0.6313505735025678,0.54,0.46534653465346537
displacement,persistence_policy_change,84,cross_manipulation,-2.2333646735778165,-0.3379699144006535,-2.1565288602558113,-0.22927963912215138,0.93,0.07920792079207921
displacement,gru_prediction_change,84,heldout,-1.6320207868854428,-0.5328371451533912,-4.221840797447006,-1.154643984609335,0.99,0.019801980198019802
displacement,gru_prediction_change,84,cross_task,-7.078709096630015,-21.83023025877178,-15.15708613470642,-3.8293579428670688,0.22,0.7821782178217822
displacement,gru_prediction_change,84,cross_manipulation,-10.862901411874791,-17.817717381537854,-29.370686094327702,-5.691167815774268,0.59,0.4158415841584158
l22,persistence_policy_change,84,heldout,-0.6405533216100854,0.4435747475809681,-0.2745568363049805,0.39490685361123473,0.95,0.0594059405940594
l22,persistence_policy_change,84,cross_task,-1.972447178538567,-1.9385087438568842,-3.404444747512028,-0.4021812652207115,0.67,0.33663366336633666
l22,persistence_policy_change,84,cross_manipulation,-5.350279270465038,-0.42942431955243465,-2.5779150642718656,-0.21774892578086288,0.92,0.0891089108910891
l22,gru_prediction_change,84,heldout,-6.551409726517909,-0.7653845206090822,-4.134968470673473,-1.0847240689565578,0.98,0.0297029702970297
l22,gru_prediction_change,84,cross_task,-26.95887899730738,-15.328016506225353,-13.912509165596207,-4.0587385575006625,0.37,0.6336633663366337
l22,gru_prediction_change,84,cross_manipulation,-84.99875648091111,-12.334178939570089,-26.46227144421071,-5.014709900060228,0.66,0.3465346534653465
l21,persistence_policy_change,85,heldout,-1.3168667046748441,0.23289050308386264,-0.35265315208205,0.3129906889921754,0.9,0.10891089108910891
l21,persistence_policy_change,85,cross_task,-9.758648091917607,-4.4847831579800825,-3.743109958875379,-0.6765383065564694,0.34,0.6633663366336634
l21,persistence_policy_change,85,cross_manipulation,-7.006543307753395,-1.9863721173989817,-3.2177498436495227,-0.39562950365230387,0.62,0.38613861386138615
l21,gru_prediction_change,85,heldout,-5.4328879391640195,-1.6436234306436024,-4.454140620010969,-1.0549812270783459,0.9,0.10891089108910891
l21,gru_prediction_change,85,cross_task,-10.94325141026381,-11.425161616594394,-14.852561420156665,-4.438716065601354,0.51,0.49504950495049505
l21,gru_prediction_change,85,cross_manipulation,-28.662312288264577,-29.194873409991516,-29.069072915317847,-5.674430437210481,0.42,0.5841584158415841
displacement,persistence_policy_change,85,heldout,-0.4305091168535393,0.4744023069868788,-0.16334077322455712,0.4274103385709274,0.96,0.04950495049504951
displacement,persistence_policy_change,85,cross_task,-1.632484666541618,-2.147074898548174,-2.830835460252372,-0.6313505735025678,0.54,0.46534653465346537
displacement,persistence_policy_change,85,cross_manipulation,-3.073892587147886,-0.3379699144006535,-2.1565288602558113,-0.22927963912215138,0.93,0.07920792079207921
displacement,gru_prediction_change,85,heldout,-9.40582092200444,-0.5328371451533912,-4.221840797447006,-1.154643984609335,0.99,0.019801980198019802
displacement,gru_prediction_change,85,cross_task,-22.103994885518706,-21.83023025877178,-15.15708613470642,-3.8293579428670688,0.22,0.7821782178217822
displacement,gru_prediction_change,85,cross_manipulation,-68.0118187950004,-17.817717381537854,-29.370686094327702,-5.691167815774268,0.59,0.4158415841584158
l22,persistence_policy_change,85,heldout,-0.353760963249268,0.4435747475809681,-0.2745568363049805,0.39490685361123473,0.95,0.0594059405940594
l22,persistence_policy_change,85,cross_task,-5.004784252499633,-1.9385087438568842,-3.404444747512028,-0.4021812652207115,0.67,0.33663366336633666
l22,persistence_policy_change,85,cross_manipulation,-3.8349834939140024,-0.42942431955243465,-2.5779150642718656,-0.21774892578086288,0.92,0.0891089108910891
l22,gru_prediction_change,85,heldout,-2.939548155854831,-0.7653845206090822,-4.134968470673473,-1.0847240689565578,0.98,0.0297029702970297
l22,gru_prediction_change,85,cross_task,-7.838614913128864,-15.328016506225353,-13.912509165596207,-4.0587385575006625,0.37,0.6336633663366337
l22,gru_prediction_change,85,cross_manipulation,-14.521290706884846,-12.334178939570089,-26.46227144421071,-5.014709900060228,0.66,0.3465346534653465
l21,persistence_policy_change,86,heldout,-1.1061267133839017,0.23289050308386264,-0.35265315208205,0.3129906889921754,0.9,0.10891089108910891
l21,persistence_policy_change,86,cross_task,-9.511142349663933,-4.4847831579800825,-3.743109958875379,-0.6765383065564694,0.34,0.6633663366336634
l21,persistence_policy_change,86,cross_manipulation,-5.195516196649476,-1.9863721173989817,-3.2177498436495227,-0.39562950365230387,0.62,0.38613861386138615
l21,gru_prediction_change,86,heldout,-7.885856568961779,-1.6436234306436024,-4.454140620010969,-1.0549812270783459,0.9,0.10891089108910891
l21,gru_prediction_change,86,cross_task,-32.11570039300495,-11.425161616594394,-14.852561420156665,-4.438716065601354,0.51,0.49504950495049505
l21,gru_prediction_change,86,cross_manipulation,-65.63821797525638,-29.194873409991516,-29.069072915317847,-5.674430437210481,0.42,0.5841584158415841
displacement,persistence_policy_change,86,heldout,-0.013087001421777508,0.4744023069868788,-0.16334077322455712,0.4274103385709274,0.96,0.04950495049504951
displacement,persistence_policy_change,86,cross_task,-0.8936841772337148,-2.147074898548174,-2.830835460252372,-0.6313505735025678,0.54,0.46534653465346537
displacement,persistence_policy_change,86,cross_manipulation,-3.773154134365538,-0.3379699144006535,-2.1565288602558113,-0.22927963912215138,0.93,0.07920792079207921
displacement,gru_prediction_change,86,heldout,-4.11427610653968,-0.5328371451533912,-4.221840797447006,-1.154643984609335,0.99,0.019801980198019802
displacement,gru_prediction_change,86,cross_task,-12.351280317291062,-21.83023025877178,-15.15708613470642,-3.8293579428670688,0.22,0.7821782178217822
displacement,gru_prediction_change,86,cross_manipulation,-15.736363892377387,-17.817717381537854,-29.370686094327702,-5.691167815774268,0.59,0.4158415841584158
l22,persistence_policy_change,86,heldout,-1.2563695070712306,0.4435747475809681,-0.2745568363049805,0.39490685361123473,0.95,0.0594059405940594
l22,persistence_policy_change,86,cross_task,-8.025258375790536,-1.9385087438568842,-3.404444747512028,-0.4021812652207115,0.67,0.33663366336633666
l22,persistence_policy_change,86,cross_manipulation,-5.502896062991894,-0.42942431955243465,-2.5779150642718656,-0.21774892578086288,0.92,0.0891089108910891
l22,gru_prediction_change,86,heldout,-6.46664033510955,-0.7653845206090822,-4.134968470673473,-1.0847240689565578,0.98,0.0297029702970297
l22,gru_prediction_change,86,cross_task,-13.417215901467069,-15.328016506225353,-13.912509165596207,-4.0587385575006625,0.37,0.6336633663366337
l22,gru_prediction_change,86,cross_manipulation,-40.375888099975136,-12.334178939570089,-26.46227144421071,-5.014709900060228,0.66,0.3465346534653465
l21,persistence_policy_change,87,heldout,-0.19616619268045518,0.23289050308386264,-0.35265315208205,0.3129906889921754,0.9,0.10891089108910891
l21,persistence_policy_change,87,cross_task,-1.321574474652907,-4.4847831579800825,-3.743109958875379,-0.6765383065564694,0.34,0.6633663366336634
l21,persistence_policy_change,87,cross_manipulation,-1.7261749527425416,-1.9863721173989817,-3.2177498436495227,-0.39562950365230387,0.62,0.38613861386138615
l21,gru_prediction_change,87,heldout,-1.210662183239932,-1.6436234306436024,-4.454140620010969,-1.0549812270783459,0.9,0.10891089108910891
l21,gru_prediction_change,87,cross_task,-4.028435017930171,-11.425161616594394,-14.852561420156665,-4.438716065601354,0.51,0.49504950495049505
l21,gru_prediction_change,87,cross_manipulation,-3.8769343003863286,-29.194873409991516,-29.069072915317847,-5.674430437210481,0.42,0.5841584158415841
displacement,persistence_policy_change,87,heldout,-0.06341282244563233,0.4744023069868788,-0.16334077322455712,0.4274103385709274,0.96,0.04950495049504951
displacement,persistence_policy_change,87,cross_task,-1.8781772371144043,-2.147074898548174,-2.830835460252372,-0.6313505735025678,0.54,0.46534653465346537
displacement,persistence_policy_change,87,cross_manipulation,-1.1856296771432882,-0.3379699144006535,-2.1565288602558113,-0.22927963912215138,0.93,0.07920792079207921
displacement,gru_prediction_change,87,heldout,-4.297798727808503,-0.5328371451533912,-4.221840797447006,-1.154643984609335,0.99,0.019801980198019802
displacement,gru_prediction_change,87,cross_task,-9.293366647274874,-21.83023025877178,-15.15708613470642,-3.8293579428670688,0.22,0.7821782178217822
displacement,gru_prediction_change,87,cross_manipulation,-17.117961175845178,-17.817717381537854,-29.370686094327702,-5.691167815774268,0.59,0.4158415841584158
l22,persistence_policy_change,87,heldout,0.13259856957160956,0.4435747475809681,-0.2745568363049805,0.39490685361123473,0.95,0.0594059405940594
l22,persistence_policy_change,87,cross_task,-0.5331975556094398,-1.9385087438568842,-3.404444747512028,-0.4021812652207115,0.67,0.33663366336633666
l22,persistence_policy_change,87,cross_manipulation,-0.3032936715745859,-0.42942431955243465,-2.5779150642718656,-0.21774892578086288,0.92,0.0891089108910891
l22,gru_prediction_change,87,heldout,-0.9624268565809858,-0.7653845206090822,-4.134968470673473,-1.0847240689565578,0.98,0.0297029702970297
l22,gru_prediction_change,87,cross_task,-2.436197972600184,-15.328016506225353,-13.912509165596207,-4.0587385575006625,0.37,0.6336633663366337
l22,gru_prediction_change,87,cross_manipulation,-8.955451314290471,-12.334178939570089,-26.46227144421071,-5.014709900060228,0.66,0.3465346534653465
l21,persistence_policy_change,88,heldout,-0.31619902045585,0.23289050308386264,-0.35265315208205,0.3129906889921754,0.9,0.10891089108910891
l21,persistence_policy_change,88,cross_task,-3.1847850103333593,-4.4847831579800825,-3.743109958875379,-0.6765383065564694,0.34,0.6633663366336634
l21,persistence_policy_change,88,cross_manipulation,-2.4741410826121415,-1.9863721173989817,-3.2177498436495227,-0.39562950365230387,0.62,0.38613861386138615
l21,gru_prediction_change,88,heldout,-3.4070505538429163,-1.6436234306436024,-4.454140620010969,-1.0549812270783459,0.9,0.10891089108910891
l21,gru_prediction_change,88,cross_task,-9.471994006131206,-11.425161616594394,-14.852561420156665,-4.438716065601354,0.51,0.49504950495049505
l21,gru_prediction_change,88,cross_manipulation,-18.763421432986092,-29.194873409991516,-29.069072915317847,-5.674430437210481,0.42,0.5841584158415841
displacement,persistence_policy_change,88,heldout,0.28148167639485916,0.4744023069868788,-0.16334077322455712,0.4274103385709274,0.96,0.04950495049504951
displacement,persistence_policy_change,88,cross_task,-1.3113548135093838,-2.147074898548174,-2.830835460252372,-0.6313505735025678,0.54,0.46534653465346537
displacement,persistence_policy_change,88,cross_manipulation,-0.5382710478444919,-0.3379699144006535,-2.1565288602558113,-0.22927963912215138,0.93,0.07920792079207921
displacement,gru_prediction_change,88,heldout,-0.7381650866054156,-0.5328371451533912,-4.221840797447006,-1.154643984609335,0.99,0.019801980198019802
displacement,gru_prediction_change,88,cross_task,-1.9975244954078877,-21.83023025877178,-15.15708613470642,-3.8293579428670688,0.22,0.7821782178217822
displacement,gru_prediction_change,88,cross_manipulation,-4.95212073323504,-17.817717381537854,-29.370686094327702,-5.691167815774268,0.59,0.4158415841584158
l22,persistence_policy_change,88,heldout,0.17163579743616034,0.4435747475809681,-0.2745568363049805,0.39490685361123473,0.95,0.0594059405940594
l22,persistence_policy_change,88,cross_task,-1.153251698689654,-1.9385087438568842,-3.404444747512028,-0.4021812652207115,0.67,0.33663366336633666
l22,persistence_policy_change,88,cross_manipulation,-2.4849190119077553,-0.42942431955243465,-2.5779150642718656,-0.21774892578086288,0.92,0.0891089108910891
l22,gru_prediction_change,88,heldout,-1.3359660929906874,-0.7653845206090822,-4.134968470673473,-1.0847240689565578,0.98,0.0297029702970297
l22,gru_prediction_change,88,cross_task,-6.86405274511101,-15.328016506225353,-13.912509165596207,-4.0587385575006625,0.37,0.6336633663366337
l22,gru_prediction_change,88,cross_manipulation,-6.248589226658302,-12.334178939570089,-26.46227144421071,-5.014709900060228,0.66,0.3465346534653465
l21,persistence_policy_change,89,heldout,-0.9961910643245293,0.23289050308386264,-0.35265315208205,0.3129906889921754,0.9,0.10891089108910891
l21,persistence_policy_change,89,cross_task,-4.113805739618544,-4.4847831579800825,-3.743109958875379,-0.6765383065564694,0.34,0.6633663366336634
l21,persistence_policy_change,89,cross_manipulation,-8.16401527405227,-1.9863721173989817,-3.2177498436495227,-0.39562950365230387,0.62,0.38613861386138615
l21,gru_prediction_change,89,heldout,-7.641690754642657,-1.6436234306436024,-4.454140620010969,-1.0549812270783459,0.9,0.10891089108910891
l21,gru_prediction_change,89,cross_task,-24.447505933019432,-11.425161616594394,-14.852561420156665,-4.438716065601354,0.51,0.49504950495049505
l21,gru_prediction_change,89,cross_manipulation,-62.880716016672864,-29.194873409991516,-29.069072915317847,-5.674430437210481,0.42,0.5841584158415841
displacement,persistence_policy_change,89,heldout,-0.12162662810207396,0.4744023069868788,-0.16334077322455712,0.4274103385709274,0.96,0.04950495049504951
displacement,persistence_policy_change,89,cross_task,-2.0366172738179906,-2.147074898548174,-2.830835460252372,-0.6313505735025678,0.54,0.46534653465346537
displacement,persistence_policy_change,89,cross_manipulation,-1.8958587649354204,-0.3379699144006535,-2.1565288602558113,-0.22927963912215138,0.93,0.07920792079207921
displacement,gru_prediction_change,89,heldout,-2.9332991088262603,-0.5328371451533912,-4.221840797447006,-1.154643984609335,0.99,0.019801980198019802
displacement,gru_prediction_change,89,cross_task,-6.720634432758589,-21.83023025877178,-15.15708613470642,-3.8293579428670688,0.22,0.7821782178217822
displacement,gru_prediction_change,89,cross_manipulation,-19.62987634564292,-17.817717381537854,-29.370686094327702,-5.691167815774268,0.59,0.4158415841584158
l22,persistence_policy_change,89,heldout,-0.08408421688184882,0.4435747475809681,-0.2745568363049805,0.39490685361123473,0.95,0.0594059405940594
l22,persistence_policy_change,89,cross_task,-1.1951612838149155,-1.9385087438568842,-3.404444747512028,-0.4021812652207115,0.67,0.33663366336633666
l22,persistence_policy_change,89,cross_manipulation,-1.3511427117492947,-0.42942431955243465,-2.5779150642718656,-0.21774892578086288,0.92,0.0891089108910891
l22,gru_prediction_change,89,heldout,-1.91758670170265,-0.7653845206090822,-4.134968470673473,-1.0847240689565578,0.98,0.0297029702970297
l22,gru_prediction_change,89,cross_task,-3.7646913761785825,-15.328016506225353,-13.912509165596207,-4.0587385575006625,0.37,0.6336633663366337
l22,gru_prediction_change,89,cross_manipulation,-6.060419223677796,-12.334178939570089,-26.46227144421071,-5.014709900060228,0.66,0.3465346534653465
l21,persistence_policy_change,90,heldout,-0.6717156084409797,0.23289050308386264,-0.35265315208205,0.3129906889921754,0.9,0.10891089108910891
l21,persistence_policy_change,90,cross_task,-3.4495730101561857,-4.4847831579800825,-3.743109958875379,-0.6765383065564694,0.34,0.6633663366336634
l21,persistence_policy_change,90,cross_manipulation,-8.993610358641124,-1.9863721173989817,-3.2177498436495227,-0.39562950365230387,0.62,0.38613861386138615
l21,gru_prediction_change,90,heldout,-3.5249289717552994,-1.6436234306436024,-4.454140620010969,-1.0549812270783459,0.9,0.10891089108910891
l21,gru_prediction_change,90,cross_task,-9.343726521576986,-11.425161616594394,-14.852561420156665,-4.438716065601354,0.51,0.49504950495049505
l21,gru_prediction_change,90,cross_manipulation,-51.618635225846916,-29.194873409991516,-29.069072915317847,-5.674430437210481,0.42,0.5841584158415841
displacement,persistence_policy_change,90,heldout,0.007347569684082751,0.4744023069868788,-0.16334077322455712,0.4274103385709274,0.96,0.04950495049504951
displacement,persistence_policy_change,90,cross_task,-1.9735294549898743,-2.147074898548174,-2.830835460252372,-0.6313505735025678,0.54,0.46534653465346537
displacement,persistence_policy_change,90,cross_manipulation,-3.1804507905442585,-0.3379699144006535,-2.1565288602558113,-0.22927963912215138,0.93,0.07920792079207921
displacement,gru_prediction_change,90,heldout,-1.164853505921581,-0.5328371451533912,-4.221840797447006,-1.154643984609335,0.99,0.019801980198019802
displacement,gru_prediction_change,90,cross_task,-3.845282564925592,-21.83023025877178,-15.15708613470642,-3.8293579428670688,0.22,0.7821782178217822
displacement,gru_prediction_change,90,cross_manipulation,-16.987595866001357,-17.817717381537854,-29.370686094327702,-5.691167815774268,0.59,0.4158415841584158
l22,persistence_policy_change,90,heldout,-0.5946013521731163,0.4435747475809681,-0.2745568363049805,0.39490685361123473,0.95,0.0594059405940594
l22,persistence_policy_change,90,cross_task,-3.04943339028085,-1.9385087438568842,-3.404444747512028,-0.4021812652207115,0.67,0.33663366336633666
l22,persistence_policy_change,90,cross_manipulation,-5.743285395043595,-0.42942431955243465,-2.5779150642718656,-0.21774892578086288,0.92,0.0891089108910891
l22,gru_prediction_change,90,heldout,-5.361224303481722,-0.7653845206090822,-4.134968470673473,-1.0847240689565578,0.98,0.0297029702970297
l22,gru_prediction_change,90,cross_task,-15.438926748356828,-15.328016506225353,-13.912509165596207,-4.0587385575006625,0.37,0.6336633663366337
l22,gru_prediction_change,90,cross_manipulation,-40.80829479463773,-12.334178939570089,-26.46227144421071,-5.014709900060228,0.66,0.3465346534653465
l21,persistence_policy_change,91,heldout,0.37626345066569317,0.23289050308386264,-0.35265315208205,0.3129906889921754,0.9,0.10891089108910891
l21,persistence_policy_change,91,cross_task,-0.746581737211093,-4.4847831579800825,-3.743109958875379,-0.6765383065564694,0.34,0.6633663366336634
l21,persistence_policy_change,91,cross_manipulation,-0.7021155191259029,-1.9863721173989817,-3.2177498436495227,-0.39562950365230387,0.62,0.38613861386138615
l21,gru_prediction_change,91,heldout,-2.0378307105405398,-1.6436234306436024,-4.454140620010969,-1.0549812270783459,0.9,0.10891089108910891
l21,gru_prediction_change,91,cross_task,-5.287288576956528,-11.425161616594394,-14.852561420156665,-4.438716065601354,0.51,0.49504950495049505
l21,gru_prediction_change,91,cross_manipulation,-9.187296294866828,-29.194873409991516,-29.069072915317847,-5.674430437210481,0.42,0.5841584158415841
displacement,persistence_policy_change,91,heldout,0.3429473150093436,0.4744023069868788,-0.16334077322455712,0.4274103385709274,0.96,0.04950495049504951
displacement,persistence_policy_change,91,cross_task,-0.6817764048888725,-2.147074898548174,-2.830835460252372,-0.6313505735025678,0.54,0.46534653465346537
displacement,persistence_policy_change,91,cross_manipulation,-0.658696810981463,-0.3379699144006535,-2.1565288602558113,-0.22927963912215138,0.93,0.07920792079207921
displacement,gru_prediction_change,91,heldout,-1.3266382292949668,-0.5328371451533912,-4.221840797447006,-1.154643984609335,0.99,0.019801980198019802
displacement,gru_prediction_change,91,cross_task,-3.3879279549636294,-21.83023025877178,-15.15708613470642,-3.8293579428670688,0.22,0.7821782178217822
displacement,gru_prediction_change,91,cross_manipulation,-4.604310562074737,-17.817717381537854,-29.370686094327702,-5.691167815774268,0.59,0.4158415841584158
l22,persistence_policy_change,91,heldout,0.5140720817088961,0.4435747475809681,-0.2745568363049805,0.39490685361123473,0.95,0.0594059405940594
l22,persistence_policy_change,91,cross_task,-0.13675835682615442,-1.9385087438568842,-3.404444747512028,-0.4021812652207115,0.67,0.33663366336633666
l22,persistence_policy_change,91,cross_manipulation,0.1968918788884842,-0.42942431955243465,-2.5779150642718656,-0.21774892578086288,0.92,0.0891089108910891
l22,gru_prediction_change,91,heldout,-1.0911607643447454,-0.7653845206090822,-4.134968470673473,-1.0847240689565578,0.98,0.0297029702970297
l22,gru_prediction_change,91,cross_task,-2.5888768743281045,-15.328016506225353,-13.912509165596207,-4.0587385575006625,0.37,0.6336633663366337
l22,gru_prediction_change,91,cross_manipulation,-5.945441628323264,-12.334178939570089,-26.46227144421071,-5.014709900060228,0.66,0.3465346534653465
l21,persistence_policy_change,92,heldout,-0.9126208536320828,0.23289050308386264,-0.35265315208205,0.3129906889921754,0.9,0.10891089108910891
l21,persistence_policy_change,92,cross_task,-8.685322501759797,-4.4847831579800825,-3.743109958875379,-0.6765383065564694,0.34,0.6633663366336634
l21,persistence_policy_change,92,cross_manipulation,-3.754703127130713,-1.9863721173989817,-3.2177498436495227,-0.39562950365230387,0.62,0.38613861386138615
l21,gru_prediction_change,92,heldout,-5.078943224328355,-1.6436234306436024,-4.454140620010969,-1.0549812270783459,0.9,0.10891089108910891
l21,gru_prediction_change,92,cross_task,-19.506249625720198,-11.425161616594394,-14.852561420156665,-4.438716065601354,0.51,0.49504950495049505
l21,gru_prediction_change,92,cross_manipulation,-9.119761270048702,-29.194873409991516,-29.069072915317847,-5.674430437210481,0.42,0.5841584158415841
displacement,persistence_policy_change,92,heldout,-1.0128131274285639,0.4744023069868788,-0.16334077322455712,0.4274103385709274,0.96,0.04950495049504951
displacement,persistence_policy_change,92,cross_task,-4.807411148418279,-2.147074898548174,-2.830835460252372,-0.6313505735025678,0.54,0.46534653465346537
displacement,persistence_policy_change,92,cross_manipulation,-6.290605234928553,-0.3379699144006535,-2.1565288602558113,-0.22927963912215138,0.93,0.07920792079207921
displacement,gru_prediction_change,92,heldout,-9.177313065910303,-0.5328371451533912,-4.221840797447006,-1.154643984609335,0.99,0.019801980198019802
displacement,gru_prediction_change,92,cross_task,-26.11453713648929,-21.83023025877178,-15.15708613470642,-3.8293579428670688,0.22,0.7821782178217822
displacement,gru_prediction_change,92,cross_manipulation,-76.69311770990225,-17.817717381537854,-29.370686094327702,-5.691167815774268,0.59,0.4158415841584158
l22,persistence_policy_change,92,heldout,-0.91890831442897,0.4435747475809681,-0.2745568363049805,0.39490685361123473,0.95,0.0594059405940594
l22,persistence_policy_change,92,cross_task,-7.597511923223197,-1.9385087438568842,-3.404444747512028,-0.4021812652207115,0.67,0.33663366336633666
l22,persistence_policy_change,92,cross_manipulation,-5.6166035584331855,-0.42942431955243465,-2.5779150642718656,-0.21774892578086288,0.92,0.0891089108910891
l22,gru_prediction_change,92,heldout,-6.961935432417128,-0.7653845206090822,-4.134968470673473,-1.0847240689565578,0.98,0.0297029702970297
l22,gru_prediction_change,92,cross_task,-23.751007063975326,-15.328016506225353,-13.912509165596207,-4.0587385575006625,0.37,0.6336633663366337
l22,gru_prediction_change,92,cross_manipulation,-22.03314372374092,-12.334178939570089,-26.46227144421071,-5.014709900060228,0.66,0.3465346534653465
l21,persistence_policy_change,93,heldout,0.2853449348277548,0.23289050308386264,-0.35265315208205,0.3129906889921754,0.9,0.10891089108910891
l21,persistence_policy_change,93,cross_task,-0.23301669125027277,-4.4847831579800825,-3.743109958875379,-0.6765383065564694,0.34,0.6633663366336634
l21,persistence_policy_change,93,cross_manipulation,-0.6554262710953036,-1.9863721173989817,-3.2177498436495227,-0.39562950365230387,0.62,0.38613861386138615
l21,gru_prediction_change,93,heldout,-3.635268628316696,-1.6436234306436024,-4.454140620010969,-1.0549812270783459,0.9,0.10891089108910891
l21,gru_prediction_change,93,cross_task,-6.51928624335869,-11.425161616594394,-14.852561420156665,-4.438716065601354,0.51,0.49504950495049505
l21,gru_prediction_change,93,cross_manipulation,-8.686625658542084,-29.194873409991516,-29.069072915317847,-5.674430437210481,0.42,0.5841584158415841
displacement,persistence_policy_change,93,heldout,-0.46395316819609883,0.4744023069868788,-0.16334077322455712,0.4274103385709274,0.96,0.04950495049504951
displacement,persistence_policy_change,93,cross_task,-1.9757896540390876,-2.147074898548174,-2.830835460252372,-0.6313505735025678,0.54,0.46534653465346537
displacement,persistence_policy_change,93,cross_manipulation,-1.5845049969564542,-0.3379699144006535,-2.1565288602558113,-0.22927963912215138,0.93,0.07920792079207921
displacement,gru_prediction_change,93,heldout,-9.598069407882704,-0.5328371451533912,-4.221840797447006,-1.154643984609335,0.99,0.019801980198019802
displacement,gru_prediction_change,93,cross_task,-38.808696920062694,-21.83023025877178,-15.15708613470642,-3.8293579428670688,0.22,0.7821782178217822
displacement,gru_prediction_change,93,cross_manipulation,-52.73995842996811,-17.817717381537854,-29.370686094327702,-5.691167815774268,0.59,0.4158415841584158
l22,persistence_policy_change,93,heldout,-0.1434304265451892,0.4435747475809681,-0.2745568363049805,0.39490685361123473,0.95,0.0594059405940594
l22,persistence_policy_change,93,cross_task,-0.8888111054061306,-1.9385087438568842,-3.404444747512028,-0.4021812652207115,0.67,0.33663366336633666
l22,persistence_policy_change,93,cross_manipulation,-3.4888554090795125,-0.42942431955243465,-2.5779150642718656,-0.21774892578086288,0.92,0.0891089108910891
l22,gru_prediction_change,93,heldout,-4.3053965907802905,-0.7653845206090822,-4.134968470673473,-1.0847240689565578,0.98,0.0297029702970297
l22,gru_prediction_change,93,cross_task,-8.400958092543155,-15.328016506225353,-13.912509165596207,-4.0587385575006625,0.37,0.6336633663366337
l22,gru_prediction_change,93,cross_manipulation,-9.352690995375713,-12.334178939570089,-26.46227144421071,-5.014709900060228,0.66,0.3465346534653465
l21,persistence_policy_change,94,heldout,-0.6491804197228229,0.23289050308386264,-0.35265315208205,0.3129906889921754,0.9,0.10891089108910891
l21,persistence_policy_change,94,cross_task,-6.764949430261942,-4.4847831579800825,-3.743109958875379,-0.6765383065564694,0.34,0.6633663366336634
l21,persistence_policy_change,94,cross_manipulation,-6.618989283326719,-1.9863721173989817,-3.2177498436495227,-0.39562950365230387,0.62,0.38613861386138615
l21,gru_prediction_change,94,heldout,-6.63407268772815,-1.6436234306436024,-4.454140620010969,-1.0549812270783459,0.9,0.10891089108910891
l21,gru_prediction_change,94,cross_task,-24.43309519873598,-11.425161616594394,-14.852561420156665,-4.438716065601354,0.51,0.49504950495049505
l21,gru_prediction_change,94,cross_manipulation,-40.87338278433357,-29.194873409991516,-29.069072915317847,-5.674430437210481,0.42,0.5841584158415841
displacement,persistence_policy_change,94,heldout,-0.047395148063775504,0.4744023069868788,-0.16334077322455712,0.4274103385709274,0.96,0.04950495049504951
displacement,persistence_policy_change,94,cross_task,-2.321786187538203,-2.147074898548174,-2.830835460252372,-0.6313505735025678,0.54,0.46534653465346537
displacement,persistence_policy_change,94,cross_manipulation,-2.6987355038807417,-0.3379699144006535,-2.1565288602558113,-0.22927963912215138,0.93,0.07920792079207921
displacement,gru_prediction_change,94,heldout,-2.7571414710504674,-0.5328371451533912,-4.221840797447006,-1.154643984609335,0.99,0.019801980198019802
displacement,gru_prediction_change,94,cross_task,-9.310627249435159,-21.83023025877178,-15.15708613470642,-3.8293579428670688,0.22,0.7821782178217822
displacement,gru_prediction_change,94,cross_manipulation,-14.015752893394767,-17.817717381537854,-29.370686094327702,-5.691167815774268,0.59,0.4158415841584158
l22,persistence_policy_change,94,heldout,-0.67093182957242,0.4435747475809681,-0.2745568363049805,0.39490685361123473,0.95,0.0594059405940594
l22,persistence_policy_change,94,cross_task,-5.753334197369991,-1.9385087438568842,-3.404444747512028,-0.4021812652207115,0.67,0.33663366336633666
l22,persistence_policy_change,94,cross_manipulation,-7.196124452702823,-0.42942431955243465,-2.5779150642718656,-0.21774892578086288,0.92,0.0891089108910891
l22,gru_prediction_change,94,heldout,-7.592542453464979,-0.7653845206090822,-4.134968470673473,-1.0847240689565578,0.98,0.0297029702970297
l22,gru_prediction_change,94,cross_task,-21.51350402652812,-15.328016506225353,-13.912509165596207,-4.0587385575006625,0.37,0.6336633663366337
l22,gru_prediction_change,94,cross_manipulation,-45.258775540371744,-12.334178939570089,-26.46227144421071,-5.014709900060228,0.66,0.3465346534653465
l21,persistence_policy_change,95,heldout,-1.3782028905427222,0.23289050308386264,-0.35265315208205,0.3129906889921754,0.9,0.10891089108910891
l21,persistence_policy_change,95,cross_task,-6.039637065124823,-4.4847831579800825,-3.743109958875379,-0.6765383065564694,0.34,0.6633663366336634
l21,persistence_policy_change,95,cross_manipulation,-5.710685675844401,-1.9863721173989817,-3.2177498436495227,-0.39562950365230387,0.62,0.38613861386138615
l21,gru_prediction_change,95,heldout,-6.831319812126186,-1.6436234306436024,-4.454140620010969,-1.0549812270783459,0.9,0.10891089108910891
l21,gru_prediction_change,95,cross_task,-12.473613242794869,-11.425161616594394,-14.852561420156665,-4.438716065601354,0.51,0.49504950495049505
l21,gru_prediction_change,95,cross_manipulation,-9.361077405609523,-29.194873409991516,-29.069072915317847,-5.674430437210481,0.42,0.5841584158415841
displacement,persistence_policy_change,95,heldout,-0.28698800605117997,0.4744023069868788,-0.16334077322455712,0.4274103385709274,0.96,0.04950495049504951
displacement,persistence_policy_change,95,cross_task,-2.4052104113471766,-2.147074898548174,-2.830835460252372,-0.6313505735025678,0.54,0.46534653465346537
displacement,persistence_policy_change,95,cross_manipulation,-2.273126880563347,-0.3379699144006535,-2.1565288602558113,-0.22927963912215138,0.93,0.07920792079207921
displacement,gru_prediction_change,95,heldout,-4.38069726339662,-0.5328371451533912,-4.221840797447006,-1.154643984609335,0.99,0.019801980198019802
displacement,gru_prediction_change,95,cross_task,-24.287587333819683,-21.83023025877178,-15.15708613470642,-3.8293579428670688,0.22,0.7821782178217822
displacement,gru_prediction_change,95,cross_manipulation,-21.98285952819548,-17.817717381537854,-29.370686094327702,-5.691167815774268,0.59,0.4158415841584158
l22,persistence_policy_change,95,heldout,-0.060032061469700894,0.4435747475809681,-0.2745568363049805,0.39490685361123473,0.95,0.0594059405940594
l22,persistence_policy_change,95,cross_task,-1.4284031232168903,-1.9385087438568842,-3.404444747512028,-0.4021812652207115,0.67,0.33663366336633666
l22,persistence_policy_change,95,cross_manipulation,-0.5287904469082746,-0.42942431955243465,-2.5779150642718656,-0.21774892578086288,0.92,0.0891089108910891
l22,gru_prediction_change,95,heldout,-4.205722751111419,-0.7653845206090822,-4.134968470673473,-1.0847240689565578,0.98,0.0297029702970297
l22,gru_prediction_change,95,cross_task,-13.284509756775067,-15.328016506225353,-13.912509165596207,-4.0587385575006625,0.37,0.6336633663366337
l22,gru_prediction_change,95,cross_manipulation,-10.416383775835243,-12.334178939570089,-26.46227144421071,-5.014709900060228,0.66,0.3465346534653465
l21,persistence_policy_change,96,heldout,0.008083364011039115,0.23289050308386264,-0.35265315208205,0.3129906889921754,0.9,0.10891089108910891
l21,persistence_policy_change,96,cross_task,-1.0391794757052122,-4.4847831579800825,-3.743109958875379,-0.6765383065564694,0.34,0.6633663366336634
l21,persistence_policy_change,96,cross_manipulation,-1.2666915757523305,-1.9863721173989817,-3.2177498436495227,-0.39562950365230387,0.62,0.38613861386138615
l21,gru_prediction_change,96,heldout,-5.980557367364472,-1.6436234306436024,-4.454140620010969,-1.0549812270783459,0.9,0.10891089108910891
l21,gru_prediction_change,96,cross_task,-16.826364168061712,-11.425161616594394,-14.852561420156665,-4.438716065601354,0.51,0.49504950495049505
l21,gru_prediction_change,96,cross_manipulation,-30.15690893299594,-29.194873409991516,-29.069072915317847,-5.674430437210481,0.42,0.5841584158415841
displacement,persistence_policy_change,96,heldout,0.16823903066042992,0.4744023069868788,-0.16334077322455712,0.4274103385709274,0.96,0.04950495049504951
displacement,persistence_policy_change,96,cross_task,-1.181584351085658,-2.147074898548174,-2.830835460252372,-0.6313505735025678,0.54,0.46534653465346537
displacement,persistence_policy_change,96,cross_manipulation,-0.39421856289548185,-0.3379699144006535,-2.1565288602558113,-0.22927963912215138,0.93,0.07920792079207921
displacement,gru_prediction_change,96,heldout,-2.6618889039906173,-0.5328371451533912,-4.221840797447006,-1.154643984609335,0.99,0.019801980198019802
displacement,gru_prediction_change,96,cross_task,-7.301989811520215,-21.83023025877178,-15.15708613470642,-3.8293579428670688,0.22,0.7821782178217822
displacement,gru_prediction_change,96,cross_manipulation,-49.461466777851186,-17.817717381537854,-29.370686094327702,-5.691167815774268,0.59,0.4158415841584158
l22,persistence_policy_change,96,heldout,0.05678008594977809,0.4435747475809681,-0.2745568363049805,0.39490685361123473,0.95,0.0594059405940594
l22,persistence_policy_change,96,cross_task,-2.4390750763848774,-1.9385087438568842,-3.404444747512028,-0.4021812652207115,0.67,0.33663366336633666
l22,persistence_policy_change,96,cross_manipulation,-0.7781167231812082,-0.42942431955243465,-2.5779150642718656,-0.21774892578086288,0.92,0.0891089108910891
l22,gru_prediction_change,96,heldout,-5.427143614616804,-0.7653845206090822,-4.134968470673473,-1.0847240689565578,0.98,0.0297029702970297
l22,gru_prediction_change,96,cross_task,-20.450649567139717,-15.328016506225353,-13.912509165596207,-4.0587385575006625,0.37,0.6336633663366337
l22,gru_prediction_change,96,cross_manipulation,-9.894662871471187,-12.334178939570089,-26.46227144421071,-5.014709900060228,0.66,0.3465346534653465
l21,persistence_policy_change,97,heldout,0.19954025891812255,0.23289050308386264,-0.35265315208205,0.3129906889921754,0.9,0.10891089108910891
l21,persistence_policy_change,97,cross_task,-1.9425326917567378,-4.4847831579800825,-3.743109958875379,-0.6765383065564694,0.34,0.6633663366336634
l21,persistence_policy_change,97,cross_manipulation,-1.9750045449929303,-1.9863721173989817,-3.2177498436495227,-0.39562950365230387,0.62,0.38613861386138615
l21,gru_prediction_change,97,heldout,-2.981132547352768,-1.6436234306436024,-4.454140620010969,-1.0549812270783459,0.9,0.10891089108910891
l21,gru_prediction_change,97,cross_task,-7.885914880426239,-11.425161616594394,-14.852561420156665,-4.438716065601354,0.51,0.49504950495049505
l21,gru_prediction_change,97,cross_manipulation,-34.39852631184522,-29.194873409991516,-29.069072915317847,-5.674430437210481,0.42,0.5841584158415841
displacement,persistence_policy_change,97,heldout,0.20635628597853736,0.4744023069868788,-0.16334077322455712,0.4274103385709274,0.96,0.04950495049504951
displacement,persistence_policy_change,97,cross_task,-2.1025640336882194,-2.147074898548174,-2.830835460252372,-0.6313505735025678,0.54,0.46534653465346537
displacement,persistence_policy_change,97,cross_manipulation,-0.5447019027210164,-0.3379699144006535,-2.1565288602558113,-0.22927963912215138,0.93,0.07920792079207921
displacement,gru_prediction_change,97,heldout,-3.08488188576424,-0.5328371451533912,-4.221840797447006,-1.154643984609335,0.99,0.019801980198019802
displacement,gru_prediction_change,97,cross_task,-9.800926116714303,-21.83023025877178,-15.15708613470642,-3.8293579428670688,0.22,0.7821782178217822
displacement,gru_prediction_change,97,cross_manipulation,-13.570087492215483,-17.817717381537854,-29.370686094327702,-5.691167815774268,0.59,0.4158415841584158
l22,persistence_policy_change,97,heldout,0.11701488780657061,0.4435747475809681,-0.2745568363049805,0.39490685361123473,0.95,0.0594059405940594
l22,persistence_policy_change,97,cross_task,-2.9664248816498286,-1.9385087438568842,-3.404444747512028,-0.4021812652207115,0.67,0.33663366336633666
l22,persistence_policy_change,97,cross_manipulation,-3.087255745365733,-0.42942431955243465,-2.5779150642718656,-0.21774892578086288,0.92,0.0891089108910891
l22,gru_prediction_change,97,heldout,-2.1712821894371044,-0.7653845206090822,-4.134968470673473,-1.0847240689565578,0.98,0.0297029702970297
l22,gru_prediction_change,97,cross_task,-4.22493970743533,-15.328016506225353,-13.912509165596207,-4.0587385575006625,0.37,0.6336633663366337
l22,gru_prediction_change,97,cross_manipulation,-25.415071367503874,-12.334178939570089,-26.46227144421071,-5.014709900060228,0.66,0.3465346534653465
l21,persistence_policy_change,98,heldout,0.20603041639805375,0.23289050308386264,-0.35265315208205,0.3129906889921754,0.9,0.10891089108910891
l21,persistence_policy_change,98,cross_task,-0.7466487356690062,-4.4847831579800825,-3.743109958875379,-0.6765383065564694,0.34,0.6633663366336634
l21,persistence_policy_change,98,cross_manipulation,-0.30904053320667996,-1.9863721173989817,-3.2177498436495227,-0.39562950365230387,0.62,0.38613861386138615
l21,gru_prediction_change,98,heldout,-3.6214340833296776,-1.6436234306436024,-4.454140620010969,-1.0549812270783459,0.9,0.10891089108910891
l21,gru_prediction_change,98,cross_task,-8.5608531569851,-11.425161616594394,-14.852561420156665,-4.438716065601354,0.51,0.49504950495049505
l21,gru_prediction_change,98,cross_manipulation,-22.72399360682397,-29.194873409991516,-29.069072915317847,-5.674430437210481,0.42,0.5841584158415841
displacement,persistence_policy_change,98,heldout,0.28215572468571265,0.4744023069868788,-0.16334077322455712,0.4274103385709274,0.96,0.04950495049504951
displacement,persistence_policy_change,98,cross_task,-0.4805586760569474,-2.147074898548174,-2.830835460252372,-0.6313505735025678,0.54,0.46534653465346537
displacement,persistence_policy_change,98,cross_manipulation,-0.9833268230072271,-0.3379699144006535,-2.1565288602558113,-0.22927963912215138,0.93,0.07920792079207921
displacement,gru_prediction_change,98,heldout,-5.044921694746821,-0.5328371451533912,-4.221840797447006,-1.154643984609335,0.99,0.019801980198019802
displacement,gru_prediction_change,98,cross_task,-10.130462937530977,-21.83023025877178,-15.15708613470642,-3.8293579428670688,0.22,0.7821782178217822
displacement,gru_prediction_change,98,cross_manipulation,-22.558687779218083,-17.817717381537854,-29.370686094327702,-5.691167815774268,0.59,0.4158415841584158
l22,persistence_policy_change,98,heldout,0.0004972087689084637,0.4435747475809681,-0.2745568363049805,0.39490685361123473,0.95,0.0594059405940594
l22,persistence_policy_change,98,cross_task,-2.838122826577502,-1.9385087438568842,-3.404444747512028,-0.4021812652207115,0.67,0.33663366336633666
l22,persistence_policy_change,98,cross_manipulation,-1.1999896137644916,-0.42942431955243465,-2.5779150642718656,-0.21774892578086288,0.92,0.0891089108910891
l22,gru_prediction_change,98,heldout,-6.3123408796186355,-0.7653845206090822,-4.134968470673473,-1.0847240689565578,0.98,0.0297029702970297
l22,gru_prediction_change,98,cross_task,-18.56590565420883,-15.328016506225353,-13.912509165596207,-4.0587385575006625,0.37,0.6336633663366337
l22,gru_prediction_change,98,cross_manipulation,-20.08235408768772,-12.334178939570089,-26.46227144421071,-5.014709900060228,0.66,0.3465346534653465
l21,persistence_policy_change,99,heldout,-0.28446071259592975,0.23289050308386264,-0.35265315208205,0.3129906889921754,0.9,0.10891089108910891
l21,persistence_policy_change,99,cross_task,-2.049851466190257,-4.4847831579800825,-3.743109958875379,-0.6765383065564694,0.34,0.6633663366336634
l21,persistence_policy_change,99,cross_manipulation,-3.5721989428965673,-1.9863721173989817,-3.2177498436495227,-0.39562950365230387,0.62,0.38613861386138615
l21,gru_prediction_change,99,heldout,-9.027508385765172,-1.6436234306436024,-4.454140620010969,-1.0549812270783459,0.9,0.10891089108910891
l21,gru_prediction_change,99,cross_task,-24.573256537251698,-11.425161616594394,-14.852561420156665,-4.438716065601354,0.51,0.49504950495049505
l21,gru_prediction_change,99,cross_manipulation,-52.35370648614471,-29.194873409991516,-29.069072915317847,-5.674430437210481,0.42,0.5841584158415841
displacement,persistence_policy_change,99,heldout,0.16066992193264798,0.4744023069868788,-0.16334077322455712,0.4274103385709274,0.96,0.04950495049504951
displacement,persistence_policy_change,99,cross_task,-1.5359494692331541,-2.147074898548174,-2.830835460252372,-0.6313505735025678,0.54,0.46534653465346537
displacement,persistence_policy_change,99,cross_manipulation,-0.2725444359752561,-0.3379699144006535,-2.1565288602558113,-0.22927963912215138,0.93,0.07920792079207921
displacement,gru_prediction_change,99,heldout,-0.9606630796766487,-0.5328371451533912,-4.221840797447006,-1.154643984609335,0.99,0.019801980198019802
displacement,gru_prediction_change,99,cross_task,-3.9269518280924705,-21.83023025877178,-15.15708613470642,-3.8293579428670688,0.22,0.7821782178217822
displacement,gru_prediction_change,99,cross_manipulation,-6.171839106277998,-17.817717381537854,-29.370686094327702,-5.691167815774268,0.59,0.4158415841584158
l22,persistence_policy_change,99,heldout,0.05437764570475726,0.4435747475809681,-0.2745568363049805,0.39490685361123473,0.95,0.0594059405940594
l22,persistence_policy_change,99,cross_task,-2.000681370433325,-1.9385087438568842,-3.404444747512028,-0.4021812652207115,0.67,0.33663366336633666
l22,persistence_policy_change,99,cross_manipulation,-0.5738461240349751,-0.42942431955243465,-2.5779150642718656,-0.21774892578086288,0.92,0.0891089108910891
l22,gru_prediction_change,99,heldout,-4.295335145518591,-0.7653845206090822,-4.134968470673473,-1.0847240689565578,0.98,0.0297029702970297
l22,gru_prediction_change,99,cross_task,-9.625763849482802,-15.328016506225353,-13.912509165596207,-4.0587385575006625,0.37,0.6336633663366337
l22,gru_prediction_change,99,cross_manipulation,-14.111546219634343,-12.334178939570089,-26.46227144421071,-5.014709900060228,0.66,0.3465346534653465
