layer,task,analysis,source_task,target_task,variable,r_squared,pearson_r
0,bandit,semantic_variable_decoding,bandit,bandit,previous_semantic_choice,0.9934536530465891,0.9967290849948957
0,bandit,semantic_variable_decoding,bandit,bandit,previous_outcome,0.9342817642213428,0.9666433883112622
0,bandit,semantic_variable_decoding,bandit,bandit,choice_history_kernel,0.9964185313898519,0.998208795364262
0,bandit,semantic_variable_decoding,bandit,bandit,outcome_history_kernel,0.9426437028167163,0.9709027063497144
0,bandit,semantic_variable_decoding,bandit,bandit,finite_history_prediction,0.832300718227178,0.9123861334318172
0,bandit,semantic_variable_decoding,bandit,bandit,history_summary,0.9376482597097444,0.9683939511157797
0,bandit,semantic_variable_decoding,bandit,bandit,current_evidence,0.5842497872576868,0.7782564260879857
0,bandit,semantic_variable_decoding,bandit,bandit,history_x_current_evidence,0.6031687669586043,0.7790384078912016
0,foraging,semantic_variable_decoding,foraging,foraging,previous_semantic_choice,0.9989163826746532,0.9994740663746098
0,foraging,semantic_variable_decoding,foraging,foraging,previous_outcome,0.9747719740498969,0.9876614166094653
0,foraging,semantic_variable_decoding,foraging,foraging,choice_history_kernel,0.9978640920388073,0.998931695531179
0,foraging,semantic_variable_decoding,foraging,foraging,outcome_history_kernel,0.9713734686656654,0.9857667043509551
0,foraging,semantic_variable_decoding,foraging,foraging,finite_history_prediction,0.9645400418547669,0.9826532654208057
0,foraging,semantic_variable_decoding,foraging,foraging,history_summary,0.9398466454331077,0.970543474675216
0,foraging,semantic_variable_decoding,foraging,foraging,current_evidence,0.9834089781137899,0.992052062040673
0,foraging,semantic_variable_decoding,foraging,foraging,history_x_current_evidence,0.3796362768438314,0.687306759601954
0,solvability,semantic_variable_decoding,solvability,solvability,previous_semantic_choice,0.9982149668751052,0.9991249563290637
0,solvability,semantic_variable_decoding,solvability,solvability,previous_outcome,0.9190027000555965,0.9586748805543845
0,solvability,semantic_variable_decoding,solvability,solvability,choice_history_kernel,0.9994957850633641,0.9997537640707356
0,solvability,semantic_variable_decoding,solvability,solvability,outcome_history_kernel,0.9631337280675952,0.9816691918377601
0,solvability,semantic_variable_decoding,solvability,solvability,finite_history_prediction,0.9131269759516244,0.9560203345912497
0,solvability,semantic_variable_decoding,solvability,solvability,history_summary,0.969478746989352,0.9846347432633782
0,solvability,semantic_variable_decoding,solvability,solvability,current_evidence,0.9305513043499063,0.9648404657307503
0,solvability,semantic_variable_decoding,solvability,solvability,history_x_current_evidence,0.48083231902859125,0.7355280693912007
0,foraging,cross_task_readout,bandit,foraging,persistence_logit,-49.2023253078462,-0.3182772953790969
0,solvability,cross_task_readout,bandit,solvability,persistence_logit,-5.169482427592061,-0.020904406774913436
0,bandit,cross_task_readout,foraging,bandit,persistence_logit,-2.0310868397699586,-0.5021242651961451
0,solvability,cross_task_readout,foraging,solvability,persistence_logit,-5.274196962104081,-0.1822628313030121
0,bandit,cross_task_readout,solvability,bandit,persistence_logit,-319.4964490702611,-0.8046554681680621
0,foraging,cross_task_readout,solvability,foraging,persistence_logit,-279.2328988152989,0.7900274507688696
1,bandit,semantic_variable_decoding,bandit,bandit,previous_semantic_choice,0.9958152201417799,0.997907194752403
1,bandit,semantic_variable_decoding,bandit,bandit,previous_outcome,0.921569120079197,0.9600398115975258
1,bandit,semantic_variable_decoding,bandit,bandit,choice_history_kernel,0.9975143426948109,0.9987575711430549
1,bandit,semantic_variable_decoding,bandit,bandit,outcome_history_kernel,0.9407254883220503,0.9699598774832053
1,bandit,semantic_variable_decoding,bandit,bandit,finite_history_prediction,0.846275154821723,0.9199480537693145
1,bandit,semantic_variable_decoding,bandit,bandit,history_summary,0.9444188738266528,0.9718143966576248
1,bandit,semantic_variable_decoding,bandit,bandit,current_evidence,0.5810406978818528,0.7785865191512022
1,bandit,semantic_variable_decoding,bandit,bandit,history_x_current_evidence,0.6986321265332327,0.8385161371121367
1,foraging,semantic_variable_decoding,foraging,foraging,previous_semantic_choice,0.9995404087978796,0.9997748043214569
1,foraging,semantic_variable_decoding,foraging,foraging,previous_outcome,0.9654228728709425,0.9830771339101348
1,foraging,semantic_variable_decoding,foraging,foraging,choice_history_kernel,0.9986782821592903,0.9993403020233664
1,foraging,semantic_variable_decoding,foraging,foraging,outcome_history_kernel,0.9737663542027596,0.9872076034035567
1,foraging,semantic_variable_decoding,foraging,foraging,finite_history_prediction,0.976991483408138,0.9884544783545753
1,foraging,semantic_variable_decoding,foraging,foraging,history_summary,0.9239776953605522,0.9640717080528127
1,foraging,semantic_variable_decoding,foraging,foraging,current_evidence,0.9910558855153856,0.9956643141472677
1,foraging,semantic_variable_decoding,foraging,foraging,history_x_current_evidence,0.5316706132804615,0.7781837608670953
1,solvability,semantic_variable_decoding,solvability,solvability,previous_semantic_choice,0.9996899966767525,0.999847217545891
1,solvability,semantic_variable_decoding,solvability,solvability,previous_outcome,0.9194348521894106,0.9598785637059212
1,solvability,semantic_variable_decoding,solvability,solvability,choice_history_kernel,0.9993683869025944,0.9996888780833302
1,solvability,semantic_variable_decoding,solvability,solvability,outcome_history_kernel,0.9650089455860493,0.9824330491658287
1,solvability,semantic_variable_decoding,solvability,solvability,finite_history_prediction,0.939383802738569,0.969790194952055
1,solvability,semantic_variable_decoding,solvability,solvability,history_summary,0.9611072836277659,0.9807263670513643
1,solvability,semantic_variable_decoding,solvability,solvability,current_evidence,0.9452470859279078,0.9724067699821048
1,solvability,semantic_variable_decoding,solvability,solvability,history_x_current_evidence,0.6659035507223371,0.8218761772543589
1,foraging,cross_task_readout,bandit,foraging,persistence_logit,-6.545552490669777,0.78121489234407
1,solvability,cross_task_readout,bandit,solvability,persistence_logit,-2.1496362217800966,-0.02893829039341598
1,bandit,cross_task_readout,foraging,bandit,persistence_logit,-27.964397307794457,-0.3394737259809436
1,solvability,cross_task_readout,foraging,solvability,persistence_logit,-19.759629028222466,0.18545870849916435
1,bandit,cross_task_readout,solvability,bandit,persistence_logit,-56.52334503810045,0.46777967425979705
1,foraging,cross_task_readout,solvability,foraging,persistence_logit,-153.49082610994031,0.5810066864615929
2,bandit,semantic_variable_decoding,bandit,bandit,previous_semantic_choice,0.9981846673539619,0.9990919507517579
2,bandit,semantic_variable_decoding,bandit,bandit,previous_outcome,0.9460376018522982,0.9727027885242551
2,bandit,semantic_variable_decoding,bandit,bandit,choice_history_kernel,0.9981711881965675,0.99908525954603
2,bandit,semantic_variable_decoding,bandit,bandit,outcome_history_kernel,0.9451772360319969,0.9722220615929844
2,bandit,semantic_variable_decoding,bandit,bandit,finite_history_prediction,0.8808589388623175,0.9385609207282183
2,bandit,semantic_variable_decoding,bandit,bandit,history_summary,0.9504838560123302,0.974945101215983
2,bandit,semantic_variable_decoding,bandit,bandit,current_evidence,0.6091123234819777,0.7909698763932439
2,bandit,semantic_variable_decoding,bandit,bandit,history_x_current_evidence,0.7056518219445596,0.8442676068949223
2,foraging,semantic_variable_decoding,foraging,foraging,previous_semantic_choice,0.9997787166853416,0.9998920402452317
2,foraging,semantic_variable_decoding,foraging,foraging,previous_outcome,0.9785186828277274,0.9893960196783732
2,foraging,semantic_variable_decoding,foraging,foraging,choice_history_kernel,0.998850374106325,0.9994333406928846
2,foraging,semantic_variable_decoding,foraging,foraging,outcome_history_kernel,0.9839274808878798,0.9919674639249123
2,foraging,semantic_variable_decoding,foraging,foraging,finite_history_prediction,0.9665231181349807,0.9837698752718345
2,foraging,semantic_variable_decoding,foraging,foraging,history_summary,0.9315996511621897,0.9666966207851178
2,foraging,semantic_variable_decoding,foraging,foraging,current_evidence,0.9802378974371628,0.9904841948956319
2,foraging,semantic_variable_decoding,foraging,foraging,history_x_current_evidence,0.33158898426064354,0.6899152671586566
2,solvability,semantic_variable_decoding,solvability,solvability,previous_semantic_choice,0.9998962320440178,0.9999487466832067
2,solvability,semantic_variable_decoding,solvability,solvability,previous_outcome,0.9515420371796709,0.9760834206581424
2,solvability,semantic_variable_decoding,solvability,solvability,choice_history_kernel,0.999543778767586,0.9997724483576266
2,solvability,semantic_variable_decoding,solvability,solvability,outcome_history_kernel,0.9592262463567582,0.9794543110941533
2,solvability,semantic_variable_decoding,solvability,solvability,finite_history_prediction,0.9284314886384462,0.9643827214286927
2,solvability,semantic_variable_decoding,solvability,solvability,history_summary,0.9727280020803097,0.9863834324755795
2,solvability,semantic_variable_decoding,solvability,solvability,current_evidence,0.954901285019649,0.9776997218095086
2,solvability,semantic_variable_decoding,solvability,solvability,history_x_current_evidence,0.5293626832221257,0.752845069105445
2,foraging,cross_task_readout,bandit,foraging,persistence_logit,-397.94462453904964,0.8257063264097424
2,solvability,cross_task_readout,bandit,solvability,persistence_logit,-9.68118152121359,-0.09065641648446734
2,bandit,cross_task_readout,foraging,bandit,persistence_logit,-20.850535872382075,-0.598083147185231
2,solvability,cross_task_readout,foraging,solvability,persistence_logit,-11.248688505379874,-0.34003617226638266
2,bandit,cross_task_readout,solvability,bandit,persistence_logit,-101.34774725179476,-0.73185681275444
2,foraging,cross_task_readout,solvability,foraging,persistence_logit,-49.24375998902151,-0.21520059849113216
3,bandit,semantic_variable_decoding,bandit,bandit,previous_semantic_choice,0.9983970836657676,0.9991989149698604
3,bandit,semantic_variable_decoding,bandit,bandit,previous_outcome,0.9061325254379469,0.9519990056233592
3,bandit,semantic_variable_decoding,bandit,bandit,choice_history_kernel,0.9986830798284688,0.9993427729257974
3,bandit,semantic_variable_decoding,bandit,bandit,outcome_history_kernel,0.9379416722860926,0.9684936374486836
3,bandit,semantic_variable_decoding,bandit,bandit,finite_history_prediction,0.8979990427211884,0.9476961251924549
3,bandit,semantic_variable_decoding,bandit,bandit,history_summary,0.9466748553755489,0.9729766651310088
3,bandit,semantic_variable_decoding,bandit,bandit,current_evidence,0.5969817471674723,0.791394325768143
3,bandit,semantic_variable_decoding,bandit,bandit,history_x_current_evidence,0.6895308250384126,0.8328660265963204
3,foraging,semantic_variable_decoding,foraging,foraging,previous_semantic_choice,0.9999390183366434,0.9999695234965462
3,foraging,semantic_variable_decoding,foraging,foraging,previous_outcome,0.980840754773938,0.99038229294429
3,foraging,semantic_variable_decoding,foraging,foraging,choice_history_kernel,0.9999133994551553,0.9999568532616836
3,foraging,semantic_variable_decoding,foraging,foraging,outcome_history_kernel,0.9758128245569236,0.9880330048863781
3,foraging,semantic_variable_decoding,foraging,foraging,finite_history_prediction,0.9804560875921859,0.9902106886480202
3,foraging,semantic_variable_decoding,foraging,foraging,history_summary,0.9691714186073717,0.9848499339559066
3,foraging,semantic_variable_decoding,foraging,foraging,current_evidence,0.9857757109900608,0.9930828631267326
3,foraging,semantic_variable_decoding,foraging,foraging,history_x_current_evidence,0.5079709786122604,0.7520066793811127
3,solvability,semantic_variable_decoding,solvability,solvability,previous_semantic_choice,0.9998706581778597,0.9999353860467441
3,solvability,semantic_variable_decoding,solvability,solvability,previous_outcome,0.946762600750502,0.9730277106997944
3,solvability,semantic_variable_decoding,solvability,solvability,choice_history_kernel,0.9998636578754375,0.9999325876206018
3,solvability,semantic_variable_decoding,solvability,solvability,outcome_history_kernel,0.9568014315088089,0.9781982144254938
3,solvability,semantic_variable_decoding,solvability,solvability,finite_history_prediction,0.9416459310208537,0.9705221428813602
3,solvability,semantic_variable_decoding,solvability,solvability,history_summary,0.9785063597605415,0.9892406730883777
3,solvability,semantic_variable_decoding,solvability,solvability,current_evidence,0.9709950068963425,0.9856159133745895
3,solvability,semantic_variable_decoding,solvability,solvability,history_x_current_evidence,0.6897571838268037,0.8432341471962448
3,foraging,cross_task_readout,bandit,foraging,persistence_logit,-30.700266210766756,-0.7016470491808109
3,solvability,cross_task_readout,bandit,solvability,persistence_logit,-4.226696080339235,-0.5996450066404143
3,bandit,cross_task_readout,foraging,bandit,persistence_logit,-230.30918369541826,-0.7116645289962292
3,solvability,cross_task_readout,foraging,solvability,persistence_logit,-1.6249550444588028,0.5287241049957143
3,bandit,cross_task_readout,solvability,bandit,persistence_logit,-258.95326021953673,0.7121439374703775
3,foraging,cross_task_readout,solvability,foraging,persistence_logit,-48.95099773148937,0.20687911774384254
4,bandit,semantic_variable_decoding,bandit,bandit,previous_semantic_choice,0.9986496677479978,0.9993246491423106
4,bandit,semantic_variable_decoding,bandit,bandit,previous_outcome,0.8688471118193641,0.932375163462936
4,bandit,semantic_variable_decoding,bandit,bandit,choice_history_kernel,0.9985060239239874,0.9992545831315668
4,bandit,semantic_variable_decoding,bandit,bandit,outcome_history_kernel,0.9283152953239555,0.9635749483743336
4,bandit,semantic_variable_decoding,bandit,bandit,finite_history_prediction,0.895289707581817,0.9462243741993229
4,bandit,semantic_variable_decoding,bandit,bandit,history_summary,0.9451759404160411,0.9722029548442606
4,bandit,semantic_variable_decoding,bandit,bandit,current_evidence,0.5494958442722955,0.7601660410723874
4,bandit,semantic_variable_decoding,bandit,bandit,history_x_current_evidence,0.6832477085121686,0.830757763945232
4,foraging,semantic_variable_decoding,foraging,foraging,previous_semantic_choice,0.9999123446666942,0.9999564015256173
4,foraging,semantic_variable_decoding,foraging,foraging,previous_outcome,0.9682985597159797,0.9843651009153671
4,foraging,semantic_variable_decoding,foraging,foraging,choice_history_kernel,0.9998911615120168,0.9999459448953091
4,foraging,semantic_variable_decoding,foraging,foraging,outcome_history_kernel,0.9818449737545185,0.9909957033979959
4,foraging,semantic_variable_decoding,foraging,foraging,finite_history_prediction,0.9833343671737449,0.9916483118786346
4,foraging,semantic_variable_decoding,foraging,foraging,history_summary,0.9694664970743033,0.9853778814320606
4,foraging,semantic_variable_decoding,foraging,foraging,current_evidence,0.9846637691766305,0.9924912313480416
4,foraging,semantic_variable_decoding,foraging,foraging,history_x_current_evidence,0.616618301306252,0.7940834837678747
4,solvability,semantic_variable_decoding,solvability,solvability,previous_semantic_choice,0.999907446752567,0.9999542579526216
4,solvability,semantic_variable_decoding,solvability,solvability,previous_outcome,0.9304628223145865,0.964669509447126
4,solvability,semantic_variable_decoding,solvability,solvability,choice_history_kernel,0.9997887999829933,0.9998944650518568
4,solvability,semantic_variable_decoding,solvability,solvability,outcome_history_kernel,0.9604675829938543,0.9800818017817945
4,solvability,semantic_variable_decoding,solvability,solvability,finite_history_prediction,0.9463468363538069,0.9732124145541812
4,solvability,semantic_variable_decoding,solvability,solvability,history_summary,0.9782967761477117,0.9891157705054875
4,solvability,semantic_variable_decoding,solvability,solvability,current_evidence,0.949137301828651,0.9761625863183556
4,solvability,semantic_variable_decoding,solvability,solvability,history_x_current_evidence,0.6782115697145734,0.8300949342540516
4,foraging,cross_task_readout,bandit,foraging,persistence_logit,-180.50355041505875,0.614589869766804
4,solvability,cross_task_readout,bandit,solvability,persistence_logit,-0.9872127559378685,-0.2596625287488861
4,bandit,cross_task_readout,foraging,bandit,persistence_logit,-52.37924959304924,0.25187625321879686
4,solvability,cross_task_readout,foraging,solvability,persistence_logit,-6.174516295039554,-0.2365199161434151
4,bandit,cross_task_readout,solvability,bandit,persistence_logit,-363.58479276084034,0.7731197116234775
4,foraging,cross_task_readout,solvability,foraging,persistence_logit,-116.94843480171174,0.7930525566850104
5,bandit,semantic_variable_decoding,bandit,bandit,previous_semantic_choice,0.9989098424915793,0.9994550309193952
5,bandit,semantic_variable_decoding,bandit,bandit,previous_outcome,0.8780828087344065,0.9371850688281287
5,bandit,semantic_variable_decoding,bandit,bandit,choice_history_kernel,0.9983759340372554,0.9991880974887039
5,bandit,semantic_variable_decoding,bandit,bandit,outcome_history_kernel,0.9220858871797926,0.960297134787892
5,bandit,semantic_variable_decoding,bandit,bandit,finite_history_prediction,0.8948070901465002,0.9459900627321002
5,bandit,semantic_variable_decoding,bandit,bandit,history_summary,0.9468677676832176,0.9730953679252443
5,bandit,semantic_variable_decoding,bandit,bandit,current_evidence,0.5603813702154565,0.766210669337976
5,bandit,semantic_variable_decoding,bandit,bandit,history_x_current_evidence,0.6850268874622796,0.8300298409143271
5,foraging,semantic_variable_decoding,foraging,foraging,previous_semantic_choice,0.9999379948934272,0.9999690288221167
5,foraging,semantic_variable_decoding,foraging,foraging,previous_outcome,0.9607618602068333,0.9806062026895156
5,foraging,semantic_variable_decoding,foraging,foraging,choice_history_kernel,0.9996048491069481,0.999810337106639
5,foraging,semantic_variable_decoding,foraging,foraging,outcome_history_kernel,0.9829479801601251,0.9914929351539388
5,foraging,semantic_variable_decoding,foraging,foraging,finite_history_prediction,0.9820745385974682,0.9910504539725318
5,foraging,semantic_variable_decoding,foraging,foraging,history_summary,0.9615130871711915,0.9820012638061297
5,foraging,semantic_variable_decoding,foraging,foraging,current_evidence,0.9814004784916944,0.990810199703544
5,foraging,semantic_variable_decoding,foraging,foraging,history_x_current_evidence,0.4952919381547304,0.7371700474337537
5,solvability,semantic_variable_decoding,solvability,solvability,previous_semantic_choice,0.9998988539084002,0.9999513180635035
5,solvability,semantic_variable_decoding,solvability,solvability,previous_outcome,0.933447958679393,0.9662802360859177
5,solvability,semantic_variable_decoding,solvability,solvability,choice_history_kernel,0.999873076202372,0.9999365420574193
5,solvability,semantic_variable_decoding,solvability,solvability,outcome_history_kernel,0.932923569151949,0.9659182394428285
5,solvability,semantic_variable_decoding,solvability,solvability,finite_history_prediction,0.9151892328138589,0.9567015754023395
5,solvability,semantic_variable_decoding,solvability,solvability,history_summary,0.9737911971943033,0.9868325717306936
5,solvability,semantic_variable_decoding,solvability,solvability,current_evidence,0.9712909254826717,0.9856998710981867
5,solvability,semantic_variable_decoding,solvability,solvability,history_x_current_evidence,0.7592685095984137,0.8793009716619852
5,foraging,cross_task_readout,bandit,foraging,persistence_logit,-39.038832571699366,-0.37974326141589515
5,solvability,cross_task_readout,bandit,solvability,persistence_logit,-0.19251528704191134,-0.1124364477473983
5,bandit,cross_task_readout,foraging,bandit,persistence_logit,-220.6230858238571,-0.7009227378103853
5,solvability,cross_task_readout,foraging,solvability,persistence_logit,-11.405039364463454,-0.06020153560119659
5,bandit,cross_task_readout,solvability,bandit,persistence_logit,-59.15778860280877,-0.24771545170242312
5,foraging,cross_task_readout,solvability,foraging,persistence_logit,-60.70396483601026,-0.5710115855305893
6,bandit,semantic_variable_decoding,bandit,bandit,previous_semantic_choice,0.9993951980510666,0.9996982404391748
6,bandit,semantic_variable_decoding,bandit,bandit,previous_outcome,0.9705727202825795,0.985245873918152
6,bandit,semantic_variable_decoding,bandit,bandit,choice_history_kernel,0.9987056588533926,0.9993526728523506
6,bandit,semantic_variable_decoding,bandit,bandit,outcome_history_kernel,0.9305633460829912,0.9647806711012602
6,bandit,semantic_variable_decoding,bandit,bandit,finite_history_prediction,0.9237845873705859,0.961168910647873
6,bandit,semantic_variable_decoding,bandit,bandit,history_summary,0.9503129982913994,0.9748782580866459
6,bandit,semantic_variable_decoding,bandit,bandit,current_evidence,0.5201555988141271,0.7405079858260358
6,bandit,semantic_variable_decoding,bandit,bandit,history_x_current_evidence,0.6972826465572244,0.837254256652101
6,foraging,semantic_variable_decoding,foraging,foraging,previous_semantic_choice,0.9999544469661019,0.9999772550351378
6,foraging,semantic_variable_decoding,foraging,foraging,previous_outcome,0.9944889130291387,0.9972493412948832
6,foraging,semantic_variable_decoding,foraging,foraging,choice_history_kernel,0.9998070582264498,0.9999051046686022
6,foraging,semantic_variable_decoding,foraging,foraging,outcome_history_kernel,0.9820792029575154,0.9910212724436892
6,foraging,semantic_variable_decoding,foraging,foraging,finite_history_prediction,0.9878604413541374,0.9939189880925349
6,foraging,semantic_variable_decoding,foraging,foraging,history_summary,0.9596058093127309,0.981423868037917
6,foraging,semantic_variable_decoding,foraging,foraging,current_evidence,0.9654359432025204,0.9830567501431179
6,foraging,semantic_variable_decoding,foraging,foraging,history_x_current_evidence,0.5356008451286125,0.7847210629947042
6,solvability,semantic_variable_decoding,solvability,solvability,previous_semantic_choice,0.9999405169819885,0.9999705589934443
6,solvability,semantic_variable_decoding,solvability,solvability,previous_outcome,0.9715459102214631,0.9860119559177886
6,solvability,semantic_variable_decoding,solvability,solvability,choice_history_kernel,0.9997488111213847,0.9998758655944737
6,solvability,semantic_variable_decoding,solvability,solvability,outcome_history_kernel,0.9562680072648782,0.9778957349648866
6,solvability,semantic_variable_decoding,solvability,solvability,finite_history_prediction,0.9569817919257493,0.9785684686699844
6,solvability,semantic_variable_decoding,solvability,solvability,history_summary,0.9783465548893713,0.9891520985531003
6,solvability,semantic_variable_decoding,solvability,solvability,current_evidence,0.9621539799711387,0.9810745402927975
6,solvability,semantic_variable_decoding,solvability,solvability,history_x_current_evidence,0.7375674606220313,0.8680021412075991
6,foraging,cross_task_readout,bandit,foraging,persistence_logit,-74.72215583897784,-0.5199783042759774
6,solvability,cross_task_readout,bandit,solvability,persistence_logit,-7.366833874148346,0.17431775577387382
6,bandit,cross_task_readout,foraging,bandit,persistence_logit,-301.9671985587848,-0.5490289382722648
6,solvability,cross_task_readout,foraging,solvability,persistence_logit,-13.982295966722479,-0.053014082133579186
6,bandit,cross_task_readout,solvability,bandit,persistence_logit,-37.28363400632392,-0.6892092187087372
6,foraging,cross_task_readout,solvability,foraging,persistence_logit,-39.07299510739811,0.7024026987032288
7,bandit,semantic_variable_decoding,bandit,bandit,previous_semantic_choice,0.9990889229072751,0.9995450010127517
7,bandit,semantic_variable_decoding,bandit,bandit,previous_outcome,0.9533949509388234,0.9765360886357659
7,bandit,semantic_variable_decoding,bandit,bandit,choice_history_kernel,0.9989947779753696,0.9994972727810019
7,bandit,semantic_variable_decoding,bandit,bandit,outcome_history_kernel,0.9078895324565958,0.9528545658711971
7,bandit,semantic_variable_decoding,bandit,bandit,finite_history_prediction,0.9161569733895241,0.9572670056646815
7,bandit,semantic_variable_decoding,bandit,bandit,history_summary,0.9389279383457201,0.9690560946852187
7,bandit,semantic_variable_decoding,bandit,bandit,current_evidence,0.5672155210012308,0.7697335249745788
7,bandit,semantic_variable_decoding,bandit,bandit,history_x_current_evidence,0.6634465273186321,0.8162407089512108
7,foraging,semantic_variable_decoding,foraging,foraging,previous_semantic_choice,0.9999749916200966,0.9999875247731659
7,foraging,semantic_variable_decoding,foraging,foraging,previous_outcome,0.9944370190050846,0.9972227051059365
7,foraging,semantic_variable_decoding,foraging,foraging,choice_history_kernel,0.9999062297702992,0.999953792465887
7,foraging,semantic_variable_decoding,foraging,foraging,outcome_history_kernel,0.9887472081036164,0.9943806318156904
7,foraging,semantic_variable_decoding,foraging,foraging,finite_history_prediction,0.9800476095951918,0.9899771787409012
7,foraging,semantic_variable_decoding,foraging,foraging,history_summary,0.9644943603928066,0.9829320293073159
7,foraging,semantic_variable_decoding,foraging,foraging,current_evidence,0.9957760966772107,0.9979399026805679
7,foraging,semantic_variable_decoding,foraging,foraging,history_x_current_evidence,0.6333955496836816,0.8160782310122113
7,solvability,semantic_variable_decoding,solvability,solvability,previous_semantic_choice,0.999940304638519,0.9999702910242997
7,solvability,semantic_variable_decoding,solvability,solvability,previous_outcome,0.9698193491801795,0.984863606909788
7,solvability,semantic_variable_decoding,solvability,solvability,choice_history_kernel,0.9998997127207573,0.9999498879635682
7,solvability,semantic_variable_decoding,solvability,solvability,outcome_history_kernel,0.9605037002253196,0.9800663133879401
7,solvability,semantic_variable_decoding,solvability,solvability,finite_history_prediction,0.953367140858792,0.9765869134799784
7,solvability,semantic_variable_decoding,solvability,solvability,history_summary,0.9797872255637071,0.9898790434680773
7,solvability,semantic_variable_decoding,solvability,solvability,current_evidence,0.9842045751780144,0.992097673045385
7,solvability,semantic_variable_decoding,solvability,solvability,history_x_current_evidence,0.7742322653547479,0.8869745734210895
7,foraging,cross_task_readout,bandit,foraging,persistence_logit,-17.89900377109632,-0.7141112762583762
7,solvability,cross_task_readout,bandit,solvability,persistence_logit,-10.509376353029856,0.1258223559690656
7,bandit,cross_task_readout,foraging,bandit,persistence_logit,-45.051445381737906,-0.46210222428726183
7,solvability,cross_task_readout,foraging,solvability,persistence_logit,-4.837978668389455,0.2847846812605429
7,bandit,cross_task_readout,solvability,bandit,persistence_logit,-24.604919218813347,0.32651417702850705
7,foraging,cross_task_readout,solvability,foraging,persistence_logit,-461.1492178700513,-0.6733392580212961
8,bandit,semantic_variable_decoding,bandit,bandit,previous_semantic_choice,0.9993326615653515,0.9996663430651629
8,bandit,semantic_variable_decoding,bandit,bandit,previous_outcome,0.9525740291336104,0.9760566289542165
8,bandit,semantic_variable_decoding,bandit,bandit,choice_history_kernel,0.9989169758729708,0.9994583794068477
8,bandit,semantic_variable_decoding,bandit,bandit,outcome_history_kernel,0.9002108135812981,0.9488257089533483
8,bandit,semantic_variable_decoding,bandit,bandit,finite_history_prediction,0.9152763232408867,0.9567351039183187
8,bandit,semantic_variable_decoding,bandit,bandit,history_summary,0.9425753851038775,0.970912588985722
8,bandit,semantic_variable_decoding,bandit,bandit,current_evidence,0.5206716340685922,0.7445486088610644
8,bandit,semantic_variable_decoding,bandit,bandit,history_x_current_evidence,0.6802099853240404,0.8254488245288853
8,foraging,semantic_variable_decoding,foraging,foraging,previous_semantic_choice,0.9999365558126854,0.9999686911853434
8,foraging,semantic_variable_decoding,foraging,foraging,previous_outcome,0.9946525495031475,0.9973510707511002
8,foraging,semantic_variable_decoding,foraging,foraging,choice_history_kernel,0.9997998857233588,0.9999025924980519
8,foraging,semantic_variable_decoding,foraging,foraging,outcome_history_kernel,0.9912066199037182,0.9956482502206766
8,foraging,semantic_variable_decoding,foraging,foraging,finite_history_prediction,0.9783603163119978,0.9892597371128979
8,foraging,semantic_variable_decoding,foraging,foraging,history_summary,0.9595478674673155,0.9801091539440342
8,foraging,semantic_variable_decoding,foraging,foraging,current_evidence,0.9907859063419754,0.9955126602662522
8,foraging,semantic_variable_decoding,foraging,foraging,history_x_current_evidence,0.7681680393699752,0.8798733357419842
8,solvability,semantic_variable_decoding,solvability,solvability,previous_semantic_choice,0.9999223067403098,0.9999611948362898
8,solvability,semantic_variable_decoding,solvability,solvability,previous_outcome,0.9786097575971198,0.9894003971244993
8,solvability,semantic_variable_decoding,solvability,solvability,choice_history_kernel,0.9998963817933292,0.9999512943097071
8,solvability,semantic_variable_decoding,solvability,solvability,outcome_history_kernel,0.9702141842021488,0.985051357684029
8,solvability,semantic_variable_decoding,solvability,solvability,finite_history_prediction,0.9627426576878425,0.9812069932258425
8,solvability,semantic_variable_decoding,solvability,solvability,history_summary,0.9830084875036124,0.9914856998595772
8,solvability,semantic_variable_decoding,solvability,solvability,current_evidence,0.9843872130908852,0.9921990157858533
8,solvability,semantic_variable_decoding,solvability,solvability,history_x_current_evidence,0.6468404658593032,0.8350762667443016
8,foraging,cross_task_readout,bandit,foraging,persistence_logit,-89.61987028562817,0.6568294917959593
8,solvability,cross_task_readout,bandit,solvability,persistence_logit,-3.2858646936329636,0.05452479097525879
8,bandit,cross_task_readout,foraging,bandit,persistence_logit,-49.98035804701343,-0.433588372502395
8,solvability,cross_task_readout,foraging,solvability,persistence_logit,-7.170879821597364,0.47886626221165496
8,bandit,cross_task_readout,solvability,bandit,persistence_logit,-84.06566260366243,0.7504524294515
8,foraging,cross_task_readout,solvability,foraging,persistence_logit,-76.90562415001902,0.8272989254163559
9,bandit,semantic_variable_decoding,bandit,bandit,previous_semantic_choice,0.9995014119541864,0.9997508697208256
9,bandit,semantic_variable_decoding,bandit,bandit,previous_outcome,0.9541780679365921,0.9768222802167625
9,bandit,semantic_variable_decoding,bandit,bandit,choice_history_kernel,0.9985897319903686,0.9992947530338626
9,bandit,semantic_variable_decoding,bandit,bandit,outcome_history_kernel,0.9213214481695845,0.9599696425309248
9,bandit,semantic_variable_decoding,bandit,bandit,finite_history_prediction,0.9302606420159617,0.9647056581180461
9,bandit,semantic_variable_decoding,bandit,bandit,history_summary,0.9462541725647317,0.972763050422863
9,bandit,semantic_variable_decoding,bandit,bandit,current_evidence,0.5423309202556572,0.7532360432102863
9,bandit,semantic_variable_decoding,bandit,bandit,history_x_current_evidence,0.7154614848090927,0.8471770810933529
9,foraging,semantic_variable_decoding,foraging,foraging,previous_semantic_choice,0.9999653483238443,0.999983419553928
9,foraging,semantic_variable_decoding,foraging,foraging,previous_outcome,0.9980673622928937,0.9990387216891685
9,foraging,semantic_variable_decoding,foraging,foraging,choice_history_kernel,0.9996992169227331,0.9998573739492276
9,foraging,semantic_variable_decoding,foraging,foraging,outcome_history_kernel,0.9895960993497067,0.994804181688044
9,foraging,semantic_variable_decoding,foraging,foraging,finite_history_prediction,0.9781130128914957,0.9892120913267024
9,foraging,semantic_variable_decoding,foraging,foraging,history_summary,0.9651030304463927,0.9831658689275758
9,foraging,semantic_variable_decoding,foraging,foraging,current_evidence,0.9930430257880041,0.9965605385751775
9,foraging,semantic_variable_decoding,foraging,foraging,history_x_current_evidence,0.8404132636482143,0.9170997565330076
9,solvability,semantic_variable_decoding,solvability,solvability,previous_semantic_choice,0.9999337721441351,0.9999669533130693
9,solvability,semantic_variable_decoding,solvability,solvability,previous_outcome,0.9877219811820981,0.9939899197535886
9,solvability,semantic_variable_decoding,solvability,solvability,choice_history_kernel,0.9998958087947886,0.9999480008987134
9,solvability,semantic_variable_decoding,solvability,solvability,outcome_history_kernel,0.9751414239994847,0.9877121259010331
9,solvability,semantic_variable_decoding,solvability,solvability,finite_history_prediction,0.9792770256955259,0.9895945255725985
9,solvability,semantic_variable_decoding,solvability,solvability,history_summary,0.9845990257091882,0.9923034860954819
9,solvability,semantic_variable_decoding,solvability,solvability,current_evidence,0.9853480727658086,0.9927261409903352
9,solvability,semantic_variable_decoding,solvability,solvability,history_x_current_evidence,0.7196860027108484,0.8638103594805351
9,foraging,cross_task_readout,bandit,foraging,persistence_logit,-13.600953877655988,0.8060969754971598
9,solvability,cross_task_readout,bandit,solvability,persistence_logit,-1.4101324110861269,-0.009518866371306228
9,bandit,cross_task_readout,foraging,bandit,persistence_logit,-23.217700164040952,0.4900908098397537
9,solvability,cross_task_readout,foraging,solvability,persistence_logit,-2.6229036633857863,0.6576634865031475
9,bandit,cross_task_readout,solvability,bandit,persistence_logit,-11.219616562495455,-0.6782104638290831
9,foraging,cross_task_readout,solvability,foraging,persistence_logit,-51.9859307921489,-0.40925495742649687
10,bandit,semantic_variable_decoding,bandit,bandit,previous_semantic_choice,0.9994511926731785,0.9997273203664969
10,bandit,semantic_variable_decoding,bandit,bandit,previous_outcome,0.9780568864792303,0.9889791009734121
10,bandit,semantic_variable_decoding,bandit,bandit,choice_history_kernel,0.9984410895534928,0.999228406729914
10,bandit,semantic_variable_decoding,bandit,bandit,outcome_history_kernel,0.920636364999804,0.9595592254929587
10,bandit,semantic_variable_decoding,bandit,bandit,finite_history_prediction,0.9388199454659275,0.9689339598548352
10,bandit,semantic_variable_decoding,bandit,bandit,history_summary,0.947701795654875,0.9735069148898066
10,bandit,semantic_variable_decoding,bandit,bandit,current_evidence,0.5573005005301754,0.7571761166047233
10,bandit,semantic_variable_decoding,bandit,bandit,history_x_current_evidence,0.7364360252393409,0.8584256946585753
10,foraging,semantic_variable_decoding,foraging,foraging,previous_semantic_choice,0.9999688606355156,0.9999844789217484
10,foraging,semantic_variable_decoding,foraging,foraging,previous_outcome,0.9987609530052409,0.999387774061335
10,foraging,semantic_variable_decoding,foraging,foraging,choice_history_kernel,0.9998088260935468,0.99990890767598
10,foraging,semantic_variable_decoding,foraging,foraging,outcome_history_kernel,0.9935432406960484,0.9967851225689787
10,foraging,semantic_variable_decoding,foraging,foraging,finite_history_prediction,0.9857137726326074,0.993054339499072
10,foraging,semantic_variable_decoding,foraging,foraging,history_summary,0.9608615512909114,0.9812431006073564
10,foraging,semantic_variable_decoding,foraging,foraging,current_evidence,0.9907809214162516,0.9954566495362094
10,foraging,semantic_variable_decoding,foraging,foraging,history_x_current_evidence,0.7895561418714039,0.8932971087360317
10,solvability,semantic_variable_decoding,solvability,solvability,previous_semantic_choice,0.9999357560040578,0.9999678864517694
10,solvability,semantic_variable_decoding,solvability,solvability,previous_outcome,0.9945452186067028,0.9972825228791656
10,solvability,semantic_variable_decoding,solvability,solvability,choice_history_kernel,0.9998765281490894,0.9999391088266032
10,solvability,semantic_variable_decoding,solvability,solvability,outcome_history_kernel,0.9843634597814441,0.9921710276496326
10,solvability,semantic_variable_decoding,solvability,solvability,finite_history_prediction,0.9833585666841193,0.9918327307847249
10,solvability,semantic_variable_decoding,solvability,solvability,history_summary,0.9887348510367102,0.9943583023018627
10,solvability,semantic_variable_decoding,solvability,solvability,current_evidence,0.9842226141540872,0.9921047857350707
10,solvability,semantic_variable_decoding,solvability,solvability,history_x_current_evidence,0.770404897493946,0.8811713391282725
10,foraging,cross_task_readout,bandit,foraging,persistence_logit,-16.013487602026355,0.8352590104155774
10,solvability,cross_task_readout,bandit,solvability,persistence_logit,-0.5176779290454441,0.0034671705602095167
10,bandit,cross_task_readout,foraging,bandit,persistence_logit,-10.535117047303189,0.23581087461972972
10,solvability,cross_task_readout,foraging,solvability,persistence_logit,-1.6484377415612013,-0.10738889943958874
10,bandit,cross_task_readout,solvability,bandit,persistence_logit,-50.81768004131099,0.3204860387329073
10,foraging,cross_task_readout,solvability,foraging,persistence_logit,-8.419485998200567,-0.004444041541843812
11,bandit,semantic_variable_decoding,bandit,bandit,previous_semantic_choice,0.9992319611891335,0.9996161580861155
11,bandit,semantic_variable_decoding,bandit,bandit,previous_outcome,0.9761185914391837,0.9880124617338201
11,bandit,semantic_variable_decoding,bandit,bandit,choice_history_kernel,0.9981112363893189,0.9990626093509959
11,bandit,semantic_variable_decoding,bandit,bandit,outcome_history_kernel,0.9004085634151947,0.9492566507518424
11,bandit,semantic_variable_decoding,bandit,bandit,finite_history_prediction,0.9310176010761088,0.9649821453122891
11,bandit,semantic_variable_decoding,bandit,bandit,history_summary,0.9408457453807175,0.970076698682028
11,bandit,semantic_variable_decoding,bandit,bandit,current_evidence,0.5523834860805783,0.7561892831192436
11,bandit,semantic_variable_decoding,bandit,bandit,history_x_current_evidence,0.7288297987057184,0.8540433169603242
11,foraging,semantic_variable_decoding,foraging,foraging,previous_semantic_choice,0.9999762656477348,0.9999882738788903
11,foraging,semantic_variable_decoding,foraging,foraging,previous_outcome,0.9990163213292098,0.9995091913389601
11,foraging,semantic_variable_decoding,foraging,foraging,choice_history_kernel,0.9998091404729911,0.9999076427669267
11,foraging,semantic_variable_decoding,foraging,foraging,outcome_history_kernel,0.9892776864616913,0.9946799109812244
11,foraging,semantic_variable_decoding,foraging,foraging,finite_history_prediction,0.9817501300294434,0.9909008769355746
11,foraging,semantic_variable_decoding,foraging,foraging,history_summary,0.958263619099983,0.980990965081811
11,foraging,semantic_variable_decoding,foraging,foraging,current_evidence,0.9879876245106131,0.9940582737954319
11,foraging,semantic_variable_decoding,foraging,foraging,history_x_current_evidence,0.5379087735300425,0.7764577778405639
11,solvability,semantic_variable_decoding,solvability,solvability,previous_semantic_choice,0.9999468257961744,0.9999737289411589
11,solvability,semantic_variable_decoding,solvability,solvability,previous_outcome,0.9918129640223081,0.9959433555813114
11,solvability,semantic_variable_decoding,solvability,solvability,choice_history_kernel,0.9998978049163231,0.999948952438027
11,solvability,semantic_variable_decoding,solvability,solvability,outcome_history_kernel,0.9808378947264238,0.990440378250432
11,solvability,semantic_variable_decoding,solvability,solvability,finite_history_prediction,0.9728164390636164,0.9864949545936091
11,solvability,semantic_variable_decoding,solvability,solvability,history_summary,0.9852079928437758,0.9925815532027179
11,solvability,semantic_variable_decoding,solvability,solvability,current_evidence,0.9849562442008677,0.9926249422284142
11,solvability,semantic_variable_decoding,solvability,solvability,history_x_current_evidence,0.8333535288072438,0.9132343063156533
11,foraging,cross_task_readout,bandit,foraging,persistence_logit,-3.7659621885279995,0.4281888815211648
11,solvability,cross_task_readout,bandit,solvability,persistence_logit,-1.3065896865371123,-0.17676110990390304
11,bandit,cross_task_readout,foraging,bandit,persistence_logit,-1.3518305179281218,0.3749862535807691
11,solvability,cross_task_readout,foraging,solvability,persistence_logit,-0.8605063956482728,-0.16473935197470238
11,bandit,cross_task_readout,solvability,bandit,persistence_logit,-185.62745300252385,0.41858461577803036
11,foraging,cross_task_readout,solvability,foraging,persistence_logit,-63.60160148031119,-0.733042514493518
12,bandit,semantic_variable_decoding,bandit,bandit,previous_semantic_choice,0.999195730294317,0.9995983408415398
12,bandit,semantic_variable_decoding,bandit,bandit,previous_outcome,0.9637820766313294,0.9818484363470956
12,bandit,semantic_variable_decoding,bandit,bandit,choice_history_kernel,0.9974492570012155,0.9987270561602581
12,bandit,semantic_variable_decoding,bandit,bandit,outcome_history_kernel,0.8662226681205423,0.9313704310591363
12,bandit,semantic_variable_decoding,bandit,bandit,finite_history_prediction,0.9216475612004982,0.9601154734975041
12,bandit,semantic_variable_decoding,bandit,bandit,history_summary,0.93647798960692,0.9678693052717717
12,bandit,semantic_variable_decoding,bandit,bandit,current_evidence,0.4800851899979508,0.7042313888125635
12,bandit,semantic_variable_decoding,bandit,bandit,history_x_current_evidence,0.6963704631869327,0.8347771150837183
12,foraging,semantic_variable_decoding,foraging,foraging,previous_semantic_choice,0.9999286646833576,0.9999643331224327
12,foraging,semantic_variable_decoding,foraging,foraging,previous_outcome,0.9971935213002746,0.9986064141910462
12,foraging,semantic_variable_decoding,foraging,foraging,choice_history_kernel,0.9997253412344609,0.9998700588114496
12,foraging,semantic_variable_decoding,foraging,foraging,outcome_history_kernel,0.9890426982902031,0.9945772770351841
12,foraging,semantic_variable_decoding,foraging,foraging,finite_history_prediction,0.9690881921848958,0.9848335191591139
12,foraging,semantic_variable_decoding,foraging,foraging,history_summary,0.9651139615943458,0.9833567642133676
12,foraging,semantic_variable_decoding,foraging,foraging,current_evidence,0.9922265943757972,0.9961355807393228
12,foraging,semantic_variable_decoding,foraging,foraging,history_x_current_evidence,0.7075156138617233,0.8513882489953596
12,solvability,semantic_variable_decoding,solvability,solvability,previous_semantic_choice,0.9999605520090594,0.9999803991884497
12,solvability,semantic_variable_decoding,solvability,solvability,previous_outcome,0.9928242259933681,0.9964147995694034
12,solvability,semantic_variable_decoding,solvability,solvability,choice_history_kernel,0.9998913350418129,0.9999458176755314
12,solvability,semantic_variable_decoding,solvability,solvability,outcome_history_kernel,0.978190835883076,0.9890432365904804
12,solvability,semantic_variable_decoding,solvability,solvability,finite_history_prediction,0.9776232528443913,0.9887629352521659
12,solvability,semantic_variable_decoding,solvability,solvability,history_summary,0.9839778885002213,0.9919665582053034
12,solvability,semantic_variable_decoding,solvability,solvability,current_evidence,0.9759691384863647,0.9880584784645295
12,solvability,semantic_variable_decoding,solvability,solvability,history_x_current_evidence,0.7558884045953532,0.8723298998449285
12,foraging,cross_task_readout,bandit,foraging,persistence_logit,-11.924217079124725,0.6810006585933409
12,solvability,cross_task_readout,bandit,solvability,persistence_logit,-0.655844755013369,-0.027713631047584866
12,bandit,cross_task_readout,foraging,bandit,persistence_logit,-50.918076063835564,-0.5026766002581098
12,solvability,cross_task_readout,foraging,solvability,persistence_logit,-0.9860503379754479,0.1257276036915098
12,bandit,cross_task_readout,solvability,bandit,persistence_logit,-9.99163781001039,0.5713956655024399
12,foraging,cross_task_readout,solvability,foraging,persistence_logit,-39.877723672005004,0.791505035920843
13,bandit,semantic_variable_decoding,bandit,bandit,previous_semantic_choice,0.9988039398559693,0.999411960276296
13,bandit,semantic_variable_decoding,bandit,bandit,previous_outcome,0.9476227564384971,0.9735910977499321
13,bandit,semantic_variable_decoding,bandit,bandit,choice_history_kernel,0.9976907537811509,0.9988456549591835
13,bandit,semantic_variable_decoding,bandit,bandit,outcome_history_kernel,0.8763397851881438,0.9365458058460066
13,bandit,semantic_variable_decoding,bandit,bandit,finite_history_prediction,0.9222622438666236,0.9604312201141594
13,bandit,semantic_variable_decoding,bandit,bandit,history_summary,0.9346479245365602,0.9668393346308622
13,bandit,semantic_variable_decoding,bandit,bandit,current_evidence,0.5508331272664563,0.7459996682799122
13,bandit,semantic_variable_decoding,bandit,bandit,history_x_current_evidence,0.6536960721335061,0.8087169547820942
13,foraging,semantic_variable_decoding,foraging,foraging,previous_semantic_choice,0.9999230370988393,0.9999618942930393
13,foraging,semantic_variable_decoding,foraging,foraging,previous_outcome,0.9977245899348708,0.9988729215260608
13,foraging,semantic_variable_decoding,foraging,foraging,choice_history_kernel,0.9995013801718458,0.9997522624401771
13,foraging,semantic_variable_decoding,foraging,foraging,outcome_history_kernel,0.9881528507191386,0.9941590042875519
13,foraging,semantic_variable_decoding,foraging,foraging,finite_history_prediction,0.9468701533533804,0.9735713682321216
13,foraging,semantic_variable_decoding,foraging,foraging,history_summary,0.9659338988186181,0.9828348007334855
13,foraging,semantic_variable_decoding,foraging,foraging,current_evidence,0.9894449256288119,0.9947351844672798
13,foraging,semantic_variable_decoding,foraging,foraging,history_x_current_evidence,0.769567450100118,0.8836408473498705
13,solvability,semantic_variable_decoding,solvability,solvability,previous_semantic_choice,0.9999090851197064,0.999954662578851
13,solvability,semantic_variable_decoding,solvability,solvability,previous_outcome,0.9954933902468913,0.9978308528203605
13,solvability,semantic_variable_decoding,solvability,solvability,choice_history_kernel,0.9998543997830863,0.9999277123609688
13,solvability,semantic_variable_decoding,solvability,solvability,outcome_history_kernel,0.9789864753448873,0.9895705283646452
13,solvability,semantic_variable_decoding,solvability,solvability,finite_history_prediction,0.9824848375128861,0.9913922445578991
13,solvability,semantic_variable_decoding,solvability,solvability,history_summary,0.9862923018233626,0.9931237650208453
13,solvability,semantic_variable_decoding,solvability,solvability,current_evidence,0.9882679101786933,0.9941502242022597
13,solvability,semantic_variable_decoding,solvability,solvability,history_x_current_evidence,0.7903209967601893,0.8942652627644319
13,foraging,cross_task_readout,bandit,foraging,persistence_logit,-21.680319413607595,0.6385650293161896
13,solvability,cross_task_readout,bandit,solvability,persistence_logit,0.5048072276830278,0.7147663611872953
13,bandit,cross_task_readout,foraging,bandit,persistence_logit,-6.39930557113843,0.5917314316770379
13,solvability,cross_task_readout,foraging,solvability,persistence_logit,-0.08763021752133482,0.28009864495976955
13,bandit,cross_task_readout,solvability,bandit,persistence_logit,-105.88975644800398,0.24370904486143213
13,foraging,cross_task_readout,solvability,foraging,persistence_logit,-34.95776011449565,-0.6807449578486745
14,bandit,semantic_variable_decoding,bandit,bandit,previous_semantic_choice,0.9982439031984438,0.9991218970520588
14,bandit,semantic_variable_decoding,bandit,bandit,previous_outcome,0.9515918735325494,0.9755546379432307
14,bandit,semantic_variable_decoding,bandit,bandit,choice_history_kernel,0.997649898006016,0.9988244350603277
14,bandit,semantic_variable_decoding,bandit,bandit,outcome_history_kernel,0.8783539867048926,0.9380298043750532
14,bandit,semantic_variable_decoding,bandit,bandit,finite_history_prediction,0.9234403791314248,0.9612648225141377
14,bandit,semantic_variable_decoding,bandit,bandit,history_summary,0.9312752097200923,0.9655922543653679
14,bandit,semantic_variable_decoding,bandit,bandit,current_evidence,0.48658595303247365,0.7089705340150539
14,bandit,semantic_variable_decoding,bandit,bandit,history_x_current_evidence,0.6554666844108088,0.8096470927526463
14,foraging,semantic_variable_decoding,foraging,foraging,previous_semantic_choice,0.9999157378977687,0.9999590103629884
14,foraging,semantic_variable_decoding,foraging,foraging,previous_outcome,0.9950214543366086,0.9975376917577886
14,foraging,semantic_variable_decoding,foraging,foraging,choice_history_kernel,0.9992699058000972,0.9996390450953485
14,foraging,semantic_variable_decoding,foraging,foraging,outcome_history_kernel,0.9841721827652821,0.9921822263235832
14,foraging,semantic_variable_decoding,foraging,foraging,finite_history_prediction,0.9787144972009371,0.9895107719099375
14,foraging,semantic_variable_decoding,foraging,foraging,history_summary,0.9536499360191995,0.977153040877849
14,foraging,semantic_variable_decoding,foraging,foraging,current_evidence,0.9886055087224976,0.9943074024663391
14,foraging,semantic_variable_decoding,foraging,foraging,history_x_current_evidence,0.8328478478127412,0.9208983349056674
14,solvability,semantic_variable_decoding,solvability,solvability,previous_semantic_choice,0.9998999205652962,0.999950032784094
14,solvability,semantic_variable_decoding,solvability,solvability,previous_outcome,0.995301380484621,0.9976915549260413
14,solvability,semantic_variable_decoding,solvability,solvability,choice_history_kernel,0.9998588149610371,0.999929514947996
14,solvability,semantic_variable_decoding,solvability,solvability,outcome_history_kernel,0.9785612394324563,0.9893523171409927
14,solvability,semantic_variable_decoding,solvability,solvability,finite_history_prediction,0.9864627225891662,0.9932751072074028
14,solvability,semantic_variable_decoding,solvability,solvability,history_summary,0.9857701444467025,0.9929341166110669
14,solvability,semantic_variable_decoding,solvability,solvability,current_evidence,0.9697787355349846,0.9849646680352556
14,solvability,semantic_variable_decoding,solvability,solvability,history_x_current_evidence,0.825388052233979,0.9103701383378341
14,foraging,cross_task_readout,bandit,foraging,persistence_logit,-15.356000388523544,0.031871416014530855
14,solvability,cross_task_readout,bandit,solvability,persistence_logit,0.4975976280220461,0.7209918999728345
14,bandit,cross_task_readout,foraging,bandit,persistence_logit,-26.303069696688404,0.4459934213287147
14,solvability,cross_task_readout,foraging,solvability,persistence_logit,-0.5876666254800587,-0.00846134614814374
14,bandit,cross_task_readout,solvability,bandit,persistence_logit,-19.207871462799698,-0.4768273259505447
14,foraging,cross_task_readout,solvability,foraging,persistence_logit,-9.035926578790322,-0.41092135217594083
15,bandit,semantic_variable_decoding,bandit,bandit,previous_semantic_choice,0.9985662613397179,0.9992843538564754
15,bandit,semantic_variable_decoding,bandit,bandit,previous_outcome,0.949094833359451,0.9746053077764965
15,bandit,semantic_variable_decoding,bandit,bandit,choice_history_kernel,0.9958776021733742,0.9979374506095415
15,bandit,semantic_variable_decoding,bandit,bandit,outcome_history_kernel,0.8754047751919142,0.9369777552425612
15,bandit,semantic_variable_decoding,bandit,bandit,finite_history_prediction,0.8859501748669782,0.9414201789714051
15,bandit,semantic_variable_decoding,bandit,bandit,history_summary,0.924499099806292,0.9620785241980017
15,bandit,semantic_variable_decoding,bandit,bandit,current_evidence,0.525450059655564,0.7382537329983266
15,bandit,semantic_variable_decoding,bandit,bandit,history_x_current_evidence,0.6566137422194425,0.8105474089107251
15,foraging,semantic_variable_decoding,foraging,foraging,previous_semantic_choice,0.99992923809419,0.9999654832074821
15,foraging,semantic_variable_decoding,foraging,foraging,previous_outcome,0.9939165042640067,0.9969690869301617
15,foraging,semantic_variable_decoding,foraging,foraging,choice_history_kernel,0.9992958358015946,0.9996576451649888
15,foraging,semantic_variable_decoding,foraging,foraging,outcome_history_kernel,0.9858806661972895,0.9930325103529861
15,foraging,semantic_variable_decoding,foraging,foraging,finite_history_prediction,0.9782546404830578,0.9892330350781956
15,foraging,semantic_variable_decoding,foraging,foraging,history_summary,0.9454902928842213,0.9725500909012985
15,foraging,semantic_variable_decoding,foraging,foraging,current_evidence,0.9932037230214871,0.9966187131660358
15,foraging,semantic_variable_decoding,foraging,foraging,history_x_current_evidence,0.8670252885930572,0.9317592563028676
15,solvability,semantic_variable_decoding,solvability,solvability,previous_semantic_choice,0.999890749621906,0.9999455212245966
15,solvability,semantic_variable_decoding,solvability,solvability,previous_outcome,0.9947367724388236,0.997474342894845
15,solvability,semantic_variable_decoding,solvability,solvability,choice_history_kernel,0.9997015421091934,0.9998524270598667
15,solvability,semantic_variable_decoding,solvability,solvability,outcome_history_kernel,0.9838993358453317,0.9919644963878934
15,solvability,semantic_variable_decoding,solvability,solvability,finite_history_prediction,0.9846589292703015,0.9923738436593925
15,solvability,semantic_variable_decoding,solvability,solvability,history_summary,0.984280814133251,0.9921329685193256
15,solvability,semantic_variable_decoding,solvability,solvability,current_evidence,0.9846167198754587,0.992455193951101
15,solvability,semantic_variable_decoding,solvability,solvability,history_x_current_evidence,0.7484530656241052,0.8745646450633889
15,foraging,cross_task_readout,bandit,foraging,persistence_logit,-19.04875634973725,0.7245103957241533
15,solvability,cross_task_readout,bandit,solvability,persistence_logit,-0.8515154169370838,0.7453043471545618
15,bandit,cross_task_readout,foraging,bandit,persistence_logit,-28.80032894176441,-0.20359158728238455
15,solvability,cross_task_readout,foraging,solvability,persistence_logit,-0.045079143757761564,0.36054352189503525
15,bandit,cross_task_readout,solvability,bandit,persistence_logit,-10.644825892110914,-0.37281691206871537
15,foraging,cross_task_readout,solvability,foraging,persistence_logit,-3.3595416329684014,0.7332770567240862
16,bandit,semantic_variable_decoding,bandit,bandit,previous_semantic_choice,0.9979813598285302,0.9989903266439741
16,bandit,semantic_variable_decoding,bandit,bandit,previous_outcome,0.9420612524767561,0.9720167005750915
16,bandit,semantic_variable_decoding,bandit,bandit,choice_history_kernel,0.995600409276585,0.9977998622474955
16,bandit,semantic_variable_decoding,bandit,bandit,outcome_history_kernel,0.8724852504629106,0.9350727193089439
16,bandit,semantic_variable_decoding,bandit,bandit,finite_history_prediction,0.9061684472401276,0.9531925586995409
16,bandit,semantic_variable_decoding,bandit,bandit,history_summary,0.9181266697778735,0.9584289445515484
16,bandit,semantic_variable_decoding,bandit,bandit,current_evidence,0.5312914409483397,0.7371228292617422
16,bandit,semantic_variable_decoding,bandit,bandit,history_x_current_evidence,0.6686747580541511,0.8180016478864098
16,foraging,semantic_variable_decoding,foraging,foraging,previous_semantic_choice,0.9999281936420178,0.9999657666339221
16,foraging,semantic_variable_decoding,foraging,foraging,previous_outcome,0.9987416578832886,0.9993710110166001
16,foraging,semantic_variable_decoding,foraging,foraging,choice_history_kernel,0.9989453716318938,0.9994955268883944
16,foraging,semantic_variable_decoding,foraging,foraging,outcome_history_kernel,0.98646964949025,0.9932494047824276
16,foraging,semantic_variable_decoding,foraging,foraging,finite_history_prediction,0.9743830781554685,0.9880762357420538
16,foraging,semantic_variable_decoding,foraging,foraging,history_summary,0.9611124734213164,0.980368681677037
16,foraging,semantic_variable_decoding,foraging,foraging,current_evidence,0.9846062028722692,0.9923133874317673
16,foraging,semantic_variable_decoding,foraging,foraging,history_x_current_evidence,0.7715147830937428,0.889414243697812
16,solvability,semantic_variable_decoding,solvability,solvability,previous_semantic_choice,0.999852506376902,0.999926566876061
16,solvability,semantic_variable_decoding,solvability,solvability,previous_outcome,0.9968232563525198,0.998417935571599
16,solvability,semantic_variable_decoding,solvability,solvability,choice_history_kernel,0.9996260559682093,0.9998159681688303
16,solvability,semantic_variable_decoding,solvability,solvability,outcome_history_kernel,0.9777830511054315,0.9888296086603758
16,solvability,semantic_variable_decoding,solvability,solvability,finite_history_prediction,0.9857675096995778,0.992903110054687
16,solvability,semantic_variable_decoding,solvability,solvability,history_summary,0.979337149989292,0.9896270935063669
16,solvability,semantic_variable_decoding,solvability,solvability,current_evidence,0.9840884381929831,0.9920677309361702
16,solvability,semantic_variable_decoding,solvability,solvability,history_x_current_evidence,0.7424827031479331,0.8649630895049956
16,foraging,cross_task_readout,bandit,foraging,persistence_logit,-8.831237403313477,0.8180686012856895
16,solvability,cross_task_readout,bandit,solvability,persistence_logit,-0.5869675089436215,0.4362536545986653
16,bandit,cross_task_readout,foraging,bandit,persistence_logit,-11.4017521537733,-0.12503880847839852
16,solvability,cross_task_readout,foraging,solvability,persistence_logit,0.0396309392067109,0.4439611653109858
16,bandit,cross_task_readout,solvability,bandit,persistence_logit,-1.1698389710328256,0.1440121127439923
16,foraging,cross_task_readout,solvability,foraging,persistence_logit,-5.643184604762415,0.6012269666221337
17,bandit,semantic_variable_decoding,bandit,bandit,previous_semantic_choice,0.9968954258840779,0.9984470952935609
17,bandit,semantic_variable_decoding,bandit,bandit,previous_outcome,0.9641248253964992,0.9820265952148763
17,bandit,semantic_variable_decoding,bandit,bandit,choice_history_kernel,0.9944709366699672,0.9972699609866261
17,bandit,semantic_variable_decoding,bandit,bandit,outcome_history_kernel,0.8668816581526442,0.9315473112892053
17,bandit,semantic_variable_decoding,bandit,bandit,finite_history_prediction,0.8930897473583644,0.9450663215285798
17,bandit,semantic_variable_decoding,bandit,bandit,history_summary,0.9156169851299708,0.9572698909835768
17,bandit,semantic_variable_decoding,bandit,bandit,current_evidence,0.4539901214423777,0.6833835527617513
17,bandit,semantic_variable_decoding,bandit,bandit,history_x_current_evidence,0.60682941222884,0.7789935842518667
17,foraging,semantic_variable_decoding,foraging,foraging,previous_semantic_choice,0.9997924630459573,0.9998988588546325
17,foraging,semantic_variable_decoding,foraging,foraging,previous_outcome,0.9960218390281211,0.9980265793987717
17,foraging,semantic_variable_decoding,foraging,foraging,choice_history_kernel,0.9984613305523606,0.9992313751925627
17,foraging,semantic_variable_decoding,foraging,foraging,outcome_history_kernel,0.9918596255873763,0.995980914774115
17,foraging,semantic_variable_decoding,foraging,foraging,finite_history_prediction,0.9862817867968627,0.9931549827540281
17,foraging,semantic_variable_decoding,foraging,foraging,history_summary,0.9349948235012293,0.9675986031918357
17,foraging,semantic_variable_decoding,foraging,foraging,current_evidence,0.9718395233256413,0.985986100420078
17,foraging,semantic_variable_decoding,foraging,foraging,history_x_current_evidence,0.3138300529128505,0.7201077732694872
17,solvability,semantic_variable_decoding,solvability,solvability,previous_semantic_choice,0.9995156149630935,0.9997596249287845
17,solvability,semantic_variable_decoding,solvability,solvability,previous_outcome,0.9911434511248152,0.9955940088872902
17,solvability,semantic_variable_decoding,solvability,solvability,choice_history_kernel,0.9993165234137432,0.9996591623590175
17,solvability,semantic_variable_decoding,solvability,solvability,outcome_history_kernel,0.9741293366432604,0.9870320402148756
17,solvability,semantic_variable_decoding,solvability,solvability,finite_history_prediction,0.9858898139176001,0.9929308812276623
17,solvability,semantic_variable_decoding,solvability,solvability,history_summary,0.9833364364795962,0.9917533953712453
17,solvability,semantic_variable_decoding,solvability,solvability,current_evidence,0.9693136092127856,0.9846384625081844
17,solvability,semantic_variable_decoding,solvability,solvability,history_x_current_evidence,0.787310100988389,0.8926239777823299
17,foraging,cross_task_readout,bandit,foraging,persistence_logit,-1.26481877292044,0.8133118119431788
17,solvability,cross_task_readout,bandit,solvability,persistence_logit,0.45325357263530186,0.8247935522842619
17,bandit,cross_task_readout,foraging,bandit,persistence_logit,-7.756862031688726,0.1091601216952443
17,solvability,cross_task_readout,foraging,solvability,persistence_logit,0.2848921194022417,0.5609499971522162
17,bandit,cross_task_readout,solvability,bandit,persistence_logit,-6.22227885281804,0.2609080254755679
17,foraging,cross_task_readout,solvability,foraging,persistence_logit,-0.8833440561853272,0.8057913974290432
18,bandit,semantic_variable_decoding,bandit,bandit,previous_semantic_choice,0.9954328987497124,0.9977138737094332
18,bandit,semantic_variable_decoding,bandit,bandit,previous_outcome,0.9675520733485,0.9836763474518935
18,bandit,semantic_variable_decoding,bandit,bandit,choice_history_kernel,0.9926604018369329,0.9963359397229656
18,bandit,semantic_variable_decoding,bandit,bandit,outcome_history_kernel,0.8906317905059121,0.9438973975721936
18,bandit,semantic_variable_decoding,bandit,bandit,finite_history_prediction,0.907125963859647,0.9527659577986637
18,bandit,semantic_variable_decoding,bandit,bandit,history_summary,0.9187946638230426,0.9586359323652386
18,bandit,semantic_variable_decoding,bandit,bandit,current_evidence,0.4241262618676582,0.6635393002939066
18,bandit,semantic_variable_decoding,bandit,bandit,history_x_current_evidence,0.6232762049696409,0.7895872976921633
18,foraging,semantic_variable_decoding,foraging,foraging,previous_semantic_choice,0.9997611889750317,0.9998837196138305
18,foraging,semantic_variable_decoding,foraging,foraging,previous_outcome,0.9966366212729197,0.9983257815282169
18,foraging,semantic_variable_decoding,foraging,foraging,choice_history_kernel,0.998387949715559,0.9992400899147295
18,foraging,semantic_variable_decoding,foraging,foraging,outcome_history_kernel,0.9885064227871636,0.9943016672517758
18,foraging,semantic_variable_decoding,foraging,foraging,finite_history_prediction,0.9775654901131117,0.9887218651351988
18,foraging,semantic_variable_decoding,foraging,foraging,history_summary,0.959442241722248,0.9795920373043198
18,foraging,semantic_variable_decoding,foraging,foraging,current_evidence,0.953070294252901,0.9767465285992923
18,foraging,semantic_variable_decoding,foraging,foraging,history_x_current_evidence,0.5018918375954884,0.7433545279721913
18,solvability,semantic_variable_decoding,solvability,solvability,previous_semantic_choice,0.9997034479510584,0.9998525289571965
18,solvability,semantic_variable_decoding,solvability,solvability,previous_outcome,0.9936078655030498,0.996815719589342
18,solvability,semantic_variable_decoding,solvability,solvability,choice_history_kernel,0.999315472419336,0.9996679455058785
18,solvability,semantic_variable_decoding,solvability,solvability,outcome_history_kernel,0.9799006003109032,0.9899209429514275
18,solvability,semantic_variable_decoding,solvability,solvability,finite_history_prediction,0.9862970804926905,0.9931786172454231
18,solvability,semantic_variable_decoding,solvability,solvability,history_summary,0.9873229304018242,0.9936947079821291
18,solvability,semantic_variable_decoding,solvability,solvability,current_evidence,0.9578766866506923,0.978977676601869
18,solvability,semantic_variable_decoding,solvability,solvability,history_x_current_evidence,0.7264933189587275,0.8667552968986622
18,foraging,cross_task_readout,bandit,foraging,persistence_logit,-1.995688912841962,0.8195070584026122
18,solvability,cross_task_readout,bandit,solvability,persistence_logit,0.31007071625244,0.7520817151526171
18,bandit,cross_task_readout,foraging,bandit,persistence_logit,-9.13522222527378,0.2623141289735332
18,solvability,cross_task_readout,foraging,solvability,persistence_logit,0.09700575160889202,0.37696599682902265
18,bandit,cross_task_readout,solvability,bandit,persistence_logit,-6.158624219926298,0.4910979559087723
18,foraging,cross_task_readout,solvability,foraging,persistence_logit,-0.04057736624307262,0.6348299349850822
19,bandit,semantic_variable_decoding,bandit,bandit,previous_semantic_choice,0.9966160446099113,0.9983187489537835
19,bandit,semantic_variable_decoding,bandit,bandit,previous_outcome,0.9493464689538985,0.9744905885094689
19,bandit,semantic_variable_decoding,bandit,bandit,choice_history_kernel,0.9937468399030437,0.996868651491384
19,bandit,semantic_variable_decoding,bandit,bandit,outcome_history_kernel,0.8739578726461715,0.9364371008212298
19,bandit,semantic_variable_decoding,bandit,bandit,finite_history_prediction,0.8847017961412481,0.9405926760671943
19,bandit,semantic_variable_decoding,bandit,bandit,history_summary,0.9173743839973586,0.958532217721651
19,bandit,semantic_variable_decoding,bandit,bandit,current_evidence,0.3904345476982727,0.6377695076459095
19,bandit,semantic_variable_decoding,bandit,bandit,history_x_current_evidence,0.625985891052334,0.7913410473233434
19,foraging,semantic_variable_decoding,foraging,foraging,previous_semantic_choice,0.9997966803968547,0.9998990646924052
19,foraging,semantic_variable_decoding,foraging,foraging,previous_outcome,0.9973095229635993,0.9986579586086064
19,foraging,semantic_variable_decoding,foraging,foraging,choice_history_kernel,0.9992353621534668,0.9996425611132315
19,foraging,semantic_variable_decoding,foraging,foraging,outcome_history_kernel,0.9924823958690567,0.9962508097836265
19,foraging,semantic_variable_decoding,foraging,foraging,finite_history_prediction,0.9780081897421413,0.9892538417150376
19,foraging,semantic_variable_decoding,foraging,foraging,history_summary,0.9261752959666004,0.9629121097729331
19,foraging,semantic_variable_decoding,foraging,foraging,current_evidence,0.98001957060025,0.9900152915312466
19,foraging,semantic_variable_decoding,foraging,foraging,history_x_current_evidence,0.7118679884358898,0.8488532026522286
19,solvability,semantic_variable_decoding,solvability,solvability,previous_semantic_choice,0.9997032025186902,0.9998535644396622
19,solvability,semantic_variable_decoding,solvability,solvability,previous_outcome,0.9911553395069671,0.9956262079635113
19,solvability,semantic_variable_decoding,solvability,solvability,choice_history_kernel,0.9994736237271841,0.9997406645633401
19,solvability,semantic_variable_decoding,solvability,solvability,outcome_history_kernel,0.9777409326660603,0.988865975532732
19,solvability,semantic_variable_decoding,solvability,solvability,finite_history_prediction,0.9604742873343812,0.9803793874276429
19,solvability,semantic_variable_decoding,solvability,solvability,history_summary,0.9892469351914985,0.9946759735332541
19,solvability,semantic_variable_decoding,solvability,solvability,current_evidence,0.9715903259522873,0.9860255891277003
19,solvability,semantic_variable_decoding,solvability,solvability,history_x_current_evidence,0.8025100027414664,0.9031530047670524
19,foraging,cross_task_readout,bandit,foraging,persistence_logit,-4.646016302430309,0.17250863090191854
19,solvability,cross_task_readout,bandit,solvability,persistence_logit,0.08651183648982452,0.9185069950265625
19,bandit,cross_task_readout,foraging,bandit,persistence_logit,-8.408327866775139,0.5945476713822128
19,solvability,cross_task_readout,foraging,solvability,persistence_logit,0.32801650544148986,0.5950697429567425
19,bandit,cross_task_readout,solvability,bandit,persistence_logit,-1.5415914224677918,0.4365389963931345
19,foraging,cross_task_readout,solvability,foraging,persistence_logit,-3.977915912614735,0.14180429224445
20,bandit,semantic_variable_decoding,bandit,bandit,previous_semantic_choice,0.995588422126015,0.9978141611698362
20,bandit,semantic_variable_decoding,bandit,bandit,previous_outcome,0.9482702000479634,0.9744512807286593
20,bandit,semantic_variable_decoding,bandit,bandit,choice_history_kernel,0.9948742003226413,0.9974374715027082
20,bandit,semantic_variable_decoding,bandit,bandit,outcome_history_kernel,0.8700862875414577,0.9339138478694825
20,bandit,semantic_variable_decoding,bandit,bandit,finite_history_prediction,0.8821837647776967,0.9392916372853453
20,bandit,semantic_variable_decoding,bandit,bandit,history_summary,0.9138441982081604,0.957274942415627
20,bandit,semantic_variable_decoding,bandit,bandit,current_evidence,0.26234017620936656,0.5578563505233066
20,bandit,semantic_variable_decoding,bandit,bandit,history_x_current_evidence,0.6009074863562547,0.77598050398078
20,foraging,semantic_variable_decoding,foraging,foraging,previous_semantic_choice,0.9998647696961078,0.9999325600736845
20,foraging,semantic_variable_decoding,foraging,foraging,previous_outcome,0.9952435566227579,0.9976221738848222
20,foraging,semantic_variable_decoding,foraging,foraging,choice_history_kernel,0.9982408492027555,0.9992025512499016
20,foraging,semantic_variable_decoding,foraging,foraging,outcome_history_kernel,0.9910332590650704,0.9955543877472288
20,foraging,semantic_variable_decoding,foraging,foraging,finite_history_prediction,0.9540479260347969,0.9768163311319343
20,foraging,semantic_variable_decoding,foraging,foraging,history_summary,0.9527519306888266,0.977578884215651
20,foraging,semantic_variable_decoding,foraging,foraging,current_evidence,0.9867526437842784,0.9933711167657197
20,foraging,semantic_variable_decoding,foraging,foraging,history_x_current_evidence,0.6906455558723732,0.839737008861191
20,solvability,semantic_variable_decoding,solvability,solvability,previous_semantic_choice,0.9995285912950292,0.9997651391962658
20,solvability,semantic_variable_decoding,solvability,solvability,previous_outcome,0.9916062096119416,0.9958980040102093
20,solvability,semantic_variable_decoding,solvability,solvability,choice_history_kernel,0.999524444308237,0.9997627653292264
20,solvability,semantic_variable_decoding,solvability,solvability,outcome_history_kernel,0.9824283959600916,0.9911755519372241
20,solvability,semantic_variable_decoding,solvability,solvability,finite_history_prediction,0.9770640799552903,0.9885299158457237
20,solvability,semantic_variable_decoding,solvability,solvability,history_summary,0.9822901783302921,0.9912346391135476
20,solvability,semantic_variable_decoding,solvability,solvability,current_evidence,0.9600318044805872,0.980647121690187
20,solvability,semantic_variable_decoding,solvability,solvability,history_x_current_evidence,0.7915832212471728,0.8984048852533773
20,foraging,cross_task_readout,bandit,foraging,persistence_logit,-5.233292373640651,0.09725034245245731
20,solvability,cross_task_readout,bandit,solvability,persistence_logit,0.16229560964440815,0.8408897896977661
20,bandit,cross_task_readout,foraging,bandit,persistence_logit,-1.8186162669805284,0.2707284538527636
20,solvability,cross_task_readout,foraging,solvability,persistence_logit,0.007555149041972187,0.3800357263708767
20,bandit,cross_task_readout,solvability,bandit,persistence_logit,-0.3428002864197588,0.2396779510777602
20,foraging,cross_task_readout,solvability,foraging,persistence_logit,0.09214238977867883,0.6023689853520866
21,bandit,semantic_variable_decoding,bandit,bandit,previous_semantic_choice,0.9958864786559655,0.9979424763431943
21,bandit,semantic_variable_decoding,bandit,bandit,previous_outcome,0.9473832429665466,0.9736014649384732
21,bandit,semantic_variable_decoding,bandit,bandit,choice_history_kernel,0.9935624844975723,0.996785056398736
21,bandit,semantic_variable_decoding,bandit,bandit,outcome_history_kernel,0.8798229493821825,0.9393611602367619
21,bandit,semantic_variable_decoding,bandit,bandit,finite_history_prediction,0.8837509654428979,0.9400963736655424
21,bandit,semantic_variable_decoding,bandit,bandit,history_summary,0.9198624027081924,0.960264774515658
21,bandit,semantic_variable_decoding,bandit,bandit,current_evidence,0.3170615488171755,0.6043342638350117
21,bandit,semantic_variable_decoding,bandit,bandit,history_x_current_evidence,0.6304481976544994,0.7941003060706716
21,foraging,semantic_variable_decoding,foraging,foraging,previous_semantic_choice,0.9997987368252019,0.9998995161521069
21,foraging,semantic_variable_decoding,foraging,foraging,previous_outcome,0.9947239401745922,0.9973837172237124
21,foraging,semantic_variable_decoding,foraging,foraging,choice_history_kernel,0.9983604509643925,0.9992253740445503
21,foraging,semantic_variable_decoding,foraging,foraging,outcome_history_kernel,0.9913000525872319,0.9956558892046905
21,foraging,semantic_variable_decoding,foraging,foraging,finite_history_prediction,0.9606344510567582,0.9801519923515222
21,foraging,semantic_variable_decoding,foraging,foraging,history_summary,0.9494794453977062,0.9749125331616114
21,foraging,semantic_variable_decoding,foraging,foraging,current_evidence,0.9798207124518592,0.989933331337278
21,foraging,semantic_variable_decoding,foraging,foraging,history_x_current_evidence,0.6777771289469823,0.8292908571691128
21,solvability,semantic_variable_decoding,solvability,solvability,previous_semantic_choice,0.9996968191572617,0.9998533856419365
21,solvability,semantic_variable_decoding,solvability,solvability,previous_outcome,0.9917082174167243,0.995918820308015
21,solvability,semantic_variable_decoding,solvability,solvability,choice_history_kernel,0.9992327741623979,0.9996172252487181
21,solvability,semantic_variable_decoding,solvability,solvability,outcome_history_kernel,0.9837302369707173,0.9918451605744546
21,solvability,semantic_variable_decoding,solvability,solvability,finite_history_prediction,0.9760194798601487,0.9881401022425423
21,solvability,semantic_variable_decoding,solvability,solvability,history_summary,0.9850653062173601,0.9927286423522996
21,solvability,semantic_variable_decoding,solvability,solvability,current_evidence,0.9652273638362412,0.9826542529784813
21,solvability,semantic_variable_decoding,solvability,solvability,history_x_current_evidence,0.7945928455390192,0.9006840550193137
21,foraging,cross_task_readout,bandit,foraging,persistence_logit,-7.190265274326883,0.5186337627725133
21,solvability,cross_task_readout,bandit,solvability,persistence_logit,0.06577166510405408,0.8828268762691267
21,bandit,cross_task_readout,foraging,bandit,persistence_logit,-1.6704328079728001,0.7074923665298601
21,solvability,cross_task_readout,foraging,solvability,persistence_logit,0.3231376096222798,0.6668052663048373
21,bandit,cross_task_readout,solvability,bandit,persistence_logit,-0.48422090518377425,0.7296903603316695
21,foraging,cross_task_readout,solvability,foraging,persistence_logit,-0.34036792670845295,0.785738695180916
22,bandit,semantic_variable_decoding,bandit,bandit,previous_semantic_choice,0.9964465459802561,0.9982276850918103
22,bandit,semantic_variable_decoding,bandit,bandit,previous_outcome,0.948210890572029,0.9739545728391887
22,bandit,semantic_variable_decoding,bandit,bandit,choice_history_kernel,0.9924505630422357,0.9962517280485474
22,bandit,semantic_variable_decoding,bandit,bandit,outcome_history_kernel,0.8791300985240091,0.9384063400342749
22,bandit,semantic_variable_decoding,bandit,bandit,finite_history_prediction,0.8769506862893756,0.9365088804192016
22,bandit,semantic_variable_decoding,bandit,bandit,history_summary,0.9188607881917287,0.9589878886730635
22,bandit,semantic_variable_decoding,bandit,bandit,current_evidence,0.41950588301768765,0.666784799420252
22,bandit,semantic_variable_decoding,bandit,bandit,history_x_current_evidence,0.6212624209366111,0.7896956147318067
22,foraging,semantic_variable_decoding,foraging,foraging,previous_semantic_choice,0.9997939708547637,0.9998969965306789
22,foraging,semantic_variable_decoding,foraging,foraging,previous_outcome,0.9968697441972038,0.9984416938832081
22,foraging,semantic_variable_decoding,foraging,foraging,choice_history_kernel,0.9991680405533532,0.9995872598584061
22,foraging,semantic_variable_decoding,foraging,foraging,outcome_history_kernel,0.9945312186133134,0.9972750090958392
22,foraging,semantic_variable_decoding,foraging,foraging,finite_history_prediction,0.9685076215420961,0.9841552410783184
22,foraging,semantic_variable_decoding,foraging,foraging,history_summary,0.9509140053572338,0.975183232208384
22,foraging,semantic_variable_decoding,foraging,foraging,current_evidence,0.9787045055570934,0.9893434705094822
22,foraging,semantic_variable_decoding,foraging,foraging,history_x_current_evidence,0.6975515180143919,0.8453455182148449
22,solvability,semantic_variable_decoding,solvability,solvability,previous_semantic_choice,0.9996211791287941,0.9998173689951455
22,solvability,semantic_variable_decoding,solvability,solvability,previous_outcome,0.9943439891687601,0.997267286722411
22,solvability,semantic_variable_decoding,solvability,solvability,choice_history_kernel,0.9994115309902457,0.9997082760254814
22,solvability,semantic_variable_decoding,solvability,solvability,outcome_history_kernel,0.9804378692924054,0.9902153119805744
22,solvability,semantic_variable_decoding,solvability,solvability,finite_history_prediction,0.9847684093682292,0.9924043527255048
22,solvability,semantic_variable_decoding,solvability,solvability,history_summary,0.9829411838103445,0.9916877538018444
22,solvability,semantic_variable_decoding,solvability,solvability,current_evidence,0.9603330286394798,0.9804276616984574
22,solvability,semantic_variable_decoding,solvability,solvability,history_x_current_evidence,0.813569640628719,0.907454609954899
22,foraging,cross_task_readout,bandit,foraging,persistence_logit,-8.115149507852093,0.6337306476870308
22,solvability,cross_task_readout,bandit,solvability,persistence_logit,0.032771246811484356,0.8337352400931812
22,bandit,cross_task_readout,foraging,bandit,persistence_logit,-2.9912198351199835,0.31245053095235975
22,solvability,cross_task_readout,foraging,solvability,persistence_logit,0.029411170153733734,0.3610744157895502
22,bandit,cross_task_readout,solvability,bandit,persistence_logit,-2.1929260430313517,-0.15758717317267698
22,foraging,cross_task_readout,solvability,foraging,persistence_logit,-0.028921162787536314,0.7593007670829425
23,bandit,semantic_variable_decoding,bandit,bandit,previous_semantic_choice,0.9966563332153104,0.9983681600220055
23,bandit,semantic_variable_decoding,bandit,bandit,previous_outcome,0.9476026055983495,0.9735379761048509
23,bandit,semantic_variable_decoding,bandit,bandit,choice_history_kernel,0.9935517578438482,0.9967740830248877
23,bandit,semantic_variable_decoding,bandit,bandit,outcome_history_kernel,0.8732651171393045,0.936263108934134
23,bandit,semantic_variable_decoding,bandit,bandit,finite_history_prediction,0.8850017159038209,0.9407933539241603
23,bandit,semantic_variable_decoding,bandit,bandit,history_summary,0.9145650867298494,0.9573165521296189
23,bandit,semantic_variable_decoding,bandit,bandit,current_evidence,0.45847744039377436,0.6901763068219983
23,bandit,semantic_variable_decoding,bandit,bandit,history_x_current_evidence,0.6151409342125047,0.7853004337903647
23,foraging,semantic_variable_decoding,foraging,foraging,previous_semantic_choice,0.9998372257652771,0.9999192081145083
23,foraging,semantic_variable_decoding,foraging,foraging,previous_outcome,0.9976605795899856,0.9988362298620229
23,foraging,semantic_variable_decoding,foraging,foraging,choice_history_kernel,0.9974317640212447,0.9987915771626855
23,foraging,semantic_variable_decoding,foraging,foraging,outcome_history_kernel,0.9950476961095643,0.9975371660510688
23,foraging,semantic_variable_decoding,foraging,foraging,finite_history_prediction,0.9750605043394338,0.987466707853002
23,foraging,semantic_variable_decoding,foraging,foraging,history_summary,0.9493634256554108,0.9747451442307153
23,foraging,semantic_variable_decoding,foraging,foraging,current_evidence,0.9671703967082854,0.9838193997008662
23,foraging,semantic_variable_decoding,foraging,foraging,history_x_current_evidence,0.6004701200646957,0.8003902928777418
23,solvability,semantic_variable_decoding,solvability,solvability,previous_semantic_choice,0.9997236621807691,0.9998621587550044
23,solvability,semantic_variable_decoding,solvability,solvability,previous_outcome,0.9940748549748984,0.9970353233624624
23,solvability,semantic_variable_decoding,solvability,solvability,choice_history_kernel,0.9992012038649598,0.9996011597224862
23,solvability,semantic_variable_decoding,solvability,solvability,outcome_history_kernel,0.9785332244384836,0.9893324671272802
23,solvability,semantic_variable_decoding,solvability,solvability,finite_history_prediction,0.9765715793480904,0.9883630068100129
23,solvability,semantic_variable_decoding,solvability,solvability,history_summary,0.9859555116895355,0.9930526605394921
23,solvability,semantic_variable_decoding,solvability,solvability,current_evidence,0.9606036146248461,0.9801969500763794
23,solvability,semantic_variable_decoding,solvability,solvability,history_x_current_evidence,0.8027867943886617,0.900681154915977
23,foraging,cross_task_readout,bandit,foraging,persistence_logit,-9.01041540151813,-0.2793264151576857
23,solvability,cross_task_readout,bandit,solvability,persistence_logit,0.35926900077872925,0.7829066420327351
23,bandit,cross_task_readout,foraging,bandit,persistence_logit,-9.311613684748158,0.04469579015480694
23,solvability,cross_task_readout,foraging,solvability,persistence_logit,0.11814856938533536,0.4792462249234217
23,bandit,cross_task_readout,solvability,bandit,persistence_logit,-5.934016204175145,-0.2048992864699956
23,foraging,cross_task_readout,solvability,foraging,persistence_logit,-0.744076472310492,0.9396071288791333
24,bandit,semantic_variable_decoding,bandit,bandit,previous_semantic_choice,0.9967153559946315,0.9983950873586204
24,bandit,semantic_variable_decoding,bandit,bandit,previous_outcome,0.9496594043231806,0.9745898166895914
24,bandit,semantic_variable_decoding,bandit,bandit,choice_history_kernel,0.9931686363482565,0.9965850991168328
24,bandit,semantic_variable_decoding,bandit,bandit,outcome_history_kernel,0.8770111347094041,0.9379942342338036
24,bandit,semantic_variable_decoding,bandit,bandit,finite_history_prediction,0.8756907930462714,0.9358543816280884
24,bandit,semantic_variable_decoding,bandit,bandit,history_summary,0.9136964802727497,0.9572838823450074
24,bandit,semantic_variable_decoding,bandit,bandit,current_evidence,0.41356589906944574,0.6560622465385298
24,bandit,semantic_variable_decoding,bandit,bandit,history_x_current_evidence,0.6304113532332818,0.7952710854959182
24,foraging,semantic_variable_decoding,foraging,foraging,previous_semantic_choice,0.9998157029820421,0.9999092018113566
24,foraging,semantic_variable_decoding,foraging,foraging,previous_outcome,0.9914763118332172,0.9957648312203903
24,foraging,semantic_variable_decoding,foraging,foraging,choice_history_kernel,0.9972649540055474,0.9987861637684519
24,foraging,semantic_variable_decoding,foraging,foraging,outcome_history_kernel,0.9916352125911843,0.9958809264324322
24,foraging,semantic_variable_decoding,foraging,foraging,finite_history_prediction,0.9754823955619126,0.9876739558765012
24,foraging,semantic_variable_decoding,foraging,foraging,history_summary,0.9371619491568153,0.9697252258551745
24,foraging,semantic_variable_decoding,foraging,foraging,current_evidence,0.9774031426870227,0.9890624037315104
24,foraging,semantic_variable_decoding,foraging,foraging,history_x_current_evidence,0.7674292650125785,0.8793833317363636
24,solvability,semantic_variable_decoding,solvability,solvability,previous_semantic_choice,0.9997268913247069,0.9998644888017524
24,solvability,semantic_variable_decoding,solvability,solvability,previous_outcome,0.9950634489254334,0.9975306468656322
24,solvability,semantic_variable_decoding,solvability,solvability,choice_history_kernel,0.9994018423764638,0.9997088787666387
24,solvability,semantic_variable_decoding,solvability,solvability,outcome_history_kernel,0.9813667976525285,0.9907090480398667
24,solvability,semantic_variable_decoding,solvability,solvability,finite_history_prediction,0.9782298045994818,0.9891595271944642
24,solvability,semantic_variable_decoding,solvability,solvability,history_summary,0.9871724502406294,0.9936241138902902
24,solvability,semantic_variable_decoding,solvability,solvability,current_evidence,0.9450020370704723,0.9723027209620689
24,solvability,semantic_variable_decoding,solvability,solvability,history_x_current_evidence,0.729082230046642,0.8655863807045887
24,foraging,cross_task_readout,bandit,foraging,persistence_logit,-4.380350076475529,0.0584246021718467
24,solvability,cross_task_readout,bandit,solvability,persistence_logit,0.5291775674862347,0.8806964091372267
24,bandit,cross_task_readout,foraging,bandit,persistence_logit,-2.700645964243011,0.170389407916665
24,solvability,cross_task_readout,foraging,solvability,persistence_logit,0.14398745604872343,0.6242550865573091
24,bandit,cross_task_readout,solvability,bandit,persistence_logit,-9.52442623318911,0.25159453900737494
24,foraging,cross_task_readout,solvability,foraging,persistence_logit,0.223608100863682,0.6356212366629295
25,bandit,semantic_variable_decoding,bandit,bandit,previous_semantic_choice,0.9964147270345203,0.9982459777350129
25,bandit,semantic_variable_decoding,bandit,bandit,previous_outcome,0.9516425529825566,0.9758337274851334
25,bandit,semantic_variable_decoding,bandit,bandit,choice_history_kernel,0.9930979456470905,0.996550460356909
25,bandit,semantic_variable_decoding,bandit,bandit,outcome_history_kernel,0.8860473466478485,0.9431626016448608
25,bandit,semantic_variable_decoding,bandit,bandit,finite_history_prediction,0.8776834654563312,0.9369703524293115
25,bandit,semantic_variable_decoding,bandit,bandit,history_summary,0.9191615400911657,0.9599367597864297
25,bandit,semantic_variable_decoding,bandit,bandit,current_evidence,0.44814169315108476,0.6755027316102094
25,bandit,semantic_variable_decoding,bandit,bandit,history_x_current_evidence,0.6160256908779995,0.7873106928161917
25,foraging,semantic_variable_decoding,foraging,foraging,previous_semantic_choice,0.9998642844647071,0.9999322354039177
25,foraging,semantic_variable_decoding,foraging,foraging,previous_outcome,0.9929281857146888,0.9964599646532756
25,foraging,semantic_variable_decoding,foraging,foraging,choice_history_kernel,0.9990311458803884,0.9995306575039524
25,foraging,semantic_variable_decoding,foraging,foraging,outcome_history_kernel,0.9942937132757012,0.9971509737132055
25,foraging,semantic_variable_decoding,foraging,foraging,finite_history_prediction,0.9669944270559392,0.9834484176808116
25,foraging,semantic_variable_decoding,foraging,foraging,history_summary,0.9449152210087092,0.9728435995825032
25,foraging,semantic_variable_decoding,foraging,foraging,current_evidence,0.972931481053604,0.9866914732664196
25,foraging,semantic_variable_decoding,foraging,foraging,history_x_current_evidence,0.6851245303600862,0.8345678303783437
25,solvability,semantic_variable_decoding,solvability,solvability,previous_semantic_choice,0.9997793393664215,0.9998897949024671
25,solvability,semantic_variable_decoding,solvability,solvability,previous_outcome,0.9950287361373761,0.9975562745063177
25,solvability,semantic_variable_decoding,solvability,solvability,choice_history_kernel,0.9993260497361829,0.9996665659079711
25,solvability,semantic_variable_decoding,solvability,solvability,outcome_history_kernel,0.9824458167203741,0.9912302383532987
25,solvability,semantic_variable_decoding,solvability,solvability,finite_history_prediction,0.9736266906121634,0.9867928402321039
25,solvability,semantic_variable_decoding,solvability,solvability,history_summary,0.9842449869443303,0.9921774486105744
25,solvability,semantic_variable_decoding,solvability,solvability,current_evidence,0.9581892276087394,0.979174104046717
25,solvability,semantic_variable_decoding,solvability,solvability,history_x_current_evidence,0.7548877635497979,0.8784146466268237
25,foraging,cross_task_readout,bandit,foraging,persistence_logit,-3.504869289642106,0.57528367654024
25,solvability,cross_task_readout,bandit,solvability,persistence_logit,0.43467191922256354,0.8968582322464921
25,bandit,cross_task_readout,foraging,bandit,persistence_logit,-1.282765881034595,0.4947732227979279
25,solvability,cross_task_readout,foraging,solvability,persistence_logit,0.12491305515856044,0.5883983202762003
25,bandit,cross_task_readout,solvability,bandit,persistence_logit,-8.73573564485928,-0.0137613967783034
25,foraging,cross_task_readout,solvability,foraging,persistence_logit,0.11962097160851592,0.811875541648274
26,bandit,semantic_variable_decoding,bandit,bandit,previous_semantic_choice,0.996232724397898,0.9981503601549673
26,bandit,semantic_variable_decoding,bandit,bandit,previous_outcome,0.9466474373946739,0.9730078030550464
26,bandit,semantic_variable_decoding,bandit,bandit,choice_history_kernel,0.9921546882752825,0.996099127544524
26,bandit,semantic_variable_decoding,bandit,bandit,outcome_history_kernel,0.8898097102666591,0.9450960268440063
26,bandit,semantic_variable_decoding,bandit,bandit,finite_history_prediction,0.8743736678738726,0.935355017485013
26,bandit,semantic_variable_decoding,bandit,bandit,history_summary,0.9186339917049718,0.9594574342734136
26,bandit,semantic_variable_decoding,bandit,bandit,current_evidence,0.44741681953417867,0.6740375979284915
26,bandit,semantic_variable_decoding,bandit,bandit,history_x_current_evidence,0.592457608471946,0.7718551931271128
26,foraging,semantic_variable_decoding,foraging,foraging,previous_semantic_choice,0.999916460217343,0.9999582689108342
26,foraging,semantic_variable_decoding,foraging,foraging,previous_outcome,0.9953339736512435,0.9976893292923319
26,foraging,semantic_variable_decoding,foraging,foraging,choice_history_kernel,0.9988969701651872,0.9994643067790623
26,foraging,semantic_variable_decoding,foraging,foraging,outcome_history_kernel,0.9931828533238892,0.9965940304847183
26,foraging,semantic_variable_decoding,foraging,foraging,finite_history_prediction,0.9774971584583798,0.988822362877007
26,foraging,semantic_variable_decoding,foraging,foraging,history_summary,0.9409781172304982,0.9711282850225909
26,foraging,semantic_variable_decoding,foraging,foraging,current_evidence,0.9677325109718438,0.9842207247725087
26,foraging,semantic_variable_decoding,foraging,foraging,history_x_current_evidence,0.5087067791102291,0.7616199167297355
26,solvability,semantic_variable_decoding,solvability,solvability,previous_semantic_choice,0.9997084606754952,0.9998545341243781
26,solvability,semantic_variable_decoding,solvability,solvability,previous_outcome,0.9941218002723106,0.9970699872131664
26,solvability,semantic_variable_decoding,solvability,solvability,choice_history_kernel,0.9990170630849754,0.9995112179261731
26,solvability,semantic_variable_decoding,solvability,solvability,outcome_history_kernel,0.9815321606703017,0.9908820537572424
26,solvability,semantic_variable_decoding,solvability,solvability,finite_history_prediction,0.9761151752803368,0.9879872919125432
26,solvability,semantic_variable_decoding,solvability,solvability,history_summary,0.9779811794878536,0.9891934412081639
26,solvability,semantic_variable_decoding,solvability,solvability,current_evidence,0.9690582876626619,0.9845530525703587
26,solvability,semantic_variable_decoding,solvability,solvability,history_x_current_evidence,0.7460287018368339,0.8708005852235334
26,foraging,cross_task_readout,bandit,foraging,persistence_logit,-2.8626507402189194,0.9011894999969697
26,solvability,cross_task_readout,bandit,solvability,persistence_logit,0.2967270335714006,0.8624568403695464
26,bandit,cross_task_readout,foraging,bandit,persistence_logit,-0.16130280390911755,0.31253602794973995
26,solvability,cross_task_readout,foraging,solvability,persistence_logit,-0.06295513586877743,0.39558199177191306
26,bandit,cross_task_readout,solvability,bandit,persistence_logit,-0.1330696674425118,0.40492992287392615
26,foraging,cross_task_readout,solvability,foraging,persistence_logit,-5.406093375889425,0.6967822733437681
27,bandit,semantic_variable_decoding,bandit,bandit,previous_semantic_choice,0.9964080649918712,0.9982043593992694
27,bandit,semantic_variable_decoding,bandit,bandit,previous_outcome,0.9447159398458185,0.9721102612085016
27,bandit,semantic_variable_decoding,bandit,bandit,choice_history_kernel,0.9913984227305165,0.995719255608177
27,bandit,semantic_variable_decoding,bandit,bandit,outcome_history_kernel,0.886839620291901,0.9431152149879826
27,bandit,semantic_variable_decoding,bandit,bandit,finite_history_prediction,0.8736927782272292,0.9347247772439577
27,bandit,semantic_variable_decoding,bandit,bandit,history_summary,0.9123692800916183,0.9567292985022287
27,bandit,semantic_variable_decoding,bandit,bandit,current_evidence,0.344470782886228,0.608336251786627
27,bandit,semantic_variable_decoding,bandit,bandit,history_x_current_evidence,0.5883223562571875,0.769713240392807
27,foraging,semantic_variable_decoding,foraging,foraging,previous_semantic_choice,0.9999015993665759,0.9999509285316986
27,foraging,semantic_variable_decoding,foraging,foraging,previous_outcome,0.993152249510817,0.9965816364399982
27,foraging,semantic_variable_decoding,foraging,foraging,choice_history_kernel,0.9992637360823878,0.9996402473109932
27,foraging,semantic_variable_decoding,foraging,foraging,outcome_history_kernel,0.9918125268421489,0.9959153478393538
27,foraging,semantic_variable_decoding,foraging,foraging,finite_history_prediction,0.9834754584523351,0.9917928964339306
27,foraging,semantic_variable_decoding,foraging,foraging,history_summary,0.9557718339936238,0.978037688061874
27,foraging,semantic_variable_decoding,foraging,foraging,current_evidence,0.9723171863607385,0.9862908109313074
27,foraging,semantic_variable_decoding,foraging,foraging,history_x_current_evidence,0.707587536654585,0.8475752237681544
27,solvability,semantic_variable_decoding,solvability,solvability,previous_semantic_choice,0.9997403092753578,0.9998743938167846
27,solvability,semantic_variable_decoding,solvability,solvability,previous_outcome,0.9935628357606209,0.996831774377027
27,solvability,semantic_variable_decoding,solvability,solvability,choice_history_kernel,0.9991073765859521,0.9995538071512476
27,solvability,semantic_variable_decoding,solvability,solvability,outcome_history_kernel,0.976240931365504,0.9882798221621542
27,solvability,semantic_variable_decoding,solvability,solvability,finite_history_prediction,0.9776626627254028,0.9887843255525546
27,solvability,semantic_variable_decoding,solvability,solvability,history_summary,0.9807985985451614,0.9904189740938812
27,solvability,semantic_variable_decoding,solvability,solvability,current_evidence,0.9712666544817157,0.9857732454841106
27,solvability,semantic_variable_decoding,solvability,solvability,history_x_current_evidence,0.7351347811616564,0.8674140087288773
27,foraging,cross_task_readout,bandit,foraging,persistence_logit,-12.543066860706611,0.3842903136422555
27,solvability,cross_task_readout,bandit,solvability,persistence_logit,-0.9585683502298432,0.7687605189351561
27,bandit,cross_task_readout,foraging,bandit,persistence_logit,-0.10352360969421404,0.619430154396371
27,solvability,cross_task_readout,foraging,solvability,persistence_logit,-0.075878484647943,0.4491982659018165
27,bandit,cross_task_readout,solvability,bandit,persistence_logit,-0.7677368560494489,0.3489920718791473
27,foraging,cross_task_readout,solvability,foraging,persistence_logit,-14.95639362518554,0.851756643483182
28,bandit,semantic_variable_decoding,bandit,bandit,previous_semantic_choice,0.9953191850219417,0.9976612977773205
28,bandit,semantic_variable_decoding,bandit,bandit,previous_outcome,0.9404016559866569,0.9701331441888207
28,bandit,semantic_variable_decoding,bandit,bandit,choice_history_kernel,0.9913161353827239,0.9956533837830277
28,bandit,semantic_variable_decoding,bandit,bandit,outcome_history_kernel,0.8364357971823567,0.9193315913247341
28,bandit,semantic_variable_decoding,bandit,bandit,finite_history_prediction,0.8554351442488144,0.9249447143988225
28,bandit,semantic_variable_decoding,bandit,bandit,history_summary,0.8936972463317812,0.9477061444406571
28,bandit,semantic_variable_decoding,bandit,bandit,current_evidence,0.3781849916021577,0.636486406994981
28,bandit,semantic_variable_decoding,bandit,bandit,history_x_current_evidence,0.59059944732222,0.7729173572747978
28,foraging,semantic_variable_decoding,foraging,foraging,previous_semantic_choice,0.99979147716114,0.9998996305955078
28,foraging,semantic_variable_decoding,foraging,foraging,previous_outcome,0.9904681402215565,0.9952523495681282
28,foraging,semantic_variable_decoding,foraging,foraging,choice_history_kernel,0.9982888861643673,0.9991441087372724
28,foraging,semantic_variable_decoding,foraging,foraging,outcome_history_kernel,0.9848948100746454,0.9924659216320856
28,foraging,semantic_variable_decoding,foraging,foraging,finite_history_prediction,0.9676247070476585,0.9838571231905503
28,foraging,semantic_variable_decoding,foraging,foraging,history_summary,0.8694313340917577,0.9347324826011968
28,foraging,semantic_variable_decoding,foraging,foraging,current_evidence,0.9626097102391267,0.9816336339818658
28,foraging,semantic_variable_decoding,foraging,foraging,history_x_current_evidence,0.7634335966111843,0.8766256025955238
28,solvability,semantic_variable_decoding,solvability,solvability,previous_semantic_choice,0.9996146157779133,0.9998100760341369
28,solvability,semantic_variable_decoding,solvability,solvability,previous_outcome,0.9913345632307992,0.9957403471907028
28,solvability,semantic_variable_decoding,solvability,solvability,choice_history_kernel,0.9985237967907133,0.9992626289981644
28,solvability,semantic_variable_decoding,solvability,solvability,outcome_history_kernel,0.9692853333788249,0.9846611834975576
28,solvability,semantic_variable_decoding,solvability,solvability,finite_history_prediction,0.9782121432910652,0.9890533845892727
28,solvability,semantic_variable_decoding,solvability,solvability,history_summary,0.9791997625560664,0.9895724420753748
28,solvability,semantic_variable_decoding,solvability,solvability,current_evidence,0.9651817319542897,0.9825857301052444
28,solvability,semantic_variable_decoding,solvability,solvability,history_x_current_evidence,0.8016845340414132,0.9045700960071503
28,foraging,cross_task_readout,bandit,foraging,persistence_logit,-11.393334204465221,0.27635373683162795
28,solvability,cross_task_readout,bandit,solvability,persistence_logit,-1.080961287909191,0.8419676558977301
28,bandit,cross_task_readout,foraging,bandit,persistence_logit,-0.7630643072783638,0.7253466060826813
28,solvability,cross_task_readout,foraging,solvability,persistence_logit,-1.628897830251014,0.3734802406143733
28,bandit,cross_task_readout,solvability,bandit,persistence_logit,-5.80880082161592,-0.010309661887593954
28,foraging,cross_task_readout,solvability,foraging,persistence_logit,-22.87865976114763,0.5034007401826799
29,bandit,semantic_variable_decoding,bandit,bandit,previous_semantic_choice,0.9939756019559685,0.9970064258263008
29,bandit,semantic_variable_decoding,bandit,bandit,previous_outcome,0.9407731279086128,0.9702704397668915
29,bandit,semantic_variable_decoding,bandit,bandit,choice_history_kernel,0.9900771525316743,0.9950785198026991
29,bandit,semantic_variable_decoding,bandit,bandit,outcome_history_kernel,0.82328419849065,0.9147244221552149
29,bandit,semantic_variable_decoding,bandit,bandit,finite_history_prediction,0.8521938891327547,0.9233864977460896
29,bandit,semantic_variable_decoding,bandit,bandit,history_summary,0.8781690969214638,0.9420543466831266
29,bandit,semantic_variable_decoding,bandit,bandit,current_evidence,0.33741341474316966,0.6092316165805323
29,bandit,semantic_variable_decoding,bandit,bandit,history_x_current_evidence,0.5600357609901163,0.7556078206601589
29,foraging,semantic_variable_decoding,foraging,foraging,previous_semantic_choice,0.9998022448867241,0.9999012661712494
29,foraging,semantic_variable_decoding,foraging,foraging,previous_outcome,0.987628160273233,0.9938246683883004
29,foraging,semantic_variable_decoding,foraging,foraging,choice_history_kernel,0.9985019574679204,0.9992525740478271
29,foraging,semantic_variable_decoding,foraging,foraging,outcome_history_kernel,0.9794095596649712,0.9898921298449851
29,foraging,semantic_variable_decoding,foraging,foraging,finite_history_prediction,0.9645357294352535,0.982218902708714
29,foraging,semantic_variable_decoding,foraging,foraging,history_summary,0.9333282525506866,0.9671831282878697
29,foraging,semantic_variable_decoding,foraging,foraging,current_evidence,0.9762239462839742,0.9882167420294727
29,foraging,semantic_variable_decoding,foraging,foraging,history_x_current_evidence,0.7616031894307217,0.876599573678799
29,solvability,semantic_variable_decoding,solvability,solvability,previous_semantic_choice,0.9996020908996032,0.9998019011022191
29,solvability,semantic_variable_decoding,solvability,solvability,previous_outcome,0.9925383762624075,0.9962930290672414
29,solvability,semantic_variable_decoding,solvability,solvability,choice_history_kernel,0.9988070950951645,0.9994069645801821
29,solvability,semantic_variable_decoding,solvability,solvability,outcome_history_kernel,0.9745520691734462,0.9873844177170993
29,solvability,semantic_variable_decoding,solvability,solvability,finite_history_prediction,0.9782926288677583,0.9890902979603965
29,solvability,semantic_variable_decoding,solvability,solvability,history_summary,0.9768208108710906,0.9884928837241737
29,solvability,semantic_variable_decoding,solvability,solvability,current_evidence,0.9575750153609859,0.9788408841605528
29,solvability,semantic_variable_decoding,solvability,solvability,history_x_current_evidence,0.7320050975993775,0.8716130925702146
29,foraging,cross_task_readout,bandit,foraging,persistence_logit,-14.403602667227018,0.3606350652122105
29,solvability,cross_task_readout,bandit,solvability,persistence_logit,-0.2717864624306574,0.8572795689229964
29,bandit,cross_task_readout,foraging,bandit,persistence_logit,-0.16152009338560402,0.6505441027817859
29,solvability,cross_task_readout,foraging,solvability,persistence_logit,-0.3835100732954575,0.5273993491011638
29,bandit,cross_task_readout,solvability,bandit,persistence_logit,-2.219195292066486,0.6808735506548151
29,foraging,cross_task_readout,solvability,foraging,persistence_logit,0.15776174621145156,0.6190339212571476
30,bandit,semantic_variable_decoding,bandit,bandit,previous_semantic_choice,0.9889048259327528,0.9944737694913233
30,bandit,semantic_variable_decoding,bandit,bandit,previous_outcome,0.920164940837928,0.960894867363774
30,bandit,semantic_variable_decoding,bandit,bandit,choice_history_kernel,0.9892268712514916,0.994791334265515
30,bandit,semantic_variable_decoding,bandit,bandit,outcome_history_kernel,0.7976273535120687,0.8999340564349433
30,bandit,semantic_variable_decoding,bandit,bandit,finite_history_prediction,0.8346376659597936,0.9139801000863667
30,bandit,semantic_variable_decoding,bandit,bandit,history_summary,0.8816354278146405,0.9441395454078317
30,bandit,semantic_variable_decoding,bandit,bandit,current_evidence,0.32596030840302403,0.5928932729128463
30,bandit,semantic_variable_decoding,bandit,bandit,history_x_current_evidence,0.5518254352243301,0.7449722714583161
30,foraging,semantic_variable_decoding,foraging,foraging,previous_semantic_choice,0.9995381264534748,0.999770658783716
30,foraging,semantic_variable_decoding,foraging,foraging,previous_outcome,0.9884708538289142,0.9942288672797387
30,foraging,semantic_variable_decoding,foraging,foraging,choice_history_kernel,0.9993726006002069,0.9996916178500126
30,foraging,semantic_variable_decoding,foraging,foraging,outcome_history_kernel,0.9768408891464694,0.9887001075247338
30,foraging,semantic_variable_decoding,foraging,foraging,finite_history_prediction,0.9642302032287909,0.982138547812303
30,foraging,semantic_variable_decoding,foraging,foraging,history_summary,0.930415213873065,0.9672175879376983
30,foraging,semantic_variable_decoding,foraging,foraging,current_evidence,0.9584818909711883,0.9795786679490323
30,foraging,semantic_variable_decoding,foraging,foraging,history_x_current_evidence,0.6985787065733315,0.8428732565281774
30,solvability,semantic_variable_decoding,solvability,solvability,previous_semantic_choice,0.9994688077285202,0.9997367273345199
30,solvability,semantic_variable_decoding,solvability,solvability,previous_outcome,0.9859933536647187,0.9929812755992803
30,solvability,semantic_variable_decoding,solvability,solvability,choice_history_kernel,0.9987086027218272,0.9993545866771714
30,solvability,semantic_variable_decoding,solvability,solvability,outcome_history_kernel,0.9638267043719401,0.9819805483510248
30,solvability,semantic_variable_decoding,solvability,solvability,finite_history_prediction,0.9626643697654419,0.9811762524142602
30,solvability,semantic_variable_decoding,solvability,solvability,history_summary,0.9687358683898939,0.9844063721497203
30,solvability,semantic_variable_decoding,solvability,solvability,current_evidence,0.9569065558085361,0.9785812278462428
30,solvability,semantic_variable_decoding,solvability,solvability,history_x_current_evidence,0.7191719133344012,0.8565217213437855
30,foraging,cross_task_readout,bandit,foraging,persistence_logit,-18.04976236260461,0.10053736898257912
30,solvability,cross_task_readout,bandit,solvability,persistence_logit,-0.6703229925795766,0.6366184924735212
30,bandit,cross_task_readout,foraging,bandit,persistence_logit,-2.2856035285329717,0.8296488248114657
30,solvability,cross_task_readout,foraging,solvability,persistence_logit,-0.033925762390625724,0.7285835509582912
30,bandit,cross_task_readout,solvability,bandit,persistence_logit,-8.905702039915647,0.6580210483486405
30,foraging,cross_task_readout,solvability,foraging,persistence_logit,-5.571930135458603,0.6351400579580634
31,bandit,semantic_variable_decoding,bandit,bandit,previous_semantic_choice,0.9884384561398994,0.9942556534718902
31,bandit,semantic_variable_decoding,bandit,bandit,previous_outcome,0.9218274709278264,0.961340479130727
31,bandit,semantic_variable_decoding,bandit,bandit,choice_history_kernel,0.9906476470133797,0.9953305048461244
31,bandit,semantic_variable_decoding,bandit,bandit,outcome_history_kernel,0.7826047756344203,0.8893085639539207
31,bandit,semantic_variable_decoding,bandit,bandit,finite_history_prediction,0.826958035075195,0.9095885232483376
31,bandit,semantic_variable_decoding,bandit,bandit,history_summary,0.8723704491668797,0.9374418060602431
31,bandit,semantic_variable_decoding,bandit,bandit,current_evidence,0.35352014193043724,0.609625311752776
31,bandit,semantic_variable_decoding,bandit,bandit,history_x_current_evidence,0.5349520796772306,0.7331324983526043
31,foraging,semantic_variable_decoding,foraging,foraging,previous_semantic_choice,0.999307719025142,0.9996578452346816
31,foraging,semantic_variable_decoding,foraging,foraging,previous_outcome,0.988445741892578,0.9943195293834369
31,foraging,semantic_variable_decoding,foraging,foraging,choice_history_kernel,0.9989671249788018,0.9994935290965754
31,foraging,semantic_variable_decoding,foraging,foraging,outcome_history_kernel,0.9737051152759775,0.9872073229756038
31,foraging,semantic_variable_decoding,foraging,foraging,finite_history_prediction,0.9458076824913688,0.9727354061969284
31,foraging,semantic_variable_decoding,foraging,foraging,history_summary,0.934328612797123,0.9710928546805264
31,foraging,semantic_variable_decoding,foraging,foraging,current_evidence,0.9818218099707952,0.9909390439242752
31,foraging,semantic_variable_decoding,foraging,foraging,history_x_current_evidence,0.6422253740295107,0.812940106566224
31,solvability,semantic_variable_decoding,solvability,solvability,previous_semantic_choice,0.9993393710607981,0.999675727679112
31,solvability,semantic_variable_decoding,solvability,solvability,previous_outcome,0.9863270922018559,0.9931934334434874
31,solvability,semantic_variable_decoding,solvability,solvability,choice_history_kernel,0.9988841921094733,0.9994445894483989
31,solvability,semantic_variable_decoding,solvability,solvability,outcome_history_kernel,0.9683625178748553,0.98412493287251
31,solvability,semantic_variable_decoding,solvability,solvability,finite_history_prediction,0.9654628587820209,0.9826179865586284
31,solvability,semantic_variable_decoding,solvability,solvability,history_summary,0.9789211933187112,0.9895789262269501
31,solvability,semantic_variable_decoding,solvability,solvability,current_evidence,0.9506816355133231,0.9752972932746885
31,solvability,semantic_variable_decoding,solvability,solvability,history_x_current_evidence,0.7175841199157109,0.856662149736975
31,foraging,cross_task_readout,bandit,foraging,persistence_logit,-5.584912465415953,0.4029779367359703
31,solvability,cross_task_readout,bandit,solvability,persistence_logit,-0.3543988466489574,0.7536117186943625
31,bandit,cross_task_readout,foraging,bandit,persistence_logit,-8.07250839809703,0.8014932480421572
31,solvability,cross_task_readout,foraging,solvability,persistence_logit,-0.9585850713545865,0.7448155131896343
31,bandit,cross_task_readout,solvability,bandit,persistence_logit,-22.495032407951783,0.20020978712432003
31,foraging,cross_task_readout,solvability,foraging,persistence_logit,-35.09349492690255,-0.4178558800989313
