action_lag_1,action_lag_2,action_lag_3,action_lag_5,attempt_cost,attempts_used,bayes_progress_probability,continue,cost_pressure,cumulative_cost,cumulative_progress,disengagement_evidence,displayed_progress_cue,episode_id,estimated_continue_value,estimated_outside_value,failure_streak,give_up_value,log_round,mapping_id,max_attempts,normalized_time,oracle_continue_value,oracle_outside_value,oracle_progress_probability,oracle_relative_value,oracle_termination_advantage,outcome_after_choice,outcome_lag_1,outcome_lag_2,outcome_lag_3,outcome_lag_5,p_continue,p_disengage,pair_id,persistence_logit,previous_choice,previous_outcome,progress_count,progress_evidence,relative_value,round,second_previous_choice,semantic_choice,split,state_id,success_streak,task,task_bandit,task_foraging,task_solvability,termination_advantage
0.0,0.0,0.0,0.0,1.0,0.0,0.5,0,1.0,0.0,0.0,0.5,0.0,solvability-pair-0072026-try_again_m,-0.5,0.0,0.0,0.0,0.0,try_again_m,8.0,0.0,-0.5,0.0,0.5,-0.5,-0.5,0.0,0.0,0.0,0.0,0.0,0.5621765008857981,0.4378234991142019,solvability-pair-0072026,0.25,0.0,0.0,0.0,0.0,-0.5,0,0.0,GIVE_UP,train,solvability-pair-0072026-try_again_m:0,0.0,solvability,0.0,0.0,1.0,-0.5
0.0,0.0,0.0,0.0,1.0,0.0,0.5,0,1.0,0.0,0.0,0.5,0.0,solvability-pair-0072026-try_again_n,-0.5,0.0,0.0,0.0,0.0,try_again_n,8.0,0.0,-0.5,0.0,0.5,-0.5,-0.5,0.0,0.0,0.0,0.0,0.0,0.2689414213699951,0.7310585786300049,solvability-pair-0072026,-1.0,0.0,0.0,0.0,0.0,-0.5,0,0.0,GIVE_UP,train,solvability-pair-0072026-try_again_n:0,0.0,solvability,0.0,0.0,1.0,-0.5
0.0,0.0,0.0,0.0,1.0,0.0,0.25,1,1.0,0.0,0.0,2.75,-1.0,solvability-pair-0072027-try_again_m,-0.75,2.0,0.0,2.0,0.0,try_again_m,8.0,0.0,-0.8,2.0,0.2,-2.8,-2.8,-1.0,0.0,0.0,0.0,0.0,0.32082130082460697,0.679178699175393,solvability-pair-0072027,-0.75,0.0,0.0,0.0,0.0,-2.75,0,0.0,TRY_AGAIN,validation,solvability-pair-0072027-try_again_m:0,0.0,solvability,0.0,0.0,1.0,-2.75
1.0,0.0,0.0,0.0,1.0,1.0,0.16666666666666666,0,1.0,1.0,-1.0,2.8333333333333335,-1.0,solvability-pair-0072027-try_again_m,-0.8333333333333334,2.0,1.0,2.0,0.6931471805599453,try_again_m,8.0,0.125,-0.8,2.0,0.2,-2.8,-2.8,0.0,-1.0,0.0,0.0,0.0,0.037326887344129464,0.9626731126558706,solvability-pair-0072027,-3.25,1.0,-1.0,0.0,0.0,-2.8333333333333335,1,0.0,GIVE_UP,validation,solvability-pair-0072027-try_again_m:1,0.0,solvability,0.0,0.0,1.0,-2.8333333333333335
0.0,0.0,0.0,0.0,1.0,0.0,0.25,0,1.0,0.0,0.0,2.75,-1.0,solvability-pair-0072027-try_again_n,-0.75,2.0,0.0,2.0,0.0,try_again_n,8.0,0.0,-0.8,2.0,0.2,-2.8,-2.8,0.0,0.0,0.0,0.0,0.0,0.18242552380635632,0.8175744761936437,solvability-pair-0072027,-1.5,0.0,0.0,0.0,0.0,-2.75,0,0.0,GIVE_UP,validation,solvability-pair-0072027-try_again_n:0,0.0,solvability,0.0,0.0,1.0,-2.75
0.0,0.0,0.0,0.0,1.0,0.0,0.75,1,1.0,0.0,0.0,0.25,1.0,solvability-pair-0072028-try_again_m,-0.25,0.0,0.0,0.0,0.0,try_again_m,8.0,0.0,-0.19999999999999996,0.0,0.8,-0.19999999999999996,-0.19999999999999996,1.0,0.0,0.0,0.0,0.0,0.9626731126558706,0.037326887344129464,solvability-pair-0072028,3.25,0.0,0.0,0.0,0.0,-0.25,0,0.0,TRY_AGAIN,train,solvability-pair-0072028-try_again_m:0,0.0,solvability,0.0,0.0,1.0,-0.25
1.0,0.0,0.0,0.0,1.0,1.0,0.8333333333333334,1,1.0,1.0,1.0,0.16666666666666663,1.0,solvability-pair-0072028-try_again_m,-0.16666666666666663,0.0,0.0,0.0,0.6931471805599453,try_again_m,8.0,0.125,-0.19999999999999996,0.0,0.8,-0.19999999999999996,-0.19999999999999996,1.0,1.0,0.0,0.0,0.0,0.9995694429186754,0.00043055708132461493,solvability-pair-0072028,7.75,1.0,1.0,1.0,1.0,-0.16666666666666663,1,0.0,TRY_AGAIN,train,solvability-pair-0072028-try_again_m:1,1.0,solvability,0.0,0.0,1.0,-0.16666666666666663
1.0,1.0,0.0,0.0,1.0,2.0,0.875,1,1.0,2.0,2.0,0.125,1.0,solvability-pair-0072028-try_again_m,-0.125,0.0,0.0,0.0,1.0986122886681098,try_again_m,8.0,0.25,-0.19999999999999996,0.0,0.8,-0.19999999999999996,-0.19999999999999996,1.0,1.0,1.0,0.0,0.0,0.991422514586288,0.008577485413711986,solvability-pair-0072028,4.75,1.0,1.0,2.0,2.0,-0.125,2,1.0,TRY_AGAIN,train,solvability-pair-0072028-try_again_m:2,2.0,solvability,0.0,0.0,1.0,-0.125
1.0,1.0,1.0,0.0,1.0,3.0,0.9,1,1.0,3.0,3.0,0.09999999999999998,1.0,solvability-pair-0072028-try_again_m,-0.09999999999999998,0.0,0.0,0.0,1.3862943611198906,try_again_m,8.0,0.375,-0.19999999999999996,0.0,0.8,-0.19999999999999996,-0.19999999999999996,-1.0,1.0,1.0,1.0,0.0,0.9770226300899744,0.02297736991002561,solvability-pair-0072028,3.75,1.0,1.0,3.0,3.0,-0.09999999999999998,3,1.0,TRY_AGAIN,train,solvability-pair-0072028-try_again_m:3,3.0,solvability,0.0,0.0,1.0,-0.09999999999999998
1.0,1.0,1.0,0.0,1.0,4.0,0.75,0,1.0,4.0,2.0,0.25,1.0,solvability-pair-0072028-try_again_m,-0.25,0.0,1.0,0.0,1.6094379124341003,try_again_m,8.0,0.5,-0.19999999999999996,0.0,0.8,-0.19999999999999996,-0.19999999999999996,0.0,-1.0,1.0,1.0,0.0,0.32082130082460697,0.679178699175393,solvability-pair-0072028,-0.75,1.0,-1.0,3.0,3.0,-0.25,4,1.0,GIVE_UP,train,solvability-pair-0072028-try_again_m:4,0.0,solvability,0.0,0.0,1.0,-0.25
0.0,0.0,0.0,0.0,1.0,0.0,0.75,1,1.0,0.0,0.0,0.25,1.0,solvability-pair-0072028-try_again_n,-0.25,0.0,0.0,0.0,0.0,try_again_n,8.0,0.0,-0.19999999999999996,0.0,0.8,-0.19999999999999996,-0.19999999999999996,1.0,0.0,0.0,0.0,0.0,0.7549149868676283,0.24508501313237172,solvability-pair-0072028,1.125,0.0,0.0,0.0,0.0,-0.25,0,0.0,TRY_AGAIN,train,solvability-pair-0072028-try_again_n:0,0.0,solvability,0.0,0.0,1.0,-0.25
1.0,0.0,0.0,0.0,1.0,1.0,0.8333333333333334,1,1.0,1.0,1.0,0.16666666666666663,1.0,solvability-pair-0072028-try_again_n,-0.16666666666666663,0.0,0.0,0.0,0.6931471805599453,try_again_n,8.0,0.125,-0.19999999999999996,0.0,0.8,-0.19999999999999996,-0.19999999999999996,1.0,1.0,0.0,0.0,0.0,0.9998204720306533,0.0001795279693467774,solvability-pair-0072028,8.625,1.0,1.0,1.0,1.0,-0.16666666666666663,1,0.0,TRY_AGAIN,train,solvability-pair-0072028-try_again_n:1,1.0,solvability,0.0,0.0,1.0,-0.16666666666666663
1.0,1.0,0.0,0.0,1.0,2.0,0.875,1,1.0,2.0,2.0,0.125,1.0,solvability-pair-0072028-try_again_n,-0.125,0.0,0.0,0.0,1.0986122886681098,try_again_n,8.0,0.25,-0.19999999999999996,0.0,0.8,-0.19999999999999996,-0.19999999999999996,1.0,1.0,1.0,0.0,0.0,0.9975273768433653,0.0024726231566347748,solvability-pair-0072028,6.0,1.0,1.0,2.0,2.0,-0.125,2,1.0,TRY_AGAIN,train,solvability-pair-0072028-try_again_n:2,2.0,solvability,0.0,0.0,1.0,-0.125
1.0,1.0,1.0,0.0,1.0,3.0,0.9,1,1.0,3.0,3.0,0.09999999999999998,1.0,solvability-pair-0072028-try_again_n,-0.09999999999999998,0.0,0.0,0.0,1.3862943611198906,try_again_n,8.0,0.375,-0.19999999999999996,0.0,0.8,-0.19999999999999996,-0.19999999999999996,-1.0,1.0,1.0,1.0,0.0,0.991422514586288,0.008577485413711986,solvability-pair-0072028,4.75,1.0,1.0,3.0,3.0,-0.09999999999999998,3,1.0,TRY_AGAIN,train,solvability-pair-0072028-try_again_n:3,3.0,solvability,0.0,0.0,1.0,-0.09999999999999998
1.0,1.0,1.0,0.0,1.0,4.0,0.75,0,1.0,4.0,2.0,0.25,1.0,solvability-pair-0072028-try_again_n,-0.25,0.0,1.0,0.0,1.6094379124341003,try_again_n,8.0,0.5,-0.19999999999999996,0.0,0.8,-0.19999999999999996,-0.19999999999999996,0.0,-1.0,1.0,1.0,0.0,0.2689414213699951,0.7310585786300049,solvability-pair-0072028,-1.0,1.0,-1.0,3.0,3.0,-0.25,4,1.0,GIVE_UP,train,solvability-pair-0072028-try_again_n:4,0.0,solvability,0.0,0.0,1.0,-0.25
0.0,0.0,0.0,0.0,0.0,0.0,0.5,0,0.0,0.0,0.0,1.5,0.0,solvability-pair-0072029-try_again_m,0.5,2.0,0.0,2.0,0.0,try_again_m,8.0,0.0,0.5,2.0,0.5,-1.5,-1.5,0.0,0.0,0.0,0.0,0.0,0.6224593312018546,0.37754066879814546,solvability-pair-0072029,0.5,0.0,0.0,0.0,0.0,-1.5,0,0.0,GIVE_UP,validation,solvability-pair-0072029-try_again_m:0,0.0,solvability,0.0,0.0,1.0,-1.5
0.0,0.0,0.0,0.0,0.0,0.0,0.5,0,0.0,0.0,0.0,1.5,0.0,solvability-pair-0072029-try_again_n,0.5,2.0,0.0,2.0,0.0,try_again_n,8.0,0.0,0.5,2.0,0.5,-1.5,-1.5,0.0,0.0,0.0,0.0,0.0,0.2689414213699951,0.7310585786300049,solvability-pair-0072029,-1.0,0.0,0.0,0.0,0.0,-1.5,0,0.0,GIVE_UP,validation,solvability-pair-0072029-try_again_n:0,0.0,solvability,0.0,0.0,1.0,-1.5
0.0,0.0,0.0,0.0,0.0,0.0,0.5,0,0.0,0.0,0.0,-0.5,0.0,solvability-pair-0072030-try_again_m,0.5,0.0,0.0,0.0,0.0,try_again_m,8.0,0.0,0.5,0.0,0.5,0.5,0.5,0.0,0.0,0.0,0.0,0.0,0.7549149868676283,0.24508501313237172,solvability-pair-0072030,1.125,0.0,0.0,0.0,0.0,0.5,0,0.0,GIVE_UP,validation,solvability-pair-0072030-try_again_m:0,0.0,solvability,0.0,0.0,1.0,0.5
0.0,0.0,0.0,0.0,0.0,0.0,0.5,0,0.0,0.0,0.0,-0.5,0.0,solvability-pair-0072030-try_again_n,0.5,0.0,0.0,0.0,0.0,try_again_n,8.0,0.0,0.5,0.0,0.5,0.5,0.5,0.0,0.0,0.0,0.0,0.0,0.34864513533394575,0.6513548646660542,solvability-pair-0072030,-0.625,0.0,0.0,0.0,0.0,0.5,0,0.0,GIVE_UP,validation,solvability-pair-0072030-try_again_n:0,0.0,solvability,0.0,0.0,1.0,0.5
0.0,0.0,0.0,0.0,0.0,0.0,0.25,0,0.0,0.0,0.0,-0.25,-1.0,solvability-pair-0072031-try_again_m,0.25,0.0,0.0,0.0,0.0,try_again_m,8.0,0.0,0.2,0.0,0.2,0.2,0.2,0.0,0.0,0.0,0.0,0.0,0.5,0.5,solvability-pair-0072031,0.0,0.0,0.0,0.0,0.0,0.25,0,0.0,GIVE_UP,train,solvability-pair-0072031-try_again_m:0,0.0,solvability,0.0,0.0,1.0,0.25
0.0,0.0,0.0,0.0,0.0,0.0,0.25,0,0.0,0.0,0.0,-0.25,-1.0,solvability-pair-0072031-try_again_n,0.25,0.0,0.0,0.0,0.0,try_again_n,8.0,0.0,0.2,0.0,0.2,0.2,0.2,0.0,0.0,0.0,0.0,0.0,0.22270013882530884,0.7772998611746911,solvability-pair-0072031,-1.25,0.0,0.0,0.0,0.0,0.25,0,0.0,GIVE_UP,train,solvability-pair-0072031-try_again_n:0,0.0,solvability,0.0,0.0,1.0,0.25
0.0,0.0,0.0,0.0,0.0,0.0,0.25,0,0.0,0.0,0.0,1.75,-1.0,solvability-pair-0072032-try_again_m,0.25,2.0,0.0,2.0,0.0,try_again_m,8.0,0.0,0.2,2.0,0.2,-1.8,-1.8,0.0,0.0,0.0,0.0,0.0,0.4073334000459302,0.5926665999540697,solvability-pair-0072032,-0.375,0.0,0.0,0.0,0.0,-1.75,0,0.0,GIVE_UP,train,solvability-pair-0072032-try_again_m:0,0.0,solvability,0.0,0.0,1.0,-1.75
0.0,0.0,0.0,0.0,0.0,0.0,0.25,0,0.0,0.0,0.0,1.75,-1.0,solvability-pair-0072032-try_again_n,0.25,2.0,0.0,2.0,0.0,try_again_n,8.0,0.0,0.2,2.0,0.2,-1.8,-1.8,0.0,0.0,0.0,0.0,0.0,0.20181322226037882,0.7981867777396212,solvability-pair-0072032,-1.375,0.0,0.0,0.0,0.0,-1.75,0,0.0,GIVE_UP,train,solvability-pair-0072032-try_again_n:0,0.0,solvability,0.0,0.0,1.0,-1.75
0.0,0.0,0.0,0.0,1.0,0.0,0.25,1,1.0,0.0,0.0,0.75,-1.0,solvability-pair-0072033-try_again_m,-0.75,0.0,0.0,0.0,0.0,try_again_m,8.0,0.0,-0.8,0.0,0.2,-0.8,-0.8,-1.0,0.0,0.0,0.0,0.0,0.37754066879814546,0.6224593312018546,solvability-pair-0072033,-0.5,0.0,0.0,0.0,0.0,-0.75,0,0.0,TRY_AGAIN,train,solvability-pair-0072033-try_again_m:0,0.0,solvability,0.0,0.0,1.0,-0.75
1.0,0.0,0.0,0.0,1.0,1.0,0.16666666666666666,0,1.0,1.0,-1.0,0.8333333333333334,-1.0,solvability-pair-0072033-try_again_m,-0.8333333333333334,0.0,1.0,0.0,0.6931471805599453,try_again_m,8.0,0.125,-0.8,0.0,0.2,-0.8,-0.8,0.0,-1.0,0.0,0.0,0.0,0.02595735719779685,0.9740426428022031,solvability-pair-0072033,-3.625,1.0,-1.0,0.0,0.0,-0.8333333333333334,1,0.0,GIVE_UP,train,solvability-pair-0072033-try_again_m:1,0.0,solvability,0.0,0.0,1.0,-0.8333333333333334
0.0,0.0,0.0,0.0,1.0,0.0,0.25,1,1.0,0.0,0.0,0.75,-1.0,solvability-pair-0072033-try_again_n,-0.75,0.0,0.0,0.0,0.0,try_again_n,8.0,0.0,-0.8,0.0,0.2,-0.8,-0.8,-1.0,0.0,0.0,0.0,0.0,0.22270013882530884,0.7772998611746911,solvability-pair-0072033,-1.25,0.0,0.0,0.0,0.0,-0.75,0,0.0,TRY_AGAIN,train,solvability-pair-0072033-try_again_n:0,0.0,solvability,0.0,0.0,1.0,-0.75
1.0,0.0,0.0,0.0,1.0,1.0,0.16666666666666666,0,1.0,1.0,-1.0,0.8333333333333334,-1.0,solvability-pair-0072033-try_again_n,-0.8333333333333334,0.0,1.0,0.0,0.6931471805599453,try_again_n,8.0,0.125,-0.8,0.0,0.2,-0.8,-0.8,0.0,-1.0,0.0,0.0,0.0,0.020332353342658753,0.9796676466573412,solvability-pair-0072033,-3.875,1.0,-1.0,0.0,0.0,-0.8333333333333334,1,0.0,GIVE_UP,train,solvability-pair-0072033-try_again_n:1,0.0,solvability,0.0,0.0,1.0,-0.8333333333333334
0.0,0.0,0.0,0.0,0.0,0.0,0.75,1,0.0,0.0,0.0,-0.75,1.0,solvability-pair-0072034-try_again_m,0.75,0.0,0.0,0.0,0.0,try_again_m,8.0,0.0,0.8,0.0,0.8,0.8,0.8,1.0,0.0,0.0,0.0,0.0,0.9840936082881853,0.01590639171181471,solvability-pair-0072034,4.125,0.0,0.0,0.0,0.0,0.75,0,0.0,TRY_AGAIN,train,solvability-pair-0072034-try_again_m:0,0.0,solvability,0.0,0.0,1.0,0.75
1.0,0.0,0.0,0.0,0.0,1.0,0.8333333333333334,1,0.0,0.0,1.0,-0.8333333333333334,1.0,solvability-pair-0072034-try_again_m,0.8333333333333334,0.0,0.0,0.0,0.6931471805599453,try_again_m,8.0,0.125,0.8,0.0,0.8,0.8,0.8,1.0,1.0,0.0,0.0,0.0,0.9997965730219448,0.0002034269780552065,solvability-pair-0072034,8.5,1.0,1.0,1.0,1.0,0.8333333333333334,1,0.0,TRY_AGAIN,train,solvability-pair-0072034-try_again_m:1,1.0,solvability,0.0,0.0,1.0,0.8333333333333334
1.0,1.0,0.0,0.0,0.0,2.0,0.875,1,0.0,0.0,2.0,-0.875,1.0,solvability-pair-0072034-try_again_m,0.875,0.0,0.0,0.0,1.0986122886681098,try_again_m,8.0,0.25,0.8,0.0,0.8,0.8,0.8,1.0,1.0,1.0,0.0,0.0,0.9968273171575148,0.0031726828424851893,solvability-pair-0072034,5.75,1.0,1.0,2.0,2.0,0.875,2,1.0,TRY_AGAIN,train,solvability-pair-0072034-try_again_m:2,2.0,solvability,0.0,0.0,1.0,0.875
1.0,1.0,1.0,0.0,0.0,3.0,0.9,1,0.0,0.0,3.0,-0.9,1.0,solvability-pair-0072034-try_again_m,0.9,0.0,0.0,0.0,1.3862943611198906,try_again_m,8.0,0.375,0.8,0.0,0.8,0.8,0.8,-1.0,1.0,1.0,1.0,0.0,0.9940889311437562,0.005911068856243796,solvability-pair-0072034,5.125,1.0,1.0,3.0,3.0,0.9,3,1.0,TRY_AGAIN,train,solvability-pair-0072034-try_again_m:3,3.0,solvability,0.0,0.0,1.0,0.9
1.0,1.0,1.0,0.0,0.0,4.0,0.75,1,0.0,0.0,2.0,-0.75,1.0,solvability-pair-0072034-try_again_m,0.75,0.0,1.0,0.0,1.6094379124341003,try_again_m,8.0,0.5,0.8,0.0,0.8,0.8,0.8,-1.0,-1.0,1.0,1.0,0.0,0.6513548646660542,0.34864513533394575,solvability-pair-0072034,0.625,1.0,-1.0,3.0,3.0,0.75,4,1.0,TRY_AGAIN,train,solvability-pair-0072034-try_again_m:4,0.0,solvability,0.0,0.0,1.0,0.75
1.0,1.0,1.0,1.0,0.0,5.0,0.6428571428571429,0,0.0,0.0,1.0,-0.6428571428571429,1.0,solvability-pair-0072034-try_again_m,0.6428571428571429,0.0,2.0,0.0,1.791759469228055,try_again_m,8.0,0.625,0.8,0.0,0.8,0.8,0.8,0.0,-1.0,-1.0,1.0,1.0,0.32082130082460697,0.679178699175393,solvability-pair-0072034,-0.75,1.0,-1.0,3.0,3.0,0.6428571428571429,5,1.0,GIVE_UP,train,solvability-pair-0072034-try_again_m:5,0.0,solvability,0.0,0.0,1.0,0.6428571428571429
0.0,0.0,0.0,0.0,0.0,0.0,0.75,1,0.0,0.0,0.0,-0.75,1.0,solvability-pair-0072034-try_again_n,0.75,0.0,0.0,0.0,0.0,try_again_n,8.0,0.0,0.8,0.0,0.8,0.8,0.8,1.0,0.0,0.0,0.0,0.0,0.8175744761936437,0.18242552380635632,solvability-pair-0072034,1.5,0.0,0.0,0.0,0.0,0.75,0,0.0,TRY_AGAIN,train,solvability-pair-0072034-try_again_n:0,0.0,solvability,0.0,0.0,1.0,0.75
1.0,0.0,0.0,0.0,0.0,1.0,0.8333333333333334,1,0.0,0.0,1.0,-0.8333333333333334,1.0,solvability-pair-0072034-try_again_n,0.8333333333333334,0.0,0.0,0.0,0.6931471805599453,try_again_n,8.0,0.125,0.8,0.0,0.8,0.8,0.8,1.0,1.0,0.0,0.0,0.0,0.9999251537724895,7.484622751061124e-05,solvability-pair-0072034,9.5,1.0,1.0,1.0,1.0,0.8333333333333334,1,0.0,TRY_AGAIN,train,solvability-pair-0072034-try_again_n:1,1.0,solvability,0.0,0.0,1.0,0.8333333333333334
1.0,1.0,0.0,0.0,0.0,2.0,0.875,1,0.0,0.0,2.0,-0.875,1.0,solvability-pair-0072034-try_again_n,0.875,0.0,0.0,0.0,1.0986122886681098,try_again_n,8.0,0.25,0.8,0.0,0.8,0.8,0.8,1.0,1.0,1.0,0.0,0.0,0.9990889488055994,0.0009110511944006454,solvability-pair-0072034,7.0,1.0,1.0,2.0,2.0,0.875,2,1.0,TRY_AGAIN,train,solvability-pair-0072034-try_again_n:2,2.0,solvability,0.0,0.0,1.0,0.875
1.0,1.0,1.0,0.0,0.0,3.0,0.9,1,0.0,0.0,3.0,-0.9,1.0,solvability-pair-0072034-try_again_n,0.9,0.0,0.0,0.0,1.3862943611198906,try_again_n,8.0,0.375,0.8,0.0,0.8,0.8,0.8,-1.0,1.0,1.0,1.0,0.0,0.9980732653366725,0.0019267346633274755,solvability-pair-0072034,6.25,1.0,1.0,3.0,3.0,0.9,3,1.0,TRY_AGAIN,train,solvability-pair-0072034-try_again_n:3,3.0,solvability,0.0,0.0,1.0,0.9
1.0,1.0,1.0,0.0,0.0,4.0,0.75,1,0.0,0.0,2.0,-0.75,1.0,solvability-pair-0072034-try_again_n,0.75,0.0,1.0,0.0,1.6094379124341003,try_again_n,8.0,0.5,0.8,0.0,0.8,0.8,0.8,-1.0,-1.0,1.0,1.0,0.0,0.6513548646660542,0.34864513533394575,solvability-pair-0072034,0.625,1.0,-1.0,3.0,3.0,0.75,4,1.0,TRY_AGAIN,train,solvability-pair-0072034-try_again_n:4,0.0,solvability,0.0,0.0,1.0,0.75
1.0,1.0,1.0,1.0,0.0,5.0,0.6428571428571429,0,0.0,0.0,1.0,-0.6428571428571429,1.0,solvability-pair-0072034-try_again_n,0.6428571428571429,0.0,2.0,0.0,1.791759469228055,try_again_n,8.0,0.625,0.8,0.0,0.8,0.8,0.8,0.0,-1.0,-1.0,1.0,1.0,0.4073334000459302,0.5926665999540697,solvability-pair-0072034,-0.375,1.0,-1.0,3.0,3.0,0.6428571428571429,5,1.0,GIVE_UP,train,solvability-pair-0072034-try_again_n:5,0.0,solvability,0.0,0.0,1.0,0.6428571428571429
0.0,0.0,0.0,0.0,1.0,0.0,0.75,1,1.0,0.0,0.0,2.25,1.0,solvability-pair-0072035-try_again_m,-0.25,2.0,0.0,2.0,0.0,try_again_m,8.0,0.0,-0.19999999999999996,2.0,0.8,-2.2,-2.2,-1.0,0.0,0.0,0.0,0.0,0.9399133498259924,0.06008665017400762,solvability-pair-0072035,2.75,0.0,0.0,0.0,0.0,-2.25,0,0.0,TRY_AGAIN,train,solvability-pair-0072035-try_again_m:0,0.0,solvability,0.0,0.0,1.0,-2.25
1.0,0.0,0.0,0.0,1.0,1.0,0.5,0,1.0,1.0,-1.0,2.5,1.0,solvability-pair-0072035-try_again_m,-0.5,2.0,1.0,2.0,0.6931471805599453,try_again_m,8.0,0.125,-0.19999999999999996,2.0,0.8,-2.2,-2.2,0.0,-1.0,0.0,0.0,0.0,0.07585818002124356,0.9241418199787566,solvability-pair-0072035,-2.5,1.0,-1.0,0.0,0.0,-2.5,1,0.0,GIVE_UP,train,solvability-pair-0072035-try_again_m:1,0.0,solvability,0.0,0.0,1.0,-2.5
0.0,0.0,0.0,0.0,1.0,0.0,0.75,0,1.0,0.0,0.0,2.25,1.0,solvability-pair-0072035-try_again_n,-0.25,2.0,0.0,2.0,0.0,try_again_n,8.0,0.0,-0.19999999999999996,2.0,0.8,-2.2,-2.2,0.0,0.0,0.0,0.0,0.0,0.679178699175393,0.32082130082460697,solvability-pair-0072035,0.75,0.0,0.0,0.0,0.0,-2.25,0,0.0,GIVE_UP,train,solvability-pair-0072035-try_again_n:0,0.0,solvability,0.0,0.0,1.0,-2.25
0.0,0.0,0.0,0.0,0.0,0.0,0.75,1,0.0,0.0,0.0,1.25,1.0,solvability-pair-0072036-try_again_m,0.75,2.0,0.0,2.0,0.0,try_again_m,8.0,0.0,0.8,2.0,0.8,-1.2,-1.2,1.0,0.0,0.0,0.0,0.0,0.9770226300899744,0.02297736991002561,solvability-pair-0072036,3.75,0.0,0.0,0.0,0.0,-1.25,0,0.0,TRY_AGAIN,train,solvability-pair-0072036-try_again_m:0,0.0,solvability,0.0,0.0,1.0,-1.25
1.0,0.0,0.0,0.0,0.0,1.0,0.8333333333333334,1,0.0,0.0,1.0,1.1666666666666665,1.0,solvability-pair-0072036-try_again_m,0.8333333333333334,2.0,0.0,2.0,0.6931471805599453,try_again_m,8.0,0.125,0.8,2.0,0.8,-1.2,-1.2,1.0,1.0,0.0,0.0,0.0,0.9996646498695336,0.00033535013046647816,solvability-pair-0072036,8.0,1.0,1.0,1.0,1.0,-1.1666666666666665,1,0.0,TRY_AGAIN,train,solvability-pair-0072036-try_again_m:1,1.0,solvability,0.0,0.0,1.0,-1.1666666666666665
1.0,1.0,0.0,0.0,0.0,2.0,0.875,1,0.0,0.0,2.0,1.125,1.0,solvability-pair-0072036-try_again_m,0.875,2.0,0.0,2.0,1.0986122886681098,try_again_m,8.0,0.25,0.8,2.0,0.8,-1.2,-1.2,1.0,1.0,1.0,0.0,0.0,0.9924227587321393,0.007577241267860811,solvability-pair-0072036,4.875,1.0,1.0,2.0,2.0,-1.125,2,1.0,TRY_AGAIN,train,solvability-pair-0072036-try_again_m:2,2.0,solvability,0.0,0.0,1.0,-1.125
1.0,1.0,1.0,0.0,0.0,3.0,0.9,1,0.0,0.0,3.0,1.1,1.0,solvability-pair-0072036-try_again_m,0.9,2.0,0.0,2.0,1.3862943611198906,try_again_m,8.0,0.375,0.8,2.0,0.8,-1.2,-1.2,1.0,1.0,1.0,1.0,0.0,0.9859363729567544,0.014063627043245474,solvability-pair-0072036,4.25,1.0,1.0,3.0,3.0,-1.1,3,1.0,TRY_AGAIN,train,solvability-pair-0072036-try_again_m:3,3.0,solvability,0.0,0.0,1.0,-1.1
1.0,1.0,1.0,0.0,0.0,4.0,0.9166666666666666,1,0.0,0.0,4.0,1.0833333333333335,1.0,solvability-pair-0072036-try_again_m,0.9166666666666666,2.0,0.0,2.0,1.6094379124341003,try_again_m,8.0,0.5,0.8,2.0,0.8,-1.2,-1.2,1.0,1.0,1.0,1.0,0.0,0.9579122720843811,0.04208772791561884,solvability-pair-0072036,3.125,1.0,1.0,4.0,4.0,-1.0833333333333335,4,1.0,TRY_AGAIN,train,solvability-pair-0072036-try_again_m:4,4.0,solvability,0.0,0.0,1.0,-1.0833333333333335
1.0,1.0,1.0,1.0,0.0,5.0,0.9285714285714286,1,0.0,0.0,5.0,1.0714285714285714,1.0,solvability-pair-0072036-try_again_m,0.9285714285714286,2.0,0.0,2.0,1.791759469228055,try_again_m,8.0,0.625,0.8,2.0,0.8,-1.2,-1.2,1.0,1.0,1.0,1.0,1.0,0.8933094060543487,0.10669059394565118,solvability-pair-0072036,2.125,1.0,1.0,5.0,5.0,-1.0714285714285714,5,1.0,TRY_AGAIN,train,solvability-pair-0072036-try_again_m:5,5.0,solvability,0.0,0.0,1.0,-1.0714285714285714
1.0,1.0,1.0,1.0,0.0,6.0,0.9375,0,0.0,0.0,6.0,1.0625,1.0,solvability-pair-0072036-try_again_m,0.9375,2.0,0.0,2.0,1.9459101490553132,try_again_m,8.0,0.75,0.8,2.0,0.8,-1.2,-1.2,0.0,1.0,1.0,1.0,1.0,0.8175744761936437,0.18242552380635632,solvability-pair-0072036,1.5,1.0,1.0,6.0,6.0,-1.0625,6,1.0,GIVE_UP,train,solvability-pair-0072036-try_again_m:6,6.0,solvability,0.0,0.0,1.0,-1.0625
0.0,0.0,0.0,0.0,0.0,0.0,0.75,1,0.0,0.0,0.0,1.25,1.0,solvability-pair-0072036-try_again_n,0.75,2.0,0.0,2.0,0.0,try_again_n,8.0,0.0,0.8,2.0,0.8,-1.2,-1.2,1.0,0.0,0.0,0.0,0.0,0.7772998611746911,0.22270013882530884,solvability-pair-0072036,1.25,0.0,0.0,0.0,0.0,-1.25,0,0.0,TRY_AGAIN,train,solvability-pair-0072036-try_again_n:0,0.0,solvability,0.0,0.0,1.0,-1.25
1.0,0.0,0.0,0.0,0.0,1.0,0.8333333333333334,1,0.0,0.0,1.0,1.1666666666666665,1.0,solvability-pair-0072036-try_again_n,0.8333333333333334,2.0,0.0,2.0,0.6931471805599453,try_again_n,8.0,0.125,0.8,2.0,0.8,-1.2,-1.2,1.0,1.0,0.0,0.0,0.0,0.9997694932780068,0.0002305067219931397,solvability-pair-0072036,8.375,1.0,1.0,1.0,1.0,-1.1666666666666665,1,0.0,TRY_AGAIN,train,solvability-pair-0072036-try_again_n:1,1.0,solvability,0.0,0.0,1.0,-1.1666666666666665
1.0,1.0,0.0,0.0,0.0,2.0,0.875,1,0.0,0.0,2.0,1.125,1.0,solvability-pair-0072036-try_again_n,0.875,2.0,0.0,2.0,1.0986122886681098,try_again_n,8.0,0.25,0.8,2.0,0.8,-1.2,-1.2,1.0,1.0,1.0,0.0,0.0,0.9953904278206259,0.004609572179374208,solvability-pair-0072036,5.375,1.0,1.0,2.0,2.0,-1.125,2,1.0,TRY_AGAIN,train,solvability-pair-0072036-try_again_n:2,2.0,solvability,0.0,0.0,1.0,-1.125
1.0,1.0,1.0,0.0,0.0,3.0,0.9,1,0.0,0.0,3.0,1.1,1.0,solvability-pair-0072036-try_again_n,0.9,2.0,0.0,2.0,1.3862943611198906,try_again_n,8.0,0.375,0.8,2.0,0.8,-1.2,-1.2,1.0,1.0,1.0,1.0,0.0,0.9875683491468141,0.012431650853185818,solvability-pair-0072036,4.375,1.0,1.0,3.0,3.0,-1.1,3,1.0,TRY_AGAIN,train,solvability-pair-0072036-try_again_n:3,3.0,solvability,0.0,0.0,1.0,-1.1
1.0,1.0,1.0,0.0,0.0,4.0,0.9166666666666666,1,0.0,0.0,4.0,1.0833333333333335,1.0,solvability-pair-0072036-try_again_n,0.9166666666666666,2.0,0.0,2.0,1.6094379124341003,try_again_n,8.0,0.5,0.8,2.0,0.8,-1.2,-1.2,1.0,1.0,1.0,1.0,0.0,0.9626731126558706,0.037326887344129464,solvability-pair-0072036,3.25,1.0,1.0,4.0,4.0,-1.0833333333333335,4,1.0,TRY_AGAIN,train,solvability-pair-0072036-try_again_n:4,4.0,solvability,0.0,0.0,1.0,-1.0833333333333335
1.0,1.0,1.0,1.0,0.0,5.0,0.9285714285714286,1,0.0,0.0,5.0,1.0714285714285714,1.0,solvability-pair-0072036-try_again_n,0.9285714285714286,2.0,0.0,2.0,1.791759469228055,try_again_n,8.0,0.625,0.8,2.0,0.8,-1.2,-1.2,1.0,1.0,1.0,1.0,1.0,0.9046505351008906,0.0953494648991095,solvability-pair-0072036,2.25,1.0,1.0,5.0,5.0,-1.0714285714285714,5,1.0,TRY_AGAIN,train,solvability-pair-0072036-try_again_n:5,5.0,solvability,0.0,0.0,1.0,-1.0714285714285714
1.0,1.0,1.0,1.0,0.0,6.0,0.9375,0,0.0,0.0,6.0,1.0625,1.0,solvability-pair-0072036-try_again_n,0.9375,2.0,0.0,2.0,1.9459101490553132,try_again_n,8.0,0.75,0.8,2.0,0.8,-1.2,-1.2,0.0,1.0,1.0,1.0,1.0,0.8519528019683106,0.1480471980316895,solvability-pair-0072036,1.75,1.0,1.0,6.0,6.0,-1.0625,6,1.0,GIVE_UP,train,solvability-pair-0072036-try_again_n:6,6.0,solvability,0.0,0.0,1.0,-1.0625
0.0,0.0,0.0,0.0,1.0,0.0,0.5,0,1.0,0.0,0.0,2.5,0.0,solvability-pair-0072037-try_again_m,-0.5,2.0,0.0,2.0,0.0,try_again_m,8.0,0.0,-0.5,2.0,0.5,-2.5,-2.5,0.0,0.0,0.0,0.0,0.0,0.46879062662624377,0.5312093733737563,solvability-pair-0072037,-0.125,0.0,0.0,0.0,0.0,-2.5,0,0.0,GIVE_UP,test,solvability-pair-0072037-try_again_m:0,0.0,solvability,0.0,0.0,1.0,-2.5
0.0,0.0,0.0,0.0,1.0,0.0,0.5,0,1.0,0.0,0.0,2.5,0.0,solvability-pair-0072037-try_again_n,-0.5,2.0,0.0,2.0,0.0,try_again_n,8.0,0.0,-0.5,2.0,0.5,-2.5,-2.5,0.0,0.0,0.0,0.0,0.0,0.22270013882530884,0.7772998611746911,solvability-pair-0072037,-1.25,0.0,0.0,0.0,0.0,-2.5,0,0.0,GIVE_UP,test,solvability-pair-0072037-try_again_n:0,0.0,solvability,0.0,0.0,1.0,-2.5
0.0,0.0,0.0,0.0,1.0,0.0,0.5,0,1.0,0.0,0.0,0.5,0.0,solvability-pair-0072038-try_again_m,-0.5,0.0,0.0,0.0,0.0,try_again_m,8.0,0.0,-0.5,0.0,0.5,-0.5,-0.5,0.0,0.0,0.0,0.0,0.0,0.5621765008857981,0.4378234991142019,solvability-pair-0072038,0.25,0.0,0.0,0.0,0.0,-0.5,0,0.0,GIVE_UP,train,solvability-pair-0072038-try_again_m:0,0.0,solvability,0.0,0.0,1.0,-0.5
0.0,0.0,0.0,0.0,1.0,0.0,0.5,0,1.0,0.0,0.0,0.5,0.0,solvability-pair-0072038-try_again_n,-0.5,0.0,0.0,0.0,0.0,try_again_n,8.0,0.0,-0.5,0.0,0.5,-0.5,-0.5,0.0,0.0,0.0,0.0,0.0,0.2689414213699951,0.7310585786300049,solvability-pair-0072038,-1.0,0.0,0.0,0.0,0.0,-0.5,0,0.0,GIVE_UP,train,solvability-pair-0072038-try_again_n:0,0.0,solvability,0.0,0.0,1.0,-0.5
0.0,0.0,0.0,0.0,1.0,0.0,0.25,1,1.0,0.0,0.0,2.75,-1.0,solvability-pair-0072039-try_again_m,-0.75,2.0,0.0,2.0,0.0,try_again_m,8.0,0.0,-0.8,2.0,0.2,-2.8,-2.8,-1.0,0.0,0.0,0.0,0.0,0.32082130082460697,0.679178699175393,solvability-pair-0072039,-0.75,0.0,0.0,0.0,0.0,-2.75,0,0.0,TRY_AGAIN,train,solvability-pair-0072039-try_again_m:0,0.0,solvability,0.0,0.0,1.0,-2.75
1.0,0.0,0.0,0.0,1.0,1.0,0.16666666666666666,0,1.0,1.0,-1.0,2.8333333333333335,-1.0,solvability-pair-0072039-try_again_m,-0.8333333333333334,2.0,1.0,2.0,0.6931471805599453,try_again_m,8.0,0.125,-0.8,2.0,0.2,-2.8,-2.8,0.0,-1.0,0.0,0.0,0.0,0.037326887344129464,0.9626731126558706,solvability-pair-0072039,-3.25,1.0,-1.0,0.0,0.0,-2.8333333333333335,1,0.0,GIVE_UP,train,solvability-pair-0072039-try_again_m:1,0.0,solvability,0.0,0.0,1.0,-2.8333333333333335
0.0,0.0,0.0,0.0,1.0,0.0,0.25,1,1.0,0.0,0.0,2.75,-1.0,solvability-pair-0072039-try_again_n,-0.75,2.0,0.0,2.0,0.0,try_again_n,8.0,0.0,-0.8,2.0,0.2,-2.8,-2.8,-1.0,0.0,0.0,0.0,0.0,0.18242552380635632,0.8175744761936437,solvability-pair-0072039,-1.5,0.0,0.0,0.0,0.0,-2.75,0,0.0,TRY_AGAIN,train,solvability-pair-0072039-try_again_n:0,0.0,solvability,0.0,0.0,1.0,-2.75
1.0,0.0,0.0,0.0,1.0,1.0,0.16666666666666666,0,1.0,1.0,-1.0,2.8333333333333335,-1.0,solvability-pair-0072039-try_again_n,-0.8333333333333334,2.0,1.0,2.0,0.6931471805599453,try_again_n,8.0,0.125,-0.8,2.0,0.2,-2.8,-2.8,0.0,-1.0,0.0,0.0,0.0,0.029312230751356316,0.9706877692486436,solvability-pair-0072039,-3.5,1.0,-1.0,0.0,0.0,-2.8333333333333335,1,0.0,GIVE_UP,train,solvability-pair-0072039-try_again_n:1,0.0,solvability,0.0,0.0,1.0,-2.8333333333333335
0.0,0.0,0.0,0.0,1.0,0.0,0.75,1,1.0,0.0,0.0,0.25,1.0,solvability-pair-0072040-try_again_m,-0.25,0.0,0.0,0.0,0.0,try_again_m,8.0,0.0,-0.19999999999999996,0.0,0.8,-0.19999999999999996,-0.19999999999999996,1.0,0.0,0.0,0.0,0.0,0.9626731126558706,0.037326887344129464,solvability-pair-0072040,3.25,0.0,0.0,0.0,0.0,-0.25,0,0.0,TRY_AGAIN,test,solvability-pair-0072040-try_again_m:0,0.0,solvability,0.0,0.0,1.0,-0.25
1.0,0.0,0.0,0.0,1.0,1.0,0.8333333333333334,1,1.0,1.0,1.0,0.16666666666666663,1.0,solvability-pair-0072040-try_again_m,-0.16666666666666663,0.0,0.0,0.0,0.6931471805599453,try_again_m,8.0,0.125,-0.19999999999999996,0.0,0.8,-0.19999999999999996,-0.19999999999999996,1.0,1.0,0.0,0.0,0.0,0.9995694429186754,0.00043055708132461493,solvability-pair-0072040,7.75,1.0,1.0,1.0,1.0,-0.16666666666666663,1,0.0,TRY_AGAIN,test,solvability-pair-0072040-try_again_m:1,1.0,solvability,0.0,0.0,1.0,-0.16666666666666663
1.0,1.0,0.0,0.0,1.0,2.0,0.875,1,1.0,2.0,2.0,0.125,1.0,solvability-pair-0072040-try_again_m,-0.125,0.0,0.0,0.0,1.0986122886681098,try_again_m,8.0,0.25,-0.19999999999999996,0.0,0.8,-0.19999999999999996,-0.19999999999999996,1.0,1.0,1.0,0.0,0.0,0.991422514586288,0.008577485413711986,solvability-pair-0072040,4.75,1.0,1.0,2.0,2.0,-0.125,2,1.0,TRY_AGAIN,test,solvability-pair-0072040-try_again_m:2,2.0,solvability,0.0,0.0,1.0,-0.125
1.0,1.0,1.0,0.0,1.0,3.0,0.9,1,1.0,3.0,3.0,0.09999999999999998,1.0,solvability-pair-0072040-try_again_m,-0.09999999999999998,0.0,0.0,0.0,1.3862943611198906,try_again_m,8.0,0.375,-0.19999999999999996,0.0,0.8,-0.19999999999999996,-0.19999999999999996,1.0,1.0,1.0,1.0,0.0,0.9770226300899744,0.02297736991002561,solvability-pair-0072040,3.75,1.0,1.0,3.0,3.0,-0.09999999999999998,3,1.0,TRY_AGAIN,test,solvability-pair-0072040-try_again_m:3,3.0,solvability,0.0,0.0,1.0,-0.09999999999999998
1.0,1.0,1.0,0.0,1.0,4.0,0.9166666666666666,0,1.0,4.0,4.0,0.08333333333333337,1.0,solvability-pair-0072040-try_again_m,-0.08333333333333337,0.0,0.0,0.0,1.6094379124341003,try_again_m,8.0,0.5,-0.19999999999999996,0.0,0.8,-0.19999999999999996,-0.19999999999999996,0.0,1.0,1.0,1.0,0.0,0.8933094060543487,0.10669059394565118,solvability-pair-0072040,2.125,1.0,1.0,4.0,4.0,-0.08333333333333337,4,1.0,GIVE_UP,test,solvability-pair-0072040-try_again_m:4,4.0,solvability,0.0,0.0,1.0,-0.08333333333333337
0.0,0.0,0.0,0.0,1.0,0.0,0.75,1,1.0,0.0,0.0,0.25,1.0,solvability-pair-0072040-try_again_n,-0.25,0.0,0.0,0.0,0.0,try_again_n,8.0,0.0,-0.19999999999999996,0.0,0.8,-0.19999999999999996,-0.19999999999999996,1.0,0.0,0.0,0.0,0.0,0.7549149868676283,0.24508501313237172,solvability-pair-0072040,1.125,0.0,0.0,0.0,0.0,-0.25,0,0.0,TRY_AGAIN,test,solvability-pair-0072040-try_again_n:0,0.0,solvability,0.0,0.0,1.0,-0.25
1.0,0.0,0.0,0.0,1.0,1.0,0.8333333333333334,1,1.0,1.0,1.0,0.16666666666666663,1.0,solvability-pair-0072040-try_again_n,-0.16666666666666663,0.0,0.0,0.0,0.6931471805599453,try_again_n,8.0,0.125,-0.19999999999999996,0.0,0.8,-0.19999999999999996,-0.19999999999999996,1.0,1.0,0.0,0.0,0.0,0.9998204720306533,0.0001795279693467774,solvability-pair-0072040,8.625,1.0,1.0,1.0,1.0,-0.16666666666666663,1,0.0,TRY_AGAIN,test,solvability-pair-0072040-try_again_n:1,1.0,solvability,0.0,0.0,1.0,-0.16666666666666663
1.0,1.0,0.0,0.0,1.0,2.0,0.875,1,1.0,2.0,2.0,0.125,1.0,solvability-pair-0072040-try_again_n,-0.125,0.0,0.0,0.0,1.0986122886681098,try_again_n,8.0,0.25,-0.19999999999999996,0.0,0.8,-0.19999999999999996,-0.19999999999999996,1.0,1.0,1.0,0.0,0.0,0.9975273768433653,0.0024726231566347748,solvability-pair-0072040,6.0,1.0,1.0,2.0,2.0,-0.125,2,1.0,TRY_AGAIN,test,solvability-pair-0072040-try_again_n:2,2.0,solvability,0.0,0.0,1.0,-0.125
1.0,1.0,1.0,0.0,1.0,3.0,0.9,1,1.0,3.0,3.0,0.09999999999999998,1.0,solvability-pair-0072040-try_again_n,-0.09999999999999998,0.0,0.0,0.0,1.3862943611198906,try_again_n,8.0,0.375,-0.19999999999999996,0.0,0.8,-0.19999999999999996,-0.19999999999999996,1.0,1.0,1.0,1.0,0.0,0.991422514586288,0.008577485413711986,solvability-pair-0072040,4.75,1.0,1.0,3.0,3.0,-0.09999999999999998,3,1.0,TRY_AGAIN,test,solvability-pair-0072040-try_again_n:3,3.0,solvability,0.0,0.0,1.0,-0.09999999999999998
1.0,1.0,1.0,0.0,1.0,4.0,0.9166666666666666,0,1.0,4.0,4.0,0.08333333333333337,1.0,solvability-pair-0072040-try_again_n,-0.08333333333333337,0.0,0.0,0.0,1.6094379124341003,try_again_n,8.0,0.5,-0.19999999999999996,0.0,0.8,-0.19999999999999996,-0.19999999999999996,0.0,1.0,1.0,1.0,0.0,0.9324533088603709,0.0675466911396291,solvability-pair-0072040,2.625,1.0,1.0,4.0,4.0,-0.08333333333333337,4,1.0,GIVE_UP,test,solvability-pair-0072040-try_again_n:4,4.0,solvability,0.0,0.0,1.0,-0.08333333333333337
0.0,0.0,0.0,0.0,0.0,0.0,0.5,0,0.0,0.0,0.0,1.5,0.0,solvability-pair-0072041-try_again_m,0.5,2.0,0.0,2.0,0.0,try_again_m,8.0,0.0,0.5,2.0,0.5,-1.5,-1.5,0.0,0.0,0.0,0.0,0.0,0.6224593312018546,0.37754066879814546,solvability-pair-0072041,0.5,0.0,0.0,0.0,0.0,-1.5,0,0.0,GIVE_UP,validation,solvability-pair-0072041-try_again_m:0,0.0,solvability,0.0,0.0,1.0,-1.5
0.0,0.0,0.0,0.0,0.0,0.0,0.5,0,0.0,0.0,0.0,1.5,0.0,solvability-pair-0072041-try_again_n,0.5,2.0,0.0,2.0,0.0,try_again_n,8.0,0.0,0.5,2.0,0.5,-1.5,-1.5,0.0,0.0,0.0,0.0,0.0,0.2689414213699951,0.7310585786300049,solvability-pair-0072041,-1.0,0.0,0.0,0.0,0.0,-1.5,0,0.0,GIVE_UP,validation,solvability-pair-0072041-try_again_n:0,0.0,solvability,0.0,0.0,1.0,-1.5
0.0,0.0,0.0,0.0,0.0,0.0,0.5,1,0.0,0.0,0.0,-0.5,0.0,solvability-pair-0072042-try_again_m,0.5,0.0,0.0,0.0,0.0,try_again_m,8.0,0.0,0.5,0.0,0.5,0.5,0.5,-1.0,0.0,0.0,0.0,0.0,0.7549149868676283,0.24508501313237172,solvability-pair-0072042,1.125,0.0,0.0,0.0,0.0,0.5,0,0.0,TRY_AGAIN,train,solvability-pair-0072042-try_again_m:0,0.0,solvability,0.0,0.0,1.0,0.5
1.0,0.0,0.0,0.0,0.0,1.0,0.3333333333333333,0,0.0,0.0,-1.0,-0.3333333333333333,0.0,solvability-pair-0072042-try_again_m,0.3333333333333333,0.0,1.0,0.0,0.6931471805599453,try_again_m,8.0,0.125,0.5,0.0,0.5,0.5,0.5,0.0,-1.0,0.0,0.0,0.0,0.037326887344129464,0.9626731126558706,solvability-pair-0072042,-3.25,1.0,-1.0,0.0,0.0,0.3333333333333333,1,0.0,GIVE_UP,train,solvability-pair-0072042-try_again_m:1,0.0,solvability,0.0,0.0,1.0,0.3333333333333333
0.0,0.0,0.0,0.0,0.0,0.0,0.5,0,0.0,0.0,0.0,-0.5,0.0,solvability-pair-0072042-try_again_n,0.5,0.0,0.0,0.0,0.0,try_again_n,8.0,0.0,0.5,0.0,0.5,0.5,0.5,0.0,0.0,0.0,0.0,0.0,0.34864513533394575,0.6513548646660542,solvability-pair-0072042,-0.625,0.0,0.0,0.0,0.0,0.5,0,0.0,GIVE_UP,train,solvability-pair-0072042-try_again_n:0,0.0,solvability,0.0,0.0,1.0,0.5
0.0,0.0,0.0,0.0,0.0,0.0,0.25,1,0.0,0.0,0.0,-0.25,-1.0,solvability-pair-0072043-try_again_m,0.25,0.0,0.0,0.0,0.0,try_again_m,8.0,0.0,0.2,0.0,0.2,0.2,0.2,-1.0,0.0,0.0,0.0,0.0,0.5,0.5,solvability-pair-0072043,0.0,0.0,0.0,0.0,0.0,0.25,0,0.0,TRY_AGAIN,test,solvability-pair-0072043-try_again_m:0,0.0,solvability,0.0,0.0,1.0,0.25
1.0,0.0,0.0,0.0,0.0,1.0,0.16666666666666666,0,0.0,0.0,-1.0,-0.16666666666666666,-1.0,solvability-pair-0072043-try_again_m,0.16666666666666666,0.0,1.0,0.0,0.6931471805599453,try_again_m,8.0,0.125,0.2,0.0,0.2,0.2,0.2,0.0,-1.0,0.0,0.0,0.0,0.02595735719779685,0.9740426428022031,solvability-pair-0072043,-3.625,1.0,-1.0,0.0,0.0,0.16666666666666666,1,0.0,GIVE_UP,test,solvability-pair-0072043-try_again_m:1,0.0,solvability,0.0,0.0,1.0,0.16666666666666666
0.0,0.0,0.0,0.0,0.0,0.0,0.25,0,0.0,0.0,0.0,-0.25,-1.0,solvability-pair-0072043-try_again_n,0.25,0.0,0.0,0.0,0.0,try_again_n,8.0,0.0,0.2,0.0,0.2,0.2,0.2,0.0,0.0,0.0,0.0,0.0,0.22270013882530884,0.7772998611746911,solvability-pair-0072043,-1.25,0.0,0.0,0.0,0.0,0.25,0,0.0,GIVE_UP,test,solvability-pair-0072043-try_again_n:0,0.0,solvability,0.0,0.0,1.0,0.25
0.0,0.0,0.0,0.0,0.0,0.0,0.25,0,0.0,0.0,0.0,1.75,-1.0,solvability-pair-0072044-try_again_m,0.25,2.0,0.0,2.0,0.0,try_again_m,8.0,0.0,0.2,2.0,0.2,-1.8,-1.8,0.0,0.0,0.0,0.0,0.0,0.4073334000459302,0.5926665999540697,solvability-pair-0072044,-0.375,0.0,0.0,0.0,0.0,-1.75,0,0.0,GIVE_UP,validation,solvability-pair-0072044-try_again_m:0,0.0,solvability,0.0,0.0,1.0,-1.75
0.0,0.0,0.0,0.0,0.0,0.0,0.25,0,0.0,0.0,0.0,1.75,-1.0,solvability-pair-0072044-try_again_n,0.25,2.0,0.0,2.0,0.0,try_again_n,8.0,0.0,0.2,2.0,0.2,-1.8,-1.8,0.0,0.0,0.0,0.0,0.0,0.20181322226037882,0.7981867777396212,solvability-pair-0072044,-1.375,0.0,0.0,0.0,0.0,-1.75,0,0.0,GIVE_UP,validation,solvability-pair-0072044-try_again_n:0,0.0,solvability,0.0,0.0,1.0,-1.75
0.0,0.0,0.0,0.0,1.0,0.0,0.25,0,1.0,0.0,0.0,0.75,-1.0,solvability-pair-0072045-try_again_m,-0.75,0.0,0.0,0.0,0.0,try_again_m,8.0,0.0,-0.8,0.0,0.2,-0.8,-0.8,0.0,0.0,0.0,0.0,0.0,0.37754066879814546,0.6224593312018546,solvability-pair-0072045,-0.5,0.0,0.0,0.0,0.0,-0.75,0,0.0,GIVE_UP,test,solvability-pair-0072045-try_again_m:0,0.0,solvability,0.0,0.0,1.0,-0.75
0.0,0.0,0.0,0.0,1.0,0.0,0.25,0,1.0,0.0,0.0,0.75,-1.0,solvability-pair-0072045-try_again_n,-0.75,0.0,0.0,0.0,0.0,try_again_n,8.0,0.0,-0.8,0.0,0.2,-0.8,-0.8,0.0,0.0,0.0,0.0,0.0,0.22270013882530884,0.7772998611746911,solvability-pair-0072045,-1.25,0.0,0.0,0.0,0.0,-0.75,0,0.0,GIVE_UP,test,solvability-pair-0072045-try_again_n:0,0.0,solvability,0.0,0.0,1.0,-0.75
0.0,0.0,0.0,0.0,0.0,0.0,0.75,0,0.0,0.0,0.0,-0.75,1.0,solvability-pair-0072046-try_again_m,0.75,0.0,0.0,0.0,0.0,try_again_m,8.0,0.0,0.8,0.0,0.8,0.8,0.8,0.0,0.0,0.0,0.0,0.0,0.9840936082881853,0.01590639171181471,solvability-pair-0072046,4.125,0.0,0.0,0.0,0.0,0.75,0,0.0,GIVE_UP,validation,solvability-pair-0072046-try_again_m:0,0.0,solvability,0.0,0.0,1.0,0.75
0.0,0.0,0.0,0.0,0.0,0.0,0.75,0,0.0,0.0,0.0,-0.75,1.0,solvability-pair-0072046-try_again_n,0.75,0.0,0.0,0.0,0.0,try_again_n,8.0,0.0,0.8,0.0,0.8,0.8,0.8,0.0,0.0,0.0,0.0,0.0,0.8175744761936437,0.18242552380635632,solvability-pair-0072046,1.5,0.0,0.0,0.0,0.0,0.75,0,0.0,GIVE_UP,validation,solvability-pair-0072046-try_again_n:0,0.0,solvability,0.0,0.0,1.0,0.75
0.0,0.0,0.0,0.0,1.0,0.0,0.75,1,1.0,0.0,0.0,2.25,1.0,solvability-pair-0072047-try_again_m,-0.25,2.0,0.0,2.0,0.0,try_again_m,8.0,0.0,-0.19999999999999996,2.0,0.8,-2.2,-2.2,-1.0,0.0,0.0,0.0,0.0,0.9399133498259924,0.06008665017400762,solvability-pair-0072047,2.75,0.0,0.0,0.0,0.0,-2.25,0,0.0,TRY_AGAIN,test,solvability-pair-0072047-try_again_m:0,0.0,solvability,0.0,0.0,1.0,-2.25
1.0,0.0,0.0,0.0,1.0,1.0,0.5,0,1.0,1.0,-1.0,2.5,1.0,solvability-pair-0072047-try_again_m,-0.5,2.0,1.0,2.0,0.6931471805599453,try_again_m,8.0,0.125,-0.19999999999999996,2.0,0.8,-2.2,-2.2,0.0,-1.0,0.0,0.0,0.0,0.07585818002124356,0.9241418199787566,solvability-pair-0072047,-2.5,1.0,-1.0,0.0,0.0,-2.5,1,0.0,GIVE_UP,test,solvability-pair-0072047-try_again_m:1,0.0,solvability,0.0,0.0,1.0,-2.5
0.0,0.0,0.0,0.0,1.0,0.0,0.75,1,1.0,0.0,0.0,2.25,1.0,solvability-pair-0072047-try_again_n,-0.25,2.0,0.0,2.0,0.0,try_again_n,8.0,0.0,-0.19999999999999996,2.0,0.8,-2.2,-2.2,-1.0,0.0,0.0,0.0,0.0,0.679178699175393,0.32082130082460697,solvability-pair-0072047,0.75,0.0,0.0,0.0,0.0,-2.25,0,0.0,TRY_AGAIN,test,solvability-pair-0072047-try_again_n:0,0.0,solvability,0.0,0.0,1.0,-2.25
1.0,0.0,0.0,0.0,1.0,1.0,0.5,0,1.0,1.0,-1.0,2.5,1.0,solvability-pair-0072047-try_again_n,-0.5,2.0,1.0,2.0,0.6931471805599453,try_again_n,8.0,0.125,-0.19999999999999996,2.0,0.8,-2.2,-2.2,0.0,-1.0,0.0,0.0,0.0,0.08509904500702024,0.9149009549929797,solvability-pair-0072047,-2.375,1.0,-1.0,0.0,0.0,-2.5,1,0.0,GIVE_UP,test,solvability-pair-0072047-try_again_n:1,0.0,solvability,0.0,0.0,1.0,-2.5
0.0,0.0,0.0,0.0,0.0,0.0,0.75,0,0.0,0.0,0.0,1.25,1.0,solvability-pair-0072048-try_again_m,0.75,2.0,0.0,2.0,0.0,try_again_m,8.0,0.0,0.8,2.0,0.8,-1.2,-1.2,0.0,0.0,0.0,0.0,0.0,0.9770226300899744,0.02297736991002561,solvability-pair-0072048,3.75,0.0,0.0,0.0,0.0,-1.25,0,0.0,GIVE_UP,train,solvability-pair-0072048-try_again_m:0,0.0,solvability,0.0,0.0,1.0,-1.25
0.0,0.0,0.0,0.0,0.0,0.0,0.75,0,0.0,0.0,0.0,1.25,1.0,solvability-pair-0072048-try_again_n,0.75,2.0,0.0,2.0,0.0,try_again_n,8.0,0.0,0.8,2.0,0.8,-1.2,-1.2,0.0,0.0,0.0,0.0,0.0,0.7772998611746911,0.22270013882530884,solvability-pair-0072048,1.25,0.0,0.0,0.0,0.0,-1.25,0,0.0,GIVE_UP,train,solvability-pair-0072048-try_again_n:0,0.0,solvability,0.0,0.0,1.0,-1.25
0.0,0.0,0.0,0.0,1.0,0.0,0.5,0,1.0,0.0,0.0,2.5,0.0,solvability-pair-0072049-try_again_m,-0.5,2.0,0.0,2.0,0.0,try_again_m,8.0,0.0,-0.5,2.0,0.5,-2.5,-2.5,0.0,0.0,0.0,0.0,0.0,0.46879062662624377,0.5312093733737563,solvability-pair-0072049,-0.125,0.0,0.0,0.0,0.0,-2.5,0,0.0,GIVE_UP,train,solvability-pair-0072049-try_again_m:0,0.0,solvability,0.0,0.0,1.0,-2.5
0.0,0.0,0.0,0.0,1.0,0.0,0.5,0,1.0,0.0,0.0,2.5,0.0,solvability-pair-0072049-try_again_n,-0.5,2.0,0.0,2.0,0.0,try_again_n,8.0,0.0,-0.5,2.0,0.5,-2.5,-2.5,0.0,0.0,0.0,0.0,0.0,0.22270013882530884,0.7772998611746911,solvability-pair-0072049,-1.25,0.0,0.0,0.0,0.0,-2.5,0,0.0,GIVE_UP,train,solvability-pair-0072049-try_again_n:0,0.0,solvability,0.0,0.0,1.0,-2.5
0.0,0.0,0.0,0.0,1.0,0.0,0.5,0,1.0,0.0,0.0,0.5,0.0,solvability-pair-0072050-try_again_m,-0.5,0.0,0.0,0.0,0.0,try_again_m,8.0,0.0,-0.5,0.0,0.5,-0.5,-0.5,0.0,0.0,0.0,0.0,0.0,0.5621765008857981,0.4378234991142019,solvability-pair-0072050,0.25,0.0,0.0,0.0,0.0,-0.5,0,0.0,GIVE_UP,train,solvability-pair-0072050-try_again_m:0,0.0,solvability,0.0,0.0,1.0,-0.5
0.0,0.0,0.0,0.0,1.0,0.0,0.5,0,1.0,0.0,0.0,0.5,0.0,solvability-pair-0072050-try_again_n,-0.5,0.0,0.0,0.0,0.0,try_again_n,8.0,0.0,-0.5,0.0,0.5,-0.5,-0.5,0.0,0.0,0.0,0.0,0.0,0.2689414213699951,0.7310585786300049,solvability-pair-0072050,-1.0,0.0,0.0,0.0,0.0,-0.5,0,0.0,GIVE_UP,train,solvability-pair-0072050-try_again_n:0,0.0,solvability,0.0,0.0,1.0,-0.5
0.0,0.0,0.0,0.0,1.0,0.0,0.25,1,1.0,0.0,0.0,2.75,-1.0,solvability-pair-0072051-try_again_m,-0.75,2.0,0.0,2.0,0.0,try_again_m,8.0,0.0,-0.8,2.0,0.2,-2.8,-2.8,-1.0,0.0,0.0,0.0,0.0,0.32082130082460697,0.679178699175393,solvability-pair-0072051,-0.75,0.0,0.0,0.0,0.0,-2.75,0,0.0,TRY_AGAIN,test,solvability-pair-0072051-try_again_m:0,0.0,solvability,0.0,0.0,1.0,-2.75
1.0,0.0,0.0,0.0,1.0,1.0,0.16666666666666666,0,1.0,1.0,-1.0,2.8333333333333335,-1.0,solvability-pair-0072051-try_again_m,-0.8333333333333334,2.0,1.0,2.0,0.6931471805599453,try_again_m,8.0,0.125,-0.8,2.0,0.2,-2.8,-2.8,0.0,-1.0,0.0,0.0,0.0,0.037326887344129464,0.9626731126558706,solvability-pair-0072051,-3.25,1.0,-1.0,0.0,0.0,-2.8333333333333335,1,0.0,GIVE_UP,test,solvability-pair-0072051-try_again_m:1,0.0,solvability,0.0,0.0,1.0,-2.8333333333333335
0.0,0.0,0.0,0.0,1.0,0.0,0.25,0,1.0,0.0,0.0,2.75,-1.0,solvability-pair-0072051-try_again_n,-0.75,2.0,0.0,2.0,0.0,try_again_n,8.0,0.0,-0.8,2.0,0.2,-2.8,-2.8,0.0,0.0,0.0,0.0,0.0,0.18242552380635632,0.8175744761936437,solvability-pair-0072051,-1.5,0.0,0.0,0.0,0.0,-2.75,0,0.0,GIVE_UP,test,solvability-pair-0072051-try_again_n:0,0.0,solvability,0.0,0.0,1.0,-2.75
0.0,0.0,0.0,0.0,1.0,0.0,0.75,1,1.0,0.0,0.0,0.25,1.0,solvability-pair-0072052-try_again_m,-0.25,0.0,0.0,0.0,0.0,try_again_m,8.0,0.0,-0.19999999999999996,0.0,0.8,-0.19999999999999996,-0.19999999999999996,-1.0,0.0,0.0,0.0,0.0,0.9626731126558706,0.037326887344129464,solvability-pair-0072052,3.25,0.0,0.0,0.0,0.0,-0.25,0,0.0,TRY_AGAIN,train,solvability-pair-0072052-try_again_m:0,0.0,solvability,0.0,0.0,1.0,-0.25
1.0,0.0,0.0,0.0,1.0,1.0,0.5,0,1.0,1.0,-1.0,0.5,1.0,solvability-pair-0072052-try_again_m,-0.5,0.0,1.0,0.0,0.6931471805599453,try_again_m,8.0,0.125,-0.19999999999999996,0.0,0.8,-0.19999999999999996,-0.19999999999999996,0.0,-1.0,0.0,0.0,0.0,0.06008665017400762,0.9399133498259924,solvability-pair-0072052,-2.75,1.0,-1.0,0.0,0.0,-0.5,1,0.0,GIVE_UP,train,solvability-pair-0072052-try_again_m:1,0.0,solvability,0.0,0.0,1.0,-0.5
0.0,0.0,0.0,0.0,1.0,0.0,0.75,0,1.0,0.0,0.0,0.25,1.0,solvability-pair-0072052-try_again_n,-0.25,0.0,0.0,0.0,0.0,try_again_n,8.0,0.0,-0.19999999999999996,0.0,0.8,-0.19999999999999996,-0.19999999999999996,0.0,0.0,0.0,0.0,0.0,0.7549149868676283,0.24508501313237172,solvability-pair-0072052,1.125,0.0,0.0,0.0,0.0,-0.25,0,0.0,GIVE_UP,train,solvability-pair-0072052-try_again_n:0,0.0,solvability,0.0,0.0,1.0,-0.25
0.0,0.0,0.0,0.0,0.0,0.0,0.5,1,0.0,0.0,0.0,1.5,0.0,solvability-pair-0072053-try_again_m,0.5,2.0,0.0,2.0,0.0,try_again_m,8.0,0.0,0.5,2.0,0.5,-1.5,-1.5,-1.0,0.0,0.0,0.0,0.0,0.6224593312018546,0.37754066879814546,solvability-pair-0072053,0.5,0.0,0.0,0.0,0.0,-1.5,0,0.0,TRY_AGAIN,train,solvability-pair-0072053-try_again_m:0,0.0,solvability,0.0,0.0,1.0,-1.5
1.0,0.0,0.0,0.0,0.0,1.0,0.3333333333333333,0,0.0,0.0,-1.0,1.6666666666666667,0.0,solvability-pair-0072053-try_again_m,0.3333333333333333,2.0,1.0,2.0,0.6931471805599453,try_again_m,8.0,0.125,0.5,2.0,0.5,-1.5,-1.5,0.0,-1.0,0.0,0.0,0.0,0.04208772791561884,0.9579122720843811,solvability-pair-0072053,-3.125,1.0,-1.0,0.0,0.0,-1.6666666666666667,1,0.0,GIVE_UP,train,solvability-pair-0072053-try_again_m:1,0.0,solvability,0.0,0.0,1.0,-1.6666666666666667
0.0,0.0,0.0,0.0,0.0,0.0,0.5,0,0.0,0.0,0.0,1.5,0.0,solvability-pair-0072053-try_again_n,0.5,2.0,0.0,2.0,0.0,try_again_n,8.0,0.0,0.5,2.0,0.5,-1.5,-1.5,0.0,0.0,0.0,0.0,0.0,0.2689414213699951,0.7310585786300049,solvability-pair-0072053,-1.0,0.0,0.0,0.0,0.0,-1.5,0,0.0,GIVE_UP,train,solvability-pair-0072053-try_again_n:0,0.0,solvability,0.0,0.0,1.0,-1.5
0.0,0.0,0.0,0.0,0.0,0.0,0.5,1,0.0,0.0,0.0,-0.5,0.0,solvability-pair-0072054-try_again_m,0.5,0.0,0.0,0.0,0.0,try_again_m,8.0,0.0,0.5,0.0,0.5,0.5,0.5,1.0,0.0,0.0,0.0,0.0,0.7549149868676283,0.24508501313237172,solvability-pair-0072054,1.125,0.0,0.0,0.0,0.0,0.5,0,0.0,TRY_AGAIN,train,solvability-pair-0072054-try_again_m:0,0.0,solvability,0.0,0.0,1.0,0.5
1.0,0.0,0.0,0.0,0.0,1.0,0.6666666666666666,1,0.0,0.0,1.0,-0.6666666666666666,0.0,solvability-pair-0072054-try_again_m,0.6666666666666666,0.0,0.0,0.0,0.6931471805599453,try_again_m,8.0,0.125,0.5,0.0,0.5,0.5,0.5,-1.0,1.0,0.0,0.0,0.0,0.9989677689632452,0.0010322310367548194,solvability-pair-0072054,6.875,1.0,1.0,1.0,1.0,0.6666666666666666,1,0.0,TRY_AGAIN,train,solvability-pair-0072054-try_again_m:1,1.0,solvability,0.0,0.0,1.0,0.6666666666666666
1.0,1.0,0.0,0.0,0.0,2.0,0.5,1,0.0,0.0,0.0,-0.5,0.0,solvability-pair-0072054-try_again_m,0.5,0.0,1.0,0.0,1.0986122886681098,try_again_m,8.0,0.25,0.5,0.0,0.5,0.5,0.5,1.0,-1.0,1.0,0.0,0.0,0.7549149868676283,0.24508501313237172,solvability-pair-0072054,1.125,1.0,-1.0,1.0,1.0,0.5,2,1.0,TRY_AGAIN,train,solvability-pair-0072054-try_again_m:2,0.0,solvability,0.0,0.0,1.0,0.5
1.0,1.0,1.0,0.0,0.0,3.0,0.6,1,0.0,0.0,1.0,-0.6,0.0,solvability-pair-0072054-try_again_m,0.6,0.0,0.0,0.0,1.3862943611198906,try_again_m,8.0,0.375,0.5,0.0,0.5,0.5,0.5,-1.0,1.0,-1.0,1.0,0.0,0.9465966702001757,0.053403329799824234,solvability-pair-0072054,2.875,1.0,1.0,2.0,2.0,0.6,3,1.0,TRY_AGAIN,train,solvability-pair-0072054-try_again_m:3,1.0,solvability,0.0,0.0,1.0,0.6
1.0,1.0,1.0,0.0,0.0,4.0,0.5,0,0.0,0.0,0.0,-0.5,0.0,solvability-pair-0072054-try_again_m,0.5,0.0,1.0,0.0,1.6094379124341003,try_again_m,8.0,0.5,0.5,0.0,0.5,0.5,0.5,0.0,-1.0,1.0,-1.0,0.0,0.46879062662624377,0.5312093733737563,solvability-pair-0072054,-0.125,1.0,-1.0,2.0,2.0,0.5,4,1.0,GIVE_UP,train,solvability-pair-0072054-try_again_m:4,0.0,solvability,0.0,0.0,1.0,0.5
0.0,0.0,0.0,0.0,0.0,0.0,0.5,0,0.0,0.0,0.0,-0.5,0.0,solvability-pair-0072054-try_again_n,0.5,0.0,0.0,0.0,0.0,try_again_n,8.0,0.0,0.5,0.0,0.5,0.5,0.5,0.0,0.0,0.0,0.0,0.0,0.34864513533394575,0.6513548646660542,solvability-pair-0072054,-0.625,0.0,0.0,0.0,0.0,0.5,0,0.0,GIVE_UP,train,solvability-pair-0072054-try_again_n:0,0.0,solvability,0.0,0.0,1.0,0.5
0.0,0.0,0.0,0.0,0.0,0.0,0.25,0,0.0,0.0,0.0,-0.25,-1.0,solvability-pair-0072055-try_again_m,0.25,0.0,0.0,0.0,0.0,try_again_m,8.0,0.0,0.2,0.0,0.2,0.2,0.2,0.0,0.0,0.0,0.0,0.0,0.5,0.5,solvability-pair-0072055,0.0,0.0,0.0,0.0,0.0,0.25,0,0.0,GIVE_UP,test,solvability-pair-0072055-try_again_m:0,0.0,solvability,0.0,0.0,1.0,0.25
0.0,0.0,0.0,0.0,0.0,0.0,0.25,0,0.0,0.0,0.0,-0.25,-1.0,solvability-pair-0072055-try_again_n,0.25,0.0,0.0,0.0,0.0,try_again_n,8.0,0.0,0.2,0.0,0.2,0.2,0.2,0.0,0.0,0.0,0.0,0.0,0.22270013882530884,0.7772998611746911,solvability-pair-0072055,-1.25,0.0,0.0,0.0,0.0,0.25,0,0.0,GIVE_UP,test,solvability-pair-0072055-try_again_n:0,0.0,solvability,0.0,0.0,1.0,0.25
0.0,0.0,0.0,0.0,0.0,0.0,0.25,0,0.0,0.0,0.0,1.75,-1.0,solvability-pair-0072056-try_again_m,0.25,2.0,0.0,2.0,0.0,try_again_m,8.0,0.0,0.2,2.0,0.2,-1.8,-1.8,0.0,0.0,0.0,0.0,0.0,0.4073334000459302,0.5926665999540697,solvability-pair-0072056,-0.375,0.0,0.0,0.0,0.0,-1.75,0,0.0,GIVE_UP,train,solvability-pair-0072056-try_again_m:0,0.0,solvability,0.0,0.0,1.0,-1.75
0.0,0.0,0.0,0.0,0.0,0.0,0.25,0,0.0,0.0,0.0,1.75,-1.0,solvability-pair-0072056-try_again_n,0.25,2.0,0.0,2.0,0.0,try_again_n,8.0,0.0,0.2,2.0,0.2,-1.8,-1.8,0.0,0.0,0.0,0.0,0.0,0.20181322226037882,0.7981867777396212,solvability-pair-0072056,-1.375,0.0,0.0,0.0,0.0,-1.75,0,0.0,GIVE_UP,train,solvability-pair-0072056-try_again_n:0,0.0,solvability,0.0,0.0,1.0,-1.75
0.0,0.0,0.0,0.0,1.0,0.0,0.25,0,1.0,0.0,0.0,0.75,-1.0,solvability-pair-0072057-try_again_m,-0.75,0.0,0.0,0.0,0.0,try_again_m,8.0,0.0,-0.8,0.0,0.2,-0.8,-0.8,0.0,0.0,0.0,0.0,0.0,0.37754066879814546,0.6224593312018546,solvability-pair-0072057,-0.5,0.0,0.0,0.0,0.0,-0.75,0,0.0,GIVE_UP,train,solvability-pair-0072057-try_again_m:0,0.0,solvability,0.0,0.0,1.0,-0.75
0.0,0.0,0.0,0.0,1.0,0.0,0.25,0,1.0,0.0,0.0,0.75,-1.0,solvability-pair-0072057-try_again_n,-0.75,0.0,0.0,0.0,0.0,try_again_n,8.0,0.0,-0.8,0.0,0.2,-0.8,-0.8,0.0,0.0,0.0,0.0,0.0,0.22270013882530884,0.7772998611746911,solvability-pair-0072057,-1.25,0.0,0.0,0.0,0.0,-0.75,0,0.0,GIVE_UP,train,solvability-pair-0072057-try_again_n:0,0.0,solvability,0.0,0.0,1.0,-0.75
0.0,0.0,0.0,0.0,0.0,0.0,0.75,1,0.0,0.0,0.0,-0.75,1.0,solvability-pair-0072058-try_again_m,0.75,0.0,0.0,0.0,0.0,try_again_m,8.0,0.0,0.8,0.0,0.8,0.8,0.8,1.0,0.0,0.0,0.0,0.0,0.9840936082881853,0.01590639171181471,solvability-pair-0072058,4.125,0.0,0.0,0.0,0.0,0.75,0,0.0,TRY_AGAIN,train,solvability-pair-0072058-try_again_m:0,0.0,solvability,0.0,0.0,1.0,0.75
1.0,0.0,0.0,0.0,0.0,1.0,0.8333333333333334,1,0.0,0.0,1.0,-0.8333333333333334,1.0,solvability-pair-0072058-try_again_m,0.8333333333333334,0.0,0.0,0.0,0.6931471805599453,try_again_m,8.0,0.125,0.8,0.0,0.8,0.8,0.8,1.0,1.0,0.0,0.0,0.0,0.9997965730219448,0.0002034269780552065,solvability-pair-0072058,8.5,1.0,1.0,1.0,1.0,0.8333333333333334,1,0.0,TRY_AGAIN,train,solvability-pair-0072058-try_again_m:1,1.0,solvability,0.0,0.0,1.0,0.8333333333333334
1.0,1.0,0.0,0.0,0.0,2.0,0.875,1,0.0,0.0,2.0,-0.875,1.0,solvability-pair-0072058-try_again_m,0.875,0.0,0.0,0.0,1.0986122886681098,try_again_m,8.0,0.25,0.8,0.0,0.8,0.8,0.8,-1.0,1.0,1.0,0.0,0.0,0.9968273171575148,0.0031726828424851893,solvability-pair-0072058,5.75,1.0,1.0,2.0,2.0,0.875,2,1.0,TRY_AGAIN,train,solvability-pair-0072058-try_again_m:2,2.0,solvability,0.0,0.0,1.0,0.875
1.0,1.0,1.0,0.0,0.0,3.0,0.7,0,0.0,0.0,1.0,-0.7,1.0,solvability-pair-0072058-try_again_m,0.7,0.0,1.0,0.0,1.3862943611198906,try_again_m,8.0,0.375,0.8,0.0,0.8,0.8,0.8,0.0,-1.0,1.0,1.0,0.0,0.7772998611746911,0.22270013882530884,solvability-pair-0072058,1.25,1.0,-1.0,2.0,2.0,0.7,3,1.0,GIVE_UP,train,solvability-pair-0072058-try_again_m:3,0.0,solvability,0.0,0.0,1.0,0.7
0.0,0.0,0.0,0.0,0.0,0.0,0.75,0,0.0,0.0,0.0,-0.75,1.0,solvability-pair-0072058-try_again_n,0.75,0.0,0.0,0.0,0.0,try_again_n,8.0,0.0,0.8,0.0,0.8,0.8,0.8,0.0,0.0,0.0,0.0,0.0,0.8175744761936437,0.18242552380635632,solvability-pair-0072058,1.5,0.0,0.0,0.0,0.0,0.75,0,0.0,GIVE_UP,train,solvability-pair-0072058-try_again_n:0,0.0,solvability,0.0,0.0,1.0,0.75
0.0,0.0,0.0,0.0,1.0,0.0,0.75,1,1.0,0.0,0.0,2.25,1.0,solvability-pair-0072059-try_again_m,-0.25,2.0,0.0,2.0,0.0,try_again_m,8.0,0.0,-0.19999999999999996,2.0,0.8,-2.2,-2.2,1.0,0.0,0.0,0.0,0.0,0.9399133498259924,0.06008665017400762,solvability-pair-0072059,2.75,0.0,0.0,0.0,0.0,-2.25,0,0.0,TRY_AGAIN,test,solvability-pair-0072059-try_again_m:0,0.0,solvability,0.0,0.0,1.0,-2.25
1.0,0.0,0.0,0.0,1.0,1.0,0.8333333333333334,1,1.0,1.0,1.0,2.1666666666666665,1.0,solvability-pair-0072059-try_again_m,-0.16666666666666663,2.0,0.0,2.0,0.6931471805599453,try_again_m,8.0,0.125,-0.19999999999999996,2.0,0.8,-2.2,-2.2,1.0,1.0,0.0,0.0,0.0,0.9993736658418905,0.0006263341581094201,solvability-pair-0072059,7.375,1.0,1.0,1.0,1.0,-2.1666666666666665,1,0.0,TRY_AGAIN,test,solvability-pair-0072059-try_again_m:1,1.0,solvability,0.0,0.0,1.0,-2.1666666666666665
1.0,1.0,0.0,0.0,1.0,2.0,0.875,1,1.0,2.0,2.0,2.125,1.0,solvability-pair-0072059-try_again_m,-0.125,2.0,0.0,2.0,1.0986122886681098,try_again_m,8.0,0.25,-0.19999999999999996,2.0,0.8,-2.2,-2.2,1.0,1.0,1.0,0.0,0.0,0.9770226300899744,0.02297736991002561,solvability-pair-0072059,3.75,1.0,1.0,2.0,2.0,-2.125,2,1.0,TRY_AGAIN,test,solvability-pair-0072059-try_again_m:2,2.0,solvability,0.0,0.0,1.0,-2.125
1.0,1.0,1.0,0.0,1.0,3.0,0.9,1,1.0,3.0,3.0,2.1,1.0,solvability-pair-0072059-try_again_m,-0.09999999999999998,2.0,0.0,2.0,1.3862943611198906,try_again_m,8.0,0.375,-0.19999999999999996,2.0,0.8,-2.2,-2.2,1.0,1.0,1.0,1.0,0.0,0.9399133498259924,0.06008665017400762,solvability-pair-0072059,2.75,1.0,1.0,3.0,3.0,-2.1,3,1.0,TRY_AGAIN,test,solvability-pair-0072059-try_again_m:3,3.0,solvability,0.0,0.0,1.0,-2.1
1.0,1.0,1.0,0.0,1.0,4.0,0.9166666666666666,1,1.0,4.0,4.0,2.0833333333333335,1.0,solvability-pair-0072059-try_again_m,-0.08333333333333337,2.0,0.0,2.0,1.6094379124341003,try_again_m,8.0,0.5,-0.19999999999999996,2.0,0.8,-2.2,-2.2,1.0,1.0,1.0,1.0,0.0,0.8354835371034369,0.1645164628965632,solvability-pair-0072059,1.625,1.0,1.0,4.0,4.0,-2.0833333333333335,4,1.0,TRY_AGAIN,test,solvability-pair-0072059-try_again_m:4,4.0,solvability,0.0,0.0,1.0,-2.0833333333333335
1.0,1.0,1.0,1.0,1.0,5.0,0.9285714285714286,1,1.0,5.0,5.0,2.071428571428571,1.0,solvability-pair-0072059-try_again_m,-0.0714285714285714,2.0,0.0,2.0,1.791759469228055,try_again_m,8.0,0.625,-0.19999999999999996,2.0,0.8,-2.2,-2.2,1.0,1.0,1.0,1.0,1.0,0.7057850278370112,0.29421497216298875,solvability-pair-0072059,0.875,1.0,1.0,5.0,5.0,-2.071428571428571,5,1.0,TRY_AGAIN,test,solvability-pair-0072059-try_again_m:5,5.0,solvability,0.0,0.0,1.0,-2.071428571428571
1.0,1.0,1.0,1.0,1.0,6.0,0.9375,1,1.0,6.0,6.0,2.0625,1.0,solvability-pair-0072059-try_again_m,-0.0625,2.0,0.0,2.0,1.9459101490553132,try_again_m,8.0,0.75,-0.19999999999999996,2.0,0.8,-2.2,-2.2,-1.0,1.0,1.0,1.0,1.0,0.679178699175393,0.32082130082460697,solvability-pair-0072059,0.75,1.0,1.0,6.0,6.0,-2.0625,6,1.0,TRY_AGAIN,test,solvability-pair-0072059-try_again_m:6,6.0,solvability,0.0,0.0,1.0,-2.0625
1.0,1.0,1.0,1.0,1.0,7.0,0.8333333333333334,0,1.0,7.0,5.0,2.1666666666666665,1.0,solvability-pair-0072059-try_again_m,-0.16666666666666663,2.0,1.0,2.0,2.0794415416798357,try_again_m,8.0,0.875,-0.19999999999999996,2.0,0.8,-2.2,-2.2,0.0,-1.0,1.0,1.0,1.0,0.04742587317756679,0.9525741268224334,solvability-pair-0072059,-3.0,1.0,-1.0,6.0,6.0,-2.1666666666666665,7,1.0,GIVE_UP,test,solvability-pair-0072059-try_again_m:7,0.0,solvability,0.0,0.0,1.0,-2.1666666666666665
0.0,0.0,0.0,0.0,1.0,0.0,0.75,1,1.0,0.0,0.0,2.25,1.0,solvability-pair-0072059-try_again_n,-0.25,2.0,0.0,2.0,0.0,try_again_n,8.0,0.0,-0.19999999999999996,2.0,0.8,-2.2,-2.2,1.0,0.0,0.0,0.0,0.0,0.679178699175393,0.32082130082460697,solvability-pair-0072059,0.75,0.0,0.0,0.0,0.0,-2.25,0,0.0,TRY_AGAIN,test,solvability-pair-0072059-try_again_n:0,0.0,solvability,0.0,0.0,1.0,-2.25
1.0,0.0,0.0,0.0,1.0,1.0,0.8333333333333334,1,1.0,1.0,1.0,2.1666666666666665,1.0,solvability-pair-0072059-try_again_n,-0.16666666666666663,2.0,0.0,2.0,0.6931471805599453,try_again_n,8.0,0.125,-0.19999999999999996,2.0,0.8,-2.2,-2.2,1.0,1.0,0.0,0.0,0.0,0.9995694429186754,0.00043055708132461493,solvability-pair-0072059,7.75,1.0,1.0,1.0,1.0,-2.1666666666666665,1,0.0,TRY_AGAIN,test,solvability-pair-0072059-try_again_n:1,1.0,solvability,0.0,0.0,1.0,-2.1666666666666665
1.0,1.0,0.0,0.0,1.0,2.0,0.875,1,1.0,2.0,2.0,2.125,1.0,solvability-pair-0072059-try_again_n,-0.125,2.0,0.0,2.0,1.0986122886681098,try_again_n,8.0,0.25,-0.19999999999999996,2.0,0.8,-2.2,-2.2,1.0,1.0,1.0,0.0,0.0,0.9933071490757153,0.006692850924284856,solvability-pair-0072059,5.0,1.0,1.0,2.0,2.0,-2.125,2,1.0,TRY_AGAIN,test,solvability-pair-0072059-try_again_n:2,2.0,solvability,0.0,0.0,1.0,-2.125
1.0,1.0,1.0,0.0,1.0,3.0,0.9,1,1.0,3.0,3.0,2.1,1.0,solvability-pair-0072059-try_again_n,-0.09999999999999998,2.0,0.0,2.0,1.3862943611198906,try_again_n,8.0,0.375,-0.19999999999999996,2.0,0.8,-2.2,-2.2,1.0,1.0,1.0,1.0,0.0,0.9796676466573412,0.020332353342658753,solvability-pair-0072059,3.875,1.0,1.0,3.0,3.0,-2.1,3,1.0,TRY_AGAIN,test,solvability-pair-0072059-try_again_n:3,3.0,solvability,0.0,0.0,1.0,-2.1
1.0,1.0,1.0,0.0,1.0,4.0,0.9166666666666666,1,1.0,4.0,4.0,2.0833333333333335,1.0,solvability-pair-0072059-try_again_n,-0.08333333333333337,2.0,0.0,2.0,1.6094379124341003,try_again_n,8.0,0.5,-0.19999999999999996,2.0,0.8,-2.2,-2.2,1.0,1.0,1.0,1.0,0.0,0.8670357598021706,0.13296424019782924,solvability-pair-0072059,1.875,1.0,1.0,4.0,4.0,-2.0833333333333335,4,1.0,TRY_AGAIN,test,solvability-pair-0072059-try_again_n:4,4.0,solvability,0.0,0.0,1.0,-2.0833333333333335
1.0,1.0,1.0,1.0,1.0,5.0,0.9285714285714286,1,1.0,5.0,5.0,2.071428571428571,1.0,solvability-pair-0072059-try_again_n,-0.0714285714285714,2.0,0.0,2.0,1.791759469228055,try_again_n,8.0,0.625,-0.19999999999999996,2.0,0.8,-2.2,-2.2,1.0,1.0,1.0,1.0,1.0,0.679178699175393,0.32082130082460697,solvability-pair-0072059,0.75,1.0,1.0,5.0,5.0,-2.071428571428571,5,1.0,TRY_AGAIN,test,solvability-pair-0072059-try_again_n:5,5.0,solvability,0.0,0.0,1.0,-2.071428571428571
1.0,1.0,1.0,1.0,1.0,6.0,0.9375,1,1.0,6.0,6.0,2.0625,1.0,solvability-pair-0072059-try_again_n,-0.0625,2.0,0.0,2.0,1.9459101490553132,try_again_n,8.0,0.75,-0.19999999999999996,2.0,0.8,-2.2,-2.2,-1.0,1.0,1.0,1.0,1.0,0.679178699175393,0.32082130082460697,solvability-pair-0072059,0.75,1.0,1.0,6.0,6.0,-2.0625,6,1.0,TRY_AGAIN,test,solvability-pair-0072059-try_again_n:6,6.0,solvability,0.0,0.0,1.0,-2.0625
1.0,1.0,1.0,1.0,1.0,7.0,0.8333333333333334,0,1.0,7.0,5.0,2.1666666666666665,1.0,solvability-pair-0072059-try_again_n,-0.16666666666666663,2.0,1.0,2.0,2.0794415416798357,try_again_n,8.0,0.875,-0.19999999999999996,2.0,0.8,-2.2,-2.2,0.0,-1.0,1.0,1.0,1.0,0.04208772791561884,0.9579122720843811,solvability-pair-0072059,-3.125,1.0,-1.0,6.0,6.0,-2.1666666666666665,7,1.0,GIVE_UP,test,solvability-pair-0072059-try_again_n:7,0.0,solvability,0.0,0.0,1.0,-2.1666666666666665
0.0,0.0,0.0,0.0,0.0,0.0,0.75,1,0.0,0.0,0.0,1.25,1.0,solvability-pair-0072060-try_again_m,0.75,2.0,0.0,2.0,0.0,try_again_m,8.0,0.0,0.8,2.0,0.8,-1.2,-1.2,1.0,0.0,0.0,0.0,0.0,0.9770226300899744,0.02297736991002561,solvability-pair-0072060,3.75,0.0,0.0,0.0,0.0,-1.25,0,0.0,TRY_AGAIN,train,solvability-pair-0072060-try_again_m:0,0.0,solvability,0.0,0.0,1.0,-1.25
1.0,0.0,0.0,0.0,0.0,1.0,0.8333333333333334,1,0.0,0.0,1.0,1.1666666666666665,1.0,solvability-pair-0072060-try_again_m,0.8333333333333334,2.0,0.0,2.0,0.6931471805599453,try_again_m,8.0,0.125,0.8,2.0,0.8,-1.2,-1.2,1.0,1.0,0.0,0.0,0.0,0.9996646498695336,0.00033535013046647816,solvability-pair-0072060,8.0,1.0,1.0,1.0,1.0,-1.1666666666666665,1,0.0,TRY_AGAIN,train,solvability-pair-0072060-try_again_m:1,1.0,solvability,0.0,0.0,1.0,-1.1666666666666665
1.0,1.0,0.0,0.0,0.0,2.0,0.875,1,0.0,0.0,2.0,1.125,1.0,solvability-pair-0072060-try_again_m,0.875,2.0,0.0,2.0,1.0986122886681098,try_again_m,8.0,0.25,0.8,2.0,0.8,-1.2,-1.2,1.0,1.0,1.0,0.0,0.0,0.9924227587321393,0.007577241267860811,solvability-pair-0072060,4.875,1.0,1.0,2.0,2.0,-1.125,2,1.0,TRY_AGAIN,train,solvability-pair-0072060-try_again_m:2,2.0,solvability,0.0,0.0,1.0,-1.125
1.0,1.0,1.0,0.0,0.0,3.0,0.9,1,0.0,0.0,3.0,1.1,1.0,solvability-pair-0072060-try_again_m,0.9,2.0,0.0,2.0,1.3862943611198906,try_again_m,8.0,0.375,0.8,2.0,0.8,-1.2,-1.2,1.0,1.0,1.0,1.0,0.0,0.9859363729567544,0.014063627043245474,solvability-pair-0072060,4.25,1.0,1.0,3.0,3.0,-1.1,3,1.0,TRY_AGAIN,train,solvability-pair-0072060-try_again_m:3,3.0,solvability,0.0,0.0,1.0,-1.1
1.0,1.0,1.0,0.0,0.0,4.0,0.9166666666666666,1,0.0,0.0,4.0,1.0833333333333335,1.0,solvability-pair-0072060-try_again_m,0.9166666666666666,2.0,0.0,2.0,1.6094379124341003,try_again_m,8.0,0.5,0.8,2.0,0.8,-1.2,-1.2,1.0,1.0,1.0,1.0,0.0,0.9579122720843811,0.04208772791561884,solvability-pair-0072060,3.125,1.0,1.0,4.0,4.0,-1.0833333333333335,4,1.0,TRY_AGAIN,train,solvability-pair-0072060-try_again_m:4,4.0,solvability,0.0,0.0,1.0,-1.0833333333333335
1.0,1.0,1.0,1.0,0.0,5.0,0.9285714285714286,1,0.0,0.0,5.0,1.0714285714285714,1.0,solvability-pair-0072060-try_again_m,0.9285714285714286,2.0,0.0,2.0,1.791759469228055,try_again_m,8.0,0.625,0.8,2.0,0.8,-1.2,-1.2,1.0,1.0,1.0,1.0,1.0,0.8933094060543487,0.10669059394565118,solvability-pair-0072060,2.125,1.0,1.0,5.0,5.0,-1.0714285714285714,5,1.0,TRY_AGAIN,train,solvability-pair-0072060-try_again_m:5,5.0,solvability,0.0,0.0,1.0,-1.0714285714285714
1.0,1.0,1.0,1.0,0.0,6.0,0.9375,0,0.0,0.0,6.0,1.0625,1.0,solvability-pair-0072060-try_again_m,0.9375,2.0,0.0,2.0,1.9459101490553132,try_again_m,8.0,0.75,0.8,2.0,0.8,-1.2,-1.2,0.0,1.0,1.0,1.0,1.0,0.8175744761936437,0.18242552380635632,solvability-pair-0072060,1.5,1.0,1.0,6.0,6.0,-1.0625,6,1.0,GIVE_UP,train,solvability-pair-0072060-try_again_m:6,6.0,solvability,0.0,0.0,1.0,-1.0625
0.0,0.0,0.0,0.0,0.0,0.0,0.75,0,0.0,0.0,0.0,1.25,1.0,solvability-pair-0072060-try_again_n,0.75,2.0,0.0,2.0,0.0,try_again_n,8.0,0.0,0.8,2.0,0.8,-1.2,-1.2,0.0,0.0,0.0,0.0,0.0,0.7772998611746911,0.22270013882530884,solvability-pair-0072060,1.25,0.0,0.0,0.0,0.0,-1.25,0,0.0,GIVE_UP,train,solvability-pair-0072060-try_again_n:0,0.0,solvability,0.0,0.0,1.0,-1.25
0.0,0.0,0.0,0.0,1.0,0.0,0.5,1,1.0,0.0,0.0,2.5,0.0,solvability-pair-0072061-try_again_m,-0.5,2.0,0.0,2.0,0.0,try_again_m,8.0,0.0,-0.5,2.0,0.5,-2.5,-2.5,1.0,0.0,0.0,0.0,0.0,0.46879062662624377,0.5312093733737563,solvability-pair-0072061,-0.125,0.0,0.0,0.0,0.0,-2.5,0,0.0,TRY_AGAIN,train,solvability-pair-0072061-try_again_m:0,0.0,solvability,0.0,0.0,1.0,-2.5
1.0,0.0,0.0,0.0,1.0,1.0,0.6666666666666666,1,1.0,1.0,1.0,2.3333333333333335,0.0,solvability-pair-0072061-try_again_m,-0.33333333333333337,2.0,0.0,2.0,0.6931471805599453,try_again_m,8.0,0.125,-0.5,2.0,0.5,-2.5,-2.5,-1.0,1.0,0.0,0.0,0.0,0.995929862284104,0.004070137715896127,solvability-pair-0072061,5.5,1.0,1.0,1.0,1.0,-2.3333333333333335,1,0.0,TRY_AGAIN,train,solvability-pair-0072061-try_again_m:1,1.0,solvability,0.0,0.0,1.0,-2.3333333333333335
1.0,1.0,0.0,0.0,1.0,2.0,0.5,0,1.0,2.0,0.0,2.5,0.0,solvability-pair-0072061-try_again_m,-0.5,2.0,1.0,2.0,1.0986122886681098,try_again_m,8.0,0.25,-0.5,2.0,0.5,-2.5,-2.5,0.0,-1.0,1.0,0.0,0.0,0.4378234991142019,0.5621765008857981,solvability-pair-0072061,-0.25,1.0,-1.0,1.0,1.0,-2.5,2,1.0,GIVE_UP,train,solvability-pair-0072061-try_again_m:2,0.0,solvability,0.0,0.0,1.0,-2.5
0.0,0.0,0.0,0.0,1.0,0.0,0.5,0,1.0,0.0,0.0,2.5,0.0,solvability-pair-0072061-try_again_n,-0.5,2.0,0.0,2.0,0.0,try_again_n,8.0,0.0,-0.5,2.0,0.5,-2.5,-2.5,0.0,0.0,0.0,0.0,0.0,0.22270013882530884,0.7772998611746911,solvability-pair-0072061,-1.25,0.0,0.0,0.0,0.0,-2.5,0,0.0,GIVE_UP,train,solvability-pair-0072061-try_again_n:0,0.0,solvability,0.0,0.0,1.0,-2.5
0.0,0.0,0.0,0.0,1.0,0.0,0.5,1,1.0,0.0,0.0,0.5,0.0,solvability-pair-0072062-try_again_m,-0.5,0.0,0.0,0.0,0.0,try_again_m,8.0,0.0,-0.5,0.0,0.5,-0.5,-0.5,1.0,0.0,0.0,0.0,0.0,0.5621765008857981,0.4378234991142019,solvability-pair-0072062,0.25,0.0,0.0,0.0,0.0,-0.5,0,0.0,TRY_AGAIN,train,solvability-pair-0072062-try_again_m:0,0.0,solvability,0.0,0.0,1.0,-0.5
1.0,0.0,0.0,0.0,1.0,1.0,0.6666666666666666,1,1.0,1.0,1.0,0.33333333333333337,0.0,solvability-pair-0072062-try_again_m,-0.33333333333333337,0.0,0.0,0.0,0.6931471805599453,try_again_m,8.0,0.125,-0.5,0.0,0.5,-0.5,-0.5,1.0,1.0,0.0,0.0,0.0,0.9978172835546547,0.0021827164453451808,solvability-pair-0072062,6.125,1.0,1.0,1.0,1.0,-0.33333333333333337,1,0.0,TRY_AGAIN,train,solvability-pair-0072062-try_again_m:1,1.0,solvability,0.0,0.0,1.0,-0.33333333333333337
1.0,1.0,0.0,0.0,1.0,2.0,0.75,1,1.0,2.0,2.0,0.25,0.0,solvability-pair-0072062-try_again_m,-0.25,0.0,0.0,0.0,1.0986122886681098,try_again_m,8.0,0.25,-0.5,0.0,0.5,-0.5,-0.5,1.0,1.0,1.0,0.0,0.0,0.9465966702001757,0.053403329799824234,solvability-pair-0072062,2.875,1.0,1.0,2.0,2.0,-0.25,2,1.0,TRY_AGAIN,train,solvability-pair-0072062-try_again_m:2,2.0,solvability,0.0,0.0,1.0,-0.25
1.0,1.0,1.0,0.0,1.0,3.0,0.8,1,1.0,3.0,3.0,0.19999999999999996,0.0,solvability-pair-0072062-try_again_m,-0.19999999999999996,0.0,0.0,0.0,1.3862943611198906,try_again_m,8.0,0.375,-0.5,0.0,0.5,-0.5,-0.5,1.0,1.0,1.0,1.0,0.0,0.9149009549929797,0.08509904500702024,solvability-pair-0072062,2.375,1.0,1.0,3.0,3.0,-0.19999999999999996,3,1.0,TRY_AGAIN,train,solvability-pair-0072062-try_again_m:3,3.0,solvability,0.0,0.0,1.0,-0.19999999999999996
1.0,1.0,1.0,0.0,1.0,4.0,0.8333333333333334,0,1.0,4.0,4.0,0.16666666666666663,0.0,solvability-pair-0072062-try_again_m,-0.16666666666666663,0.0,0.0,0.0,1.6094379124341003,try_again_m,8.0,0.5,-0.5,0.0,0.5,-0.5,-0.5,0.0,1.0,1.0,1.0,0.0,0.7772998611746911,0.22270013882530884,solvability-pair-0072062,1.25,1.0,1.0,4.0,4.0,-0.16666666666666663,4,1.0,GIVE_UP,train,solvability-pair-0072062-try_again_m:4,4.0,solvability,0.0,0.0,1.0,-0.16666666666666663
0.0,0.0,0.0,0.0,1.0,0.0,0.5,0,1.0,0.0,0.0,0.5,0.0,solvability-pair-0072062-try_again_n,-0.5,0.0,0.0,0.0,0.0,try_again_n,8.0,0.0,-0.5,0.0,0.5,-0.5,-0.5,0.0,0.0,0.0,0.0,0.0,0.2689414213699951,0.7310585786300049,solvability-pair-0072062,-1.0,0.0,0.0,0.0,0.0,-0.5,0,0.0,GIVE_UP,train,solvability-pair-0072062-try_again_n:0,0.0,solvability,0.0,0.0,1.0,-0.5
0.0,0.0,0.0,0.0,1.0,0.0,0.25,1,1.0,0.0,0.0,2.75,-1.0,solvability-pair-0072063-try_again_m,-0.75,2.0,0.0,2.0,0.0,try_again_m,8.0,0.0,-0.8,2.0,0.2,-2.8,-2.8,-1.0,0.0,0.0,0.0,0.0,0.32082130082460697,0.679178699175393,solvability-pair-0072063,-0.75,0.0,0.0,0.0,0.0,-2.75,0,0.0,TRY_AGAIN,train,solvability-pair-0072063-try_again_m:0,0.0,solvability,0.0,0.0,1.0,-2.75
1.0,0.0,0.0,0.0,1.0,1.0,0.16666666666666666,0,1.0,1.0,-1.0,2.8333333333333335,-1.0,solvability-pair-0072063-try_again_m,-0.8333333333333334,2.0,1.0,2.0,0.6931471805599453,try_again_m,8.0,0.125,-0.8,2.0,0.2,-2.8,-2.8,0.0,-1.0,0.0,0.0,0.0,0.037326887344129464,0.9626731126558706,solvability-pair-0072063,-3.25,1.0,-1.0,0.0,0.0,-2.8333333333333335,1,0.0,GIVE_UP,train,solvability-pair-0072063-try_again_m:1,0.0,solvability,0.0,0.0,1.0,-2.8333333333333335
0.0,0.0,0.0,0.0,1.0,0.0,0.25,0,1.0,0.0,0.0,2.75,-1.0,solvability-pair-0072063-try_again_n,-0.75,2.0,0.0,2.0,0.0,try_again_n,8.0,0.0,-0.8,2.0,0.2,-2.8,-2.8,0.0,0.0,0.0,0.0,0.0,0.18242552380635632,0.8175744761936437,solvability-pair-0072063,-1.5,0.0,0.0,0.0,0.0,-2.75,0,0.0,GIVE_UP,train,solvability-pair-0072063-try_again_n:0,0.0,solvability,0.0,0.0,1.0,-2.75
0.0,0.0,0.0,0.0,1.0,0.0,0.75,1,1.0,0.0,0.0,0.25,1.0,solvability-pair-0072064-try_again_m,-0.25,0.0,0.0,0.0,0.0,try_again_m,8.0,0.0,-0.19999999999999996,0.0,0.8,-0.19999999999999996,-0.19999999999999996,-1.0,0.0,0.0,0.0,0.0,0.9626731126558706,0.037326887344129464,solvability-pair-0072064,3.25,0.0,0.0,0.0,0.0,-0.25,0,0.0,TRY_AGAIN,train,solvability-pair-0072064-try_again_m:0,0.0,solvability,0.0,0.0,1.0,-0.25
1.0,0.0,0.0,0.0,1.0,1.0,0.5,1,1.0,1.0,-1.0,0.5,1.0,solvability-pair-0072064-try_again_m,-0.5,0.0,1.0,0.0,0.6931471805599453,try_again_m,8.0,0.125,-0.19999999999999996,0.0,0.8,-0.19999999999999996,-0.19999999999999996,1.0,-1.0,0.0,0.0,0.0,0.06008665017400762,0.9399133498259924,solvability-pair-0072064,-2.75,1.0,-1.0,0.0,0.0,-0.5,1,0.0,TRY_AGAIN,train,solvability-pair-0072064-try_again_m:1,0.0,solvability,0.0,0.0,1.0,-0.5
1.0,1.0,0.0,0.0,1.0,2.0,0.625,1,1.0,2.0,0.0,0.375,1.0,solvability-pair-0072064-try_again_m,-0.375,0.0,0.0,0.0,1.0986122886681098,try_again_m,8.0,0.25,-0.19999999999999996,0.0,0.8,-0.19999999999999996,-0.19999999999999996,1.0,1.0,-1.0,0.0,0.0,0.9241418199787566,0.07585818002124356,solvability-pair-0072064,2.5,1.0,1.0,1.0,1.0,-0.375,2,1.0,TRY_AGAIN,train,solvability-pair-0072064-try_again_m:2,1.0,solvability,0.0,0.0,1.0,-0.375
1.0,1.0,1.0,0.0,1.0,3.0,0.7,1,1.0,3.0,1.0,0.30000000000000004,1.0,solvability-pair-0072064-try_again_m,-0.30000000000000004,0.0,0.0,0.0,1.3862943611198906,try_again_m,8.0,0.375,-0.19999999999999996,0.0,0.8,-0.19999999999999996,-0.19999999999999996,1.0,1.0,1.0,-1.0,0.0,0.9626731126558706,0.037326887344129464,solvability-pair-0072064,3.25,1.0,1.0,2.0,2.0,-0.30000000000000004,3,1.0,TRY_AGAIN,train,solvability-pair-0072064-try_again_m:3,2.0,solvability,0.0,0.0,1.0,-0.30000000000000004
1.0,1.0,1.0,0.0,1.0,4.0,0.75,1,1.0,4.0,2.0,0.25,1.0,solvability-pair-0072064-try_again_m,-0.25,0.0,0.0,0.0,1.6094379124341003,try_again_m,8.0,0.5,-0.19999999999999996,0.0,0.8,-0.19999999999999996,-0.19999999999999996,1.0,1.0,1.0,1.0,0.0,0.9149009549929797,0.08509904500702024,solvability-pair-0072064,2.375,1.0,1.0,3.0,3.0,-0.25,4,1.0,TRY_AGAIN,train,solvability-pair-0072064-try_again_m:4,3.0,solvability,0.0,0.0,1.0,-0.25
1.0,1.0,1.0,1.0,1.0,5.0,0.7857142857142857,0,1.0,5.0,3.0,0.2142857142857143,1.0,solvability-pair-0072064-try_again_m,-0.2142857142857143,0.0,0.0,0.0,1.791759469228055,try_again_m,8.0,0.625,-0.19999999999999996,0.0,0.8,-0.19999999999999996,-0.19999999999999996,0.0,1.0,1.0,1.0,-1.0,0.8354835371034369,0.1645164628965632,solvability-pair-0072064,1.625,1.0,1.0,4.0,4.0,-0.2142857142857143,5,1.0,GIVE_UP,train,solvability-pair-0072064-try_again_m:5,4.0,solvability,0.0,0.0,1.0,-0.2142857142857143
0.0,0.0,0.0,0.0,1.0,0.0,0.75,1,1.0,0.0,0.0,0.25,1.0,solvability-pair-0072064-try_again_n,-0.25,0.0,0.0,0.0,0.0,try_again_n,8.0,0.0,-0.19999999999999996,0.0,0.8,-0.19999999999999996,-0.19999999999999996,-1.0,0.0,0.0,0.0,0.0,0.7549149868676283,0.24508501313237172,solvability-pair-0072064,1.125,0.0,0.0,0.0,0.0,-0.25,0,0.0,TRY_AGAIN,train,solvability-pair-0072064-try_again_n:0,0.0,solvability,0.0,0.0,1.0,-0.25
1.0,0.0,0.0,0.0,1.0,1.0,0.5,1,1.0,1.0,-1.0,0.5,1.0,solvability-pair-0072064-try_again_n,-0.5,0.0,1.0,0.0,0.6931471805599453,try_again_n,8.0,0.125,-0.19999999999999996,0.0,0.8,-0.19999999999999996,-0.19999999999999996,1.0,-1.0,0.0,0.0,0.0,0.08509904500702024,0.9149009549929797,solvability-pair-0072064,-2.375,1.0,-1.0,0.0,0.0,-0.5,1,0.0,TRY_AGAIN,train,solvability-pair-0072064-try_again_n:1,0.0,solvability,0.0,0.0,1.0,-0.5
1.0,1.0,0.0,0.0,1.0,2.0,0.625,1,1.0,2.0,0.0,0.375,1.0,solvability-pair-0072064-try_again_n,-0.375,0.0,0.0,0.0,1.0986122886681098,try_again_n,8.0,0.25,-0.19999999999999996,0.0,0.8,-0.19999999999999996,-0.19999999999999996,1.0,1.0,-1.0,0.0,0.0,0.9149009549929797,0.08509904500702024,solvability-pair-0072064,2.375,1.0,1.0,1.0,1.0,-0.375,2,1.0,TRY_AGAIN,train,solvability-pair-0072064-try_again_n:2,1.0,solvability,0.0,0.0,1.0,-0.375
1.0,1.0,1.0,0.0,1.0,3.0,0.7,1,1.0,3.0,1.0,0.30000000000000004,1.0,solvability-pair-0072064-try_again_n,-0.30000000000000004,0.0,0.0,0.0,1.3862943611198906,try_again_n,8.0,0.375,-0.19999999999999996,0.0,0.8,-0.19999999999999996,-0.19999999999999996,1.0,1.0,1.0,-1.0,0.0,0.9740426428022031,0.02595735719779685,solvability-pair-0072064,3.625,1.0,1.0,2.0,2.0,-0.30000000000000004,3,1.0,TRY_AGAIN,train,solvability-pair-0072064-try_again_n:3,2.0,solvability,0.0,0.0,1.0,-0.30000000000000004
1.0,1.0,1.0,0.0,1.0,4.0,0.75,1,1.0,4.0,2.0,0.25,1.0,solvability-pair-0072064-try_again_n,-0.25,0.0,0.0,0.0,1.6094379124341003,try_again_n,8.0,0.5,-0.19999999999999996,0.0,0.8,-0.19999999999999996,-0.19999999999999996,1.0,1.0,1.0,1.0,0.0,0.9579122720843811,0.04208772791561884,solvability-pair-0072064,3.125,1.0,1.0,3.0,3.0,-0.25,4,1.0,TRY_AGAIN,train,solvability-pair-0072064-try_again_n:4,3.0,solvability,0.0,0.0,1.0,-0.25
1.0,1.0,1.0,1.0,1.0,5.0,0.7857142857142857,0,1.0,5.0,3.0,0.2142857142857143,1.0,solvability-pair-0072064-try_again_n,-0.2142857142857143,0.0,0.0,0.0,1.791759469228055,try_again_n,8.0,0.625,-0.19999999999999996,0.0,0.8,-0.19999999999999996,-0.19999999999999996,0.0,1.0,1.0,1.0,-1.0,0.7981867777396212,0.20181322226037882,solvability-pair-0072064,1.375,1.0,1.0,4.0,4.0,-0.2142857142857143,5,1.0,GIVE_UP,train,solvability-pair-0072064-try_again_n:5,4.0,solvability,0.0,0.0,1.0,-0.2142857142857143
0.0,0.0,0.0,0.0,0.0,0.0,0.5,0,0.0,0.0,0.0,1.5,0.0,solvability-pair-0072065-try_again_m,0.5,2.0,0.0,2.0,0.0,try_again_m,8.0,0.0,0.5,2.0,0.5,-1.5,-1.5,0.0,0.0,0.0,0.0,0.0,0.6224593312018546,0.37754066879814546,solvability-pair-0072065,0.5,0.0,0.0,0.0,0.0,-1.5,0,0.0,GIVE_UP,test,solvability-pair-0072065-try_again_m:0,0.0,solvability,0.0,0.0,1.0,-1.5
0.0,0.0,0.0,0.0,0.0,0.0,0.5,0,0.0,0.0,0.0,1.5,0.0,solvability-pair-0072065-try_again_n,0.5,2.0,0.0,2.0,0.0,try_again_n,8.0,0.0,0.5,2.0,0.5,-1.5,-1.5,0.0,0.0,0.0,0.0,0.0,0.2689414213699951,0.7310585786300049,solvability-pair-0072065,-1.0,0.0,0.0,0.0,0.0,-1.5,0,0.0,GIVE_UP,test,solvability-pair-0072065-try_again_n:0,0.0,solvability,0.0,0.0,1.0,-1.5
0.0,0.0,0.0,0.0,0.0,0.0,0.5,1,0.0,0.0,0.0,-0.5,0.0,solvability-pair-0072066-try_again_m,0.5,0.0,0.0,0.0,0.0,try_again_m,8.0,0.0,0.5,0.0,0.5,0.5,0.5,-1.0,0.0,0.0,0.0,0.0,0.7549149868676283,0.24508501313237172,solvability-pair-0072066,1.125,0.0,0.0,0.0,0.0,0.5,0,0.0,TRY_AGAIN,train,solvability-pair-0072066-try_again_m:0,0.0,solvability,0.0,0.0,1.0,0.5
1.0,0.0,0.0,0.0,0.0,1.0,0.3333333333333333,0,0.0,0.0,-1.0,-0.3333333333333333,0.0,solvability-pair-0072066-try_again_m,0.3333333333333333,0.0,1.0,0.0,0.6931471805599453,try_again_m,8.0,0.125,0.5,0.0,0.5,0.5,0.5,0.0,-1.0,0.0,0.0,0.0,0.037326887344129464,0.9626731126558706,solvability-pair-0072066,-3.25,1.0,-1.0,0.0,0.0,0.3333333333333333,1,0.0,GIVE_UP,train,solvability-pair-0072066-try_again_m:1,0.0,solvability,0.0,0.0,1.0,0.3333333333333333
0.0,0.0,0.0,0.0,0.0,0.0,0.5,1,0.0,0.0,0.0,-0.5,0.0,solvability-pair-0072066-try_again_n,0.5,0.0,0.0,0.0,0.0,try_again_n,8.0,0.0,0.5,0.0,0.5,0.5,0.5,-1.0,0.0,0.0,0.0,0.0,0.34864513533394575,0.6513548646660542,solvability-pair-0072066,-0.625,0.0,0.0,0.0,0.0,0.5,0,0.0,TRY_AGAIN,train,solvability-pair-0072066-try_again_n:0,0.0,solvability,0.0,0.0,1.0,0.5
1.0,0.0,0.0,0.0,0.0,1.0,0.3333333333333333,0,0.0,0.0,-1.0,-0.3333333333333333,0.0,solvability-pair-0072066-try_again_n,0.3333333333333333,0.0,1.0,0.0,0.6931471805599453,try_again_n,8.0,0.125,0.5,0.0,0.5,0.5,0.5,0.0,-1.0,0.0,0.0,0.0,0.02595735719779685,0.9740426428022031,solvability-pair-0072066,-3.625,1.0,-1.0,0.0,0.0,0.3333333333333333,1,0.0,GIVE_UP,train,solvability-pair-0072066-try_again_n:1,0.0,solvability,0.0,0.0,1.0,0.3333333333333333
0.0,0.0,0.0,0.0,0.0,0.0,0.25,0,0.0,0.0,0.0,-0.25,-1.0,solvability-pair-0072067-try_again_m,0.25,0.0,0.0,0.0,0.0,try_again_m,8.0,0.0,0.2,0.0,0.2,0.2,0.2,0.0,0.0,0.0,0.0,0.0,0.5,0.5,solvability-pair-0072067,0.0,0.0,0.0,0.0,0.0,0.25,0,0.0,GIVE_UP,train,solvability-pair-0072067-try_again_m:0,0.0,solvability,0.0,0.0,1.0,0.25
0.0,0.0,0.0,0.0,0.0,0.0,0.25,0,0.0,0.0,0.0,-0.25,-1.0,solvability-pair-0072067-try_again_n,0.25,0.0,0.0,0.0,0.0,try_again_n,8.0,0.0,0.2,0.0,0.2,0.2,0.2,0.0,0.0,0.0,0.0,0.0,0.22270013882530884,0.7772998611746911,solvability-pair-0072067,-1.25,0.0,0.0,0.0,0.0,0.25,0,0.0,GIVE_UP,train,solvability-pair-0072067-try_again_n:0,0.0,solvability,0.0,0.0,1.0,0.25
0.0,0.0,0.0,0.0,0.0,0.0,0.25,0,0.0,0.0,0.0,1.75,-1.0,solvability-pair-0072068-try_again_m,0.25,2.0,0.0,2.0,0.0,try_again_m,8.0,0.0,0.2,2.0,0.2,-1.8,-1.8,0.0,0.0,0.0,0.0,0.0,0.4073334000459302,0.5926665999540697,solvability-pair-0072068,-0.375,0.0,0.0,0.0,0.0,-1.75,0,0.0,GIVE_UP,test,solvability-pair-0072068-try_again_m:0,0.0,solvability,0.0,0.0,1.0,-1.75
0.0,0.0,0.0,0.0,0.0,0.0,0.25,0,0.0,0.0,0.0,1.75,-1.0,solvability-pair-0072068-try_again_n,0.25,2.0,0.0,2.0,0.0,try_again_n,8.0,0.0,0.2,2.0,0.2,-1.8,-1.8,0.0,0.0,0.0,0.0,0.0,0.20181322226037882,0.7981867777396212,solvability-pair-0072068,-1.375,0.0,0.0,0.0,0.0,-1.75,0,0.0,GIVE_UP,test,solvability-pair-0072068-try_again_n:0,0.0,solvability,0.0,0.0,1.0,-1.75
0.0,0.0,0.0,0.0,1.0,0.0,0.25,0,1.0,0.0,0.0,0.75,-1.0,solvability-pair-0072069-try_again_m,-0.75,0.0,0.0,0.0,0.0,try_again_m,8.0,0.0,-0.8,0.0,0.2,-0.8,-0.8,0.0,0.0,0.0,0.0,0.0,0.37754066879814546,0.6224593312018546,solvability-pair-0072069,-0.5,0.0,0.0,0.0,0.0,-0.75,0,0.0,GIVE_UP,test,solvability-pair-0072069-try_again_m:0,0.0,solvability,0.0,0.0,1.0,-0.75
0.0,0.0,0.0,0.0,1.0,0.0,0.25,0,1.0,0.0,0.0,0.75,-1.0,solvability-pair-0072069-try_again_n,-0.75,0.0,0.0,0.0,0.0,try_again_n,8.0,0.0,-0.8,0.0,0.2,-0.8,-0.8,0.0,0.0,0.0,0.0,0.0,0.22270013882530884,0.7772998611746911,solvability-pair-0072069,-1.25,0.0,0.0,0.0,0.0,-0.75,0,0.0,GIVE_UP,test,solvability-pair-0072069-try_again_n:0,0.0,solvability,0.0,0.0,1.0,-0.75
0.0,0.0,0.0,0.0,0.0,0.0,0.75,1,0.0,0.0,0.0,-0.75,1.0,solvability-pair-0072070-try_again_m,0.75,0.0,0.0,0.0,0.0,try_again_m,8.0,0.0,0.8,0.0,0.8,0.8,0.8,-1.0,0.0,0.0,0.0,0.0,0.9840936082881853,0.01590639171181471,solvability-pair-0072070,4.125,0.0,0.0,0.0,0.0,0.75,0,0.0,TRY_AGAIN,train,solvability-pair-0072070-try_again_m:0,0.0,solvability,0.0,0.0,1.0,0.75
1.0,0.0,0.0,0.0,0.0,1.0,0.5,1,0.0,0.0,-1.0,-0.5,1.0,solvability-pair-0072070-try_again_m,0.5,0.0,1.0,0.0,0.6931471805599453,try_again_m,8.0,0.125,0.8,0.0,0.8,0.8,0.8,1.0,-1.0,0.0,0.0,0.0,0.10669059394565118,0.8933094060543487,solvability-pair-0072070,-2.125,1.0,-1.0,0.0,0.0,0.5,1,0.0,TRY_AGAIN,train,solvability-pair-0072070-try_again_m:1,0.0,solvability,0.0,0.0,1.0,0.5
1.0,1.0,0.0,0.0,0.0,2.0,0.625,1,0.0,0.0,0.0,-0.625,1.0,solvability-pair-0072070-try_again_m,0.625,0.0,0.0,0.0,1.0986122886681098,try_again_m,8.0,0.25,0.8,0.0,0.8,0.8,0.8,-1.0,1.0,-1.0,0.0,0.0,0.9669140216112958,0.033085978388704126,solvability-pair-0072070,3.375,1.0,1.0,1.0,1.0,0.625,2,1.0,TRY_AGAIN,train,solvability-pair-0072070-try_again_m:2,1.0,solvability,0.0,0.0,1.0,0.625
1.0,1.0,1.0,0.0,0.0,3.0,0.5,1,0.0,0.0,-1.0,-0.5,1.0,solvability-pair-0072070-try_again_m,0.5,0.0,1.0,0.0,1.3862943611198906,try_again_m,8.0,0.375,0.8,0.0,0.8,0.8,0.8,1.0,-1.0,1.0,-1.0,0.0,0.7772998611746911,0.22270013882530884,solvability-pair-0072070,1.25,1.0,-1.0,1.0,1.0,0.5,3,1.0,TRY_AGAIN,train,solvability-pair-0072070-try_again_m:3,0.0,solvability,0.0,0.0,1.0,0.5
1.0,1.0,1.0,0.0,0.0,4.0,0.5833333333333334,1,0.0,0.0,0.0,-0.5833333333333334,1.0,solvability-pair-0072070-try_again_m,0.5833333333333334,0.0,0.0,0.0,1.6094379124341003,try_again_m,8.0,0.5,0.8,0.0,0.8,0.8,0.8,1.0,1.0,-1.0,1.0,0.0,0.9399133498259924,0.06008665017400762,solvability-pair-0072070,2.75,1.0,1.0,2.0,2.0,0.5833333333333334,4,1.0,TRY_AGAIN,train,solvability-pair-0072070-try_again_m:4,1.0,solvability,0.0,0.0,1.0,0.5833333333333334
1.0,1.0,1.0,1.0,0.0,5.0,0.6428571428571429,1,0.0,0.0,1.0,-0.6428571428571429,1.0,solvability-pair-0072070-try_again_m,0.6428571428571429,0.0,0.0,0.0,1.791759469228055,try_again_m,8.0,0.625,0.8,0.0,0.8,0.8,0.8,1.0,1.0,1.0,-1.0,-1.0,0.8175744761936437,0.18242552380635632,solvability-pair-0072070,1.5,1.0,1.0,3.0,3.0,0.6428571428571429,5,1.0,TRY_AGAIN,train,solvability-pair-0072070-try_again_m:5,2.0,solvability,0.0,0.0,1.0,0.6428571428571429
1.0,1.0,1.0,1.0,0.0,6.0,0.6875,1,0.0,0.0,2.0,-0.6875,1.0,solvability-pair-0072070-try_again_m,0.6875,0.0,0.0,0.0,1.9459101490553132,try_again_m,8.0,0.75,0.8,0.0,0.8,0.8,0.8,-1.0,1.0,1.0,1.0,1.0,0.8519528019683106,0.1480471980316895,solvability-pair-0072070,1.75,1.0,1.0,4.0,4.0,0.6875,6,1.0,TRY_AGAIN,train,solvability-pair-0072070-try_again_m:6,3.0,solvability,0.0,0.0,1.0,0.6875
1.0,1.0,1.0,1.0,0.0,7.0,0.6111111111111112,1,0.0,0.0,1.0,-0.6111111111111112,1.0,solvability-pair-0072070-try_again_m,0.6111111111111112,0.0,1.0,0.0,2.0794415416798357,try_again_m,8.0,0.875,0.8,0.0,0.8,0.8,0.8,1.0,-1.0,1.0,1.0,-1.0,0.4378234991142019,0.5621765008857981,solvability-pair-0072070,-0.25,1.0,-1.0,4.0,4.0,0.6111111111111112,7,1.0,TRY_AGAIN,train,solvability-pair-0072070-try_again_m:7,0.0,solvability,0.0,0.0,1.0,0.6111111111111112
0.0,0.0,0.0,0.0,0.0,0.0,0.75,0,0.0,0.0,0.0,-0.75,1.0,solvability-pair-0072070-try_again_n,0.75,0.0,0.0,0.0,0.0,try_again_n,8.0,0.0,0.8,0.0,0.8,0.8,0.8,0.0,0.0,0.0,0.0,0.0,0.8175744761936437,0.18242552380635632,solvability-pair-0072070,1.5,0.0,0.0,0.0,0.0,0.75,0,0.0,GIVE_UP,train,solvability-pair-0072070-try_again_n:0,0.0,solvability,0.0,0.0,1.0,0.75
0.0,0.0,0.0,0.0,1.0,0.0,0.75,1,1.0,0.0,0.0,2.25,1.0,solvability-pair-0072071-try_again_m,-0.25,2.0,0.0,2.0,0.0,try_again_m,8.0,0.0,-0.19999999999999996,2.0,0.8,-2.2,-2.2,1.0,0.0,0.0,0.0,0.0,0.9399133498259924,0.06008665017400762,solvability-pair-0072071,2.75,0.0,0.0,0.0,0.0,-2.25,0,0.0,TRY_AGAIN,train,solvability-pair-0072071-try_again_m:0,0.0,solvability,0.0,0.0,1.0,-2.25
1.0,0.0,0.0,0.0,1.0,1.0,0.8333333333333334,1,1.0,1.0,1.0,2.1666666666666665,1.0,solvability-pair-0072071-try_again_m,-0.16666666666666663,2.0,0.0,2.0,0.6931471805599453,try_again_m,8.0,0.125,-0.19999999999999996,2.0,0.8,-2.2,-2.2,1.0,1.0,0.0,0.0,0.0,0.9993736658418905,0.0006263341581094201,solvability-pair-0072071,7.375,1.0,1.0,1.0,1.0,-2.1666666666666665,1,0.0,TRY_AGAIN,train,solvability-pair-0072071-try_again_m:1,1.0,solvability,0.0,0.0,1.0,-2.1666666666666665
1.0,1.0,0.0,0.0,1.0,2.0,0.875,1,1.0,2.0,2.0,2.125,1.0,solvability-pair-0072071-try_again_m,-0.125,2.0,0.0,2.0,1.0986122886681098,try_again_m,8.0,0.25,-0.19999999999999996,2.0,0.8,-2.2,-2.2,-1.0,1.0,1.0,0.0,0.0,0.9770226300899744,0.02297736991002561,solvability-pair-0072071,3.75,1.0,1.0,2.0,2.0,-2.125,2,1.0,TRY_AGAIN,train,solvability-pair-0072071-try_again_m:2,2.0,solvability,0.0,0.0,1.0,-2.125
1.0,1.0,1.0,0.0,1.0,3.0,0.7,0,1.0,3.0,1.0,2.3,1.0,solvability-pair-0072071-try_again_m,-0.30000000000000004,2.0,1.0,2.0,1.3862943611198906,try_again_m,8.0,0.375,-0.19999999999999996,2.0,0.8,-2.2,-2.2,0.0,-1.0,1.0,1.0,0.0,0.5312093733737563,0.46879062662624377,solvability-pair-0072071,0.125,1.0,-1.0,2.0,2.0,-2.3,3,1.0,GIVE_UP,train,solvability-pair-0072071-try_again_m:3,0.0,solvability,0.0,0.0,1.0,-2.3
0.0,0.0,0.0,0.0,1.0,0.0,0.75,0,1.0,0.0,0.0,2.25,1.0,solvability-pair-0072071-try_again_n,-0.25,2.0,0.0,2.0,0.0,try_again_n,8.0,0.0,-0.19999999999999996,2.0,0.8,-2.2,-2.2,0.0,0.0,0.0,0.0,0.0,0.679178699175393,0.32082130082460697,solvability-pair-0072071,0.75,0.0,0.0,0.0,0.0,-2.25,0,0.0,GIVE_UP,train,solvability-pair-0072071-try_again_n:0,0.0,solvability,0.0,0.0,1.0,-2.25
0.0,0.0,0.0,0.0,0.0,0.0,0.75,1,0.0,0.0,0.0,1.25,1.0,solvability-pair-0072072-try_again_m,0.75,2.0,0.0,2.0,0.0,try_again_m,8.0,0.0,0.8,2.0,0.8,-1.2,-1.2,1.0,0.0,0.0,0.0,0.0,0.9770226300899744,0.02297736991002561,solvability-pair-0072072,3.75,0.0,0.0,0.0,0.0,-1.25,0,0.0,TRY_AGAIN,train,solvability-pair-0072072-try_again_m:0,0.0,solvability,0.0,0.0,1.0,-1.25
1.0,0.0,0.0,0.0,0.0,1.0,0.8333333333333334,1,0.0,0.0,1.0,1.1666666666666665,1.0,solvability-pair-0072072-try_again_m,0.8333333333333334,2.0,0.0,2.0,0.6931471805599453,try_again_m,8.0,0.125,0.8,2.0,0.8,-1.2,-1.2,-1.0,1.0,0.0,0.0,0.0,0.9996646498695336,0.00033535013046647816,solvability-pair-0072072,8.0,1.0,1.0,1.0,1.0,-1.1666666666666665,1,0.0,TRY_AGAIN,train,solvability-pair-0072072-try_again_m:1,1.0,solvability,0.0,0.0,1.0,-1.1666666666666665
1.0,1.0,0.0,0.0,0.0,2.0,0.625,1,0.0,0.0,0.0,1.375,1.0,solvability-pair-0072072-try_again_m,0.625,2.0,1.0,2.0,1.0986122886681098,try_again_m,8.0,0.25,0.8,2.0,0.8,-1.2,-1.2,1.0,-1.0,1.0,0.0,0.0,0.7310585786300049,0.2689414213699951,solvability-pair-0072072,1.0,1.0,-1.0,1.0,1.0,-1.375,2,1.0,TRY_AGAIN,train,solvability-pair-0072072-try_again_m:2,0.0,solvability,0.0,0.0,1.0,-1.375
1.0,1.0,1.0,0.0,0.0,3.0,0.7,1,0.0,0.0,1.0,1.3,1.0,solvability-pair-0072072-try_again_m,0.7,2.0,0.0,2.0,1.3862943611198906,try_again_m,8.0,0.375,0.8,2.0,0.8,-1.2,-1.2,-1.0,1.0,-1.0,1.0,0.0,0.9740426428022031,0.02595735719779685,solvability-pair-0072072,3.625,1.0,1.0,2.0,2.0,-1.3,3,1.0,TRY_AGAIN,train,solvability-pair-0072072-try_again_m:3,1.0,solvability,0.0,0.0,1.0,-1.3
1.0,1.0,1.0,0.0,0.0,4.0,0.5833333333333334,0,0.0,0.0,0.0,1.4166666666666665,1.0,solvability-pair-0072072-try_again_m,0.5833333333333334,2.0,1.0,2.0,1.6094379124341003,try_again_m,8.0,0.5,0.8,2.0,0.8,-1.2,-1.2,0.0,-1.0,1.0,-1.0,0.0,0.5312093733737563,0.46879062662624377,solvability-pair-0072072,0.125,1.0,-1.0,2.0,2.0,-1.4166666666666665,4,1.0,GIVE_UP,train,solvability-pair-0072072-try_again_m:4,0.0,solvability,0.0,0.0,1.0,-1.4166666666666665
0.0,0.0,0.0,0.0,0.0,0.0,0.75,1,0.0,0.0,0.0,1.25,1.0,solvability-pair-0072072-try_again_n,0.75,2.0,0.0,2.0,0.0,try_again_n,8.0,0.0,0.8,2.0,0.8,-1.2,-1.2,1.0,0.0,0.0,0.0,0.0,0.7772998611746911,0.22270013882530884,solvability-pair-0072072,1.25,0.0,0.0,0.0,0.0,-1.25,0,0.0,TRY_AGAIN,train,solvability-pair-0072072-try_again_n:0,0.0,solvability,0.0,0.0,1.0,-1.25
1.0,0.0,0.0,0.0,0.0,1.0,0.8333333333333334,1,0.0,0.0,1.0,1.1666666666666665,1.0,solvability-pair-0072072-try_again_n,0.8333333333333334,2.0,0.0,2.0,0.6931471805599453,try_again_n,8.0,0.125,0.8,2.0,0.8,-1.2,-1.2,-1.0,1.0,0.0,0.0,0.0,0.9997694932780068,0.0002305067219931397,solvability-pair-0072072,8.375,1.0,1.0,1.0,1.0,-1.1666666666666665,1,0.0,TRY_AGAIN,train,solvability-pair-0072072-try_again_n:1,1.0,solvability,0.0,0.0,1.0,-1.1666666666666665
1.0,1.0,0.0,0.0,0.0,2.0,0.625,1,0.0,0.0,0.0,1.375,1.0,solvability-pair-0072072-try_again_n,0.625,2.0,1.0,2.0,1.0986122886681098,try_again_n,8.0,0.25,0.8,2.0,0.8,-1.2,-1.2,1.0,-1.0,1.0,0.0,0.0,0.9046505351008906,0.0953494648991095,solvability-pair-0072072,2.25,1.0,-1.0,1.0,1.0,-1.375,2,1.0,TRY_AGAIN,train,solvability-pair-0072072-try_again_n:2,0.0,solvability,0.0,0.0,1.0,-1.375
1.0,1.0,1.0,0.0,0.0,3.0,0.7,1,0.0,0.0,1.0,1.3,1.0,solvability-pair-0072072-try_again_n,0.7,2.0,0.0,2.0,1.3862943611198906,try_again_n,8.0,0.375,0.8,2.0,0.8,-1.2,-1.2,-1.0,1.0,-1.0,1.0,0.0,0.9947798743064417,0.005220125693558397,solvability-pair-0072072,5.25,1.0,1.0,2.0,2.0,-1.3,3,1.0,TRY_AGAIN,train,solvability-pair-0072072-try_again_n:3,1.0,solvability,0.0,0.0,1.0,-1.3
1.0,1.0,1.0,0.0,0.0,4.0,0.5833333333333334,0,0.0,0.0,0.0,1.4166666666666665,1.0,solvability-pair-0072072-try_again_n,0.5833333333333334,2.0,1.0,2.0,1.6094379124341003,try_again_n,8.0,0.5,0.8,2.0,0.8,-1.2,-1.2,0.0,-1.0,1.0,-1.0,0.0,0.7549149868676283,0.24508501313237172,solvability-pair-0072072,1.125,1.0,-1.0,2.0,2.0,-1.4166666666666665,4,1.0,GIVE_UP,train,solvability-pair-0072072-try_again_n:4,0.0,solvability,0.0,0.0,1.0,-1.4166666666666665
0.0,0.0,0.0,0.0,1.0,0.0,0.5,0,1.0,0.0,0.0,2.5,0.0,solvability-pair-0072073-try_again_m,-0.5,2.0,0.0,2.0,0.0,try_again_m,8.0,0.0,-0.5,2.0,0.5,-2.5,-2.5,0.0,0.0,0.0,0.0,0.0,0.46879062662624377,0.5312093733737563,solvability-pair-0072073,-0.125,0.0,0.0,0.0,0.0,-2.5,0,0.0,GIVE_UP,train,solvability-pair-0072073-try_again_m:0,0.0,solvability,0.0,0.0,1.0,-2.5
0.0,0.0,0.0,0.0,1.0,0.0,0.5,0,1.0,0.0,0.0,2.5,0.0,solvability-pair-0072073-try_again_n,-0.5,2.0,0.0,2.0,0.0,try_again_n,8.0,0.0,-0.5,2.0,0.5,-2.5,-2.5,0.0,0.0,0.0,0.0,0.0,0.22270013882530884,0.7772998611746911,solvability-pair-0072073,-1.25,0.0,0.0,0.0,0.0,-2.5,0,0.0,GIVE_UP,train,solvability-pair-0072073-try_again_n:0,0.0,solvability,0.0,0.0,1.0,-2.5
0.0,0.0,0.0,0.0,1.0,0.0,0.5,0,1.0,0.0,0.0,0.5,0.0,solvability-pair-0072074-try_again_m,-0.5,0.0,0.0,0.0,0.0,try_again_m,8.0,0.0,-0.5,0.0,0.5,-0.5,-0.5,0.0,0.0,0.0,0.0,0.0,0.5621765008857981,0.4378234991142019,solvability-pair-0072074,0.25,0.0,0.0,0.0,0.0,-0.5,0,0.0,GIVE_UP,train,solvability-pair-0072074-try_again_m:0,0.0,solvability,0.0,0.0,1.0,-0.5
0.0,0.0,0.0,0.0,1.0,0.0,0.5,0,1.0,0.0,0.0,0.5,0.0,solvability-pair-0072074-try_again_n,-0.5,0.0,0.0,0.0,0.0,try_again_n,8.0,0.0,-0.5,0.0,0.5,-0.5,-0.5,0.0,0.0,0.0,0.0,0.0,0.2689414213699951,0.7310585786300049,solvability-pair-0072074,-1.0,0.0,0.0,0.0,0.0,-0.5,0,0.0,GIVE_UP,train,solvability-pair-0072074-try_again_n:0,0.0,solvability,0.0,0.0,1.0,-0.5
0.0,0.0,0.0,0.0,1.0,0.0,0.25,1,1.0,0.0,0.0,2.75,-1.0,solvability-pair-0072075-try_again_m,-0.75,2.0,0.0,2.0,0.0,try_again_m,8.0,0.0,-0.8,2.0,0.2,-2.8,-2.8,-1.0,0.0,0.0,0.0,0.0,0.32082130082460697,0.679178699175393,solvability-pair-0072075,-0.75,0.0,0.0,0.0,0.0,-2.75,0,0.0,TRY_AGAIN,validation,solvability-pair-0072075-try_again_m:0,0.0,solvability,0.0,0.0,1.0,-2.75
1.0,0.0,0.0,0.0,1.0,1.0,0.16666666666666666,0,1.0,1.0,-1.0,2.8333333333333335,-1.0,solvability-pair-0072075-try_again_m,-0.8333333333333334,2.0,1.0,2.0,0.6931471805599453,try_again_m,8.0,0.125,-0.8,2.0,0.2,-2.8,-2.8,0.0,-1.0,0.0,0.0,0.0,0.037326887344129464,0.9626731126558706,solvability-pair-0072075,-3.25,1.0,-1.0,0.0,0.0,-2.8333333333333335,1,0.0,GIVE_UP,validation,solvability-pair-0072075-try_again_m:1,0.0,solvability,0.0,0.0,1.0,-2.8333333333333335
0.0,0.0,0.0,0.0,1.0,0.0,0.25,1,1.0,0.0,0.0,2.75,-1.0,solvability-pair-0072075-try_again_n,-0.75,2.0,0.0,2.0,0.0,try_again_n,8.0,0.0,-0.8,2.0,0.2,-2.8,-2.8,-1.0,0.0,0.0,0.0,0.0,0.18242552380635632,0.8175744761936437,solvability-pair-0072075,-1.5,0.0,0.0,0.0,0.0,-2.75,0,0.0,TRY_AGAIN,validation,solvability-pair-0072075-try_again_n:0,0.0,solvability,0.0,0.0,1.0,-2.75
1.0,0.0,0.0,0.0,1.0,1.0,0.16666666666666666,0,1.0,1.0,-1.0,2.8333333333333335,-1.0,solvability-pair-0072075-try_again_n,-0.8333333333333334,2.0,1.0,2.0,0.6931471805599453,try_again_n,8.0,0.125,-0.8,2.0,0.2,-2.8,-2.8,0.0,-1.0,0.0,0.0,0.0,0.029312230751356316,0.9706877692486436,solvability-pair-0072075,-3.5,1.0,-1.0,0.0,0.0,-2.8333333333333335,1,0.0,GIVE_UP,validation,solvability-pair-0072075-try_again_n:1,0.0,solvability,0.0,0.0,1.0,-2.8333333333333335
0.0,0.0,0.0,0.0,1.0,0.0,0.75,1,1.0,0.0,0.0,0.25,1.0,solvability-pair-0072076-try_again_m,-0.25,0.0,0.0,0.0,0.0,try_again_m,8.0,0.0,-0.19999999999999996,0.0,0.8,-0.19999999999999996,-0.19999999999999996,1.0,0.0,0.0,0.0,0.0,0.9626731126558706,0.037326887344129464,solvability-pair-0072076,3.25,0.0,0.0,0.0,0.0,-0.25,0,0.0,TRY_AGAIN,train,solvability-pair-0072076-try_again_m:0,0.0,solvability,0.0,0.0,1.0,-0.25
1.0,0.0,0.0,0.0,1.0,1.0,0.8333333333333334,1,1.0,1.0,1.0,0.16666666666666663,1.0,solvability-pair-0072076-try_again_m,-0.16666666666666663,0.0,0.0,0.0,0.6931471805599453,try_again_m,8.0,0.125,-0.19999999999999996,0.0,0.8,-0.19999999999999996,-0.19999999999999996,1.0,1.0,0.0,0.0,0.0,0.9995694429186754,0.00043055708132461493,solvability-pair-0072076,7.75,1.0,1.0,1.0,1.0,-0.16666666666666663,1,0.0,TRY_AGAIN,train,solvability-pair-0072076-try_again_m:1,1.0,solvability,0.0,0.0,1.0,-0.16666666666666663
1.0,1.0,0.0,0.0,1.0,2.0,0.875,1,1.0,2.0,2.0,0.125,1.0,solvability-pair-0072076-try_again_m,-0.125,0.0,0.0,0.0,1.0986122886681098,try_again_m,8.0,0.25,-0.19999999999999996,0.0,0.8,-0.19999999999999996,-0.19999999999999996,1.0,1.0,1.0,0.0,0.0,0.991422514586288,0.008577485413711986,solvability-pair-0072076,4.75,1.0,1.0,2.0,2.0,-0.125,2,1.0,TRY_AGAIN,train,solvability-pair-0072076-try_again_m:2,2.0,solvability,0.0,0.0,1.0,-0.125
1.0,1.0,1.0,0.0,1.0,3.0,0.9,1,1.0,3.0,3.0,0.09999999999999998,1.0,solvability-pair-0072076-try_again_m,-0.09999999999999998,0.0,0.0,0.0,1.3862943611198906,try_again_m,8.0,0.375,-0.19999999999999996,0.0,0.8,-0.19999999999999996,-0.19999999999999996,1.0,1.0,1.0,1.0,0.0,0.9770226300899744,0.02297736991002561,solvability-pair-0072076,3.75,1.0,1.0,3.0,3.0,-0.09999999999999998,3,1.0,TRY_AGAIN,train,solvability-pair-0072076-try_again_m:3,3.0,solvability,0.0,0.0,1.0,-0.09999999999999998
1.0,1.0,1.0,0.0,1.0,4.0,0.9166666666666666,1,1.0,4.0,4.0,0.08333333333333337,1.0,solvability-pair-0072076-try_again_m,-0.08333333333333337,0.0,0.0,0.0,1.6094379124341003,try_again_m,8.0,0.5,-0.19999999999999996,0.0,0.8,-0.19999999999999996,-0.19999999999999996,-1.0,1.0,1.0,1.0,0.0,0.8933094060543487,0.10669059394565118,solvability-pair-0072076,2.125,1.0,1.0,4.0,4.0,-0.08333333333333337,4,1.0,TRY_AGAIN,train,solvability-pair-0072076-try_again_m:4,4.0,solvability,0.0,0.0,1.0,-0.08333333333333337
1.0,1.0,1.0,1.0,1.0,5.0,0.7857142857142857,0,1.0,5.0,3.0,0.2142857142857143,1.0,solvability-pair-0072076-try_again_m,-0.2142857142857143,0.0,1.0,0.0,1.791759469228055,try_again_m,8.0,0.625,-0.19999999999999996,0.0,0.8,-0.19999999999999996,-0.19999999999999996,0.0,-1.0,1.0,1.0,1.0,0.13296424019782924,0.8670357598021706,solvability-pair-0072076,-1.875,1.0,-1.0,4.0,4.0,-0.2142857142857143,5,1.0,GIVE_UP,train,solvability-pair-0072076-try_again_m:5,0.0,solvability,0.0,0.0,1.0,-0.2142857142857143
0.0,0.0,0.0,0.0,1.0,0.0,0.75,0,1.0,0.0,0.0,0.25,1.0,solvability-pair-0072076-try_again_n,-0.25,0.0,0.0,0.0,0.0,try_again_n,8.0,0.0,-0.19999999999999996,0.0,0.8,-0.19999999999999996,-0.19999999999999996,0.0,0.0,0.0,0.0,0.0,0.7549149868676283,0.24508501313237172,solvability-pair-0072076,1.125,0.0,0.0,0.0,0.0,-0.25,0,0.0,GIVE_UP,train,solvability-pair-0072076-try_again_n:0,0.0,solvability,0.0,0.0,1.0,-0.25
0.0,0.0,0.0,0.0,0.0,0.0,0.5,1,0.0,0.0,0.0,1.5,0.0,solvability-pair-0072077-try_again_m,0.5,2.0,0.0,2.0,0.0,try_again_m,8.0,0.0,0.5,2.0,0.5,-1.5,-1.5,-1.0,0.0,0.0,0.0,0.0,0.6224593312018546,0.37754066879814546,solvability-pair-0072077,0.5,0.0,0.0,0.0,0.0,-1.5,0,0.0,TRY_AGAIN,train,solvability-pair-0072077-try_again_m:0,0.0,solvability,0.0,0.0,1.0,-1.5
1.0,0.0,0.0,0.0,0.0,1.0,0.3333333333333333,0,0.0,0.0,-1.0,1.6666666666666667,0.0,solvability-pair-0072077-try_again_m,0.3333333333333333,2.0,1.0,2.0,0.6931471805599453,try_again_m,8.0,0.125,0.5,2.0,0.5,-1.5,-1.5,0.0,-1.0,0.0,0.0,0.0,0.04208772791561884,0.9579122720843811,solvability-pair-0072077,-3.125,1.0,-1.0,0.0,0.0,-1.6666666666666667,1,0.0,GIVE_UP,train,solvability-pair-0072077-try_again_m:1,0.0,solvability,0.0,0.0,1.0,-1.6666666666666667
0.0,0.0,0.0,0.0,0.0,0.0,0.5,1,0.0,0.0,0.0,1.5,0.0,solvability-pair-0072077-try_again_n,0.5,2.0,0.0,2.0,0.0,try_again_n,8.0,0.0,0.5,2.0,0.5,-1.5,-1.5,-1.0,0.0,0.0,0.0,0.0,0.2689414213699951,0.7310585786300049,solvability-pair-0072077,-1.0,0.0,0.0,0.0,0.0,-1.5,0,0.0,TRY_AGAIN,train,solvability-pair-0072077-try_again_n:0,0.0,solvability,0.0,0.0,1.0,-1.5
1.0,0.0,0.0,0.0,0.0,1.0,0.3333333333333333,0,0.0,0.0,-1.0,1.6666666666666667,0.0,solvability-pair-0072077-try_again_n,0.3333333333333333,2.0,1.0,2.0,0.6931471805599453,try_again_n,8.0,0.125,0.5,2.0,0.5,-1.5,-1.5,0.0,-1.0,0.0,0.0,0.0,0.029312230751356316,0.9706877692486436,solvability-pair-0072077,-3.5,1.0,-1.0,0.0,0.0,-1.6666666666666667,1,0.0,GIVE_UP,train,solvability-pair-0072077-try_again_n:1,0.0,solvability,0.0,0.0,1.0,-1.6666666666666667
0.0,0.0,0.0,0.0,0.0,0.0,0.5,1,0.0,0.0,0.0,-0.5,0.0,solvability-pair-0072078-try_again_m,0.5,0.0,0.0,0.0,0.0,try_again_m,8.0,0.0,0.5,0.0,0.5,0.5,0.5,-1.0,0.0,0.0,0.0,0.0,0.7549149868676283,0.24508501313237172,solvability-pair-0072078,1.125,0.0,0.0,0.0,0.0,0.5,0,0.0,TRY_AGAIN,train,solvability-pair-0072078-try_again_m:0,0.0,solvability,0.0,0.0,1.0,0.5
1.0,0.0,0.0,0.0,0.0,1.0,0.3333333333333333,0,0.0,0.0,-1.0,-0.3333333333333333,0.0,solvability-pair-0072078-try_again_m,0.3333333333333333,0.0,1.0,0.0,0.6931471805599453,try_again_m,8.0,0.125,0.5,0.0,0.5,0.5,0.5,0.0,-1.0,0.0,0.0,0.0,0.037326887344129464,0.9626731126558706,solvability-pair-0072078,-3.25,1.0,-1.0,0.0,0.0,0.3333333333333333,1,0.0,GIVE_UP,train,solvability-pair-0072078-try_again_m:1,0.0,solvability,0.0,0.0,1.0,0.3333333333333333
0.0,0.0,0.0,0.0,0.0,0.0,0.5,0,0.0,0.0,0.0,-0.5,0.0,solvability-pair-0072078-try_again_n,0.5,0.0,0.0,0.0,0.0,try_again_n,8.0,0.0,0.5,0.0,0.5,0.5,0.5,0.0,0.0,0.0,0.0,0.0,0.34864513533394575,0.6513548646660542,solvability-pair-0072078,-0.625,0.0,0.0,0.0,0.0,0.5,0,0.0,GIVE_UP,train,solvability-pair-0072078-try_again_n:0,0.0,solvability,0.0,0.0,1.0,0.5
0.0,0.0,0.0,0.0,0.0,0.0,0.25,0,0.0,0.0,0.0,-0.25,-1.0,solvability-pair-0072079-try_again_m,0.25,0.0,0.0,0.0,0.0,try_again_m,8.0,0.0,0.2,0.0,0.2,0.2,0.2,0.0,0.0,0.0,0.0,0.0,0.5,0.5,solvability-pair-0072079,0.0,0.0,0.0,0.0,0.0,0.25,0,0.0,GIVE_UP,train,solvability-pair-0072079-try_again_m:0,0.0,solvability,0.0,0.0,1.0,0.25
0.0,0.0,0.0,0.0,0.0,0.0,0.25,0,0.0,0.0,0.0,-0.25,-1.0,solvability-pair-0072079-try_again_n,0.25,0.0,0.0,0.0,0.0,try_again_n,8.0,0.0,0.2,0.0,0.2,0.2,0.2,0.0,0.0,0.0,0.0,0.0,0.22270013882530884,0.7772998611746911,solvability-pair-0072079,-1.25,0.0,0.0,0.0,0.0,0.25,0,0.0,GIVE_UP,train,solvability-pair-0072079-try_again_n:0,0.0,solvability,0.0,0.0,1.0,0.25
0.0,0.0,0.0,0.0,0.0,0.0,0.25,0,0.0,0.0,0.0,1.75,-1.0,solvability-pair-0072080-try_again_m,0.25,2.0,0.0,2.0,0.0,try_again_m,8.0,0.0,0.2,2.0,0.2,-1.8,-1.8,0.0,0.0,0.0,0.0,0.0,0.4073334000459302,0.5926665999540697,solvability-pair-0072080,-0.375,0.0,0.0,0.0,0.0,-1.75,0,0.0,GIVE_UP,train,solvability-pair-0072080-try_again_m:0,0.0,solvability,0.0,0.0,1.0,-1.75
0.0,0.0,0.0,0.0,0.0,0.0,0.25,0,0.0,0.0,0.0,1.75,-1.0,solvability-pair-0072080-try_again_n,0.25,2.0,0.0,2.0,0.0,try_again_n,8.0,0.0,0.2,2.0,0.2,-1.8,-1.8,0.0,0.0,0.0,0.0,0.0,0.20181322226037882,0.7981867777396212,solvability-pair-0072080,-1.375,0.0,0.0,0.0,0.0,-1.75,0,0.0,GIVE_UP,train,solvability-pair-0072080-try_again_n:0,0.0,solvability,0.0,0.0,1.0,-1.75
0.0,0.0,0.0,0.0,1.0,0.0,0.25,1,1.0,0.0,0.0,0.75,-1.0,solvability-pair-0072081-try_again_m,-0.75,0.0,0.0,0.0,0.0,try_again_m,8.0,0.0,-0.8,0.0,0.2,-0.8,-0.8,-1.0,0.0,0.0,0.0,0.0,0.37754066879814546,0.6224593312018546,solvability-pair-0072081,-0.5,0.0,0.0,0.0,0.0,-0.75,0,0.0,TRY_AGAIN,train,solvability-pair-0072081-try_again_m:0,0.0,solvability,0.0,0.0,1.0,-0.75
1.0,0.0,0.0,0.0,1.0,1.0,0.16666666666666666,0,1.0,1.0,-1.0,0.8333333333333334,-1.0,solvability-pair-0072081-try_again_m,-0.8333333333333334,0.0,1.0,0.0,0.6931471805599453,try_again_m,8.0,0.125,-0.8,0.0,0.2,-0.8,-0.8,0.0,-1.0,0.0,0.0,0.0,0.02595735719779685,0.9740426428022031,solvability-pair-0072081,-3.625,1.0,-1.0,0.0,0.0,-0.8333333333333334,1,0.0,GIVE_UP,train,solvability-pair-0072081-try_again_m:1,0.0,solvability,0.0,0.0,1.0,-0.8333333333333334
0.0,0.0,0.0,0.0,1.0,0.0,0.25,1,1.0,0.0,0.0,0.75,-1.0,solvability-pair-0072081-try_again_n,-0.75,0.0,0.0,0.0,0.0,try_again_n,8.0,0.0,-0.8,0.0,0.2,-0.8,-0.8,-1.0,0.0,0.0,0.0,0.0,0.22270013882530884,0.7772998611746911,solvability-pair-0072081,-1.25,0.0,0.0,0.0,0.0,-0.75,0,0.0,TRY_AGAIN,train,solvability-pair-0072081-try_again_n:0,0.0,solvability,0.0,0.0,1.0,-0.75
1.0,0.0,0.0,0.0,1.0,1.0,0.16666666666666666,0,1.0,1.0,-1.0,0.8333333333333334,-1.0,solvability-pair-0072081-try_again_n,-0.8333333333333334,0.0,1.0,0.0,0.6931471805599453,try_again_n,8.0,0.125,-0.8,0.0,0.2,-0.8,-0.8,0.0,-1.0,0.0,0.0,0.0,0.020332353342658753,0.9796676466573412,solvability-pair-0072081,-3.875,1.0,-1.0,0.0,0.0,-0.8333333333333334,1,0.0,GIVE_UP,train,solvability-pair-0072081-try_again_n:1,0.0,solvability,0.0,0.0,1.0,-0.8333333333333334
0.0,0.0,0.0,0.0,0.0,0.0,0.75,1,0.0,0.0,0.0,-0.75,1.0,solvability-pair-0072082-try_again_m,0.75,0.0,0.0,0.0,0.0,try_again_m,8.0,0.0,0.8,0.0,0.8,0.8,0.8,1.0,0.0,0.0,0.0,0.0,0.9840936082881853,0.01590639171181471,solvability-pair-0072082,4.125,0.0,0.0,0.0,0.0,0.75,0,0.0,TRY_AGAIN,test,solvability-pair-0072082-try_again_m:0,0.0,solvability,0.0,0.0,1.0,0.75
1.0,0.0,0.0,0.0,0.0,1.0,0.8333333333333334,1,0.0,0.0,1.0,-0.8333333333333334,1.0,solvability-pair-0072082-try_again_m,0.8333333333333334,0.0,0.0,0.0,0.6931471805599453,try_again_m,8.0,0.125,0.8,0.0,0.8,0.8,0.8,-1.0,1.0,0.0,0.0,0.0,0.9997965730219448,0.0002034269780552065,solvability-pair-0072082,8.5,1.0,1.0,1.0,1.0,0.8333333333333334,1,0.0,TRY_AGAIN,test,solvability-pair-0072082-try_again_m:1,1.0,solvability,0.0,0.0,1.0,0.8333333333333334
1.0,1.0,0.0,0.0,0.0,2.0,0.625,0,0.0,0.0,0.0,-0.625,1.0,solvability-pair-0072082-try_again_m,0.625,0.0,1.0,0.0,1.0986122886681098,try_again_m,8.0,0.25,0.8,0.0,0.8,0.8,0.8,0.0,-1.0,1.0,0.0,0.0,0.8354835371034369,0.1645164628965632,solvability-pair-0072082,1.625,1.0,-1.0,1.0,1.0,0.625,2,1.0,GIVE_UP,test,solvability-pair-0072082-try_again_m:2,0.0,solvability,0.0,0.0,1.0,0.625
0.0,0.0,0.0,0.0,0.0,0.0,0.75,1,0.0,0.0,0.0,-0.75,1.0,solvability-pair-0072082-try_again_n,0.75,0.0,0.0,0.0,0.0,try_again_n,8.0,0.0,0.8,0.0,0.8,0.8,0.8,1.0,0.0,0.0,0.0,0.0,0.8175744761936437,0.18242552380635632,solvability-pair-0072082,1.5,0.0,0.0,0.0,0.0,0.75,0,0.0,TRY_AGAIN,test,solvability-pair-0072082-try_again_n:0,0.0,solvability,0.0,0.0,1.0,0.75
1.0,0.0,0.0,0.0,0.0,1.0,0.8333333333333334,1,0.0,0.0,1.0,-0.8333333333333334,1.0,solvability-pair-0072082-try_again_n,0.8333333333333334,0.0,0.0,0.0,0.6931471805599453,try_again_n,8.0,0.125,0.8,0.0,0.8,0.8,0.8,-1.0,1.0,0.0,0.0,0.0,0.9999251537724895,7.484622751061124e-05,solvability-pair-0072082,9.5,1.0,1.0,1.0,1.0,0.8333333333333334,1,0.0,TRY_AGAIN,test,solvability-pair-0072082-try_again_n:1,1.0,solvability,0.0,0.0,1.0,0.8333333333333334
1.0,1.0,0.0,0.0,0.0,2.0,0.625,1,0.0,0.0,0.0,-0.625,1.0,solvability-pair-0072082-try_again_n,0.625,0.0,1.0,0.0,1.0986122886681098,try_again_n,8.0,0.25,0.8,0.0,0.8,0.8,0.8,1.0,-1.0,1.0,0.0,0.0,0.9525741268224334,0.04742587317756679,solvability-pair-0072082,3.0,1.0,-1.0,1.0,1.0,0.625,2,1.0,TRY_AGAIN,test,solvability-pair-0072082-try_again_n:2,0.0,solvability,0.0,0.0,1.0,0.625
1.0,1.0,1.0,0.0,0.0,3.0,0.7,1,0.0,0.0,1.0,-0.7,1.0,solvability-pair-0072082-try_again_n,0.7,0.0,0.0,0.0,1.3862943611198906,try_again_n,8.0,0.375,0.8,0.0,0.8,0.8,0.8,1.0,1.0,-1.0,1.0,0.0,0.9964063974185798,0.0035936025814200896,solvability-pair-0072082,5.625,1.0,1.0,2.0,2.0,0.7,3,1.0,TRY_AGAIN,test,solvability-pair-0072082-try_again_n:3,1.0,solvability,0.0,0.0,1.0,0.7
1.0,1.0,1.0,0.0,0.0,4.0,0.75,1,0.0,0.0,2.0,-0.75,1.0,solvability-pair-0072082-try_again_n,0.75,0.0,0.0,0.0,1.6094379124341003,try_again_n,8.0,0.5,0.8,0.0,0.8,0.8,0.8,1.0,1.0,1.0,-1.0,0.0,0.9840936082881853,0.01590639171181471,solvability-pair-0072082,4.125,1.0,1.0,3.0,3.0,0.75,4,1.0,TRY_AGAIN,test,solvability-pair-0072082-try_again_n:4,2.0,solvability,0.0,0.0,1.0,0.75
1.0,1.0,1.0,1.0,0.0,5.0,0.7857142857142857,0,0.0,0.0,3.0,-0.7857142857142857,1.0,solvability-pair-0072082-try_again_n,0.7857142857142857,0.0,0.0,0.0,1.791759469228055,try_again_n,8.0,0.625,0.8,0.0,0.8,0.8,0.8,0.0,1.0,1.0,1.0,1.0,0.8670357598021706,0.13296424019782924,solvability-pair-0072082,1.875,1.0,1.0,4.0,4.0,0.7857142857142857,5,1.0,GIVE_UP,test,solvability-pair-0072082-try_again_n:5,3.0,solvability,0.0,0.0,1.0,0.7857142857142857
0.0,0.0,0.0,0.0,1.0,0.0,0.75,1,1.0,0.0,0.0,2.25,1.0,solvability-pair-0072083-try_again_m,-0.25,2.0,0.0,2.0,0.0,try_again_m,8.0,0.0,-0.19999999999999996,2.0,0.8,-2.2,-2.2,-1.0,0.0,0.0,0.0,0.0,0.9399133498259924,0.06008665017400762,solvability-pair-0072083,2.75,0.0,0.0,0.0,0.0,-2.25,0,0.0,TRY_AGAIN,train,solvability-pair-0072083-try_again_m:0,0.0,solvability,0.0,0.0,1.0,-2.25
1.0,0.0,0.0,0.0,1.0,1.0,0.5,0,1.0,1.0,-1.0,2.5,1.0,solvability-pair-0072083-try_again_m,-0.5,2.0,1.0,2.0,0.6931471805599453,try_again_m,8.0,0.125,-0.19999999999999996,2.0,0.8,-2.2,-2.2,0.0,-1.0,0.0,0.0,0.0,0.07585818002124356,0.9241418199787566,solvability-pair-0072083,-2.5,1.0,-1.0,0.0,0.0,-2.5,1,0.0,GIVE_UP,train,solvability-pair-0072083-try_again_m:1,0.0,solvability,0.0,0.0,1.0,-2.5
0.0,0.0,0.0,0.0,1.0,0.0,0.75,1,1.0,0.0,0.0,2.25,1.0,solvability-pair-0072083-try_again_n,-0.25,2.0,0.0,2.0,0.0,try_again_n,8.0,0.0,-0.19999999999999996,2.0,0.8,-2.2,-2.2,-1.0,0.0,0.0,0.0,0.0,0.679178699175393,0.32082130082460697,solvability-pair-0072083,0.75,0.0,0.0,0.0,0.0,-2.25,0,0.0,TRY_AGAIN,train,solvability-pair-0072083-try_again_n:0,0.0,solvability,0.0,0.0,1.0,-2.25
1.0,0.0,0.0,0.0,1.0,1.0,0.5,0,1.0,1.0,-1.0,2.5,1.0,solvability-pair-0072083-try_again_n,-0.5,2.0,1.0,2.0,0.6931471805599453,try_again_n,8.0,0.125,-0.19999999999999996,2.0,0.8,-2.2,-2.2,0.0,-1.0,0.0,0.0,0.0,0.08509904500702024,0.9149009549929797,solvability-pair-0072083,-2.375,1.0,-1.0,0.0,0.0,-2.5,1,0.0,GIVE_UP,train,solvability-pair-0072083-try_again_n:1,0.0,solvability,0.0,0.0,1.0,-2.5
0.0,0.0,0.0,0.0,0.0,0.0,0.75,1,0.0,0.0,0.0,1.25,1.0,solvability-pair-0072084-try_again_m,0.75,2.0,0.0,2.0,0.0,try_again_m,8.0,0.0,0.8,2.0,0.8,-1.2,-1.2,1.0,0.0,0.0,0.0,0.0,0.9770226300899744,0.02297736991002561,solvability-pair-0072084,3.75,0.0,0.0,0.0,0.0,-1.25,0,0.0,TRY_AGAIN,validation,solvability-pair-0072084-try_again_m:0,0.0,solvability,0.0,0.0,1.0,-1.25
1.0,0.0,0.0,0.0,0.0,1.0,0.8333333333333334,1,0.0,0.0,1.0,1.1666666666666665,1.0,solvability-pair-0072084-try_again_m,0.8333333333333334,2.0,0.0,2.0,0.6931471805599453,try_again_m,8.0,0.125,0.8,2.0,0.8,-1.2,-1.2,1.0,1.0,0.0,0.0,0.0,0.9996646498695336,0.00033535013046647816,solvability-pair-0072084,8.0,1.0,1.0,1.0,1.0,-1.1666666666666665,1,0.0,TRY_AGAIN,validation,solvability-pair-0072084-try_again_m:1,1.0,solvability,0.0,0.0,1.0,-1.1666666666666665
1.0,1.0,0.0,0.0,0.0,2.0,0.875,1,0.0,0.0,2.0,1.125,1.0,solvability-pair-0072084-try_again_m,0.875,2.0,0.0,2.0,1.0986122886681098,try_again_m,8.0,0.25,0.8,2.0,0.8,-1.2,-1.2,1.0,1.0,1.0,0.0,0.0,0.9924227587321393,0.007577241267860811,solvability-pair-0072084,4.875,1.0,1.0,2.0,2.0,-1.125,2,1.0,TRY_AGAIN,validation,solvability-pair-0072084-try_again_m:2,2.0,solvability,0.0,0.0,1.0,-1.125
1.0,1.0,1.0,0.0,0.0,3.0,0.9,1,0.0,0.0,3.0,1.1,1.0,solvability-pair-0072084-try_again_m,0.9,2.0,0.0,2.0,1.3862943611198906,try_again_m,8.0,0.375,0.8,2.0,0.8,-1.2,-1.2,1.0,1.0,1.0,1.0,0.0,0.9859363729567544,0.014063627043245474,solvability-pair-0072084,4.25,1.0,1.0,3.0,3.0,-1.1,3,1.0,TRY_AGAIN,validation,solvability-pair-0072084-try_again_m:3,3.0,solvability,0.0,0.0,1.0,-1.1
1.0,1.0,1.0,0.0,0.0,4.0,0.9166666666666666,1,0.0,0.0,4.0,1.0833333333333335,1.0,solvability-pair-0072084-try_again_m,0.9166666666666666,2.0,0.0,2.0,1.6094379124341003,try_again_m,8.0,0.5,0.8,2.0,0.8,-1.2,-1.2,1.0,1.0,1.0,1.0,0.0,0.9579122720843811,0.04208772791561884,solvability-pair-0072084,3.125,1.0,1.0,4.0,4.0,-1.0833333333333335,4,1.0,TRY_AGAIN,validation,solvability-pair-0072084-try_again_m:4,4.0,solvability,0.0,0.0,1.0,-1.0833333333333335
1.0,1.0,1.0,1.0,0.0,5.0,0.9285714285714286,1,0.0,0.0,5.0,1.0714285714285714,1.0,solvability-pair-0072084-try_again_m,0.9285714285714286,2.0,0.0,2.0,1.791759469228055,try_again_m,8.0,0.625,0.8,2.0,0.8,-1.2,-1.2,1.0,1.0,1.0,1.0,1.0,0.8933094060543487,0.10669059394565118,solvability-pair-0072084,2.125,1.0,1.0,5.0,5.0,-1.0714285714285714,5,1.0,TRY_AGAIN,validation,solvability-pair-0072084-try_again_m:5,5.0,solvability,0.0,0.0,1.0,-1.0714285714285714
1.0,1.0,1.0,1.0,0.0,6.0,0.9375,1,0.0,0.0,6.0,1.0625,1.0,solvability-pair-0072084-try_again_m,0.9375,2.0,0.0,2.0,1.9459101490553132,try_again_m,8.0,0.75,0.8,2.0,0.8,-1.2,-1.2,1.0,1.0,1.0,1.0,1.0,0.8175744761936437,0.18242552380635632,solvability-pair-0072084,1.5,1.0,1.0,6.0,6.0,-1.0625,6,1.0,TRY_AGAIN,validation,solvability-pair-0072084-try_again_m:6,6.0,solvability,0.0,0.0,1.0,-1.0625
1.0,1.0,1.0,1.0,0.0,7.0,0.9444444444444444,1,0.0,0.0,7.0,1.0555555555555556,1.0,solvability-pair-0072084-try_again_m,0.9444444444444444,2.0,0.0,2.0,2.0794415416798357,try_again_m,8.0,0.875,0.8,2.0,0.8,-1.2,-1.2,1.0,1.0,1.0,1.0,1.0,0.7057850278370112,0.29421497216298875,solvability-pair-0072084,0.875,1.0,1.0,7.0,7.0,-1.0555555555555556,7,1.0,TRY_AGAIN,validation,solvability-pair-0072084-try_again_m:7,7.0,solvability,0.0,0.0,1.0,-1.0555555555555556
0.0,0.0,0.0,0.0,0.0,0.0,0.75,1,0.0,0.0,0.0,1.25,1.0,solvability-pair-0072084-try_again_n,0.75,2.0,0.0,2.0,0.0,try_again_n,8.0,0.0,0.8,2.0,0.8,-1.2,-1.2,1.0,0.0,0.0,0.0,0.0,0.7772998611746911,0.22270013882530884,solvability-pair-0072084,1.25,0.0,0.0,0.0,0.0,-1.25,0,0.0,TRY_AGAIN,validation,solvability-pair-0072084-try_again_n:0,0.0,solvability,0.0,0.0,1.0,-1.25
1.0,0.0,0.0,0.0,0.0,1.0,0.8333333333333334,1,0.0,0.0,1.0,1.1666666666666665,1.0,solvability-pair-0072084-try_again_n,0.8333333333333334,2.0,0.0,2.0,0.6931471805599453,try_again_n,8.0,0.125,0.8,2.0,0.8,-1.2,-1.2,1.0,1.0,0.0,0.0,0.0,0.9997694932780068,0.0002305067219931397,solvability-pair-0072084,8.375,1.0,1.0,1.0,1.0,-1.1666666666666665,1,0.0,TRY_AGAIN,validation,solvability-pair-0072084-try_again_n:1,1.0,solvability,0.0,0.0,1.0,-1.1666666666666665
1.0,1.0,0.0,0.0,0.0,2.0,0.875,1,0.0,0.0,2.0,1.125,1.0,solvability-pair-0072084-try_again_n,0.875,2.0,0.0,2.0,1.0986122886681098,try_again_n,8.0,0.25,0.8,2.0,0.8,-1.2,-1.2,1.0,1.0,1.0,0.0,0.0,0.9953904278206259,0.004609572179374208,solvability-pair-0072084,5.375,1.0,1.0,2.0,2.0,-1.125,2,1.0,TRY_AGAIN,validation,solvability-pair-0072084-try_again_n:2,2.0,solvability,0.0,0.0,1.0,-1.125
1.0,1.0,1.0,0.0,0.0,3.0,0.9,1,0.0,0.0,3.0,1.1,1.0,solvability-pair-0072084-try_again_n,0.9,2.0,0.0,2.0,1.3862943611198906,try_again_n,8.0,0.375,0.8,2.0,0.8,-1.2,-1.2,1.0,1.0,1.0,1.0,0.0,0.9875683491468141,0.012431650853185818,solvability-pair-0072084,4.375,1.0,1.0,3.0,3.0,-1.1,3,1.0,TRY_AGAIN,validation,solvability-pair-0072084-try_again_n:3,3.0,solvability,0.0,0.0,1.0,-1.1
1.0,1.0,1.0,0.0,0.0,4.0,0.9166666666666666,1,0.0,0.0,4.0,1.0833333333333335,1.0,solvability-pair-0072084-try_again_n,0.9166666666666666,2.0,0.0,2.0,1.6094379124341003,try_again_n,8.0,0.5,0.8,2.0,0.8,-1.2,-1.2,1.0,1.0,1.0,1.0,0.0,0.9626731126558706,0.037326887344129464,solvability-pair-0072084,3.25,1.0,1.0,4.0,4.0,-1.0833333333333335,4,1.0,TRY_AGAIN,validation,solvability-pair-0072084-try_again_n:4,4.0,solvability,0.0,0.0,1.0,-1.0833333333333335
1.0,1.0,1.0,1.0,0.0,5.0,0.9285714285714286,1,0.0,0.0,5.0,1.0714285714285714,1.0,solvability-pair-0072084-try_again_n,0.9285714285714286,2.0,0.0,2.0,1.791759469228055,try_again_n,8.0,0.625,0.8,2.0,0.8,-1.2,-1.2,1.0,1.0,1.0,1.0,1.0,0.9046505351008906,0.0953494648991095,solvability-pair-0072084,2.25,1.0,1.0,5.0,5.0,-1.0714285714285714,5,1.0,TRY_AGAIN,validation,solvability-pair-0072084-try_again_n:5,5.0,solvability,0.0,0.0,1.0,-1.0714285714285714
1.0,1.0,1.0,1.0,0.0,6.0,0.9375,1,0.0,0.0,6.0,1.0625,1.0,solvability-pair-0072084-try_again_n,0.9375,2.0,0.0,2.0,1.9459101490553132,try_again_n,8.0,0.75,0.8,2.0,0.8,-1.2,-1.2,1.0,1.0,1.0,1.0,1.0,0.8519528019683106,0.1480471980316895,solvability-pair-0072084,1.75,1.0,1.0,6.0,6.0,-1.0625,6,1.0,TRY_AGAIN,validation,solvability-pair-0072084-try_again_n:6,6.0,solvability,0.0,0.0,1.0,-1.0625
1.0,1.0,1.0,1.0,0.0,7.0,0.9444444444444444,1,0.0,0.0,7.0,1.0555555555555556,1.0,solvability-pair-0072084-try_again_n,0.9444444444444444,2.0,0.0,2.0,2.0794415416798357,try_again_n,8.0,0.875,0.8,2.0,0.8,-1.2,-1.2,1.0,1.0,1.0,1.0,1.0,0.6513548646660542,0.34864513533394575,solvability-pair-0072084,0.625,1.0,1.0,7.0,7.0,-1.0555555555555556,7,1.0,TRY_AGAIN,validation,solvability-pair-0072084-try_again_n:7,7.0,solvability,0.0,0.0,1.0,-1.0555555555555556
0.0,0.0,0.0,0.0,1.0,0.0,0.5,1,1.0,0.0,0.0,2.5,0.0,solvability-pair-0072085-try_again_m,-0.5,2.0,0.0,2.0,0.0,try_again_m,8.0,0.0,-0.5,2.0,0.5,-2.5,-2.5,1.0,0.0,0.0,0.0,0.0,0.46879062662624377,0.5312093733737563,solvability-pair-0072085,-0.125,0.0,0.0,0.0,0.0,-2.5,0,0.0,TRY_AGAIN,train,solvability-pair-0072085-try_again_m:0,0.0,solvability,0.0,0.0,1.0,-2.5
1.0,0.0,0.0,0.0,1.0,1.0,0.6666666666666666,1,1.0,1.0,1.0,2.3333333333333335,0.0,solvability-pair-0072085-try_again_m,-0.33333333333333337,2.0,0.0,2.0,0.6931471805599453,try_again_m,8.0,0.125,-0.5,2.0,0.5,-2.5,-2.5,-1.0,1.0,0.0,0.0,0.0,0.995929862284104,0.004070137715896127,solvability-pair-0072085,5.5,1.0,1.0,1.0,1.0,-2.3333333333333335,1,0.0,TRY_AGAIN,train,solvability-pair-0072085-try_again_m:1,1.0,solvability,0.0,0.0,1.0,-2.3333333333333335
1.0,1.0,0.0,0.0,1.0,2.0,0.5,1,1.0,2.0,0.0,2.5,0.0,solvability-pair-0072085-try_again_m,-0.5,2.0,1.0,2.0,1.0986122886681098,try_again_m,8.0,0.25,-0.5,2.0,0.5,-2.5,-2.5,-1.0,-1.0,1.0,0.0,0.0,0.4378234991142019,0.5621765008857981,solvability-pair-0072085,-0.25,1.0,-1.0,1.0,1.0,-2.5,2,1.0,TRY_AGAIN,train,solvability-pair-0072085-try_again_m:2,0.0,solvability,0.0,0.0,1.0,-2.5
1.0,1.0,1.0,0.0,1.0,3.0,0.4,0,1.0,3.0,-1.0,2.6,0.0,solvability-pair-0072085-try_again_m,-0.6,2.0,2.0,2.0,1.3862943611198906,try_again_m,8.0,0.375,-0.5,2.0,0.5,-2.5,-2.5,0.0,-1.0,-1.0,1.0,0.0,0.29421497216298875,0.7057850278370112,solvability-pair-0072085,-0.875,1.0,-1.0,1.0,1.0,-2.6,3,1.0,GIVE_UP,train,solvability-pair-0072085-try_again_m:3,0.0,solvability,0.0,0.0,1.0,-2.6
0.0,0.0,0.0,0.0,1.0,0.0,0.5,0,1.0,0.0,0.0,2.5,0.0,solvability-pair-0072085-try_again_n,-0.5,2.0,0.0,2.0,0.0,try_again_n,8.0,0.0,-0.5,2.0,0.5,-2.5,-2.5,0.0,0.0,0.0,0.0,0.0,0.22270013882530884,0.7772998611746911,solvability-pair-0072085,-1.25,0.0,0.0,0.0,0.0,-2.5,0,0.0,GIVE_UP,train,solvability-pair-0072085-try_again_n:0,0.0,solvability,0.0,0.0,1.0,-2.5
0.0,0.0,0.0,0.0,1.0,0.0,0.5,1,1.0,0.0,0.0,0.5,0.0,solvability-pair-0072086-try_again_m,-0.5,0.0,0.0,0.0,0.0,try_again_m,8.0,0.0,-0.5,0.0,0.5,-0.5,-0.5,-1.0,0.0,0.0,0.0,0.0,0.5621765008857981,0.4378234991142019,solvability-pair-0072086,0.25,0.0,0.0,0.0,0.0,-0.5,0,0.0,TRY_AGAIN,train,solvability-pair-0072086-try_again_m:0,0.0,solvability,0.0,0.0,1.0,-0.5
1.0,0.0,0.0,0.0,1.0,1.0,0.3333333333333333,0,1.0,1.0,-1.0,0.6666666666666667,0.0,solvability-pair-0072086-try_again_m,-0.6666666666666667,0.0,1.0,0.0,0.6931471805599453,try_again_m,8.0,0.125,-0.5,0.0,0.5,-0.5,-0.5,0.0,-1.0,0.0,0.0,0.0,0.033085978388704126,0.9669140216112958,solvability-pair-0072086,-3.375,1.0,-1.0,0.0,0.0,-0.6666666666666667,1,0.0,GIVE_UP,train,solvability-pair-0072086-try_again_m:1,0.0,solvability,0.0,0.0,1.0,-0.6666666666666667
0.0,0.0,0.0,0.0,1.0,0.0,0.5,1,1.0,0.0,0.0,0.5,0.0,solvability-pair-0072086-try_again_n,-0.5,0.0,0.0,0.0,0.0,try_again_n,8.0,0.0,-0.5,0.0,0.5,-0.5,-0.5,-1.0,0.0,0.0,0.0,0.0,0.2689414213699951,0.7310585786300049,solvability-pair-0072086,-1.0,0.0,0.0,0.0,0.0,-0.5,0,0.0,TRY_AGAIN,train,solvability-pair-0072086-try_again_n:0,0.0,solvability,0.0,0.0,1.0,-0.5
1.0,0.0,0.0,0.0,1.0,1.0,0.3333333333333333,0,1.0,1.0,-1.0,0.6666666666666667,0.0,solvability-pair-0072086-try_again_n,-0.6666666666666667,0.0,1.0,0.0,0.6931471805599453,try_again_n,8.0,0.125,-0.5,0.0,0.5,-0.5,-0.5,0.0,-1.0,0.0,0.0,0.0,0.02297736991002561,0.9770226300899744,solvability-pair-0072086,-3.75,1.0,-1.0,0.0,0.0,-0.6666666666666667,1,0.0,GIVE_UP,train,solvability-pair-0072086-try_again_n:1,0.0,solvability,0.0,0.0,1.0,-0.6666666666666667
0.0,0.0,0.0,0.0,1.0,0.0,0.25,1,1.0,0.0,0.0,2.75,-1.0,solvability-pair-0072087-try_again_m,-0.75,2.0,0.0,2.0,0.0,try_again_m,8.0,0.0,-0.8,2.0,0.2,-2.8,-2.8,-1.0,0.0,0.0,0.0,0.0,0.32082130082460697,0.679178699175393,solvability-pair-0072087,-0.75,0.0,0.0,0.0,0.0,-2.75,0,0.0,TRY_AGAIN,train,solvability-pair-0072087-try_again_m:0,0.0,solvability,0.0,0.0,1.0,-2.75
1.0,0.0,0.0,0.0,1.0,1.0,0.16666666666666666,0,1.0,1.0,-1.0,2.8333333333333335,-1.0,solvability-pair-0072087-try_again_m,-0.8333333333333334,2.0,1.0,2.0,0.6931471805599453,try_again_m,8.0,0.125,-0.8,2.0,0.2,-2.8,-2.8,0.0,-1.0,0.0,0.0,0.0,0.037326887344129464,0.9626731126558706,solvability-pair-0072087,-3.25,1.0,-1.0,0.0,0.0,-2.8333333333333335,1,0.0,GIVE_UP,train,solvability-pair-0072087-try_again_m:1,0.0,solvability,0.0,0.0,1.0,-2.8333333333333335
0.0,0.0,0.0,0.0,1.0,0.0,0.25,1,1.0,0.0,0.0,2.75,-1.0,solvability-pair-0072087-try_again_n,-0.75,2.0,0.0,2.0,0.0,try_again_n,8.0,0.0,-0.8,2.0,0.2,-2.8,-2.8,-1.0,0.0,0.0,0.0,0.0,0.18242552380635632,0.8175744761936437,solvability-pair-0072087,-1.5,0.0,0.0,0.0,0.0,-2.75,0,0.0,TRY_AGAIN,train,solvability-pair-0072087-try_again_n:0,0.0,solvability,0.0,0.0,1.0,-2.75
1.0,0.0,0.0,0.0,1.0,1.0,0.16666666666666666,0,1.0,1.0,-1.0,2.8333333333333335,-1.0,solvability-pair-0072087-try_again_n,-0.8333333333333334,2.0,1.0,2.0,0.6931471805599453,try_again_n,8.0,0.125,-0.8,2.0,0.2,-2.8,-2.8,0.0,-1.0,0.0,0.0,0.0,0.029312230751356316,0.9706877692486436,solvability-pair-0072087,-3.5,1.0,-1.0,0.0,0.0,-2.8333333333333335,1,0.0,GIVE_UP,train,solvability-pair-0072087-try_again_n:1,0.0,solvability,0.0,0.0,1.0,-2.8333333333333335
0.0,0.0,0.0,0.0,1.0,0.0,0.75,1,1.0,0.0,0.0,0.25,1.0,solvability-pair-0072088-try_again_m,-0.25,0.0,0.0,0.0,0.0,try_again_m,8.0,0.0,-0.19999999999999996,0.0,0.8,-0.19999999999999996,-0.19999999999999996,1.0,0.0,0.0,0.0,0.0,0.9626731126558706,0.037326887344129464,solvability-pair-0072088,3.25,0.0,0.0,0.0,0.0,-0.25,0,0.0,TRY_AGAIN,test,solvability-pair-0072088-try_again_m:0,0.0,solvability,0.0,0.0,1.0,-0.25
1.0,0.0,0.0,0.0,1.0,1.0,0.8333333333333334,1,1.0,1.0,1.0,0.16666666666666663,1.0,solvability-pair-0072088-try_again_m,-0.16666666666666663,0.0,0.0,0.0,0.6931471805599453,try_again_m,8.0,0.125,-0.19999999999999996,0.0,0.8,-0.19999999999999996,-0.19999999999999996,1.0,1.0,0.0,0.0,0.0,0.9995694429186754,0.00043055708132461493,solvability-pair-0072088,7.75,1.0,1.0,1.0,1.0,-0.16666666666666663,1,0.0,TRY_AGAIN,test,solvability-pair-0072088-try_again_m:1,1.0,solvability,0.0,0.0,1.0,-0.16666666666666663
1.0,1.0,0.0,0.0,1.0,2.0,0.875,1,1.0,2.0,2.0,0.125,1.0,solvability-pair-0072088-try_again_m,-0.125,0.0,0.0,0.0,1.0986122886681098,try_again_m,8.0,0.25,-0.19999999999999996,0.0,0.8,-0.19999999999999996,-0.19999999999999996,1.0,1.0,1.0,0.0,0.0,0.991422514586288,0.008577485413711986,solvability-pair-0072088,4.75,1.0,1.0,2.0,2.0,-0.125,2,1.0,TRY_AGAIN,test,solvability-pair-0072088-try_again_m:2,2.0,solvability,0.0,0.0,1.0,-0.125
1.0,1.0,1.0,0.0,1.0,3.0,0.9,1,1.0,3.0,3.0,0.09999999999999998,1.0,solvability-pair-0072088-try_again_m,-0.09999999999999998,0.0,0.0,0.0,1.3862943611198906,try_again_m,8.0,0.375,-0.19999999999999996,0.0,0.8,-0.19999999999999996,-0.19999999999999996,1.0,1.0,1.0,1.0,0.0,0.9770226300899744,0.02297736991002561,solvability-pair-0072088,3.75,1.0,1.0,3.0,3.0,-0.09999999999999998,3,1.0,TRY_AGAIN,test,solvability-pair-0072088-try_again_m:3,3.0,solvability,0.0,0.0,1.0,-0.09999999999999998
1.0,1.0,1.0,0.0,1.0,4.0,0.9166666666666666,1,1.0,4.0,4.0,0.08333333333333337,1.0,solvability-pair-0072088-try_again_m,-0.08333333333333337,0.0,0.0,0.0,1.6094379124341003,try_again_m,8.0,0.5,-0.19999999999999996,0.0,0.8,-0.19999999999999996,-0.19999999999999996,1.0,1.0,1.0,1.0,0.0,0.8933094060543487,0.10669059394565118,solvability-pair-0072088,2.125,1.0,1.0,4.0,4.0,-0.08333333333333337,4,1.0,TRY_AGAIN,test,solvability-pair-0072088-try_again_m:4,4.0,solvability,0.0,0.0,1.0,-0.08333333333333337
1.0,1.0,1.0,1.0,1.0,5.0,0.9285714285714286,1,1.0,5.0,5.0,0.0714285714285714,1.0,solvability-pair-0072088-try_again_m,-0.0714285714285714,0.0,0.0,0.0,1.791759469228055,try_again_m,8.0,0.625,-0.19999999999999996,0.0,0.8,-0.19999999999999996,-0.19999999999999996,1.0,1.0,1.0,1.0,1.0,0.7981867777396212,0.20181322226037882,solvability-pair-0072088,1.375,1.0,1.0,5.0,5.0,-0.0714285714285714,5,1.0,TRY_AGAIN,test,solvability-pair-0072088-try_again_m:5,5.0,solvability,0.0,0.0,1.0,-0.0714285714285714
1.0,1.0,1.0,1.0,1.0,6.0,0.9375,0,1.0,6.0,6.0,0.0625,1.0,solvability-pair-0072088-try_again_m,-0.0625,0.0,0.0,0.0,1.9459101490553132,try_again_m,8.0,0.75,-0.19999999999999996,0.0,0.8,-0.19999999999999996,-0.19999999999999996,0.0,1.0,1.0,1.0,1.0,0.8175744761936437,0.18242552380635632,solvability-pair-0072088,1.5,1.0,1.0,6.0,6.0,-0.0625,6,1.0,GIVE_UP,test,solvability-pair-0072088-try_again_m:6,6.0,solvability,0.0,0.0,1.0,-0.0625
0.0,0.0,0.0,0.0,1.0,0.0,0.75,1,1.0,0.0,0.0,0.25,1.0,solvability-pair-0072088-try_again_n,-0.25,0.0,0.0,0.0,0.0,try_again_n,8.0,0.0,-0.19999999999999996,0.0,0.8,-0.19999999999999996,-0.19999999999999996,1.0,0.0,0.0,0.0,0.0,0.7549149868676283,0.24508501313237172,solvability-pair-0072088,1.125,0.0,0.0,0.0,0.0,-0.25,0,0.0,TRY_AGAIN,test,solvability-pair-0072088-try_again_n:0,0.0,solvability,0.0,0.0,1.0,-0.25
1.0,0.0,0.0,0.0,1.0,1.0,0.8333333333333334,1,1.0,1.0,1.0,0.16666666666666663,1.0,solvability-pair-0072088-try_again_n,-0.16666666666666663,0.0,0.0,0.0,0.6931471805599453,try_again_n,8.0,0.125,-0.19999999999999996,0.0,0.8,-0.19999999999999996,-0.19999999999999996,1.0,1.0,0.0,0.0,0.0,0.9998204720306533,0.0001795279693467774,solvability-pair-0072088,8.625,1.0,1.0,1.0,1.0,-0.16666666666666663,1,0.0,TRY_AGAIN,test,solvability-pair-0072088-try_again_n:1,1.0,solvability,0.0,0.0,1.0,-0.16666666666666663
1.0,1.0,0.0,0.0,1.0,2.0,0.875,1,1.0,2.0,2.0,0.125,1.0,solvability-pair-0072088-try_again_n,-0.125,0.0,0.0,0.0,1.0986122886681098,try_again_n,8.0,0.25,-0.19999999999999996,0.0,0.8,-0.19999999999999996,-0.19999999999999996,1.0,1.0,1.0,0.0,0.0,0.9975273768433653,0.0024726231566347748,solvability-pair-0072088,6.0,1.0,1.0,2.0,2.0,-0.125,2,1.0,TRY_AGAIN,test,solvability-pair-0072088-try_again_n:2,2.0,solvability,0.0,0.0,1.0,-0.125
1.0,1.0,1.0,0.0,1.0,3.0,0.9,1,1.0,3.0,3.0,0.09999999999999998,1.0,solvability-pair-0072088-try_again_n,-0.09999999999999998,0.0,0.0,0.0,1.3862943611198906,try_again_n,8.0,0.375,-0.19999999999999996,0.0,0.8,-0.19999999999999996,-0.19999999999999996,1.0,1.0,1.0,1.0,0.0,0.991422514586288,0.008577485413711986,solvability-pair-0072088,4.75,1.0,1.0,3.0,3.0,-0.09999999999999998,3,1.0,TRY_AGAIN,test,solvability-pair-0072088-try_again_n:3,3.0,solvability,0.0,0.0,1.0,-0.09999999999999998
1.0,1.0,1.0,0.0,1.0,4.0,0.9166666666666666,1,1.0,4.0,4.0,0.08333333333333337,1.0,solvability-pair-0072088-try_again_n,-0.08333333333333337,0.0,0.0,0.0,1.6094379124341003,try_again_n,8.0,0.5,-0.19999999999999996,0.0,0.8,-0.19999999999999996,-0.19999999999999996,1.0,1.0,1.0,1.0,0.0,0.9324533088603709,0.0675466911396291,solvability-pair-0072088,2.625,1.0,1.0,4.0,4.0,-0.08333333333333337,4,1.0,TRY_AGAIN,test,solvability-pair-0072088-try_again_n:4,4.0,solvability,0.0,0.0,1.0,-0.08333333333333337
1.0,1.0,1.0,1.0,1.0,5.0,0.9285714285714286,1,1.0,5.0,5.0,0.0714285714285714,1.0,solvability-pair-0072088-try_again_n,-0.0714285714285714,0.0,0.0,0.0,1.791759469228055,try_again_n,8.0,0.625,-0.19999999999999996,0.0,0.8,-0.19999999999999996,-0.19999999999999996,1.0,1.0,1.0,1.0,1.0,0.7549149868676283,0.24508501313237172,solvability-pair-0072088,1.125,1.0,1.0,5.0,5.0,-0.0714285714285714,5,1.0,TRY_AGAIN,test,solvability-pair-0072088-try_again_n:5,5.0,solvability,0.0,0.0,1.0,-0.0714285714285714
1.0,1.0,1.0,1.0,1.0,6.0,0.9375,0,1.0,6.0,6.0,0.0625,1.0,solvability-pair-0072088-try_again_n,-0.0625,0.0,0.0,0.0,1.9459101490553132,try_again_n,8.0,0.75,-0.19999999999999996,0.0,0.8,-0.19999999999999996,-0.19999999999999996,0.0,1.0,1.0,1.0,1.0,0.7772998611746911,0.22270013882530884,solvability-pair-0072088,1.25,1.0,1.0,6.0,6.0,-0.0625,6,1.0,GIVE_UP,test,solvability-pair-0072088-try_again_n:6,6.0,solvability,0.0,0.0,1.0,-0.0625
0.0,0.0,0.0,0.0,0.0,0.0,0.5,0,0.0,0.0,0.0,1.5,0.0,solvability-pair-0072089-try_again_m,0.5,2.0,0.0,2.0,0.0,try_again_m,8.0,0.0,0.5,2.0,0.5,-1.5,-1.5,0.0,0.0,0.0,0.0,0.0,0.6224593312018546,0.37754066879814546,solvability-pair-0072089,0.5,0.0,0.0,0.0,0.0,-1.5,0,0.0,GIVE_UP,train,solvability-pair-0072089-try_again_m:0,0.0,solvability,0.0,0.0,1.0,-1.5
0.0,0.0,0.0,0.0,0.0,0.0,0.5,0,0.0,0.0,0.0,1.5,0.0,solvability-pair-0072089-try_again_n,0.5,2.0,0.0,2.0,0.0,try_again_n,8.0,0.0,0.5,2.0,0.5,-1.5,-1.5,0.0,0.0,0.0,0.0,0.0,0.2689414213699951,0.7310585786300049,solvability-pair-0072089,-1.0,0.0,0.0,0.0,0.0,-1.5,0,0.0,GIVE_UP,train,solvability-pair-0072089-try_again_n:0,0.0,solvability,0.0,0.0,1.0,-1.5
0.0,0.0,0.0,0.0,0.0,0.0,0.5,1,0.0,0.0,0.0,-0.5,0.0,solvability-pair-0072090-try_again_m,0.5,0.0,0.0,0.0,0.0,try_again_m,8.0,0.0,0.5,0.0,0.5,0.5,0.5,-1.0,0.0,0.0,0.0,0.0,0.7549149868676283,0.24508501313237172,solvability-pair-0072090,1.125,0.0,0.0,0.0,0.0,0.5,0,0.0,TRY_AGAIN,train,solvability-pair-0072090-try_again_m:0,0.0,solvability,0.0,0.0,1.0,0.5
1.0,0.0,0.0,0.0,0.0,1.0,0.3333333333333333,0,0.0,0.0,-1.0,-0.3333333333333333,0.0,solvability-pair-0072090-try_again_m,0.3333333333333333,0.0,1.0,0.0,0.6931471805599453,try_again_m,8.0,0.125,0.5,0.0,0.5,0.5,0.5,0.0,-1.0,0.0,0.0,0.0,0.037326887344129464,0.9626731126558706,solvability-pair-0072090,-3.25,1.0,-1.0,0.0,0.0,0.3333333333333333,1,0.0,GIVE_UP,train,solvability-pair-0072090-try_again_m:1,0.0,solvability,0.0,0.0,1.0,0.3333333333333333
0.0,0.0,0.0,0.0,0.0,0.0,0.5,1,0.0,0.0,0.0,-0.5,0.0,solvability-pair-0072090-try_again_n,0.5,0.0,0.0,0.0,0.0,try_again_n,8.0,0.0,0.5,0.0,0.5,0.5,0.5,-1.0,0.0,0.0,0.0,0.0,0.34864513533394575,0.6513548646660542,solvability-pair-0072090,-0.625,0.0,0.0,0.0,0.0,0.5,0,0.0,TRY_AGAIN,train,solvability-pair-0072090-try_again_n:0,0.0,solvability,0.0,0.0,1.0,0.5
1.0,0.0,0.0,0.0,0.0,1.0,0.3333333333333333,0,0.0,0.0,-1.0,-0.3333333333333333,0.0,solvability-pair-0072090-try_again_n,0.3333333333333333,0.0,1.0,0.0,0.6931471805599453,try_again_n,8.0,0.125,0.5,0.0,0.5,0.5,0.5,0.0,-1.0,0.0,0.0,0.0,0.02595735719779685,0.9740426428022031,solvability-pair-0072090,-3.625,1.0,-1.0,0.0,0.0,0.3333333333333333,1,0.0,GIVE_UP,train,solvability-pair-0072090-try_again_n:1,0.0,solvability,0.0,0.0,1.0,0.3333333333333333
0.0,0.0,0.0,0.0,0.0,0.0,0.25,1,0.0,0.0,0.0,-0.25,-1.0,solvability-pair-0072091-try_again_m,0.25,0.0,0.0,0.0,0.0,try_again_m,8.0,0.0,0.2,0.0,0.2,0.2,0.2,-1.0,0.0,0.0,0.0,0.0,0.5,0.5,solvability-pair-0072091,0.0,0.0,0.0,0.0,0.0,0.25,0,0.0,TRY_AGAIN,validation,solvability-pair-0072091-try_again_m:0,0.0,solvability,0.0,0.0,1.0,0.25
1.0,0.0,0.0,0.0,0.0,1.0,0.16666666666666666,0,0.0,0.0,-1.0,-0.16666666666666666,-1.0,solvability-pair-0072091-try_again_m,0.16666666666666666,0.0,1.0,0.0,0.6931471805599453,try_again_m,8.0,0.125,0.2,0.0,0.2,0.2,0.2,0.0,-1.0,0.0,0.0,0.0,0.02595735719779685,0.9740426428022031,solvability-pair-0072091,-3.625,1.0,-1.0,0.0,0.0,0.16666666666666666,1,0.0,GIVE_UP,validation,solvability-pair-0072091-try_again_m:1,0.0,solvability,0.0,0.0,1.0,0.16666666666666666
0.0,0.0,0.0,0.0,0.0,0.0,0.25,0,0.0,0.0,0.0,-0.25,-1.0,solvability-pair-0072091-try_again_n,0.25,0.0,0.0,0.0,0.0,try_again_n,8.0,0.0,0.2,0.0,0.2,0.2,0.2,0.0,0.0,0.0,0.0,0.0,0.22270013882530884,0.7772998611746911,solvability-pair-0072091,-1.25,0.0,0.0,0.0,0.0,0.25,0,0.0,GIVE_UP,validation,solvability-pair-0072091-try_again_n:0,0.0,solvability,0.0,0.0,1.0,0.25
0.0,0.0,0.0,0.0,0.0,0.0,0.25,0,0.0,0.0,0.0,1.75,-1.0,solvability-pair-0072092-try_again_m,0.25,2.0,0.0,2.0,0.0,try_again_m,8.0,0.0,0.2,2.0,0.2,-1.8,-1.8,0.0,0.0,0.0,0.0,0.0,0.4073334000459302,0.5926665999540697,solvability-pair-0072092,-0.375,0.0,0.0,0.0,0.0,-1.75,0,0.0,GIVE_UP,validation,solvability-pair-0072092-try_again_m:0,0.0,solvability,0.0,0.0,1.0,-1.75
0.0,0.0,0.0,0.0,0.0,0.0,0.25,0,0.0,0.0,0.0,1.75,-1.0,solvability-pair-0072092-try_again_n,0.25,2.0,0.0,2.0,0.0,try_again_n,8.0,0.0,0.2,2.0,0.2,-1.8,-1.8,0.0,0.0,0.0,0.0,0.0,0.20181322226037882,0.7981867777396212,solvability-pair-0072092,-1.375,0.0,0.0,0.0,0.0,-1.75,0,0.0,GIVE_UP,validation,solvability-pair-0072092-try_again_n:0,0.0,solvability,0.0,0.0,1.0,-1.75
0.0,0.0,0.0,0.0,1.0,0.0,0.25,1,1.0,0.0,0.0,0.75,-1.0,solvability-pair-0072093-try_again_m,-0.75,0.0,0.0,0.0,0.0,try_again_m,8.0,0.0,-0.8,0.0,0.2,-0.8,-0.8,-1.0,0.0,0.0,0.0,0.0,0.37754066879814546,0.6224593312018546,solvability-pair-0072093,-0.5,0.0,0.0,0.0,0.0,-0.75,0,0.0,TRY_AGAIN,validation,solvability-pair-0072093-try_again_m:0,0.0,solvability,0.0,0.0,1.0,-0.75
1.0,0.0,0.0,0.0,1.0,1.0,0.16666666666666666,0,1.0,1.0,-1.0,0.8333333333333334,-1.0,solvability-pair-0072093-try_again_m,-0.8333333333333334,0.0,1.0,0.0,0.6931471805599453,try_again_m,8.0,0.125,-0.8,0.0,0.2,-0.8,-0.8,0.0,-1.0,0.0,0.0,0.0,0.02595735719779685,0.9740426428022031,solvability-pair-0072093,-3.625,1.0,-1.0,0.0,0.0,-0.8333333333333334,1,0.0,GIVE_UP,validation,solvability-pair-0072093-try_again_m:1,0.0,solvability,0.0,0.0,1.0,-0.8333333333333334
0.0,0.0,0.0,0.0,1.0,0.0,0.25,1,1.0,0.0,0.0,0.75,-1.0,solvability-pair-0072093-try_again_n,-0.75,0.0,0.0,0.0,0.0,try_again_n,8.0,0.0,-0.8,0.0,0.2,-0.8,-0.8,-1.0,0.0,0.0,0.0,0.0,0.22270013882530884,0.7772998611746911,solvability-pair-0072093,-1.25,0.0,0.0,0.0,0.0,-0.75,0,0.0,TRY_AGAIN,validation,solvability-pair-0072093-try_again_n:0,0.0,solvability,0.0,0.0,1.0,-0.75
1.0,0.0,0.0,0.0,1.0,1.0,0.16666666666666666,0,1.0,1.0,-1.0,0.8333333333333334,-1.0,solvability-pair-0072093-try_again_n,-0.8333333333333334,0.0,1.0,0.0,0.6931471805599453,try_again_n,8.0,0.125,-0.8,0.0,0.2,-0.8,-0.8,0.0,-1.0,0.0,0.0,0.0,0.020332353342658753,0.9796676466573412,solvability-pair-0072093,-3.875,1.0,-1.0,0.0,0.0,-0.8333333333333334,1,0.0,GIVE_UP,validation,solvability-pair-0072093-try_again_n:1,0.0,solvability,0.0,0.0,1.0,-0.8333333333333334
0.0,0.0,0.0,0.0,0.0,0.0,0.75,1,0.0,0.0,0.0,-0.75,1.0,solvability-pair-0072094-try_again_m,0.75,0.0,0.0,0.0,0.0,try_again_m,8.0,0.0,0.8,0.0,0.8,0.8,0.8,1.0,0.0,0.0,0.0,0.0,0.9840936082881853,0.01590639171181471,solvability-pair-0072094,4.125,0.0,0.0,0.0,0.0,0.75,0,0.0,TRY_AGAIN,train,solvability-pair-0072094-try_again_m:0,0.0,solvability,0.0,0.0,1.0,0.75
1.0,0.0,0.0,0.0,0.0,1.0,0.8333333333333334,1,0.0,0.0,1.0,-0.8333333333333334,1.0,solvability-pair-0072094-try_again_m,0.8333333333333334,0.0,0.0,0.0,0.6931471805599453,try_again_m,8.0,0.125,0.8,0.0,0.8,0.8,0.8,1.0,1.0,0.0,0.0,0.0,0.9997965730219448,0.0002034269780552065,solvability-pair-0072094,8.5,1.0,1.0,1.0,1.0,0.8333333333333334,1,0.0,TRY_AGAIN,train,solvability-pair-0072094-try_again_m:1,1.0,solvability,0.0,0.0,1.0,0.8333333333333334
1.0,1.0,0.0,0.0,0.0,2.0,0.875,1,0.0,0.0,2.0,-0.875,1.0,solvability-pair-0072094-try_again_m,0.875,0.0,0.0,0.0,1.0986122886681098,try_again_m,8.0,0.25,0.8,0.0,0.8,0.8,0.8,1.0,1.0,1.0,0.0,0.0,0.9968273171575148,0.0031726828424851893,solvability-pair-0072094,5.75,1.0,1.0,2.0,2.0,0.875,2,1.0,TRY_AGAIN,train,solvability-pair-0072094-try_again_m:2,2.0,solvability,0.0,0.0,1.0,0.875
1.0,1.0,1.0,0.0,0.0,3.0,0.9,1,0.0,0.0,3.0,-0.9,1.0,solvability-pair-0072094-try_again_m,0.9,0.0,0.0,0.0,1.3862943611198906,try_again_m,8.0,0.375,0.8,0.0,0.8,0.8,0.8,1.0,1.0,1.0,1.0,0.0,0.9940889311437562,0.005911068856243796,solvability-pair-0072094,5.125,1.0,1.0,3.0,3.0,0.9,3,1.0,TRY_AGAIN,train,solvability-pair-0072094-try_again_m:3,3.0,solvability,0.0,0.0,1.0,0.9
1.0,1.0,1.0,0.0,0.0,4.0,0.9166666666666666,1,0.0,0.0,4.0,-0.9166666666666666,1.0,solvability-pair-0072094-try_again_m,0.9166666666666666,0.0,0.0,0.0,1.6094379124341003,try_again_m,8.0,0.5,0.8,0.0,0.8,0.8,0.8,-1.0,1.0,1.0,1.0,0.0,0.9706877692486436,0.029312230751356316,solvability-pair-0072094,3.5,1.0,1.0,4.0,4.0,0.9166666666666666,4,1.0,TRY_AGAIN,train,solvability-pair-0072094-try_again_m:4,4.0,solvability,0.0,0.0,1.0,0.9166666666666666
1.0,1.0,1.0,1.0,0.0,5.0,0.7857142857142857,0,0.0,0.0,3.0,-0.7857142857142857,1.0,solvability-pair-0072094-try_again_m,0.7857142857142857,0.0,1.0,0.0,1.791759469228055,try_again_m,8.0,0.625,0.8,0.0,0.8,0.8,0.8,0.0,-1.0,1.0,1.0,1.0,0.4378234991142019,0.5621765008857981,solvability-pair-0072094,-0.25,1.0,-1.0,4.0,4.0,0.7857142857142857,5,1.0,GIVE_UP,train,solvability-pair-0072094-try_again_m:5,0.0,solvability,0.0,0.0,1.0,0.7857142857142857
0.0,0.0,0.0,0.0,0.0,0.0,0.75,1,0.0,0.0,0.0,-0.75,1.0,solvability-pair-0072094-try_again_n,0.75,0.0,0.0,0.0,0.0,try_again_n,8.0,0.0,0.8,0.0,0.8,0.8,0.8,1.0,0.0,0.0,0.0,0.0,0.8175744761936437,0.18242552380635632,solvability-pair-0072094,1.5,0.0,0.0,0.0,0.0,0.75,0,0.0,TRY_AGAIN,train,solvability-pair-0072094-try_again_n:0,0.0,solvability,0.0,0.0,1.0,0.75
1.0,0.0,0.0,0.0,0.0,1.0,0.8333333333333334,1,0.0,0.0,1.0,-0.8333333333333334,1.0,solvability-pair-0072094-try_again_n,0.8333333333333334,0.0,0.0,0.0,0.6931471805599453,try_again_n,8.0,0.125,0.8,0.0,0.8,0.8,0.8,1.0,1.0,0.0,0.0,0.0,0.9999251537724895,7.484622751061124e-05,solvability-pair-0072094,9.5,1.0,1.0,1.0,1.0,0.8333333333333334,1,0.0,TRY_AGAIN,train,solvability-pair-0072094-try_again_n:1,1.0,solvability,0.0,0.0,1.0,0.8333333333333334
1.0,1.0,0.0,0.0,0.0,2.0,0.875,1,0.0,0.0,2.0,-0.875,1.0,solvability-pair-0072094-try_again_n,0.875,0.0,0.0,0.0,1.0986122886681098,try_again_n,8.0,0.25,0.8,0.0,0.8,0.8,0.8,1.0,1.0,1.0,0.0,0.0,0.9990889488055994,0.0009110511944006454,solvability-pair-0072094,7.0,1.0,1.0,2.0,2.0,0.875,2,1.0,TRY_AGAIN,train,solvability-pair-0072094-try_again_n:2,2.0,solvability,0.0,0.0,1.0,0.875
1.0,1.0,1.0,0.0,0.0,3.0,0.9,1,0.0,0.0,3.0,-0.9,1.0,solvability-pair-0072094-try_again_n,0.9,0.0,0.0,0.0,1.3862943611198906,try_again_n,8.0,0.375,0.8,0.0,0.8,0.8,0.8,1.0,1.0,1.0,1.0,0.0,0.9980732653366725,0.0019267346633274755,solvability-pair-0072094,6.25,1.0,1.0,3.0,3.0,0.9,3,1.0,TRY_AGAIN,train,solvability-pair-0072094-try_again_n:3,3.0,solvability,0.0,0.0,1.0,0.9
1.0,1.0,1.0,0.0,0.0,4.0,0.9166666666666666,1,0.0,0.0,4.0,-0.9166666666666666,1.0,solvability-pair-0072094-try_again_n,0.9166666666666666,0.0,0.0,0.0,1.6094379124341003,try_again_n,8.0,0.5,0.8,0.0,0.8,0.8,0.8,-1.0,1.0,1.0,1.0,0.0,0.9796676466573412,0.020332353342658753,solvability-pair-0072094,3.875,1.0,1.0,4.0,4.0,0.9166666666666666,4,1.0,TRY_AGAIN,train,solvability-pair-0072094-try_again_n:4,4.0,solvability,0.0,0.0,1.0,0.9166666666666666
1.0,1.0,1.0,1.0,0.0,5.0,0.7857142857142857,0,0.0,0.0,3.0,-0.7857142857142857,1.0,solvability-pair-0072094-try_again_n,0.7857142857142857,0.0,1.0,0.0,1.791759469228055,try_again_n,8.0,0.625,0.8,0.0,0.8,0.8,0.8,0.0,-1.0,1.0,1.0,1.0,0.4073334000459302,0.5926665999540697,solvability-pair-0072094,-0.375,1.0,-1.0,4.0,4.0,0.7857142857142857,5,1.0,GIVE_UP,train,solvability-pair-0072094-try_again_n:5,0.0,solvability,0.0,0.0,1.0,0.7857142857142857
0.0,0.0,0.0,0.0,1.0,0.0,0.75,0,1.0,0.0,0.0,2.25,1.0,solvability-pair-0072095-try_again_m,-0.25,2.0,0.0,2.0,0.0,try_again_m,8.0,0.0,-0.19999999999999996,2.0,0.8,-2.2,-2.2,0.0,0.0,0.0,0.0,0.0,0.9399133498259924,0.06008665017400762,solvability-pair-0072095,2.75,0.0,0.0,0.0,0.0,-2.25,0,0.0,GIVE_UP,train,solvability-pair-0072095-try_again_m:0,0.0,solvability,0.0,0.0,1.0,-2.25
0.0,0.0,0.0,0.0,1.0,0.0,0.75,0,1.0,0.0,0.0,2.25,1.0,solvability-pair-0072095-try_again_n,-0.25,2.0,0.0,2.0,0.0,try_again_n,8.0,0.0,-0.19999999999999996,2.0,0.8,-2.2,-2.2,0.0,0.0,0.0,0.0,0.0,0.679178699175393,0.32082130082460697,solvability-pair-0072095,0.75,0.0,0.0,0.0,0.0,-2.25,0,0.0,GIVE_UP,train,solvability-pair-0072095-try_again_n:0,0.0,solvability,0.0,0.0,1.0,-2.25
0.0,0.0,0.0,0.0,0.0,0.0,0.75,1,0.0,0.0,0.0,1.25,1.0,solvability-pair-0072096-try_again_m,0.75,2.0,0.0,2.0,0.0,try_again_m,8.0,0.0,0.8,2.0,0.8,-1.2,-1.2,1.0,0.0,0.0,0.0,0.0,0.9770226300899744,0.02297736991002561,solvability-pair-0072096,3.75,0.0,0.0,0.0,0.0,-1.25,0,0.0,TRY_AGAIN,train,solvability-pair-0072096-try_again_m:0,0.0,solvability,0.0,0.0,1.0,-1.25
1.0,0.0,0.0,0.0,0.0,1.0,0.8333333333333334,1,0.0,0.0,1.0,1.1666666666666665,1.0,solvability-pair-0072096-try_again_m,0.8333333333333334,2.0,0.0,2.0,0.6931471805599453,try_again_m,8.0,0.125,0.8,2.0,0.8,-1.2,-1.2,1.0,1.0,0.0,0.0,0.0,0.9996646498695336,0.00033535013046647816,solvability-pair-0072096,8.0,1.0,1.0,1.0,1.0,-1.1666666666666665,1,0.0,TRY_AGAIN,train,solvability-pair-0072096-try_again_m:1,1.0,solvability,0.0,0.0,1.0,-1.1666666666666665
1.0,1.0,0.0,0.0,0.0,2.0,0.875,1,0.0,0.0,2.0,1.125,1.0,solvability-pair-0072096-try_again_m,0.875,2.0,0.0,2.0,1.0986122886681098,try_again_m,8.0,0.25,0.8,2.0,0.8,-1.2,-1.2,1.0,1.0,1.0,0.0,0.0,0.9924227587321393,0.007577241267860811,solvability-pair-0072096,4.875,1.0,1.0,2.0,2.0,-1.125,2,1.0,TRY_AGAIN,train,solvability-pair-0072096-try_again_m:2,2.0,solvability,0.0,0.0,1.0,-1.125
1.0,1.0,1.0,0.0,0.0,3.0,0.9,1,0.0,0.0,3.0,1.1,1.0,solvability-pair-0072096-try_again_m,0.9,2.0,0.0,2.0,1.3862943611198906,try_again_m,8.0,0.375,0.8,2.0,0.8,-1.2,-1.2,1.0,1.0,1.0,1.0,0.0,0.9859363729567544,0.014063627043245474,solvability-pair-0072096,4.25,1.0,1.0,3.0,3.0,-1.1,3,1.0,TRY_AGAIN,train,solvability-pair-0072096-try_again_m:3,3.0,solvability,0.0,0.0,1.0,-1.1
1.0,1.0,1.0,0.0,0.0,4.0,0.9166666666666666,1,0.0,0.0,4.0,1.0833333333333335,1.0,solvability-pair-0072096-try_again_m,0.9166666666666666,2.0,0.0,2.0,1.6094379124341003,try_again_m,8.0,0.5,0.8,2.0,0.8,-1.2,-1.2,1.0,1.0,1.0,1.0,0.0,0.9579122720843811,0.04208772791561884,solvability-pair-0072096,3.125,1.0,1.0,4.0,4.0,-1.0833333333333335,4,1.0,TRY_AGAIN,train,solvability-pair-0072096-try_again_m:4,4.0,solvability,0.0,0.0,1.0,-1.0833333333333335
1.0,1.0,1.0,1.0,0.0,5.0,0.9285714285714286,1,0.0,0.0,5.0,1.0714285714285714,1.0,solvability-pair-0072096-try_again_m,0.9285714285714286,2.0,0.0,2.0,1.791759469228055,try_again_m,8.0,0.625,0.8,2.0,0.8,-1.2,-1.2,-1.0,1.0,1.0,1.0,1.0,0.8933094060543487,0.10669059394565118,solvability-pair-0072096,2.125,1.0,1.0,5.0,5.0,-1.0714285714285714,5,1.0,TRY_AGAIN,train,solvability-pair-0072096-try_again_m:5,5.0,solvability,0.0,0.0,1.0,-1.0714285714285714
1.0,1.0,1.0,1.0,0.0,6.0,0.8125,0,0.0,0.0,4.0,1.1875,1.0,solvability-pair-0072096-try_again_m,0.8125,2.0,1.0,2.0,1.9459101490553132,try_again_m,8.0,0.75,0.8,2.0,0.8,-1.2,-1.2,0.0,-1.0,1.0,1.0,1.0,0.2689414213699951,0.7310585786300049,solvability-pair-0072096,-1.0,1.0,-1.0,5.0,5.0,-1.1875,6,1.0,GIVE_UP,train,solvability-pair-0072096-try_again_m:6,0.0,solvability,0.0,0.0,1.0,-1.1875
0.0,0.0,0.0,0.0,0.0,0.0,0.75,0,0.0,0.0,0.0,1.25,1.0,solvability-pair-0072096-try_again_n,0.75,2.0,0.0,2.0,0.0,try_again_n,8.0,0.0,0.8,2.0,0.8,-1.2,-1.2,0.0,0.0,0.0,0.0,0.0,0.7772998611746911,0.22270013882530884,solvability-pair-0072096,1.25,0.0,0.0,0.0,0.0,-1.25,0,0.0,GIVE_UP,train,solvability-pair-0072096-try_again_n:0,0.0,solvability,0.0,0.0,1.0,-1.25
0.0,0.0,0.0,0.0,1.0,0.0,0.5,0,1.0,0.0,0.0,2.5,0.0,solvability-pair-0072097-try_again_m,-0.5,2.0,0.0,2.0,0.0,try_again_m,8.0,0.0,-0.5,2.0,0.5,-2.5,-2.5,0.0,0.0,0.0,0.0,0.0,0.46879062662624377,0.5312093733737563,solvability-pair-0072097,-0.125,0.0,0.0,0.0,0.0,-2.5,0,0.0,GIVE_UP,train,solvability-pair-0072097-try_again_m:0,0.0,solvability,0.0,0.0,1.0,-2.5
0.0,0.0,0.0,0.0,1.0,0.0,0.5,0,1.0,0.0,0.0,2.5,0.0,solvability-pair-0072097-try_again_n,-0.5,2.0,0.0,2.0,0.0,try_again_n,8.0,0.0,-0.5,2.0,0.5,-2.5,-2.5,0.0,0.0,0.0,0.0,0.0,0.22270013882530884,0.7772998611746911,solvability-pair-0072097,-1.25,0.0,0.0,0.0,0.0,-2.5,0,0.0,GIVE_UP,train,solvability-pair-0072097-try_again_n:0,0.0,solvability,0.0,0.0,1.0,-2.5
0.0,0.0,0.0,0.0,1.0,0.0,0.5,0,1.0,0.0,0.0,0.5,0.0,solvability-pair-0072098-try_again_m,-0.5,0.0,0.0,0.0,0.0,try_again_m,8.0,0.0,-0.5,0.0,0.5,-0.5,-0.5,0.0,0.0,0.0,0.0,0.0,0.5621765008857981,0.4378234991142019,solvability-pair-0072098,0.25,0.0,0.0,0.0,0.0,-0.5,0,0.0,GIVE_UP,train,solvability-pair-0072098-try_again_m:0,0.0,solvability,0.0,0.0,1.0,-0.5
0.0,0.0,0.0,0.0,1.0,0.0,0.5,0,1.0,0.0,0.0,0.5,0.0,solvability-pair-0072098-try_again_n,-0.5,0.0,0.0,0.0,0.0,try_again_n,8.0,0.0,-0.5,0.0,0.5,-0.5,-0.5,0.0,0.0,0.0,0.0,0.0,0.2689414213699951,0.7310585786300049,solvability-pair-0072098,-1.0,0.0,0.0,0.0,0.0,-0.5,0,0.0,GIVE_UP,train,solvability-pair-0072098-try_again_n:0,0.0,solvability,0.0,0.0,1.0,-0.5
0.0,0.0,0.0,0.0,1.0,0.0,0.25,0,1.0,0.0,0.0,2.75,-1.0,solvability-pair-0072099-try_again_m,-0.75,2.0,0.0,2.0,0.0,try_again_m,8.0,0.0,-0.8,2.0,0.2,-2.8,-2.8,0.0,0.0,0.0,0.0,0.0,0.32082130082460697,0.679178699175393,solvability-pair-0072099,-0.75,0.0,0.0,0.0,0.0,-2.75,0,0.0,GIVE_UP,validation,solvability-pair-0072099-try_again_m:0,0.0,solvability,0.0,0.0,1.0,-2.75
0.0,0.0,0.0,0.0,1.0,0.0,0.25,0,1.0,0.0,0.0,2.75,-1.0,solvability-pair-0072099-try_again_n,-0.75,2.0,0.0,2.0,0.0,try_again_n,8.0,0.0,-0.8,2.0,0.2,-2.8,-2.8,0.0,0.0,0.0,0.0,0.0,0.18242552380635632,0.8175744761936437,solvability-pair-0072099,-1.5,0.0,0.0,0.0,0.0,-2.75,0,0.0,GIVE_UP,validation,solvability-pair-0072099-try_again_n:0,0.0,solvability,0.0,0.0,1.0,-2.75
0.0,0.0,0.0,0.0,1.0,0.0,0.75,1,1.0,0.0,0.0,0.25,1.0,solvability-pair-0072100-try_again_m,-0.25,0.0,0.0,0.0,0.0,try_again_m,8.0,0.0,-0.19999999999999996,0.0,0.8,-0.19999999999999996,-0.19999999999999996,1.0,0.0,0.0,0.0,0.0,0.9626731126558706,0.037326887344129464,solvability-pair-0072100,3.25,0.0,0.0,0.0,0.0,-0.25,0,0.0,TRY_AGAIN,train,solvability-pair-0072100-try_again_m:0,0.0,solvability,0.0,0.0,1.0,-0.25
1.0,0.0,0.0,0.0,1.0,1.0,0.8333333333333334,1,1.0,1.0,1.0,0.16666666666666663,1.0,solvability-pair-0072100-try_again_m,-0.16666666666666663,0.0,0.0,0.0,0.6931471805599453,try_again_m,8.0,0.125,-0.19999999999999996,0.0,0.8,-0.19999999999999996,-0.19999999999999996,1.0,1.0,0.0,0.0,0.0,0.9995694429186754,0.00043055708132461493,solvability-pair-0072100,7.75,1.0,1.0,1.0,1.0,-0.16666666666666663,1,0.0,TRY_AGAIN,train,solvability-pair-0072100-try_again_m:1,1.0,solvability,0.0,0.0,1.0,-0.16666666666666663
1.0,1.0,0.0,0.0,1.0,2.0,0.875,1,1.0,2.0,2.0,0.125,1.0,solvability-pair-0072100-try_again_m,-0.125,0.0,0.0,0.0,1.0986122886681098,try_again_m,8.0,0.25,-0.19999999999999996,0.0,0.8,-0.19999999999999996,-0.19999999999999996,1.0,1.0,1.0,0.0,0.0,0.991422514586288,0.008577485413711986,solvability-pair-0072100,4.75,1.0,1.0,2.0,2.0,-0.125,2,1.0,TRY_AGAIN,train,solvability-pair-0072100-try_again_m:2,2.0,solvability,0.0,0.0,1.0,-0.125
1.0,1.0,1.0,0.0,1.0,3.0,0.9,1,1.0,3.0,3.0,0.09999999999999998,1.0,solvability-pair-0072100-try_again_m,-0.09999999999999998,0.0,0.0,0.0,1.3862943611198906,try_again_m,8.0,0.375,-0.19999999999999996,0.0,0.8,-0.19999999999999996,-0.19999999999999996,-1.0,1.0,1.0,1.0,0.0,0.9770226300899744,0.02297736991002561,solvability-pair-0072100,3.75,1.0,1.0,3.0,3.0,-0.09999999999999998,3,1.0,TRY_AGAIN,train,solvability-pair-0072100-try_again_m:3,3.0,solvability,0.0,0.0,1.0,-0.09999999999999998
1.0,1.0,1.0,0.0,1.0,4.0,0.75,0,1.0,4.0,2.0,0.25,1.0,solvability-pair-0072100-try_again_m,-0.25,0.0,1.0,0.0,1.6094379124341003,try_again_m,8.0,0.5,-0.19999999999999996,0.0,0.8,-0.19999999999999996,-0.19999999999999996,0.0,-1.0,1.0,1.0,0.0,0.32082130082460697,0.679178699175393,solvability-pair-0072100,-0.75,1.0,-1.0,3.0,3.0,-0.25,4,1.0,GIVE_UP,train,solvability-pair-0072100-try_again_m:4,0.0,solvability,0.0,0.0,1.0,-0.25
0.0,0.0,0.0,0.0,1.0,0.0,0.75,1,1.0,0.0,0.0,0.25,1.0,solvability-pair-0072100-try_again_n,-0.25,0.0,0.0,0.0,0.0,try_again_n,8.0,0.0,-0.19999999999999996,0.0,0.8,-0.19999999999999996,-0.19999999999999996,1.0,0.0,0.0,0.0,0.0,0.7549149868676283,0.24508501313237172,solvability-pair-0072100,1.125,0.0,0.0,0.0,0.0,-0.25,0,0.0,TRY_AGAIN,train,solvability-pair-0072100-try_again_n:0,0.0,solvability,0.0,0.0,1.0,-0.25
1.0,0.0,0.0,0.0,1.0,1.0,0.8333333333333334,1,1.0,1.0,1.0,0.16666666666666663,1.0,solvability-pair-0072100-try_again_n,-0.16666666666666663,0.0,0.0,0.0,0.6931471805599453,try_again_n,8.0,0.125,-0.19999999999999996,0.0,0.8,-0.19999999999999996,-0.19999999999999996,1.0,1.0,0.0,0.0,0.0,0.9998204720306533,0.0001795279693467774,solvability-pair-0072100,8.625,1.0,1.0,1.0,1.0,-0.16666666666666663,1,0.0,TRY_AGAIN,train,solvability-pair-0072100-try_again_n:1,1.0,solvability,0.0,0.0,1.0,-0.16666666666666663
1.0,1.0,0.0,0.0,1.0,2.0,0.875,1,1.0,2.0,2.0,0.125,1.0,solvability-pair-0072100-try_again_n,-0.125,0.0,0.0,0.0,1.0986122886681098,try_again_n,8.0,0.25,-0.19999999999999996,0.0,0.8,-0.19999999999999996,-0.19999999999999996,1.0,1.0,1.0,0.0,0.0,0.9975273768433653,0.0024726231566347748,solvability-pair-0072100,6.0,1.0,1.0,2.0,2.0,-0.125,2,1.0,TRY_AGAIN,train,solvability-pair-0072100-try_again_n:2,2.0,solvability,0.0,0.0,1.0,-0.125
1.0,1.0,1.0,0.0,1.0,3.0,0.9,1,1.0,3.0,3.0,0.09999999999999998,1.0,solvability-pair-0072100-try_again_n,-0.09999999999999998,0.0,0.0,0.0,1.3862943611198906,try_again_n,8.0,0.375,-0.19999999999999996,0.0,0.8,-0.19999999999999996,-0.19999999999999996,-1.0,1.0,1.0,1.0,0.0,0.991422514586288,0.008577485413711986,solvability-pair-0072100,4.75,1.0,1.0,3.0,3.0,-0.09999999999999998,3,1.0,TRY_AGAIN,train,solvability-pair-0072100-try_again_n:3,3.0,solvability,0.0,0.0,1.0,-0.09999999999999998
1.0,1.0,1.0,0.0,1.0,4.0,0.75,0,1.0,4.0,2.0,0.25,1.0,solvability-pair-0072100-try_again_n,-0.25,0.0,1.0,0.0,1.6094379124341003,try_again_n,8.0,0.5,-0.19999999999999996,0.0,0.8,-0.19999999999999996,-0.19999999999999996,0.0,-1.0,1.0,1.0,0.0,0.2689414213699951,0.7310585786300049,solvability-pair-0072100,-1.0,1.0,-1.0,3.0,3.0,-0.25,4,1.0,GIVE_UP,train,solvability-pair-0072100-try_again_n:4,0.0,solvability,0.0,0.0,1.0,-0.25
0.0,0.0,0.0,0.0,0.0,0.0,0.5,1,0.0,0.0,0.0,1.5,0.0,solvability-pair-0072101-try_again_m,0.5,2.0,0.0,2.0,0.0,try_again_m,8.0,0.0,0.5,2.0,0.5,-1.5,-1.5,1.0,0.0,0.0,0.0,0.0,0.6224593312018546,0.37754066879814546,solvability-pair-0072101,0.5,0.0,0.0,0.0,0.0,-1.5,0,0.0,TRY_AGAIN,test,solvability-pair-0072101-try_again_m:0,0.0,solvability,0.0,0.0,1.0,-1.5
1.0,0.0,0.0,0.0,0.0,1.0,0.6666666666666666,1,0.0,0.0,1.0,1.3333333333333335,0.0,solvability-pair-0072101-try_again_m,0.6666666666666666,2.0,0.0,2.0,0.6931471805599453,try_again_m,8.0,0.125,0.5,2.0,0.5,-1.5,-1.5,-1.0,1.0,0.0,0.0,0.0,0.9980732653366725,0.0019267346633274755,solvability-pair-0072101,6.25,1.0,1.0,1.0,1.0,-1.3333333333333335,1,0.0,TRY_AGAIN,test,solvability-pair-0072101-try_again_m:1,1.0,solvability,0.0,0.0,1.0,-1.3333333333333335
1.0,1.0,0.0,0.0,0.0,2.0,0.5,1,0.0,0.0,0.0,1.5,0.0,solvability-pair-0072101-try_again_m,0.5,2.0,1.0,2.0,1.0986122886681098,try_again_m,8.0,0.25,0.5,2.0,0.5,-1.5,-1.5,1.0,-1.0,1.0,0.0,0.0,0.6224593312018546,0.37754066879814546,solvability-pair-0072101,0.5,1.0,-1.0,1.0,1.0,-1.5,2,1.0,TRY_AGAIN,test,solvability-pair-0072101-try_again_m:2,0.0,solvability,0.0,0.0,1.0,-1.5
1.0,1.0,1.0,0.0,0.0,3.0,0.6,0,0.0,0.0,1.0,1.4,0.0,solvability-pair-0072101-try_again_m,0.6,2.0,0.0,2.0,1.3862943611198906,try_again_m,8.0,0.375,0.5,2.0,0.5,-1.5,-1.5,0.0,1.0,-1.0,1.0,0.0,0.9046505351008906,0.0953494648991095,solvability-pair-0072101,2.25,1.0,1.0,2.0,2.0,-1.4,3,1.0,GIVE_UP,test,solvability-pair-0072101-try_again_m:3,1.0,solvability,0.0,0.0,1.0,-1.4
0.0,0.0,0.0,0.0,0.0,0.0,0.5,0,0.0,0.0,0.0,1.5,0.0,solvability-pair-0072101-try_again_n,0.5,2.0,0.0,2.0,0.0,try_again_n,8.0,0.0,0.5,2.0,0.5,-1.5,-1.5,0.0,0.0,0.0,0.0,0.0,0.2689414213699951,0.7310585786300049,solvability-pair-0072101,-1.0,0.0,0.0,0.0,0.0,-1.5,0,0.0,GIVE_UP,test,solvability-pair-0072101-try_again_n:0,0.0,solvability,0.0,0.0,1.0,-1.5
0.0,0.0,0.0,0.0,0.0,0.0,0.5,1,0.0,0.0,0.0,-0.5,0.0,solvability-pair-0072102-try_again_m,0.5,0.0,0.0,0.0,0.0,try_again_m,8.0,0.0,0.5,0.0,0.5,0.5,0.5,-1.0,0.0,0.0,0.0,0.0,0.7549149868676283,0.24508501313237172,solvability-pair-0072102,1.125,0.0,0.0,0.0,0.0,0.5,0,0.0,TRY_AGAIN,train,solvability-pair-0072102-try_again_m:0,0.0,solvability,0.0,0.0,1.0,0.5
1.0,0.0,0.0,0.0,0.0,1.0,0.3333333333333333,0,0.0,0.0,-1.0,-0.3333333333333333,0.0,solvability-pair-0072102-try_again_m,0.3333333333333333,0.0,1.0,0.0,0.6931471805599453,try_again_m,8.0,0.125,0.5,0.0,0.5,0.5,0.5,0.0,-1.0,0.0,0.0,0.0,0.037326887344129464,0.9626731126558706,solvability-pair-0072102,-3.25,1.0,-1.0,0.0,0.0,0.3333333333333333,1,0.0,GIVE_UP,train,solvability-pair-0072102-try_again_m:1,0.0,solvability,0.0,0.0,1.0,0.3333333333333333
0.0,0.0,0.0,0.0,0.0,0.0,0.5,1,0.0,0.0,0.0,-0.5,0.0,solvability-pair-0072102-try_again_n,0.5,0.0,0.0,0.0,0.0,try_again_n,8.0,0.0,0.5,0.0,0.5,0.5,0.5,-1.0,0.0,0.0,0.0,0.0,0.34864513533394575,0.6513548646660542,solvability-pair-0072102,-0.625,0.0,0.0,0.0,0.0,0.5,0,0.0,TRY_AGAIN,train,solvability-pair-0072102-try_again_n:0,0.0,solvability,0.0,0.0,1.0,0.5
1.0,0.0,0.0,0.0,0.0,1.0,0.3333333333333333,0,0.0,0.0,-1.0,-0.3333333333333333,0.0,solvability-pair-0072102-try_again_n,0.3333333333333333,0.0,1.0,0.0,0.6931471805599453,try_again_n,8.0,0.125,0.5,0.0,0.5,0.5,0.5,0.0,-1.0,0.0,0.0,0.0,0.02595735719779685,0.9740426428022031,solvability-pair-0072102,-3.625,1.0,-1.0,0.0,0.0,0.3333333333333333,1,0.0,GIVE_UP,train,solvability-pair-0072102-try_again_n:1,0.0,solvability,0.0,0.0,1.0,0.3333333333333333
0.0,0.0,0.0,0.0,0.0,0.0,0.25,0,0.0,0.0,0.0,-0.25,-1.0,solvability-pair-0072103-try_again_m,0.25,0.0,0.0,0.0,0.0,try_again_m,8.0,0.0,0.2,0.0,0.2,0.2,0.2,0.0,0.0,0.0,0.0,0.0,0.5,0.5,solvability-pair-0072103,0.0,0.0,0.0,0.0,0.0,0.25,0,0.0,GIVE_UP,train,solvability-pair-0072103-try_again_m:0,0.0,solvability,0.0,0.0,1.0,0.25
0.0,0.0,0.0,0.0,0.0,0.0,0.25,0,0.0,0.0,0.0,-0.25,-1.0,solvability-pair-0072103-try_again_n,0.25,0.0,0.0,0.0,0.0,try_again_n,8.0,0.0,0.2,0.0,0.2,0.2,0.2,0.0,0.0,0.0,0.0,0.0,0.22270013882530884,0.7772998611746911,solvability-pair-0072103,-1.25,0.0,0.0,0.0,0.0,0.25,0,0.0,GIVE_UP,train,solvability-pair-0072103-try_again_n:0,0.0,solvability,0.0,0.0,1.0,0.25
0.0,0.0,0.0,0.0,0.0,0.0,0.25,1,0.0,0.0,0.0,1.75,-1.0,solvability-pair-0072104-try_again_m,0.25,2.0,0.0,2.0,0.0,try_again_m,8.0,0.0,0.2,2.0,0.2,-1.8,-1.8,-1.0,0.0,0.0,0.0,0.0,0.4073334000459302,0.5926665999540697,solvability-pair-0072104,-0.375,0.0,0.0,0.0,0.0,-1.75,0,0.0,TRY_AGAIN,train,solvability-pair-0072104-try_again_m:0,0.0,solvability,0.0,0.0,1.0,-1.75
1.0,0.0,0.0,0.0,0.0,1.0,0.16666666666666666,0,0.0,0.0,-1.0,1.8333333333333333,-1.0,solvability-pair-0072104-try_again_m,0.16666666666666666,2.0,1.0,2.0,0.6931471805599453,try_again_m,8.0,0.125,0.2,2.0,0.2,-1.8,-1.8,0.0,-1.0,0.0,0.0,0.0,0.033085978388704126,0.9669140216112958,solvability-pair-0072104,-3.375,1.0,-1.0,0.0,0.0,-1.8333333333333333,1,0.0,GIVE_UP,train,solvability-pair-0072104-try_again_m:1,0.0,solvability,0.0,0.0,1.0,-1.8333333333333333
0.0,0.0,0.0,0.0,0.0,0.0,0.25,0,0.0,0.0,0.0,1.75,-1.0,solvability-pair-0072104-try_again_n,0.25,2.0,0.0,2.0,0.0,try_again_n,8.0,0.0,0.2,2.0,0.2,-1.8,-1.8,0.0,0.0,0.0,0.0,0.0,0.20181322226037882,0.7981867777396212,solvability-pair-0072104,-1.375,0.0,0.0,0.0,0.0,-1.75,0,0.0,GIVE_UP,train,solvability-pair-0072104-try_again_n:0,0.0,solvability,0.0,0.0,1.0,-1.75
0.0,0.0,0.0,0.0,1.0,0.0,0.25,0,1.0,0.0,0.0,0.75,-1.0,solvability-pair-0072105-try_again_m,-0.75,0.0,0.0,0.0,0.0,try_again_m,8.0,0.0,-0.8,0.0,0.2,-0.8,-0.8,0.0,0.0,0.0,0.0,0.0,0.37754066879814546,0.6224593312018546,solvability-pair-0072105,-0.5,0.0,0.0,0.0,0.0,-0.75,0,0.0,GIVE_UP,train,solvability-pair-0072105-try_again_m:0,0.0,solvability,0.0,0.0,1.0,-0.75
0.0,0.0,0.0,0.0,1.0,0.0,0.25,0,1.0,0.0,0.0,0.75,-1.0,solvability-pair-0072105-try_again_n,-0.75,0.0,0.0,0.0,0.0,try_again_n,8.0,0.0,-0.8,0.0,0.2,-0.8,-0.8,0.0,0.0,0.0,0.0,0.0,0.22270013882530884,0.7772998611746911,solvability-pair-0072105,-1.25,0.0,0.0,0.0,0.0,-0.75,0,0.0,GIVE_UP,train,solvability-pair-0072105-try_again_n:0,0.0,solvability,0.0,0.0,1.0,-0.75
0.0,0.0,0.0,0.0,0.0,0.0,0.75,1,0.0,0.0,0.0,-0.75,1.0,solvability-pair-0072106-try_again_m,0.75,0.0,0.0,0.0,0.0,try_again_m,8.0,0.0,0.8,0.0,0.8,0.8,0.8,1.0,0.0,0.0,0.0,0.0,0.9840936082881853,0.01590639171181471,solvability-pair-0072106,4.125,0.0,0.0,0.0,0.0,0.75,0,0.0,TRY_AGAIN,train,solvability-pair-0072106-try_again_m:0,0.0,solvability,0.0,0.0,1.0,0.75
1.0,0.0,0.0,0.0,0.0,1.0,0.8333333333333334,1,0.0,0.0,1.0,-0.8333333333333334,1.0,solvability-pair-0072106-try_again_m,0.8333333333333334,0.0,0.0,0.0,0.6931471805599453,try_again_m,8.0,0.125,0.8,0.0,0.8,0.8,0.8,-1.0,1.0,0.0,0.0,0.0,0.9997965730219448,0.0002034269780552065,solvability-pair-0072106,8.5,1.0,1.0,1.0,1.0,0.8333333333333334,1,0.0,TRY_AGAIN,train,solvability-pair-0072106-try_again_m:1,1.0,solvability,0.0,0.0,1.0,0.8333333333333334
1.0,1.0,0.0,0.0,0.0,2.0,0.625,1,0.0,0.0,0.0,-0.625,1.0,solvability-pair-0072106-try_again_m,0.625,0.0,1.0,0.0,1.0986122886681098,try_again_m,8.0,0.25,0.8,0.0,0.8,0.8,0.8,-1.0,-1.0,1.0,0.0,0.0,0.8354835371034369,0.1645164628965632,solvability-pair-0072106,1.625,1.0,-1.0,1.0,1.0,0.625,2,1.0,TRY_AGAIN,train,solvability-pair-0072106-try_again_m:2,0.0,solvability,0.0,0.0,1.0,0.625
1.0,1.0,1.0,0.0,0.0,3.0,0.5,0,0.0,0.0,-1.0,-0.5,1.0,solvability-pair-0072106-try_again_m,0.5,0.0,2.0,0.0,1.3862943611198906,try_again_m,8.0,0.375,0.8,0.0,0.8,0.8,0.8,0.0,-1.0,-1.0,1.0,0.0,0.46879062662624377,0.5312093733737563,solvability-pair-0072106,-0.125,1.0,-1.0,1.0,1.0,0.5,3,1.0,GIVE_UP,train,solvability-pair-0072106-try_again_m:3,0.0,solvability,0.0,0.0,1.0,0.5
0.0,0.0,0.0,0.0,0.0,0.0,0.75,1,0.0,0.0,0.0,-0.75,1.0,solvability-pair-0072106-try_again_n,0.75,0.0,0.0,0.0,0.0,try_again_n,8.0,0.0,0.8,0.0,0.8,0.8,0.8,1.0,0.0,0.0,0.0,0.0,0.8175744761936437,0.18242552380635632,solvability-pair-0072106,1.5,0.0,0.0,0.0,0.0,0.75,0,0.0,TRY_AGAIN,train,solvability-pair-0072106-try_again_n:0,0.0,solvability,0.0,0.0,1.0,0.75
1.0,0.0,0.0,0.0,0.0,1.0,0.8333333333333334,1,0.0,0.0,1.0,-0.8333333333333334,1.0,solvability-pair-0072106-try_again_n,0.8333333333333334,0.0,0.0,0.0,0.6931471805599453,try_again_n,8.0,0.125,0.8,0.0,0.8,0.8,0.8,-1.0,1.0,0.0,0.0,0.0,0.9999251537724895,7.484622751061124e-05,solvability-pair-0072106,9.5,1.0,1.0,1.0,1.0,0.8333333333333334,1,0.0,TRY_AGAIN,train,solvability-pair-0072106-try_again_n:1,1.0,solvability,0.0,0.0,1.0,0.8333333333333334
1.0,1.0,0.0,0.0,0.0,2.0,0.625,1,0.0,0.0,0.0,-0.625,1.0,solvability-pair-0072106-try_again_n,0.625,0.0,1.0,0.0,1.0986122886681098,try_again_n,8.0,0.25,0.8,0.0,0.8,0.8,0.8,-1.0,-1.0,1.0,0.0,0.0,0.9525741268224334,0.04742587317756679,solvability-pair-0072106,3.0,1.0,-1.0,1.0,1.0,0.625,2,1.0,TRY_AGAIN,train,solvability-pair-0072106-try_again_n:2,0.0,solvability,0.0,0.0,1.0,0.625
1.0,1.0,1.0,0.0,0.0,3.0,0.5,1,0.0,0.0,-1.0,-0.5,1.0,solvability-pair-0072106-try_again_n,0.5,0.0,2.0,0.0,1.3862943611198906,try_again_n,8.0,0.375,0.8,0.0,0.8,0.8,0.8,1.0,-1.0,-1.0,1.0,0.0,0.6513548646660542,0.34864513533394575,solvability-pair-0072106,0.625,1.0,-1.0,1.0,1.0,0.5,3,1.0,TRY_AGAIN,train,solvability-pair-0072106-try_again_n:3,0.0,solvability,0.0,0.0,1.0,0.5
1.0,1.0,1.0,0.0,0.0,4.0,0.5833333333333334,1,0.0,0.0,0.0,-0.5833333333333334,1.0,solvability-pair-0072106-try_again_n,0.5833333333333334,0.0,0.0,0.0,1.6094379124341003,try_again_n,8.0,0.5,0.8,0.0,0.8,0.8,0.8,1.0,1.0,-1.0,-1.0,0.0,0.9770226300899744,0.02297736991002561,solvability-pair-0072106,3.75,1.0,1.0,2.0,2.0,0.5833333333333334,4,1.0,TRY_AGAIN,train,solvability-pair-0072106-try_again_n:4,1.0,solvability,0.0,0.0,1.0,0.5833333333333334
1.0,1.0,1.0,1.0,0.0,5.0,0.6428571428571429,1,0.0,0.0,1.0,-0.6428571428571429,1.0,solvability-pair-0072106-try_again_n,0.6428571428571429,0.0,0.0,0.0,1.791759469228055,try_again_n,8.0,0.625,0.8,0.0,0.8,0.8,0.8,1.0,1.0,1.0,-1.0,1.0,0.8175744761936437,0.18242552380635632,solvability-pair-0072106,1.5,1.0,1.0,3.0,3.0,0.6428571428571429,5,1.0,TRY_AGAIN,train,solvability-pair-0072106-try_again_n:5,2.0,solvability,0.0,0.0,1.0,0.6428571428571429
1.0,1.0,1.0,1.0,0.0,6.0,0.6875,1,0.0,0.0,2.0,-0.6875,1.0,solvability-pair-0072106-try_again_n,0.6875,0.0,0.0,0.0,1.9459101490553132,try_again_n,8.0,0.75,0.8,0.0,0.8,0.8,0.8,1.0,1.0,1.0,1.0,-1.0,0.7981867777396212,0.20181322226037882,solvability-pair-0072106,1.375,1.0,1.0,4.0,4.0,0.6875,6,1.0,TRY_AGAIN,train,solvability-pair-0072106-try_again_n:6,3.0,solvability,0.0,0.0,1.0,0.6875
1.0,1.0,1.0,1.0,0.0,7.0,0.7222222222222222,0,0.0,0.0,3.0,-0.7222222222222222,1.0,solvability-pair-0072106-try_again_n,0.7222222222222222,0.0,0.0,0.0,2.0794415416798357,try_again_n,8.0,0.875,0.8,0.0,0.8,0.8,0.8,0.0,1.0,1.0,1.0,-1.0,0.5621765008857981,0.4378234991142019,solvability-pair-0072106,0.25,1.0,1.0,5.0,5.0,0.7222222222222222,7,1.0,GIVE_UP,train,solvability-pair-0072106-try_again_n:7,4.0,solvability,0.0,0.0,1.0,0.7222222222222222
0.0,0.0,0.0,0.0,1.0,0.0,0.75,1,1.0,0.0,0.0,2.25,1.0,solvability-pair-0072107-try_again_m,-0.25,2.0,0.0,2.0,0.0,try_again_m,8.0,0.0,-0.19999999999999996,2.0,0.8,-2.2,-2.2,1.0,0.0,0.0,0.0,0.0,0.9399133498259924,0.06008665017400762,solvability-pair-0072107,2.75,0.0,0.0,0.0,0.0,-2.25,0,0.0,TRY_AGAIN,train,solvability-pair-0072107-try_again_m:0,0.0,solvability,0.0,0.0,1.0,-2.25
1.0,0.0,0.0,0.0,1.0,1.0,0.8333333333333334,1,1.0,1.0,1.0,2.1666666666666665,1.0,solvability-pair-0072107-try_again_m,-0.16666666666666663,2.0,0.0,2.0,0.6931471805599453,try_again_m,8.0,0.125,-0.19999999999999996,2.0,0.8,-2.2,-2.2,-1.0,1.0,0.0,0.0,0.0,0.9993736658418905,0.0006263341581094201,solvability-pair-0072107,7.375,1.0,1.0,1.0,1.0,-2.1666666666666665,1,0.0,TRY_AGAIN,train,solvability-pair-0072107-try_again_m:1,1.0,solvability,0.0,0.0,1.0,-2.1666666666666665
1.0,1.0,0.0,0.0,1.0,2.0,0.625,1,1.0,2.0,0.0,2.375,1.0,solvability-pair-0072107-try_again_m,-0.375,2.0,1.0,2.0,1.0986122886681098,try_again_m,8.0,0.25,-0.19999999999999996,2.0,0.8,-2.2,-2.2,1.0,-1.0,1.0,0.0,0.0,0.6513548646660542,0.34864513533394575,solvability-pair-0072107,0.625,1.0,-1.0,1.0,1.0,-2.375,2,1.0,TRY_AGAIN,train,solvability-pair-0072107-try_again_m:2,0.0,solvability,0.0,0.0,1.0,-2.375
1.0,1.0,1.0,0.0,1.0,3.0,0.7,1,1.0,3.0,1.0,2.3,1.0,solvability-pair-0072107-try_again_m,-0.30000000000000004,2.0,0.0,2.0,1.3862943611198906,try_again_m,8.0,0.375,-0.19999999999999996,2.0,0.8,-2.2,-2.2,-1.0,1.0,-1.0,1.0,0.0,0.9241418199787566,0.07585818002124356,solvability-pair-0072107,2.5,1.0,1.0,2.0,2.0,-2.3,3,1.0,TRY_AGAIN,train,solvability-pair-0072107-try_again_m:3,1.0,solvability,0.0,0.0,1.0,-2.3
1.0,1.0,1.0,0.0,1.0,4.0,0.5833333333333334,0,1.0,4.0,0.0,2.4166666666666665,1.0,solvability-pair-0072107-try_again_m,-0.41666666666666663,2.0,1.0,2.0,1.6094379124341003,try_again_m,8.0,0.5,-0.19999999999999996,2.0,0.8,-2.2,-2.2,0.0,-1.0,1.0,-1.0,0.0,0.29421497216298875,0.7057850278370112,solvability-pair-0072107,-0.875,1.0,-1.0,2.0,2.0,-2.4166666666666665,4,1.0,GIVE_UP,train,solvability-pair-0072107-try_again_m:4,0.0,solvability,0.0,0.0,1.0,-2.4166666666666665
0.0,0.0,0.0,0.0,1.0,0.0,0.75,1,1.0,0.0,0.0,2.25,1.0,solvability-pair-0072107-try_again_n,-0.25,2.0,0.0,2.0,0.0,try_again_n,8.0,0.0,-0.19999999999999996,2.0,0.8,-2.2,-2.2,1.0,0.0,0.0,0.0,0.0,0.679178699175393,0.32082130082460697,solvability-pair-0072107,0.75,0.0,0.0,0.0,0.0,-2.25,0,0.0,TRY_AGAIN,train,solvability-pair-0072107-try_again_n:0,0.0,solvability,0.0,0.0,1.0,-2.25
1.0,0.0,0.0,0.0,1.0,1.0,0.8333333333333334,1,1.0,1.0,1.0,2.1666666666666665,1.0,solvability-pair-0072107-try_again_n,-0.16666666666666663,2.0,0.0,2.0,0.6931471805599453,try_again_n,8.0,0.125,-0.19999999999999996,2.0,0.8,-2.2,-2.2,-1.0,1.0,0.0,0.0,0.0,0.9995694429186754,0.00043055708132461493,solvability-pair-0072107,7.75,1.0,1.0,1.0,1.0,-2.1666666666666665,1,0.0,TRY_AGAIN,train,solvability-pair-0072107-try_again_n:1,1.0,solvability,0.0,0.0,1.0,-2.1666666666666665
1.0,1.0,0.0,0.0,1.0,2.0,0.625,1,1.0,2.0,0.0,2.375,1.0,solvability-pair-0072107-try_again_n,-0.375,2.0,1.0,2.0,1.0986122886681098,try_again_n,8.0,0.25,-0.19999999999999996,2.0,0.8,-2.2,-2.2,1.0,-1.0,1.0,0.0,0.0,0.7310585786300049,0.2689414213699951,solvability-pair-0072107,1.0,1.0,-1.0,1.0,1.0,-2.375,2,1.0,TRY_AGAIN,train,solvability-pair-0072107-try_again_n:2,0.0,solvability,0.0,0.0,1.0,-2.375
1.0,1.0,1.0,0.0,1.0,3.0,0.7,1,1.0,3.0,1.0,2.3,1.0,solvability-pair-0072107-try_again_n,-0.30000000000000004,2.0,0.0,2.0,1.3862943611198906,try_again_n,8.0,0.375,-0.19999999999999996,2.0,0.8,-2.2,-2.2,-1.0,1.0,-1.0,1.0,0.0,0.9740426428022031,0.02595735719779685,solvability-pair-0072107,3.625,1.0,1.0,2.0,2.0,-2.3,3,1.0,TRY_AGAIN,train,solvability-pair-0072107-try_again_n:3,1.0,solvability,0.0,0.0,1.0,-2.3
1.0,1.0,1.0,0.0,1.0,4.0,0.5833333333333334,0,1.0,4.0,0.0,2.4166666666666665,1.0,solvability-pair-0072107-try_again_n,-0.41666666666666663,2.0,1.0,2.0,1.6094379124341003,try_again_n,8.0,0.5,-0.19999999999999996,2.0,0.8,-2.2,-2.2,0.0,-1.0,1.0,-1.0,0.0,0.46879062662624377,0.5312093733737563,solvability-pair-0072107,-0.125,1.0,-1.0,2.0,2.0,-2.4166666666666665,4,1.0,GIVE_UP,train,solvability-pair-0072107-try_again_n:4,0.0,solvability,0.0,0.0,1.0,-2.4166666666666665
0.0,0.0,0.0,0.0,0.0,0.0,0.75,1,0.0,0.0,0.0,1.25,1.0,solvability-pair-0072108-try_again_m,0.75,2.0,0.0,2.0,0.0,try_again_m,8.0,0.0,0.8,2.0,0.8,-1.2,-1.2,1.0,0.0,0.0,0.0,0.0,0.9770226300899744,0.02297736991002561,solvability-pair-0072108,3.75,0.0,0.0,0.0,0.0,-1.25,0,0.0,TRY_AGAIN,train,solvability-pair-0072108-try_again_m:0,0.0,solvability,0.0,0.0,1.0,-1.25
1.0,0.0,0.0,0.0,0.0,1.0,0.8333333333333334,1,0.0,0.0,1.0,1.1666666666666665,1.0,solvability-pair-0072108-try_again_m,0.8333333333333334,2.0,0.0,2.0,0.6931471805599453,try_again_m,8.0,0.125,0.8,2.0,0.8,-1.2,-1.2,1.0,1.0,0.0,0.0,0.0,0.9996646498695336,0.00033535013046647816,solvability-pair-0072108,8.0,1.0,1.0,1.0,1.0,-1.1666666666666665,1,0.0,TRY_AGAIN,train,solvability-pair-0072108-try_again_m:1,1.0,solvability,0.0,0.0,1.0,-1.1666666666666665
1.0,1.0,0.0,0.0,0.0,2.0,0.875,1,0.0,0.0,2.0,1.125,1.0,solvability-pair-0072108-try_again_m,0.875,2.0,0.0,2.0,1.0986122886681098,try_again_m,8.0,0.25,0.8,2.0,0.8,-1.2,-1.2,-1.0,1.0,1.0,0.0,0.0,0.9924227587321393,0.007577241267860811,solvability-pair-0072108,4.875,1.0,1.0,2.0,2.0,-1.125,2,1.0,TRY_AGAIN,train,solvability-pair-0072108-try_again_m:2,2.0,solvability,0.0,0.0,1.0,-1.125
1.0,1.0,1.0,0.0,0.0,3.0,0.7,1,0.0,0.0,1.0,1.3,1.0,solvability-pair-0072108-try_again_m,0.7,2.0,1.0,2.0,1.3862943611198906,try_again_m,8.0,0.375,0.8,2.0,0.8,-1.2,-1.2,1.0,-1.0,1.0,1.0,0.0,0.6513548646660542,0.34864513533394575,solvability-pair-0072108,0.625,1.0,-1.0,2.0,2.0,-1.3,3,1.0,TRY_AGAIN,train,solvability-pair-0072108-try_again_m:3,0.0,solvability,0.0,0.0,1.0,-1.3
1.0,1.0,1.0,0.0,0.0,4.0,0.75,1,0.0,0.0,2.0,1.25,1.0,solvability-pair-0072108-try_again_m,0.75,2.0,0.0,2.0,1.6094379124341003,try_again_m,8.0,0.5,0.8,2.0,0.8,-1.2,-1.2,1.0,1.0,-1.0,1.0,0.0,0.9149009549929797,0.08509904500702024,solvability-pair-0072108,2.375,1.0,1.0,3.0,3.0,-1.25,4,1.0,TRY_AGAIN,train,solvability-pair-0072108-try_again_m:4,1.0,solvability,0.0,0.0,1.0,-1.25
1.0,1.0,1.0,1.0,0.0,5.0,0.7857142857142857,1,0.0,0.0,3.0,1.2142857142857144,1.0,solvability-pair-0072108-try_again_m,0.7857142857142857,2.0,0.0,2.0,1.791759469228055,try_again_m,8.0,0.625,0.8,2.0,0.8,-1.2,-1.2,-1.0,1.0,1.0,-1.0,1.0,0.7981867777396212,0.20181322226037882,solvability-pair-0072108,1.375,1.0,1.0,4.0,4.0,-1.2142857142857144,5,1.0,TRY_AGAIN,train,solvability-pair-0072108-try_again_m:5,2.0,solvability,0.0,0.0,1.0,-1.2142857142857144
1.0,1.0,1.0,1.0,0.0,6.0,0.6875,1,0.0,0.0,2.0,1.3125,1.0,solvability-pair-0072108-try_again_m,0.6875,2.0,1.0,2.0,1.9459101490553132,try_again_m,8.0,0.75,0.8,2.0,0.8,-1.2,-1.2,1.0,-1.0,1.0,1.0,1.0,0.4378234991142019,0.5621765008857981,solvability-pair-0072108,-0.25,1.0,-1.0,4.0,4.0,-1.3125,6,1.0,TRY_AGAIN,train,solvability-pair-0072108-try_again_m:6,0.0,solvability,0.0,0.0,1.0,-1.3125
1.0,1.0,1.0,1.0,0.0,7.0,0.7222222222222222,1,0.0,0.0,3.0,1.2777777777777777,1.0,solvability-pair-0072108-try_again_m,0.7222222222222222,2.0,0.0,2.0,2.0794415416798357,try_again_m,8.0,0.875,0.8,2.0,0.8,-1.2,-1.2,-1.0,1.0,-1.0,1.0,-1.0,0.5926665999540697,0.4073334000459302,solvability-pair-0072108,0.375,1.0,1.0,5.0,5.0,-1.2777777777777777,7,1.0,TRY_AGAIN,train,solvability-pair-0072108-try_again_m:7,1.0,solvability,0.0,0.0,1.0,-1.2777777777777777
0.0,0.0,0.0,0.0,0.0,0.0,0.75,1,0.0,0.0,0.0,1.25,1.0,solvability-pair-0072108-try_again_n,0.75,2.0,0.0,2.0,0.0,try_again_n,8.0,0.0,0.8,2.0,0.8,-1.2,-1.2,1.0,0.0,0.0,0.0,0.0,0.7772998611746911,0.22270013882530884,solvability-pair-0072108,1.25,0.0,0.0,0.0,0.0,-1.25,0,0.0,TRY_AGAIN,train,solvability-pair-0072108-try_again_n:0,0.0,solvability,0.0,0.0,1.0,-1.25
1.0,0.0,0.0,0.0,0.0,1.0,0.8333333333333334,1,0.0,0.0,1.0,1.1666666666666665,1.0,solvability-pair-0072108-try_again_n,0.8333333333333334,2.0,0.0,2.0,0.6931471805599453,try_again_n,8.0,0.125,0.8,2.0,0.8,-1.2,-1.2,1.0,1.0,0.0,0.0,0.0,0.9997694932780068,0.0002305067219931397,solvability-pair-0072108,8.375,1.0,1.0,1.0,1.0,-1.1666666666666665,1,0.0,TRY_AGAIN,train,solvability-pair-0072108-try_again_n:1,1.0,solvability,0.0,0.0,1.0,-1.1666666666666665
1.0,1.0,0.0,0.0,0.0,2.0,0.875,1,0.0,0.0,2.0,1.125,1.0,solvability-pair-0072108-try_again_n,0.875,2.0,0.0,2.0,1.0986122886681098,try_again_n,8.0,0.25,0.8,2.0,0.8,-1.2,-1.2,-1.0,1.0,1.0,0.0,0.0,0.9953904278206259,0.004609572179374208,solvability-pair-0072108,5.375,1.0,1.0,2.0,2.0,-1.125,2,1.0,TRY_AGAIN,train,solvability-pair-0072108-try_again_n:2,2.0,solvability,0.0,0.0,1.0,-1.125
1.0,1.0,1.0,0.0,0.0,3.0,0.7,1,0.0,0.0,1.0,1.3,1.0,solvability-pair-0072108-try_again_n,0.7,2.0,1.0,2.0,1.3862943611198906,try_again_n,8.0,0.375,0.8,2.0,0.8,-1.2,-1.2,1.0,-1.0,1.0,1.0,0.0,0.5621765008857981,0.4378234991142019,solvability-pair-0072108,0.25,1.0,-1.0,2.0,2.0,-1.3,3,1.0,TRY_AGAIN,train,solvability-pair-0072108-try_again_n:3,0.0,solvability,0.0,0.0,1.0,-1.3
1.0,1.0,1.0,0.0,0.0,4.0,0.75,1,0.0,0.0,2.0,1.25,1.0,solvability-pair-0072108-try_again_n,0.75,2.0,0.0,2.0,1.6094379124341003,try_again_n,8.0,0.5,0.8,2.0,0.8,-1.2,-1.2,1.0,1.0,-1.0,1.0,0.0,0.9241418199787566,0.07585818002124356,solvability-pair-0072108,2.5,1.0,1.0,3.0,3.0,-1.25,4,1.0,TRY_AGAIN,train,solvability-pair-0072108-try_again_n:4,1.0,solvability,0.0,0.0,1.0,-1.25
1.0,1.0,1.0,1.0,0.0,5.0,0.7857142857142857,1,0.0,0.0,3.0,1.2142857142857144,1.0,solvability-pair-0072108-try_again_n,0.7857142857142857,2.0,0.0,2.0,1.791759469228055,try_again_n,8.0,0.625,0.8,2.0,0.8,-1.2,-1.2,-1.0,1.0,1.0,-1.0,1.0,0.7310585786300049,0.2689414213699951,solvability-pair-0072108,1.0,1.0,1.0,4.0,4.0,-1.2142857142857144,5,1.0,TRY_AGAIN,train,solvability-pair-0072108-try_again_n:5,2.0,solvability,0.0,0.0,1.0,-1.2142857142857144
1.0,1.0,1.0,1.0,0.0,6.0,0.6875,1,0.0,0.0,2.0,1.3125,1.0,solvability-pair-0072108-try_again_n,0.6875,2.0,1.0,2.0,1.9459101490553132,try_again_n,8.0,0.75,0.8,2.0,0.8,-1.2,-1.2,1.0,-1.0,1.0,1.0,1.0,0.37754066879814546,0.6224593312018546,solvability-pair-0072108,-0.5,1.0,-1.0,4.0,4.0,-1.3125,6,1.0,TRY_AGAIN,train,solvability-pair-0072108-try_again_n:6,0.0,solvability,0.0,0.0,1.0,-1.3125
1.0,1.0,1.0,1.0,0.0,7.0,0.7222222222222222,1,0.0,0.0,3.0,1.2777777777777777,1.0,solvability-pair-0072108-try_again_n,0.7222222222222222,2.0,0.0,2.0,2.0794415416798357,try_again_n,8.0,0.875,0.8,2.0,0.8,-1.2,-1.2,-1.0,1.0,-1.0,1.0,-1.0,0.5312093733737563,0.46879062662624377,solvability-pair-0072108,0.125,1.0,1.0,5.0,5.0,-1.2777777777777777,7,1.0,TRY_AGAIN,train,solvability-pair-0072108-try_again_n:7,1.0,solvability,0.0,0.0,1.0,-1.2777777777777777
0.0,0.0,0.0,0.0,1.0,0.0,0.5,0,1.0,0.0,0.0,2.5,0.0,solvability-pair-0072109-try_again_m,-0.5,2.0,0.0,2.0,0.0,try_again_m,8.0,0.0,-0.5,2.0,0.5,-2.5,-2.5,0.0,0.0,0.0,0.0,0.0,0.46879062662624377,0.5312093733737563,solvability-pair-0072109,-0.125,0.0,0.0,0.0,0.0,-2.5,0,0.0,GIVE_UP,train,solvability-pair-0072109-try_again_m:0,0.0,solvability,0.0,0.0,1.0,-2.5
0.0,0.0,0.0,0.0,1.0,0.0,0.5,0,1.0,0.0,0.0,2.5,0.0,solvability-pair-0072109-try_again_n,-0.5,2.0,0.0,2.0,0.0,try_again_n,8.0,0.0,-0.5,2.0,0.5,-2.5,-2.5,0.0,0.0,0.0,0.0,0.0,0.22270013882530884,0.7772998611746911,solvability-pair-0072109,-1.25,0.0,0.0,0.0,0.0,-2.5,0,0.0,GIVE_UP,train,solvability-pair-0072109-try_again_n:0,0.0,solvability,0.0,0.0,1.0,-2.5
0.0,0.0,0.0,0.0,1.0,0.0,0.5,1,1.0,0.0,0.0,0.5,0.0,solvability-pair-0072110-try_again_m,-0.5,0.0,0.0,0.0,0.0,try_again_m,8.0,0.0,-0.5,0.0,0.5,-0.5,-0.5,-1.0,0.0,0.0,0.0,0.0,0.5621765008857981,0.4378234991142019,solvability-pair-0072110,0.25,0.0,0.0,0.0,0.0,-0.5,0,0.0,TRY_AGAIN,train,solvability-pair-0072110-try_again_m:0,0.0,solvability,0.0,0.0,1.0,-0.5
1.0,0.0,0.0,0.0,1.0,1.0,0.3333333333333333,0,1.0,1.0,-1.0,0.6666666666666667,0.0,solvability-pair-0072110-try_again_m,-0.6666666666666667,0.0,1.0,0.0,0.6931471805599453,try_again_m,8.0,0.125,-0.5,0.0,0.5,-0.5,-0.5,0.0,-1.0,0.0,0.0,0.0,0.033085978388704126,0.9669140216112958,solvability-pair-0072110,-3.375,1.0,-1.0,0.0,0.0,-0.6666666666666667,1,0.0,GIVE_UP,train,solvability-pair-0072110-try_again_m:1,0.0,solvability,0.0,0.0,1.0,-0.6666666666666667
0.0,0.0,0.0,0.0,1.0,0.0,0.5,0,1.0,0.0,0.0,0.5,0.0,solvability-pair-0072110-try_again_n,-0.5,0.0,0.0,0.0,0.0,try_again_n,8.0,0.0,-0.5,0.0,0.5,-0.5,-0.5,0.0,0.0,0.0,0.0,0.0,0.2689414213699951,0.7310585786300049,solvability-pair-0072110,-1.0,0.0,0.0,0.0,0.0,-0.5,0,0.0,GIVE_UP,train,solvability-pair-0072110-try_again_n:0,0.0,solvability,0.0,0.0,1.0,-0.5
0.0,0.0,0.0,0.0,1.0,0.0,0.25,1,1.0,0.0,0.0,2.75,-1.0,solvability-pair-0072111-try_again_m,-0.75,2.0,0.0,2.0,0.0,try_again_m,8.0,0.0,-0.8,2.0,0.2,-2.8,-2.8,-1.0,0.0,0.0,0.0,0.0,0.32082130082460697,0.679178699175393,solvability-pair-0072111,-0.75,0.0,0.0,0.0,0.0,-2.75,0,0.0,TRY_AGAIN,validation,solvability-pair-0072111-try_again_m:0,0.0,solvability,0.0,0.0,1.0,-2.75
1.0,0.0,0.0,0.0,1.0,1.0,0.16666666666666666,0,1.0,1.0,-1.0,2.8333333333333335,-1.0,solvability-pair-0072111-try_again_m,-0.8333333333333334,2.0,1.0,2.0,0.6931471805599453,try_again_m,8.0,0.125,-0.8,2.0,0.2,-2.8,-2.8,0.0,-1.0,0.0,0.0,0.0,0.037326887344129464,0.9626731126558706,solvability-pair-0072111,-3.25,1.0,-1.0,0.0,0.0,-2.8333333333333335,1,0.0,GIVE_UP,validation,solvability-pair-0072111-try_again_m:1,0.0,solvability,0.0,0.0,1.0,-2.8333333333333335
0.0,0.0,0.0,0.0,1.0,0.0,0.25,1,1.0,0.0,0.0,2.75,-1.0,solvability-pair-0072111-try_again_n,-0.75,2.0,0.0,2.0,0.0,try_again_n,8.0,0.0,-0.8,2.0,0.2,-2.8,-2.8,-1.0,0.0,0.0,0.0,0.0,0.18242552380635632,0.8175744761936437,solvability-pair-0072111,-1.5,0.0,0.0,0.0,0.0,-2.75,0,0.0,TRY_AGAIN,validation,solvability-pair-0072111-try_again_n:0,0.0,solvability,0.0,0.0,1.0,-2.75
1.0,0.0,0.0,0.0,1.0,1.0,0.16666666666666666,0,1.0,1.0,-1.0,2.8333333333333335,-1.0,solvability-pair-0072111-try_again_n,-0.8333333333333334,2.0,1.0,2.0,0.6931471805599453,try_again_n,8.0,0.125,-0.8,2.0,0.2,-2.8,-2.8,0.0,-1.0,0.0,0.0,0.0,0.029312230751356316,0.9706877692486436,solvability-pair-0072111,-3.5,1.0,-1.0,0.0,0.0,-2.8333333333333335,1,0.0,GIVE_UP,validation,solvability-pair-0072111-try_again_n:1,0.0,solvability,0.0,0.0,1.0,-2.8333333333333335
0.0,0.0,0.0,0.0,1.0,0.0,0.75,1,1.0,0.0,0.0,0.25,1.0,solvability-pair-0072112-try_again_m,-0.25,0.0,0.0,0.0,0.0,try_again_m,8.0,0.0,-0.19999999999999996,0.0,0.8,-0.19999999999999996,-0.19999999999999996,1.0,0.0,0.0,0.0,0.0,0.9626731126558706,0.037326887344129464,solvability-pair-0072112,3.25,0.0,0.0,0.0,0.0,-0.25,0,0.0,TRY_AGAIN,validation,solvability-pair-0072112-try_again_m:0,0.0,solvability,0.0,0.0,1.0,-0.25
1.0,0.0,0.0,0.0,1.0,1.0,0.8333333333333334,1,1.0,1.0,1.0,0.16666666666666663,1.0,solvability-pair-0072112-try_again_m,-0.16666666666666663,0.0,0.0,0.0,0.6931471805599453,try_again_m,8.0,0.125,-0.19999999999999996,0.0,0.8,-0.19999999999999996,-0.19999999999999996,1.0,1.0,0.0,0.0,0.0,0.9995694429186754,0.00043055708132461493,solvability-pair-0072112,7.75,1.0,1.0,1.0,1.0,-0.16666666666666663,1,0.0,TRY_AGAIN,validation,solvability-pair-0072112-try_again_m:1,1.0,solvability,0.0,0.0,1.0,-0.16666666666666663
1.0,1.0,0.0,0.0,1.0,2.0,0.875,1,1.0,2.0,2.0,0.125,1.0,solvability-pair-0072112-try_again_m,-0.125,0.0,0.0,0.0,1.0986122886681098,try_again_m,8.0,0.25,-0.19999999999999996,0.0,0.8,-0.19999999999999996,-0.19999999999999996,1.0,1.0,1.0,0.0,0.0,0.991422514586288,0.008577485413711986,solvability-pair-0072112,4.75,1.0,1.0,2.0,2.0,-0.125,2,1.0,TRY_AGAIN,validation,solvability-pair-0072112-try_again_m:2,2.0,solvability,0.0,0.0,1.0,-0.125
1.0,1.0,1.0,0.0,1.0,3.0,0.9,1,1.0,3.0,3.0,0.09999999999999998,1.0,solvability-pair-0072112-try_again_m,-0.09999999999999998,0.0,0.0,0.0,1.3862943611198906,try_again_m,8.0,0.375,-0.19999999999999996,0.0,0.8,-0.19999999999999996,-0.19999999999999996,1.0,1.0,1.0,1.0,0.0,0.9770226300899744,0.02297736991002561,solvability-pair-0072112,3.75,1.0,1.0,3.0,3.0,-0.09999999999999998,3,1.0,TRY_AGAIN,validation,solvability-pair-0072112-try_again_m:3,3.0,solvability,0.0,0.0,1.0,-0.09999999999999998
1.0,1.0,1.0,0.0,1.0,4.0,0.9166666666666666,1,1.0,4.0,4.0,0.08333333333333337,1.0,solvability-pair-0072112-try_again_m,-0.08333333333333337,0.0,0.0,0.0,1.6094379124341003,try_again_m,8.0,0.5,-0.19999999999999996,0.0,0.8,-0.19999999999999996,-0.19999999999999996,1.0,1.0,1.0,1.0,0.0,0.8933094060543487,0.10669059394565118,solvability-pair-0072112,2.125,1.0,1.0,4.0,4.0,-0.08333333333333337,4,1.0,TRY_AGAIN,validation,solvability-pair-0072112-try_again_m:4,4.0,solvability,0.0,0.0,1.0,-0.08333333333333337
1.0,1.0,1.0,1.0,1.0,5.0,0.9285714285714286,0,1.0,5.0,5.0,0.0714285714285714,1.0,solvability-pair-0072112-try_again_m,-0.0714285714285714,0.0,0.0,0.0,1.791759469228055,try_again_m,8.0,0.625,-0.19999999999999996,0.0,0.8,-0.19999999999999996,-0.19999999999999996,0.0,1.0,1.0,1.0,1.0,0.7981867777396212,0.20181322226037882,solvability-pair-0072112,1.375,1.0,1.0,5.0,5.0,-0.0714285714285714,5,1.0,GIVE_UP,validation,solvability-pair-0072112-try_again_m:5,5.0,solvability,0.0,0.0,1.0,-0.0714285714285714
0.0,0.0,0.0,0.0,1.0,0.0,0.75,1,1.0,0.0,0.0,0.25,1.0,solvability-pair-0072112-try_again_n,-0.25,0.0,0.0,0.0,0.0,try_again_n,8.0,0.0,-0.19999999999999996,0.0,0.8,-0.19999999999999996,-0.19999999999999996,1.0,0.0,0.0,0.0,0.0,0.7549149868676283,0.24508501313237172,solvability-pair-0072112,1.125,0.0,0.0,0.0,0.0,-0.25,0,0.0,TRY_AGAIN,validation,solvability-pair-0072112-try_again_n:0,0.0,solvability,0.0,0.0,1.0,-0.25
1.0,0.0,0.0,0.0,1.0,1.0,0.8333333333333334,1,1.0,1.0,1.0,0.16666666666666663,1.0,solvability-pair-0072112-try_again_n,-0.16666666666666663,0.0,0.0,0.0,0.6931471805599453,try_again_n,8.0,0.125,-0.19999999999999996,0.0,0.8,-0.19999999999999996,-0.19999999999999996,1.0,1.0,0.0,0.0,0.0,0.9998204720306533,0.0001795279693467774,solvability-pair-0072112,8.625,1.0,1.0,1.0,1.0,-0.16666666666666663,1,0.0,TRY_AGAIN,validation,solvability-pair-0072112-try_again_n:1,1.0,solvability,0.0,0.0,1.0,-0.16666666666666663
1.0,1.0,0.0,0.0,1.0,2.0,0.875,1,1.0,2.0,2.0,0.125,1.0,solvability-pair-0072112-try_again_n,-0.125,0.0,0.0,0.0,1.0986122886681098,try_again_n,8.0,0.25,-0.19999999999999996,0.0,0.8,-0.19999999999999996,-0.19999999999999996,1.0,1.0,1.0,0.0,0.0,0.9975273768433653,0.0024726231566347748,solvability-pair-0072112,6.0,1.0,1.0,2.0,2.0,-0.125,2,1.0,TRY_AGAIN,validation,solvability-pair-0072112-try_again_n:2,2.0,solvability,0.0,0.0,1.0,-0.125
1.0,1.0,1.0,0.0,1.0,3.0,0.9,1,1.0,3.0,3.0,0.09999999999999998,1.0,solvability-pair-0072112-try_again_n,-0.09999999999999998,0.0,0.0,0.0,1.3862943611198906,try_again_n,8.0,0.375,-0.19999999999999996,0.0,0.8,-0.19999999999999996,-0.19999999999999996,1.0,1.0,1.0,1.0,0.0,0.991422514586288,0.008577485413711986,solvability-pair-0072112,4.75,1.0,1.0,3.0,3.0,-0.09999999999999998,3,1.0,TRY_AGAIN,validation,solvability-pair-0072112-try_again_n:3,3.0,solvability,0.0,0.0,1.0,-0.09999999999999998
1.0,1.0,1.0,0.0,1.0,4.0,0.9166666666666666,1,1.0,4.0,4.0,0.08333333333333337,1.0,solvability-pair-0072112-try_again_n,-0.08333333333333337,0.0,0.0,0.0,1.6094379124341003,try_again_n,8.0,0.5,-0.19999999999999996,0.0,0.8,-0.19999999999999996,-0.19999999999999996,1.0,1.0,1.0,1.0,0.0,0.9324533088603709,0.0675466911396291,solvability-pair-0072112,2.625,1.0,1.0,4.0,4.0,-0.08333333333333337,4,1.0,TRY_AGAIN,validation,solvability-pair-0072112-try_again_n:4,4.0,solvability,0.0,0.0,1.0,-0.08333333333333337
1.0,1.0,1.0,1.0,1.0,5.0,0.9285714285714286,0,1.0,5.0,5.0,0.0714285714285714,1.0,solvability-pair-0072112-try_again_n,-0.0714285714285714,0.0,0.0,0.0,1.791759469228055,try_again_n,8.0,0.625,-0.19999999999999996,0.0,0.8,-0.19999999999999996,-0.19999999999999996,0.0,1.0,1.0,1.0,1.0,0.7549149868676283,0.24508501313237172,solvability-pair-0072112,1.125,1.0,1.0,5.0,5.0,-0.0714285714285714,5,1.0,GIVE_UP,validation,solvability-pair-0072112-try_again_n:5,5.0,solvability,0.0,0.0,1.0,-0.0714285714285714
0.0,0.0,0.0,0.0,0.0,0.0,0.5,0,0.0,0.0,0.0,1.5,0.0,solvability-pair-0072113-try_again_m,0.5,2.0,0.0,2.0,0.0,try_again_m,8.0,0.0,0.5,2.0,0.5,-1.5,-1.5,0.0,0.0,0.0,0.0,0.0,0.6224593312018546,0.37754066879814546,solvability-pair-0072113,0.5,0.0,0.0,0.0,0.0,-1.5,0,0.0,GIVE_UP,train,solvability-pair-0072113-try_again_m:0,0.0,solvability,0.0,0.0,1.0,-1.5
0.0,0.0,0.0,0.0,0.0,0.0,0.5,0,0.0,0.0,0.0,1.5,0.0,solvability-pair-0072113-try_again_n,0.5,2.0,0.0,2.0,0.0,try_again_n,8.0,0.0,0.5,2.0,0.5,-1.5,-1.5,0.0,0.0,0.0,0.0,0.0,0.2689414213699951,0.7310585786300049,solvability-pair-0072113,-1.0,0.0,0.0,0.0,0.0,-1.5,0,0.0,GIVE_UP,train,solvability-pair-0072113-try_again_n:0,0.0,solvability,0.0,0.0,1.0,-1.5
0.0,0.0,0.0,0.0,0.0,0.0,0.5,1,0.0,0.0,0.0,-0.5,0.0,solvability-pair-0072114-try_again_m,0.5,0.0,0.0,0.0,0.0,try_again_m,8.0,0.0,0.5,0.0,0.5,0.5,0.5,1.0,0.0,0.0,0.0,0.0,0.7549149868676283,0.24508501313237172,solvability-pair-0072114,1.125,0.0,0.0,0.0,0.0,0.5,0,0.0,TRY_AGAIN,train,solvability-pair-0072114-try_again_m:0,0.0,solvability,0.0,0.0,1.0,0.5
1.0,0.0,0.0,0.0,0.0,1.0,0.6666666666666666,1,0.0,0.0,1.0,-0.6666666666666666,0.0,solvability-pair-0072114-try_again_m,0.6666666666666666,0.0,0.0,0.0,0.6931471805599453,try_again_m,8.0,0.125,0.5,0.0,0.5,0.5,0.5,1.0,1.0,0.0,0.0,0.0,0.9989677689632452,0.0010322310367548194,solvability-pair-0072114,6.875,1.0,1.0,1.0,1.0,0.6666666666666666,1,0.0,TRY_AGAIN,train,solvability-pair-0072114-try_again_m:1,1.0,solvability,0.0,0.0,1.0,0.6666666666666666
1.0,1.0,0.0,0.0,0.0,2.0,0.75,1,0.0,0.0,2.0,-0.75,0.0,solvability-pair-0072114-try_again_m,0.75,0.0,0.0,0.0,1.0986122886681098,try_again_m,8.0,0.25,0.5,0.0,0.5,0.5,0.5,-1.0,1.0,1.0,0.0,0.0,0.9669140216112958,0.033085978388704126,solvability-pair-0072114,3.375,1.0,1.0,2.0,2.0,0.75,2,1.0,TRY_AGAIN,train,solvability-pair-0072114-try_again_m:2,2.0,solvability,0.0,0.0,1.0,0.75
1.0,1.0,1.0,0.0,0.0,3.0,0.6,0,0.0,0.0,1.0,-0.6,0.0,solvability-pair-0072114-try_again_m,0.6,0.0,1.0,0.0,1.3862943611198906,try_again_m,8.0,0.375,0.5,0.0,0.5,0.5,0.5,0.0,-1.0,1.0,1.0,0.0,0.5926665999540697,0.4073334000459302,solvability-pair-0072114,0.375,1.0,-1.0,2.0,2.0,0.6,3,1.0,GIVE_UP,train,solvability-pair-0072114-try_again_m:3,0.0,solvability,0.0,0.0,1.0,0.6
0.0,0.0,0.0,0.0,0.0,0.0,0.5,1,0.0,0.0,0.0,-0.5,0.0,solvability-pair-0072114-try_again_n,0.5,0.0,0.0,0.0,0.0,try_again_n,8.0,0.0,0.5,0.0,0.5,0.5,0.5,1.0,0.0,0.0,0.0,0.0,0.34864513533394575,0.6513548646660542,solvability-pair-0072114,-0.625,0.0,0.0,0.0,0.0,0.5,0,0.0,TRY_AGAIN,train,solvability-pair-0072114-try_again_n:0,0.0,solvability,0.0,0.0,1.0,0.5
1.0,0.0,0.0,0.0,0.0,1.0,0.6666666666666666,1,0.0,0.0,1.0,-0.6666666666666666,0.0,solvability-pair-0072114-try_again_n,0.6666666666666666,0.0,0.0,0.0,0.6931471805599453,try_again_n,8.0,0.125,0.5,0.0,0.5,0.5,0.5,1.0,1.0,0.0,0.0,0.0,0.9990889488055994,0.0009110511944006454,solvability-pair-0072114,7.0,1.0,1.0,1.0,1.0,0.6666666666666666,1,0.0,TRY_AGAIN,train,solvability-pair-0072114-try_again_n:1,1.0,solvability,0.0,0.0,1.0,0.6666666666666666
1.0,1.0,0.0,0.0,0.0,2.0,0.75,1,0.0,0.0,2.0,-0.75,0.0,solvability-pair-0072114-try_again_n,0.75,0.0,0.0,0.0,1.0986122886681098,try_again_n,8.0,0.25,0.5,0.0,0.5,0.5,0.5,-1.0,1.0,1.0,0.0,0.0,0.9890130573694068,0.01098694263059318,solvability-pair-0072114,4.5,1.0,1.0,2.0,2.0,0.75,2,1.0,TRY_AGAIN,train,solvability-pair-0072114-try_again_n:2,2.0,solvability,0.0,0.0,1.0,0.75
1.0,1.0,1.0,0.0,0.0,3.0,0.6,0,0.0,0.0,1.0,-0.6,0.0,solvability-pair-0072114-try_again_n,0.6,0.0,1.0,0.0,1.3862943611198906,try_again_n,8.0,0.375,0.5,0.0,0.5,0.5,0.5,0.0,-1.0,1.0,1.0,0.0,0.5312093733737563,0.46879062662624377,solvability-pair-0072114,0.125,1.0,-1.0,2.0,2.0,0.6,3,1.0,GIVE_UP,train,solvability-pair-0072114-try_again_n:3,0.0,solvability,0.0,0.0,1.0,0.6
0.0,0.0,0.0,0.0,0.0,0.0,0.25,0,0.0,0.0,0.0,-0.25,-1.0,solvability-pair-0072115-try_again_m,0.25,0.0,0.0,0.0,0.0,try_again_m,8.0,0.0,0.2,0.0,0.2,0.2,0.2,0.0,0.0,0.0,0.0,0.0,0.5,0.5,solvability-pair-0072115,0.0,0.0,0.0,0.0,0.0,0.25,0,0.0,GIVE_UP,train,solvability-pair-0072115-try_again_m:0,0.0,solvability,0.0,0.0,1.0,0.25
0.0,0.0,0.0,0.0,0.0,0.0,0.25,0,0.0,0.0,0.0,-0.25,-1.0,solvability-pair-0072115-try_again_n,0.25,0.0,0.0,0.0,0.0,try_again_n,8.0,0.0,0.2,0.0,0.2,0.2,0.2,0.0,0.0,0.0,0.0,0.0,0.22270013882530884,0.7772998611746911,solvability-pair-0072115,-1.25,0.0,0.0,0.0,0.0,0.25,0,0.0,GIVE_UP,train,solvability-pair-0072115-try_again_n:0,0.0,solvability,0.0,0.0,1.0,0.25
0.0,0.0,0.0,0.0,0.0,0.0,0.25,0,0.0,0.0,0.0,1.75,-1.0,solvability-pair-0072116-try_again_m,0.25,2.0,0.0,2.0,0.0,try_again_m,8.0,0.0,0.2,2.0,0.2,-1.8,-1.8,0.0,0.0,0.0,0.0,0.0,0.4073334000459302,0.5926665999540697,solvability-pair-0072116,-0.375,0.0,0.0,0.0,0.0,-1.75,0,0.0,GIVE_UP,validation,solvability-pair-0072116-try_again_m:0,0.0,solvability,0.0,0.0,1.0,-1.75
0.0,0.0,0.0,0.0,0.0,0.0,0.25,0,0.0,0.0,0.0,1.75,-1.0,solvability-pair-0072116-try_again_n,0.25,2.0,0.0,2.0,0.0,try_again_n,8.0,0.0,0.2,2.0,0.2,-1.8,-1.8,0.0,0.0,0.0,0.0,0.0,0.20181322226037882,0.7981867777396212,solvability-pair-0072116,-1.375,0.0,0.0,0.0,0.0,-1.75,0,0.0,GIVE_UP,validation,solvability-pair-0072116-try_again_n:0,0.0,solvability,0.0,0.0,1.0,-1.75
0.0,0.0,0.0,0.0,1.0,0.0,0.25,1,1.0,0.0,0.0,0.75,-1.0,solvability-pair-0072117-try_again_m,-0.75,0.0,0.0,0.0,0.0,try_again_m,8.0,0.0,-0.8,0.0,0.2,-0.8,-0.8,-1.0,0.0,0.0,0.0,0.0,0.37754066879814546,0.6224593312018546,solvability-pair-0072117,-0.5,0.0,0.0,0.0,0.0,-0.75,0,0.0,TRY_AGAIN,train,solvability-pair-0072117-try_again_m:0,0.0,solvability,0.0,0.0,1.0,-0.75
1.0,0.0,0.0,0.0,1.0,1.0,0.16666666666666666,0,1.0,1.0,-1.0,0.8333333333333334,-1.0,solvability-pair-0072117-try_again_m,-0.8333333333333334,0.0,1.0,0.0,0.6931471805599453,try_again_m,8.0,0.125,-0.8,0.0,0.2,-0.8,-0.8,0.0,-1.0,0.0,0.0,0.0,0.02595735719779685,0.9740426428022031,solvability-pair-0072117,-3.625,1.0,-1.0,0.0,0.0,-0.8333333333333334,1,0.0,GIVE_UP,train,solvability-pair-0072117-try_again_m:1,0.0,solvability,0.0,0.0,1.0,-0.8333333333333334
0.0,0.0,0.0,0.0,1.0,0.0,0.25,0,1.0,0.0,0.0,0.75,-1.0,solvability-pair-0072117-try_again_n,-0.75,0.0,0.0,0.0,0.0,try_again_n,8.0,0.0,-0.8,0.0,0.2,-0.8,-0.8,0.0,0.0,0.0,0.0,0.0,0.22270013882530884,0.7772998611746911,solvability-pair-0072117,-1.25,0.0,0.0,0.0,0.0,-0.75,0,0.0,GIVE_UP,train,solvability-pair-0072117-try_again_n:0,0.0,solvability,0.0,0.0,1.0,-0.75
0.0,0.0,0.0,0.0,0.0,0.0,0.75,1,0.0,0.0,0.0,-0.75,1.0,solvability-pair-0072118-try_again_m,0.75,0.0,0.0,0.0,0.0,try_again_m,8.0,0.0,0.8,0.0,0.8,0.8,0.8,1.0,0.0,0.0,0.0,0.0,0.9840936082881853,0.01590639171181471,solvability-pair-0072118,4.125,0.0,0.0,0.0,0.0,0.75,0,0.0,TRY_AGAIN,train,solvability-pair-0072118-try_again_m:0,0.0,solvability,0.0,0.0,1.0,0.75
1.0,0.0,0.0,0.0,0.0,1.0,0.8333333333333334,1,0.0,0.0,1.0,-0.8333333333333334,1.0,solvability-pair-0072118-try_again_m,0.8333333333333334,0.0,0.0,0.0,0.6931471805599453,try_again_m,8.0,0.125,0.8,0.0,0.8,0.8,0.8,1.0,1.0,0.0,0.0,0.0,0.9997965730219448,0.0002034269780552065,solvability-pair-0072118,8.5,1.0,1.0,1.0,1.0,0.8333333333333334,1,0.0,TRY_AGAIN,train,solvability-pair-0072118-try_again_m:1,1.0,solvability,0.0,0.0,1.0,0.8333333333333334
1.0,1.0,0.0,0.0,0.0,2.0,0.875,1,0.0,0.0,2.0,-0.875,1.0,solvability-pair-0072118-try_again_m,0.875,0.0,0.0,0.0,1.0986122886681098,try_again_m,8.0,0.25,0.8,0.0,0.8,0.8,0.8,1.0,1.0,1.0,0.0,0.0,0.9968273171575148,0.0031726828424851893,solvability-pair-0072118,5.75,1.0,1.0,2.0,2.0,0.875,2,1.0,TRY_AGAIN,train,solvability-pair-0072118-try_again_m:2,2.0,solvability,0.0,0.0,1.0,0.875
1.0,1.0,1.0,0.0,0.0,3.0,0.9,1,0.0,0.0,3.0,-0.9,1.0,solvability-pair-0072118-try_again_m,0.9,0.0,0.0,0.0,1.3862943611198906,try_again_m,8.0,0.375,0.8,0.0,0.8,0.8,0.8,1.0,1.0,1.0,1.0,0.0,0.9940889311437562,0.005911068856243796,solvability-pair-0072118,5.125,1.0,1.0,3.0,3.0,0.9,3,1.0,TRY_AGAIN,train,solvability-pair-0072118-try_again_m:3,3.0,solvability,0.0,0.0,1.0,0.9
1.0,1.0,1.0,0.0,0.0,4.0,0.9166666666666666,1,0.0,0.0,4.0,-0.9166666666666666,1.0,solvability-pair-0072118-try_again_m,0.9166666666666666,0.0,0.0,0.0,1.6094379124341003,try_again_m,8.0,0.5,0.8,0.0,0.8,0.8,0.8,1.0,1.0,1.0,1.0,0.0,0.9706877692486436,0.029312230751356316,solvability-pair-0072118,3.5,1.0,1.0,4.0,4.0,0.9166666666666666,4,1.0,TRY_AGAIN,train,solvability-pair-0072118-try_again_m:4,4.0,solvability,0.0,0.0,1.0,0.9166666666666666
1.0,1.0,1.0,1.0,0.0,5.0,0.9285714285714286,1,0.0,0.0,5.0,-0.9285714285714286,1.0,solvability-pair-0072118-try_again_m,0.9285714285714286,0.0,0.0,0.0,1.791759469228055,try_again_m,8.0,0.625,0.8,0.0,0.8,0.8,0.8,1.0,1.0,1.0,1.0,1.0,0.9324533088603709,0.0675466911396291,solvability-pair-0072118,2.625,1.0,1.0,5.0,5.0,0.9285714285714286,5,1.0,TRY_AGAIN,train,solvability-pair-0072118-try_again_m:5,5.0,solvability,0.0,0.0,1.0,0.9285714285714286
1.0,1.0,1.0,1.0,0.0,6.0,0.9375,1,0.0,0.0,6.0,-0.9375,1.0,solvability-pair-0072118-try_again_m,0.9375,0.0,0.0,0.0,1.9459101490553132,try_again_m,8.0,0.75,0.8,0.0,0.8,0.8,0.8,1.0,1.0,1.0,1.0,1.0,0.9046505351008906,0.0953494648991095,solvability-pair-0072118,2.25,1.0,1.0,6.0,6.0,0.9375,6,1.0,TRY_AGAIN,train,solvability-pair-0072118-try_again_m:6,6.0,solvability,0.0,0.0,1.0,0.9375
1.0,1.0,1.0,1.0,0.0,7.0,0.9444444444444444,1,0.0,0.0,7.0,-0.9444444444444444,1.0,solvability-pair-0072118-try_again_m,0.9444444444444444,0.0,0.0,0.0,2.0794415416798357,try_again_m,8.0,0.875,0.8,0.0,0.8,0.8,0.8,1.0,1.0,1.0,1.0,1.0,0.7772998611746911,0.22270013882530884,solvability-pair-0072118,1.25,1.0,1.0,7.0,7.0,0.9444444444444444,7,1.0,TRY_AGAIN,train,solvability-pair-0072118-try_again_m:7,7.0,solvability,0.0,0.0,1.0,0.9444444444444444
0.0,0.0,0.0,0.0,0.0,0.0,0.75,1,0.0,0.0,0.0,-0.75,1.0,solvability-pair-0072118-try_again_n,0.75,0.0,0.0,0.0,0.0,try_again_n,8.0,0.0,0.8,0.0,0.8,0.8,0.8,1.0,0.0,0.0,0.0,0.0,0.8175744761936437,0.18242552380635632,solvability-pair-0072118,1.5,0.0,0.0,0.0,0.0,0.75,0,0.0,TRY_AGAIN,train,solvability-pair-0072118-try_again_n:0,0.0,solvability,0.0,0.0,1.0,0.75
1.0,0.0,0.0,0.0,0.0,1.0,0.8333333333333334,1,0.0,0.0,1.0,-0.8333333333333334,1.0,solvability-pair-0072118-try_again_n,0.8333333333333334,0.0,0.0,0.0,0.6931471805599453,try_again_n,8.0,0.125,0.8,0.0,0.8,0.8,0.8,1.0,1.0,0.0,0.0,0.0,0.9999251537724895,7.484622751061124e-05,solvability-pair-0072118,9.5,1.0,1.0,1.0,1.0,0.8333333333333334,1,0.0,TRY_AGAIN,train,solvability-pair-0072118-try_again_n:1,1.0,solvability,0.0,0.0,1.0,0.8333333333333334
1.0,1.0,0.0,0.0,0.0,2.0,0.875,1,0.0,0.0,2.0,-0.875,1.0,solvability-pair-0072118-try_again_n,0.875,0.0,0.0,0.0,1.0986122886681098,try_again_n,8.0,0.25,0.8,0.0,0.8,0.8,0.8,1.0,1.0,1.0,0.0,0.0,0.9990889488055994,0.0009110511944006454,solvability-pair-0072118,7.0,1.0,1.0,2.0,2.0,0.875,2,1.0,TRY_AGAIN,train,solvability-pair-0072118-try_again_n:2,2.0,solvability,0.0,0.0,1.0,0.875
1.0,1.0,1.0,0.0,0.0,3.0,0.9,1,0.0,0.0,3.0,-0.9,1.0,solvability-pair-0072118-try_again_n,0.9,0.0,0.0,0.0,1.3862943611198906,try_again_n,8.0,0.375,0.8,0.0,0.8,0.8,0.8,1.0,1.0,1.0,1.0,0.0,0.9980732653366725,0.0019267346633274755,solvability-pair-0072118,6.25,1.0,1.0,3.0,3.0,0.9,3,1.0,TRY_AGAIN,train,solvability-pair-0072118-try_again_n:3,3.0,solvability,0.0,0.0,1.0,0.9
1.0,1.0,1.0,0.0,0.0,4.0,0.9166666666666666,1,0.0,0.0,4.0,-0.9166666666666666,1.0,solvability-pair-0072118-try_again_n,0.9166666666666666,0.0,0.0,0.0,1.6094379124341003,try_again_n,8.0,0.5,0.8,0.0,0.8,0.8,0.8,1.0,1.0,1.0,1.0,0.0,0.9796676466573412,0.020332353342658753,solvability-pair-0072118,3.875,1.0,1.0,4.0,4.0,0.9166666666666666,4,1.0,TRY_AGAIN,train,solvability-pair-0072118-try_again_n:4,4.0,solvability,0.0,0.0,1.0,0.9166666666666666
1.0,1.0,1.0,1.0,0.0,5.0,0.9285714285714286,1,0.0,0.0,5.0,-0.9285714285714286,1.0,solvability-pair-0072118-try_again_n,0.9285714285714286,0.0,0.0,0.0,1.791759469228055,try_again_n,8.0,0.625,0.8,0.0,0.8,0.8,0.8,1.0,1.0,1.0,1.0,1.0,0.9465966702001757,0.053403329799824234,solvability-pair-0072118,2.875,1.0,1.0,5.0,5.0,0.9285714285714286,5,1.0,TRY_AGAIN,train,solvability-pair-0072118-try_again_n:5,5.0,solvability,0.0,0.0,1.0,0.9285714285714286
1.0,1.0,1.0,1.0,0.0,6.0,0.9375,1,0.0,0.0,6.0,-0.9375,1.0,solvability-pair-0072118-try_again_n,0.9375,0.0,0.0,0.0,1.9459101490553132,try_again_n,8.0,0.75,0.8,0.0,0.8,0.8,0.8,1.0,1.0,1.0,1.0,1.0,0.8933094060543487,0.10669059394565118,solvability-pair-0072118,2.125,1.0,1.0,6.0,6.0,0.9375,6,1.0,TRY_AGAIN,train,solvability-pair-0072118-try_again_n:6,6.0,solvability,0.0,0.0,1.0,0.9375
1.0,1.0,1.0,1.0,0.0,7.0,0.9444444444444444,1,0.0,0.0,7.0,-0.9444444444444444,1.0,solvability-pair-0072118-try_again_n,0.9444444444444444,0.0,0.0,0.0,2.0794415416798357,try_again_n,8.0,0.875,0.8,0.0,0.8,0.8,0.8,1.0,1.0,1.0,1.0,1.0,0.6513548646660542,0.34864513533394575,solvability-pair-0072118,0.625,1.0,1.0,7.0,7.0,0.9444444444444444,7,1.0,TRY_AGAIN,train,solvability-pair-0072118-try_again_n:7,7.0,solvability,0.0,0.0,1.0,0.9444444444444444
0.0,0.0,0.0,0.0,1.0,0.0,0.75,1,1.0,0.0,0.0,2.25,1.0,solvability-pair-0072119-try_again_m,-0.25,2.0,0.0,2.0,0.0,try_again_m,8.0,0.0,-0.19999999999999996,2.0,0.8,-2.2,-2.2,1.0,0.0,0.0,0.0,0.0,0.9399133498259924,0.06008665017400762,solvability-pair-0072119,2.75,0.0,0.0,0.0,0.0,-2.25,0,0.0,TRY_AGAIN,train,solvability-pair-0072119-try_again_m:0,0.0,solvability,0.0,0.0,1.0,-2.25
1.0,0.0,0.0,0.0,1.0,1.0,0.8333333333333334,1,1.0,1.0,1.0,2.1666666666666665,1.0,solvability-pair-0072119-try_again_m,-0.16666666666666663,2.0,0.0,2.0,0.6931471805599453,try_again_m,8.0,0.125,-0.19999999999999996,2.0,0.8,-2.2,-2.2,1.0,1.0,0.0,0.0,0.0,0.9993736658418905,0.0006263341581094201,solvability-pair-0072119,7.375,1.0,1.0,1.0,1.0,-2.1666666666666665,1,0.0,TRY_AGAIN,train,solvability-pair-0072119-try_again_m:1,1.0,solvability,0.0,0.0,1.0,-2.1666666666666665
1.0,1.0,0.0,0.0,1.0,2.0,0.875,1,1.0,2.0,2.0,2.125,1.0,solvability-pair-0072119-try_again_m,-0.125,2.0,0.0,2.0,1.0986122886681098,try_again_m,8.0,0.25,-0.19999999999999996,2.0,0.8,-2.2,-2.2,1.0,1.0,1.0,0.0,0.0,0.9770226300899744,0.02297736991002561,solvability-pair-0072119,3.75,1.0,1.0,2.0,2.0,-2.125,2,1.0,TRY_AGAIN,train,solvability-pair-0072119-try_again_m:2,2.0,solvability,0.0,0.0,1.0,-2.125
1.0,1.0,1.0,0.0,1.0,3.0,0.9,1,1.0,3.0,3.0,2.1,1.0,solvability-pair-0072119-try_again_m,-0.09999999999999998,2.0,0.0,2.0,1.3862943611198906,try_again_m,8.0,0.375,-0.19999999999999996,2.0,0.8,-2.2,-2.2,1.0,1.0,1.0,1.0,0.0,0.9399133498259924,0.06008665017400762,solvability-pair-0072119,2.75,1.0,1.0,3.0,3.0,-2.1,3,1.0,TRY_AGAIN,train,solvability-pair-0072119-try_again_m:3,3.0,solvability,0.0,0.0,1.0,-2.1
1.0,1.0,1.0,0.0,1.0,4.0,0.9166666666666666,1,1.0,4.0,4.0,2.0833333333333335,1.0,solvability-pair-0072119-try_again_m,-0.08333333333333337,2.0,0.0,2.0,1.6094379124341003,try_again_m,8.0,0.5,-0.19999999999999996,2.0,0.8,-2.2,-2.2,1.0,1.0,1.0,1.0,0.0,0.8354835371034369,0.1645164628965632,solvability-pair-0072119,1.625,1.0,1.0,4.0,4.0,-2.0833333333333335,4,1.0,TRY_AGAIN,train,solvability-pair-0072119-try_again_m:4,4.0,solvability,0.0,0.0,1.0,-2.0833333333333335
1.0,1.0,1.0,1.0,1.0,5.0,0.9285714285714286,1,1.0,5.0,5.0,2.071428571428571,1.0,solvability-pair-0072119-try_again_m,-0.0714285714285714,2.0,0.0,2.0,1.791759469228055,try_again_m,8.0,0.625,-0.19999999999999996,2.0,0.8,-2.2,-2.2,1.0,1.0,1.0,1.0,1.0,0.7057850278370112,0.29421497216298875,solvability-pair-0072119,0.875,1.0,1.0,5.0,5.0,-2.071428571428571,5,1.0,TRY_AGAIN,train,solvability-pair-0072119-try_again_m:5,5.0,solvability,0.0,0.0,1.0,-2.071428571428571
1.0,1.0,1.0,1.0,1.0,6.0,0.9375,1,1.0,6.0,6.0,2.0625,1.0,solvability-pair-0072119-try_again_m,-0.0625,2.0,0.0,2.0,1.9459101490553132,try_again_m,8.0,0.75,-0.19999999999999996,2.0,0.8,-2.2,-2.2,1.0,1.0,1.0,1.0,1.0,0.679178699175393,0.32082130082460697,solvability-pair-0072119,0.75,1.0,1.0,6.0,6.0,-2.0625,6,1.0,TRY_AGAIN,train,solvability-pair-0072119-try_again_m:6,6.0,solvability,0.0,0.0,1.0,-2.0625
1.0,1.0,1.0,1.0,1.0,7.0,0.9444444444444444,1,1.0,7.0,7.0,2.0555555555555554,1.0,solvability-pair-0072119-try_again_m,-0.05555555555555558,2.0,0.0,2.0,2.0794415416798357,try_again_m,8.0,0.875,-0.19999999999999996,2.0,0.8,-2.2,-2.2,1.0,1.0,1.0,1.0,1.0,0.5312093733737563,0.46879062662624377,solvability-pair-0072119,0.125,1.0,1.0,7.0,7.0,-2.0555555555555554,7,1.0,TRY_AGAIN,train,solvability-pair-0072119-try_again_m:7,7.0,solvability,0.0,0.0,1.0,-2.0555555555555554
0.0,0.0,0.0,0.0,1.0,0.0,0.75,1,1.0,0.0,0.0,2.25,1.0,solvability-pair-0072119-try_again_n,-0.25,2.0,0.0,2.0,0.0,try_again_n,8.0,0.0,-0.19999999999999996,2.0,0.8,-2.2,-2.2,1.0,0.0,0.0,0.0,0.0,0.679178699175393,0.32082130082460697,solvability-pair-0072119,0.75,0.0,0.0,0.0,0.0,-2.25,0,0.0,TRY_AGAIN,train,solvability-pair-0072119-try_again_n:0,0.0,solvability,0.0,0.0,1.0,-2.25
1.0,0.0,0.0,0.0,1.0,1.0,0.8333333333333334,1,1.0,1.0,1.0,2.1666666666666665,1.0,solvability-pair-0072119-try_again_n,-0.16666666666666663,2.0,0.0,2.0,0.6931471805599453,try_again_n,8.0,0.125,-0.19999999999999996,2.0,0.8,-2.2,-2.2,1.0,1.0,0.0,0.0,0.0,0.9995694429186754,0.00043055708132461493,solvability-pair-0072119,7.75,1.0,1.0,1.0,1.0,-2.1666666666666665,1,0.0,TRY_AGAIN,train,solvability-pair-0072119-try_again_n:1,1.0,solvability,0.0,0.0,1.0,-2.1666666666666665
1.0,1.0,0.0,0.0,1.0,2.0,0.875,1,1.0,2.0,2.0,2.125,1.0,solvability-pair-0072119-try_again_n,-0.125,2.0,0.0,2.0,1.0986122886681098,try_again_n,8.0,0.25,-0.19999999999999996,2.0,0.8,-2.2,-2.2,1.0,1.0,1.0,0.0,0.0,0.9933071490757153,0.006692850924284856,solvability-pair-0072119,5.0,1.0,1.0,2.0,2.0,-2.125,2,1.0,TRY_AGAIN,train,solvability-pair-0072119-try_again_n:2,2.0,solvability,0.0,0.0,1.0,-2.125
1.0,1.0,1.0,0.0,1.0,3.0,0.9,1,1.0,3.0,3.0,2.1,1.0,solvability-pair-0072119-try_again_n,-0.09999999999999998,2.0,0.0,2.0,1.3862943611198906,try_again_n,8.0,0.375,-0.19999999999999996,2.0,0.8,-2.2,-2.2,1.0,1.0,1.0,1.0,0.0,0.9796676466573412,0.020332353342658753,solvability-pair-0072119,3.875,1.0,1.0,3.0,3.0,-2.1,3,1.0,TRY_AGAIN,train,solvability-pair-0072119-try_again_n:3,3.0,solvability,0.0,0.0,1.0,-2.1
1.0,1.0,1.0,0.0,1.0,4.0,0.9166666666666666,1,1.0,4.0,4.0,2.0833333333333335,1.0,solvability-pair-0072119-try_again_n,-0.08333333333333337,2.0,0.0,2.0,1.6094379124341003,try_again_n,8.0,0.5,-0.19999999999999996,2.0,0.8,-2.2,-2.2,1.0,1.0,1.0,1.0,0.0,0.8670357598021706,0.13296424019782924,solvability-pair-0072119,1.875,1.0,1.0,4.0,4.0,-2.0833333333333335,4,1.0,TRY_AGAIN,train,solvability-pair-0072119-try_again_n:4,4.0,solvability,0.0,0.0,1.0,-2.0833333333333335
1.0,1.0,1.0,1.0,1.0,5.0,0.9285714285714286,1,1.0,5.0,5.0,2.071428571428571,1.0,solvability-pair-0072119-try_again_n,-0.0714285714285714,2.0,0.0,2.0,1.791759469228055,try_again_n,8.0,0.625,-0.19999999999999996,2.0,0.8,-2.2,-2.2,1.0,1.0,1.0,1.0,1.0,0.679178699175393,0.32082130082460697,solvability-pair-0072119,0.75,1.0,1.0,5.0,5.0,-2.071428571428571,5,1.0,TRY_AGAIN,train,solvability-pair-0072119-try_again_n:5,5.0,solvability,0.0,0.0,1.0,-2.071428571428571
1.0,1.0,1.0,1.0,1.0,6.0,0.9375,1,1.0,6.0,6.0,2.0625,1.0,solvability-pair-0072119-try_again_n,-0.0625,2.0,0.0,2.0,1.9459101490553132,try_again_n,8.0,0.75,-0.19999999999999996,2.0,0.8,-2.2,-2.2,1.0,1.0,1.0,1.0,1.0,0.679178699175393,0.32082130082460697,solvability-pair-0072119,0.75,1.0,1.0,6.0,6.0,-2.0625,6,1.0,TRY_AGAIN,train,solvability-pair-0072119-try_again_n:6,6.0,solvability,0.0,0.0,1.0,-2.0625
1.0,1.0,1.0,1.0,1.0,7.0,0.9444444444444444,0,1.0,7.0,7.0,2.0555555555555554,1.0,solvability-pair-0072119-try_again_n,-0.05555555555555558,2.0,0.0,2.0,2.0794415416798357,try_again_n,8.0,0.875,-0.19999999999999996,2.0,0.8,-2.2,-2.2,0.0,1.0,1.0,1.0,1.0,0.46879062662624377,0.5312093733737563,solvability-pair-0072119,-0.125,1.0,1.0,7.0,7.0,-2.0555555555555554,7,1.0,GIVE_UP,train,solvability-pair-0072119-try_again_n:7,7.0,solvability,0.0,0.0,1.0,-2.0555555555555554
0.0,0.0,0.0,0.0,0.0,0.0,0.75,1,0.0,0.0,0.0,1.25,1.0,solvability-pair-0072120-try_again_m,0.75,2.0,0.0,2.0,0.0,try_again_m,8.0,0.0,0.8,2.0,0.8,-1.2,-1.2,1.0,0.0,0.0,0.0,0.0,0.9770226300899744,0.02297736991002561,solvability-pair-0072120,3.75,0.0,0.0,0.0,0.0,-1.25,0,0.0,TRY_AGAIN,train,solvability-pair-0072120-try_again_m:0,0.0,solvability,0.0,0.0,1.0,-1.25
1.0,0.0,0.0,0.0,0.0,1.0,0.8333333333333334,1,0.0,0.0,1.0,1.1666666666666665,1.0,solvability-pair-0072120-try_again_m,0.8333333333333334,2.0,0.0,2.0,0.6931471805599453,try_again_m,8.0,0.125,0.8,2.0,0.8,-1.2,-1.2,1.0,1.0,0.0,0.0,0.0,0.9996646498695336,0.00033535013046647816,solvability-pair-0072120,8.0,1.0,1.0,1.0,1.0,-1.1666666666666665,1,0.0,TRY_AGAIN,train,solvability-pair-0072120-try_again_m:1,1.0,solvability,0.0,0.0,1.0,-1.1666666666666665
1.0,1.0,0.0,0.0,0.0,2.0,0.875,1,0.0,0.0,2.0,1.125,1.0,solvability-pair-0072120-try_again_m,0.875,2.0,0.0,2.0,1.0986122886681098,try_again_m,8.0,0.25,0.8,2.0,0.8,-1.2,-1.2,1.0,1.0,1.0,0.0,0.0,0.9924227587321393,0.007577241267860811,solvability-pair-0072120,4.875,1.0,1.0,2.0,2.0,-1.125,2,1.0,TRY_AGAIN,train,solvability-pair-0072120-try_again_m:2,2.0,solvability,0.0,0.0,1.0,-1.125
1.0,1.0,1.0,0.0,0.0,3.0,0.9,1,0.0,0.0,3.0,1.1,1.0,solvability-pair-0072120-try_again_m,0.9,2.0,0.0,2.0,1.3862943611198906,try_again_m,8.0,0.375,0.8,2.0,0.8,-1.2,-1.2,-1.0,1.0,1.0,1.0,0.0,0.9859363729567544,0.014063627043245474,solvability-pair-0072120,4.25,1.0,1.0,3.0,3.0,-1.1,3,1.0,TRY_AGAIN,train,solvability-pair-0072120-try_again_m:3,3.0,solvability,0.0,0.0,1.0,-1.1
1.0,1.0,1.0,0.0,0.0,4.0,0.75,0,0.0,0.0,2.0,1.25,1.0,solvability-pair-0072120-try_again_m,0.75,2.0,1.0,2.0,1.6094379124341003,try_again_m,8.0,0.5,0.8,2.0,0.8,-1.2,-1.2,0.0,-1.0,1.0,1.0,0.0,0.5621765008857981,0.4378234991142019,solvability-pair-0072120,0.25,1.0,-1.0,3.0,3.0,-1.25,4,1.0,GIVE_UP,train,solvability-pair-0072120-try_again_m:4,0.0,solvability,0.0,0.0,1.0,-1.25
0.0,0.0,0.0,0.0,0.0,0.0,0.75,1,0.0,0.0,0.0,1.25,1.0,solvability-pair-0072120-try_again_n,0.75,2.0,0.0,2.0,0.0,try_again_n,8.0,0.0,0.8,2.0,0.8,-1.2,-1.2,1.0,0.0,0.0,0.0,0.0,0.7772998611746911,0.22270013882530884,solvability-pair-0072120,1.25,0.0,0.0,0.0,0.0,-1.25,0,0.0,TRY_AGAIN,train,solvability-pair-0072120-try_again_n:0,0.0,solvability,0.0,0.0,1.0,-1.25
1.0,0.0,0.0,0.0,0.0,1.0,0.8333333333333334,1,0.0,0.0,1.0,1.1666666666666665,1.0,solvability-pair-0072120-try_again_n,0.8333333333333334,2.0,0.0,2.0,0.6931471805599453,try_again_n,8.0,0.125,0.8,2.0,0.8,-1.2,-1.2,1.0,1.0,0.0,0.0,0.0,0.9997694932780068,0.0002305067219931397,solvability-pair-0072120,8.375,1.0,1.0,1.0,1.0,-1.1666666666666665,1,0.0,TRY_AGAIN,train,solvability-pair-0072120-try_again_n:1,1.0,solvability,0.0,0.0,1.0,-1.1666666666666665
1.0,1.0,0.0,0.0,0.0,2.0,0.875,1,0.0,0.0,2.0,1.125,1.0,solvability-pair-0072120-try_again_n,0.875,2.0,0.0,2.0,1.0986122886681098,try_again_n,8.0,0.25,0.8,2.0,0.8,-1.2,-1.2,1.0,1.0,1.0,0.0,0.0,0.9953904278206259,0.004609572179374208,solvability-pair-0072120,5.375,1.0,1.0,2.0,2.0,-1.125,2,1.0,TRY_AGAIN,train,solvability-pair-0072120-try_again_n:2,2.0,solvability,0.0,0.0,1.0,-1.125
1.0,1.0,1.0,0.0,0.0,3.0,0.9,1,0.0,0.0,3.0,1.1,1.0,solvability-pair-0072120-try_again_n,0.9,2.0,0.0,2.0,1.3862943611198906,try_again_n,8.0,0.375,0.8,2.0,0.8,-1.2,-1.2,-1.0,1.0,1.0,1.0,0.0,0.9875683491468141,0.012431650853185818,solvability-pair-0072120,4.375,1.0,1.0,3.0,3.0,-1.1,3,1.0,TRY_AGAIN,train,solvability-pair-0072120-try_again_n:3,3.0,solvability,0.0,0.0,1.0,-1.1
1.0,1.0,1.0,0.0,0.0,4.0,0.75,0,0.0,0.0,2.0,1.25,1.0,solvability-pair-0072120-try_again_n,0.75,2.0,1.0,2.0,1.6094379124341003,try_again_n,8.0,0.5,0.8,2.0,0.8,-1.2,-1.2,0.0,-1.0,1.0,1.0,0.0,0.5,0.5,solvability-pair-0072120,0.0,1.0,-1.0,3.0,3.0,-1.25,4,1.0,GIVE_UP,train,solvability-pair-0072120-try_again_n:4,0.0,solvability,0.0,0.0,1.0,-1.25
0.0,0.0,0.0,0.0,1.0,0.0,0.5,0,1.0,0.0,0.0,2.5,0.0,solvability-pair-0072121-try_again_m,-0.5,2.0,0.0,2.0,0.0,try_again_m,8.0,0.0,-0.5,2.0,0.5,-2.5,-2.5,0.0,0.0,0.0,0.0,0.0,0.46879062662624377,0.5312093733737563,solvability-pair-0072121,-0.125,0.0,0.0,0.0,0.0,-2.5,0,0.0,GIVE_UP,train,solvability-pair-0072121-try_again_m:0,0.0,solvability,0.0,0.0,1.0,-2.5
0.0,0.0,0.0,0.0,1.0,0.0,0.5,0,1.0,0.0,0.0,2.5,0.0,solvability-pair-0072121-try_again_n,-0.5,2.0,0.0,2.0,0.0,try_again_n,8.0,0.0,-0.5,2.0,0.5,-2.5,-2.5,0.0,0.0,0.0,0.0,0.0,0.22270013882530884,0.7772998611746911,solvability-pair-0072121,-1.25,0.0,0.0,0.0,0.0,-2.5,0,0.0,GIVE_UP,train,solvability-pair-0072121-try_again_n:0,0.0,solvability,0.0,0.0,1.0,-2.5
0.0,0.0,0.0,0.0,1.0,0.0,0.5,1,1.0,0.0,0.0,0.5,0.0,solvability-pair-0072122-try_again_m,-0.5,0.0,0.0,0.0,0.0,try_again_m,8.0,0.0,-0.5,0.0,0.5,-0.5,-0.5,1.0,0.0,0.0,0.0,0.0,0.5621765008857981,0.4378234991142019,solvability-pair-0072122,0.25,0.0,0.0,0.0,0.0,-0.5,0,0.0,TRY_AGAIN,train,solvability-pair-0072122-try_again_m:0,0.0,solvability,0.0,0.0,1.0,-0.5
1.0,0.0,0.0,0.0,1.0,1.0,0.6666666666666666,1,1.0,1.0,1.0,0.33333333333333337,0.0,solvability-pair-0072122-try_again_m,-0.33333333333333337,0.0,0.0,0.0,0.6931471805599453,try_again_m,8.0,0.125,-0.5,0.0,0.5,-0.5,-0.5,1.0,1.0,0.0,0.0,0.0,0.9978172835546547,0.0021827164453451808,solvability-pair-0072122,6.125,1.0,1.0,1.0,1.0,-0.33333333333333337,1,0.0,TRY_AGAIN,train,solvability-pair-0072122-try_again_m:1,1.0,solvability,0.0,0.0,1.0,-0.33333333333333337
1.0,1.0,0.0,0.0,1.0,2.0,0.75,1,1.0,2.0,2.0,0.25,0.0,solvability-pair-0072122-try_again_m,-0.25,0.0,0.0,0.0,1.0986122886681098,try_again_m,8.0,0.25,-0.5,0.0,0.5,-0.5,-0.5,-1.0,1.0,1.0,0.0,0.0,0.9465966702001757,0.053403329799824234,solvability-pair-0072122,2.875,1.0,1.0,2.0,2.0,-0.25,2,1.0,TRY_AGAIN,train,solvability-pair-0072122-try_again_m:2,2.0,solvability,0.0,0.0,1.0,-0.25
1.0,1.0,1.0,0.0,1.0,3.0,0.6,1,1.0,3.0,1.0,0.4,0.0,solvability-pair-0072122-try_again_m,-0.4,0.0,1.0,0.0,1.3862943611198906,try_again_m,8.0,0.375,-0.5,0.0,0.5,-0.5,-0.5,1.0,-1.0,1.0,1.0,0.0,0.5621765008857981,0.4378234991142019,solvability-pair-0072122,0.25,1.0,-1.0,2.0,2.0,-0.4,3,1.0,TRY_AGAIN,train,solvability-pair-0072122-try_again_m:3,0.0,solvability,0.0,0.0,1.0,-0.4
1.0,1.0,1.0,0.0,1.0,4.0,0.6666666666666666,1,1.0,4.0,2.0,0.33333333333333337,0.0,solvability-pair-0072122-try_again_m,-0.33333333333333337,0.0,0.0,0.0,1.6094379124341003,try_again_m,8.0,0.5,-0.5,0.0,0.5,-0.5,-0.5,1.0,1.0,-1.0,1.0,0.0,0.7981867777396212,0.20181322226037882,solvability-pair-0072122,1.375,1.0,1.0,3.0,3.0,-0.33333333333333337,4,1.0,TRY_AGAIN,train,solvability-pair-0072122-try_again_m:4,1.0,solvability,0.0,0.0,1.0,-0.33333333333333337
1.0,1.0,1.0,1.0,1.0,5.0,0.7142857142857143,1,1.0,5.0,3.0,0.2857142857142857,0.0,solvability-pair-0072122-try_again_m,-0.2857142857142857,0.0,0.0,0.0,1.791759469228055,try_again_m,8.0,0.625,-0.5,0.0,0.5,-0.5,-0.5,1.0,1.0,1.0,-1.0,1.0,0.6224593312018546,0.37754066879814546,solvability-pair-0072122,0.5,1.0,1.0,4.0,4.0,-0.2857142857142857,5,1.0,TRY_AGAIN,train,solvability-pair-0072122-try_again_m:5,2.0,solvability,0.0,0.0,1.0,-0.2857142857142857
1.0,1.0,1.0,1.0,1.0,6.0,0.75,1,1.0,6.0,4.0,0.25,0.0,solvability-pair-0072122-try_again_m,-0.25,0.0,0.0,0.0,1.9459101490553132,try_again_m,8.0,0.75,-0.5,0.0,0.5,-0.5,-0.5,-1.0,1.0,1.0,1.0,1.0,0.7057850278370112,0.29421497216298875,solvability-pair-0072122,0.875,1.0,1.0,5.0,5.0,-0.25,6,1.0,TRY_AGAIN,train,solvability-pair-0072122-try_again_m:6,3.0,solvability,0.0,0.0,1.0,-0.25
1.0,1.0,1.0,1.0,1.0,7.0,0.6666666666666666,0,1.0,7.0,3.0,0.33333333333333337,0.0,solvability-pair-0072122-try_again_m,-0.33333333333333337,0.0,1.0,0.0,2.0794415416798357,try_again_m,8.0,0.875,-0.5,0.0,0.5,-0.5,-0.5,0.0,-1.0,1.0,1.0,-1.0,0.24508501313237172,0.7549149868676283,solvability-pair-0072122,-1.125,1.0,-1.0,5.0,5.0,-0.33333333333333337,7,1.0,GIVE_UP,train,solvability-pair-0072122-try_again_m:7,0.0,solvability,0.0,0.0,1.0,-0.33333333333333337
0.0,0.0,0.0,0.0,1.0,0.0,0.5,0,1.0,0.0,0.0,0.5,0.0,solvability-pair-0072122-try_again_n,-0.5,0.0,0.0,0.0,0.0,try_again_n,8.0,0.0,-0.5,0.0,0.5,-0.5,-0.5,0.0,0.0,0.0,0.0,0.0,0.2689414213699951,0.7310585786300049,solvability-pair-0072122,-1.0,0.0,0.0,0.0,0.0,-0.5,0,0.0,GIVE_UP,train,solvability-pair-0072122-try_again_n:0,0.0,solvability,0.0,0.0,1.0,-0.5
0.0,0.0,0.0,0.0,1.0,0.0,0.25,0,1.0,0.0,0.0,2.75,-1.0,solvability-pair-0072123-try_again_m,-0.75,2.0,0.0,2.0,0.0,try_again_m,8.0,0.0,-0.8,2.0,0.2,-2.8,-2.8,0.0,0.0,0.0,0.0,0.0,0.32082130082460697,0.679178699175393,solvability-pair-0072123,-0.75,0.0,0.0,0.0,0.0,-2.75,0,0.0,GIVE_UP,train,solvability-pair-0072123-try_again_m:0,0.0,solvability,0.0,0.0,1.0,-2.75
0.0,0.0,0.0,0.0,1.0,0.0,0.25,0,1.0,0.0,0.0,2.75,-1.0,solvability-pair-0072123-try_again_n,-0.75,2.0,0.0,2.0,0.0,try_again_n,8.0,0.0,-0.8,2.0,0.2,-2.8,-2.8,0.0,0.0,0.0,0.0,0.0,0.18242552380635632,0.8175744761936437,solvability-pair-0072123,-1.5,0.0,0.0,0.0,0.0,-2.75,0,0.0,GIVE_UP,train,solvability-pair-0072123-try_again_n:0,0.0,solvability,0.0,0.0,1.0,-2.75
0.0,0.0,0.0,0.0,1.0,0.0,0.75,1,1.0,0.0,0.0,0.25,1.0,solvability-pair-0072124-try_again_m,-0.25,0.0,0.0,0.0,0.0,try_again_m,8.0,0.0,-0.19999999999999996,0.0,0.8,-0.19999999999999996,-0.19999999999999996,1.0,0.0,0.0,0.0,0.0,0.9626731126558706,0.037326887344129464,solvability-pair-0072124,3.25,0.0,0.0,0.0,0.0,-0.25,0,0.0,TRY_AGAIN,train,solvability-pair-0072124-try_again_m:0,0.0,solvability,0.0,0.0,1.0,-0.25
1.0,0.0,0.0,0.0,1.0,1.0,0.8333333333333334,1,1.0,1.0,1.0,0.16666666666666663,1.0,solvability-pair-0072124-try_again_m,-0.16666666666666663,0.0,0.0,0.0,0.6931471805599453,try_again_m,8.0,0.125,-0.19999999999999996,0.0,0.8,-0.19999999999999996,-0.19999999999999996,1.0,1.0,0.0,0.0,0.0,0.9995694429186754,0.00043055708132461493,solvability-pair-0072124,7.75,1.0,1.0,1.0,1.0,-0.16666666666666663,1,0.0,TRY_AGAIN,train,solvability-pair-0072124-try_again_m:1,1.0,solvability,0.0,0.0,1.0,-0.16666666666666663
1.0,1.0,0.0,0.0,1.0,2.0,0.875,1,1.0,2.0,2.0,0.125,1.0,solvability-pair-0072124-try_again_m,-0.125,0.0,0.0,0.0,1.0986122886681098,try_again_m,8.0,0.25,-0.19999999999999996,0.0,0.8,-0.19999999999999996,-0.19999999999999996,1.0,1.0,1.0,0.0,0.0,0.991422514586288,0.008577485413711986,solvability-pair-0072124,4.75,1.0,1.0,2.0,2.0,-0.125,2,1.0,TRY_AGAIN,train,solvability-pair-0072124-try_again_m:2,2.0,solvability,0.0,0.0,1.0,-0.125
1.0,1.0,1.0,0.0,1.0,3.0,0.9,1,1.0,3.0,3.0,0.09999999999999998,1.0,solvability-pair-0072124-try_again_m,-0.09999999999999998,0.0,0.0,0.0,1.3862943611198906,try_again_m,8.0,0.375,-0.19999999999999996,0.0,0.8,-0.19999999999999996,-0.19999999999999996,1.0,1.0,1.0,1.0,0.0,0.9770226300899744,0.02297736991002561,solvability-pair-0072124,3.75,1.0,1.0,3.0,3.0,-0.09999999999999998,3,1.0,TRY_AGAIN,train,solvability-pair-0072124-try_again_m:3,3.0,solvability,0.0,0.0,1.0,-0.09999999999999998
1.0,1.0,1.0,0.0,1.0,4.0,0.9166666666666666,1,1.0,4.0,4.0,0.08333333333333337,1.0,solvability-pair-0072124-try_again_m,-0.08333333333333337,0.0,0.0,0.0,1.6094379124341003,try_again_m,8.0,0.5,-0.19999999999999996,0.0,0.8,-0.19999999999999996,-0.19999999999999996,-1.0,1.0,1.0,1.0,0.0,0.8933094060543487,0.10669059394565118,solvability-pair-0072124,2.125,1.0,1.0,4.0,4.0,-0.08333333333333337,4,1.0,TRY_AGAIN,train,solvability-pair-0072124-try_again_m:4,4.0,solvability,0.0,0.0,1.0,-0.08333333333333337
1.0,1.0,1.0,1.0,1.0,5.0,0.7857142857142857,0,1.0,5.0,3.0,0.2142857142857143,1.0,solvability-pair-0072124-try_again_m,-0.2142857142857143,0.0,1.0,0.0,1.791759469228055,try_again_m,8.0,0.625,-0.19999999999999996,0.0,0.8,-0.19999999999999996,-0.19999999999999996,0.0,-1.0,1.0,1.0,1.0,0.13296424019782924,0.8670357598021706,solvability-pair-0072124,-1.875,1.0,-1.0,4.0,4.0,-0.2142857142857143,5,1.0,GIVE_UP,train,solvability-pair-0072124-try_again_m:5,0.0,solvability,0.0,0.0,1.0,-0.2142857142857143
0.0,0.0,0.0,0.0,1.0,0.0,0.75,1,1.0,0.0,0.0,0.25,1.0,solvability-pair-0072124-try_again_n,-0.25,0.0,0.0,0.0,0.0,try_again_n,8.0,0.0,-0.19999999999999996,0.0,0.8,-0.19999999999999996,-0.19999999999999996,1.0,0.0,0.0,0.0,0.0,0.7549149868676283,0.24508501313237172,solvability-pair-0072124,1.125,0.0,0.0,0.0,0.0,-0.25,0,0.0,TRY_AGAIN,train,solvability-pair-0072124-try_again_n:0,0.0,solvability,0.0,0.0,1.0,-0.25
1.0,0.0,0.0,0.0,1.0,1.0,0.8333333333333334,1,1.0,1.0,1.0,0.16666666666666663,1.0,solvability-pair-0072124-try_again_n,-0.16666666666666663,0.0,0.0,0.0,0.6931471805599453,try_again_n,8.0,0.125,-0.19999999999999996,0.0,0.8,-0.19999999999999996,-0.19999999999999996,1.0,1.0,0.0,0.0,0.0,0.9998204720306533,0.0001795279693467774,solvability-pair-0072124,8.625,1.0,1.0,1.0,1.0,-0.16666666666666663,1,0.0,TRY_AGAIN,train,solvability-pair-0072124-try_again_n:1,1.0,solvability,0.0,0.0,1.0,-0.16666666666666663
1.0,1.0,0.0,0.0,1.0,2.0,0.875,1,1.0,2.0,2.0,0.125,1.0,solvability-pair-0072124-try_again_n,-0.125,0.0,0.0,0.0,1.0986122886681098,try_again_n,8.0,0.25,-0.19999999999999996,0.0,0.8,-0.19999999999999996,-0.19999999999999996,1.0,1.0,1.0,0.0,0.0,0.9975273768433653,0.0024726231566347748,solvability-pair-0072124,6.0,1.0,1.0,2.0,2.0,-0.125,2,1.0,TRY_AGAIN,train,solvability-pair-0072124-try_again_n:2,2.0,solvability,0.0,0.0,1.0,-0.125
1.0,1.0,1.0,0.0,1.0,3.0,0.9,1,1.0,3.0,3.0,0.09999999999999998,1.0,solvability-pair-0072124-try_again_n,-0.09999999999999998,0.0,0.0,0.0,1.3862943611198906,try_again_n,8.0,0.375,-0.19999999999999996,0.0,0.8,-0.19999999999999996,-0.19999999999999996,1.0,1.0,1.0,1.0,0.0,0.991422514586288,0.008577485413711986,solvability-pair-0072124,4.75,1.0,1.0,3.0,3.0,-0.09999999999999998,3,1.0,TRY_AGAIN,train,solvability-pair-0072124-try_again_n:3,3.0,solvability,0.0,0.0,1.0,-0.09999999999999998
1.0,1.0,1.0,0.0,1.0,4.0,0.9166666666666666,1,1.0,4.0,4.0,0.08333333333333337,1.0,solvability-pair-0072124-try_again_n,-0.08333333333333337,0.0,0.0,0.0,1.6094379124341003,try_again_n,8.0,0.5,-0.19999999999999996,0.0,0.8,-0.19999999999999996,-0.19999999999999996,-1.0,1.0,1.0,1.0,0.0,0.9324533088603709,0.0675466911396291,solvability-pair-0072124,2.625,1.0,1.0,4.0,4.0,-0.08333333333333337,4,1.0,TRY_AGAIN,train,solvability-pair-0072124-try_again_n:4,4.0,solvability,0.0,0.0,1.0,-0.08333333333333337
1.0,1.0,1.0,1.0,1.0,5.0,0.7857142857142857,0,1.0,5.0,3.0,0.2142857142857143,1.0,solvability-pair-0072124-try_again_n,-0.2142857142857143,0.0,1.0,0.0,1.791759469228055,try_again_n,8.0,0.625,-0.19999999999999996,0.0,0.8,-0.19999999999999996,-0.19999999999999996,0.0,-1.0,1.0,1.0,1.0,0.13296424019782924,0.8670357598021706,solvability-pair-0072124,-1.875,1.0,-1.0,4.0,4.0,-0.2142857142857143,5,1.0,GIVE_UP,train,solvability-pair-0072124-try_again_n:5,0.0,solvability,0.0,0.0,1.0,-0.2142857142857143
0.0,0.0,0.0,0.0,0.0,0.0,0.5,0,0.0,0.0,0.0,1.5,0.0,solvability-pair-0072125-try_again_m,0.5,2.0,0.0,2.0,0.0,try_again_m,8.0,0.0,0.5,2.0,0.5,-1.5,-1.5,0.0,0.0,0.0,0.0,0.0,0.6224593312018546,0.37754066879814546,solvability-pair-0072125,0.5,0.0,0.0,0.0,0.0,-1.5,0,0.0,GIVE_UP,validation,solvability-pair-0072125-try_again_m:0,0.0,solvability,0.0,0.0,1.0,-1.5
0.0,0.0,0.0,0.0,0.0,0.0,0.5,0,0.0,0.0,0.0,1.5,0.0,solvability-pair-0072125-try_again_n,0.5,2.0,0.0,2.0,0.0,try_again_n,8.0,0.0,0.5,2.0,0.5,-1.5,-1.5,0.0,0.0,0.0,0.0,0.0,0.2689414213699951,0.7310585786300049,solvability-pair-0072125,-1.0,0.0,0.0,0.0,0.0,-1.5,0,0.0,GIVE_UP,validation,solvability-pair-0072125-try_again_n:0,0.0,solvability,0.0,0.0,1.0,-1.5
0.0,0.0,0.0,0.0,0.0,0.0,0.5,1,0.0,0.0,0.0,-0.5,0.0,solvability-pair-0072126-try_again_m,0.5,0.0,0.0,0.0,0.0,try_again_m,8.0,0.0,0.5,0.0,0.5,0.5,0.5,1.0,0.0,0.0,0.0,0.0,0.7549149868676283,0.24508501313237172,solvability-pair-0072126,1.125,0.0,0.0,0.0,0.0,0.5,0,0.0,TRY_AGAIN,train,solvability-pair-0072126-try_again_m:0,0.0,solvability,0.0,0.0,1.0,0.5
1.0,0.0,0.0,0.0,0.0,1.0,0.6666666666666666,1,0.0,0.0,1.0,-0.6666666666666666,0.0,solvability-pair-0072126-try_again_m,0.6666666666666666,0.0,0.0,0.0,0.6931471805599453,try_again_m,8.0,0.125,0.5,0.0,0.5,0.5,0.5,1.0,1.0,0.0,0.0,0.0,0.9989677689632452,0.0010322310367548194,solvability-pair-0072126,6.875,1.0,1.0,1.0,1.0,0.6666666666666666,1,0.0,TRY_AGAIN,train,solvability-pair-0072126-try_again_m:1,1.0,solvability,0.0,0.0,1.0,0.6666666666666666
1.0,1.0,0.0,0.0,0.0,2.0,0.75,1,0.0,0.0,2.0,-0.75,0.0,solvability-pair-0072126-try_again_m,0.75,0.0,0.0,0.0,1.0986122886681098,try_again_m,8.0,0.25,0.5,0.0,0.5,0.5,0.5,-1.0,1.0,1.0,0.0,0.0,0.9669140216112958,0.033085978388704126,solvability-pair-0072126,3.375,1.0,1.0,2.0,2.0,0.75,2,1.0,TRY_AGAIN,train,solvability-pair-0072126-try_again_m:2,2.0,solvability,0.0,0.0,1.0,0.75
1.0,1.0,1.0,0.0,0.0,3.0,0.6,0,0.0,0.0,1.0,-0.6,0.0,solvability-pair-0072126-try_again_m,0.6,0.0,1.0,0.0,1.3862943611198906,try_again_m,8.0,0.375,0.5,0.0,0.5,0.5,0.5,0.0,-1.0,1.0,1.0,0.0,0.5926665999540697,0.4073334000459302,solvability-pair-0072126,0.375,1.0,-1.0,2.0,2.0,0.6,3,1.0,GIVE_UP,train,solvability-pair-0072126-try_again_m:3,0.0,solvability,0.0,0.0,1.0,0.6
0.0,0.0,0.0,0.0,0.0,0.0,0.5,1,0.0,0.0,0.0,-0.5,0.0,solvability-pair-0072126-try_again_n,0.5,0.0,0.0,0.0,0.0,try_again_n,8.0,0.0,0.5,0.0,0.5,0.5,0.5,1.0,0.0,0.0,0.0,0.0,0.34864513533394575,0.6513548646660542,solvability-pair-0072126,-0.625,0.0,0.0,0.0,0.0,0.5,0,0.0,TRY_AGAIN,train,solvability-pair-0072126-try_again_n:0,0.0,solvability,0.0,0.0,1.0,0.5
1.0,0.0,0.0,0.0,0.0,1.0,0.6666666666666666,1,0.0,0.0,1.0,-0.6666666666666666,0.0,solvability-pair-0072126-try_again_n,0.6666666666666666,0.0,0.0,0.0,0.6931471805599453,try_again_n,8.0,0.125,0.5,0.0,0.5,0.5,0.5,1.0,1.0,0.0,0.0,0.0,0.9990889488055994,0.0009110511944006454,solvability-pair-0072126,7.0,1.0,1.0,1.0,1.0,0.6666666666666666,1,0.0,TRY_AGAIN,train,solvability-pair-0072126-try_again_n:1,1.0,solvability,0.0,0.0,1.0,0.6666666666666666
1.0,1.0,0.0,0.0,0.0,2.0,0.75,1,0.0,0.0,2.0,-0.75,0.0,solvability-pair-0072126-try_again_n,0.75,0.0,0.0,0.0,1.0986122886681098,try_again_n,8.0,0.25,0.5,0.0,0.5,0.5,0.5,-1.0,1.0,1.0,0.0,0.0,0.9890130573694068,0.01098694263059318,solvability-pair-0072126,4.5,1.0,1.0,2.0,2.0,0.75,2,1.0,TRY_AGAIN,train,solvability-pair-0072126-try_again_n:2,2.0,solvability,0.0,0.0,1.0,0.75
1.0,1.0,1.0,0.0,0.0,3.0,0.6,0,0.0,0.0,1.0,-0.6,0.0,solvability-pair-0072126-try_again_n,0.6,0.0,1.0,0.0,1.3862943611198906,try_again_n,8.0,0.375,0.5,0.0,0.5,0.5,0.5,0.0,-1.0,1.0,1.0,0.0,0.5312093733737563,0.46879062662624377,solvability-pair-0072126,0.125,1.0,-1.0,2.0,2.0,0.6,3,1.0,GIVE_UP,train,solvability-pair-0072126-try_again_n:3,0.0,solvability,0.0,0.0,1.0,0.6
0.0,0.0,0.0,0.0,0.0,0.0,0.25,1,0.0,0.0,0.0,-0.25,-1.0,solvability-pair-0072127-try_again_m,0.25,0.0,0.0,0.0,0.0,try_again_m,8.0,0.0,0.2,0.0,0.2,0.2,0.2,-1.0,0.0,0.0,0.0,0.0,0.5,0.5,solvability-pair-0072127,0.0,0.0,0.0,0.0,0.0,0.25,0,0.0,TRY_AGAIN,train,solvability-pair-0072127-try_again_m:0,0.0,solvability,0.0,0.0,1.0,0.25
1.0,0.0,0.0,0.0,0.0,1.0,0.16666666666666666,0,0.0,0.0,-1.0,-0.16666666666666666,-1.0,solvability-pair-0072127-try_again_m,0.16666666666666666,0.0,1.0,0.0,0.6931471805599453,try_again_m,8.0,0.125,0.2,0.0,0.2,0.2,0.2,0.0,-1.0,0.0,0.0,0.0,0.02595735719779685,0.9740426428022031,solvability-pair-0072127,-3.625,1.0,-1.0,0.0,0.0,0.16666666666666666,1,0.0,GIVE_UP,train,solvability-pair-0072127-try_again_m:1,0.0,solvability,0.0,0.0,1.0,0.16666666666666666
0.0,0.0,0.0,0.0,0.0,0.0,0.25,1,0.0,0.0,0.0,-0.25,-1.0,solvability-pair-0072127-try_again_n,0.25,0.0,0.0,0.0,0.0,try_again_n,8.0,0.0,0.2,0.0,0.2,0.2,0.2,-1.0,0.0,0.0,0.0,0.0,0.22270013882530884,0.7772998611746911,solvability-pair-0072127,-1.25,0.0,0.0,0.0,0.0,0.25,0,0.0,TRY_AGAIN,train,solvability-pair-0072127-try_again_n:0,0.0,solvability,0.0,0.0,1.0,0.25
1.0,0.0,0.0,0.0,0.0,1.0,0.16666666666666666,0,0.0,0.0,-1.0,-0.16666666666666666,-1.0,solvability-pair-0072127-try_again_n,0.16666666666666666,0.0,1.0,0.0,0.6931471805599453,try_again_n,8.0,0.125,0.2,0.0,0.2,0.2,0.2,0.0,-1.0,0.0,0.0,0.0,0.02595735719779685,0.9740426428022031,solvability-pair-0072127,-3.625,1.0,-1.0,0.0,0.0,0.16666666666666666,1,0.0,GIVE_UP,train,solvability-pair-0072127-try_again_n:1,0.0,solvability,0.0,0.0,1.0,0.16666666666666666
0.0,0.0,0.0,0.0,0.0,0.0,0.25,1,0.0,0.0,0.0,1.75,-1.0,solvability-pair-0072128-try_again_m,0.25,2.0,0.0,2.0,0.0,try_again_m,8.0,0.0,0.2,2.0,0.2,-1.8,-1.8,1.0,0.0,0.0,0.0,0.0,0.4073334000459302,0.5926665999540697,solvability-pair-0072128,-0.375,0.0,0.0,0.0,0.0,-1.75,0,0.0,TRY_AGAIN,train,solvability-pair-0072128-try_again_m:0,0.0,solvability,0.0,0.0,1.0,-1.75
1.0,0.0,0.0,0.0,0.0,1.0,0.5,1,0.0,0.0,1.0,1.5,-1.0,solvability-pair-0072128-try_again_m,0.5,2.0,0.0,2.0,0.6931471805599453,try_again_m,8.0,0.125,0.2,2.0,0.2,-1.8,-1.8,-1.0,1.0,0.0,0.0,0.0,0.9971990730328789,0.002800926967120973,solvability-pair-0072128,5.875,1.0,1.0,1.0,1.0,-1.5,1,0.0,TRY_AGAIN,train,solvability-pair-0072128-try_again_m:1,1.0,solvability,0.0,0.0,1.0,-1.5
1.0,1.0,0.0,0.0,0.0,2.0,0.375,0,0.0,0.0,0.0,1.625,-1.0,solvability-pair-0072128-try_again_m,0.375,2.0,1.0,2.0,1.0986122886681098,try_again_m,8.0,0.25,0.2,2.0,0.2,-1.8,-1.8,0.0,-1.0,1.0,0.0,0.0,0.4073334000459302,0.5926665999540697,solvability-pair-0072128,-0.375,1.0,-1.0,1.0,1.0,-1.625,2,1.0,GIVE_UP,train,solvability-pair-0072128-try_again_m:2,0.0,solvability,0.0,0.0,1.0,-1.625
0.0,0.0,0.0,0.0,0.0,0.0,0.25,1,0.0,0.0,0.0,1.75,-1.0,solvability-pair-0072128-try_again_n,0.25,2.0,0.0,2.0,0.0,try_again_n,8.0,0.0,0.2,2.0,0.2,-1.8,-1.8,1.0,0.0,0.0,0.0,0.0,0.20181322226037882,0.7981867777396212,solvability-pair-0072128,-1.375,0.0,0.0,0.0,0.0,-1.75,0,0.0,TRY_AGAIN,train,solvability-pair-0072128-try_again_n:0,0.0,solvability,0.0,0.0,1.0,-1.75
1.0,0.0,0.0,0.0,0.0,1.0,0.5,1,0.0,0.0,1.0,1.5,-1.0,solvability-pair-0072128-try_again_n,0.5,2.0,0.0,2.0,0.6931471805599453,try_again_n,8.0,0.125,0.2,2.0,0.2,-1.8,-1.8,-1.0,1.0,0.0,0.0,0.0,0.9968273171575148,0.0031726828424851893,solvability-pair-0072128,5.75,1.0,1.0,1.0,1.0,-1.5,1,0.0,TRY_AGAIN,train,solvability-pair-0072128-try_again_n:1,1.0,solvability,0.0,0.0,1.0,-1.5
1.0,1.0,0.0,0.0,0.0,2.0,0.375,0,0.0,0.0,0.0,1.625,-1.0,solvability-pair-0072128-try_again_n,0.375,2.0,1.0,2.0,1.0986122886681098,try_again_n,8.0,0.25,0.2,2.0,0.2,-1.8,-1.8,0.0,-1.0,1.0,0.0,0.0,0.5926665999540697,0.4073334000459302,solvability-pair-0072128,0.375,1.0,-1.0,1.0,1.0,-1.625,2,1.0,GIVE_UP,train,solvability-pair-0072128-try_again_n:2,0.0,solvability,0.0,0.0,1.0,-1.625
0.0,0.0,0.0,0.0,1.0,0.0,0.25,0,1.0,0.0,0.0,0.75,-1.0,solvability-pair-0072129-try_again_m,-0.75,0.0,0.0,0.0,0.0,try_again_m,8.0,0.0,-0.8,0.0,0.2,-0.8,-0.8,0.0,0.0,0.0,0.0,0.0,0.37754066879814546,0.6224593312018546,solvability-pair-0072129,-0.5,0.0,0.0,0.0,0.0,-0.75,0,0.0,GIVE_UP,train,solvability-pair-0072129-try_again_m:0,0.0,solvability,0.0,0.0,1.0,-0.75
0.0,0.0,0.0,0.0,1.0,0.0,0.25,0,1.0,0.0,0.0,0.75,-1.0,solvability-pair-0072129-try_again_n,-0.75,0.0,0.0,0.0,0.0,try_again_n,8.0,0.0,-0.8,0.0,0.2,-0.8,-0.8,0.0,0.0,0.0,0.0,0.0,0.22270013882530884,0.7772998611746911,solvability-pair-0072129,-1.25,0.0,0.0,0.0,0.0,-0.75,0,0.0,GIVE_UP,train,solvability-pair-0072129-try_again_n:0,0.0,solvability,0.0,0.0,1.0,-0.75
0.0,0.0,0.0,0.0,0.0,0.0,0.75,1,0.0,0.0,0.0,-0.75,1.0,solvability-pair-0072130-try_again_m,0.75,0.0,0.0,0.0,0.0,try_again_m,8.0,0.0,0.8,0.0,0.8,0.8,0.8,1.0,0.0,0.0,0.0,0.0,0.9840936082881853,0.01590639171181471,solvability-pair-0072130,4.125,0.0,0.0,0.0,0.0,0.75,0,0.0,TRY_AGAIN,train,solvability-pair-0072130-try_again_m:0,0.0,solvability,0.0,0.0,1.0,0.75
1.0,0.0,0.0,0.0,0.0,1.0,0.8333333333333334,1,0.0,0.0,1.0,-0.8333333333333334,1.0,solvability-pair-0072130-try_again_m,0.8333333333333334,0.0,0.0,0.0,0.6931471805599453,try_again_m,8.0,0.125,0.8,0.0,0.8,0.8,0.8,1.0,1.0,0.0,0.0,0.0,0.9997965730219448,0.0002034269780552065,solvability-pair-0072130,8.5,1.0,1.0,1.0,1.0,0.8333333333333334,1,0.0,TRY_AGAIN,train,solvability-pair-0072130-try_again_m:1,1.0,solvability,0.0,0.0,1.0,0.8333333333333334
1.0,1.0,0.0,0.0,0.0,2.0,0.875,1,0.0,0.0,2.0,-0.875,1.0,solvability-pair-0072130-try_again_m,0.875,0.0,0.0,0.0,1.0986122886681098,try_again_m,8.0,0.25,0.8,0.0,0.8,0.8,0.8,-1.0,1.0,1.0,0.0,0.0,0.9968273171575148,0.0031726828424851893,solvability-pair-0072130,5.75,1.0,1.0,2.0,2.0,0.875,2,1.0,TRY_AGAIN,train,solvability-pair-0072130-try_again_m:2,2.0,solvability,0.0,0.0,1.0,0.875
1.0,1.0,1.0,0.0,0.0,3.0,0.7,1,0.0,0.0,1.0,-0.7,1.0,solvability-pair-0072130-try_again_m,0.7,0.0,1.0,0.0,1.3862943611198906,try_again_m,8.0,0.375,0.8,0.0,0.8,0.8,0.8,1.0,-1.0,1.0,1.0,0.0,0.7772998611746911,0.22270013882530884,solvability-pair-0072130,1.25,1.0,-1.0,2.0,2.0,0.7,3,1.0,TRY_AGAIN,train,solvability-pair-0072130-try_again_m:3,0.0,solvability,0.0,0.0,1.0,0.7
1.0,1.0,1.0,0.0,0.0,4.0,0.75,1,0.0,0.0,2.0,-0.75,1.0,solvability-pair-0072130-try_again_m,0.75,0.0,0.0,0.0,1.6094379124341003,try_again_m,8.0,0.5,0.8,0.0,0.8,0.8,0.8,1.0,1.0,-1.0,1.0,0.0,0.9669140216112958,0.033085978388704126,solvability-pair-0072130,3.375,1.0,1.0,3.0,3.0,0.75,4,1.0,TRY_AGAIN,train,solvability-pair-0072130-try_again_m:4,1.0,solvability,0.0,0.0,1.0,0.75
1.0,1.0,1.0,1.0,0.0,5.0,0.7857142857142857,1,0.0,0.0,3.0,-0.7857142857142857,1.0,solvability-pair-0072130-try_again_m,0.7857142857142857,0.0,0.0,0.0,1.791759469228055,try_again_m,8.0,0.625,0.8,0.0,0.8,0.8,0.8,1.0,1.0,1.0,-1.0,1.0,0.8807970779778823,0.11920292202211755,solvability-pair-0072130,2.0,1.0,1.0,4.0,4.0,0.7857142857142857,5,1.0,TRY_AGAIN,train,solvability-pair-0072130-try_again_m:5,2.0,solvability,0.0,0.0,1.0,0.7857142857142857
1.0,1.0,1.0,1.0,0.0,6.0,0.8125,0,0.0,0.0,4.0,-0.8125,1.0,solvability-pair-0072130-try_again_m,0.8125,0.0,0.0,0.0,1.9459101490553132,try_again_m,8.0,0.75,0.8,0.0,0.8,0.8,0.8,0.0,1.0,1.0,1.0,1.0,0.9149009549929797,0.08509904500702024,solvability-pair-0072130,2.375,1.0,1.0,5.0,5.0,0.8125,6,1.0,GIVE_UP,train,solvability-pair-0072130-try_again_m:6,3.0,solvability,0.0,0.0,1.0,0.8125
0.0,0.0,0.0,0.0,0.0,0.0,0.75,1,0.0,0.0,0.0,-0.75,1.0,solvability-pair-0072130-try_again_n,0.75,0.0,0.0,0.0,0.0,try_again_n,8.0,0.0,0.8,0.0,0.8,0.8,0.8,1.0,0.0,0.0,0.0,0.0,0.8175744761936437,0.18242552380635632,solvability-pair-0072130,1.5,0.0,0.0,0.0,0.0,0.75,0,0.0,TRY_AGAIN,train,solvability-pair-0072130-try_again_n:0,0.0,solvability,0.0,0.0,1.0,0.75
1.0,0.0,0.0,0.0,0.0,1.0,0.8333333333333334,1,0.0,0.0,1.0,-0.8333333333333334,1.0,solvability-pair-0072130-try_again_n,0.8333333333333334,0.0,0.0,0.0,0.6931471805599453,try_again_n,8.0,0.125,0.8,0.0,0.8,0.8,0.8,1.0,1.0,0.0,0.0,0.0,0.9999251537724895,7.484622751061124e-05,solvability-pair-0072130,9.5,1.0,1.0,1.0,1.0,0.8333333333333334,1,0.0,TRY_AGAIN,train,solvability-pair-0072130-try_again_n:1,1.0,solvability,0.0,0.0,1.0,0.8333333333333334
1.0,1.0,0.0,0.0,0.0,2.0,0.875,1,0.0,0.0,2.0,-0.875,1.0,solvability-pair-0072130-try_again_n,0.875,0.0,0.0,0.0,1.0986122886681098,try_again_n,8.0,0.25,0.8,0.0,0.8,0.8,0.8,-1.0,1.0,1.0,0.0,0.0,0.9990889488055994,0.0009110511944006454,solvability-pair-0072130,7.0,1.0,1.0,2.0,2.0,0.875,2,1.0,TRY_AGAIN,train,solvability-pair-0072130-try_again_n:2,2.0,solvability,0.0,0.0,1.0,0.875
1.0,1.0,1.0,0.0,0.0,3.0,0.7,1,0.0,0.0,1.0,-0.7,1.0,solvability-pair-0072130-try_again_n,0.7,0.0,1.0,0.0,1.3862943611198906,try_again_n,8.0,0.375,0.8,0.0,0.8,0.8,0.8,1.0,-1.0,1.0,1.0,0.0,0.7981867777396212,0.20181322226037882,solvability-pair-0072130,1.375,1.0,-1.0,2.0,2.0,0.7,3,1.0,TRY_AGAIN,train,solvability-pair-0072130-try_again_n:3,0.0,solvability,0.0,0.0,1.0,0.7
1.0,1.0,1.0,0.0,0.0,4.0,0.75,1,0.0,0.0,2.0,-0.75,1.0,solvability-pair-0072130-try_again_n,0.75,0.0,0.0,0.0,1.6094379124341003,try_again_n,8.0,0.5,0.8,0.0,0.8,0.8,0.8,1.0,1.0,-1.0,1.0,0.0,0.9626731126558706,0.037326887344129464,solvability-pair-0072130,3.25,1.0,1.0,3.0,3.0,0.75,4,1.0,TRY_AGAIN,train,solvability-pair-0072130-try_again_n:4,1.0,solvability,0.0,0.0,1.0,0.75
1.0,1.0,1.0,1.0,0.0,5.0,0.7857142857142857,1,0.0,0.0,3.0,-0.7857142857142857,1.0,solvability-pair-0072130-try_again_n,0.7857142857142857,0.0,0.0,0.0,1.791759469228055,try_again_n,8.0,0.625,0.8,0.0,0.8,0.8,0.8,1.0,1.0,1.0,-1.0,1.0,0.7981867777396212,0.20181322226037882,solvability-pair-0072130,1.375,1.0,1.0,4.0,4.0,0.7857142857142857,5,1.0,TRY_AGAIN,train,solvability-pair-0072130-try_again_n:5,2.0,solvability,0.0,0.0,1.0,0.7857142857142857
1.0,1.0,1.0,1.0,0.0,6.0,0.8125,0,0.0,0.0,4.0,-0.8125,1.0,solvability-pair-0072130-try_again_n,0.8125,0.0,0.0,0.0,1.9459101490553132,try_again_n,8.0,0.75,0.8,0.0,0.8,0.8,0.8,0.0,1.0,1.0,1.0,1.0,0.8175744761936437,0.18242552380635632,solvability-pair-0072130,1.5,1.0,1.0,5.0,5.0,0.8125,6,1.0,GIVE_UP,train,solvability-pair-0072130-try_again_n:6,3.0,solvability,0.0,0.0,1.0,0.8125
0.0,0.0,0.0,0.0,1.0,0.0,0.75,1,1.0,0.0,0.0,2.25,1.0,solvability-pair-0072131-try_again_m,-0.25,2.0,0.0,2.0,0.0,try_again_m,8.0,0.0,-0.19999999999999996,2.0,0.8,-2.2,-2.2,1.0,0.0,0.0,0.0,0.0,0.9399133498259924,0.06008665017400762,solvability-pair-0072131,2.75,0.0,0.0,0.0,0.0,-2.25,0,0.0,TRY_AGAIN,train,solvability-pair-0072131-try_again_m:0,0.0,solvability,0.0,0.0,1.0,-2.25
1.0,0.0,0.0,0.0,1.0,1.0,0.8333333333333334,1,1.0,1.0,1.0,2.1666666666666665,1.0,solvability-pair-0072131-try_again_m,-0.16666666666666663,2.0,0.0,2.0,0.6931471805599453,try_again_m,8.0,0.125,-0.19999999999999996,2.0,0.8,-2.2,-2.2,1.0,1.0,0.0,0.0,0.0,0.9993736658418905,0.0006263341581094201,solvability-pair-0072131,7.375,1.0,1.0,1.0,1.0,-2.1666666666666665,1,0.0,TRY_AGAIN,train,solvability-pair-0072131-try_again_m:1,1.0,solvability,0.0,0.0,1.0,-2.1666666666666665
1.0,1.0,0.0,0.0,1.0,2.0,0.875,1,1.0,2.0,2.0,2.125,1.0,solvability-pair-0072131-try_again_m,-0.125,2.0,0.0,2.0,1.0986122886681098,try_again_m,8.0,0.25,-0.19999999999999996,2.0,0.8,-2.2,-2.2,-1.0,1.0,1.0,0.0,0.0,0.9770226300899744,0.02297736991002561,solvability-pair-0072131,3.75,1.0,1.0,2.0,2.0,-2.125,2,1.0,TRY_AGAIN,train,solvability-pair-0072131-try_again_m:2,2.0,solvability,0.0,0.0,1.0,-2.125
1.0,1.0,1.0,0.0,1.0,3.0,0.7,1,1.0,3.0,1.0,2.3,1.0,solvability-pair-0072131-try_again_m,-0.30000000000000004,2.0,1.0,2.0,1.3862943611198906,try_again_m,8.0,0.375,-0.19999999999999996,2.0,0.8,-2.2,-2.2,1.0,-1.0,1.0,1.0,0.0,0.5312093733737563,0.46879062662624377,solvability-pair-0072131,0.125,1.0,-1.0,2.0,2.0,-2.3,3,1.0,TRY_AGAIN,train,solvability-pair-0072131-try_again_m:3,0.0,solvability,0.0,0.0,1.0,-2.3
1.0,1.0,1.0,0.0,1.0,4.0,0.75,1,1.0,4.0,2.0,2.25,1.0,solvability-pair-0072131-try_again_m,-0.25,2.0,0.0,2.0,1.6094379124341003,try_again_m,8.0,0.5,-0.19999999999999996,2.0,0.8,-2.2,-2.2,-1.0,1.0,-1.0,1.0,0.0,0.8175744761936437,0.18242552380635632,solvability-pair-0072131,1.5,1.0,1.0,3.0,3.0,-2.25,4,1.0,TRY_AGAIN,train,solvability-pair-0072131-try_again_m:4,1.0,solvability,0.0,0.0,1.0,-2.25
1.0,1.0,1.0,1.0,1.0,5.0,0.6428571428571429,1,1.0,5.0,1.0,2.357142857142857,1.0,solvability-pair-0072131-try_again_m,-0.3571428571428571,2.0,1.0,2.0,1.791759469228055,try_again_m,8.0,0.625,-0.19999999999999996,2.0,0.8,-2.2,-2.2,1.0,-1.0,1.0,-1.0,1.0,0.32082130082460697,0.679178699175393,solvability-pair-0072131,-0.75,1.0,-1.0,3.0,3.0,-2.357142857142857,5,1.0,TRY_AGAIN,train,solvability-pair-0072131-try_again_m:5,0.0,solvability,0.0,0.0,1.0,-2.357142857142857
1.0,1.0,1.0,1.0,1.0,6.0,0.6875,1,1.0,6.0,2.0,2.3125,1.0,solvability-pair-0072131-try_again_m,-0.3125,2.0,0.0,2.0,1.9459101490553132,try_again_m,8.0,0.75,-0.19999999999999996,2.0,0.8,-2.2,-2.2,-1.0,1.0,-1.0,1.0,1.0,0.6513548646660542,0.34864513533394575,solvability-pair-0072131,0.625,1.0,1.0,4.0,4.0,-2.3125,6,1.0,TRY_AGAIN,train,solvability-pair-0072131-try_again_m:6,1.0,solvability,0.0,0.0,1.0,-2.3125
1.0,1.0,1.0,1.0,1.0,7.0,0.6111111111111112,0,1.0,7.0,1.0,2.388888888888889,1.0,solvability-pair-0072131-try_again_m,-0.38888888888888884,2.0,1.0,2.0,2.0794415416798357,try_again_m,8.0,0.875,-0.19999999999999996,2.0,0.8,-2.2,-2.2,0.0,-1.0,1.0,-1.0,-1.0,0.29421497216298875,0.7057850278370112,solvability-pair-0072131,-0.875,1.0,-1.0,4.0,4.0,-2.388888888888889,7,1.0,GIVE_UP,train,solvability-pair-0072131-try_again_m:7,0.0,solvability,0.0,0.0,1.0,-2.388888888888889
0.0,0.0,0.0,0.0,1.0,0.0,0.75,1,1.0,0.0,0.0,2.25,1.0,solvability-pair-0072131-try_again_n,-0.25,2.0,0.0,2.0,0.0,try_again_n,8.0,0.0,-0.19999999999999996,2.0,0.8,-2.2,-2.2,1.0,0.0,0.0,0.0,0.0,0.679178699175393,0.32082130082460697,solvability-pair-0072131,0.75,0.0,0.0,0.0,0.0,-2.25,0,0.0,TRY_AGAIN,train,solvability-pair-0072131-try_again_n:0,0.0,solvability,0.0,0.0,1.0,-2.25
1.0,0.0,0.0,0.0,1.0,1.0,0.8333333333333334,1,1.0,1.0,1.0,2.1666666666666665,1.0,solvability-pair-0072131-try_again_n,-0.16666666666666663,2.0,0.0,2.0,0.6931471805599453,try_again_n,8.0,0.125,-0.19999999999999996,2.0,0.8,-2.2,-2.2,1.0,1.0,0.0,0.0,0.0,0.9995694429186754,0.00043055708132461493,solvability-pair-0072131,7.75,1.0,1.0,1.0,1.0,-2.1666666666666665,1,0.0,TRY_AGAIN,train,solvability-pair-0072131-try_again_n:1,1.0,solvability,0.0,0.0,1.0,-2.1666666666666665
1.0,1.0,0.0,0.0,1.0,2.0,0.875,1,1.0,2.0,2.0,2.125,1.0,solvability-pair-0072131-try_again_n,-0.125,2.0,0.0,2.0,1.0986122886681098,try_again_n,8.0,0.25,-0.19999999999999996,2.0,0.8,-2.2,-2.2,-1.0,1.0,1.0,0.0,0.0,0.9933071490757153,0.006692850924284856,solvability-pair-0072131,5.0,1.0,1.0,2.0,2.0,-2.125,2,1.0,TRY_AGAIN,train,solvability-pair-0072131-try_again_n:2,2.0,solvability,0.0,0.0,1.0,-2.125
1.0,1.0,1.0,0.0,1.0,3.0,0.7,1,1.0,3.0,1.0,2.3,1.0,solvability-pair-0072131-try_again_n,-0.30000000000000004,2.0,1.0,2.0,1.3862943611198906,try_again_n,8.0,0.375,-0.19999999999999996,2.0,0.8,-2.2,-2.2,1.0,-1.0,1.0,1.0,0.0,0.4378234991142019,0.5621765008857981,solvability-pair-0072131,-0.25,1.0,-1.0,2.0,2.0,-2.3,3,1.0,TRY_AGAIN,train,solvability-pair-0072131-try_again_n:3,0.0,solvability,0.0,0.0,1.0,-2.3
1.0,1.0,1.0,0.0,1.0,4.0,0.75,1,1.0,4.0,2.0,2.25,1.0,solvability-pair-0072131-try_again_n,-0.25,2.0,0.0,2.0,1.6094379124341003,try_again_n,8.0,0.5,-0.19999999999999996,2.0,0.8,-2.2,-2.2,-1.0,1.0,-1.0,1.0,0.0,0.8519528019683106,0.1480471980316895,solvability-pair-0072131,1.75,1.0,1.0,3.0,3.0,-2.25,4,1.0,TRY_AGAIN,train,solvability-pair-0072131-try_again_n:4,1.0,solvability,0.0,0.0,1.0,-2.25
1.0,1.0,1.0,1.0,1.0,5.0,0.6428571428571429,0,1.0,5.0,1.0,2.357142857142857,1.0,solvability-pair-0072131-try_again_n,-0.3571428571428571,2.0,1.0,2.0,1.791759469228055,try_again_n,8.0,0.625,-0.19999999999999996,2.0,0.8,-2.2,-2.2,0.0,-1.0,1.0,-1.0,1.0,0.29421497216298875,0.7057850278370112,solvability-pair-0072131,-0.875,1.0,-1.0,3.0,3.0,-2.357142857142857,5,1.0,GIVE_UP,train,solvability-pair-0072131-try_again_n:5,0.0,solvability,0.0,0.0,1.0,-2.357142857142857
0.0,0.0,0.0,0.0,0.0,0.0,0.75,1,0.0,0.0,0.0,1.25,1.0,solvability-pair-0072132-try_again_m,0.75,2.0,0.0,2.0,0.0,try_again_m,8.0,0.0,0.8,2.0,0.8,-1.2,-1.2,1.0,0.0,0.0,0.0,0.0,0.9770226300899744,0.02297736991002561,solvability-pair-0072132,3.75,0.0,0.0,0.0,0.0,-1.25,0,0.0,TRY_AGAIN,train,solvability-pair-0072132-try_again_m:0,0.0,solvability,0.0,0.0,1.0,-1.25
1.0,0.0,0.0,0.0,0.0,1.0,0.8333333333333334,1,0.0,0.0,1.0,1.1666666666666665,1.0,solvability-pair-0072132-try_again_m,0.8333333333333334,2.0,0.0,2.0,0.6931471805599453,try_again_m,8.0,0.125,0.8,2.0,0.8,-1.2,-1.2,-1.0,1.0,0.0,0.0,0.0,0.9996646498695336,0.00033535013046647816,solvability-pair-0072132,8.0,1.0,1.0,1.0,1.0,-1.1666666666666665,1,0.0,TRY_AGAIN,train,solvability-pair-0072132-try_again_m:1,1.0,solvability,0.0,0.0,1.0,-1.1666666666666665
1.0,1.0,0.0,0.0,0.0,2.0,0.625,1,0.0,0.0,0.0,1.375,1.0,solvability-pair-0072132-try_again_m,0.625,2.0,1.0,2.0,1.0986122886681098,try_again_m,8.0,0.25,0.8,2.0,0.8,-1.2,-1.2,1.0,-1.0,1.0,0.0,0.0,0.7310585786300049,0.2689414213699951,solvability-pair-0072132,1.0,1.0,-1.0,1.0,1.0,-1.375,2,1.0,TRY_AGAIN,train,solvability-pair-0072132-try_again_m:2,0.0,solvability,0.0,0.0,1.0,-1.375
1.0,1.0,1.0,0.0,0.0,3.0,0.7,1,0.0,0.0,1.0,1.3,1.0,solvability-pair-0072132-try_again_m,0.7,2.0,0.0,2.0,1.3862943611198906,try_again_m,8.0,0.375,0.8,2.0,0.8,-1.2,-1.2,1.0,1.0,-1.0,1.0,0.0,0.9740426428022031,0.02595735719779685,solvability-pair-0072132,3.625,1.0,1.0,2.0,2.0,-1.3,3,1.0,TRY_AGAIN,train,solvability-pair-0072132-try_again_m:3,1.0,solvability,0.0,0.0,1.0,-1.3
1.0,1.0,1.0,0.0,0.0,4.0,0.75,1,0.0,0.0,2.0,1.25,1.0,solvability-pair-0072132-try_again_m,0.75,2.0,0.0,2.0,1.6094379124341003,try_again_m,8.0,0.5,0.8,2.0,0.8,-1.2,-1.2,-1.0,1.0,1.0,-1.0,0.0,0.9525741268224334,0.04742587317756679,solvability-pair-0072132,3.0,1.0,1.0,3.0,3.0,-1.25,4,1.0,TRY_AGAIN,train,solvability-pair-0072132-try_again_m:4,2.0,solvability,0.0,0.0,1.0,-1.25
1.0,1.0,1.0,1.0,0.0,5.0,0.6428571428571429,0,0.0,0.0,1.0,1.3571428571428572,1.0,solvability-pair-0072132-try_again_m,0.6428571428571429,2.0,1.0,2.0,1.791759469228055,try_again_m,8.0,0.625,0.8,2.0,0.8,-1.2,-1.2,0.0,-1.0,1.0,1.0,1.0,0.5926665999540697,0.4073334000459302,solvability-pair-0072132,0.375,1.0,-1.0,3.0,3.0,-1.3571428571428572,5,1.0,GIVE_UP,train,solvability-pair-0072132-try_again_m:5,0.0,solvability,0.0,0.0,1.0,-1.3571428571428572
0.0,0.0,0.0,0.0,0.0,0.0,0.75,1,0.0,0.0,0.0,1.25,1.0,solvability-pair-0072132-try_again_n,0.75,2.0,0.0,2.0,0.0,try_again_n,8.0,0.0,0.8,2.0,0.8,-1.2,-1.2,1.0,0.0,0.0,0.0,0.0,0.7772998611746911,0.22270013882530884,solvability-pair-0072132,1.25,0.0,0.0,0.0,0.0,-1.25,0,0.0,TRY_AGAIN,train,solvability-pair-0072132-try_again_n:0,0.0,solvability,0.0,0.0,1.0,-1.25
1.0,0.0,0.0,0.0,0.0,1.0,0.8333333333333334,1,0.0,0.0,1.0,1.1666666666666665,1.0,solvability-pair-0072132-try_again_n,0.8333333333333334,2.0,0.0,2.0,0.6931471805599453,try_again_n,8.0,0.125,0.8,2.0,0.8,-1.2,-1.2,-1.0,1.0,0.0,0.0,0.0,0.9997694932780068,0.0002305067219931397,solvability-pair-0072132,8.375,1.0,1.0,1.0,1.0,-1.1666666666666665,1,0.0,TRY_AGAIN,train,solvability-pair-0072132-try_again_n:1,1.0,solvability,0.0,0.0,1.0,-1.1666666666666665
1.0,1.0,0.0,0.0,0.0,2.0,0.625,1,0.0,0.0,0.0,1.375,1.0,solvability-pair-0072132-try_again_n,0.625,2.0,1.0,2.0,1.0986122886681098,try_again_n,8.0,0.25,0.8,2.0,0.8,-1.2,-1.2,1.0,-1.0,1.0,0.0,0.0,0.9046505351008906,0.0953494648991095,solvability-pair-0072132,2.25,1.0,-1.0,1.0,1.0,-1.375,2,1.0,TRY_AGAIN,train,solvability-pair-0072132-try_again_n:2,0.0,solvability,0.0,0.0,1.0,-1.375
1.0,1.0,1.0,0.0,0.0,3.0,0.7,1,0.0,0.0,1.0,1.3,1.0,solvability-pair-0072132-try_again_n,0.7,2.0,0.0,2.0,1.3862943611198906,try_again_n,8.0,0.375,0.8,2.0,0.8,-1.2,-1.2,1.0,1.0,-1.0,1.0,0.0,0.9947798743064417,0.005220125693558397,solvability-pair-0072132,5.25,1.0,1.0,2.0,2.0,-1.3,3,1.0,TRY_AGAIN,train,solvability-pair-0072132-try_again_n:3,1.0,solvability,0.0,0.0,1.0,-1.3
1.0,1.0,1.0,0.0,0.0,4.0,0.75,1,0.0,0.0,2.0,1.25,1.0,solvability-pair-0072132-try_again_n,0.75,2.0,0.0,2.0,1.6094379124341003,try_again_n,8.0,0.5,0.8,2.0,0.8,-1.2,-1.2,-1.0,1.0,1.0,-1.0,0.0,0.9626731126558706,0.037326887344129464,solvability-pair-0072132,3.25,1.0,1.0,3.0,3.0,-1.25,4,1.0,TRY_AGAIN,train,solvability-pair-0072132-try_again_n:4,2.0,solvability,0.0,0.0,1.0,-1.25
1.0,1.0,1.0,1.0,0.0,5.0,0.6428571428571429,0,0.0,0.0,1.0,1.3571428571428572,1.0,solvability-pair-0072132-try_again_n,0.6428571428571429,2.0,1.0,2.0,1.791759469228055,try_again_n,8.0,0.625,0.8,2.0,0.8,-1.2,-1.2,0.0,-1.0,1.0,1.0,1.0,0.5926665999540697,0.4073334000459302,solvability-pair-0072132,0.375,1.0,-1.0,3.0,3.0,-1.3571428571428572,5,1.0,GIVE_UP,train,solvability-pair-0072132-try_again_n:5,0.0,solvability,0.0,0.0,1.0,-1.3571428571428572
0.0,0.0,0.0,0.0,1.0,0.0,0.5,0,1.0,0.0,0.0,2.5,0.0,solvability-pair-0072133-try_again_m,-0.5,2.0,0.0,2.0,0.0,try_again_m,8.0,0.0,-0.5,2.0,0.5,-2.5,-2.5,0.0,0.0,0.0,0.0,0.0,0.46879062662624377,0.5312093733737563,solvability-pair-0072133,-0.125,0.0,0.0,0.0,0.0,-2.5,0,0.0,GIVE_UP,train,solvability-pair-0072133-try_again_m:0,0.0,solvability,0.0,0.0,1.0,-2.5
0.0,0.0,0.0,0.0,1.0,0.0,0.5,0,1.0,0.0,0.0,2.5,0.0,solvability-pair-0072133-try_again_n,-0.5,2.0,0.0,2.0,0.0,try_again_n,8.0,0.0,-0.5,2.0,0.5,-2.5,-2.5,0.0,0.0,0.0,0.0,0.0,0.22270013882530884,0.7772998611746911,solvability-pair-0072133,-1.25,0.0,0.0,0.0,0.0,-2.5,0,0.0,GIVE_UP,train,solvability-pair-0072133-try_again_n:0,0.0,solvability,0.0,0.0,1.0,-2.5
0.0,0.0,0.0,0.0,1.0,0.0,0.5,0,1.0,0.0,0.0,0.5,0.0,solvability-pair-0072134-try_again_m,-0.5,0.0,0.0,0.0,0.0,try_again_m,8.0,0.0,-0.5,0.0,0.5,-0.5,-0.5,0.0,0.0,0.0,0.0,0.0,0.5621765008857981,0.4378234991142019,solvability-pair-0072134,0.25,0.0,0.0,0.0,0.0,-0.5,0,0.0,GIVE_UP,train,solvability-pair-0072134-try_again_m:0,0.0,solvability,0.0,0.0,1.0,-0.5
0.0,0.0,0.0,0.0,1.0,0.0,0.5,0,1.0,0.0,0.0,0.5,0.0,solvability-pair-0072134-try_again_n,-0.5,0.0,0.0,0.0,0.0,try_again_n,8.0,0.0,-0.5,0.0,0.5,-0.5,-0.5,0.0,0.0,0.0,0.0,0.0,0.2689414213699951,0.7310585786300049,solvability-pair-0072134,-1.0,0.0,0.0,0.0,0.0,-0.5,0,0.0,GIVE_UP,train,solvability-pair-0072134-try_again_n:0,0.0,solvability,0.0,0.0,1.0,-0.5
0.0,0.0,0.0,0.0,1.0,0.0,0.25,0,1.0,0.0,0.0,2.75,-1.0,solvability-pair-0072135-try_again_m,-0.75,2.0,0.0,2.0,0.0,try_again_m,8.0,0.0,-0.8,2.0,0.2,-2.8,-2.8,0.0,0.0,0.0,0.0,0.0,0.32082130082460697,0.679178699175393,solvability-pair-0072135,-0.75,0.0,0.0,0.0,0.0,-2.75,0,0.0,GIVE_UP,train,solvability-pair-0072135-try_again_m:0,0.0,solvability,0.0,0.0,1.0,-2.75
0.0,0.0,0.0,0.0,1.0,0.0,0.25,0,1.0,0.0,0.0,2.75,-1.0,solvability-pair-0072135-try_again_n,-0.75,2.0,0.0,2.0,0.0,try_again_n,8.0,0.0,-0.8,2.0,0.2,-2.8,-2.8,0.0,0.0,0.0,0.0,0.0,0.18242552380635632,0.8175744761936437,solvability-pair-0072135,-1.5,0.0,0.0,0.0,0.0,-2.75,0,0.0,GIVE_UP,train,solvability-pair-0072135-try_again_n:0,0.0,solvability,0.0,0.0,1.0,-2.75
0.0,0.0,0.0,0.0,1.0,0.0,0.75,1,1.0,0.0,0.0,0.25,1.0,solvability-pair-0072136-try_again_m,-0.25,0.0,0.0,0.0,0.0,try_again_m,8.0,0.0,-0.19999999999999996,0.0,0.8,-0.19999999999999996,-0.19999999999999996,-1.0,0.0,0.0,0.0,0.0,0.9626731126558706,0.037326887344129464,solvability-pair-0072136,3.25,0.0,0.0,0.0,0.0,-0.25,0,0.0,TRY_AGAIN,test,solvability-pair-0072136-try_again_m:0,0.0,solvability,0.0,0.0,1.0,-0.25
1.0,0.0,0.0,0.0,1.0,1.0,0.5,0,1.0,1.0,-1.0,0.5,1.0,solvability-pair-0072136-try_again_m,-0.5,0.0,1.0,0.0,0.6931471805599453,try_again_m,8.0,0.125,-0.19999999999999996,0.0,0.8,-0.19999999999999996,-0.19999999999999996,0.0,-1.0,0.0,0.0,0.0,0.06008665017400762,0.9399133498259924,solvability-pair-0072136,-2.75,1.0,-1.0,0.0,0.0,-0.5,1,0.0,GIVE_UP,test,solvability-pair-0072136-try_again_m:1,0.0,solvability,0.0,0.0,1.0,-0.5
0.0,0.0,0.0,0.0,1.0,0.0,0.75,1,1.0,0.0,0.0,0.25,1.0,solvability-pair-0072136-try_again_n,-0.25,0.0,0.0,0.0,0.0,try_again_n,8.0,0.0,-0.19999999999999996,0.0,0.8,-0.19999999999999996,-0.19999999999999996,-1.0,0.0,0.0,0.0,0.0,0.7549149868676283,0.24508501313237172,solvability-pair-0072136,1.125,0.0,0.0,0.0,0.0,-0.25,0,0.0,TRY_AGAIN,test,solvability-pair-0072136-try_again_n:0,0.0,solvability,0.0,0.0,1.0,-0.25
1.0,0.0,0.0,0.0,1.0,1.0,0.5,0,1.0,1.0,-1.0,0.5,1.0,solvability-pair-0072136-try_again_n,-0.5,0.0,1.0,0.0,0.6931471805599453,try_again_n,8.0,0.125,-0.19999999999999996,0.0,0.8,-0.19999999999999996,-0.19999999999999996,0.0,-1.0,0.0,0.0,0.0,0.08509904500702024,0.9149009549929797,solvability-pair-0072136,-2.375,1.0,-1.0,0.0,0.0,-0.5,1,0.0,GIVE_UP,test,solvability-pair-0072136-try_again_n:1,0.0,solvability,0.0,0.0,1.0,-0.5
0.0,0.0,0.0,0.0,0.0,0.0,0.5,1,0.0,0.0,0.0,1.5,0.0,solvability-pair-0072137-try_again_m,0.5,2.0,0.0,2.0,0.0,try_again_m,8.0,0.0,0.5,2.0,0.5,-1.5,-1.5,1.0,0.0,0.0,0.0,0.0,0.6224593312018546,0.37754066879814546,solvability-pair-0072137,0.5,0.0,0.0,0.0,0.0,-1.5,0,0.0,TRY_AGAIN,test,solvability-pair-0072137-try_again_m:0,0.0,solvability,0.0,0.0,1.0,-1.5
1.0,0.0,0.0,0.0,0.0,1.0,0.6666666666666666,1,0.0,0.0,1.0,1.3333333333333335,0.0,solvability-pair-0072137-try_again_m,0.6666666666666666,2.0,0.0,2.0,0.6931471805599453,try_again_m,8.0,0.125,0.5,2.0,0.5,-1.5,-1.5,-1.0,1.0,0.0,0.0,0.0,0.9980732653366725,0.0019267346633274755,solvability-pair-0072137,6.25,1.0,1.0,1.0,1.0,-1.3333333333333335,1,0.0,TRY_AGAIN,test,solvability-pair-0072137-try_again_m:1,1.0,solvability,0.0,0.0,1.0,-1.3333333333333335
1.0,1.0,0.0,0.0,0.0,2.0,0.5,0,0.0,0.0,0.0,1.5,0.0,solvability-pair-0072137-try_again_m,0.5,2.0,1.0,2.0,1.0986122886681098,try_again_m,8.0,0.25,0.5,2.0,0.5,-1.5,-1.5,0.0,-1.0,1.0,0.0,0.0,0.6224593312018546,0.37754066879814546,solvability-pair-0072137,0.5,1.0,-1.0,1.0,1.0,-1.5,2,1.0,GIVE_UP,test,solvability-pair-0072137-try_again_m:2,0.0,solvability,0.0,0.0,1.0,-1.5
0.0,0.0,0.0,0.0,0.0,0.0,0.5,0,0.0,0.0,0.0,1.5,0.0,solvability-pair-0072137-try_again_n,0.5,2.0,0.0,2.0,0.0,try_again_n,8.0,0.0,0.5,2.0,0.5,-1.5,-1.5,0.0,0.0,0.0,0.0,0.0,0.2689414213699951,0.7310585786300049,solvability-pair-0072137,-1.0,0.0,0.0,0.0,0.0,-1.5,0,0.0,GIVE_UP,test,solvability-pair-0072137-try_again_n:0,0.0,solvability,0.0,0.0,1.0,-1.5
0.0,0.0,0.0,0.0,0.0,0.0,0.5,1,0.0,0.0,0.0,-0.5,0.0,solvability-pair-0072138-try_again_m,0.5,0.0,0.0,0.0,0.0,try_again_m,8.0,0.0,0.5,0.0,0.5,0.5,0.5,1.0,0.0,0.0,0.0,0.0,0.7549149868676283,0.24508501313237172,solvability-pair-0072138,1.125,0.0,0.0,0.0,0.0,0.5,0,0.0,TRY_AGAIN,train,solvability-pair-0072138-try_again_m:0,0.0,solvability,0.0,0.0,1.0,0.5
1.0,0.0,0.0,0.0,0.0,1.0,0.6666666666666666,1,0.0,0.0,1.0,-0.6666666666666666,0.0,solvability-pair-0072138-try_again_m,0.6666666666666666,0.0,0.0,0.0,0.6931471805599453,try_again_m,8.0,0.125,0.5,0.0,0.5,0.5,0.5,1.0,1.0,0.0,0.0,0.0,0.9989677689632452,0.0010322310367548194,solvability-pair-0072138,6.875,1.0,1.0,1.0,1.0,0.6666666666666666,1,0.0,TRY_AGAIN,train,solvability-pair-0072138-try_again_m:1,1.0,solvability,0.0,0.0,1.0,0.6666666666666666
1.0,1.0,0.0,0.0,0.0,2.0,0.75,1,0.0,0.0,2.0,-0.75,0.0,solvability-pair-0072138-try_again_m,0.75,0.0,0.0,0.0,1.0986122886681098,try_again_m,8.0,0.25,0.5,0.0,0.5,0.5,0.5,-1.0,1.0,1.0,0.0,0.0,0.9669140216112958,0.033085978388704126,solvability-pair-0072138,3.375,1.0,1.0,2.0,2.0,0.75,2,1.0,TRY_AGAIN,train,solvability-pair-0072138-try_again_m:2,2.0,solvability,0.0,0.0,1.0,0.75
1.0,1.0,1.0,0.0,0.0,3.0,0.6,1,0.0,0.0,1.0,-0.6,0.0,solvability-pair-0072138-try_again_m,0.6,0.0,1.0,0.0,1.3862943611198906,try_again_m,8.0,0.375,0.5,0.0,0.5,0.5,0.5,-1.0,-1.0,1.0,1.0,0.0,0.5926665999540697,0.4073334000459302,solvability-pair-0072138,0.375,1.0,-1.0,2.0,2.0,0.6,3,1.0,TRY_AGAIN,train,solvability-pair-0072138-try_again_m:3,0.0,solvability,0.0,0.0,1.0,0.6
1.0,1.0,1.0,0.0,0.0,4.0,0.5,0,0.0,0.0,0.0,-0.5,0.0,solvability-pair-0072138-try_again_m,0.5,0.0,2.0,0.0,1.6094379124341003,try_again_m,8.0,0.5,0.5,0.0,0.5,0.5,0.5,0.0,-1.0,-1.0,1.0,0.0,0.22270013882530884,0.7772998611746911,solvability-pair-0072138,-1.25,1.0,-1.0,2.0,2.0,0.5,4,1.0,GIVE_UP,train,solvability-pair-0072138-try_again_m:4,0.0,solvability,0.0,0.0,1.0,0.5
0.0,0.0,0.0,0.0,0.0,0.0,0.5,1,0.0,0.0,0.0,-0.5,0.0,solvability-pair-0072138-try_again_n,0.5,0.0,0.0,0.0,0.0,try_again_n,8.0,0.0,0.5,0.0,0.5,0.5,0.5,1.0,0.0,0.0,0.0,0.0,0.34864513533394575,0.6513548646660542,solvability-pair-0072138,-0.625,0.0,0.0,0.0,0.0,0.5,0,0.0,TRY_AGAIN,train,solvability-pair-0072138-try_again_n:0,0.0,solvability,0.0,0.0,1.0,0.5
1.0,0.0,0.0,0.0,0.0,1.0,0.6666666666666666,1,0.0,0.0,1.0,-0.6666666666666666,0.0,solvability-pair-0072138-try_again_n,0.6666666666666666,0.0,0.0,0.0,0.6931471805599453,try_again_n,8.0,0.125,0.5,0.0,0.5,0.5,0.5,1.0,1.0,0.0,0.0,0.0,0.9990889488055994,0.0009110511944006454,solvability-pair-0072138,7.0,1.0,1.0,1.0,1.0,0.6666666666666666,1,0.0,TRY_AGAIN,train,solvability-pair-0072138-try_again_n:1,1.0,solvability,0.0,0.0,1.0,0.6666666666666666
1.0,1.0,0.0,0.0,0.0,2.0,0.75,1,0.0,0.0,2.0,-0.75,0.0,solvability-pair-0072138-try_again_n,0.75,0.0,0.0,0.0,1.0986122886681098,try_again_n,8.0,0.25,0.5,0.0,0.5,0.5,0.5,-1.0,1.0,1.0,0.0,0.0,0.9890130573694068,0.01098694263059318,solvability-pair-0072138,4.5,1.0,1.0,2.0,2.0,0.75,2,1.0,TRY_AGAIN,train,solvability-pair-0072138-try_again_n:2,2.0,solvability,0.0,0.0,1.0,0.75
1.0,1.0,1.0,0.0,0.0,3.0,0.6,1,0.0,0.0,1.0,-0.6,0.0,solvability-pair-0072138-try_again_n,0.6,0.0,1.0,0.0,1.3862943611198906,try_again_n,8.0,0.375,0.5,0.0,0.5,0.5,0.5,-1.0,-1.0,1.0,1.0,0.0,0.5312093733737563,0.46879062662624377,solvability-pair-0072138,0.125,1.0,-1.0,2.0,2.0,0.6,3,1.0,TRY_AGAIN,train,solvability-pair-0072138-try_again_n:3,0.0,solvability,0.0,0.0,1.0,0.6
1.0,1.0,1.0,0.0,0.0,4.0,0.5,0,0.0,0.0,0.0,-0.5,0.0,solvability-pair-0072138-try_again_n,0.5,0.0,2.0,0.0,1.6094379124341003,try_again_n,8.0,0.5,0.5,0.0,0.5,0.5,0.5,0.0,-1.0,-1.0,1.0,0.0,0.34864513533394575,0.6513548646660542,solvability-pair-0072138,-0.625,1.0,-1.0,2.0,2.0,0.5,4,1.0,GIVE_UP,train,solvability-pair-0072138-try_again_n:4,0.0,solvability,0.0,0.0,1.0,0.5
0.0,0.0,0.0,0.0,0.0,0.0,0.25,0,0.0,0.0,0.0,-0.25,-1.0,solvability-pair-0072139-try_again_m,0.25,0.0,0.0,0.0,0.0,try_again_m,8.0,0.0,0.2,0.0,0.2,0.2,0.2,0.0,0.0,0.0,0.0,0.0,0.5,0.5,solvability-pair-0072139,0.0,0.0,0.0,0.0,0.0,0.25,0,0.0,GIVE_UP,test,solvability-pair-0072139-try_again_m:0,0.0,solvability,0.0,0.0,1.0,0.25
0.0,0.0,0.0,0.0,0.0,0.0,0.25,0,0.0,0.0,0.0,-0.25,-1.0,solvability-pair-0072139-try_again_n,0.25,0.0,0.0,0.0,0.0,try_again_n,8.0,0.0,0.2,0.0,0.2,0.2,0.2,0.0,0.0,0.0,0.0,0.0,0.22270013882530884,0.7772998611746911,solvability-pair-0072139,-1.25,0.0,0.0,0.0,0.0,0.25,0,0.0,GIVE_UP,test,solvability-pair-0072139-try_again_n:0,0.0,solvability,0.0,0.0,1.0,0.25
0.0,0.0,0.0,0.0,0.0,0.0,0.25,1,0.0,0.0,0.0,1.75,-1.0,solvability-pair-0072140-try_again_m,0.25,2.0,0.0,2.0,0.0,try_again_m,8.0,0.0,0.2,2.0,0.2,-1.8,-1.8,-1.0,0.0,0.0,0.0,0.0,0.4073334000459302,0.5926665999540697,solvability-pair-0072140,-0.375,0.0,0.0,0.0,0.0,-1.75,0,0.0,TRY_AGAIN,train,solvability-pair-0072140-try_again_m:0,0.0,solvability,0.0,0.0,1.0,-1.75
1.0,0.0,0.0,0.0,0.0,1.0,0.16666666666666666,0,0.0,0.0,-1.0,1.8333333333333333,-1.0,solvability-pair-0072140-try_again_m,0.16666666666666666,2.0,1.0,2.0,0.6931471805599453,try_again_m,8.0,0.125,0.2,2.0,0.2,-1.8,-1.8,0.0,-1.0,0.0,0.0,0.0,0.033085978388704126,0.9669140216112958,solvability-pair-0072140,-3.375,1.0,-1.0,0.0,0.0,-1.8333333333333333,1,0.0,GIVE_UP,train,solvability-pair-0072140-try_again_m:1,0.0,solvability,0.0,0.0,1.0,-1.8333333333333333
0.0,0.0,0.0,0.0,0.0,0.0,0.25,1,0.0,0.0,0.0,1.75,-1.0,solvability-pair-0072140-try_again_n,0.25,2.0,0.0,2.0,0.0,try_again_n,8.0,0.0,0.2,2.0,0.2,-1.8,-1.8,-1.0,0.0,0.0,0.0,0.0,0.20181322226037882,0.7981867777396212,solvability-pair-0072140,-1.375,0.0,0.0,0.0,0.0,-1.75,0,0.0,TRY_AGAIN,train,solvability-pair-0072140-try_again_n:0,0.0,solvability,0.0,0.0,1.0,-1.75
1.0,0.0,0.0,0.0,0.0,1.0,0.16666666666666666,0,0.0,0.0,-1.0,1.8333333333333333,-1.0,solvability-pair-0072140-try_again_n,0.16666666666666666,2.0,1.0,2.0,0.6931471805599453,try_again_n,8.0,0.125,0.2,2.0,0.2,-1.8,-1.8,0.0,-1.0,0.0,0.0,0.0,0.02595735719779685,0.9740426428022031,solvability-pair-0072140,-3.625,1.0,-1.0,0.0,0.0,-1.8333333333333333,1,0.0,GIVE_UP,train,solvability-pair-0072140-try_again_n:1,0.0,solvability,0.0,0.0,1.0,-1.8333333333333333
0.0,0.0,0.0,0.0,1.0,0.0,0.25,0,1.0,0.0,0.0,0.75,-1.0,solvability-pair-0072141-try_again_m,-0.75,0.0,0.0,0.0,0.0,try_again_m,8.0,0.0,-0.8,0.0,0.2,-0.8,-0.8,0.0,0.0,0.0,0.0,0.0,0.37754066879814546,0.6224593312018546,solvability-pair-0072141,-0.5,0.0,0.0,0.0,0.0,-0.75,0,0.0,GIVE_UP,train,solvability-pair-0072141-try_again_m:0,0.0,solvability,0.0,0.0,1.0,-0.75
0.0,0.0,0.0,0.0,1.0,0.0,0.25,0,1.0,0.0,0.0,0.75,-1.0,solvability-pair-0072141-try_again_n,-0.75,0.0,0.0,0.0,0.0,try_again_n,8.0,0.0,-0.8,0.0,0.2,-0.8,-0.8,0.0,0.0,0.0,0.0,0.0,0.22270013882530884,0.7772998611746911,solvability-pair-0072141,-1.25,0.0,0.0,0.0,0.0,-0.75,0,0.0,GIVE_UP,train,solvability-pair-0072141-try_again_n:0,0.0,solvability,0.0,0.0,1.0,-0.75
0.0,0.0,0.0,0.0,0.0,0.0,0.75,1,0.0,0.0,0.0,-0.75,1.0,solvability-pair-0072142-try_again_m,0.75,0.0,0.0,0.0,0.0,try_again_m,8.0,0.0,0.8,0.0,0.8,0.8,0.8,1.0,0.0,0.0,0.0,0.0,0.9840936082881853,0.01590639171181471,solvability-pair-0072142,4.125,0.0,0.0,0.0,0.0,0.75,0,0.0,TRY_AGAIN,train,solvability-pair-0072142-try_again_m:0,0.0,solvability,0.0,0.0,1.0,0.75
1.0,0.0,0.0,0.0,0.0,1.0,0.8333333333333334,1,0.0,0.0,1.0,-0.8333333333333334,1.0,solvability-pair-0072142-try_again_m,0.8333333333333334,0.0,0.0,0.0,0.6931471805599453,try_again_m,8.0,0.125,0.8,0.0,0.8,0.8,0.8,-1.0,1.0,0.0,0.0,0.0,0.9997965730219448,0.0002034269780552065,solvability-pair-0072142,8.5,1.0,1.0,1.0,1.0,0.8333333333333334,1,0.0,TRY_AGAIN,train,solvability-pair-0072142-try_again_m:1,1.0,solvability,0.0,0.0,1.0,0.8333333333333334
1.0,1.0,0.0,0.0,0.0,2.0,0.625,1,0.0,0.0,0.0,-0.625,1.0,solvability-pair-0072142-try_again_m,0.625,0.0,1.0,0.0,1.0986122886681098,try_again_m,8.0,0.25,0.8,0.0,0.8,0.8,0.8,-1.0,-1.0,1.0,0.0,0.0,0.8354835371034369,0.1645164628965632,solvability-pair-0072142,1.625,1.0,-1.0,1.0,1.0,0.625,2,1.0,TRY_AGAIN,train,solvability-pair-0072142-try_again_m:2,0.0,solvability,0.0,0.0,1.0,0.625
1.0,1.0,1.0,0.0,0.0,3.0,0.5,1,0.0,0.0,-1.0,-0.5,1.0,solvability-pair-0072142-try_again_m,0.5,0.0,2.0,0.0,1.3862943611198906,try_again_m,8.0,0.375,0.8,0.0,0.8,0.8,0.8,1.0,-1.0,-1.0,1.0,0.0,0.46879062662624377,0.5312093733737563,solvability-pair-0072142,-0.125,1.0,-1.0,1.0,1.0,0.5,3,1.0,TRY_AGAIN,train,solvability-pair-0072142-try_again_m:3,0.0,solvability,0.0,0.0,1.0,0.5
1.0,1.0,1.0,0.0,0.0,4.0,0.5833333333333334,1,0.0,0.0,0.0,-0.5833333333333334,1.0,solvability-pair-0072142-try_again_m,0.5833333333333334,0.0,0.0,0.0,1.6094379124341003,try_again_m,8.0,0.5,0.8,0.0,0.8,0.8,0.8,1.0,1.0,-1.0,-1.0,0.0,0.9465966702001757,0.053403329799824234,solvability-pair-0072142,2.875,1.0,1.0,2.0,2.0,0.5833333333333334,4,1.0,TRY_AGAIN,train,solvability-pair-0072142-try_again_m:4,1.0,solvability,0.0,0.0,1.0,0.5833333333333334
1.0,1.0,1.0,1.0,0.0,5.0,0.6428571428571429,0,0.0,0.0,1.0,-0.6428571428571429,1.0,solvability-pair-0072142-try_again_m,0.6428571428571429,0.0,0.0,0.0,1.791759469228055,try_again_m,8.0,0.625,0.8,0.0,0.8,0.8,0.8,0.0,1.0,1.0,-1.0,1.0,0.8519528019683106,0.1480471980316895,solvability-pair-0072142,1.75,1.0,1.0,3.0,3.0,0.6428571428571429,5,1.0,GIVE_UP,train,solvability-pair-0072142-try_again_m:5,2.0,solvability,0.0,0.0,1.0,0.6428571428571429
0.0,0.0,0.0,0.0,0.0,0.0,0.75,1,0.0,0.0,0.0,-0.75,1.0,solvability-pair-0072142-try_again_n,0.75,0.0,0.0,0.0,0.0,try_again_n,8.0,0.0,0.8,0.0,0.8,0.8,0.8,1.0,0.0,0.0,0.0,0.0,0.8175744761936437,0.18242552380635632,solvability-pair-0072142,1.5,0.0,0.0,0.0,0.0,0.75,0,0.0,TRY_AGAIN,train,solvability-pair-0072142-try_again_n:0,0.0,solvability,0.0,0.0,1.0,0.75
1.0,0.0,0.0,0.0,0.0,1.0,0.8333333333333334,1,0.0,0.0,1.0,-0.8333333333333334,1.0,solvability-pair-0072142-try_again_n,0.8333333333333334,0.0,0.0,0.0,0.6931471805599453,try_again_n,8.0,0.125,0.8,0.0,0.8,0.8,0.8,-1.0,1.0,0.0,0.0,0.0,0.9999251537724895,7.484622751061124e-05,solvability-pair-0072142,9.5,1.0,1.0,1.0,1.0,0.8333333333333334,1,0.0,TRY_AGAIN,train,solvability-pair-0072142-try_again_n:1,1.0,solvability,0.0,0.0,1.0,0.8333333333333334
1.0,1.0,0.0,0.0,0.0,2.0,0.625,1,0.0,0.0,0.0,-0.625,1.0,solvability-pair-0072142-try_again_n,0.625,0.0,1.0,0.0,1.0986122886681098,try_again_n,8.0,0.25,0.8,0.0,0.8,0.8,0.8,-1.0,-1.0,1.0,0.0,0.0,0.9525741268224334,0.04742587317756679,solvability-pair-0072142,3.0,1.0,-1.0,1.0,1.0,0.625,2,1.0,TRY_AGAIN,train,solvability-pair-0072142-try_again_n:2,0.0,solvability,0.0,0.0,1.0,0.625
1.0,1.0,1.0,0.0,0.0,3.0,0.5,1,0.0,0.0,-1.0,-0.5,1.0,solvability-pair-0072142-try_again_n,0.5,0.0,2.0,0.0,1.3862943611198906,try_again_n,8.0,0.375,0.8,0.0,0.8,0.8,0.8,1.0,-1.0,-1.0,1.0,0.0,0.6513548646660542,0.34864513533394575,solvability-pair-0072142,0.625,1.0,-1.0,1.0,1.0,0.5,3,1.0,TRY_AGAIN,train,solvability-pair-0072142-try_again_n:3,0.0,solvability,0.0,0.0,1.0,0.5
1.0,1.0,1.0,0.0,0.0,4.0,0.5833333333333334,1,0.0,0.0,0.0,-0.5833333333333334,1.0,solvability-pair-0072142-try_again_n,0.5833333333333334,0.0,0.0,0.0,1.6094379124341003,try_again_n,8.0,0.5,0.8,0.0,0.8,0.8,0.8,1.0,1.0,-1.0,-1.0,0.0,0.9770226300899744,0.02297736991002561,solvability-pair-0072142,3.75,1.0,1.0,2.0,2.0,0.5833333333333334,4,1.0,TRY_AGAIN,train,solvability-pair-0072142-try_again_n:4,1.0,solvability,0.0,0.0,1.0,0.5833333333333334
1.0,1.0,1.0,1.0,0.0,5.0,0.6428571428571429,0,0.0,0.0,1.0,-0.6428571428571429,1.0,solvability-pair-0072142-try_again_n,0.6428571428571429,0.0,0.0,0.0,1.791759469228055,try_again_n,8.0,0.625,0.8,0.0,0.8,0.8,0.8,0.0,1.0,1.0,-1.0,1.0,0.8175744761936437,0.18242552380635632,solvability-pair-0072142,1.5,1.0,1.0,3.0,3.0,0.6428571428571429,5,1.0,GIVE_UP,train,solvability-pair-0072142-try_again_n:5,2.0,solvability,0.0,0.0,1.0,0.6428571428571429
0.0,0.0,0.0,0.0,1.0,0.0,0.75,1,1.0,0.0,0.0,2.25,1.0,solvability-pair-0072143-try_again_m,-0.25,2.0,0.0,2.0,0.0,try_again_m,8.0,0.0,-0.19999999999999996,2.0,0.8,-2.2,-2.2,-1.0,0.0,0.0,0.0,0.0,0.9399133498259924,0.06008665017400762,solvability-pair-0072143,2.75,0.0,0.0,0.0,0.0,-2.25,0,0.0,TRY_AGAIN,train,solvability-pair-0072143-try_again_m:0,0.0,solvability,0.0,0.0,1.0,-2.25
1.0,0.0,0.0,0.0,1.0,1.0,0.5,0,1.0,1.0,-1.0,2.5,1.0,solvability-pair-0072143-try_again_m,-0.5,2.0,1.0,2.0,0.6931471805599453,try_again_m,8.0,0.125,-0.19999999999999996,2.0,0.8,-2.2,-2.2,0.0,-1.0,0.0,0.0,0.0,0.07585818002124356,0.9241418199787566,solvability-pair-0072143,-2.5,1.0,-1.0,0.0,0.0,-2.5,1,0.0,GIVE_UP,train,solvability-pair-0072143-try_again_m:1,0.0,solvability,0.0,0.0,1.0,-2.5
0.0,0.0,0.0,0.0,1.0,0.0,0.75,1,1.0,0.0,0.0,2.25,1.0,solvability-pair-0072143-try_again_n,-0.25,2.0,0.0,2.0,0.0,try_again_n,8.0,0.0,-0.19999999999999996,2.0,0.8,-2.2,-2.2,-1.0,0.0,0.0,0.0,0.0,0.679178699175393,0.32082130082460697,solvability-pair-0072143,0.75,0.0,0.0,0.0,0.0,-2.25,0,0.0,TRY_AGAIN,train,solvability-pair-0072143-try_again_n:0,0.0,solvability,0.0,0.0,1.0,-2.25
1.0,0.0,0.0,0.0,1.0,1.0,0.5,0,1.0,1.0,-1.0,2.5,1.0,solvability-pair-0072143-try_again_n,-0.5,2.0,1.0,2.0,0.6931471805599453,try_again_n,8.0,0.125,-0.19999999999999996,2.0,0.8,-2.2,-2.2,0.0,-1.0,0.0,0.0,0.0,0.08509904500702024,0.9149009549929797,solvability-pair-0072143,-2.375,1.0,-1.0,0.0,0.0,-2.5,1,0.0,GIVE_UP,train,solvability-pair-0072143-try_again_n:1,0.0,solvability,0.0,0.0,1.0,-2.5
0.0,0.0,0.0,0.0,0.0,0.0,0.75,1,0.0,0.0,0.0,1.25,1.0,solvability-pair-0072144-try_again_m,0.75,2.0,0.0,2.0,0.0,try_again_m,8.0,0.0,0.8,2.0,0.8,-1.2,-1.2,1.0,0.0,0.0,0.0,0.0,0.9770226300899744,0.02297736991002561,solvability-pair-0072144,3.75,0.0,0.0,0.0,0.0,-1.25,0,0.0,TRY_AGAIN,train,solvability-pair-0072144-try_again_m:0,0.0,solvability,0.0,0.0,1.0,-1.25
1.0,0.0,0.0,0.0,0.0,1.0,0.8333333333333334,1,0.0,0.0,1.0,1.1666666666666665,1.0,solvability-pair-0072144-try_again_m,0.8333333333333334,2.0,0.0,2.0,0.6931471805599453,try_again_m,8.0,0.125,0.8,2.0,0.8,-1.2,-1.2,1.0,1.0,0.0,0.0,0.0,0.9996646498695336,0.00033535013046647816,solvability-pair-0072144,8.0,1.0,1.0,1.0,1.0,-1.1666666666666665,1,0.0,TRY_AGAIN,train,solvability-pair-0072144-try_again_m:1,1.0,solvability,0.0,0.0,1.0,-1.1666666666666665
1.0,1.0,0.0,0.0,0.0,2.0,0.875,1,0.0,0.0,2.0,1.125,1.0,solvability-pair-0072144-try_again_m,0.875,2.0,0.0,2.0,1.0986122886681098,try_again_m,8.0,0.25,0.8,2.0,0.8,-1.2,-1.2,1.0,1.0,1.0,0.0,0.0,0.9924227587321393,0.007577241267860811,solvability-pair-0072144,4.875,1.0,1.0,2.0,2.0,-1.125,2,1.0,TRY_AGAIN,train,solvability-pair-0072144-try_again_m:2,2.0,solvability,0.0,0.0,1.0,-1.125
1.0,1.0,1.0,0.0,0.0,3.0,0.9,1,0.0,0.0,3.0,1.1,1.0,solvability-pair-0072144-try_again_m,0.9,2.0,0.0,2.0,1.3862943611198906,try_again_m,8.0,0.375,0.8,2.0,0.8,-1.2,-1.2,1.0,1.0,1.0,1.0,0.0,0.9859363729567544,0.014063627043245474,solvability-pair-0072144,4.25,1.0,1.0,3.0,3.0,-1.1,3,1.0,TRY_AGAIN,train,solvability-pair-0072144-try_again_m:3,3.0,solvability,0.0,0.0,1.0,-1.1
1.0,1.0,1.0,0.0,0.0,4.0,0.9166666666666666,1,0.0,0.0,4.0,1.0833333333333335,1.0,solvability-pair-0072144-try_again_m,0.9166666666666666,2.0,0.0,2.0,1.6094379124341003,try_again_m,8.0,0.5,0.8,2.0,0.8,-1.2,-1.2,1.0,1.0,1.0,1.0,0.0,0.9579122720843811,0.04208772791561884,solvability-pair-0072144,3.125,1.0,1.0,4.0,4.0,-1.0833333333333335,4,1.0,TRY_AGAIN,train,solvability-pair-0072144-try_again_m:4,4.0,solvability,0.0,0.0,1.0,-1.0833333333333335
1.0,1.0,1.0,1.0,0.0,5.0,0.9285714285714286,1,0.0,0.0,5.0,1.0714285714285714,1.0,solvability-pair-0072144-try_again_m,0.9285714285714286,2.0,0.0,2.0,1.791759469228055,try_again_m,8.0,0.625,0.8,2.0,0.8,-1.2,-1.2,-1.0,1.0,1.0,1.0,1.0,0.8933094060543487,0.10669059394565118,solvability-pair-0072144,2.125,1.0,1.0,5.0,5.0,-1.0714285714285714,5,1.0,TRY_AGAIN,train,solvability-pair-0072144-try_again_m:5,5.0,solvability,0.0,0.0,1.0,-1.0714285714285714
1.0,1.0,1.0,1.0,0.0,6.0,0.8125,1,0.0,0.0,4.0,1.1875,1.0,solvability-pair-0072144-try_again_m,0.8125,2.0,1.0,2.0,1.9459101490553132,try_again_m,8.0,0.75,0.8,2.0,0.8,-1.2,-1.2,1.0,-1.0,1.0,1.0,1.0,0.2689414213699951,0.7310585786300049,solvability-pair-0072144,-1.0,1.0,-1.0,5.0,5.0,-1.1875,6,1.0,TRY_AGAIN,train,solvability-pair-0072144-try_again_m:6,0.0,solvability,0.0,0.0,1.0,-1.1875
1.0,1.0,1.0,1.0,0.0,7.0,0.8333333333333334,0,0.0,0.0,5.0,1.1666666666666665,1.0,solvability-pair-0072144-try_again_m,0.8333333333333334,2.0,0.0,2.0,2.0794415416798357,try_again_m,8.0,0.875,0.8,2.0,0.8,-1.2,-1.2,0.0,1.0,-1.0,1.0,1.0,0.5926665999540697,0.4073334000459302,solvability-pair-0072144,0.375,1.0,1.0,6.0,6.0,-1.1666666666666665,7,1.0,GIVE_UP,train,solvability-pair-0072144-try_again_m:7,1.0,solvability,0.0,0.0,1.0,-1.1666666666666665
0.0,0.0,0.0,0.0,0.0,0.0,0.75,1,0.0,0.0,0.0,1.25,1.0,solvability-pair-0072144-try_again_n,0.75,2.0,0.0,2.0,0.0,try_again_n,8.0,0.0,0.8,2.0,0.8,-1.2,-1.2,1.0,0.0,0.0,0.0,0.0,0.7772998611746911,0.22270013882530884,solvability-pair-0072144,1.25,0.0,0.0,0.0,0.0,-1.25,0,0.0,TRY_AGAIN,train,solvability-pair-0072144-try_again_n:0,0.0,solvability,0.0,0.0,1.0,-1.25
1.0,0.0,0.0,0.0,0.0,1.0,0.8333333333333334,1,0.0,0.0,1.0,1.1666666666666665,1.0,solvability-pair-0072144-try_again_n,0.8333333333333334,2.0,0.0,2.0,0.6931471805599453,try_again_n,8.0,0.125,0.8,2.0,0.8,-1.2,-1.2,1.0,1.0,0.0,0.0,0.0,0.9997694932780068,0.0002305067219931397,solvability-pair-0072144,8.375,1.0,1.0,1.0,1.0,-1.1666666666666665,1,0.0,TRY_AGAIN,train,solvability-pair-0072144-try_again_n:1,1.0,solvability,0.0,0.0,1.0,-1.1666666666666665
1.0,1.0,0.0,0.0,0.0,2.0,0.875,1,0.0,0.0,2.0,1.125,1.0,solvability-pair-0072144-try_again_n,0.875,2.0,0.0,2.0,1.0986122886681098,try_again_n,8.0,0.25,0.8,2.0,0.8,-1.2,-1.2,1.0,1.0,1.0,0.0,0.0,0.9953904278206259,0.004609572179374208,solvability-pair-0072144,5.375,1.0,1.0,2.0,2.0,-1.125,2,1.0,TRY_AGAIN,train,solvability-pair-0072144-try_again_n:2,2.0,solvability,0.0,0.0,1.0,-1.125
1.0,1.0,1.0,0.0,0.0,3.0,0.9,1,0.0,0.0,3.0,1.1,1.0,solvability-pair-0072144-try_again_n,0.9,2.0,0.0,2.0,1.3862943611198906,try_again_n,8.0,0.375,0.8,2.0,0.8,-1.2,-1.2,1.0,1.0,1.0,1.0,0.0,0.9875683491468141,0.012431650853185818,solvability-pair-0072144,4.375,1.0,1.0,3.0,3.0,-1.1,3,1.0,TRY_AGAIN,train,solvability-pair-0072144-try_again_n:3,3.0,solvability,0.0,0.0,1.0,-1.1
1.0,1.0,1.0,0.0,0.0,4.0,0.9166666666666666,1,0.0,0.0,4.0,1.0833333333333335,1.0,solvability-pair-0072144-try_again_n,0.9166666666666666,2.0,0.0,2.0,1.6094379124341003,try_again_n,8.0,0.5,0.8,2.0,0.8,-1.2,-1.2,1.0,1.0,1.0,1.0,0.0,0.9626731126558706,0.037326887344129464,solvability-pair-0072144,3.25,1.0,1.0,4.0,4.0,-1.0833333333333335,4,1.0,TRY_AGAIN,train,solvability-pair-0072144-try_again_n:4,4.0,solvability,0.0,0.0,1.0,-1.0833333333333335
1.0,1.0,1.0,1.0,0.0,5.0,0.9285714285714286,1,0.0,0.0,5.0,1.0714285714285714,1.0,solvability-pair-0072144-try_again_n,0.9285714285714286,2.0,0.0,2.0,1.791759469228055,try_again_n,8.0,0.625,0.8,2.0,0.8,-1.2,-1.2,-1.0,1.0,1.0,1.0,1.0,0.9046505351008906,0.0953494648991095,solvability-pair-0072144,2.25,1.0,1.0,5.0,5.0,-1.0714285714285714,5,1.0,TRY_AGAIN,train,solvability-pair-0072144-try_again_n:5,5.0,solvability,0.0,0.0,1.0,-1.0714285714285714
1.0,1.0,1.0,1.0,0.0,6.0,0.8125,1,0.0,0.0,4.0,1.1875,1.0,solvability-pair-0072144-try_again_n,0.8125,2.0,1.0,2.0,1.9459101490553132,try_again_n,8.0,0.75,0.8,2.0,0.8,-1.2,-1.2,1.0,-1.0,1.0,1.0,1.0,0.18242552380635632,0.8175744761936437,solvability-pair-0072144,-1.5,1.0,-1.0,5.0,5.0,-1.1875,6,1.0,TRY_AGAIN,train,solvability-pair-0072144-try_again_n:6,0.0,solvability,0.0,0.0,1.0,-1.1875
1.0,1.0,1.0,1.0,0.0,7.0,0.8333333333333334,0,0.0,0.0,5.0,1.1666666666666665,1.0,solvability-pair-0072144-try_again_n,0.8333333333333334,2.0,0.0,2.0,2.0794415416798357,try_again_n,8.0,0.875,0.8,2.0,0.8,-1.2,-1.2,0.0,1.0,-1.0,1.0,1.0,0.5926665999540697,0.4073334000459302,solvability-pair-0072144,0.375,1.0,1.0,6.0,6.0,-1.1666666666666665,7,1.0,GIVE_UP,train,solvability-pair-0072144-try_again_n:7,1.0,solvability,0.0,0.0,1.0,-1.1666666666666665
0.0,0.0,0.0,0.0,1.0,0.0,0.5,0,1.0,0.0,0.0,2.5,0.0,solvability-pair-0072145-try_again_m,-0.5,2.0,0.0,2.0,0.0,try_again_m,8.0,0.0,-0.5,2.0,0.5,-2.5,-2.5,0.0,0.0,0.0,0.0,0.0,0.46879062662624377,0.5312093733737563,solvability-pair-0072145,-0.125,0.0,0.0,0.0,0.0,-2.5,0,0.0,GIVE_UP,train,solvability-pair-0072145-try_again_m:0,0.0,solvability,0.0,0.0,1.0,-2.5
0.0,0.0,0.0,0.0,1.0,0.0,0.5,0,1.0,0.0,0.0,2.5,0.0,solvability-pair-0072145-try_again_n,-0.5,2.0,0.0,2.0,0.0,try_again_n,8.0,0.0,-0.5,2.0,0.5,-2.5,-2.5,0.0,0.0,0.0,0.0,0.0,0.22270013882530884,0.7772998611746911,solvability-pair-0072145,-1.25,0.0,0.0,0.0,0.0,-2.5,0,0.0,GIVE_UP,train,solvability-pair-0072145-try_again_n:0,0.0,solvability,0.0,0.0,1.0,-2.5
0.0,0.0,0.0,0.0,1.0,0.0,0.5,1,1.0,0.0,0.0,0.5,0.0,solvability-pair-0072146-try_again_m,-0.5,0.0,0.0,0.0,0.0,try_again_m,8.0,0.0,-0.5,0.0,0.5,-0.5,-0.5,-1.0,0.0,0.0,0.0,0.0,0.5621765008857981,0.4378234991142019,solvability-pair-0072146,0.25,0.0,0.0,0.0,0.0,-0.5,0,0.0,TRY_AGAIN,test,solvability-pair-0072146-try_again_m:0,0.0,solvability,0.0,0.0,1.0,-0.5
1.0,0.0,0.0,0.0,1.0,1.0,0.3333333333333333,0,1.0,1.0,-1.0,0.6666666666666667,0.0,solvability-pair-0072146-try_again_m,-0.6666666666666667,0.0,1.0,0.0,0.6931471805599453,try_again_m,8.0,0.125,-0.5,0.0,0.5,-0.5,-0.5,0.0,-1.0,0.0,0.0,0.0,0.033085978388704126,0.9669140216112958,solvability-pair-0072146,-3.375,1.0,-1.0,0.0,0.0,-0.6666666666666667,1,0.0,GIVE_UP,test,solvability-pair-0072146-try_again_m:1,0.0,solvability,0.0,0.0,1.0,-0.6666666666666667
0.0,0.0,0.0,0.0,1.0,0.0,0.5,0,1.0,0.0,0.0,0.5,0.0,solvability-pair-0072146-try_again_n,-0.5,0.0,0.0,0.0,0.0,try_again_n,8.0,0.0,-0.5,0.0,0.5,-0.5,-0.5,0.0,0.0,0.0,0.0,0.0,0.2689414213699951,0.7310585786300049,solvability-pair-0072146,-1.0,0.0,0.0,0.0,0.0,-0.5,0,0.0,GIVE_UP,test,solvability-pair-0072146-try_again_n:0,0.0,solvability,0.0,0.0,1.0,-0.5
0.0,0.0,0.0,0.0,1.0,0.0,0.25,1,1.0,0.0,0.0,2.75,-1.0,solvability-pair-0072147-try_again_m,-0.75,2.0,0.0,2.0,0.0,try_again_m,8.0,0.0,-0.8,2.0,0.2,-2.8,-2.8,-1.0,0.0,0.0,0.0,0.0,0.32082130082460697,0.679178699175393,solvability-pair-0072147,-0.75,0.0,0.0,0.0,0.0,-2.75,0,0.0,TRY_AGAIN,train,solvability-pair-0072147-try_again_m:0,0.0,solvability,0.0,0.0,1.0,-2.75
1.0,0.0,0.0,0.0,1.0,1.0,0.16666666666666666,0,1.0,1.0,-1.0,2.8333333333333335,-1.0,solvability-pair-0072147-try_again_m,-0.8333333333333334,2.0,1.0,2.0,0.6931471805599453,try_again_m,8.0,0.125,-0.8,2.0,0.2,-2.8,-2.8,0.0,-1.0,0.0,0.0,0.0,0.037326887344129464,0.9626731126558706,solvability-pair-0072147,-3.25,1.0,-1.0,0.0,0.0,-2.8333333333333335,1,0.0,GIVE_UP,train,solvability-pair-0072147-try_again_m:1,0.0,solvability,0.0,0.0,1.0,-2.8333333333333335
0.0,0.0,0.0,0.0,1.0,0.0,0.25,0,1.0,0.0,0.0,2.75,-1.0,solvability-pair-0072147-try_again_n,-0.75,2.0,0.0,2.0,0.0,try_again_n,8.0,0.0,-0.8,2.0,0.2,-2.8,-2.8,0.0,0.0,0.0,0.0,0.0,0.18242552380635632,0.8175744761936437,solvability-pair-0072147,-1.5,0.0,0.0,0.0,0.0,-2.75,0,0.0,GIVE_UP,train,solvability-pair-0072147-try_again_n:0,0.0,solvability,0.0,0.0,1.0,-2.75
0.0,0.0,0.0,0.0,1.0,0.0,0.75,1,1.0,0.0,0.0,0.25,1.0,solvability-pair-0072148-try_again_m,-0.25,0.0,0.0,0.0,0.0,try_again_m,8.0,0.0,-0.19999999999999996,0.0,0.8,-0.19999999999999996,-0.19999999999999996,1.0,0.0,0.0,0.0,0.0,0.9626731126558706,0.037326887344129464,solvability-pair-0072148,3.25,0.0,0.0,0.0,0.0,-0.25,0,0.0,TRY_AGAIN,train,solvability-pair-0072148-try_again_m:0,0.0,solvability,0.0,0.0,1.0,-0.25
1.0,0.0,0.0,0.0,1.0,1.0,0.8333333333333334,1,1.0,1.0,1.0,0.16666666666666663,1.0,solvability-pair-0072148-try_again_m,-0.16666666666666663,0.0,0.0,0.0,0.6931471805599453,try_again_m,8.0,0.125,-0.19999999999999996,0.0,0.8,-0.19999999999999996,-0.19999999999999996,1.0,1.0,0.0,0.0,0.0,0.9995694429186754,0.00043055708132461493,solvability-pair-0072148,7.75,1.0,1.0,1.0,1.0,-0.16666666666666663,1,0.0,TRY_AGAIN,train,solvability-pair-0072148-try_again_m:1,1.0,solvability,0.0,0.0,1.0,-0.16666666666666663
1.0,1.0,0.0,0.0,1.0,2.0,0.875,1,1.0,2.0,2.0,0.125,1.0,solvability-pair-0072148-try_again_m,-0.125,0.0,0.0,0.0,1.0986122886681098,try_again_m,8.0,0.25,-0.19999999999999996,0.0,0.8,-0.19999999999999996,-0.19999999999999996,1.0,1.0,1.0,0.0,0.0,0.991422514586288,0.008577485413711986,solvability-pair-0072148,4.75,1.0,1.0,2.0,2.0,-0.125,2,1.0,TRY_AGAIN,train,solvability-pair-0072148-try_again_m:2,2.0,solvability,0.0,0.0,1.0,-0.125
1.0,1.0,1.0,0.0,1.0,3.0,0.9,1,1.0,3.0,3.0,0.09999999999999998,1.0,solvability-pair-0072148-try_again_m,-0.09999999999999998,0.0,0.0,0.0,1.3862943611198906,try_again_m,8.0,0.375,-0.19999999999999996,0.0,0.8,-0.19999999999999996,-0.19999999999999996,1.0,1.0,1.0,1.0,0.0,0.9770226300899744,0.02297736991002561,solvability-pair-0072148,3.75,1.0,1.0,3.0,3.0,-0.09999999999999998,3,1.0,TRY_AGAIN,train,solvability-pair-0072148-try_again_m:3,3.0,solvability,0.0,0.0,1.0,-0.09999999999999998
1.0,1.0,1.0,0.0,1.0,4.0,0.9166666666666666,1,1.0,4.0,4.0,0.08333333333333337,1.0,solvability-pair-0072148-try_again_m,-0.08333333333333337,0.0,0.0,0.0,1.6094379124341003,try_again_m,8.0,0.5,-0.19999999999999996,0.0,0.8,-0.19999999999999996,-0.19999999999999996,-1.0,1.0,1.0,1.0,0.0,0.8933094060543487,0.10669059394565118,solvability-pair-0072148,2.125,1.0,1.0,4.0,4.0,-0.08333333333333337,4,1.0,TRY_AGAIN,train,solvability-pair-0072148-try_again_m:4,4.0,solvability,0.0,0.0,1.0,-0.08333333333333337
1.0,1.0,1.0,1.0,1.0,5.0,0.7857142857142857,0,1.0,5.0,3.0,0.2142857142857143,1.0,solvability-pair-0072148-try_again_m,-0.2142857142857143,0.0,1.0,0.0,1.791759469228055,try_again_m,8.0,0.625,-0.19999999999999996,0.0,0.8,-0.19999999999999996,-0.19999999999999996,0.0,-1.0,1.0,1.0,1.0,0.13296424019782924,0.8670357598021706,solvability-pair-0072148,-1.875,1.0,-1.0,4.0,4.0,-0.2142857142857143,5,1.0,GIVE_UP,train,solvability-pair-0072148-try_again_m:5,0.0,solvability,0.0,0.0,1.0,-0.2142857142857143
0.0,0.0,0.0,0.0,1.0,0.0,0.75,0,1.0,0.0,0.0,0.25,1.0,solvability-pair-0072148-try_again_n,-0.25,0.0,0.0,0.0,0.0,try_again_n,8.0,0.0,-0.19999999999999996,0.0,0.8,-0.19999999999999996,-0.19999999999999996,0.0,0.0,0.0,0.0,0.0,0.7549149868676283,0.24508501313237172,solvability-pair-0072148,1.125,0.0,0.0,0.0,0.0,-0.25,0,0.0,GIVE_UP,train,solvability-pair-0072148-try_again_n:0,0.0,solvability,0.0,0.0,1.0,-0.25
0.0,0.0,0.0,0.0,0.0,0.0,0.5,1,0.0,0.0,0.0,1.5,0.0,solvability-pair-0072149-try_again_m,0.5,2.0,0.0,2.0,0.0,try_again_m,8.0,0.0,0.5,2.0,0.5,-1.5,-1.5,-1.0,0.0,0.0,0.0,0.0,0.6224593312018546,0.37754066879814546,solvability-pair-0072149,0.5,0.0,0.0,0.0,0.0,-1.5,0,0.0,TRY_AGAIN,train,solvability-pair-0072149-try_again_m:0,0.0,solvability,0.0,0.0,1.0,-1.5
1.0,0.0,0.0,0.0,0.0,1.0,0.3333333333333333,0,0.0,0.0,-1.0,1.6666666666666667,0.0,solvability-pair-0072149-try_again_m,0.3333333333333333,2.0,1.0,2.0,0.6931471805599453,try_again_m,8.0,0.125,0.5,2.0,0.5,-1.5,-1.5,0.0,-1.0,0.0,0.0,0.0,0.04208772791561884,0.9579122720843811,solvability-pair-0072149,-3.125,1.0,-1.0,0.0,0.0,-1.6666666666666667,1,0.0,GIVE_UP,train,solvability-pair-0072149-try_again_m:1,0.0,solvability,0.0,0.0,1.0,-1.6666666666666667
0.0,0.0,0.0,0.0,0.0,0.0,0.5,1,0.0,0.0,0.0,1.5,0.0,solvability-pair-0072149-try_again_n,0.5,2.0,0.0,2.0,0.0,try_again_n,8.0,0.0,0.5,2.0,0.5,-1.5,-1.5,-1.0,0.0,0.0,0.0,0.0,0.2689414213699951,0.7310585786300049,solvability-pair-0072149,-1.0,0.0,0.0,0.0,0.0,-1.5,0,0.0,TRY_AGAIN,train,solvability-pair-0072149-try_again_n:0,0.0,solvability,0.0,0.0,1.0,-1.5
1.0,0.0,0.0,0.0,0.0,1.0,0.3333333333333333,0,0.0,0.0,-1.0,1.6666666666666667,0.0,solvability-pair-0072149-try_again_n,0.3333333333333333,2.0,1.0,2.0,0.6931471805599453,try_again_n,8.0,0.125,0.5,2.0,0.5,-1.5,-1.5,0.0,-1.0,0.0,0.0,0.0,0.029312230751356316,0.9706877692486436,solvability-pair-0072149,-3.5,1.0,-1.0,0.0,0.0,-1.6666666666666667,1,0.0,GIVE_UP,train,solvability-pair-0072149-try_again_n:1,0.0,solvability,0.0,0.0,1.0,-1.6666666666666667
0.0,0.0,0.0,0.0,0.0,0.0,0.5,1,0.0,0.0,0.0,-0.5,0.0,solvability-pair-0072150-try_again_m,0.5,0.0,0.0,0.0,0.0,try_again_m,8.0,0.0,0.5,0.0,0.5,0.5,0.5,1.0,0.0,0.0,0.0,0.0,0.7549149868676283,0.24508501313237172,solvability-pair-0072150,1.125,0.0,0.0,0.0,0.0,0.5,0,0.0,TRY_AGAIN,validation,solvability-pair-0072150-try_again_m:0,0.0,solvability,0.0,0.0,1.0,0.5
1.0,0.0,0.0,0.0,0.0,1.0,0.6666666666666666,1,0.0,0.0,1.0,-0.6666666666666666,0.0,solvability-pair-0072150-try_again_m,0.6666666666666666,0.0,0.0,0.0,0.6931471805599453,try_again_m,8.0,0.125,0.5,0.0,0.5,0.5,0.5,-1.0,1.0,0.0,0.0,0.0,0.9989677689632452,0.0010322310367548194,solvability-pair-0072150,6.875,1.0,1.0,1.0,1.0,0.6666666666666666,1,0.0,TRY_AGAIN,validation,solvability-pair-0072150-try_again_m:1,1.0,solvability,0.0,0.0,1.0,0.6666666666666666
1.0,1.0,0.0,0.0,0.0,2.0,0.5,1,0.0,0.0,0.0,-0.5,0.0,solvability-pair-0072150-try_again_m,0.5,0.0,1.0,0.0,1.0986122886681098,try_again_m,8.0,0.25,0.5,0.0,0.5,0.5,0.5,-1.0,-1.0,1.0,0.0,0.0,0.7549149868676283,0.24508501313237172,solvability-pair-0072150,1.125,1.0,-1.0,1.0,1.0,0.5,2,1.0,TRY_AGAIN,validation,solvability-pair-0072150-try_again_m:2,0.0,solvability,0.0,0.0,1.0,0.5
1.0,1.0,1.0,0.0,0.0,3.0,0.4,1,0.0,0.0,-1.0,-0.4,0.0,solvability-pair-0072150-try_again_m,0.4,0.0,2.0,0.0,1.3862943611198906,try_again_m,8.0,0.375,0.5,0.0,0.5,0.5,0.5,-1.0,-1.0,-1.0,1.0,0.0,0.29421497216298875,0.7057850278370112,solvability-pair-0072150,-0.875,1.0,-1.0,1.0,1.0,0.4,3,1.0,TRY_AGAIN,validation,solvability-pair-0072150-try_again_m:3,0.0,solvability,0.0,0.0,1.0,0.4
1.0,1.0,1.0,0.0,0.0,4.0,0.3333333333333333,0,0.0,0.0,-2.0,-0.3333333333333333,0.0,solvability-pair-0072150-try_again_m,0.3333333333333333,0.0,3.0,0.0,1.6094379124341003,try_again_m,8.0,0.5,0.5,0.0,0.5,0.5,0.5,0.0,-1.0,-1.0,-1.0,0.0,0.20181322226037882,0.7981867777396212,solvability-pair-0072150,-1.375,1.0,-1.0,1.0,1.0,0.3333333333333333,4,1.0,GIVE_UP,validation,solvability-pair-0072150-try_again_m:4,0.0,solvability,0.0,0.0,1.0,0.3333333333333333
0.0,0.0,0.0,0.0,0.0,0.0,0.5,0,0.0,0.0,0.0,-0.5,0.0,solvability-pair-0072150-try_again_n,0.5,0.0,0.0,0.0,0.0,try_again_n,8.0,0.0,0.5,0.0,0.5,0.5,0.5,0.0,0.0,0.0,0.0,0.0,0.34864513533394575,0.6513548646660542,solvability-pair-0072150,-0.625,0.0,0.0,0.0,0.0,0.5,0,0.0,GIVE_UP,validation,solvability-pair-0072150-try_again_n:0,0.0,solvability,0.0,0.0,1.0,0.5
0.0,0.0,0.0,0.0,0.0,0.0,0.25,1,0.0,0.0,0.0,-0.25,-1.0,solvability-pair-0072151-try_again_m,0.25,0.0,0.0,0.0,0.0,try_again_m,8.0,0.0,0.2,0.0,0.2,0.2,0.2,-1.0,0.0,0.0,0.0,0.0,0.5,0.5,solvability-pair-0072151,0.0,0.0,0.0,0.0,0.0,0.25,0,0.0,TRY_AGAIN,validation,solvability-pair-0072151-try_again_m:0,0.0,solvability,0.0,0.0,1.0,0.25
1.0,0.0,0.0,0.0,0.0,1.0,0.16666666666666666,0,0.0,0.0,-1.0,-0.16666666666666666,-1.0,solvability-pair-0072151-try_again_m,0.16666666666666666,0.0,1.0,0.0,0.6931471805599453,try_again_m,8.0,0.125,0.2,0.0,0.2,0.2,0.2,0.0,-1.0,0.0,0.0,0.0,0.02595735719779685,0.9740426428022031,solvability-pair-0072151,-3.625,1.0,-1.0,0.0,0.0,0.16666666666666666,1,0.0,GIVE_UP,validation,solvability-pair-0072151-try_again_m:1,0.0,solvability,0.0,0.0,1.0,0.16666666666666666
0.0,0.0,0.0,0.0,0.0,0.0,0.25,1,0.0,0.0,0.0,-0.25,-1.0,solvability-pair-0072151-try_again_n,0.25,0.0,0.0,0.0,0.0,try_again_n,8.0,0.0,0.2,0.0,0.2,0.2,0.2,-1.0,0.0,0.0,0.0,0.0,0.22270013882530884,0.7772998611746911,solvability-pair-0072151,-1.25,0.0,0.0,0.0,0.0,0.25,0,0.0,TRY_AGAIN,validation,solvability-pair-0072151-try_again_n:0,0.0,solvability,0.0,0.0,1.0,0.25
1.0,0.0,0.0,0.0,0.0,1.0,0.16666666666666666,0,0.0,0.0,-1.0,-0.16666666666666666,-1.0,solvability-pair-0072151-try_again_n,0.16666666666666666,0.0,1.0,0.0,0.6931471805599453,try_again_n,8.0,0.125,0.2,0.0,0.2,0.2,0.2,0.0,-1.0,0.0,0.0,0.0,0.02595735719779685,0.9740426428022031,solvability-pair-0072151,-3.625,1.0,-1.0,0.0,0.0,0.16666666666666666,1,0.0,GIVE_UP,validation,solvability-pair-0072151-try_again_n:1,0.0,solvability,0.0,0.0,1.0,0.16666666666666666
0.0,0.0,0.0,0.0,0.0,0.0,0.25,0,0.0,0.0,0.0,1.75,-1.0,solvability-pair-0072152-try_again_m,0.25,2.0,0.0,2.0,0.0,try_again_m,8.0,0.0,0.2,2.0,0.2,-1.8,-1.8,0.0,0.0,0.0,0.0,0.0,0.4073334000459302,0.5926665999540697,solvability-pair-0072152,-0.375,0.0,0.0,0.0,0.0,-1.75,0,0.0,GIVE_UP,train,solvability-pair-0072152-try_again_m:0,0.0,solvability,0.0,0.0,1.0,-1.75
0.0,0.0,0.0,0.0,0.0,0.0,0.25,0,0.0,0.0,0.0,1.75,-1.0,solvability-pair-0072152-try_again_n,0.25,2.0,0.0,2.0,0.0,try_again_n,8.0,0.0,0.2,2.0,0.2,-1.8,-1.8,0.0,0.0,0.0,0.0,0.0,0.20181322226037882,0.7981867777396212,solvability-pair-0072152,-1.375,0.0,0.0,0.0,0.0,-1.75,0,0.0,GIVE_UP,train,solvability-pair-0072152-try_again_n:0,0.0,solvability,0.0,0.0,1.0,-1.75
0.0,0.0,0.0,0.0,1.0,0.0,0.25,1,1.0,0.0,0.0,0.75,-1.0,solvability-pair-0072153-try_again_m,-0.75,0.0,0.0,0.0,0.0,try_again_m,8.0,0.0,-0.8,0.0,0.2,-0.8,-0.8,-1.0,0.0,0.0,0.0,0.0,0.37754066879814546,0.6224593312018546,solvability-pair-0072153,-0.5,0.0,0.0,0.0,0.0,-0.75,0,0.0,TRY_AGAIN,train,solvability-pair-0072153-try_again_m:0,0.0,solvability,0.0,0.0,1.0,-0.75
1.0,0.0,0.0,0.0,1.0,1.0,0.16666666666666666,0,1.0,1.0,-1.0,0.8333333333333334,-1.0,solvability-pair-0072153-try_again_m,-0.8333333333333334,0.0,1.0,0.0,0.6931471805599453,try_again_m,8.0,0.125,-0.8,0.0,0.2,-0.8,-0.8,0.0,-1.0,0.0,0.0,0.0,0.02595735719779685,0.9740426428022031,solvability-pair-0072153,-3.625,1.0,-1.0,0.0,0.0,-0.8333333333333334,1,0.0,GIVE_UP,train,solvability-pair-0072153-try_again_m:1,0.0,solvability,0.0,0.0,1.0,-0.8333333333333334
0.0,0.0,0.0,0.0,1.0,0.0,0.25,1,1.0,0.0,0.0,0.75,-1.0,solvability-pair-0072153-try_again_n,-0.75,0.0,0.0,0.0,0.0,try_again_n,8.0,0.0,-0.8,0.0,0.2,-0.8,-0.8,-1.0,0.0,0.0,0.0,0.0,0.22270013882530884,0.7772998611746911,solvability-pair-0072153,-1.25,0.0,0.0,0.0,0.0,-0.75,0,0.0,TRY_AGAIN,train,solvability-pair-0072153-try_again_n:0,0.0,solvability,0.0,0.0,1.0,-0.75
1.0,0.0,0.0,0.0,1.0,1.0,0.16666666666666666,0,1.0,1.0,-1.0,0.8333333333333334,-1.0,solvability-pair-0072153-try_again_n,-0.8333333333333334,0.0,1.0,0.0,0.6931471805599453,try_again_n,8.0,0.125,-0.8,0.0,0.2,-0.8,-0.8,0.0,-1.0,0.0,0.0,0.0,0.020332353342658753,0.9796676466573412,solvability-pair-0072153,-3.875,1.0,-1.0,0.0,0.0,-0.8333333333333334,1,0.0,GIVE_UP,train,solvability-pair-0072153-try_again_n:1,0.0,solvability,0.0,0.0,1.0,-0.8333333333333334
0.0,0.0,0.0,0.0,0.0,0.0,0.75,1,0.0,0.0,0.0,-0.75,1.0,solvability-pair-0072154-try_again_m,0.75,0.0,0.0,0.0,0.0,try_again_m,8.0,0.0,0.8,0.0,0.8,0.8,0.8,1.0,0.0,0.0,0.0,0.0,0.9840936082881853,0.01590639171181471,solvability-pair-0072154,4.125,0.0,0.0,0.0,0.0,0.75,0,0.0,TRY_AGAIN,train,solvability-pair-0072154-try_again_m:0,0.0,solvability,0.0,0.0,1.0,0.75
1.0,0.0,0.0,0.0,0.0,1.0,0.8333333333333334,1,0.0,0.0,1.0,-0.8333333333333334,1.0,solvability-pair-0072154-try_again_m,0.8333333333333334,0.0,0.0,0.0,0.6931471805599453,try_again_m,8.0,0.125,0.8,0.0,0.8,0.8,0.8,1.0,1.0,0.0,0.0,0.0,0.9997965730219448,0.0002034269780552065,solvability-pair-0072154,8.5,1.0,1.0,1.0,1.0,0.8333333333333334,1,0.0,TRY_AGAIN,train,solvability-pair-0072154-try_again_m:1,1.0,solvability,0.0,0.0,1.0,0.8333333333333334
1.0,1.0,0.0,0.0,0.0,2.0,0.875,1,0.0,0.0,2.0,-0.875,1.0,solvability-pair-0072154-try_again_m,0.875,0.0,0.0,0.0,1.0986122886681098,try_again_m,8.0,0.25,0.8,0.0,0.8,0.8,0.8,-1.0,1.0,1.0,0.0,0.0,0.9968273171575148,0.0031726828424851893,solvability-pair-0072154,5.75,1.0,1.0,2.0,2.0,0.875,2,1.0,TRY_AGAIN,train,solvability-pair-0072154-try_again_m:2,2.0,solvability,0.0,0.0,1.0,0.875
1.0,1.0,1.0,0.0,0.0,3.0,0.7,0,0.0,0.0,1.0,-0.7,1.0,solvability-pair-0072154-try_again_m,0.7,0.0,1.0,0.0,1.3862943611198906,try_again_m,8.0,0.375,0.8,0.0,0.8,0.8,0.8,0.0,-1.0,1.0,1.0,0.0,0.7772998611746911,0.22270013882530884,solvability-pair-0072154,1.25,1.0,-1.0,2.0,2.0,0.7,3,1.0,GIVE_UP,train,solvability-pair-0072154-try_again_m:3,0.0,solvability,0.0,0.0,1.0,0.7
0.0,0.0,0.0,0.0,0.0,0.0,0.75,1,0.0,0.0,0.0,-0.75,1.0,solvability-pair-0072154-try_again_n,0.75,0.0,0.0,0.0,0.0,try_again_n,8.0,0.0,0.8,0.0,0.8,0.8,0.8,1.0,0.0,0.0,0.0,0.0,0.8175744761936437,0.18242552380635632,solvability-pair-0072154,1.5,0.0,0.0,0.0,0.0,0.75,0,0.0,TRY_AGAIN,train,solvability-pair-0072154-try_again_n:0,0.0,solvability,0.0,0.0,1.0,0.75
1.0,0.0,0.0,0.0,0.0,1.0,0.8333333333333334,1,0.0,0.0,1.0,-0.8333333333333334,1.0,solvability-pair-0072154-try_again_n,0.8333333333333334,0.0,0.0,0.0,0.6931471805599453,try_again_n,8.0,0.125,0.8,0.0,0.8,0.8,0.8,1.0,1.0,0.0,0.0,0.0,0.9999251537724895,7.484622751061124e-05,solvability-pair-0072154,9.5,1.0,1.0,1.0,1.0,0.8333333333333334,1,0.0,TRY_AGAIN,train,solvability-pair-0072154-try_again_n:1,1.0,solvability,0.0,0.0,1.0,0.8333333333333334
1.0,1.0,0.0,0.0,0.0,2.0,0.875,1,0.0,0.0,2.0,-0.875,1.0,solvability-pair-0072154-try_again_n,0.875,0.0,0.0,0.0,1.0986122886681098,try_again_n,8.0,0.25,0.8,0.0,0.8,0.8,0.8,-1.0,1.0,1.0,0.0,0.0,0.9990889488055994,0.0009110511944006454,solvability-pair-0072154,7.0,1.0,1.0,2.0,2.0,0.875,2,1.0,TRY_AGAIN,train,solvability-pair-0072154-try_again_n:2,2.0,solvability,0.0,0.0,1.0,0.875
1.0,1.0,1.0,0.0,0.0,3.0,0.7,0,0.0,0.0,1.0,-0.7,1.0,solvability-pair-0072154-try_again_n,0.7,0.0,1.0,0.0,1.3862943611198906,try_again_n,8.0,0.375,0.8,0.0,0.8,0.8,0.8,0.0,-1.0,1.0,1.0,0.0,0.7981867777396212,0.20181322226037882,solvability-pair-0072154,1.375,1.0,-1.0,2.0,2.0,0.7,3,1.0,GIVE_UP,train,solvability-pair-0072154-try_again_n:3,0.0,solvability,0.0,0.0,1.0,0.7
0.0,0.0,0.0,0.0,1.0,0.0,0.75,1,1.0,0.0,0.0,2.25,1.0,solvability-pair-0072155-try_again_m,-0.25,2.0,0.0,2.0,0.0,try_again_m,8.0,0.0,-0.19999999999999996,2.0,0.8,-2.2,-2.2,1.0,0.0,0.0,0.0,0.0,0.9399133498259924,0.06008665017400762,solvability-pair-0072155,2.75,0.0,0.0,0.0,0.0,-2.25,0,0.0,TRY_AGAIN,train,solvability-pair-0072155-try_again_m:0,0.0,solvability,0.0,0.0,1.0,-2.25
1.0,0.0,0.0,0.0,1.0,1.0,0.8333333333333334,1,1.0,1.0,1.0,2.1666666666666665,1.0,solvability-pair-0072155-try_again_m,-0.16666666666666663,2.0,0.0,2.0,0.6931471805599453,try_again_m,8.0,0.125,-0.19999999999999996,2.0,0.8,-2.2,-2.2,1.0,1.0,0.0,0.0,0.0,0.9993736658418905,0.0006263341581094201,solvability-pair-0072155,7.375,1.0,1.0,1.0,1.0,-2.1666666666666665,1,0.0,TRY_AGAIN,train,solvability-pair-0072155-try_again_m:1,1.0,solvability,0.0,0.0,1.0,-2.1666666666666665
1.0,1.0,0.0,0.0,1.0,2.0,0.875,1,1.0,2.0,2.0,2.125,1.0,solvability-pair-0072155-try_again_m,-0.125,2.0,0.0,2.0,1.0986122886681098,try_again_m,8.0,0.25,-0.19999999999999996,2.0,0.8,-2.2,-2.2,1.0,1.0,1.0,0.0,0.0,0.9770226300899744,0.02297736991002561,solvability-pair-0072155,3.75,1.0,1.0,2.0,2.0,-2.125,2,1.0,TRY_AGAIN,train,solvability-pair-0072155-try_again_m:2,2.0,solvability,0.0,0.0,1.0,-2.125
1.0,1.0,1.0,0.0,1.0,3.0,0.9,1,1.0,3.0,3.0,2.1,1.0,solvability-pair-0072155-try_again_m,-0.09999999999999998,2.0,0.0,2.0,1.3862943611198906,try_again_m,8.0,0.375,-0.19999999999999996,2.0,0.8,-2.2,-2.2,1.0,1.0,1.0,1.0,0.0,0.9399133498259924,0.06008665017400762,solvability-pair-0072155,2.75,1.0,1.0,3.0,3.0,-2.1,3,1.0,TRY_AGAIN,train,solvability-pair-0072155-try_again_m:3,3.0,solvability,0.0,0.0,1.0,-2.1
1.0,1.0,1.0,0.0,1.0,4.0,0.9166666666666666,1,1.0,4.0,4.0,2.0833333333333335,1.0,solvability-pair-0072155-try_again_m,-0.08333333333333337,2.0,0.0,2.0,1.6094379124341003,try_again_m,8.0,0.5,-0.19999999999999996,2.0,0.8,-2.2,-2.2,1.0,1.0,1.0,1.0,0.0,0.8354835371034369,0.1645164628965632,solvability-pair-0072155,1.625,1.0,1.0,4.0,4.0,-2.0833333333333335,4,1.0,TRY_AGAIN,train,solvability-pair-0072155-try_again_m:4,4.0,solvability,0.0,0.0,1.0,-2.0833333333333335
1.0,1.0,1.0,1.0,1.0,5.0,0.9285714285714286,0,1.0,5.0,5.0,2.071428571428571,1.0,solvability-pair-0072155-try_again_m,-0.0714285714285714,2.0,0.0,2.0,1.791759469228055,try_again_m,8.0,0.625,-0.19999999999999996,2.0,0.8,-2.2,-2.2,0.0,1.0,1.0,1.0,1.0,0.7057850278370112,0.29421497216298875,solvability-pair-0072155,0.875,1.0,1.0,5.0,5.0,-2.071428571428571,5,1.0,GIVE_UP,train,solvability-pair-0072155-try_again_m:5,5.0,solvability,0.0,0.0,1.0,-2.071428571428571
0.0,0.0,0.0,0.0,1.0,0.0,0.75,0,1.0,0.0,0.0,2.25,1.0,solvability-pair-0072155-try_again_n,-0.25,2.0,0.0,2.0,0.0,try_again_n,8.0,0.0,-0.19999999999999996,2.0,0.8,-2.2,-2.2,0.0,0.0,0.0,0.0,0.0,0.679178699175393,0.32082130082460697,solvability-pair-0072155,0.75,0.0,0.0,0.0,0.0,-2.25,0,0.0,GIVE_UP,train,solvability-pair-0072155-try_again_n:0,0.0,solvability,0.0,0.0,1.0,-2.25
0.0,0.0,0.0,0.0,0.0,0.0,0.75,1,0.0,0.0,0.0,1.25,1.0,solvability-pair-0072156-try_again_m,0.75,2.0,0.0,2.0,0.0,try_again_m,8.0,0.0,0.8,2.0,0.8,-1.2,-1.2,1.0,0.0,0.0,0.0,0.0,0.9770226300899744,0.02297736991002561,solvability-pair-0072156,3.75,0.0,0.0,0.0,0.0,-1.25,0,0.0,TRY_AGAIN,train,solvability-pair-0072156-try_again_m:0,0.0,solvability,0.0,0.0,1.0,-1.25
1.0,0.0,0.0,0.0,0.0,1.0,0.8333333333333334,1,0.0,0.0,1.0,1.1666666666666665,1.0,solvability-pair-0072156-try_again_m,0.8333333333333334,2.0,0.0,2.0,0.6931471805599453,try_again_m,8.0,0.125,0.8,2.0,0.8,-1.2,-1.2,1.0,1.0,0.0,0.0,0.0,0.9996646498695336,0.00033535013046647816,solvability-pair-0072156,8.0,1.0,1.0,1.0,1.0,-1.1666666666666665,1,0.0,TRY_AGAIN,train,solvability-pair-0072156-try_again_m:1,1.0,solvability,0.0,0.0,1.0,-1.1666666666666665
1.0,1.0,0.0,0.0,0.0,2.0,0.875,1,0.0,0.0,2.0,1.125,1.0,solvability-pair-0072156-try_again_m,0.875,2.0,0.0,2.0,1.0986122886681098,try_again_m,8.0,0.25,0.8,2.0,0.8,-1.2,-1.2,1.0,1.0,1.0,0.0,0.0,0.9924227587321393,0.007577241267860811,solvability-pair-0072156,4.875,1.0,1.0,2.0,2.0,-1.125,2,1.0,TRY_AGAIN,train,solvability-pair-0072156-try_again_m:2,2.0,solvability,0.0,0.0,1.0,-1.125
1.0,1.0,1.0,0.0,0.0,3.0,0.9,1,0.0,0.0,3.0,1.1,1.0,solvability-pair-0072156-try_again_m,0.9,2.0,0.0,2.0,1.3862943611198906,try_again_m,8.0,0.375,0.8,2.0,0.8,-1.2,-1.2,1.0,1.0,1.0,1.0,0.0,0.9859363729567544,0.014063627043245474,solvability-pair-0072156,4.25,1.0,1.0,3.0,3.0,-1.1,3,1.0,TRY_AGAIN,train,solvability-pair-0072156-try_again_m:3,3.0,solvability,0.0,0.0,1.0,-1.1
1.0,1.0,1.0,0.0,0.0,4.0,0.9166666666666666,1,0.0,0.0,4.0,1.0833333333333335,1.0,solvability-pair-0072156-try_again_m,0.9166666666666666,2.0,0.0,2.0,1.6094379124341003,try_again_m,8.0,0.5,0.8,2.0,0.8,-1.2,-1.2,1.0,1.0,1.0,1.0,0.0,0.9579122720843811,0.04208772791561884,solvability-pair-0072156,3.125,1.0,1.0,4.0,4.0,-1.0833333333333335,4,1.0,TRY_AGAIN,train,solvability-pair-0072156-try_again_m:4,4.0,solvability,0.0,0.0,1.0,-1.0833333333333335
1.0,1.0,1.0,1.0,0.0,5.0,0.9285714285714286,0,0.0,0.0,5.0,1.0714285714285714,1.0,solvability-pair-0072156-try_again_m,0.9285714285714286,2.0,0.0,2.0,1.791759469228055,try_again_m,8.0,0.625,0.8,2.0,0.8,-1.2,-1.2,0.0,1.0,1.0,1.0,1.0,0.8933094060543487,0.10669059394565118,solvability-pair-0072156,2.125,1.0,1.0,5.0,5.0,-1.0714285714285714,5,1.0,GIVE_UP,train,solvability-pair-0072156-try_again_m:5,5.0,solvability,0.0,0.0,1.0,-1.0714285714285714
0.0,0.0,0.0,0.0,0.0,0.0,0.75,1,0.0,0.0,0.0,1.25,1.0,solvability-pair-0072156-try_again_n,0.75,2.0,0.0,2.0,0.0,try_again_n,8.0,0.0,0.8,2.0,0.8,-1.2,-1.2,1.0,0.0,0.0,0.0,0.0,0.7772998611746911,0.22270013882530884,solvability-pair-0072156,1.25,0.0,0.0,0.0,0.0,-1.25,0,0.0,TRY_AGAIN,train,solvability-pair-0072156-try_again_n:0,0.0,solvability,0.0,0.0,1.0,-1.25
1.0,0.0,0.0,0.0,0.0,1.0,0.8333333333333334,1,0.0,0.0,1.0,1.1666666666666665,1.0,solvability-pair-0072156-try_again_n,0.8333333333333334,2.0,0.0,2.0,0.6931471805599453,try_again_n,8.0,0.125,0.8,2.0,0.8,-1.2,-1.2,1.0,1.0,0.0,0.0,0.0,0.9997694932780068,0.0002305067219931397,solvability-pair-0072156,8.375,1.0,1.0,1.0,1.0,-1.1666666666666665,1,0.0,TRY_AGAIN,train,solvability-pair-0072156-try_again_n:1,1.0,solvability,0.0,0.0,1.0,-1.1666666666666665
1.0,1.0,0.0,0.0,0.0,2.0,0.875,1,0.0,0.0,2.0,1.125,1.0,solvability-pair-0072156-try_again_n,0.875,2.0,0.0,2.0,1.0986122886681098,try_again_n,8.0,0.25,0.8,2.0,0.8,-1.2,-1.2,1.0,1.0,1.0,0.0,0.0,0.9953904278206259,0.004609572179374208,solvability-pair-0072156,5.375,1.0,1.0,2.0,2.0,-1.125,2,1.0,TRY_AGAIN,train,solvability-pair-0072156-try_again_n:2,2.0,solvability,0.0,0.0,1.0,-1.125
1.0,1.0,1.0,0.0,0.0,3.0,0.9,1,0.0,0.0,3.0,1.1,1.0,solvability-pair-0072156-try_again_n,0.9,2.0,0.0,2.0,1.3862943611198906,try_again_n,8.0,0.375,0.8,2.0,0.8,-1.2,-1.2,1.0,1.0,1.0,1.0,0.0,0.9875683491468141,0.012431650853185818,solvability-pair-0072156,4.375,1.0,1.0,3.0,3.0,-1.1,3,1.0,TRY_AGAIN,train,solvability-pair-0072156-try_again_n:3,3.0,solvability,0.0,0.0,1.0,-1.1
1.0,1.0,1.0,0.0,0.0,4.0,0.9166666666666666,1,0.0,0.0,4.0,1.0833333333333335,1.0,solvability-pair-0072156-try_again_n,0.9166666666666666,2.0,0.0,2.0,1.6094379124341003,try_again_n,8.0,0.5,0.8,2.0,0.8,-1.2,-1.2,1.0,1.0,1.0,1.0,0.0,0.9626731126558706,0.037326887344129464,solvability-pair-0072156,3.25,1.0,1.0,4.0,4.0,-1.0833333333333335,4,1.0,TRY_AGAIN,train,solvability-pair-0072156-try_again_n:4,4.0,solvability,0.0,0.0,1.0,-1.0833333333333335
1.0,1.0,1.0,1.0,0.0,5.0,0.9285714285714286,0,0.0,0.0,5.0,1.0714285714285714,1.0,solvability-pair-0072156-try_again_n,0.9285714285714286,2.0,0.0,2.0,1.791759469228055,try_again_n,8.0,0.625,0.8,2.0,0.8,-1.2,-1.2,0.0,1.0,1.0,1.0,1.0,0.9046505351008906,0.0953494648991095,solvability-pair-0072156,2.25,1.0,1.0,5.0,5.0,-1.0714285714285714,5,1.0,GIVE_UP,train,solvability-pair-0072156-try_again_n:5,5.0,solvability,0.0,0.0,1.0,-1.0714285714285714
0.0,0.0,0.0,0.0,1.0,0.0,0.5,1,1.0,0.0,0.0,2.5,0.0,solvability-pair-0072157-try_again_m,-0.5,2.0,0.0,2.0,0.0,try_again_m,8.0,0.0,-0.5,2.0,0.5,-2.5,-2.5,-1.0,0.0,0.0,0.0,0.0,0.46879062662624377,0.5312093733737563,solvability-pair-0072157,-0.125,0.0,0.0,0.0,0.0,-2.5,0,0.0,TRY_AGAIN,train,solvability-pair-0072157-try_again_m:0,0.0,solvability,0.0,0.0,1.0,-2.5
1.0,0.0,0.0,0.0,1.0,1.0,0.3333333333333333,0,1.0,1.0,-1.0,2.666666666666667,0.0,solvability-pair-0072157-try_again_m,-0.6666666666666667,2.0,1.0,2.0,0.6931471805599453,try_again_m,8.0,0.125,-0.5,2.0,0.5,-2.5,-2.5,0.0,-1.0,0.0,0.0,0.0,0.04208772791561884,0.9579122720843811,solvability-pair-0072157,-3.125,1.0,-1.0,0.0,0.0,-2.666666666666667,1,0.0,GIVE_UP,train,solvability-pair-0072157-try_again_m:1,0.0,solvability,0.0,0.0,1.0,-2.666666666666667
0.0,0.0,0.0,0.0,1.0,0.0,0.5,1,1.0,0.0,0.0,2.5,0.0,solvability-pair-0072157-try_again_n,-0.5,2.0,0.0,2.0,0.0,try_again_n,8.0,0.0,-0.5,2.0,0.5,-2.5,-2.5,-1.0,0.0,0.0,0.0,0.0,0.22270013882530884,0.7772998611746911,solvability-pair-0072157,-1.25,0.0,0.0,0.0,0.0,-2.5,0,0.0,TRY_AGAIN,train,solvability-pair-0072157-try_again_n:0,0.0,solvability,0.0,0.0,1.0,-2.5
1.0,0.0,0.0,0.0,1.0,1.0,0.3333333333333333,0,1.0,1.0,-1.0,2.666666666666667,0.0,solvability-pair-0072157-try_again_n,-0.6666666666666667,2.0,1.0,2.0,0.6931471805599453,try_again_n,8.0,0.125,-0.5,2.0,0.5,-2.5,-2.5,0.0,-1.0,0.0,0.0,0.0,0.029312230751356316,0.9706877692486436,solvability-pair-0072157,-3.5,1.0,-1.0,0.0,0.0,-2.666666666666667,1,0.0,GIVE_UP,train,solvability-pair-0072157-try_again_n:1,0.0,solvability,0.0,0.0,1.0,-2.666666666666667
0.0,0.0,0.0,0.0,1.0,0.0,0.5,0,1.0,0.0,0.0,0.5,0.0,solvability-pair-0072158-try_again_m,-0.5,0.0,0.0,0.0,0.0,try_again_m,8.0,0.0,-0.5,0.0,0.5,-0.5,-0.5,0.0,0.0,0.0,0.0,0.0,0.5621765008857981,0.4378234991142019,solvability-pair-0072158,0.25,0.0,0.0,0.0,0.0,-0.5,0,0.0,GIVE_UP,test,solvability-pair-0072158-try_again_m:0,0.0,solvability,0.0,0.0,1.0,-0.5
0.0,0.0,0.0,0.0,1.0,0.0,0.5,0,1.0,0.0,0.0,0.5,0.0,solvability-pair-0072158-try_again_n,-0.5,0.0,0.0,0.0,0.0,try_again_n,8.0,0.0,-0.5,0.0,0.5,-0.5,-0.5,0.0,0.0,0.0,0.0,0.0,0.2689414213699951,0.7310585786300049,solvability-pair-0072158,-1.0,0.0,0.0,0.0,0.0,-0.5,0,0.0,GIVE_UP,test,solvability-pair-0072158-try_again_n:0,0.0,solvability,0.0,0.0,1.0,-0.5
0.0,0.0,0.0,0.0,1.0,0.0,0.25,0,1.0,0.0,0.0,2.75,-1.0,solvability-pair-0072159-try_again_m,-0.75,2.0,0.0,2.0,0.0,try_again_m,8.0,0.0,-0.8,2.0,0.2,-2.8,-2.8,0.0,0.0,0.0,0.0,0.0,0.32082130082460697,0.679178699175393,solvability-pair-0072159,-0.75,0.0,0.0,0.0,0.0,-2.75,0,0.0,GIVE_UP,test,solvability-pair-0072159-try_again_m:0,0.0,solvability,0.0,0.0,1.0,-2.75
0.0,0.0,0.0,0.0,1.0,0.0,0.25,0,1.0,0.0,0.0,2.75,-1.0,solvability-pair-0072159-try_again_n,-0.75,2.0,0.0,2.0,0.0,try_again_n,8.0,0.0,-0.8,2.0,0.2,-2.8,-2.8,0.0,0.0,0.0,0.0,0.0,0.18242552380635632,0.8175744761936437,solvability-pair-0072159,-1.5,0.0,0.0,0.0,0.0,-2.75,0,0.0,GIVE_UP,test,solvability-pair-0072159-try_again_n:0,0.0,solvability,0.0,0.0,1.0,-2.75
0.0,0.0,0.0,0.0,1.0,0.0,0.75,1,1.0,0.0,0.0,0.25,1.0,solvability-pair-0072160-try_again_m,-0.25,0.0,0.0,0.0,0.0,try_again_m,8.0,0.0,-0.19999999999999996,0.0,0.8,-0.19999999999999996,-0.19999999999999996,1.0,0.0,0.0,0.0,0.0,0.9626731126558706,0.037326887344129464,solvability-pair-0072160,3.25,0.0,0.0,0.0,0.0,-0.25,0,0.0,TRY_AGAIN,train,solvability-pair-0072160-try_again_m:0,0.0,solvability,0.0,0.0,1.0,-0.25
1.0,0.0,0.0,0.0,1.0,1.0,0.8333333333333334,1,1.0,1.0,1.0,0.16666666666666663,1.0,solvability-pair-0072160-try_again_m,-0.16666666666666663,0.0,0.0,0.0,0.6931471805599453,try_again_m,8.0,0.125,-0.19999999999999996,0.0,0.8,-0.19999999999999996,-0.19999999999999996,1.0,1.0,0.0,0.0,0.0,0.9995694429186754,0.00043055708132461493,solvability-pair-0072160,7.75,1.0,1.0,1.0,1.0,-0.16666666666666663,1,0.0,TRY_AGAIN,train,solvability-pair-0072160-try_again_m:1,1.0,solvability,0.0,0.0,1.0,-0.16666666666666663
1.0,1.0,0.0,0.0,1.0,2.0,0.875,1,1.0,2.0,2.0,0.125,1.0,solvability-pair-0072160-try_again_m,-0.125,0.0,0.0,0.0,1.0986122886681098,try_again_m,8.0,0.25,-0.19999999999999996,0.0,0.8,-0.19999999999999996,-0.19999999999999996,1.0,1.0,1.0,0.0,0.0,0.991422514586288,0.008577485413711986,solvability-pair-0072160,4.75,1.0,1.0,2.0,2.0,-0.125,2,1.0,TRY_AGAIN,train,solvability-pair-0072160-try_again_m:2,2.0,solvability,0.0,0.0,1.0,-0.125
1.0,1.0,1.0,0.0,1.0,3.0,0.9,1,1.0,3.0,3.0,0.09999999999999998,1.0,solvability-pair-0072160-try_again_m,-0.09999999999999998,0.0,0.0,0.0,1.3862943611198906,try_again_m,8.0,0.375,-0.19999999999999996,0.0,0.8,-0.19999999999999996,-0.19999999999999996,1.0,1.0,1.0,1.0,0.0,0.9770226300899744,0.02297736991002561,solvability-pair-0072160,3.75,1.0,1.0,3.0,3.0,-0.09999999999999998,3,1.0,TRY_AGAIN,train,solvability-pair-0072160-try_again_m:3,3.0,solvability,0.0,0.0,1.0,-0.09999999999999998
1.0,1.0,1.0,0.0,1.0,4.0,0.9166666666666666,1,1.0,4.0,4.0,0.08333333333333337,1.0,solvability-pair-0072160-try_again_m,-0.08333333333333337,0.0,0.0,0.0,1.6094379124341003,try_again_m,8.0,0.5,-0.19999999999999996,0.0,0.8,-0.19999999999999996,-0.19999999999999996,-1.0,1.0,1.0,1.0,0.0,0.8933094060543487,0.10669059394565118,solvability-pair-0072160,2.125,1.0,1.0,4.0,4.0,-0.08333333333333337,4,1.0,TRY_AGAIN,train,solvability-pair-0072160-try_again_m:4,4.0,solvability,0.0,0.0,1.0,-0.08333333333333337
1.0,1.0,1.0,1.0,1.0,5.0,0.7857142857142857,0,1.0,5.0,3.0,0.2142857142857143,1.0,solvability-pair-0072160-try_again_m,-0.2142857142857143,0.0,1.0,0.0,1.791759469228055,try_again_m,8.0,0.625,-0.19999999999999996,0.0,0.8,-0.19999999999999996,-0.19999999999999996,0.0,-1.0,1.0,1.0,1.0,0.13296424019782924,0.8670357598021706,solvability-pair-0072160,-1.875,1.0,-1.0,4.0,4.0,-0.2142857142857143,5,1.0,GIVE_UP,train,solvability-pair-0072160-try_again_m:5,0.0,solvability,0.0,0.0,1.0,-0.2142857142857143
0.0,0.0,0.0,0.0,1.0,0.0,0.75,1,1.0,0.0,0.0,0.25,1.0,solvability-pair-0072160-try_again_n,-0.25,0.0,0.0,0.0,0.0,try_again_n,8.0,0.0,-0.19999999999999996,0.0,0.8,-0.19999999999999996,-0.19999999999999996,1.0,0.0,0.0,0.0,0.0,0.7549149868676283,0.24508501313237172,solvability-pair-0072160,1.125,0.0,0.0,0.0,0.0,-0.25,0,0.0,TRY_AGAIN,train,solvability-pair-0072160-try_again_n:0,0.0,solvability,0.0,0.0,1.0,-0.25
1.0,0.0,0.0,0.0,1.0,1.0,0.8333333333333334,1,1.0,1.0,1.0,0.16666666666666663,1.0,solvability-pair-0072160-try_again_n,-0.16666666666666663,0.0,0.0,0.0,0.6931471805599453,try_again_n,8.0,0.125,-0.19999999999999996,0.0,0.8,-0.19999999999999996,-0.19999999999999996,1.0,1.0,0.0,0.0,0.0,0.9998204720306533,0.0001795279693467774,solvability-pair-0072160,8.625,1.0,1.0,1.0,1.0,-0.16666666666666663,1,0.0,TRY_AGAIN,train,solvability-pair-0072160-try_again_n:1,1.0,solvability,0.0,0.0,1.0,-0.16666666666666663
1.0,1.0,0.0,0.0,1.0,2.0,0.875,1,1.0,2.0,2.0,0.125,1.0,solvability-pair-0072160-try_again_n,-0.125,0.0,0.0,0.0,1.0986122886681098,try_again_n,8.0,0.25,-0.19999999999999996,0.0,0.8,-0.19999999999999996,-0.19999999999999996,1.0,1.0,1.0,0.0,0.0,0.9975273768433653,0.0024726231566347748,solvability-pair-0072160,6.0,1.0,1.0,2.0,2.0,-0.125,2,1.0,TRY_AGAIN,train,solvability-pair-0072160-try_again_n:2,2.0,solvability,0.0,0.0,1.0,-0.125
1.0,1.0,1.0,0.0,1.0,3.0,0.9,1,1.0,3.0,3.0,0.09999999999999998,1.0,solvability-pair-0072160-try_again_n,-0.09999999999999998,0.0,0.0,0.0,1.3862943611198906,try_again_n,8.0,0.375,-0.19999999999999996,0.0,0.8,-0.19999999999999996,-0.19999999999999996,1.0,1.0,1.0,1.0,0.0,0.991422514586288,0.008577485413711986,solvability-pair-0072160,4.75,1.0,1.0,3.0,3.0,-0.09999999999999998,3,1.0,TRY_AGAIN,train,solvability-pair-0072160-try_again_n:3,3.0,solvability,0.0,0.0,1.0,-0.09999999999999998
1.0,1.0,1.0,0.0,1.0,4.0,0.9166666666666666,1,1.0,4.0,4.0,0.08333333333333337,1.0,solvability-pair-0072160-try_again_n,-0.08333333333333337,0.0,0.0,0.0,1.6094379124341003,try_again_n,8.0,0.5,-0.19999999999999996,0.0,0.8,-0.19999999999999996,-0.19999999999999996,-1.0,1.0,1.0,1.0,0.0,0.9324533088603709,0.0675466911396291,solvability-pair-0072160,2.625,1.0,1.0,4.0,4.0,-0.08333333333333337,4,1.0,TRY_AGAIN,train,solvability-pair-0072160-try_again_n:4,4.0,solvability,0.0,0.0,1.0,-0.08333333333333337
1.0,1.0,1.0,1.0,1.0,5.0,0.7857142857142857,0,1.0,5.0,3.0,0.2142857142857143,1.0,solvability-pair-0072160-try_again_n,-0.2142857142857143,0.0,1.0,0.0,1.791759469228055,try_again_n,8.0,0.625,-0.19999999999999996,0.0,0.8,-0.19999999999999996,-0.19999999999999996,0.0,-1.0,1.0,1.0,1.0,0.13296424019782924,0.8670357598021706,solvability-pair-0072160,-1.875,1.0,-1.0,4.0,4.0,-0.2142857142857143,5,1.0,GIVE_UP,train,solvability-pair-0072160-try_again_n:5,0.0,solvability,0.0,0.0,1.0,-0.2142857142857143
0.0,0.0,0.0,0.0,0.0,0.0,0.5,1,0.0,0.0,0.0,1.5,0.0,solvability-pair-0072161-try_again_m,0.5,2.0,0.0,2.0,0.0,try_again_m,8.0,0.0,0.5,2.0,0.5,-1.5,-1.5,1.0,0.0,0.0,0.0,0.0,0.6224593312018546,0.37754066879814546,solvability-pair-0072161,0.5,0.0,0.0,0.0,0.0,-1.5,0,0.0,TRY_AGAIN,test,solvability-pair-0072161-try_again_m:0,0.0,solvability,0.0,0.0,1.0,-1.5
1.0,0.0,0.0,0.0,0.0,1.0,0.6666666666666666,1,0.0,0.0,1.0,1.3333333333333335,0.0,solvability-pair-0072161-try_again_m,0.6666666666666666,2.0,0.0,2.0,0.6931471805599453,try_again_m,8.0,0.125,0.5,2.0,0.5,-1.5,-1.5,1.0,1.0,0.0,0.0,0.0,0.9980732653366725,0.0019267346633274755,solvability-pair-0072161,6.25,1.0,1.0,1.0,1.0,-1.3333333333333335,1,0.0,TRY_AGAIN,test,solvability-pair-0072161-try_again_m:1,1.0,solvability,0.0,0.0,1.0,-1.3333333333333335
1.0,1.0,0.0,0.0,0.0,2.0,0.75,1,0.0,0.0,2.0,1.25,0.0,solvability-pair-0072161-try_again_m,0.75,2.0,0.0,2.0,1.0986122886681098,try_again_m,8.0,0.25,0.5,2.0,0.5,-1.5,-1.5,1.0,1.0,1.0,0.0,0.0,0.9465966702001757,0.053403329799824234,solvability-pair-0072161,2.875,1.0,1.0,2.0,2.0,-1.25,2,1.0,TRY_AGAIN,test,solvability-pair-0072161-try_again_m:2,2.0,solvability,0.0,0.0,1.0,-1.25
1.0,1.0,1.0,0.0,0.0,3.0,0.8,1,0.0,0.0,3.0,1.2,0.0,solvability-pair-0072161-try_again_m,0.8,2.0,0.0,2.0,1.3862943611198906,try_again_m,8.0,0.375,0.5,2.0,0.5,-1.5,-1.5,1.0,1.0,1.0,1.0,0.0,0.9324533088603709,0.0675466911396291,solvability-pair-0072161,2.625,1.0,1.0,3.0,3.0,-1.2,3,1.0,TRY_AGAIN,test,solvability-pair-0072161-try_again_m:3,3.0,solvability,0.0,0.0,1.0,-1.2
1.0,1.0,1.0,0.0,0.0,4.0,0.8333333333333334,1,0.0,0.0,4.0,1.1666666666666665,0.0,solvability-pair-0072161-try_again_m,0.8333333333333334,2.0,0.0,2.0,1.6094379124341003,try_again_m,8.0,0.5,0.5,2.0,0.5,-1.5,-1.5,1.0,1.0,1.0,1.0,0.0,0.8807970779778823,0.11920292202211755,solvability-pair-0072161,2.0,1.0,1.0,4.0,4.0,-1.1666666666666665,4,1.0,TRY_AGAIN,test,solvability-pair-0072161-try_again_m:4,4.0,solvability,0.0,0.0,1.0,-1.1666666666666665
1.0,1.0,1.0,1.0,0.0,5.0,0.8571428571428571,1,0.0,0.0,5.0,1.1428571428571428,0.0,solvability-pair-0072161-try_again_m,0.8571428571428571,2.0,0.0,2.0,1.791759469228055,try_again_m,8.0,0.625,0.5,2.0,0.5,-1.5,-1.5,-1.0,1.0,1.0,1.0,1.0,0.7772998611746911,0.22270013882530884,solvability-pair-0072161,1.25,1.0,1.0,5.0,5.0,-1.1428571428571428,5,1.0,TRY_AGAIN,test,solvability-pair-0072161-try_again_m:5,5.0,solvability,0.0,0.0,1.0,-1.1428571428571428
1.0,1.0,1.0,1.0,0.0,6.0,0.75,0,0.0,0.0,4.0,1.25,0.0,solvability-pair-0072161-try_again_m,0.75,2.0,1.0,2.0,1.9459101490553132,try_again_m,8.0,0.75,0.5,2.0,0.5,-1.5,-1.5,0.0,-1.0,1.0,1.0,1.0,0.22270013882530884,0.7772998611746911,solvability-pair-0072161,-1.25,1.0,-1.0,5.0,5.0,-1.25,6,1.0,GIVE_UP,test,solvability-pair-0072161-try_again_m:6,0.0,solvability,0.0,0.0,1.0,-1.25
0.0,0.0,0.0,0.0,0.0,0.0,0.5,0,0.0,0.0,0.0,1.5,0.0,solvability-pair-0072161-try_again_n,0.5,2.0,0.0,2.0,0.0,try_again_n,8.0,0.0,0.5,2.0,0.5,-1.5,-1.5,0.0,0.0,0.0,0.0,0.0,0.2689414213699951,0.7310585786300049,solvability-pair-0072161,-1.0,0.0,0.0,0.0,0.0,-1.5,0,0.0,GIVE_UP,test,solvability-pair-0072161-try_again_n:0,0.0,solvability,0.0,0.0,1.0,-1.5
0.0,0.0,0.0,0.0,0.0,0.0,0.5,1,0.0,0.0,0.0,-0.5,0.0,solvability-pair-0072162-try_again_m,0.5,0.0,0.0,0.0,0.0,try_again_m,8.0,0.0,0.5,0.0,0.5,0.5,0.5,1.0,0.0,0.0,0.0,0.0,0.7549149868676283,0.24508501313237172,solvability-pair-0072162,1.125,0.0,0.0,0.0,0.0,0.5,0,0.0,TRY_AGAIN,test,solvability-pair-0072162-try_again_m:0,0.0,solvability,0.0,0.0,1.0,0.5
1.0,0.0,0.0,0.0,0.0,1.0,0.6666666666666666,1,0.0,0.0,1.0,-0.6666666666666666,0.0,solvability-pair-0072162-try_again_m,0.6666666666666666,0.0,0.0,0.0,0.6931471805599453,try_again_m,8.0,0.125,0.5,0.0,0.5,0.5,0.5,1.0,1.0,0.0,0.0,0.0,0.9989677689632452,0.0010322310367548194,solvability-pair-0072162,6.875,1.0,1.0,1.0,1.0,0.6666666666666666,1,0.0,TRY_AGAIN,test,solvability-pair-0072162-try_again_m:1,1.0,solvability,0.0,0.0,1.0,0.6666666666666666
1.0,1.0,0.0,0.0,0.0,2.0,0.75,1,0.0,0.0,2.0,-0.75,0.0,solvability-pair-0072162-try_again_m,0.75,0.0,0.0,0.0,1.0986122886681098,try_again_m,8.0,0.25,0.5,0.0,0.5,0.5,0.5,1.0,1.0,1.0,0.0,0.0,0.9669140216112958,0.033085978388704126,solvability-pair-0072162,3.375,1.0,1.0,2.0,2.0,0.75,2,1.0,TRY_AGAIN,test,solvability-pair-0072162-try_again_m:2,2.0,solvability,0.0,0.0,1.0,0.75
1.0,1.0,1.0,0.0,0.0,3.0,0.8,1,0.0,0.0,3.0,-0.8,0.0,solvability-pair-0072162-try_again_m,0.8,0.0,0.0,0.0,1.3862943611198906,try_again_m,8.0,0.375,0.5,0.0,0.5,0.5,0.5,-1.0,1.0,1.0,1.0,0.0,0.9626731126558706,0.037326887344129464,solvability-pair-0072162,3.25,1.0,1.0,3.0,3.0,0.8,3,1.0,TRY_AGAIN,test,solvability-pair-0072162-try_again_m:3,3.0,solvability,0.0,0.0,1.0,0.8
1.0,1.0,1.0,0.0,0.0,4.0,0.6666666666666666,1,0.0,0.0,2.0,-0.6666666666666666,0.0,solvability-pair-0072162-try_again_m,0.6666666666666666,0.0,1.0,0.0,1.6094379124341003,try_again_m,8.0,0.5,0.5,0.0,0.5,0.5,0.5,1.0,-1.0,1.0,1.0,0.0,0.46879062662624377,0.5312093733737563,solvability-pair-0072162,-0.125,1.0,-1.0,3.0,3.0,0.6666666666666666,4,1.0,TRY_AGAIN,test,solvability-pair-0072162-try_again_m:4,0.0,solvability,0.0,0.0,1.0,0.6666666666666666
1.0,1.0,1.0,1.0,0.0,5.0,0.7142857142857143,0,0.0,0.0,3.0,-0.7142857142857143,0.0,solvability-pair-0072162-try_again_m,0.7142857142857143,0.0,0.0,0.0,1.791759469228055,try_again_m,8.0,0.625,0.5,0.0,0.5,0.5,0.5,0.0,1.0,-1.0,1.0,1.0,0.7772998611746911,0.22270013882530884,solvability-pair-0072162,1.25,1.0,1.0,4.0,4.0,0.7142857142857143,5,1.0,GIVE_UP,test,solvability-pair-0072162-try_again_m:5,1.0,solvability,0.0,0.0,1.0,0.7142857142857143
0.0,0.0,0.0,0.0,0.0,0.0,0.5,0,0.0,0.0,0.0,-0.5,0.0,solvability-pair-0072162-try_again_n,0.5,0.0,0.0,0.0,0.0,try_again_n,8.0,0.0,0.5,0.0,0.5,0.5,0.5,0.0,0.0,0.0,0.0,0.0,0.34864513533394575,0.6513548646660542,solvability-pair-0072162,-0.625,0.0,0.0,0.0,0.0,0.5,0,0.0,GIVE_UP,test,solvability-pair-0072162-try_again_n:0,0.0,solvability,0.0,0.0,1.0,0.5
0.0,0.0,0.0,0.0,0.0,0.0,0.25,0,0.0,0.0,0.0,-0.25,-1.0,solvability-pair-0072163-try_again_m,0.25,0.0,0.0,0.0,0.0,try_again_m,8.0,0.0,0.2,0.0,0.2,0.2,0.2,0.0,0.0,0.0,0.0,0.0,0.5,0.5,solvability-pair-0072163,0.0,0.0,0.0,0.0,0.0,0.25,0,0.0,GIVE_UP,test,solvability-pair-0072163-try_again_m:0,0.0,solvability,0.0,0.0,1.0,0.25
0.0,0.0,0.0,0.0,0.0,0.0,0.25,0,0.0,0.0,0.0,-0.25,-1.0,solvability-pair-0072163-try_again_n,0.25,0.0,0.0,0.0,0.0,try_again_n,8.0,0.0,0.2,0.0,0.2,0.2,0.2,0.0,0.0,0.0,0.0,0.0,0.22270013882530884,0.7772998611746911,solvability-pair-0072163,-1.25,0.0,0.0,0.0,0.0,0.25,0,0.0,GIVE_UP,test,solvability-pair-0072163-try_again_n:0,0.0,solvability,0.0,0.0,1.0,0.25
0.0,0.0,0.0,0.0,0.0,0.0,0.25,0,0.0,0.0,0.0,1.75,-1.0,solvability-pair-0072164-try_again_m,0.25,2.0,0.0,2.0,0.0,try_again_m,8.0,0.0,0.2,2.0,0.2,-1.8,-1.8,0.0,0.0,0.0,0.0,0.0,0.4073334000459302,0.5926665999540697,solvability-pair-0072164,-0.375,0.0,0.0,0.0,0.0,-1.75,0,0.0,GIVE_UP,train,solvability-pair-0072164-try_again_m:0,0.0,solvability,0.0,0.0,1.0,-1.75
0.0,0.0,0.0,0.0,0.0,0.0,0.25,0,0.0,0.0,0.0,1.75,-1.0,solvability-pair-0072164-try_again_n,0.25,2.0,0.0,2.0,0.0,try_again_n,8.0,0.0,0.2,2.0,0.2,-1.8,-1.8,0.0,0.0,0.0,0.0,0.0,0.20181322226037882,0.7981867777396212,solvability-pair-0072164,-1.375,0.0,0.0,0.0,0.0,-1.75,0,0.0,GIVE_UP,train,solvability-pair-0072164-try_again_n:0,0.0,solvability,0.0,0.0,1.0,-1.75
0.0,0.0,0.0,0.0,1.0,0.0,0.25,0,1.0,0.0,0.0,0.75,-1.0,solvability-pair-0072165-try_again_m,-0.75,0.0,0.0,0.0,0.0,try_again_m,8.0,0.0,-0.8,0.0,0.2,-0.8,-0.8,0.0,0.0,0.0,0.0,0.0,0.37754066879814546,0.6224593312018546,solvability-pair-0072165,-0.5,0.0,0.0,0.0,0.0,-0.75,0,0.0,GIVE_UP,train,solvability-pair-0072165-try_again_m:0,0.0,solvability,0.0,0.0,1.0,-0.75
0.0,0.0,0.0,0.0,1.0,0.0,0.25,0,1.0,0.0,0.0,0.75,-1.0,solvability-pair-0072165-try_again_n,-0.75,0.0,0.0,0.0,0.0,try_again_n,8.0,0.0,-0.8,0.0,0.2,-0.8,-0.8,0.0,0.0,0.0,0.0,0.0,0.22270013882530884,0.7772998611746911,solvability-pair-0072165,-1.25,0.0,0.0,0.0,0.0,-0.75,0,0.0,GIVE_UP,train,solvability-pair-0072165-try_again_n:0,0.0,solvability,0.0,0.0,1.0,-0.75
0.0,0.0,0.0,0.0,0.0,0.0,0.75,1,0.0,0.0,0.0,-0.75,1.0,solvability-pair-0072166-try_again_m,0.75,0.0,0.0,0.0,0.0,try_again_m,8.0,0.0,0.8,0.0,0.8,0.8,0.8,1.0,0.0,0.0,0.0,0.0,0.9840936082881853,0.01590639171181471,solvability-pair-0072166,4.125,0.0,0.0,0.0,0.0,0.75,0,0.0,TRY_AGAIN,train,solvability-pair-0072166-try_again_m:0,0.0,solvability,0.0,0.0,1.0,0.75
1.0,0.0,0.0,0.0,0.0,1.0,0.8333333333333334,1,0.0,0.0,1.0,-0.8333333333333334,1.0,solvability-pair-0072166-try_again_m,0.8333333333333334,0.0,0.0,0.0,0.6931471805599453,try_again_m,8.0,0.125,0.8,0.0,0.8,0.8,0.8,1.0,1.0,0.0,0.0,0.0,0.9997965730219448,0.0002034269780552065,solvability-pair-0072166,8.5,1.0,1.0,1.0,1.0,0.8333333333333334,1,0.0,TRY_AGAIN,train,solvability-pair-0072166-try_again_m:1,1.0,solvability,0.0,0.0,1.0,0.8333333333333334
1.0,1.0,0.0,0.0,0.0,2.0,0.875,1,0.0,0.0,2.0,-0.875,1.0,solvability-pair-0072166-try_again_m,0.875,0.0,0.0,0.0,1.0986122886681098,try_again_m,8.0,0.25,0.8,0.0,0.8,0.8,0.8,-1.0,1.0,1.0,0.0,0.0,0.9968273171575148,0.0031726828424851893,solvability-pair-0072166,5.75,1.0,1.0,2.0,2.0,0.875,2,1.0,TRY_AGAIN,train,solvability-pair-0072166-try_again_m:2,2.0,solvability,0.0,0.0,1.0,0.875
1.0,1.0,1.0,0.0,0.0,3.0,0.7,0,0.0,0.0,1.0,-0.7,1.0,solvability-pair-0072166-try_again_m,0.7,0.0,1.0,0.0,1.3862943611198906,try_again_m,8.0,0.375,0.8,0.0,0.8,0.8,0.8,0.0,-1.0,1.0,1.0,0.0,0.7772998611746911,0.22270013882530884,solvability-pair-0072166,1.25,1.0,-1.0,2.0,2.0,0.7,3,1.0,GIVE_UP,train,solvability-pair-0072166-try_again_m:3,0.0,solvability,0.0,0.0,1.0,0.7
0.0,0.0,0.0,0.0,0.0,0.0,0.75,1,0.0,0.0,0.0,-0.75,1.0,solvability-pair-0072166-try_again_n,0.75,0.0,0.0,0.0,0.0,try_again_n,8.0,0.0,0.8,0.0,0.8,0.8,0.8,1.0,0.0,0.0,0.0,0.0,0.8175744761936437,0.18242552380635632,solvability-pair-0072166,1.5,0.0,0.0,0.0,0.0,0.75,0,0.0,TRY_AGAIN,train,solvability-pair-0072166-try_again_n:0,0.0,solvability,0.0,0.0,1.0,0.75
1.0,0.0,0.0,0.0,0.0,1.0,0.8333333333333334,1,0.0,0.0,1.0,-0.8333333333333334,1.0,solvability-pair-0072166-try_again_n,0.8333333333333334,0.0,0.0,0.0,0.6931471805599453,try_again_n,8.0,0.125,0.8,0.0,0.8,0.8,0.8,1.0,1.0,0.0,0.0,0.0,0.9999251537724895,7.484622751061124e-05,solvability-pair-0072166,9.5,1.0,1.0,1.0,1.0,0.8333333333333334,1,0.0,TRY_AGAIN,train,solvability-pair-0072166-try_again_n:1,1.0,solvability,0.0,0.0,1.0,0.8333333333333334
1.0,1.0,0.0,0.0,0.0,2.0,0.875,1,0.0,0.0,2.0,-0.875,1.0,solvability-pair-0072166-try_again_n,0.875,0.0,0.0,0.0,1.0986122886681098,try_again_n,8.0,0.25,0.8,0.0,0.8,0.8,0.8,-1.0,1.0,1.0,0.0,0.0,0.9990889488055994,0.0009110511944006454,solvability-pair-0072166,7.0,1.0,1.0,2.0,2.0,0.875,2,1.0,TRY_AGAIN,train,solvability-pair-0072166-try_again_n:2,2.0,solvability,0.0,0.0,1.0,0.875
1.0,1.0,1.0,0.0,0.0,3.0,0.7,0,0.0,0.0,1.0,-0.7,1.0,solvability-pair-0072166-try_again_n,0.7,0.0,1.0,0.0,1.3862943611198906,try_again_n,8.0,0.375,0.8,0.0,0.8,0.8,0.8,0.0,-1.0,1.0,1.0,0.0,0.7981867777396212,0.20181322226037882,solvability-pair-0072166,1.375,1.0,-1.0,2.0,2.0,0.7,3,1.0,GIVE_UP,train,solvability-pair-0072166-try_again_n:3,0.0,solvability,0.0,0.0,1.0,0.7
0.0,0.0,0.0,0.0,1.0,0.0,0.75,1,1.0,0.0,0.0,2.25,1.0,solvability-pair-0072167-try_again_m,-0.25,2.0,0.0,2.0,0.0,try_again_m,8.0,0.0,-0.19999999999999996,2.0,0.8,-2.2,-2.2,-1.0,0.0,0.0,0.0,0.0,0.9399133498259924,0.06008665017400762,solvability-pair-0072167,2.75,0.0,0.0,0.0,0.0,-2.25,0,0.0,TRY_AGAIN,train,solvability-pair-0072167-try_again_m:0,0.0,solvability,0.0,0.0,1.0,-2.25
1.0,0.0,0.0,0.0,1.0,1.0,0.5,0,1.0,1.0,-1.0,2.5,1.0,solvability-pair-0072167-try_again_m,-0.5,2.0,1.0,2.0,0.6931471805599453,try_again_m,8.0,0.125,-0.19999999999999996,2.0,0.8,-2.2,-2.2,0.0,-1.0,0.0,0.0,0.0,0.07585818002124356,0.9241418199787566,solvability-pair-0072167,-2.5,1.0,-1.0,0.0,0.0,-2.5,1,0.0,GIVE_UP,train,solvability-pair-0072167-try_again_m:1,0.0,solvability,0.0,0.0,1.0,-2.5
0.0,0.0,0.0,0.0,1.0,0.0,0.75,1,1.0,0.0,0.0,2.25,1.0,solvability-pair-0072167-try_again_n,-0.25,2.0,0.0,2.0,0.0,try_again_n,8.0,0.0,-0.19999999999999996,2.0,0.8,-2.2,-2.2,-1.0,0.0,0.0,0.0,0.0,0.679178699175393,0.32082130082460697,solvability-pair-0072167,0.75,0.0,0.0,0.0,0.0,-2.25,0,0.0,TRY_AGAIN,train,solvability-pair-0072167-try_again_n:0,0.0,solvability,0.0,0.0,1.0,-2.25
1.0,0.0,0.0,0.0,1.0,1.0,0.5,0,1.0,1.0,-1.0,2.5,1.0,solvability-pair-0072167-try_again_n,-0.5,2.0,1.0,2.0,0.6931471805599453,try_again_n,8.0,0.125,-0.19999999999999996,2.0,0.8,-2.2,-2.2,0.0,-1.0,0.0,0.0,0.0,0.08509904500702024,0.9149009549929797,solvability-pair-0072167,-2.375,1.0,-1.0,0.0,0.0,-2.5,1,0.0,GIVE_UP,train,solvability-pair-0072167-try_again_n:1,0.0,solvability,0.0,0.0,1.0,-2.5
0.0,0.0,0.0,0.0,0.0,0.0,0.75,1,0.0,0.0,0.0,1.25,1.0,solvability-pair-0072168-try_again_m,0.75,2.0,0.0,2.0,0.0,try_again_m,8.0,0.0,0.8,2.0,0.8,-1.2,-1.2,-1.0,0.0,0.0,0.0,0.0,0.9770226300899744,0.02297736991002561,solvability-pair-0072168,3.75,0.0,0.0,0.0,0.0,-1.25,0,0.0,TRY_AGAIN,train,solvability-pair-0072168-try_again_m:0,0.0,solvability,0.0,0.0,1.0,-1.25
1.0,0.0,0.0,0.0,0.0,1.0,0.5,0,0.0,0.0,-1.0,1.5,1.0,solvability-pair-0072168-try_again_m,0.5,2.0,1.0,2.0,0.6931471805599453,try_again_m,8.0,0.125,0.8,2.0,0.8,-1.2,-1.2,0.0,-1.0,0.0,0.0,0.0,0.0953494648991095,0.9046505351008906,solvability-pair-0072168,-2.25,1.0,-1.0,0.0,0.0,-1.5,1,0.0,GIVE_UP,train,solvability-pair-0072168-try_again_m:1,0.0,solvability,0.0,0.0,1.0,-1.5
0.0,0.0,0.0,0.0,0.0,0.0,0.75,1,0.0,0.0,0.0,1.25,1.0,solvability-pair-0072168-try_again_n,0.75,2.0,0.0,2.0,0.0,try_again_n,8.0,0.0,0.8,2.0,0.8,-1.2,-1.2,-1.0,0.0,0.0,0.0,0.0,0.7772998611746911,0.22270013882530884,solvability-pair-0072168,1.25,0.0,0.0,0.0,0.0,-1.25,0,0.0,TRY_AGAIN,train,solvability-pair-0072168-try_again_n:0,0.0,solvability,0.0,0.0,1.0,-1.25
1.0,0.0,0.0,0.0,0.0,1.0,0.5,0,0.0,0.0,-1.0,1.5,1.0,solvability-pair-0072168-try_again_n,0.5,2.0,1.0,2.0,0.6931471805599453,try_again_n,8.0,0.125,0.8,2.0,0.8,-1.2,-1.2,0.0,-1.0,0.0,0.0,0.0,0.0953494648991095,0.9046505351008906,solvability-pair-0072168,-2.25,1.0,-1.0,0.0,0.0,-1.5,1,0.0,GIVE_UP,train,solvability-pair-0072168-try_again_n:1,0.0,solvability,0.0,0.0,1.0,-1.5
0.0,0.0,0.0,0.0,1.0,0.0,0.5,0,1.0,0.0,0.0,2.5,0.0,solvability-pair-0072169-try_again_m,-0.5,2.0,0.0,2.0,0.0,try_again_m,8.0,0.0,-0.5,2.0,0.5,-2.5,-2.5,0.0,0.0,0.0,0.0,0.0,0.46879062662624377,0.5312093733737563,solvability-pair-0072169,-0.125,0.0,0.0,0.0,0.0,-2.5,0,0.0,GIVE_UP,validation,solvability-pair-0072169-try_again_m:0,0.0,solvability,0.0,0.0,1.0,-2.5
0.0,0.0,0.0,0.0,1.0,0.0,0.5,0,1.0,0.0,0.0,2.5,0.0,solvability-pair-0072169-try_again_n,-0.5,2.0,0.0,2.0,0.0,try_again_n,8.0,0.0,-0.5,2.0,0.5,-2.5,-2.5,0.0,0.0,0.0,0.0,0.0,0.22270013882530884,0.7772998611746911,solvability-pair-0072169,-1.25,0.0,0.0,0.0,0.0,-2.5,0,0.0,GIVE_UP,validation,solvability-pair-0072169-try_again_n:0,0.0,solvability,0.0,0.0,1.0,-2.5
0.0,0.0,0.0,0.0,1.0,0.0,0.5,1,1.0,0.0,0.0,0.5,0.0,solvability-pair-0072170-try_again_m,-0.5,0.0,0.0,0.0,0.0,try_again_m,8.0,0.0,-0.5,0.0,0.5,-0.5,-0.5,-1.0,0.0,0.0,0.0,0.0,0.5621765008857981,0.4378234991142019,solvability-pair-0072170,0.25,0.0,0.0,0.0,0.0,-0.5,0,0.0,TRY_AGAIN,train,solvability-pair-0072170-try_again_m:0,0.0,solvability,0.0,0.0,1.0,-0.5
1.0,0.0,0.0,0.0,1.0,1.0,0.3333333333333333,0,1.0,1.0,-1.0,0.6666666666666667,0.0,solvability-pair-0072170-try_again_m,-0.6666666666666667,0.0,1.0,0.0,0.6931471805599453,try_again_m,8.0,0.125,-0.5,0.0,0.5,-0.5,-0.5,0.0,-1.0,0.0,0.0,0.0,0.033085978388704126,0.9669140216112958,solvability-pair-0072170,-3.375,1.0,-1.0,0.0,0.0,-0.6666666666666667,1,0.0,GIVE_UP,train,solvability-pair-0072170-try_again_m:1,0.0,solvability,0.0,0.0,1.0,-0.6666666666666667
0.0,0.0,0.0,0.0,1.0,0.0,0.5,0,1.0,0.0,0.0,0.5,0.0,solvability-pair-0072170-try_again_n,-0.5,0.0,0.0,0.0,0.0,try_again_n,8.0,0.0,-0.5,0.0,0.5,-0.5,-0.5,0.0,0.0,0.0,0.0,0.0,0.2689414213699951,0.7310585786300049,solvability-pair-0072170,-1.0,0.0,0.0,0.0,0.0,-0.5,0,0.0,GIVE_UP,train,solvability-pair-0072170-try_again_n:0,0.0,solvability,0.0,0.0,1.0,-0.5
0.0,0.0,0.0,0.0,1.0,0.0,0.25,1,1.0,0.0,0.0,2.75,-1.0,solvability-pair-0072171-try_again_m,-0.75,2.0,0.0,2.0,0.0,try_again_m,8.0,0.0,-0.8,2.0,0.2,-2.8,-2.8,1.0,0.0,0.0,0.0,0.0,0.32082130082460697,0.679178699175393,solvability-pair-0072171,-0.75,0.0,0.0,0.0,0.0,-2.75,0,0.0,TRY_AGAIN,train,solvability-pair-0072171-try_again_m:0,0.0,solvability,0.0,0.0,1.0,-2.75
1.0,0.0,0.0,0.0,1.0,1.0,0.5,1,1.0,1.0,1.0,2.5,-1.0,solvability-pair-0072171-try_again_m,-0.5,2.0,0.0,2.0,0.6931471805599453,try_again_m,8.0,0.125,-0.8,2.0,0.2,-2.8,-2.8,1.0,1.0,0.0,0.0,0.0,0.9940889311437562,0.005911068856243796,solvability-pair-0072171,5.125,1.0,1.0,1.0,1.0,-2.5,1,0.0,TRY_AGAIN,train,solvability-pair-0072171-try_again_m:1,1.0,solvability,0.0,0.0,1.0,-2.5
1.0,1.0,0.0,0.0,1.0,2.0,0.625,1,1.0,2.0,2.0,2.375,-1.0,solvability-pair-0072171-try_again_m,-0.375,2.0,0.0,2.0,1.0986122886681098,try_again_m,8.0,0.25,-0.8,2.0,0.2,-2.8,-2.8,-1.0,1.0,1.0,0.0,0.0,0.8933094060543487,0.10669059394565118,solvability-pair-0072171,2.125,1.0,1.0,2.0,2.0,-2.375,2,1.0,TRY_AGAIN,train,solvability-pair-0072171-try_again_m:2,2.0,solvability,0.0,0.0,1.0,-2.375
1.0,1.0,1.0,0.0,1.0,3.0,0.5,0,1.0,3.0,1.0,2.5,-1.0,solvability-pair-0072171-try_again_m,-0.5,2.0,1.0,2.0,1.3862943611198906,try_again_m,8.0,0.375,-0.8,2.0,0.2,-2.8,-2.8,0.0,-1.0,1.0,1.0,0.0,0.34864513533394575,0.6513548646660542,solvability-pair-0072171,-0.625,1.0,-1.0,2.0,2.0,-2.5,3,1.0,GIVE_UP,train,solvability-pair-0072171-try_again_m:3,0.0,solvability,0.0,0.0,1.0,-2.5
0.0,0.0,0.0,0.0,1.0,0.0,0.25,0,1.0,0.0,0.0,2.75,-1.0,solvability-pair-0072171-try_again_n,-0.75,2.0,0.0,2.0,0.0,try_again_n,8.0,0.0,-0.8,2.0,0.2,-2.8,-2.8,0.0,0.0,0.0,0.0,0.0,0.18242552380635632,0.8175744761936437,solvability-pair-0072171,-1.5,0.0,0.0,0.0,0.0,-2.75,0,0.0,GIVE_UP,train,solvability-pair-0072171-try_again_n:0,0.0,solvability,0.0,0.0,1.0,-2.75
0.0,0.0,0.0,0.0,1.0,0.0,0.75,1,1.0,0.0,0.0,0.25,1.0,solvability-pair-0072172-try_again_m,-0.25,0.0,0.0,0.0,0.0,try_again_m,8.0,0.0,-0.19999999999999996,0.0,0.8,-0.19999999999999996,-0.19999999999999996,1.0,0.0,0.0,0.0,0.0,0.9626731126558706,0.037326887344129464,solvability-pair-0072172,3.25,0.0,0.0,0.0,0.0,-0.25,0,0.0,TRY_AGAIN,train,solvability-pair-0072172-try_again_m:0,0.0,solvability,0.0,0.0,1.0,-0.25
1.0,0.0,0.0,0.0,1.0,1.0,0.8333333333333334,1,1.0,1.0,1.0,0.16666666666666663,1.0,solvability-pair-0072172-try_again_m,-0.16666666666666663,0.0,0.0,0.0,0.6931471805599453,try_again_m,8.0,0.125,-0.19999999999999996,0.0,0.8,-0.19999999999999996,-0.19999999999999996,1.0,1.0,0.0,0.0,0.0,0.9995694429186754,0.00043055708132461493,solvability-pair-0072172,7.75,1.0,1.0,1.0,1.0,-0.16666666666666663,1,0.0,TRY_AGAIN,train,solvability-pair-0072172-try_again_m:1,1.0,solvability,0.0,0.0,1.0,-0.16666666666666663
1.0,1.0,0.0,0.0,1.0,2.0,0.875,1,1.0,2.0,2.0,0.125,1.0,solvability-pair-0072172-try_again_m,-0.125,0.0,0.0,0.0,1.0986122886681098,try_again_m,8.0,0.25,-0.19999999999999996,0.0,0.8,-0.19999999999999996,-0.19999999999999996,1.0,1.0,1.0,0.0,0.0,0.991422514586288,0.008577485413711986,solvability-pair-0072172,4.75,1.0,1.0,2.0,2.0,-0.125,2,1.0,TRY_AGAIN,train,solvability-pair-0072172-try_again_m:2,2.0,solvability,0.0,0.0,1.0,-0.125
1.0,1.0,1.0,0.0,1.0,3.0,0.9,1,1.0,3.0,3.0,0.09999999999999998,1.0,solvability-pair-0072172-try_again_m,-0.09999999999999998,0.0,0.0,0.0,1.3862943611198906,try_again_m,8.0,0.375,-0.19999999999999996,0.0,0.8,-0.19999999999999996,-0.19999999999999996,-1.0,1.0,1.0,1.0,0.0,0.9770226300899744,0.02297736991002561,solvability-pair-0072172,3.75,1.0,1.0,3.0,3.0,-0.09999999999999998,3,1.0,TRY_AGAIN,train,solvability-pair-0072172-try_again_m:3,3.0,solvability,0.0,0.0,1.0,-0.09999999999999998
1.0,1.0,1.0,0.0,1.0,4.0,0.75,0,1.0,4.0,2.0,0.25,1.0,solvability-pair-0072172-try_again_m,-0.25,0.0,1.0,0.0,1.6094379124341003,try_again_m,8.0,0.5,-0.19999999999999996,0.0,0.8,-0.19999999999999996,-0.19999999999999996,0.0,-1.0,1.0,1.0,0.0,0.32082130082460697,0.679178699175393,solvability-pair-0072172,-0.75,1.0,-1.0,3.0,3.0,-0.25,4,1.0,GIVE_UP,train,solvability-pair-0072172-try_again_m:4,0.0,solvability,0.0,0.0,1.0,-0.25
0.0,0.0,0.0,0.0,1.0,0.0,0.75,1,1.0,0.0,0.0,0.25,1.0,solvability-pair-0072172-try_again_n,-0.25,0.0,0.0,0.0,0.0,try_again_n,8.0,0.0,-0.19999999999999996,0.0,0.8,-0.19999999999999996,-0.19999999999999996,1.0,0.0,0.0,0.0,0.0,0.7549149868676283,0.24508501313237172,solvability-pair-0072172,1.125,0.0,0.0,0.0,0.0,-0.25,0,0.0,TRY_AGAIN,train,solvability-pair-0072172-try_again_n:0,0.0,solvability,0.0,0.0,1.0,-0.25
1.0,0.0,0.0,0.0,1.0,1.0,0.8333333333333334,1,1.0,1.0,1.0,0.16666666666666663,1.0,solvability-pair-0072172-try_again_n,-0.16666666666666663,0.0,0.0,0.0,0.6931471805599453,try_again_n,8.0,0.125,-0.19999999999999996,0.0,0.8,-0.19999999999999996,-0.19999999999999996,1.0,1.0,0.0,0.0,0.0,0.9998204720306533,0.0001795279693467774,solvability-pair-0072172,8.625,1.0,1.0,1.0,1.0,-0.16666666666666663,1,0.0,TRY_AGAIN,train,solvability-pair-0072172-try_again_n:1,1.0,solvability,0.0,0.0,1.0,-0.16666666666666663
1.0,1.0,0.0,0.0,1.0,2.0,0.875,1,1.0,2.0,2.0,0.125,1.0,solvability-pair-0072172-try_again_n,-0.125,0.0,0.0,0.0,1.0986122886681098,try_again_n,8.0,0.25,-0.19999999999999996,0.0,0.8,-0.19999999999999996,-0.19999999999999996,1.0,1.0,1.0,0.0,0.0,0.9975273768433653,0.0024726231566347748,solvability-pair-0072172,6.0,1.0,1.0,2.0,2.0,-0.125,2,1.0,TRY_AGAIN,train,solvability-pair-0072172-try_again_n:2,2.0,solvability,0.0,0.0,1.0,-0.125
1.0,1.0,1.0,0.0,1.0,3.0,0.9,1,1.0,3.0,3.0,0.09999999999999998,1.0,solvability-pair-0072172-try_again_n,-0.09999999999999998,0.0,0.0,0.0,1.3862943611198906,try_again_n,8.0,0.375,-0.19999999999999996,0.0,0.8,-0.19999999999999996,-0.19999999999999996,-1.0,1.0,1.0,1.0,0.0,0.991422514586288,0.008577485413711986,solvability-pair-0072172,4.75,1.0,1.0,3.0,3.0,-0.09999999999999998,3,1.0,TRY_AGAIN,train,solvability-pair-0072172-try_again_n:3,3.0,solvability,0.0,0.0,1.0,-0.09999999999999998
1.0,1.0,1.0,0.0,1.0,4.0,0.75,0,1.0,4.0,2.0,0.25,1.0,solvability-pair-0072172-try_again_n,-0.25,0.0,1.0,0.0,1.6094379124341003,try_again_n,8.0,0.5,-0.19999999999999996,0.0,0.8,-0.19999999999999996,-0.19999999999999996,0.0,-1.0,1.0,1.0,0.0,0.2689414213699951,0.7310585786300049,solvability-pair-0072172,-1.0,1.0,-1.0,3.0,3.0,-0.25,4,1.0,GIVE_UP,train,solvability-pair-0072172-try_again_n:4,0.0,solvability,0.0,0.0,1.0,-0.25
0.0,0.0,0.0,0.0,0.0,0.0,0.5,0,0.0,0.0,0.0,1.5,0.0,solvability-pair-0072173-try_again_m,0.5,2.0,0.0,2.0,0.0,try_again_m,8.0,0.0,0.5,2.0,0.5,-1.5,-1.5,0.0,0.0,0.0,0.0,0.0,0.6224593312018546,0.37754066879814546,solvability-pair-0072173,0.5,0.0,0.0,0.0,0.0,-1.5,0,0.0,GIVE_UP,train,solvability-pair-0072173-try_again_m:0,0.0,solvability,0.0,0.0,1.0,-1.5
0.0,0.0,0.0,0.0,0.0,0.0,0.5,0,0.0,0.0,0.0,1.5,0.0,solvability-pair-0072173-try_again_n,0.5,2.0,0.0,2.0,0.0,try_again_n,8.0,0.0,0.5,2.0,0.5,-1.5,-1.5,0.0,0.0,0.0,0.0,0.0,0.2689414213699951,0.7310585786300049,solvability-pair-0072173,-1.0,0.0,0.0,0.0,0.0,-1.5,0,0.0,GIVE_UP,train,solvability-pair-0072173-try_again_n:0,0.0,solvability,0.0,0.0,1.0,-1.5
0.0,0.0,0.0,0.0,0.0,0.0,0.5,1,0.0,0.0,0.0,-0.5,0.0,solvability-pair-0072174-try_again_m,0.5,0.0,0.0,0.0,0.0,try_again_m,8.0,0.0,0.5,0.0,0.5,0.5,0.5,-1.0,0.0,0.0,0.0,0.0,0.7549149868676283,0.24508501313237172,solvability-pair-0072174,1.125,0.0,0.0,0.0,0.0,0.5,0,0.0,TRY_AGAIN,validation,solvability-pair-0072174-try_again_m:0,0.0,solvability,0.0,0.0,1.0,0.5
1.0,0.0,0.0,0.0,0.0,1.0,0.3333333333333333,0,0.0,0.0,-1.0,-0.3333333333333333,0.0,solvability-pair-0072174-try_again_m,0.3333333333333333,0.0,1.0,0.0,0.6931471805599453,try_again_m,8.0,0.125,0.5,0.0,0.5,0.5,0.5,0.0,-1.0,0.0,0.0,0.0,0.037326887344129464,0.9626731126558706,solvability-pair-0072174,-3.25,1.0,-1.0,0.0,0.0,0.3333333333333333,1,0.0,GIVE_UP,validation,solvability-pair-0072174-try_again_m:1,0.0,solvability,0.0,0.0,1.0,0.3333333333333333
0.0,0.0,0.0,0.0,0.0,0.0,0.5,1,0.0,0.0,0.0,-0.5,0.0,solvability-pair-0072174-try_again_n,0.5,0.0,0.0,0.0,0.0,try_again_n,8.0,0.0,0.5,0.0,0.5,0.5,0.5,-1.0,0.0,0.0,0.0,0.0,0.34864513533394575,0.6513548646660542,solvability-pair-0072174,-0.625,0.0,0.0,0.0,0.0,0.5,0,0.0,TRY_AGAIN,validation,solvability-pair-0072174-try_again_n:0,0.0,solvability,0.0,0.0,1.0,0.5
1.0,0.0,0.0,0.0,0.0,1.0,0.3333333333333333,0,0.0,0.0,-1.0,-0.3333333333333333,0.0,solvability-pair-0072174-try_again_n,0.3333333333333333,0.0,1.0,0.0,0.6931471805599453,try_again_n,8.0,0.125,0.5,0.0,0.5,0.5,0.5,0.0,-1.0,0.0,0.0,0.0,0.02595735719779685,0.9740426428022031,solvability-pair-0072174,-3.625,1.0,-1.0,0.0,0.0,0.3333333333333333,1,0.0,GIVE_UP,validation,solvability-pair-0072174-try_again_n:1,0.0,solvability,0.0,0.0,1.0,0.3333333333333333
0.0,0.0,0.0,0.0,0.0,0.0,0.25,0,0.0,0.0,0.0,-0.25,-1.0,solvability-pair-0072175-try_again_m,0.25,0.0,0.0,0.0,0.0,try_again_m,8.0,0.0,0.2,0.0,0.2,0.2,0.2,0.0,0.0,0.0,0.0,0.0,0.5,0.5,solvability-pair-0072175,0.0,0.0,0.0,0.0,0.0,0.25,0,0.0,GIVE_UP,train,solvability-pair-0072175-try_again_m:0,0.0,solvability,0.0,0.0,1.0,0.25
0.0,0.0,0.0,0.0,0.0,0.0,0.25,0,0.0,0.0,0.0,-0.25,-1.0,solvability-pair-0072175-try_again_n,0.25,0.0,0.0,0.0,0.0,try_again_n,8.0,0.0,0.2,0.0,0.2,0.2,0.2,0.0,0.0,0.0,0.0,0.0,0.22270013882530884,0.7772998611746911,solvability-pair-0072175,-1.25,0.0,0.0,0.0,0.0,0.25,0,0.0,GIVE_UP,train,solvability-pair-0072175-try_again_n:0,0.0,solvability,0.0,0.0,1.0,0.25
0.0,0.0,0.0,0.0,0.0,0.0,0.25,1,0.0,0.0,0.0,1.75,-1.0,solvability-pair-0072176-try_again_m,0.25,2.0,0.0,2.0,0.0,try_again_m,8.0,0.0,0.2,2.0,0.2,-1.8,-1.8,-1.0,0.0,0.0,0.0,0.0,0.4073334000459302,0.5926665999540697,solvability-pair-0072176,-0.375,0.0,0.0,0.0,0.0,-1.75,0,0.0,TRY_AGAIN,train,solvability-pair-0072176-try_again_m:0,0.0,solvability,0.0,0.0,1.0,-1.75
1.0,0.0,0.0,0.0,0.0,1.0,0.16666666666666666,0,0.0,0.0,-1.0,1.8333333333333333,-1.0,solvability-pair-0072176-try_again_m,0.16666666666666666,2.0,1.0,2.0,0.6931471805599453,try_again_m,8.0,0.125,0.2,2.0,0.2,-1.8,-1.8,0.0,-1.0,0.0,0.0,0.0,0.033085978388704126,0.9669140216112958,solvability-pair-0072176,-3.375,1.0,-1.0,0.0,0.0,-1.8333333333333333,1,0.0,GIVE_UP,train,solvability-pair-0072176-try_again_m:1,0.0,solvability,0.0,0.0,1.0,-1.8333333333333333
0.0,0.0,0.0,0.0,0.0,0.0,0.25,1,0.0,0.0,0.0,1.75,-1.0,solvability-pair-0072176-try_again_n,0.25,2.0,0.0,2.0,0.0,try_again_n,8.0,0.0,0.2,2.0,0.2,-1.8,-1.8,-1.0,0.0,0.0,0.0,0.0,0.20181322226037882,0.7981867777396212,solvability-pair-0072176,-1.375,0.0,0.0,0.0,0.0,-1.75,0,0.0,TRY_AGAIN,train,solvability-pair-0072176-try_again_n:0,0.0,solvability,0.0,0.0,1.0,-1.75
1.0,0.0,0.0,0.0,0.0,1.0,0.16666666666666666,0,0.0,0.0,-1.0,1.8333333333333333,-1.0,solvability-pair-0072176-try_again_n,0.16666666666666666,2.0,1.0,2.0,0.6931471805599453,try_again_n,8.0,0.125,0.2,2.0,0.2,-1.8,-1.8,0.0,-1.0,0.0,0.0,0.0,0.02595735719779685,0.9740426428022031,solvability-pair-0072176,-3.625,1.0,-1.0,0.0,0.0,-1.8333333333333333,1,0.0,GIVE_UP,train,solvability-pair-0072176-try_again_n:1,0.0,solvability,0.0,0.0,1.0,-1.8333333333333333
0.0,0.0,0.0,0.0,1.0,0.0,0.25,0,1.0,0.0,0.0,0.75,-1.0,solvability-pair-0072177-try_again_m,-0.75,0.0,0.0,0.0,0.0,try_again_m,8.0,0.0,-0.8,0.0,0.2,-0.8,-0.8,0.0,0.0,0.0,0.0,0.0,0.37754066879814546,0.6224593312018546,solvability-pair-0072177,-0.5,0.0,0.0,0.0,0.0,-0.75,0,0.0,GIVE_UP,train,solvability-pair-0072177-try_again_m:0,0.0,solvability,0.0,0.0,1.0,-0.75
0.0,0.0,0.0,0.0,1.0,0.0,0.25,0,1.0,0.0,0.0,0.75,-1.0,solvability-pair-0072177-try_again_n,-0.75,0.0,0.0,0.0,0.0,try_again_n,8.0,0.0,-0.8,0.0,0.2,-0.8,-0.8,0.0,0.0,0.0,0.0,0.0,0.22270013882530884,0.7772998611746911,solvability-pair-0072177,-1.25,0.0,0.0,0.0,0.0,-0.75,0,0.0,GIVE_UP,train,solvability-pair-0072177-try_again_n:0,0.0,solvability,0.0,0.0,1.0,-0.75
0.0,0.0,0.0,0.0,0.0,0.0,0.75,1,0.0,0.0,0.0,-0.75,1.0,solvability-pair-0072178-try_again_m,0.75,0.0,0.0,0.0,0.0,try_again_m,8.0,0.0,0.8,0.0,0.8,0.8,0.8,1.0,0.0,0.0,0.0,0.0,0.9840936082881853,0.01590639171181471,solvability-pair-0072178,4.125,0.0,0.0,0.0,0.0,0.75,0,0.0,TRY_AGAIN,train,solvability-pair-0072178-try_again_m:0,0.0,solvability,0.0,0.0,1.0,0.75
1.0,0.0,0.0,0.0,0.0,1.0,0.8333333333333334,1,0.0,0.0,1.0,-0.8333333333333334,1.0,solvability-pair-0072178-try_again_m,0.8333333333333334,0.0,0.0,0.0,0.6931471805599453,try_again_m,8.0,0.125,0.8,0.0,0.8,0.8,0.8,1.0,1.0,0.0,0.0,0.0,0.9997965730219448,0.0002034269780552065,solvability-pair-0072178,8.5,1.0,1.0,1.0,1.0,0.8333333333333334,1,0.0,TRY_AGAIN,train,solvability-pair-0072178-try_again_m:1,1.0,solvability,0.0,0.0,1.0,0.8333333333333334
1.0,1.0,0.0,0.0,0.0,2.0,0.875,1,0.0,0.0,2.0,-0.875,1.0,solvability-pair-0072178-try_again_m,0.875,0.0,0.0,0.0,1.0986122886681098,try_again_m,8.0,0.25,0.8,0.0,0.8,0.8,0.8,-1.0,1.0,1.0,0.0,0.0,0.9968273171575148,0.0031726828424851893,solvability-pair-0072178,5.75,1.0,1.0,2.0,2.0,0.875,2,1.0,TRY_AGAIN,train,solvability-pair-0072178-try_again_m:2,2.0,solvability,0.0,0.0,1.0,0.875
1.0,1.0,1.0,0.0,0.0,3.0,0.7,1,0.0,0.0,1.0,-0.7,1.0,solvability-pair-0072178-try_again_m,0.7,0.0,1.0,0.0,1.3862943611198906,try_again_m,8.0,0.375,0.8,0.0,0.8,0.8,0.8,1.0,-1.0,1.0,1.0,0.0,0.7772998611746911,0.22270013882530884,solvability-pair-0072178,1.25,1.0,-1.0,2.0,2.0,0.7,3,1.0,TRY_AGAIN,train,solvability-pair-0072178-try_again_m:3,0.0,solvability,0.0,0.0,1.0,0.7
1.0,1.0,1.0,0.0,0.0,4.0,0.75,1,0.0,0.0,2.0,-0.75,1.0,solvability-pair-0072178-try_again_m,0.75,0.0,0.0,0.0,1.6094379124341003,try_again_m,8.0,0.5,0.8,0.0,0.8,0.8,0.8,-1.0,1.0,-1.0,1.0,0.0,0.9669140216112958,0.033085978388704126,solvability-pair-0072178,3.375,1.0,1.0,3.0,3.0,0.75,4,1.0,TRY_AGAIN,train,solvability-pair-0072178-try_again_m:4,1.0,solvability,0.0,0.0,1.0,0.75
1.0,1.0,1.0,1.0,0.0,5.0,0.6428571428571429,1,0.0,0.0,1.0,-0.6428571428571429,1.0,solvability-pair-0072178-try_again_m,0.6428571428571429,0.0,1.0,0.0,1.791759469228055,try_again_m,8.0,0.625,0.8,0.0,0.8,0.8,0.8,1.0,-1.0,1.0,-1.0,1.0,0.5312093733737563,0.46879062662624377,solvability-pair-0072178,0.125,1.0,-1.0,3.0,3.0,0.6428571428571429,5,1.0,TRY_AGAIN,train,solvability-pair-0072178-try_again_m:5,0.0,solvability,0.0,0.0,1.0,0.6428571428571429
1.0,1.0,1.0,1.0,0.0,6.0,0.6875,1,0.0,0.0,2.0,-0.6875,1.0,solvability-pair-0072178-try_again_m,0.6875,0.0,0.0,0.0,1.9459101490553132,try_again_m,8.0,0.75,0.8,0.0,0.8,0.8,0.8,1.0,1.0,-1.0,1.0,1.0,0.7981867777396212,0.20181322226037882,solvability-pair-0072178,1.375,1.0,1.0,4.0,4.0,0.6875,6,1.0,TRY_AGAIN,train,solvability-pair-0072178-try_again_m:6,1.0,solvability,0.0,0.0,1.0,0.6875
1.0,1.0,1.0,1.0,0.0,7.0,0.7222222222222222,1,0.0,0.0,3.0,-0.7222222222222222,1.0,solvability-pair-0072178-try_again_m,0.7222222222222222,0.0,0.0,0.0,2.0794415416798357,try_again_m,8.0,0.875,0.8,0.0,0.8,0.8,0.8,1.0,1.0,1.0,-1.0,-1.0,0.5621765008857981,0.4378234991142019,solvability-pair-0072178,0.25,1.0,1.0,5.0,5.0,0.7222222222222222,7,1.0,TRY_AGAIN,train,solvability-pair-0072178-try_again_m:7,2.0,solvability,0.0,0.0,1.0,0.7222222222222222
0.0,0.0,0.0,0.0,0.0,0.0,0.75,1,0.0,0.0,0.0,-0.75,1.0,solvability-pair-0072178-try_again_n,0.75,0.0,0.0,0.0,0.0,try_again_n,8.0,0.0,0.8,0.0,0.8,0.8,0.8,1.0,0.0,0.0,0.0,0.0,0.8175744761936437,0.18242552380635632,solvability-pair-0072178,1.5,0.0,0.0,0.0,0.0,0.75,0,0.0,TRY_AGAIN,train,solvability-pair-0072178-try_again_n:0,0.0,solvability,0.0,0.0,1.0,0.75
1.0,0.0,0.0,0.0,0.0,1.0,0.8333333333333334,1,0.0,0.0,1.0,-0.8333333333333334,1.0,solvability-pair-0072178-try_again_n,0.8333333333333334,0.0,0.0,0.0,0.6931471805599453,try_again_n,8.0,0.125,0.8,0.0,0.8,0.8,0.8,1.0,1.0,0.0,0.0,0.0,0.9999251537724895,7.484622751061124e-05,solvability-pair-0072178,9.5,1.0,1.0,1.0,1.0,0.8333333333333334,1,0.0,TRY_AGAIN,train,solvability-pair-0072178-try_again_n:1,1.0,solvability,0.0,0.0,1.0,0.8333333333333334
1.0,1.0,0.0,0.0,0.0,2.0,0.875,1,0.0,0.0,2.0,-0.875,1.0,solvability-pair-0072178-try_again_n,0.875,0.0,0.0,0.0,1.0986122886681098,try_again_n,8.0,0.25,0.8,0.0,0.8,0.8,0.8,-1.0,1.0,1.0,0.0,0.0,0.9990889488055994,0.0009110511944006454,solvability-pair-0072178,7.0,1.0,1.0,2.0,2.0,0.875,2,1.0,TRY_AGAIN,train,solvability-pair-0072178-try_again_n:2,2.0,solvability,0.0,0.0,1.0,0.875
1.0,1.0,1.0,0.0,0.0,3.0,0.7,1,0.0,0.0,1.0,-0.7,1.0,solvability-pair-0072178-try_again_n,0.7,0.0,1.0,0.0,1.3862943611198906,try_again_n,8.0,0.375,0.8,0.0,0.8,0.8,0.8,1.0,-1.0,1.0,1.0,0.0,0.7981867777396212,0.20181322226037882,solvability-pair-0072178,1.375,1.0,-1.0,2.0,2.0,0.7,3,1.0,TRY_AGAIN,train,solvability-pair-0072178-try_again_n:3,0.0,solvability,0.0,0.0,1.0,0.7
1.0,1.0,1.0,0.0,0.0,4.0,0.75,1,0.0,0.0,2.0,-0.75,1.0,solvability-pair-0072178-try_again_n,0.75,0.0,0.0,0.0,1.6094379124341003,try_again_n,8.0,0.5,0.8,0.0,0.8,0.8,0.8,-1.0,1.0,-1.0,1.0,0.0,0.9626731126558706,0.037326887344129464,solvability-pair-0072178,3.25,1.0,1.0,3.0,3.0,0.75,4,1.0,TRY_AGAIN,train,solvability-pair-0072178-try_again_n:4,1.0,solvability,0.0,0.0,1.0,0.75
1.0,1.0,1.0,1.0,0.0,5.0,0.6428571428571429,1,0.0,0.0,1.0,-0.6428571428571429,1.0,solvability-pair-0072178-try_again_n,0.6428571428571429,0.0,1.0,0.0,1.791759469228055,try_again_n,8.0,0.625,0.8,0.0,0.8,0.8,0.8,1.0,-1.0,1.0,-1.0,1.0,0.5621765008857981,0.4378234991142019,solvability-pair-0072178,0.25,1.0,-1.0,3.0,3.0,0.6428571428571429,5,1.0,TRY_AGAIN,train,solvability-pair-0072178-try_again_n:5,0.0,solvability,0.0,0.0,1.0,0.6428571428571429
1.0,1.0,1.0,1.0,0.0,6.0,0.6875,1,0.0,0.0,2.0,-0.6875,1.0,solvability-pair-0072178-try_again_n,0.6875,0.0,0.0,0.0,1.9459101490553132,try_again_n,8.0,0.75,0.8,0.0,0.8,0.8,0.8,1.0,1.0,-1.0,1.0,1.0,0.7549149868676283,0.24508501313237172,solvability-pair-0072178,1.125,1.0,1.0,4.0,4.0,0.6875,6,1.0,TRY_AGAIN,train,solvability-pair-0072178-try_again_n:6,1.0,solvability,0.0,0.0,1.0,0.6875
1.0,1.0,1.0,1.0,0.0,7.0,0.7222222222222222,1,0.0,0.0,3.0,-0.7222222222222222,1.0,solvability-pair-0072178-try_again_n,0.7222222222222222,0.0,0.0,0.0,2.0794415416798357,try_again_n,8.0,0.875,0.8,0.0,0.8,0.8,0.8,1.0,1.0,1.0,-1.0,-1.0,0.4073334000459302,0.5926665999540697,solvability-pair-0072178,-0.375,1.0,1.0,5.0,5.0,0.7222222222222222,7,1.0,TRY_AGAIN,train,solvability-pair-0072178-try_again_n:7,2.0,solvability,0.0,0.0,1.0,0.7222222222222222
0.0,0.0,0.0,0.0,1.0,0.0,0.75,1,1.0,0.0,0.0,2.25,1.0,solvability-pair-0072179-try_again_m,-0.25,2.0,0.0,2.0,0.0,try_again_m,8.0,0.0,-0.19999999999999996,2.0,0.8,-2.2,-2.2,1.0,0.0,0.0,0.0,0.0,0.9399133498259924,0.06008665017400762,solvability-pair-0072179,2.75,0.0,0.0,0.0,0.0,-2.25,0,0.0,TRY_AGAIN,train,solvability-pair-0072179-try_again_m:0,0.0,solvability,0.0,0.0,1.0,-2.25
1.0,0.0,0.0,0.0,1.0,1.0,0.8333333333333334,1,1.0,1.0,1.0,2.1666666666666665,1.0,solvability-pair-0072179-try_again_m,-0.16666666666666663,2.0,0.0,2.0,0.6931471805599453,try_again_m,8.0,0.125,-0.19999999999999996,2.0,0.8,-2.2,-2.2,1.0,1.0,0.0,0.0,0.0,0.9993736658418905,0.0006263341581094201,solvability-pair-0072179,7.375,1.0,1.0,1.0,1.0,-2.1666666666666665,1,0.0,TRY_AGAIN,train,solvability-pair-0072179-try_again_m:1,1.0,solvability,0.0,0.0,1.0,-2.1666666666666665
1.0,1.0,0.0,0.0,1.0,2.0,0.875,1,1.0,2.0,2.0,2.125,1.0,solvability-pair-0072179-try_again_m,-0.125,2.0,0.0,2.0,1.0986122886681098,try_again_m,8.0,0.25,-0.19999999999999996,2.0,0.8,-2.2,-2.2,1.0,1.0,1.0,0.0,0.0,0.9770226300899744,0.02297736991002561,solvability-pair-0072179,3.75,1.0,1.0,2.0,2.0,-2.125,2,1.0,TRY_AGAIN,train,solvability-pair-0072179-try_again_m:2,2.0,solvability,0.0,0.0,1.0,-2.125
1.0,1.0,1.0,0.0,1.0,3.0,0.9,1,1.0,3.0,3.0,2.1,1.0,solvability-pair-0072179-try_again_m,-0.09999999999999998,2.0,0.0,2.0,1.3862943611198906,try_again_m,8.0,0.375,-0.19999999999999996,2.0,0.8,-2.2,-2.2,1.0,1.0,1.0,1.0,0.0,0.9399133498259924,0.06008665017400762,solvability-pair-0072179,2.75,1.0,1.0,3.0,3.0,-2.1,3,1.0,TRY_AGAIN,train,solvability-pair-0072179-try_again_m:3,3.0,solvability,0.0,0.0,1.0,-2.1
1.0,1.0,1.0,0.0,1.0,4.0,0.9166666666666666,1,1.0,4.0,4.0,2.0833333333333335,1.0,solvability-pair-0072179-try_again_m,-0.08333333333333337,2.0,0.0,2.0,1.6094379124341003,try_again_m,8.0,0.5,-0.19999999999999996,2.0,0.8,-2.2,-2.2,1.0,1.0,1.0,1.0,0.0,0.8354835371034369,0.1645164628965632,solvability-pair-0072179,1.625,1.0,1.0,4.0,4.0,-2.0833333333333335,4,1.0,TRY_AGAIN,train,solvability-pair-0072179-try_again_m:4,4.0,solvability,0.0,0.0,1.0,-2.0833333333333335
1.0,1.0,1.0,1.0,1.0,5.0,0.9285714285714286,0,1.0,5.0,5.0,2.071428571428571,1.0,solvability-pair-0072179-try_again_m,-0.0714285714285714,2.0,0.0,2.0,1.791759469228055,try_again_m,8.0,0.625,-0.19999999999999996,2.0,0.8,-2.2,-2.2,0.0,1.0,1.0,1.0,1.0,0.7057850278370112,0.29421497216298875,solvability-pair-0072179,0.875,1.0,1.0,5.0,5.0,-2.071428571428571,5,1.0,GIVE_UP,train,solvability-pair-0072179-try_again_m:5,5.0,solvability,0.0,0.0,1.0,-2.071428571428571
0.0,0.0,0.0,0.0,1.0,0.0,0.75,1,1.0,0.0,0.0,2.25,1.0,solvability-pair-0072179-try_again_n,-0.25,2.0,0.0,2.0,0.0,try_again_n,8.0,0.0,-0.19999999999999996,2.0,0.8,-2.2,-2.2,1.0,0.0,0.0,0.0,0.0,0.679178699175393,0.32082130082460697,solvability-pair-0072179,0.75,0.0,0.0,0.0,0.0,-2.25,0,0.0,TRY_AGAIN,train,solvability-pair-0072179-try_again_n:0,0.0,solvability,0.0,0.0,1.0,-2.25
1.0,0.0,0.0,0.0,1.0,1.0,0.8333333333333334,1,1.0,1.0,1.0,2.1666666666666665,1.0,solvability-pair-0072179-try_again_n,-0.16666666666666663,2.0,0.0,2.0,0.6931471805599453,try_again_n,8.0,0.125,-0.19999999999999996,2.0,0.8,-2.2,-2.2,1.0,1.0,0.0,0.0,0.0,0.9995694429186754,0.00043055708132461493,solvability-pair-0072179,7.75,1.0,1.0,1.0,1.0,-2.1666666666666665,1,0.0,TRY_AGAIN,train,solvability-pair-0072179-try_again_n:1,1.0,solvability,0.0,0.0,1.0,-2.1666666666666665
1.0,1.0,0.0,0.0,1.0,2.0,0.875,1,1.0,2.0,2.0,2.125,1.0,solvability-pair-0072179-try_again_n,-0.125,2.0,0.0,2.0,1.0986122886681098,try_again_n,8.0,0.25,-0.19999999999999996,2.0,0.8,-2.2,-2.2,1.0,1.0,1.0,0.0,0.0,0.9933071490757153,0.006692850924284856,solvability-pair-0072179,5.0,1.0,1.0,2.0,2.0,-2.125,2,1.0,TRY_AGAIN,train,solvability-pair-0072179-try_again_n:2,2.0,solvability,0.0,0.0,1.0,-2.125
1.0,1.0,1.0,0.0,1.0,3.0,0.9,1,1.0,3.0,3.0,2.1,1.0,solvability-pair-0072179-try_again_n,-0.09999999999999998,2.0,0.0,2.0,1.3862943611198906,try_again_n,8.0,0.375,-0.19999999999999996,2.0,0.8,-2.2,-2.2,1.0,1.0,1.0,1.0,0.0,0.9796676466573412,0.020332353342658753,solvability-pair-0072179,3.875,1.0,1.0,3.0,3.0,-2.1,3,1.0,TRY_AGAIN,train,solvability-pair-0072179-try_again_n:3,3.0,solvability,0.0,0.0,1.0,-2.1
1.0,1.0,1.0,0.0,1.0,4.0,0.9166666666666666,1,1.0,4.0,4.0,2.0833333333333335,1.0,solvability-pair-0072179-try_again_n,-0.08333333333333337,2.0,0.0,2.0,1.6094379124341003,try_again_n,8.0,0.5,-0.19999999999999996,2.0,0.8,-2.2,-2.2,1.0,1.0,1.0,1.0,0.0,0.8670357598021706,0.13296424019782924,solvability-pair-0072179,1.875,1.0,1.0,4.0,4.0,-2.0833333333333335,4,1.0,TRY_AGAIN,train,solvability-pair-0072179-try_again_n:4,4.0,solvability,0.0,0.0,1.0,-2.0833333333333335
1.0,1.0,1.0,1.0,1.0,5.0,0.9285714285714286,0,1.0,5.0,5.0,2.071428571428571,1.0,solvability-pair-0072179-try_again_n,-0.0714285714285714,2.0,0.0,2.0,1.791759469228055,try_again_n,8.0,0.625,-0.19999999999999996,2.0,0.8,-2.2,-2.2,0.0,1.0,1.0,1.0,1.0,0.679178699175393,0.32082130082460697,solvability-pair-0072179,0.75,1.0,1.0,5.0,5.0,-2.071428571428571,5,1.0,GIVE_UP,train,solvability-pair-0072179-try_again_n:5,5.0,solvability,0.0,0.0,1.0,-2.071428571428571
0.0,0.0,0.0,0.0,0.0,0.0,0.75,1,0.0,0.0,0.0,1.25,1.0,solvability-pair-0072180-try_again_m,0.75,2.0,0.0,2.0,0.0,try_again_m,8.0,0.0,0.8,2.0,0.8,-1.2,-1.2,1.0,0.0,0.0,0.0,0.0,0.9770226300899744,0.02297736991002561,solvability-pair-0072180,3.75,0.0,0.0,0.0,0.0,-1.25,0,0.0,TRY_AGAIN,validation,solvability-pair-0072180-try_again_m:0,0.0,solvability,0.0,0.0,1.0,-1.25
1.0,0.0,0.0,0.0,0.0,1.0,0.8333333333333334,1,0.0,0.0,1.0,1.1666666666666665,1.0,solvability-pair-0072180-try_again_m,0.8333333333333334,2.0,0.0,2.0,0.6931471805599453,try_again_m,8.0,0.125,0.8,2.0,0.8,-1.2,-1.2,1.0,1.0,0.0,0.0,0.0,0.9996646498695336,0.00033535013046647816,solvability-pair-0072180,8.0,1.0,1.0,1.0,1.0,-1.1666666666666665,1,0.0,TRY_AGAIN,validation,solvability-pair-0072180-try_again_m:1,1.0,solvability,0.0,0.0,1.0,-1.1666666666666665
1.0,1.0,0.0,0.0,0.0,2.0,0.875,1,0.0,0.0,2.0,1.125,1.0,solvability-pair-0072180-try_again_m,0.875,2.0,0.0,2.0,1.0986122886681098,try_again_m,8.0,0.25,0.8,2.0,0.8,-1.2,-1.2,1.0,1.0,1.0,0.0,0.0,0.9924227587321393,0.007577241267860811,solvability-pair-0072180,4.875,1.0,1.0,2.0,2.0,-1.125,2,1.0,TRY_AGAIN,validation,solvability-pair-0072180-try_again_m:2,2.0,solvability,0.0,0.0,1.0,-1.125
1.0,1.0,1.0,0.0,0.0,3.0,0.9,1,0.0,0.0,3.0,1.1,1.0,solvability-pair-0072180-try_again_m,0.9,2.0,0.0,2.0,1.3862943611198906,try_again_m,8.0,0.375,0.8,2.0,0.8,-1.2,-1.2,1.0,1.0,1.0,1.0,0.0,0.9859363729567544,0.014063627043245474,solvability-pair-0072180,4.25,1.0,1.0,3.0,3.0,-1.1,3,1.0,TRY_AGAIN,validation,solvability-pair-0072180-try_again_m:3,3.0,solvability,0.0,0.0,1.0,-1.1
1.0,1.0,1.0,0.0,0.0,4.0,0.9166666666666666,1,0.0,0.0,4.0,1.0833333333333335,1.0,solvability-pair-0072180-try_again_m,0.9166666666666666,2.0,0.0,2.0,1.6094379124341003,try_again_m,8.0,0.5,0.8,2.0,0.8,-1.2,-1.2,1.0,1.0,1.0,1.0,0.0,0.9579122720843811,0.04208772791561884,solvability-pair-0072180,3.125,1.0,1.0,4.0,4.0,-1.0833333333333335,4,1.0,TRY_AGAIN,validation,solvability-pair-0072180-try_again_m:4,4.0,solvability,0.0,0.0,1.0,-1.0833333333333335
1.0,1.0,1.0,1.0,0.0,5.0,0.9285714285714286,1,0.0,0.0,5.0,1.0714285714285714,1.0,solvability-pair-0072180-try_again_m,0.9285714285714286,2.0,0.0,2.0,1.791759469228055,try_again_m,8.0,0.625,0.8,2.0,0.8,-1.2,-1.2,1.0,1.0,1.0,1.0,1.0,0.8933094060543487,0.10669059394565118,solvability-pair-0072180,2.125,1.0,1.0,5.0,5.0,-1.0714285714285714,5,1.0,TRY_AGAIN,validation,solvability-pair-0072180-try_again_m:5,5.0,solvability,0.0,0.0,1.0,-1.0714285714285714
1.0,1.0,1.0,1.0,0.0,6.0,0.9375,1,0.0,0.0,6.0,1.0625,1.0,solvability-pair-0072180-try_again_m,0.9375,2.0,0.0,2.0,1.9459101490553132,try_again_m,8.0,0.75,0.8,2.0,0.8,-1.2,-1.2,1.0,1.0,1.0,1.0,1.0,0.8175744761936437,0.18242552380635632,solvability-pair-0072180,1.5,1.0,1.0,6.0,6.0,-1.0625,6,1.0,TRY_AGAIN,validation,solvability-pair-0072180-try_again_m:6,6.0,solvability,0.0,0.0,1.0,-1.0625
1.0,1.0,1.0,1.0,0.0,7.0,0.9444444444444444,1,0.0,0.0,7.0,1.0555555555555556,1.0,solvability-pair-0072180-try_again_m,0.9444444444444444,2.0,0.0,2.0,2.0794415416798357,try_again_m,8.0,0.875,0.8,2.0,0.8,-1.2,-1.2,-1.0,1.0,1.0,1.0,1.0,0.7057850278370112,0.29421497216298875,solvability-pair-0072180,0.875,1.0,1.0,7.0,7.0,-1.0555555555555556,7,1.0,TRY_AGAIN,validation,solvability-pair-0072180-try_again_m:7,7.0,solvability,0.0,0.0,1.0,-1.0555555555555556
0.0,0.0,0.0,0.0,0.0,0.0,0.75,1,0.0,0.0,0.0,1.25,1.0,solvability-pair-0072180-try_again_n,0.75,2.0,0.0,2.0,0.0,try_again_n,8.0,0.0,0.8,2.0,0.8,-1.2,-1.2,1.0,0.0,0.0,0.0,0.0,0.7772998611746911,0.22270013882530884,solvability-pair-0072180,1.25,0.0,0.0,0.0,0.0,-1.25,0,0.0,TRY_AGAIN,validation,solvability-pair-0072180-try_again_n:0,0.0,solvability,0.0,0.0,1.0,-1.25
1.0,0.0,0.0,0.0,0.0,1.0,0.8333333333333334,1,0.0,0.0,1.0,1.1666666666666665,1.0,solvability-pair-0072180-try_again_n,0.8333333333333334,2.0,0.0,2.0,0.6931471805599453,try_again_n,8.0,0.125,0.8,2.0,0.8,-1.2,-1.2,1.0,1.0,0.0,0.0,0.0,0.9997694932780068,0.0002305067219931397,solvability-pair-0072180,8.375,1.0,1.0,1.0,1.0,-1.1666666666666665,1,0.0,TRY_AGAIN,validation,solvability-pair-0072180-try_again_n:1,1.0,solvability,0.0,0.0,1.0,-1.1666666666666665
1.0,1.0,0.0,0.0,0.0,2.0,0.875,1,0.0,0.0,2.0,1.125,1.0,solvability-pair-0072180-try_again_n,0.875,2.0,0.0,2.0,1.0986122886681098,try_again_n,8.0,0.25,0.8,2.0,0.8,-1.2,-1.2,1.0,1.0,1.0,0.0,0.0,0.9953904278206259,0.004609572179374208,solvability-pair-0072180,5.375,1.0,1.0,2.0,2.0,-1.125,2,1.0,TRY_AGAIN,validation,solvability-pair-0072180-try_again_n:2,2.0,solvability,0.0,0.0,1.0,-1.125
1.0,1.0,1.0,0.0,0.0,3.0,0.9,1,0.0,0.0,3.0,1.1,1.0,solvability-pair-0072180-try_again_n,0.9,2.0,0.0,2.0,1.3862943611198906,try_again_n,8.0,0.375,0.8,2.0,0.8,-1.2,-1.2,1.0,1.0,1.0,1.0,0.0,0.9875683491468141,0.012431650853185818,solvability-pair-0072180,4.375,1.0,1.0,3.0,3.0,-1.1,3,1.0,TRY_AGAIN,validation,solvability-pair-0072180-try_again_n:3,3.0,solvability,0.0,0.0,1.0,-1.1
1.0,1.0,1.0,0.0,0.0,4.0,0.9166666666666666,1,0.0,0.0,4.0,1.0833333333333335,1.0,solvability-pair-0072180-try_again_n,0.9166666666666666,2.0,0.0,2.0,1.6094379124341003,try_again_n,8.0,0.5,0.8,2.0,0.8,-1.2,-1.2,1.0,1.0,1.0,1.0,0.0,0.9626731126558706,0.037326887344129464,solvability-pair-0072180,3.25,1.0,1.0,4.0,4.0,-1.0833333333333335,4,1.0,TRY_AGAIN,validation,solvability-pair-0072180-try_again_n:4,4.0,solvability,0.0,0.0,1.0,-1.0833333333333335
1.0,1.0,1.0,1.0,0.0,5.0,0.9285714285714286,1,0.0,0.0,5.0,1.0714285714285714,1.0,solvability-pair-0072180-try_again_n,0.9285714285714286,2.0,0.0,2.0,1.791759469228055,try_again_n,8.0,0.625,0.8,2.0,0.8,-1.2,-1.2,1.0,1.0,1.0,1.0,1.0,0.9046505351008906,0.0953494648991095,solvability-pair-0072180,2.25,1.0,1.0,5.0,5.0,-1.0714285714285714,5,1.0,TRY_AGAIN,validation,solvability-pair-0072180-try_again_n:5,5.0,solvability,0.0,0.0,1.0,-1.0714285714285714
1.0,1.0,1.0,1.0,0.0,6.0,0.9375,1,0.0,0.0,6.0,1.0625,1.0,solvability-pair-0072180-try_again_n,0.9375,2.0,0.0,2.0,1.9459101490553132,try_again_n,8.0,0.75,0.8,2.0,0.8,-1.2,-1.2,1.0,1.0,1.0,1.0,1.0,0.8519528019683106,0.1480471980316895,solvability-pair-0072180,1.75,1.0,1.0,6.0,6.0,-1.0625,6,1.0,TRY_AGAIN,validation,solvability-pair-0072180-try_again_n:6,6.0,solvability,0.0,0.0,1.0,-1.0625
1.0,1.0,1.0,1.0,0.0,7.0,0.9444444444444444,1,0.0,0.0,7.0,1.0555555555555556,1.0,solvability-pair-0072180-try_again_n,0.9444444444444444,2.0,0.0,2.0,2.0794415416798357,try_again_n,8.0,0.875,0.8,2.0,0.8,-1.2,-1.2,-1.0,1.0,1.0,1.0,1.0,0.6513548646660542,0.34864513533394575,solvability-pair-0072180,0.625,1.0,1.0,7.0,7.0,-1.0555555555555556,7,1.0,TRY_AGAIN,validation,solvability-pair-0072180-try_again_n:7,7.0,solvability,0.0,0.0,1.0,-1.0555555555555556
0.0,0.0,0.0,0.0,1.0,0.0,0.5,1,1.0,0.0,0.0,2.5,0.0,solvability-pair-0072181-try_again_m,-0.5,2.0,0.0,2.0,0.0,try_again_m,8.0,0.0,-0.5,2.0,0.5,-2.5,-2.5,1.0,0.0,0.0,0.0,0.0,0.46879062662624377,0.5312093733737563,solvability-pair-0072181,-0.125,0.0,0.0,0.0,0.0,-2.5,0,0.0,TRY_AGAIN,validation,solvability-pair-0072181-try_again_m:0,0.0,solvability,0.0,0.0,1.0,-2.5
1.0,0.0,0.0,0.0,1.0,1.0,0.6666666666666666,1,1.0,1.0,1.0,2.3333333333333335,0.0,solvability-pair-0072181-try_again_m,-0.33333333333333337,2.0,0.0,2.0,0.6931471805599453,try_again_m,8.0,0.125,-0.5,2.0,0.5,-2.5,-2.5,1.0,1.0,0.0,0.0,0.0,0.995929862284104,0.004070137715896127,solvability-pair-0072181,5.5,1.0,1.0,1.0,1.0,-2.3333333333333335,1,0.0,TRY_AGAIN,validation,solvability-pair-0072181-try_again_m:1,1.0,solvability,0.0,0.0,1.0,-2.3333333333333335
1.0,1.0,0.0,0.0,1.0,2.0,0.75,1,1.0,2.0,2.0,2.25,0.0,solvability-pair-0072181-try_again_m,-0.25,2.0,0.0,2.0,1.0986122886681098,try_again_m,8.0,0.25,-0.5,2.0,0.5,-2.5,-2.5,-1.0,1.0,1.0,0.0,0.0,0.9046505351008906,0.0953494648991095,solvability-pair-0072181,2.25,1.0,1.0,2.0,2.0,-2.25,2,1.0,TRY_AGAIN,validation,solvability-pair-0072181-try_again_m:2,2.0,solvability,0.0,0.0,1.0,-2.25
1.0,1.0,1.0,0.0,1.0,3.0,0.6,0,1.0,3.0,1.0,2.4,0.0,solvability-pair-0072181-try_again_m,-0.4,2.0,1.0,2.0,1.3862943611198906,try_again_m,8.0,0.375,-0.5,2.0,0.5,-2.5,-2.5,0.0,-1.0,1.0,1.0,0.0,0.4073334000459302,0.5926665999540697,solvability-pair-0072181,-0.375,1.0,-1.0,2.0,2.0,-2.4,3,1.0,GIVE_UP,validation,solvability-pair-0072181-try_again_m:3,0.0,solvability,0.0,0.0,1.0,-2.4
0.0,0.0,0.0,0.0,1.0,0.0,0.5,0,1.0,0.0,0.0,2.5,0.0,solvability-pair-0072181-try_again_n,-0.5,2.0,0.0,2.0,0.0,try_again_n,8.0,0.0,-0.5,2.0,0.5,-2.5,-2.5,0.0,0.0,0.0,0.0,0.0,0.22270013882530884,0.7772998611746911,solvability-pair-0072181,-1.25,0.0,0.0,0.0,0.0,-2.5,0,0.0,GIVE_UP,validation,solvability-pair-0072181-try_again_n:0,0.0,solvability,0.0,0.0,1.0,-2.5
0.0,0.0,0.0,0.0,1.0,0.0,0.5,1,1.0,0.0,0.0,0.5,0.0,solvability-pair-0072182-try_again_m,-0.5,0.0,0.0,0.0,0.0,try_again_m,8.0,0.0,-0.5,0.0,0.5,-0.5,-0.5,1.0,0.0,0.0,0.0,0.0,0.5621765008857981,0.4378234991142019,solvability-pair-0072182,0.25,0.0,0.0,0.0,0.0,-0.5,0,0.0,TRY_AGAIN,test,solvability-pair-0072182-try_again_m:0,0.0,solvability,0.0,0.0,1.0,-0.5
1.0,0.0,0.0,0.0,1.0,1.0,0.6666666666666666,1,1.0,1.0,1.0,0.33333333333333337,0.0,solvability-pair-0072182-try_again_m,-0.33333333333333337,0.0,0.0,0.0,0.6931471805599453,try_again_m,8.0,0.125,-0.5,0.0,0.5,-0.5,-0.5,1.0,1.0,0.0,0.0,0.0,0.9978172835546547,0.0021827164453451808,solvability-pair-0072182,6.125,1.0,1.0,1.0,1.0,-0.33333333333333337,1,0.0,TRY_AGAIN,test,solvability-pair-0072182-try_again_m:1,1.0,solvability,0.0,0.0,1.0,-0.33333333333333337
1.0,1.0,0.0,0.0,1.0,2.0,0.75,1,1.0,2.0,2.0,0.25,0.0,solvability-pair-0072182-try_again_m,-0.25,0.0,0.0,0.0,1.0986122886681098,try_again_m,8.0,0.25,-0.5,0.0,0.5,-0.5,-0.5,-1.0,1.0,1.0,0.0,0.0,0.9465966702001757,0.053403329799824234,solvability-pair-0072182,2.875,1.0,1.0,2.0,2.0,-0.25,2,1.0,TRY_AGAIN,test,solvability-pair-0072182-try_again_m:2,2.0,solvability,0.0,0.0,1.0,-0.25
1.0,1.0,1.0,0.0,1.0,3.0,0.6,0,1.0,3.0,1.0,0.4,0.0,solvability-pair-0072182-try_again_m,-0.4,0.0,1.0,0.0,1.3862943611198906,try_again_m,8.0,0.375,-0.5,0.0,0.5,-0.5,-0.5,0.0,-1.0,1.0,1.0,0.0,0.5621765008857981,0.4378234991142019,solvability-pair-0072182,0.25,1.0,-1.0,2.0,2.0,-0.4,3,1.0,GIVE_UP,test,solvability-pair-0072182-try_again_m:3,0.0,solvability,0.0,0.0,1.0,-0.4
0.0,0.0,0.0,0.0,1.0,0.0,0.5,0,1.0,0.0,0.0,0.5,0.0,solvability-pair-0072182-try_again_n,-0.5,0.0,0.0,0.0,0.0,try_again_n,8.0,0.0,-0.5,0.0,0.5,-0.5,-0.5,0.0,0.0,0.0,0.0,0.0,0.2689414213699951,0.7310585786300049,solvability-pair-0072182,-1.0,0.0,0.0,0.0,0.0,-0.5,0,0.0,GIVE_UP,test,solvability-pair-0072182-try_again_n:0,0.0,solvability,0.0,0.0,1.0,-0.5
0.0,0.0,0.0,0.0,1.0,0.0,0.25,0,1.0,0.0,0.0,2.75,-1.0,solvability-pair-0072183-try_again_m,-0.75,2.0,0.0,2.0,0.0,try_again_m,8.0,0.0,-0.8,2.0,0.2,-2.8,-2.8,0.0,0.0,0.0,0.0,0.0,0.32082130082460697,0.679178699175393,solvability-pair-0072183,-0.75,0.0,0.0,0.0,0.0,-2.75,0,0.0,GIVE_UP,train,solvability-pair-0072183-try_again_m:0,0.0,solvability,0.0,0.0,1.0,-2.75
0.0,0.0,0.0,0.0,1.0,0.0,0.25,0,1.0,0.0,0.0,2.75,-1.0,solvability-pair-0072183-try_again_n,-0.75,2.0,0.0,2.0,0.0,try_again_n,8.0,0.0,-0.8,2.0,0.2,-2.8,-2.8,0.0,0.0,0.0,0.0,0.0,0.18242552380635632,0.8175744761936437,solvability-pair-0072183,-1.5,0.0,0.0,0.0,0.0,-2.75,0,0.0,GIVE_UP,train,solvability-pair-0072183-try_again_n:0,0.0,solvability,0.0,0.0,1.0,-2.75
0.0,0.0,0.0,0.0,1.0,0.0,0.75,1,1.0,0.0,0.0,0.25,1.0,solvability-pair-0072184-try_again_m,-0.25,0.0,0.0,0.0,0.0,try_again_m,8.0,0.0,-0.19999999999999996,0.0,0.8,-0.19999999999999996,-0.19999999999999996,1.0,0.0,0.0,0.0,0.0,0.9626731126558706,0.037326887344129464,solvability-pair-0072184,3.25,0.0,0.0,0.0,0.0,-0.25,0,0.0,TRY_AGAIN,train,solvability-pair-0072184-try_again_m:0,0.0,solvability,0.0,0.0,1.0,-0.25
1.0,0.0,0.0,0.0,1.0,1.0,0.8333333333333334,1,1.0,1.0,1.0,0.16666666666666663,1.0,solvability-pair-0072184-try_again_m,-0.16666666666666663,0.0,0.0,0.0,0.6931471805599453,try_again_m,8.0,0.125,-0.19999999999999996,0.0,0.8,-0.19999999999999996,-0.19999999999999996,-1.0,1.0,0.0,0.0,0.0,0.9995694429186754,0.00043055708132461493,solvability-pair-0072184,7.75,1.0,1.0,1.0,1.0,-0.16666666666666663,1,0.0,TRY_AGAIN,train,solvability-pair-0072184-try_again_m:1,1.0,solvability,0.0,0.0,1.0,-0.16666666666666663
1.0,1.0,0.0,0.0,1.0,2.0,0.625,1,1.0,2.0,0.0,0.375,1.0,solvability-pair-0072184-try_again_m,-0.375,0.0,1.0,0.0,1.0986122886681098,try_again_m,8.0,0.25,-0.19999999999999996,0.0,0.8,-0.19999999999999996,-0.19999999999999996,-1.0,-1.0,1.0,0.0,0.0,0.7057850278370112,0.29421497216298875,solvability-pair-0072184,0.875,1.0,-1.0,1.0,1.0,-0.375,2,1.0,TRY_AGAIN,train,solvability-pair-0072184-try_again_m:2,0.0,solvability,0.0,0.0,1.0,-0.375
1.0,1.0,1.0,0.0,1.0,3.0,0.5,0,1.0,3.0,-1.0,0.5,1.0,solvability-pair-0072184-try_again_m,-0.5,0.0,2.0,0.0,1.3862943611198906,try_again_m,8.0,0.375,-0.19999999999999996,0.0,0.8,-0.19999999999999996,-0.19999999999999996,0.0,-1.0,-1.0,1.0,0.0,0.46879062662624377,0.5312093733737563,solvability-pair-0072184,-0.125,1.0,-1.0,1.0,1.0,-0.5,3,1.0,GIVE_UP,train,solvability-pair-0072184-try_again_m:3,0.0,solvability,0.0,0.0,1.0,-0.5
0.0,0.0,0.0,0.0,1.0,0.0,0.75,0,1.0,0.0,0.0,0.25,1.0,solvability-pair-0072184-try_again_n,-0.25,0.0,0.0,0.0,0.0,try_again_n,8.0,0.0,-0.19999999999999996,0.0,0.8,-0.19999999999999996,-0.19999999999999996,0.0,0.0,0.0,0.0,0.0,0.7549149868676283,0.24508501313237172,solvability-pair-0072184,1.125,0.0,0.0,0.0,0.0,-0.25,0,0.0,GIVE_UP,train,solvability-pair-0072184-try_again_n:0,0.0,solvability,0.0,0.0,1.0,-0.25
0.0,0.0,0.0,0.0,0.0,0.0,0.5,1,0.0,0.0,0.0,1.5,0.0,solvability-pair-0072185-try_again_m,0.5,2.0,0.0,2.0,0.0,try_again_m,8.0,0.0,0.5,2.0,0.5,-1.5,-1.5,-1.0,0.0,0.0,0.0,0.0,0.6224593312018546,0.37754066879814546,solvability-pair-0072185,0.5,0.0,0.0,0.0,0.0,-1.5,0,0.0,TRY_AGAIN,test,solvability-pair-0072185-try_again_m:0,0.0,solvability,0.0,0.0,1.0,-1.5
1.0,0.0,0.0,0.0,0.0,1.0,0.3333333333333333,0,0.0,0.0,-1.0,1.6666666666666667,0.0,solvability-pair-0072185-try_again_m,0.3333333333333333,2.0,1.0,2.0,0.6931471805599453,try_again_m,8.0,0.125,0.5,2.0,0.5,-1.5,-1.5,0.0,-1.0,0.0,0.0,0.0,0.04208772791561884,0.9579122720843811,solvability-pair-0072185,-3.125,1.0,-1.0,0.0,0.0,-1.6666666666666667,1,0.0,GIVE_UP,test,solvability-pair-0072185-try_again_m:1,0.0,solvability,0.0,0.0,1.0,-1.6666666666666667
0.0,0.0,0.0,0.0,0.0,0.0,0.5,1,0.0,0.0,0.0,1.5,0.0,solvability-pair-0072185-try_again_n,0.5,2.0,0.0,2.0,0.0,try_again_n,8.0,0.0,0.5,2.0,0.5,-1.5,-1.5,-1.0,0.0,0.0,0.0,0.0,0.2689414213699951,0.7310585786300049,solvability-pair-0072185,-1.0,0.0,0.0,0.0,0.0,-1.5,0,0.0,TRY_AGAIN,test,solvability-pair-0072185-try_again_n:0,0.0,solvability,0.0,0.0,1.0,-1.5
1.0,0.0,0.0,0.0,0.0,1.0,0.3333333333333333,0,0.0,0.0,-1.0,1.6666666666666667,0.0,solvability-pair-0072185-try_again_n,0.3333333333333333,2.0,1.0,2.0,0.6931471805599453,try_again_n,8.0,0.125,0.5,2.0,0.5,-1.5,-1.5,0.0,-1.0,0.0,0.0,0.0,0.029312230751356316,0.9706877692486436,solvability-pair-0072185,-3.5,1.0,-1.0,0.0,0.0,-1.6666666666666667,1,0.0,GIVE_UP,test,solvability-pair-0072185-try_again_n:1,0.0,solvability,0.0,0.0,1.0,-1.6666666666666667
0.0,0.0,0.0,0.0,0.0,0.0,0.5,1,0.0,0.0,0.0,-0.5,0.0,solvability-pair-0072186-try_again_m,0.5,0.0,0.0,0.0,0.0,try_again_m,8.0,0.0,0.5,0.0,0.5,0.5,0.5,-1.0,0.0,0.0,0.0,0.0,0.7549149868676283,0.24508501313237172,solvability-pair-0072186,1.125,0.0,0.0,0.0,0.0,0.5,0,0.0,TRY_AGAIN,train,solvability-pair-0072186-try_again_m:0,0.0,solvability,0.0,0.0,1.0,0.5
1.0,0.0,0.0,0.0,0.0,1.0,0.3333333333333333,0,0.0,0.0,-1.0,-0.3333333333333333,0.0,solvability-pair-0072186-try_again_m,0.3333333333333333,0.0,1.0,0.0,0.6931471805599453,try_again_m,8.0,0.125,0.5,0.0,0.5,0.5,0.5,0.0,-1.0,0.0,0.0,0.0,0.037326887344129464,0.9626731126558706,solvability-pair-0072186,-3.25,1.0,-1.0,0.0,0.0,0.3333333333333333,1,0.0,GIVE_UP,train,solvability-pair-0072186-try_again_m:1,0.0,solvability,0.0,0.0,1.0,0.3333333333333333
0.0,0.0,0.0,0.0,0.0,0.0,0.5,0,0.0,0.0,0.0,-0.5,0.0,solvability-pair-0072186-try_again_n,0.5,0.0,0.0,0.0,0.0,try_again_n,8.0,0.0,0.5,0.0,0.5,0.5,0.5,0.0,0.0,0.0,0.0,0.0,0.34864513533394575,0.6513548646660542,solvability-pair-0072186,-0.625,0.0,0.0,0.0,0.0,0.5,0,0.0,GIVE_UP,train,solvability-pair-0072186-try_again_n:0,0.0,solvability,0.0,0.0,1.0,0.5
0.0,0.0,0.0,0.0,0.0,0.0,0.25,0,0.0,0.0,0.0,-0.25,-1.0,solvability-pair-0072187-try_again_m,0.25,0.0,0.0,0.0,0.0,try_again_m,8.0,0.0,0.2,0.0,0.2,0.2,0.2,0.0,0.0,0.0,0.0,0.0,0.5,0.5,solvability-pair-0072187,0.0,0.0,0.0,0.0,0.0,0.25,0,0.0,GIVE_UP,validation,solvability-pair-0072187-try_again_m:0,0.0,solvability,0.0,0.0,1.0,0.25
0.0,0.0,0.0,0.0,0.0,0.0,0.25,0,0.0,0.0,0.0,-0.25,-1.0,solvability-pair-0072187-try_again_n,0.25,0.0,0.0,0.0,0.0,try_again_n,8.0,0.0,0.2,0.0,0.2,0.2,0.2,0.0,0.0,0.0,0.0,0.0,0.22270013882530884,0.7772998611746911,solvability-pair-0072187,-1.25,0.0,0.0,0.0,0.0,0.25,0,0.0,GIVE_UP,validation,solvability-pair-0072187-try_again_n:0,0.0,solvability,0.0,0.0,1.0,0.25
0.0,0.0,0.0,0.0,0.0,0.0,0.25,1,0.0,0.0,0.0,1.75,-1.0,solvability-pair-0072188-try_again_m,0.25,2.0,0.0,2.0,0.0,try_again_m,8.0,0.0,0.2,2.0,0.2,-1.8,-1.8,1.0,0.0,0.0,0.0,0.0,0.4073334000459302,0.5926665999540697,solvability-pair-0072188,-0.375,0.0,0.0,0.0,0.0,-1.75,0,0.0,TRY_AGAIN,validation,solvability-pair-0072188-try_again_m:0,0.0,solvability,0.0,0.0,1.0,-1.75
1.0,0.0,0.0,0.0,0.0,1.0,0.5,1,0.0,0.0,1.0,1.5,-1.0,solvability-pair-0072188-try_again_m,0.5,2.0,0.0,2.0,0.6931471805599453,try_again_m,8.0,0.125,0.2,2.0,0.2,-1.8,-1.8,-1.0,1.0,0.0,0.0,0.0,0.9971990730328789,0.002800926967120973,solvability-pair-0072188,5.875,1.0,1.0,1.0,1.0,-1.5,1,0.0,TRY_AGAIN,validation,solvability-pair-0072188-try_again_m:1,1.0,solvability,0.0,0.0,1.0,-1.5
1.0,1.0,0.0,0.0,0.0,2.0,0.375,1,0.0,0.0,0.0,1.625,-1.0,solvability-pair-0072188-try_again_m,0.375,2.0,1.0,2.0,1.0986122886681098,try_again_m,8.0,0.25,0.2,2.0,0.2,-1.8,-1.8,-1.0,-1.0,1.0,0.0,0.0,0.4073334000459302,0.5926665999540697,solvability-pair-0072188,-0.375,1.0,-1.0,1.0,1.0,-1.625,2,1.0,TRY_AGAIN,validation,solvability-pair-0072188-try_again_m:2,0.0,solvability,0.0,0.0,1.0,-1.625
1.0,1.0,1.0,0.0,0.0,3.0,0.3,0,0.0,0.0,-1.0,1.7,-1.0,solvability-pair-0072188-try_again_m,0.3,2.0,2.0,2.0,1.3862943611198906,try_again_m,8.0,0.375,0.2,2.0,0.2,-1.8,-1.8,0.0,-1.0,-1.0,1.0,0.0,0.22270013882530884,0.7772998611746911,solvability-pair-0072188,-1.25,1.0,-1.0,1.0,1.0,-1.7,3,1.0,GIVE_UP,validation,solvability-pair-0072188-try_again_m:3,0.0,solvability,0.0,0.0,1.0,-1.7
0.0,0.0,0.0,0.0,0.0,0.0,0.25,0,0.0,0.0,0.0,1.75,-1.0,solvability-pair-0072188-try_again_n,0.25,2.0,0.0,2.0,0.0,try_again_n,8.0,0.0,0.2,2.0,0.2,-1.8,-1.8,0.0,0.0,0.0,0.0,0.0,0.20181322226037882,0.7981867777396212,solvability-pair-0072188,-1.375,0.0,0.0,0.0,0.0,-1.75,0,0.0,GIVE_UP,validation,solvability-pair-0072188-try_again_n:0,0.0,solvability,0.0,0.0,1.0,-1.75
0.0,0.0,0.0,0.0,1.0,0.0,0.25,0,1.0,0.0,0.0,0.75,-1.0,solvability-pair-0072189-try_again_m,-0.75,0.0,0.0,0.0,0.0,try_again_m,8.0,0.0,-0.8,0.0,0.2,-0.8,-0.8,0.0,0.0,0.0,0.0,0.0,0.37754066879814546,0.6224593312018546,solvability-pair-0072189,-0.5,0.0,0.0,0.0,0.0,-0.75,0,0.0,GIVE_UP,train,solvability-pair-0072189-try_again_m:0,0.0,solvability,0.0,0.0,1.0,-0.75
0.0,0.0,0.0,0.0,1.0,0.0,0.25,0,1.0,0.0,0.0,0.75,-1.0,solvability-pair-0072189-try_again_n,-0.75,0.0,0.0,0.0,0.0,try_again_n,8.0,0.0,-0.8,0.0,0.2,-0.8,-0.8,0.0,0.0,0.0,0.0,0.0,0.22270013882530884,0.7772998611746911,solvability-pair-0072189,-1.25,0.0,0.0,0.0,0.0,-0.75,0,0.0,GIVE_UP,train,solvability-pair-0072189-try_again_n:0,0.0,solvability,0.0,0.0,1.0,-0.75
0.0,0.0,0.0,0.0,0.0,0.0,0.75,1,0.0,0.0,0.0,-0.75,1.0,solvability-pair-0072190-try_again_m,0.75,0.0,0.0,0.0,0.0,try_again_m,8.0,0.0,0.8,0.0,0.8,0.8,0.8,-1.0,0.0,0.0,0.0,0.0,0.9840936082881853,0.01590639171181471,solvability-pair-0072190,4.125,0.0,0.0,0.0,0.0,0.75,0,0.0,TRY_AGAIN,validation,solvability-pair-0072190-try_again_m:0,0.0,solvability,0.0,0.0,1.0,0.75
1.0,0.0,0.0,0.0,0.0,1.0,0.5,0,0.0,0.0,-1.0,-0.5,1.0,solvability-pair-0072190-try_again_m,0.5,0.0,1.0,0.0,0.6931471805599453,try_again_m,8.0,0.125,0.8,0.0,0.8,0.8,0.8,0.0,-1.0,0.0,0.0,0.0,0.10669059394565118,0.8933094060543487,solvability-pair-0072190,-2.125,1.0,-1.0,0.0,0.0,0.5,1,0.0,GIVE_UP,validation,solvability-pair-0072190-try_again_m:1,0.0,solvability,0.0,0.0,1.0,0.5
0.0,0.0,0.0,0.0,0.0,0.0,0.75,0,0.0,0.0,0.0,-0.75,1.0,solvability-pair-0072190-try_again_n,0.75,0.0,0.0,0.0,0.0,try_again_n,8.0,0.0,0.8,0.0,0.8,0.8,0.8,0.0,0.0,0.0,0.0,0.0,0.8175744761936437,0.18242552380635632,solvability-pair-0072190,1.5,0.0,0.0,0.0,0.0,0.75,0,0.0,GIVE_UP,validation,solvability-pair-0072190-try_again_n:0,0.0,solvability,0.0,0.0,1.0,0.75
0.0,0.0,0.0,0.0,1.0,0.0,0.75,1,1.0,0.0,0.0,2.25,1.0,solvability-pair-0072191-try_again_m,-0.25,2.0,0.0,2.0,0.0,try_again_m,8.0,0.0,-0.19999999999999996,2.0,0.8,-2.2,-2.2,1.0,0.0,0.0,0.0,0.0,0.9399133498259924,0.06008665017400762,solvability-pair-0072191,2.75,0.0,0.0,0.0,0.0,-2.25,0,0.0,TRY_AGAIN,test,solvability-pair-0072191-try_again_m:0,0.0,solvability,0.0,0.0,1.0,-2.25
1.0,0.0,0.0,0.0,1.0,1.0,0.8333333333333334,1,1.0,1.0,1.0,2.1666666666666665,1.0,solvability-pair-0072191-try_again_m,-0.16666666666666663,2.0,0.0,2.0,0.6931471805599453,try_again_m,8.0,0.125,-0.19999999999999996,2.0,0.8,-2.2,-2.2,-1.0,1.0,0.0,0.0,0.0,0.9993736658418905,0.0006263341581094201,solvability-pair-0072191,7.375,1.0,1.0,1.0,1.0,-2.1666666666666665,1,0.0,TRY_AGAIN,test,solvability-pair-0072191-try_again_m:1,1.0,solvability,0.0,0.0,1.0,-2.1666666666666665
1.0,1.0,0.0,0.0,1.0,2.0,0.625,1,1.0,2.0,0.0,2.375,1.0,solvability-pair-0072191-try_again_m,-0.375,2.0,1.0,2.0,1.0986122886681098,try_again_m,8.0,0.25,-0.19999999999999996,2.0,0.8,-2.2,-2.2,1.0,-1.0,1.0,0.0,0.0,0.6513548646660542,0.34864513533394575,solvability-pair-0072191,0.625,1.0,-1.0,1.0,1.0,-2.375,2,1.0,TRY_AGAIN,test,solvability-pair-0072191-try_again_m:2,0.0,solvability,0.0,0.0,1.0,-2.375
1.0,1.0,1.0,0.0,1.0,3.0,0.7,1,1.0,3.0,1.0,2.3,1.0,solvability-pair-0072191-try_again_m,-0.30000000000000004,2.0,0.0,2.0,1.3862943611198906,try_again_m,8.0,0.375,-0.19999999999999996,2.0,0.8,-2.2,-2.2,-1.0,1.0,-1.0,1.0,0.0,0.9241418199787566,0.07585818002124356,solvability-pair-0072191,2.5,1.0,1.0,2.0,2.0,-2.3,3,1.0,TRY_AGAIN,test,solvability-pair-0072191-try_again_m:3,1.0,solvability,0.0,0.0,1.0,-2.3
1.0,1.0,1.0,0.0,1.0,4.0,0.5833333333333334,0,1.0,4.0,0.0,2.4166666666666665,1.0,solvability-pair-0072191-try_again_m,-0.41666666666666663,2.0,1.0,2.0,1.6094379124341003,try_again_m,8.0,0.5,-0.19999999999999996,2.0,0.8,-2.2,-2.2,0.0,-1.0,1.0,-1.0,0.0,0.29421497216298875,0.7057850278370112,solvability-pair-0072191,-0.875,1.0,-1.0,2.0,2.0,-2.4166666666666665,4,1.0,GIVE_UP,test,solvability-pair-0072191-try_again_m:4,0.0,solvability,0.0,0.0,1.0,-2.4166666666666665
0.0,0.0,0.0,0.0,1.0,0.0,0.75,1,1.0,0.0,0.0,2.25,1.0,solvability-pair-0072191-try_again_n,-0.25,2.0,0.0,2.0,0.0,try_again_n,8.0,0.0,-0.19999999999999996,2.0,0.8,-2.2,-2.2,1.0,0.0,0.0,0.0,0.0,0.679178699175393,0.32082130082460697,solvability-pair-0072191,0.75,0.0,0.0,0.0,0.0,-2.25,0,0.0,TRY_AGAIN,test,solvability-pair-0072191-try_again_n:0,0.0,solvability,0.0,0.0,1.0,-2.25
1.0,0.0,0.0,0.0,1.0,1.0,0.8333333333333334,1,1.0,1.0,1.0,2.1666666666666665,1.0,solvability-pair-0072191-try_again_n,-0.16666666666666663,2.0,0.0,2.0,0.6931471805599453,try_again_n,8.0,0.125,-0.19999999999999996,2.0,0.8,-2.2,-2.2,-1.0,1.0,0.0,0.0,0.0,0.9995694429186754,0.00043055708132461493,solvability-pair-0072191,7.75,1.0,1.0,1.0,1.0,-2.1666666666666665,1,0.0,TRY_AGAIN,test,solvability-pair-0072191-try_again_n:1,1.0,solvability,0.0,0.0,1.0,-2.1666666666666665
1.0,1.0,0.0,0.0,1.0,2.0,0.625,1,1.0,2.0,0.0,2.375,1.0,solvability-pair-0072191-try_again_n,-0.375,2.0,1.0,2.0,1.0986122886681098,try_again_n,8.0,0.25,-0.19999999999999996,2.0,0.8,-2.2,-2.2,1.0,-1.0,1.0,0.0,0.0,0.7310585786300049,0.2689414213699951,solvability-pair-0072191,1.0,1.0,-1.0,1.0,1.0,-2.375,2,1.0,TRY_AGAIN,test,solvability-pair-0072191-try_again_n:2,0.0,solvability,0.0,0.0,1.0,-2.375
1.0,1.0,1.0,0.0,1.0,3.0,0.7,1,1.0,3.0,1.0,2.3,1.0,solvability-pair-0072191-try_again_n,-0.30000000000000004,2.0,0.0,2.0,1.3862943611198906,try_again_n,8.0,0.375,-0.19999999999999996,2.0,0.8,-2.2,-2.2,-1.0,1.0,-1.0,1.0,0.0,0.9740426428022031,0.02595735719779685,solvability-pair-0072191,3.625,1.0,1.0,2.0,2.0,-2.3,3,1.0,TRY_AGAIN,test,solvability-pair-0072191-try_again_n:3,1.0,solvability,0.0,0.0,1.0,-2.3
1.0,1.0,1.0,0.0,1.0,4.0,0.5833333333333334,1,1.0,4.0,0.0,2.4166666666666665,1.0,solvability-pair-0072191-try_again_n,-0.41666666666666663,2.0,1.0,2.0,1.6094379124341003,try_again_n,8.0,0.5,-0.19999999999999996,2.0,0.8,-2.2,-2.2,-1.0,-1.0,1.0,-1.0,0.0,0.46879062662624377,0.5312093733737563,solvability-pair-0072191,-0.125,1.0,-1.0,2.0,2.0,-2.4166666666666665,4,1.0,TRY_AGAIN,test,solvability-pair-0072191-try_again_n:4,0.0,solvability,0.0,0.0,1.0,-2.4166666666666665
1.0,1.0,1.0,1.0,1.0,5.0,0.5,1,1.0,5.0,-1.0,2.5,1.0,solvability-pair-0072191-try_again_n,-0.5,2.0,2.0,2.0,1.791759469228055,try_again_n,8.0,0.625,-0.19999999999999996,2.0,0.8,-2.2,-2.2,1.0,-1.0,-1.0,1.0,1.0,0.29421497216298875,0.7057850278370112,solvability-pair-0072191,-0.875,1.0,-1.0,2.0,2.0,-2.5,5,1.0,TRY_AGAIN,test,solvability-pair-0072191-try_again_n:5,0.0,solvability,0.0,0.0,1.0,-2.5
1.0,1.0,1.0,1.0,1.0,6.0,0.5625,1,1.0,6.0,0.0,2.4375,1.0,solvability-pair-0072191-try_again_n,-0.4375,2.0,0.0,2.0,1.9459101490553132,try_again_n,8.0,0.75,-0.19999999999999996,2.0,0.8,-2.2,-2.2,1.0,1.0,-1.0,-1.0,-1.0,0.7057850278370112,0.29421497216298875,solvability-pair-0072191,0.875,1.0,1.0,3.0,3.0,-2.4375,6,1.0,TRY_AGAIN,test,solvability-pair-0072191-try_again_n:6,1.0,solvability,0.0,0.0,1.0,-2.4375
1.0,1.0,1.0,1.0,1.0,7.0,0.6111111111111112,1,1.0,7.0,1.0,2.388888888888889,1.0,solvability-pair-0072191-try_again_n,-0.38888888888888884,2.0,0.0,2.0,2.0794415416798357,try_again_n,8.0,0.875,-0.19999999999999996,2.0,0.8,-2.2,-2.2,1.0,1.0,1.0,-1.0,1.0,0.5,0.5,solvability-pair-0072191,0.0,1.0,1.0,4.0,4.0,-2.388888888888889,7,1.0,TRY_AGAIN,test,solvability-pair-0072191-try_again_n:7,2.0,solvability,0.0,0.0,1.0,-2.388888888888889
0.0,0.0,0.0,0.0,0.0,0.0,0.75,1,0.0,0.0,0.0,1.25,1.0,solvability-pair-0072192-try_again_m,0.75,2.0,0.0,2.0,0.0,try_again_m,8.0,0.0,0.8,2.0,0.8,-1.2,-1.2,1.0,0.0,0.0,0.0,0.0,0.9770226300899744,0.02297736991002561,solvability-pair-0072192,3.75,0.0,0.0,0.0,0.0,-1.25,0,0.0,TRY_AGAIN,train,solvability-pair-0072192-try_again_m:0,0.0,solvability,0.0,0.0,1.0,-1.25
1.0,0.0,0.0,0.0,0.0,1.0,0.8333333333333334,1,0.0,0.0,1.0,1.1666666666666665,1.0,solvability-pair-0072192-try_again_m,0.8333333333333334,2.0,0.0,2.0,0.6931471805599453,try_again_m,8.0,0.125,0.8,2.0,0.8,-1.2,-1.2,1.0,1.0,0.0,0.0,0.0,0.9996646498695336,0.00033535013046647816,solvability-pair-0072192,8.0,1.0,1.0,1.0,1.0,-1.1666666666666665,1,0.0,TRY_AGAIN,train,solvability-pair-0072192-try_again_m:1,1.0,solvability,0.0,0.0,1.0,-1.1666666666666665
1.0,1.0,0.0,0.0,0.0,2.0,0.875,1,0.0,0.0,2.0,1.125,1.0,solvability-pair-0072192-try_again_m,0.875,2.0,0.0,2.0,1.0986122886681098,try_again_m,8.0,0.25,0.8,2.0,0.8,-1.2,-1.2,1.0,1.0,1.0,0.0,0.0,0.9924227587321393,0.007577241267860811,solvability-pair-0072192,4.875,1.0,1.0,2.0,2.0,-1.125,2,1.0,TRY_AGAIN,train,solvability-pair-0072192-try_again_m:2,2.0,solvability,0.0,0.0,1.0,-1.125
1.0,1.0,1.0,0.0,0.0,3.0,0.9,1,0.0,0.0,3.0,1.1,1.0,solvability-pair-0072192-try_again_m,0.9,2.0,0.0,2.0,1.3862943611198906,try_again_m,8.0,0.375,0.8,2.0,0.8,-1.2,-1.2,1.0,1.0,1.0,1.0,0.0,0.9859363729567544,0.014063627043245474,solvability-pair-0072192,4.25,1.0,1.0,3.0,3.0,-1.1,3,1.0,TRY_AGAIN,train,solvability-pair-0072192-try_again_m:3,3.0,solvability,0.0,0.0,1.0,-1.1
1.0,1.0,1.0,0.0,0.0,4.0,0.9166666666666666,1,0.0,0.0,4.0,1.0833333333333335,1.0,solvability-pair-0072192-try_again_m,0.9166666666666666,2.0,0.0,2.0,1.6094379124341003,try_again_m,8.0,0.5,0.8,2.0,0.8,-1.2,-1.2,1.0,1.0,1.0,1.0,0.0,0.9579122720843811,0.04208772791561884,solvability-pair-0072192,3.125,1.0,1.0,4.0,4.0,-1.0833333333333335,4,1.0,TRY_AGAIN,train,solvability-pair-0072192-try_again_m:4,4.0,solvability,0.0,0.0,1.0,-1.0833333333333335
1.0,1.0,1.0,1.0,0.0,5.0,0.9285714285714286,1,0.0,0.0,5.0,1.0714285714285714,1.0,solvability-pair-0072192-try_again_m,0.9285714285714286,2.0,0.0,2.0,1.791759469228055,try_again_m,8.0,0.625,0.8,2.0,0.8,-1.2,-1.2,1.0,1.0,1.0,1.0,1.0,0.8933094060543487,0.10669059394565118,solvability-pair-0072192,2.125,1.0,1.0,5.0,5.0,-1.0714285714285714,5,1.0,TRY_AGAIN,train,solvability-pair-0072192-try_again_m:5,5.0,solvability,0.0,0.0,1.0,-1.0714285714285714
1.0,1.0,1.0,1.0,0.0,6.0,0.9375,1,0.0,0.0,6.0,1.0625,1.0,solvability-pair-0072192-try_again_m,0.9375,2.0,0.0,2.0,1.9459101490553132,try_again_m,8.0,0.75,0.8,2.0,0.8,-1.2,-1.2,1.0,1.0,1.0,1.0,1.0,0.8175744761936437,0.18242552380635632,solvability-pair-0072192,1.5,1.0,1.0,6.0,6.0,-1.0625,6,1.0,TRY_AGAIN,train,solvability-pair-0072192-try_again_m:6,6.0,solvability,0.0,0.0,1.0,-1.0625
1.0,1.0,1.0,1.0,0.0,7.0,0.9444444444444444,1,0.0,0.0,7.0,1.0555555555555556,1.0,solvability-pair-0072192-try_again_m,0.9444444444444444,2.0,0.0,2.0,2.0794415416798357,try_again_m,8.0,0.875,0.8,2.0,0.8,-1.2,-1.2,1.0,1.0,1.0,1.0,1.0,0.7057850278370112,0.29421497216298875,solvability-pair-0072192,0.875,1.0,1.0,7.0,7.0,-1.0555555555555556,7,1.0,TRY_AGAIN,train,solvability-pair-0072192-try_again_m:7,7.0,solvability,0.0,0.0,1.0,-1.0555555555555556
0.0,0.0,0.0,0.0,0.0,0.0,0.75,1,0.0,0.0,0.0,1.25,1.0,solvability-pair-0072192-try_again_n,0.75,2.0,0.0,2.0,0.0,try_again_n,8.0,0.0,0.8,2.0,0.8,-1.2,-1.2,1.0,0.0,0.0,0.0,0.0,0.7772998611746911,0.22270013882530884,solvability-pair-0072192,1.25,0.0,0.0,0.0,0.0,-1.25,0,0.0,TRY_AGAIN,train,solvability-pair-0072192-try_again_n:0,0.0,solvability,0.0,0.0,1.0,-1.25
1.0,0.0,0.0,0.0,0.0,1.0,0.8333333333333334,1,0.0,0.0,1.0,1.1666666666666665,1.0,solvability-pair-0072192-try_again_n,0.8333333333333334,2.0,0.0,2.0,0.6931471805599453,try_again_n,8.0,0.125,0.8,2.0,0.8,-1.2,-1.2,1.0,1.0,0.0,0.0,0.0,0.9997694932780068,0.0002305067219931397,solvability-pair-0072192,8.375,1.0,1.0,1.0,1.0,-1.1666666666666665,1,0.0,TRY_AGAIN,train,solvability-pair-0072192-try_again_n:1,1.0,solvability,0.0,0.0,1.0,-1.1666666666666665
1.0,1.0,0.0,0.0,0.0,2.0,0.875,1,0.0,0.0,2.0,1.125,1.0,solvability-pair-0072192-try_again_n,0.875,2.0,0.0,2.0,1.0986122886681098,try_again_n,8.0,0.25,0.8,2.0,0.8,-1.2,-1.2,1.0,1.0,1.0,0.0,0.0,0.9953904278206259,0.004609572179374208,solvability-pair-0072192,5.375,1.0,1.0,2.0,2.0,-1.125,2,1.0,TRY_AGAIN,train,solvability-pair-0072192-try_again_n:2,2.0,solvability,0.0,0.0,1.0,-1.125
1.0,1.0,1.0,0.0,0.0,3.0,0.9,1,0.0,0.0,3.0,1.1,1.0,solvability-pair-0072192-try_again_n,0.9,2.0,0.0,2.0,1.3862943611198906,try_again_n,8.0,0.375,0.8,2.0,0.8,-1.2,-1.2,1.0,1.0,1.0,1.0,0.0,0.9875683491468141,0.012431650853185818,solvability-pair-0072192,4.375,1.0,1.0,3.0,3.0,-1.1,3,1.0,TRY_AGAIN,train,solvability-pair-0072192-try_again_n:3,3.0,solvability,0.0,0.0,1.0,-1.1
1.0,1.0,1.0,0.0,0.0,4.0,0.9166666666666666,1,0.0,0.0,4.0,1.0833333333333335,1.0,solvability-pair-0072192-try_again_n,0.9166666666666666,2.0,0.0,2.0,1.6094379124341003,try_again_n,8.0,0.5,0.8,2.0,0.8,-1.2,-1.2,1.0,1.0,1.0,1.0,0.0,0.9626731126558706,0.037326887344129464,solvability-pair-0072192,3.25,1.0,1.0,4.0,4.0,-1.0833333333333335,4,1.0,TRY_AGAIN,train,solvability-pair-0072192-try_again_n:4,4.0,solvability,0.0,0.0,1.0,-1.0833333333333335
1.0,1.0,1.0,1.0,0.0,5.0,0.9285714285714286,1,0.0,0.0,5.0,1.0714285714285714,1.0,solvability-pair-0072192-try_again_n,0.9285714285714286,2.0,0.0,2.0,1.791759469228055,try_again_n,8.0,0.625,0.8,2.0,0.8,-1.2,-1.2,1.0,1.0,1.0,1.0,1.0,0.9046505351008906,0.0953494648991095,solvability-pair-0072192,2.25,1.0,1.0,5.0,5.0,-1.0714285714285714,5,1.0,TRY_AGAIN,train,solvability-pair-0072192-try_again_n:5,5.0,solvability,0.0,0.0,1.0,-1.0714285714285714
1.0,1.0,1.0,1.0,0.0,6.0,0.9375,1,0.0,0.0,6.0,1.0625,1.0,solvability-pair-0072192-try_again_n,0.9375,2.0,0.0,2.0,1.9459101490553132,try_again_n,8.0,0.75,0.8,2.0,0.8,-1.2,-1.2,1.0,1.0,1.0,1.0,1.0,0.8519528019683106,0.1480471980316895,solvability-pair-0072192,1.75,1.0,1.0,6.0,6.0,-1.0625,6,1.0,TRY_AGAIN,train,solvability-pair-0072192-try_again_n:6,6.0,solvability,0.0,0.0,1.0,-1.0625
1.0,1.0,1.0,1.0,0.0,7.0,0.9444444444444444,1,0.0,0.0,7.0,1.0555555555555556,1.0,solvability-pair-0072192-try_again_n,0.9444444444444444,2.0,0.0,2.0,2.0794415416798357,try_again_n,8.0,0.875,0.8,2.0,0.8,-1.2,-1.2,1.0,1.0,1.0,1.0,1.0,0.6513548646660542,0.34864513533394575,solvability-pair-0072192,0.625,1.0,1.0,7.0,7.0,-1.0555555555555556,7,1.0,TRY_AGAIN,train,solvability-pair-0072192-try_again_n:7,7.0,solvability,0.0,0.0,1.0,-1.0555555555555556
0.0,0.0,0.0,0.0,1.0,0.0,0.5,1,1.0,0.0,0.0,2.5,0.0,solvability-pair-0072193-try_again_m,-0.5,2.0,0.0,2.0,0.0,try_again_m,8.0,0.0,-0.5,2.0,0.5,-2.5,-2.5,1.0,0.0,0.0,0.0,0.0,0.46879062662624377,0.5312093733737563,solvability-pair-0072193,-0.125,0.0,0.0,0.0,0.0,-2.5,0,0.0,TRY_AGAIN,train,solvability-pair-0072193-try_again_m:0,0.0,solvability,0.0,0.0,1.0,-2.5
1.0,0.0,0.0,0.0,1.0,1.0,0.6666666666666666,1,1.0,1.0,1.0,2.3333333333333335,0.0,solvability-pair-0072193-try_again_m,-0.33333333333333337,2.0,0.0,2.0,0.6931471805599453,try_again_m,8.0,0.125,-0.5,2.0,0.5,-2.5,-2.5,1.0,1.0,0.0,0.0,0.0,0.995929862284104,0.004070137715896127,solvability-pair-0072193,5.5,1.0,1.0,1.0,1.0,-2.3333333333333335,1,0.0,TRY_AGAIN,train,solvability-pair-0072193-try_again_m:1,1.0,solvability,0.0,0.0,1.0,-2.3333333333333335
1.0,1.0,0.0,0.0,1.0,2.0,0.75,1,1.0,2.0,2.0,2.25,0.0,solvability-pair-0072193-try_again_m,-0.25,2.0,0.0,2.0,1.0986122886681098,try_again_m,8.0,0.25,-0.5,2.0,0.5,-2.5,-2.5,-1.0,1.0,1.0,0.0,0.0,0.9046505351008906,0.0953494648991095,solvability-pair-0072193,2.25,1.0,1.0,2.0,2.0,-2.25,2,1.0,TRY_AGAIN,train,solvability-pair-0072193-try_again_m:2,2.0,solvability,0.0,0.0,1.0,-2.25
1.0,1.0,1.0,0.0,1.0,3.0,0.6,1,1.0,3.0,1.0,2.4,0.0,solvability-pair-0072193-try_again_m,-0.4,2.0,1.0,2.0,1.3862943611198906,try_again_m,8.0,0.375,-0.5,2.0,0.5,-2.5,-2.5,1.0,-1.0,1.0,1.0,0.0,0.4073334000459302,0.5926665999540697,solvability-pair-0072193,-0.375,1.0,-1.0,2.0,2.0,-2.4,3,1.0,TRY_AGAIN,train,solvability-pair-0072193-try_again_m:3,0.0,solvability,0.0,0.0,1.0,-2.4
1.0,1.0,1.0,0.0,1.0,4.0,0.6666666666666666,1,1.0,4.0,2.0,2.3333333333333335,0.0,solvability-pair-0072193-try_again_m,-0.33333333333333337,2.0,0.0,2.0,1.6094379124341003,try_again_m,8.0,0.5,-0.5,2.0,0.5,-2.5,-2.5,-1.0,1.0,-1.0,1.0,0.0,0.7057850278370112,0.29421497216298875,solvability-pair-0072193,0.875,1.0,1.0,3.0,3.0,-2.3333333333333335,4,1.0,TRY_AGAIN,train,solvability-pair-0072193-try_again_m:4,1.0,solvability,0.0,0.0,1.0,-2.3333333333333335
1.0,1.0,1.0,1.0,1.0,5.0,0.5714285714285714,1,1.0,5.0,1.0,2.428571428571429,0.0,solvability-pair-0072193-try_again_m,-0.4285714285714286,2.0,1.0,2.0,1.791759469228055,try_again_m,8.0,0.625,-0.5,2.0,0.5,-2.5,-2.5,-1.0,-1.0,1.0,-1.0,1.0,0.22270013882530884,0.7772998611746911,solvability-pair-0072193,-1.25,1.0,-1.0,3.0,3.0,-2.428571428571429,5,1.0,TRY_AGAIN,train,solvability-pair-0072193-try_again_m:5,0.0,solvability,0.0,0.0,1.0,-2.428571428571429
1.0,1.0,1.0,1.0,1.0,6.0,0.5,0,1.0,6.0,0.0,2.5,0.0,solvability-pair-0072193-try_again_m,-0.5,2.0,2.0,2.0,1.9459101490553132,try_again_m,8.0,0.75,-0.5,2.0,0.5,-2.5,-2.5,0.0,-1.0,-1.0,1.0,1.0,0.18242552380635632,0.8175744761936437,solvability-pair-0072193,-1.5,1.0,-1.0,3.0,3.0,-2.5,6,1.0,GIVE_UP,train,solvability-pair-0072193-try_again_m:6,0.0,solvability,0.0,0.0,1.0,-2.5
0.0,0.0,0.0,0.0,1.0,0.0,0.5,1,1.0,0.0,0.0,2.5,0.0,solvability-pair-0072193-try_again_n,-0.5,2.0,0.0,2.0,0.0,try_again_n,8.0,0.0,-0.5,2.0,0.5,-2.5,-2.5,1.0,0.0,0.0,0.0,0.0,0.22270013882530884,0.7772998611746911,solvability-pair-0072193,-1.25,0.0,0.0,0.0,0.0,-2.5,0,0.0,TRY_AGAIN,train,solvability-pair-0072193-try_again_n:0,0.0,solvability,0.0,0.0,1.0,-2.5
1.0,0.0,0.0,0.0,1.0,1.0,0.6666666666666666,1,1.0,1.0,1.0,2.3333333333333335,0.0,solvability-pair-0072193-try_again_n,-0.33333333333333337,2.0,0.0,2.0,0.6931471805599453,try_again_n,8.0,0.125,-0.5,2.0,0.5,-2.5,-2.5,1.0,1.0,0.0,0.0,0.0,0.995929862284104,0.004070137715896127,solvability-pair-0072193,5.5,1.0,1.0,1.0,1.0,-2.3333333333333335,1,0.0,TRY_AGAIN,train,solvability-pair-0072193-try_again_n:1,1.0,solvability,0.0,0.0,1.0,-2.3333333333333335
1.0,1.0,0.0,0.0,1.0,2.0,0.75,1,1.0,2.0,2.0,2.25,0.0,solvability-pair-0072193-try_again_n,-0.25,2.0,0.0,2.0,1.0986122886681098,try_again_n,8.0,0.25,-0.5,2.0,0.5,-2.5,-2.5,-1.0,1.0,1.0,0.0,0.0,0.9579122720843811,0.04208772791561884,solvability-pair-0072193,3.125,1.0,1.0,2.0,2.0,-2.25,2,1.0,TRY_AGAIN,train,solvability-pair-0072193-try_again_n:2,2.0,solvability,0.0,0.0,1.0,-2.25
1.0,1.0,1.0,0.0,1.0,3.0,0.6,1,1.0,3.0,1.0,2.4,0.0,solvability-pair-0072193-try_again_n,-0.4,2.0,1.0,2.0,1.3862943611198906,try_again_n,8.0,0.375,-0.5,2.0,0.5,-2.5,-2.5,1.0,-1.0,1.0,1.0,0.0,0.29421497216298875,0.7057850278370112,solvability-pair-0072193,-0.875,1.0,-1.0,2.0,2.0,-2.4,3,1.0,TRY_AGAIN,train,solvability-pair-0072193-try_again_n:3,0.0,solvability,0.0,0.0,1.0,-2.4
1.0,1.0,1.0,0.0,1.0,4.0,0.6666666666666666,1,1.0,4.0,2.0,2.3333333333333335,0.0,solvability-pair-0072193-try_again_n,-0.33333333333333337,2.0,0.0,2.0,1.6094379124341003,try_again_n,8.0,0.5,-0.5,2.0,0.5,-2.5,-2.5,-1.0,1.0,-1.0,1.0,0.0,0.7772998611746911,0.22270013882530884,solvability-pair-0072193,1.25,1.0,1.0,3.0,3.0,-2.3333333333333335,4,1.0,TRY_AGAIN,train,solvability-pair-0072193-try_again_n:4,1.0,solvability,0.0,0.0,1.0,-2.3333333333333335
1.0,1.0,1.0,1.0,1.0,5.0,0.5714285714285714,1,1.0,5.0,1.0,2.428571428571429,0.0,solvability-pair-0072193-try_again_n,-0.4285714285714286,2.0,1.0,2.0,1.791759469228055,try_again_n,8.0,0.625,-0.5,2.0,0.5,-2.5,-2.5,-1.0,-1.0,1.0,-1.0,1.0,0.22270013882530884,0.7772998611746911,solvability-pair-0072193,-1.25,1.0,-1.0,3.0,3.0,-2.428571428571429,5,1.0,TRY_AGAIN,train,solvability-pair-0072193-try_again_n:5,0.0,solvability,0.0,0.0,1.0,-2.428571428571429
1.0,1.0,1.0,1.0,1.0,6.0,0.5,0,1.0,6.0,0.0,2.5,0.0,solvability-pair-0072193-try_again_n,-0.5,2.0,2.0,2.0,1.9459101490553132,try_again_n,8.0,0.75,-0.5,2.0,0.5,-2.5,-2.5,0.0,-1.0,-1.0,1.0,1.0,0.13296424019782924,0.8670357598021706,solvability-pair-0072193,-1.875,1.0,-1.0,3.0,3.0,-2.5,6,1.0,GIVE_UP,train,solvability-pair-0072193-try_again_n:6,0.0,solvability,0.0,0.0,1.0,-2.5
0.0,0.0,0.0,0.0,1.0,0.0,0.5,0,1.0,0.0,0.0,0.5,0.0,solvability-pair-0072194-try_again_m,-0.5,0.0,0.0,0.0,0.0,try_again_m,8.0,0.0,-0.5,0.0,0.5,-0.5,-0.5,0.0,0.0,0.0,0.0,0.0,0.5621765008857981,0.4378234991142019,solvability-pair-0072194,0.25,0.0,0.0,0.0,0.0,-0.5,0,0.0,GIVE_UP,train,solvability-pair-0072194-try_again_m:0,0.0,solvability,0.0,0.0,1.0,-0.5
0.0,0.0,0.0,0.0,1.0,0.0,0.5,0,1.0,0.0,0.0,0.5,0.0,solvability-pair-0072194-try_again_n,-0.5,0.0,0.0,0.0,0.0,try_again_n,8.0,0.0,-0.5,0.0,0.5,-0.5,-0.5,0.0,0.0,0.0,0.0,0.0,0.2689414213699951,0.7310585786300049,solvability-pair-0072194,-1.0,0.0,0.0,0.0,0.0,-0.5,0,0.0,GIVE_UP,train,solvability-pair-0072194-try_again_n:0,0.0,solvability,0.0,0.0,1.0,-0.5
0.0,0.0,0.0,0.0,1.0,0.0,0.25,0,1.0,0.0,0.0,2.75,-1.0,solvability-pair-0072195-try_again_m,-0.75,2.0,0.0,2.0,0.0,try_again_m,8.0,0.0,-0.8,2.0,0.2,-2.8,-2.8,0.0,0.0,0.0,0.0,0.0,0.32082130082460697,0.679178699175393,solvability-pair-0072195,-0.75,0.0,0.0,0.0,0.0,-2.75,0,0.0,GIVE_UP,validation,solvability-pair-0072195-try_again_m:0,0.0,solvability,0.0,0.0,1.0,-2.75
0.0,0.0,0.0,0.0,1.0,0.0,0.25,0,1.0,0.0,0.0,2.75,-1.0,solvability-pair-0072195-try_again_n,-0.75,2.0,0.0,2.0,0.0,try_again_n,8.0,0.0,-0.8,2.0,0.2,-2.8,-2.8,0.0,0.0,0.0,0.0,0.0,0.18242552380635632,0.8175744761936437,solvability-pair-0072195,-1.5,0.0,0.0,0.0,0.0,-2.75,0,0.0,GIVE_UP,validation,solvability-pair-0072195-try_again_n:0,0.0,solvability,0.0,0.0,1.0,-2.75
0.0,0.0,0.0,0.0,1.0,0.0,0.75,1,1.0,0.0,0.0,0.25,1.0,solvability-pair-0072196-try_again_m,-0.25,0.0,0.0,0.0,0.0,try_again_m,8.0,0.0,-0.19999999999999996,0.0,0.8,-0.19999999999999996,-0.19999999999999996,1.0,0.0,0.0,0.0,0.0,0.9626731126558706,0.037326887344129464,solvability-pair-0072196,3.25,0.0,0.0,0.0,0.0,-0.25,0,0.0,TRY_AGAIN,train,solvability-pair-0072196-try_again_m:0,0.0,solvability,0.0,0.0,1.0,-0.25
1.0,0.0,0.0,0.0,1.0,1.0,0.8333333333333334,1,1.0,1.0,1.0,0.16666666666666663,1.0,solvability-pair-0072196-try_again_m,-0.16666666666666663,0.0,0.0,0.0,0.6931471805599453,try_again_m,8.0,0.125,-0.19999999999999996,0.0,0.8,-0.19999999999999996,-0.19999999999999996,1.0,1.0,0.0,0.0,0.0,0.9995694429186754,0.00043055708132461493,solvability-pair-0072196,7.75,1.0,1.0,1.0,1.0,-0.16666666666666663,1,0.0,TRY_AGAIN,train,solvability-pair-0072196-try_again_m:1,1.0,solvability,0.0,0.0,1.0,-0.16666666666666663
1.0,1.0,0.0,0.0,1.0,2.0,0.875,1,1.0,2.0,2.0,0.125,1.0,solvability-pair-0072196-try_again_m,-0.125,0.0,0.0,0.0,1.0986122886681098,try_again_m,8.0,0.25,-0.19999999999999996,0.0,0.8,-0.19999999999999996,-0.19999999999999996,-1.0,1.0,1.0,0.0,0.0,0.991422514586288,0.008577485413711986,solvability-pair-0072196,4.75,1.0,1.0,2.0,2.0,-0.125,2,1.0,TRY_AGAIN,train,solvability-pair-0072196-try_again_m:2,2.0,solvability,0.0,0.0,1.0,-0.125
1.0,1.0,1.0,0.0,1.0,3.0,0.7,1,1.0,3.0,1.0,0.30000000000000004,1.0,solvability-pair-0072196-try_again_m,-0.30000000000000004,0.0,1.0,0.0,1.3862943611198906,try_again_m,8.0,0.375,-0.19999999999999996,0.0,0.8,-0.19999999999999996,-0.19999999999999996,1.0,-1.0,1.0,1.0,0.0,0.7057850278370112,0.29421497216298875,solvability-pair-0072196,0.875,1.0,-1.0,2.0,2.0,-0.30000000000000004,3,1.0,TRY_AGAIN,train,solvability-pair-0072196-try_again_m:3,0.0,solvability,0.0,0.0,1.0,-0.30000000000000004
1.0,1.0,1.0,0.0,1.0,4.0,0.75,1,1.0,4.0,2.0,0.25,1.0,solvability-pair-0072196-try_again_m,-0.25,0.0,0.0,0.0,1.6094379124341003,try_again_m,8.0,0.5,-0.19999999999999996,0.0,0.8,-0.19999999999999996,-0.19999999999999996,1.0,1.0,-1.0,1.0,0.0,0.9149009549929797,0.08509904500702024,solvability-pair-0072196,2.375,1.0,1.0,3.0,3.0,-0.25,4,1.0,TRY_AGAIN,train,solvability-pair-0072196-try_again_m:4,1.0,solvability,0.0,0.0,1.0,-0.25
1.0,1.0,1.0,1.0,1.0,5.0,0.7857142857142857,1,1.0,5.0,3.0,0.2142857142857143,1.0,solvability-pair-0072196-try_again_m,-0.2142857142857143,0.0,0.0,0.0,1.791759469228055,try_again_m,8.0,0.625,-0.19999999999999996,0.0,0.8,-0.19999999999999996,-0.19999999999999996,-1.0,1.0,1.0,-1.0,1.0,0.7772998611746911,0.22270013882530884,solvability-pair-0072196,1.25,1.0,1.0,4.0,4.0,-0.2142857142857143,5,1.0,TRY_AGAIN,train,solvability-pair-0072196-try_again_m:5,2.0,solvability,0.0,0.0,1.0,-0.2142857142857143
1.0,1.0,1.0,1.0,1.0,6.0,0.6875,1,1.0,6.0,2.0,0.3125,1.0,solvability-pair-0072196-try_again_m,-0.3125,0.0,1.0,0.0,1.9459101490553132,try_again_m,8.0,0.75,-0.19999999999999996,0.0,0.8,-0.19999999999999996,-0.19999999999999996,1.0,-1.0,1.0,1.0,1.0,0.4073334000459302,0.5926665999540697,solvability-pair-0072196,-0.375,1.0,-1.0,4.0,4.0,-0.3125,6,1.0,TRY_AGAIN,train,solvability-pair-0072196-try_again_m:6,0.0,solvability,0.0,0.0,1.0,-0.3125
1.0,1.0,1.0,1.0,1.0,7.0,0.7222222222222222,1,1.0,7.0,3.0,0.2777777777777778,1.0,solvability-pair-0072196-try_again_m,-0.2777777777777778,0.0,0.0,0.0,2.0794415416798357,try_again_m,8.0,0.875,-0.19999999999999996,0.0,0.8,-0.19999999999999996,-0.19999999999999996,1.0,1.0,-1.0,1.0,-1.0,0.6224593312018546,0.37754066879814546,solvability-pair-0072196,0.5,1.0,1.0,5.0,5.0,-0.2777777777777778,7,1.0,TRY_AGAIN,train,solvability-pair-0072196-try_again_m:7,1.0,solvability,0.0,0.0,1.0,-0.2777777777777778
0.0,0.0,0.0,0.0,1.0,0.0,0.75,0,1.0,0.0,0.0,0.25,1.0,solvability-pair-0072196-try_again_n,-0.25,0.0,0.0,0.0,0.0,try_again_n,8.0,0.0,-0.19999999999999996,0.0,0.8,-0.19999999999999996,-0.19999999999999996,0.0,0.0,0.0,0.0,0.0,0.7549149868676283,0.24508501313237172,solvability-pair-0072196,1.125,0.0,0.0,0.0,0.0,-0.25,0,0.0,GIVE_UP,train,solvability-pair-0072196-try_again_n:0,0.0,solvability,0.0,0.0,1.0,-0.25
0.0,0.0,0.0,0.0,0.0,0.0,0.5,0,0.0,0.0,0.0,1.5,0.0,solvability-pair-0072197-try_again_m,0.5,2.0,0.0,2.0,0.0,try_again_m,8.0,0.0,0.5,2.0,0.5,-1.5,-1.5,0.0,0.0,0.0,0.0,0.0,0.6224593312018546,0.37754066879814546,solvability-pair-0072197,0.5,0.0,0.0,0.0,0.0,-1.5,0,0.0,GIVE_UP,validation,solvability-pair-0072197-try_again_m:0,0.0,solvability,0.0,0.0,1.0,-1.5
0.0,0.0,0.0,0.0,0.0,0.0,0.5,0,0.0,0.0,0.0,1.5,0.0,solvability-pair-0072197-try_again_n,0.5,2.0,0.0,2.0,0.0,try_again_n,8.0,0.0,0.5,2.0,0.5,-1.5,-1.5,0.0,0.0,0.0,0.0,0.0,0.2689414213699951,0.7310585786300049,solvability-pair-0072197,-1.0,0.0,0.0,0.0,0.0,-1.5,0,0.0,GIVE_UP,validation,solvability-pair-0072197-try_again_n:0,0.0,solvability,0.0,0.0,1.0,-1.5
0.0,0.0,0.0,0.0,0.0,0.0,0.5,0,0.0,0.0,0.0,-0.5,0.0,solvability-pair-0072198-try_again_m,0.5,0.0,0.0,0.0,0.0,try_again_m,8.0,0.0,0.5,0.0,0.5,0.5,0.5,0.0,0.0,0.0,0.0,0.0,0.7549149868676283,0.24508501313237172,solvability-pair-0072198,1.125,0.0,0.0,0.0,0.0,0.5,0,0.0,GIVE_UP,train,solvability-pair-0072198-try_again_m:0,0.0,solvability,0.0,0.0,1.0,0.5
0.0,0.0,0.0,0.0,0.0,0.0,0.5,0,0.0,0.0,0.0,-0.5,0.0,solvability-pair-0072198-try_again_n,0.5,0.0,0.0,0.0,0.0,try_again_n,8.0,0.0,0.5,0.0,0.5,0.5,0.5,0.0,0.0,0.0,0.0,0.0,0.34864513533394575,0.6513548646660542,solvability-pair-0072198,-0.625,0.0,0.0,0.0,0.0,0.5,0,0.0,GIVE_UP,train,solvability-pair-0072198-try_again_n:0,0.0,solvability,0.0,0.0,1.0,0.5
0.0,0.0,0.0,0.0,0.0,0.0,0.25,0,0.0,0.0,0.0,-0.25,-1.0,solvability-pair-0072199-try_again_m,0.25,0.0,0.0,0.0,0.0,try_again_m,8.0,0.0,0.2,0.0,0.2,0.2,0.2,0.0,0.0,0.0,0.0,0.0,0.5,0.5,solvability-pair-0072199,0.0,0.0,0.0,0.0,0.0,0.25,0,0.0,GIVE_UP,validation,solvability-pair-0072199-try_again_m:0,0.0,solvability,0.0,0.0,1.0,0.25
0.0,0.0,0.0,0.0,0.0,0.0,0.25,0,0.0,0.0,0.0,-0.25,-1.0,solvability-pair-0072199-try_again_n,0.25,0.0,0.0,0.0,0.0,try_again_n,8.0,0.0,0.2,0.0,0.2,0.2,0.2,0.0,0.0,0.0,0.0,0.0,0.22270013882530884,0.7772998611746911,solvability-pair-0072199,-1.25,0.0,0.0,0.0,0.0,0.25,0,0.0,GIVE_UP,validation,solvability-pair-0072199-try_again_n:0,0.0,solvability,0.0,0.0,1.0,0.25
0.0,0.0,0.0,0.0,0.0,0.0,0.25,0,0.0,0.0,0.0,1.75,-1.0,solvability-pair-0072200-try_again_m,0.25,2.0,0.0,2.0,0.0,try_again_m,8.0,0.0,0.2,2.0,0.2,-1.8,-1.8,0.0,0.0,0.0,0.0,0.0,0.4073334000459302,0.5926665999540697,solvability-pair-0072200,-0.375,0.0,0.0,0.0,0.0,-1.75,0,0.0,GIVE_UP,test,solvability-pair-0072200-try_again_m:0,0.0,solvability,0.0,0.0,1.0,-1.75
0.0,0.0,0.0,0.0,0.0,0.0,0.25,0,0.0,0.0,0.0,1.75,-1.0,solvability-pair-0072200-try_again_n,0.25,2.0,0.0,2.0,0.0,try_again_n,8.0,0.0,0.2,2.0,0.2,-1.8,-1.8,0.0,0.0,0.0,0.0,0.0,0.20181322226037882,0.7981867777396212,solvability-pair-0072200,-1.375,0.0,0.0,0.0,0.0,-1.75,0,0.0,GIVE_UP,test,solvability-pair-0072200-try_again_n:0,0.0,solvability,0.0,0.0,1.0,-1.75
0.0,0.0,0.0,0.0,1.0,0.0,0.25,1,1.0,0.0,0.0,0.75,-1.0,solvability-pair-0072201-try_again_m,-0.75,0.0,0.0,0.0,0.0,try_again_m,8.0,0.0,-0.8,0.0,0.2,-0.8,-0.8,-1.0,0.0,0.0,0.0,0.0,0.37754066879814546,0.6224593312018546,solvability-pair-0072201,-0.5,0.0,0.0,0.0,0.0,-0.75,0,0.0,TRY_AGAIN,train,solvability-pair-0072201-try_again_m:0,0.0,solvability,0.0,0.0,1.0,-0.75
1.0,0.0,0.0,0.0,1.0,1.0,0.16666666666666666,0,1.0,1.0,-1.0,0.8333333333333334,-1.0,solvability-pair-0072201-try_again_m,-0.8333333333333334,0.0,1.0,0.0,0.6931471805599453,try_again_m,8.0,0.125,-0.8,0.0,0.2,-0.8,-0.8,0.0,-1.0,0.0,0.0,0.0,0.02595735719779685,0.9740426428022031,solvability-pair-0072201,-3.625,1.0,-1.0,0.0,0.0,-0.8333333333333334,1,0.0,GIVE_UP,train,solvability-pair-0072201-try_again_m:1,0.0,solvability,0.0,0.0,1.0,-0.8333333333333334
0.0,0.0,0.0,0.0,1.0,0.0,0.25,0,1.0,0.0,0.0,0.75,-1.0,solvability-pair-0072201-try_again_n,-0.75,0.0,0.0,0.0,0.0,try_again_n,8.0,0.0,-0.8,0.0,0.2,-0.8,-0.8,0.0,0.0,0.0,0.0,0.0,0.22270013882530884,0.7772998611746911,solvability-pair-0072201,-1.25,0.0,0.0,0.0,0.0,-0.75,0,0.0,GIVE_UP,train,solvability-pair-0072201-try_again_n:0,0.0,solvability,0.0,0.0,1.0,-0.75
0.0,0.0,0.0,0.0,0.0,0.0,0.75,1,0.0,0.0,0.0,-0.75,1.0,solvability-pair-0072202-try_again_m,0.75,0.0,0.0,0.0,0.0,try_again_m,8.0,0.0,0.8,0.0,0.8,0.8,0.8,1.0,0.0,0.0,0.0,0.0,0.9840936082881853,0.01590639171181471,solvability-pair-0072202,4.125,0.0,0.0,0.0,0.0,0.75,0,0.0,TRY_AGAIN,train,solvability-pair-0072202-try_again_m:0,0.0,solvability,0.0,0.0,1.0,0.75
1.0,0.0,0.0,0.0,0.0,1.0,0.8333333333333334,1,0.0,0.0,1.0,-0.8333333333333334,1.0,solvability-pair-0072202-try_again_m,0.8333333333333334,0.0,0.0,0.0,0.6931471805599453,try_again_m,8.0,0.125,0.8,0.0,0.8,0.8,0.8,1.0,1.0,0.0,0.0,0.0,0.9997965730219448,0.0002034269780552065,solvability-pair-0072202,8.5,1.0,1.0,1.0,1.0,0.8333333333333334,1,0.0,TRY_AGAIN,train,solvability-pair-0072202-try_again_m:1,1.0,solvability,0.0,0.0,1.0,0.8333333333333334
1.0,1.0,0.0,0.0,0.0,2.0,0.875,1,0.0,0.0,2.0,-0.875,1.0,solvability-pair-0072202-try_again_m,0.875,0.0,0.0,0.0,1.0986122886681098,try_again_m,8.0,0.25,0.8,0.0,0.8,0.8,0.8,1.0,1.0,1.0,0.0,0.0,0.9968273171575148,0.0031726828424851893,solvability-pair-0072202,5.75,1.0,1.0,2.0,2.0,0.875,2,1.0,TRY_AGAIN,train,solvability-pair-0072202-try_again_m:2,2.0,solvability,0.0,0.0,1.0,0.875
1.0,1.0,1.0,0.0,0.0,3.0,0.9,1,0.0,0.0,3.0,-0.9,1.0,solvability-pair-0072202-try_again_m,0.9,0.0,0.0,0.0,1.3862943611198906,try_again_m,8.0,0.375,0.8,0.0,0.8,0.8,0.8,1.0,1.0,1.0,1.0,0.0,0.9940889311437562,0.005911068856243796,solvability-pair-0072202,5.125,1.0,1.0,3.0,3.0,0.9,3,1.0,TRY_AGAIN,train,solvability-pair-0072202-try_again_m:3,3.0,solvability,0.0,0.0,1.0,0.9
1.0,1.0,1.0,0.0,0.0,4.0,0.9166666666666666,1,0.0,0.0,4.0,-0.9166666666666666,1.0,solvability-pair-0072202-try_again_m,0.9166666666666666,0.0,0.0,0.0,1.6094379124341003,try_again_m,8.0,0.5,0.8,0.0,0.8,0.8,0.8,1.0,1.0,1.0,1.0,0.0,0.9706877692486436,0.029312230751356316,solvability-pair-0072202,3.5,1.0,1.0,4.0,4.0,0.9166666666666666,4,1.0,TRY_AGAIN,train,solvability-pair-0072202-try_again_m:4,4.0,solvability,0.0,0.0,1.0,0.9166666666666666
1.0,1.0,1.0,1.0,0.0,5.0,0.9285714285714286,1,0.0,0.0,5.0,-0.9285714285714286,1.0,solvability-pair-0072202-try_again_m,0.9285714285714286,0.0,0.0,0.0,1.791759469228055,try_again_m,8.0,0.625,0.8,0.0,0.8,0.8,0.8,1.0,1.0,1.0,1.0,1.0,0.9324533088603709,0.0675466911396291,solvability-pair-0072202,2.625,1.0,1.0,5.0,5.0,0.9285714285714286,5,1.0,TRY_AGAIN,train,solvability-pair-0072202-try_again_m:5,5.0,solvability,0.0,0.0,1.0,0.9285714285714286
1.0,1.0,1.0,1.0,0.0,6.0,0.9375,1,0.0,0.0,6.0,-0.9375,1.0,solvability-pair-0072202-try_again_m,0.9375,0.0,0.0,0.0,1.9459101490553132,try_again_m,8.0,0.75,0.8,0.0,0.8,0.8,0.8,1.0,1.0,1.0,1.0,1.0,0.9046505351008906,0.0953494648991095,solvability-pair-0072202,2.25,1.0,1.0,6.0,6.0,0.9375,6,1.0,TRY_AGAIN,train,solvability-pair-0072202-try_again_m:6,6.0,solvability,0.0,0.0,1.0,0.9375
1.0,1.0,1.0,1.0,0.0,7.0,0.9444444444444444,1,0.0,0.0,7.0,-0.9444444444444444,1.0,solvability-pair-0072202-try_again_m,0.9444444444444444,0.0,0.0,0.0,2.0794415416798357,try_again_m,8.0,0.875,0.8,0.0,0.8,0.8,0.8,1.0,1.0,1.0,1.0,1.0,0.7772998611746911,0.22270013882530884,solvability-pair-0072202,1.25,1.0,1.0,7.0,7.0,0.9444444444444444,7,1.0,TRY_AGAIN,train,solvability-pair-0072202-try_again_m:7,7.0,solvability,0.0,0.0,1.0,0.9444444444444444
0.0,0.0,0.0,0.0,0.0,0.0,0.75,1,0.0,0.0,0.0,-0.75,1.0,solvability-pair-0072202-try_again_n,0.75,0.0,0.0,0.0,0.0,try_again_n,8.0,0.0,0.8,0.0,0.8,0.8,0.8,1.0,0.0,0.0,0.0,0.0,0.8175744761936437,0.18242552380635632,solvability-pair-0072202,1.5,0.0,0.0,0.0,0.0,0.75,0,0.0,TRY_AGAIN,train,solvability-pair-0072202-try_again_n:0,0.0,solvability,0.0,0.0,1.0,0.75
1.0,0.0,0.0,0.0,0.0,1.0,0.8333333333333334,1,0.0,0.0,1.0,-0.8333333333333334,1.0,solvability-pair-0072202-try_again_n,0.8333333333333334,0.0,0.0,0.0,0.6931471805599453,try_again_n,8.0,0.125,0.8,0.0,0.8,0.8,0.8,1.0,1.0,0.0,0.0,0.0,0.9999251537724895,7.484622751061124e-05,solvability-pair-0072202,9.5,1.0,1.0,1.0,1.0,0.8333333333333334,1,0.0,TRY_AGAIN,train,solvability-pair-0072202-try_again_n:1,1.0,solvability,0.0,0.0,1.0,0.8333333333333334
1.0,1.0,0.0,0.0,0.0,2.0,0.875,1,0.0,0.0,2.0,-0.875,1.0,solvability-pair-0072202-try_again_n,0.875,0.0,0.0,0.0,1.0986122886681098,try_again_n,8.0,0.25,0.8,0.0,0.8,0.8,0.8,1.0,1.0,1.0,0.0,0.0,0.9990889488055994,0.0009110511944006454,solvability-pair-0072202,7.0,1.0,1.0,2.0,2.0,0.875,2,1.0,TRY_AGAIN,train,solvability-pair-0072202-try_again_n:2,2.0,solvability,0.0,0.0,1.0,0.875
1.0,1.0,1.0,0.0,0.0,3.0,0.9,1,0.0,0.0,3.0,-0.9,1.0,solvability-pair-0072202-try_again_n,0.9,0.0,0.0,0.0,1.3862943611198906,try_again_n,8.0,0.375,0.8,0.0,0.8,0.8,0.8,1.0,1.0,1.0,1.0,0.0,0.9980732653366725,0.0019267346633274755,solvability-pair-0072202,6.25,1.0,1.0,3.0,3.0,0.9,3,1.0,TRY_AGAIN,train,solvability-pair-0072202-try_again_n:3,3.0,solvability,0.0,0.0,1.0,0.9
1.0,1.0,1.0,0.0,0.0,4.0,0.9166666666666666,1,0.0,0.0,4.0,-0.9166666666666666,1.0,solvability-pair-0072202-try_again_n,0.9166666666666666,0.0,0.0,0.0,1.6094379124341003,try_again_n,8.0,0.5,0.8,0.0,0.8,0.8,0.8,1.0,1.0,1.0,1.0,0.0,0.9796676466573412,0.020332353342658753,solvability-pair-0072202,3.875,1.0,1.0,4.0,4.0,0.9166666666666666,4,1.0,TRY_AGAIN,train,solvability-pair-0072202-try_again_n:4,4.0,solvability,0.0,0.0,1.0,0.9166666666666666
1.0,1.0,1.0,1.0,0.0,5.0,0.9285714285714286,1,0.0,0.0,5.0,-0.9285714285714286,1.0,solvability-pair-0072202-try_again_n,0.9285714285714286,0.0,0.0,0.0,1.791759469228055,try_again_n,8.0,0.625,0.8,0.0,0.8,0.8,0.8,1.0,1.0,1.0,1.0,1.0,0.9465966702001757,0.053403329799824234,solvability-pair-0072202,2.875,1.0,1.0,5.0,5.0,0.9285714285714286,5,1.0,TRY_AGAIN,train,solvability-pair-0072202-try_again_n:5,5.0,solvability,0.0,0.0,1.0,0.9285714285714286
1.0,1.0,1.0,1.0,0.0,6.0,0.9375,1,0.0,0.0,6.0,-0.9375,1.0,solvability-pair-0072202-try_again_n,0.9375,0.0,0.0,0.0,1.9459101490553132,try_again_n,8.0,0.75,0.8,0.0,0.8,0.8,0.8,1.0,1.0,1.0,1.0,1.0,0.8933094060543487,0.10669059394565118,solvability-pair-0072202,2.125,1.0,1.0,6.0,6.0,0.9375,6,1.0,TRY_AGAIN,train,solvability-pair-0072202-try_again_n:6,6.0,solvability,0.0,0.0,1.0,0.9375
1.0,1.0,1.0,1.0,0.0,7.0,0.9444444444444444,1,0.0,0.0,7.0,-0.9444444444444444,1.0,solvability-pair-0072202-try_again_n,0.9444444444444444,0.0,0.0,0.0,2.0794415416798357,try_again_n,8.0,0.875,0.8,0.0,0.8,0.8,0.8,1.0,1.0,1.0,1.0,1.0,0.6513548646660542,0.34864513533394575,solvability-pair-0072202,0.625,1.0,1.0,7.0,7.0,0.9444444444444444,7,1.0,TRY_AGAIN,train,solvability-pair-0072202-try_again_n:7,7.0,solvability,0.0,0.0,1.0,0.9444444444444444
0.0,0.0,0.0,0.0,1.0,0.0,0.75,1,1.0,0.0,0.0,2.25,1.0,solvability-pair-0072203-try_again_m,-0.25,2.0,0.0,2.0,0.0,try_again_m,8.0,0.0,-0.19999999999999996,2.0,0.8,-2.2,-2.2,1.0,0.0,0.0,0.0,0.0,0.9399133498259924,0.06008665017400762,solvability-pair-0072203,2.75,0.0,0.0,0.0,0.0,-2.25,0,0.0,TRY_AGAIN,train,solvability-pair-0072203-try_again_m:0,0.0,solvability,0.0,0.0,1.0,-2.25
1.0,0.0,0.0,0.0,1.0,1.0,0.8333333333333334,1,1.0,1.0,1.0,2.1666666666666665,1.0,solvability-pair-0072203-try_again_m,-0.16666666666666663,2.0,0.0,2.0,0.6931471805599453,try_again_m,8.0,0.125,-0.19999999999999996,2.0,0.8,-2.2,-2.2,-1.0,1.0,0.0,0.0,0.0,0.9993736658418905,0.0006263341581094201,solvability-pair-0072203,7.375,1.0,1.0,1.0,1.0,-2.1666666666666665,1,0.0,TRY_AGAIN,train,solvability-pair-0072203-try_again_m:1,1.0,solvability,0.0,0.0,1.0,-2.1666666666666665
1.0,1.0,0.0,0.0,1.0,2.0,0.625,0,1.0,2.0,0.0,2.375,1.0,solvability-pair-0072203-try_again_m,-0.375,2.0,1.0,2.0,1.0986122886681098,try_again_m,8.0,0.25,-0.19999999999999996,2.0,0.8,-2.2,-2.2,0.0,-1.0,1.0,0.0,0.0,0.6513548646660542,0.34864513533394575,solvability-pair-0072203,0.625,1.0,-1.0,1.0,1.0,-2.375,2,1.0,GIVE_UP,train,solvability-pair-0072203-try_again_m:2,0.0,solvability,0.0,0.0,1.0,-2.375
0.0,0.0,0.0,0.0,1.0,0.0,0.75,0,1.0,0.0,0.0,2.25,1.0,solvability-pair-0072203-try_again_n,-0.25,2.0,0.0,2.0,0.0,try_again_n,8.0,0.0,-0.19999999999999996,2.0,0.8,-2.2,-2.2,0.0,0.0,0.0,0.0,0.0,0.679178699175393,0.32082130082460697,solvability-pair-0072203,0.75,0.0,0.0,0.0,0.0,-2.25,0,0.0,GIVE_UP,train,solvability-pair-0072203-try_again_n:0,0.0,solvability,0.0,0.0,1.0,-2.25
0.0,0.0,0.0,0.0,0.0,0.0,0.75,1,0.0,0.0,0.0,1.25,1.0,solvability-pair-0072204-try_again_m,0.75,2.0,0.0,2.0,0.0,try_again_m,8.0,0.0,0.8,2.0,0.8,-1.2,-1.2,1.0,0.0,0.0,0.0,0.0,0.9770226300899744,0.02297736991002561,solvability-pair-0072204,3.75,0.0,0.0,0.0,0.0,-1.25,0,0.0,TRY_AGAIN,train,solvability-pair-0072204-try_again_m:0,0.0,solvability,0.0,0.0,1.0,-1.25
1.0,0.0,0.0,0.0,0.0,1.0,0.8333333333333334,1,0.0,0.0,1.0,1.1666666666666665,1.0,solvability-pair-0072204-try_again_m,0.8333333333333334,2.0,0.0,2.0,0.6931471805599453,try_again_m,8.0,0.125,0.8,2.0,0.8,-1.2,-1.2,1.0,1.0,0.0,0.0,0.0,0.9996646498695336,0.00033535013046647816,solvability-pair-0072204,8.0,1.0,1.0,1.0,1.0,-1.1666666666666665,1,0.0,TRY_AGAIN,train,solvability-pair-0072204-try_again_m:1,1.0,solvability,0.0,0.0,1.0,-1.1666666666666665
1.0,1.0,0.0,0.0,0.0,2.0,0.875,1,0.0,0.0,2.0,1.125,1.0,solvability-pair-0072204-try_again_m,0.875,2.0,0.0,2.0,1.0986122886681098,try_again_m,8.0,0.25,0.8,2.0,0.8,-1.2,-1.2,1.0,1.0,1.0,0.0,0.0,0.9924227587321393,0.007577241267860811,solvability-pair-0072204,4.875,1.0,1.0,2.0,2.0,-1.125,2,1.0,TRY_AGAIN,train,solvability-pair-0072204-try_again_m:2,2.0,solvability,0.0,0.0,1.0,-1.125
1.0,1.0,1.0,0.0,0.0,3.0,0.9,1,0.0,0.0,3.0,1.1,1.0,solvability-pair-0072204-try_again_m,0.9,2.0,0.0,2.0,1.3862943611198906,try_again_m,8.0,0.375,0.8,2.0,0.8,-1.2,-1.2,1.0,1.0,1.0,1.0,0.0,0.9859363729567544,0.014063627043245474,solvability-pair-0072204,4.25,1.0,1.0,3.0,3.0,-1.1,3,1.0,TRY_AGAIN,train,solvability-pair-0072204-try_again_m:3,3.0,solvability,0.0,0.0,1.0,-1.1
1.0,1.0,1.0,0.0,0.0,4.0,0.9166666666666666,1,0.0,0.0,4.0,1.0833333333333335,1.0,solvability-pair-0072204-try_again_m,0.9166666666666666,2.0,0.0,2.0,1.6094379124341003,try_again_m,8.0,0.5,0.8,2.0,0.8,-1.2,-1.2,1.0,1.0,1.0,1.0,0.0,0.9579122720843811,0.04208772791561884,solvability-pair-0072204,3.125,1.0,1.0,4.0,4.0,-1.0833333333333335,4,1.0,TRY_AGAIN,train,solvability-pair-0072204-try_again_m:4,4.0,solvability,0.0,0.0,1.0,-1.0833333333333335
1.0,1.0,1.0,1.0,0.0,5.0,0.9285714285714286,1,0.0,0.0,5.0,1.0714285714285714,1.0,solvability-pair-0072204-try_again_m,0.9285714285714286,2.0,0.0,2.0,1.791759469228055,try_again_m,8.0,0.625,0.8,2.0,0.8,-1.2,-1.2,-1.0,1.0,1.0,1.0,1.0,0.8933094060543487,0.10669059394565118,solvability-pair-0072204,2.125,1.0,1.0,5.0,5.0,-1.0714285714285714,5,1.0,TRY_AGAIN,train,solvability-pair-0072204-try_again_m:5,5.0,solvability,0.0,0.0,1.0,-1.0714285714285714
1.0,1.0,1.0,1.0,0.0,6.0,0.8125,0,0.0,0.0,4.0,1.1875,1.0,solvability-pair-0072204-try_again_m,0.8125,2.0,1.0,2.0,1.9459101490553132,try_again_m,8.0,0.75,0.8,2.0,0.8,-1.2,-1.2,0.0,-1.0,1.0,1.0,1.0,0.2689414213699951,0.7310585786300049,solvability-pair-0072204,-1.0,1.0,-1.0,5.0,5.0,-1.1875,6,1.0,GIVE_UP,train,solvability-pair-0072204-try_again_m:6,0.0,solvability,0.0,0.0,1.0,-1.1875
0.0,0.0,0.0,0.0,0.0,0.0,0.75,1,0.0,0.0,0.0,1.25,1.0,solvability-pair-0072204-try_again_n,0.75,2.0,0.0,2.0,0.0,try_again_n,8.0,0.0,0.8,2.0,0.8,-1.2,-1.2,1.0,0.0,0.0,0.0,0.0,0.7772998611746911,0.22270013882530884,solvability-pair-0072204,1.25,0.0,0.0,0.0,0.0,-1.25,0,0.0,TRY_AGAIN,train,solvability-pair-0072204-try_again_n:0,0.0,solvability,0.0,0.0,1.0,-1.25
1.0,0.0,0.0,0.0,0.0,1.0,0.8333333333333334,1,0.0,0.0,1.0,1.1666666666666665,1.0,solvability-pair-0072204-try_again_n,0.8333333333333334,2.0,0.0,2.0,0.6931471805599453,try_again_n,8.0,0.125,0.8,2.0,0.8,-1.2,-1.2,1.0,1.0,0.0,0.0,0.0,0.9997694932780068,0.0002305067219931397,solvability-pair-0072204,8.375,1.0,1.0,1.0,1.0,-1.1666666666666665,1,0.0,TRY_AGAIN,train,solvability-pair-0072204-try_again_n:1,1.0,solvability,0.0,0.0,1.0,-1.1666666666666665
1.0,1.0,0.0,0.0,0.0,2.0,0.875,1,0.0,0.0,2.0,1.125,1.0,solvability-pair-0072204-try_again_n,0.875,2.0,0.0,2.0,1.0986122886681098,try_again_n,8.0,0.25,0.8,2.0,0.8,-1.2,-1.2,1.0,1.0,1.0,0.0,0.0,0.9953904278206259,0.004609572179374208,solvability-pair-0072204,5.375,1.0,1.0,2.0,2.0,-1.125,2,1.0,TRY_AGAIN,train,solvability-pair-0072204-try_again_n:2,2.0,solvability,0.0,0.0,1.0,-1.125
1.0,1.0,1.0,0.0,0.0,3.0,0.9,1,0.0,0.0,3.0,1.1,1.0,solvability-pair-0072204-try_again_n,0.9,2.0,0.0,2.0,1.3862943611198906,try_again_n,8.0,0.375,0.8,2.0,0.8,-1.2,-1.2,1.0,1.0,1.0,1.0,0.0,0.9875683491468141,0.012431650853185818,solvability-pair-0072204,4.375,1.0,1.0,3.0,3.0,-1.1,3,1.0,TRY_AGAIN,train,solvability-pair-0072204-try_again_n:3,3.0,solvability,0.0,0.0,1.0,-1.1
1.0,1.0,1.0,0.0,0.0,4.0,0.9166666666666666,1,0.0,0.0,4.0,1.0833333333333335,1.0,solvability-pair-0072204-try_again_n,0.9166666666666666,2.0,0.0,2.0,1.6094379124341003,try_again_n,8.0,0.5,0.8,2.0,0.8,-1.2,-1.2,1.0,1.0,1.0,1.0,0.0,0.9626731126558706,0.037326887344129464,solvability-pair-0072204,3.25,1.0,1.0,4.0,4.0,-1.0833333333333335,4,1.0,TRY_AGAIN,train,solvability-pair-0072204-try_again_n:4,4.0,solvability,0.0,0.0,1.0,-1.0833333333333335
1.0,1.0,1.0,1.0,0.0,5.0,0.9285714285714286,1,0.0,0.0,5.0,1.0714285714285714,1.0,solvability-pair-0072204-try_again_n,0.9285714285714286,2.0,0.0,2.0,1.791759469228055,try_again_n,8.0,0.625,0.8,2.0,0.8,-1.2,-1.2,-1.0,1.0,1.0,1.0,1.0,0.9046505351008906,0.0953494648991095,solvability-pair-0072204,2.25,1.0,1.0,5.0,5.0,-1.0714285714285714,5,1.0,TRY_AGAIN,train,solvability-pair-0072204-try_again_n:5,5.0,solvability,0.0,0.0,1.0,-1.0714285714285714
1.0,1.0,1.0,1.0,0.0,6.0,0.8125,0,0.0,0.0,4.0,1.1875,1.0,solvability-pair-0072204-try_again_n,0.8125,2.0,1.0,2.0,1.9459101490553132,try_again_n,8.0,0.75,0.8,2.0,0.8,-1.2,-1.2,0.0,-1.0,1.0,1.0,1.0,0.18242552380635632,0.8175744761936437,solvability-pair-0072204,-1.5,1.0,-1.0,5.0,5.0,-1.1875,6,1.0,GIVE_UP,train,solvability-pair-0072204-try_again_n:6,0.0,solvability,0.0,0.0,1.0,-1.1875
0.0,0.0,0.0,0.0,1.0,0.0,0.5,0,1.0,0.0,0.0,2.5,0.0,solvability-pair-0072205-try_again_m,-0.5,2.0,0.0,2.0,0.0,try_again_m,8.0,0.0,-0.5,2.0,0.5,-2.5,-2.5,0.0,0.0,0.0,0.0,0.0,0.46879062662624377,0.5312093733737563,solvability-pair-0072205,-0.125,0.0,0.0,0.0,0.0,-2.5,0,0.0,GIVE_UP,validation,solvability-pair-0072205-try_again_m:0,0.0,solvability,0.0,0.0,1.0,-2.5
0.0,0.0,0.0,0.0,1.0,0.0,0.5,0,1.0,0.0,0.0,2.5,0.0,solvability-pair-0072205-try_again_n,-0.5,2.0,0.0,2.0,0.0,try_again_n,8.0,0.0,-0.5,2.0,0.5,-2.5,-2.5,0.0,0.0,0.0,0.0,0.0,0.22270013882530884,0.7772998611746911,solvability-pair-0072205,-1.25,0.0,0.0,0.0,0.0,-2.5,0,0.0,GIVE_UP,validation,solvability-pair-0072205-try_again_n:0,0.0,solvability,0.0,0.0,1.0,-2.5
0.0,0.0,0.0,0.0,1.0,0.0,0.5,1,1.0,0.0,0.0,0.5,0.0,solvability-pair-0072206-try_again_m,-0.5,0.0,0.0,0.0,0.0,try_again_m,8.0,0.0,-0.5,0.0,0.5,-0.5,-0.5,-1.0,0.0,0.0,0.0,0.0,0.5621765008857981,0.4378234991142019,solvability-pair-0072206,0.25,0.0,0.0,0.0,0.0,-0.5,0,0.0,TRY_AGAIN,validation,solvability-pair-0072206-try_again_m:0,0.0,solvability,0.0,0.0,1.0,-0.5
1.0,0.0,0.0,0.0,1.0,1.0,0.3333333333333333,0,1.0,1.0,-1.0,0.6666666666666667,0.0,solvability-pair-0072206-try_again_m,-0.6666666666666667,0.0,1.0,0.0,0.6931471805599453,try_again_m,8.0,0.125,-0.5,0.0,0.5,-0.5,-0.5,0.0,-1.0,0.0,0.0,0.0,0.033085978388704126,0.9669140216112958,solvability-pair-0072206,-3.375,1.0,-1.0,0.0,0.0,-0.6666666666666667,1,0.0,GIVE_UP,validation,solvability-pair-0072206-try_again_m:1,0.0,solvability,0.0,0.0,1.0,-0.6666666666666667
0.0,0.0,0.0,0.0,1.0,0.0,0.5,0,1.0,0.0,0.0,0.5,0.0,solvability-pair-0072206-try_again_n,-0.5,0.0,0.0,0.0,0.0,try_again_n,8.0,0.0,-0.5,0.0,0.5,-0.5,-0.5,0.0,0.0,0.0,0.0,0.0,0.2689414213699951,0.7310585786300049,solvability-pair-0072206,-1.0,0.0,0.0,0.0,0.0,-0.5,0,0.0,GIVE_UP,validation,solvability-pair-0072206-try_again_n:0,0.0,solvability,0.0,0.0,1.0,-0.5
0.0,0.0,0.0,0.0,1.0,0.0,0.25,0,1.0,0.0,0.0,2.75,-1.0,solvability-pair-0072207-try_again_m,-0.75,2.0,0.0,2.0,0.0,try_again_m,8.0,0.0,-0.8,2.0,0.2,-2.8,-2.8,0.0,0.0,0.0,0.0,0.0,0.32082130082460697,0.679178699175393,solvability-pair-0072207,-0.75,0.0,0.0,0.0,0.0,-2.75,0,0.0,GIVE_UP,train,solvability-pair-0072207-try_again_m:0,0.0,solvability,0.0,0.0,1.0,-2.75
0.0,0.0,0.0,0.0,1.0,0.0,0.25,0,1.0,0.0,0.0,2.75,-1.0,solvability-pair-0072207-try_again_n,-0.75,2.0,0.0,2.0,0.0,try_again_n,8.0,0.0,-0.8,2.0,0.2,-2.8,-2.8,0.0,0.0,0.0,0.0,0.0,0.18242552380635632,0.8175744761936437,solvability-pair-0072207,-1.5,0.0,0.0,0.0,0.0,-2.75,0,0.0,GIVE_UP,train,solvability-pair-0072207-try_again_n:0,0.0,solvability,0.0,0.0,1.0,-2.75
0.0,0.0,0.0,0.0,1.0,0.0,0.75,1,1.0,0.0,0.0,0.25,1.0,solvability-pair-0072208-try_again_m,-0.25,0.0,0.0,0.0,0.0,try_again_m,8.0,0.0,-0.19999999999999996,0.0,0.8,-0.19999999999999996,-0.19999999999999996,1.0,0.0,0.0,0.0,0.0,0.9626731126558706,0.037326887344129464,solvability-pair-0072208,3.25,0.0,0.0,0.0,0.0,-0.25,0,0.0,TRY_AGAIN,train,solvability-pair-0072208-try_again_m:0,0.0,solvability,0.0,0.0,1.0,-0.25
1.0,0.0,0.0,0.0,1.0,1.0,0.8333333333333334,1,1.0,1.0,1.0,0.16666666666666663,1.0,solvability-pair-0072208-try_again_m,-0.16666666666666663,0.0,0.0,0.0,0.6931471805599453,try_again_m,8.0,0.125,-0.19999999999999996,0.0,0.8,-0.19999999999999996,-0.19999999999999996,1.0,1.0,0.0,0.0,0.0,0.9995694429186754,0.00043055708132461493,solvability-pair-0072208,7.75,1.0,1.0,1.0,1.0,-0.16666666666666663,1,0.0,TRY_AGAIN,train,solvability-pair-0072208-try_again_m:1,1.0,solvability,0.0,0.0,1.0,-0.16666666666666663
1.0,1.0,0.0,0.0,1.0,2.0,0.875,1,1.0,2.0,2.0,0.125,1.0,solvability-pair-0072208-try_again_m,-0.125,0.0,0.0,0.0,1.0986122886681098,try_again_m,8.0,0.25,-0.19999999999999996,0.0,0.8,-0.19999999999999996,-0.19999999999999996,1.0,1.0,1.0,0.0,0.0,0.991422514586288,0.008577485413711986,solvability-pair-0072208,4.75,1.0,1.0,2.0,2.0,-0.125,2,1.0,TRY_AGAIN,train,solvability-pair-0072208-try_again_m:2,2.0,solvability,0.0,0.0,1.0,-0.125
1.0,1.0,1.0,0.0,1.0,3.0,0.9,1,1.0,3.0,3.0,0.09999999999999998,1.0,solvability-pair-0072208-try_again_m,-0.09999999999999998,0.0,0.0,0.0,1.3862943611198906,try_again_m,8.0,0.375,-0.19999999999999996,0.0,0.8,-0.19999999999999996,-0.19999999999999996,-1.0,1.0,1.0,1.0,0.0,0.9770226300899744,0.02297736991002561,solvability-pair-0072208,3.75,1.0,1.0,3.0,3.0,-0.09999999999999998,3,1.0,TRY_AGAIN,train,solvability-pair-0072208-try_again_m:3,3.0,solvability,0.0,0.0,1.0,-0.09999999999999998
1.0,1.0,1.0,0.0,1.0,4.0,0.75,0,1.0,4.0,2.0,0.25,1.0,solvability-pair-0072208-try_again_m,-0.25,0.0,1.0,0.0,1.6094379124341003,try_again_m,8.0,0.5,-0.19999999999999996,0.0,0.8,-0.19999999999999996,-0.19999999999999996,0.0,-1.0,1.0,1.0,0.0,0.32082130082460697,0.679178699175393,solvability-pair-0072208,-0.75,1.0,-1.0,3.0,3.0,-0.25,4,1.0,GIVE_UP,train,solvability-pair-0072208-try_again_m:4,0.0,solvability,0.0,0.0,1.0,-0.25
0.0,0.0,0.0,0.0,1.0,0.0,0.75,0,1.0,0.0,0.0,0.25,1.0,solvability-pair-0072208-try_again_n,-0.25,0.0,0.0,0.0,0.0,try_again_n,8.0,0.0,-0.19999999999999996,0.0,0.8,-0.19999999999999996,-0.19999999999999996,0.0,0.0,0.0,0.0,0.0,0.7549149868676283,0.24508501313237172,solvability-pair-0072208,1.125,0.0,0.0,0.0,0.0,-0.25,0,0.0,GIVE_UP,train,solvability-pair-0072208-try_again_n:0,0.0,solvability,0.0,0.0,1.0,-0.25
0.0,0.0,0.0,0.0,0.0,0.0,0.5,1,0.0,0.0,0.0,1.5,0.0,solvability-pair-0072209-try_again_m,0.5,2.0,0.0,2.0,0.0,try_again_m,8.0,0.0,0.5,2.0,0.5,-1.5,-1.5,1.0,0.0,0.0,0.0,0.0,0.6224593312018546,0.37754066879814546,solvability-pair-0072209,0.5,0.0,0.0,0.0,0.0,-1.5,0,0.0,TRY_AGAIN,train,solvability-pair-0072209-try_again_m:0,0.0,solvability,0.0,0.0,1.0,-1.5
1.0,0.0,0.0,0.0,0.0,1.0,0.6666666666666666,1,0.0,0.0,1.0,1.3333333333333335,0.0,solvability-pair-0072209-try_again_m,0.6666666666666666,2.0,0.0,2.0,0.6931471805599453,try_again_m,8.0,0.125,0.5,2.0,0.5,-1.5,-1.5,1.0,1.0,0.0,0.0,0.0,0.9980732653366725,0.0019267346633274755,solvability-pair-0072209,6.25,1.0,1.0,1.0,1.0,-1.3333333333333335,1,0.0,TRY_AGAIN,train,solvability-pair-0072209-try_again_m:1,1.0,solvability,0.0,0.0,1.0,-1.3333333333333335
1.0,1.0,0.0,0.0,0.0,2.0,0.75,1,0.0,0.0,2.0,1.25,0.0,solvability-pair-0072209-try_again_m,0.75,2.0,0.0,2.0,1.0986122886681098,try_again_m,8.0,0.25,0.5,2.0,0.5,-1.5,-1.5,1.0,1.0,1.0,0.0,0.0,0.9465966702001757,0.053403329799824234,solvability-pair-0072209,2.875,1.0,1.0,2.0,2.0,-1.25,2,1.0,TRY_AGAIN,train,solvability-pair-0072209-try_again_m:2,2.0,solvability,0.0,0.0,1.0,-1.25
1.0,1.0,1.0,0.0,0.0,3.0,0.8,1,0.0,0.0,3.0,1.2,0.0,solvability-pair-0072209-try_again_m,0.8,2.0,0.0,2.0,1.3862943611198906,try_again_m,8.0,0.375,0.5,2.0,0.5,-1.5,-1.5,1.0,1.0,1.0,1.0,0.0,0.9324533088603709,0.0675466911396291,solvability-pair-0072209,2.625,1.0,1.0,3.0,3.0,-1.2,3,1.0,TRY_AGAIN,train,solvability-pair-0072209-try_again_m:3,3.0,solvability,0.0,0.0,1.0,-1.2
1.0,1.0,1.0,0.0,0.0,4.0,0.8333333333333334,1,0.0,0.0,4.0,1.1666666666666665,0.0,solvability-pair-0072209-try_again_m,0.8333333333333334,2.0,0.0,2.0,1.6094379124341003,try_again_m,8.0,0.5,0.5,2.0,0.5,-1.5,-1.5,-1.0,1.0,1.0,1.0,0.0,0.8807970779778823,0.11920292202211755,solvability-pair-0072209,2.0,1.0,1.0,4.0,4.0,-1.1666666666666665,4,1.0,TRY_AGAIN,train,solvability-pair-0072209-try_again_m:4,4.0,solvability,0.0,0.0,1.0,-1.1666666666666665
1.0,1.0,1.0,1.0,0.0,5.0,0.7142857142857143,0,0.0,0.0,3.0,1.2857142857142856,0.0,solvability-pair-0072209-try_again_m,0.7142857142857143,2.0,1.0,2.0,1.791759469228055,try_again_m,8.0,0.625,0.5,2.0,0.5,-1.5,-1.5,0.0,-1.0,1.0,1.0,1.0,0.29421497216298875,0.7057850278370112,solvability-pair-0072209,-0.875,1.0,-1.0,4.0,4.0,-1.2857142857142856,5,1.0,GIVE_UP,train,solvability-pair-0072209-try_again_m:5,0.0,solvability,0.0,0.0,1.0,-1.2857142857142856
0.0,0.0,0.0,0.0,0.0,0.0,0.5,1,0.0,0.0,0.0,1.5,0.0,solvability-pair-0072209-try_again_n,0.5,2.0,0.0,2.0,0.0,try_again_n,8.0,0.0,0.5,2.0,0.5,-1.5,-1.5,1.0,0.0,0.0,0.0,0.0,0.2689414213699951,0.7310585786300049,solvability-pair-0072209,-1.0,0.0,0.0,0.0,0.0,-1.5,0,0.0,TRY_AGAIN,train,solvability-pair-0072209-try_again_n:0,0.0,solvability,0.0,0.0,1.0,-1.5
1.0,0.0,0.0,0.0,0.0,1.0,0.6666666666666666,1,0.0,0.0,1.0,1.3333333333333335,0.0,solvability-pair-0072209-try_again_n,0.6666666666666666,2.0,0.0,2.0,0.6931471805599453,try_again_n,8.0,0.125,0.5,2.0,0.5,-1.5,-1.5,1.0,1.0,0.0,0.0,0.0,0.9980732653366725,0.0019267346633274755,solvability-pair-0072209,6.25,1.0,1.0,1.0,1.0,-1.3333333333333335,1,0.0,TRY_AGAIN,train,solvability-pair-0072209-try_again_n:1,1.0,solvability,0.0,0.0,1.0,-1.3333333333333335
1.0,1.0,0.0,0.0,0.0,2.0,0.75,1,0.0,0.0,2.0,1.25,0.0,solvability-pair-0072209-try_again_n,0.75,2.0,0.0,2.0,1.0986122886681098,try_again_n,8.0,0.25,0.5,2.0,0.5,-1.5,-1.5,1.0,1.0,1.0,0.0,0.0,0.9626731126558706,0.037326887344129464,solvability-pair-0072209,3.25,1.0,1.0,2.0,2.0,-1.25,2,1.0,TRY_AGAIN,train,solvability-pair-0072209-try_again_n:2,2.0,solvability,0.0,0.0,1.0,-1.25
1.0,1.0,1.0,0.0,0.0,3.0,0.8,1,0.0,0.0,3.0,1.2,0.0,solvability-pair-0072209-try_again_n,0.8,2.0,0.0,2.0,1.3862943611198906,try_again_n,8.0,0.375,0.5,2.0,0.5,-1.5,-1.5,1.0,1.0,1.0,1.0,0.0,0.9525741268224334,0.04742587317756679,solvability-pair-0072209,3.0,1.0,1.0,3.0,3.0,-1.2,3,1.0,TRY_AGAIN,train,solvability-pair-0072209-try_again_n:3,3.0,solvability,0.0,0.0,1.0,-1.2
1.0,1.0,1.0,0.0,0.0,4.0,0.8333333333333334,1,0.0,0.0,4.0,1.1666666666666665,0.0,solvability-pair-0072209-try_again_n,0.8333333333333334,2.0,0.0,2.0,1.6094379124341003,try_again_n,8.0,0.5,0.5,2.0,0.5,-1.5,-1.5,-1.0,1.0,1.0,1.0,0.0,0.8807970779778823,0.11920292202211755,solvability-pair-0072209,2.0,1.0,1.0,4.0,4.0,-1.1666666666666665,4,1.0,TRY_AGAIN,train,solvability-pair-0072209-try_again_n:4,4.0,solvability,0.0,0.0,1.0,-1.1666666666666665
1.0,1.0,1.0,1.0,0.0,5.0,0.7142857142857143,0,0.0,0.0,3.0,1.2857142857142856,0.0,solvability-pair-0072209-try_again_n,0.7142857142857143,2.0,1.0,2.0,1.791759469228055,try_again_n,8.0,0.625,0.5,2.0,0.5,-1.5,-1.5,0.0,-1.0,1.0,1.0,1.0,0.2689414213699951,0.7310585786300049,solvability-pair-0072209,-1.0,1.0,-1.0,4.0,4.0,-1.2857142857142856,5,1.0,GIVE_UP,train,solvability-pair-0072209-try_again_n:5,0.0,solvability,0.0,0.0,1.0,-1.2857142857142856
0.0,0.0,0.0,0.0,0.0,0.0,0.5,0,0.0,0.0,0.0,-0.5,0.0,solvability-pair-0072210-try_again_m,0.5,0.0,0.0,0.0,0.0,try_again_m,8.0,0.0,0.5,0.0,0.5,0.5,0.5,0.0,0.0,0.0,0.0,0.0,0.7549149868676283,0.24508501313237172,solvability-pair-0072210,1.125,0.0,0.0,0.0,0.0,0.5,0,0.0,GIVE_UP,train,solvability-pair-0072210-try_again_m:0,0.0,solvability,0.0,0.0,1.0,0.5
0.0,0.0,0.0,0.0,0.0,0.0,0.5,0,0.0,0.0,0.0,-0.5,0.0,solvability-pair-0072210-try_again_n,0.5,0.0,0.0,0.0,0.0,try_again_n,8.0,0.0,0.5,0.0,0.5,0.5,0.5,0.0,0.0,0.0,0.0,0.0,0.34864513533394575,0.6513548646660542,solvability-pair-0072210,-0.625,0.0,0.0,0.0,0.0,0.5,0,0.0,GIVE_UP,train,solvability-pair-0072210-try_again_n:0,0.0,solvability,0.0,0.0,1.0,0.5
0.0,0.0,0.0,0.0,0.0,0.0,0.25,0,0.0,0.0,0.0,-0.25,-1.0,solvability-pair-0072211-try_again_m,0.25,0.0,0.0,0.0,0.0,try_again_m,8.0,0.0,0.2,0.0,0.2,0.2,0.2,0.0,0.0,0.0,0.0,0.0,0.5,0.5,solvability-pair-0072211,0.0,0.0,0.0,0.0,0.0,0.25,0,0.0,GIVE_UP,train,solvability-pair-0072211-try_again_m:0,0.0,solvability,0.0,0.0,1.0,0.25
0.0,0.0,0.0,0.0,0.0,0.0,0.25,0,0.0,0.0,0.0,-0.25,-1.0,solvability-pair-0072211-try_again_n,0.25,0.0,0.0,0.0,0.0,try_again_n,8.0,0.0,0.2,0.0,0.2,0.2,0.2,0.0,0.0,0.0,0.0,0.0,0.22270013882530884,0.7772998611746911,solvability-pair-0072211,-1.25,0.0,0.0,0.0,0.0,0.25,0,0.0,GIVE_UP,train,solvability-pair-0072211-try_again_n:0,0.0,solvability,0.0,0.0,1.0,0.25
0.0,0.0,0.0,0.0,0.0,0.0,0.25,1,0.0,0.0,0.0,1.75,-1.0,solvability-pair-0072212-try_again_m,0.25,2.0,0.0,2.0,0.0,try_again_m,8.0,0.0,0.2,2.0,0.2,-1.8,-1.8,-1.0,0.0,0.0,0.0,0.0,0.4073334000459302,0.5926665999540697,solvability-pair-0072212,-0.375,0.0,0.0,0.0,0.0,-1.75,0,0.0,TRY_AGAIN,train,solvability-pair-0072212-try_again_m:0,0.0,solvability,0.0,0.0,1.0,-1.75
1.0,0.0,0.0,0.0,0.0,1.0,0.16666666666666666,0,0.0,0.0,-1.0,1.8333333333333333,-1.0,solvability-pair-0072212-try_again_m,0.16666666666666666,2.0,1.0,2.0,0.6931471805599453,try_again_m,8.0,0.125,0.2,2.0,0.2,-1.8,-1.8,0.0,-1.0,0.0,0.0,0.0,0.033085978388704126,0.9669140216112958,solvability-pair-0072212,-3.375,1.0,-1.0,0.0,0.0,-1.8333333333333333,1,0.0,GIVE_UP,train,solvability-pair-0072212-try_again_m:1,0.0,solvability,0.0,0.0,1.0,-1.8333333333333333
0.0,0.0,0.0,0.0,0.0,0.0,0.25,1,0.0,0.0,0.0,1.75,-1.0,solvability-pair-0072212-try_again_n,0.25,2.0,0.0,2.0,0.0,try_again_n,8.0,0.0,0.2,2.0,0.2,-1.8,-1.8,-1.0,0.0,0.0,0.0,0.0,0.20181322226037882,0.7981867777396212,solvability-pair-0072212,-1.375,0.0,0.0,0.0,0.0,-1.75,0,0.0,TRY_AGAIN,train,solvability-pair-0072212-try_again_n:0,0.0,solvability,0.0,0.0,1.0,-1.75
1.0,0.0,0.0,0.0,0.0,1.0,0.16666666666666666,0,0.0,0.0,-1.0,1.8333333333333333,-1.0,solvability-pair-0072212-try_again_n,0.16666666666666666,2.0,1.0,2.0,0.6931471805599453,try_again_n,8.0,0.125,0.2,2.0,0.2,-1.8,-1.8,0.0,-1.0,0.0,0.0,0.0,0.02595735719779685,0.9740426428022031,solvability-pair-0072212,-3.625,1.0,-1.0,0.0,0.0,-1.8333333333333333,1,0.0,GIVE_UP,train,solvability-pair-0072212-try_again_n:1,0.0,solvability,0.0,0.0,1.0,-1.8333333333333333
0.0,0.0,0.0,0.0,1.0,0.0,0.25,0,1.0,0.0,0.0,0.75,-1.0,solvability-pair-0072213-try_again_m,-0.75,0.0,0.0,0.0,0.0,try_again_m,8.0,0.0,-0.8,0.0,0.2,-0.8,-0.8,0.0,0.0,0.0,0.0,0.0,0.37754066879814546,0.6224593312018546,solvability-pair-0072213,-0.5,0.0,0.0,0.0,0.0,-0.75,0,0.0,GIVE_UP,train,solvability-pair-0072213-try_again_m:0,0.0,solvability,0.0,0.0,1.0,-0.75
0.0,0.0,0.0,0.0,1.0,0.0,0.25,0,1.0,0.0,0.0,0.75,-1.0,solvability-pair-0072213-try_again_n,-0.75,0.0,0.0,0.0,0.0,try_again_n,8.0,0.0,-0.8,0.0,0.2,-0.8,-0.8,0.0,0.0,0.0,0.0,0.0,0.22270013882530884,0.7772998611746911,solvability-pair-0072213,-1.25,0.0,0.0,0.0,0.0,-0.75,0,0.0,GIVE_UP,train,solvability-pair-0072213-try_again_n:0,0.0,solvability,0.0,0.0,1.0,-0.75
0.0,0.0,0.0,0.0,0.0,0.0,0.75,1,0.0,0.0,0.0,-0.75,1.0,solvability-pair-0072214-try_again_m,0.75,0.0,0.0,0.0,0.0,try_again_m,8.0,0.0,0.8,0.0,0.8,0.8,0.8,1.0,0.0,0.0,0.0,0.0,0.9840936082881853,0.01590639171181471,solvability-pair-0072214,4.125,0.0,0.0,0.0,0.0,0.75,0,0.0,TRY_AGAIN,train,solvability-pair-0072214-try_again_m:0,0.0,solvability,0.0,0.0,1.0,0.75
1.0,0.0,0.0,0.0,0.0,1.0,0.8333333333333334,1,0.0,0.0,1.0,-0.8333333333333334,1.0,solvability-pair-0072214-try_again_m,0.8333333333333334,0.0,0.0,0.0,0.6931471805599453,try_again_m,8.0,0.125,0.8,0.0,0.8,0.8,0.8,-1.0,1.0,0.0,0.0,0.0,0.9997965730219448,0.0002034269780552065,solvability-pair-0072214,8.5,1.0,1.0,1.0,1.0,0.8333333333333334,1,0.0,TRY_AGAIN,train,solvability-pair-0072214-try_again_m:1,1.0,solvability,0.0,0.0,1.0,0.8333333333333334
1.0,1.0,0.0,0.0,0.0,2.0,0.625,1,0.0,0.0,0.0,-0.625,1.0,solvability-pair-0072214-try_again_m,0.625,0.0,1.0,0.0,1.0986122886681098,try_again_m,8.0,0.25,0.8,0.0,0.8,0.8,0.8,1.0,-1.0,1.0,0.0,0.0,0.8354835371034369,0.1645164628965632,solvability-pair-0072214,1.625,1.0,-1.0,1.0,1.0,0.625,2,1.0,TRY_AGAIN,train,solvability-pair-0072214-try_again_m:2,0.0,solvability,0.0,0.0,1.0,0.625
1.0,1.0,1.0,0.0,0.0,3.0,0.7,1,0.0,0.0,1.0,-0.7,1.0,solvability-pair-0072214-try_again_m,0.7,0.0,0.0,0.0,1.3862943611198906,try_again_m,8.0,0.375,0.8,0.0,0.8,0.8,0.8,1.0,1.0,-1.0,1.0,0.0,0.9859363729567544,0.014063627043245474,solvability-pair-0072214,4.25,1.0,1.0,2.0,2.0,0.7,3,1.0,TRY_AGAIN,train,solvability-pair-0072214-try_again_m:3,1.0,solvability,0.0,0.0,1.0,0.7
1.0,1.0,1.0,0.0,0.0,4.0,0.75,1,0.0,0.0,2.0,-0.75,1.0,solvability-pair-0072214-try_again_m,0.75,0.0,0.0,0.0,1.6094379124341003,try_again_m,8.0,0.5,0.8,0.0,0.8,0.8,0.8,1.0,1.0,1.0,-1.0,0.0,0.9740426428022031,0.02595735719779685,solvability-pair-0072214,3.625,1.0,1.0,3.0,3.0,0.75,4,1.0,TRY_AGAIN,train,solvability-pair-0072214-try_again_m:4,2.0,solvability,0.0,0.0,1.0,0.75
1.0,1.0,1.0,1.0,0.0,5.0,0.7857142857142857,1,0.0,0.0,3.0,-0.7857142857142857,1.0,solvability-pair-0072214-try_again_m,0.7857142857142857,0.0,0.0,0.0,1.791759469228055,try_again_m,8.0,0.625,0.8,0.0,0.8,0.8,0.8,1.0,1.0,1.0,1.0,1.0,0.9149009549929797,0.08509904500702024,solvability-pair-0072214,2.375,1.0,1.0,4.0,4.0,0.7857142857142857,5,1.0,TRY_AGAIN,train,solvability-pair-0072214-try_again_m:5,3.0,solvability,0.0,0.0,1.0,0.7857142857142857
1.0,1.0,1.0,1.0,0.0,6.0,0.8125,1,0.0,0.0,4.0,-0.8125,1.0,solvability-pair-0072214-try_again_m,0.8125,0.0,0.0,0.0,1.9459101490553132,try_again_m,8.0,0.75,0.8,0.0,0.8,0.8,0.8,1.0,1.0,1.0,1.0,-1.0,0.9241418199787566,0.07585818002124356,solvability-pair-0072214,2.5,1.0,1.0,5.0,5.0,0.8125,6,1.0,TRY_AGAIN,train,solvability-pair-0072214-try_again_m:6,4.0,solvability,0.0,0.0,1.0,0.8125
1.0,1.0,1.0,1.0,0.0,7.0,0.8333333333333334,0,0.0,0.0,5.0,-0.8333333333333334,1.0,solvability-pair-0072214-try_again_m,0.8333333333333334,0.0,0.0,0.0,2.0794415416798357,try_again_m,8.0,0.875,0.8,0.0,0.8,0.8,0.8,0.0,1.0,1.0,1.0,1.0,0.6513548646660542,0.34864513533394575,solvability-pair-0072214,0.625,1.0,1.0,6.0,6.0,0.8333333333333334,7,1.0,GIVE_UP,train,solvability-pair-0072214-try_again_m:7,5.0,solvability,0.0,0.0,1.0,0.8333333333333334
0.0,0.0,0.0,0.0,0.0,0.0,0.75,0,0.0,0.0,0.0,-0.75,1.0,solvability-pair-0072214-try_again_n,0.75,0.0,0.0,0.0,0.0,try_again_n,8.0,0.0,0.8,0.0,0.8,0.8,0.8,0.0,0.0,0.0,0.0,0.0,0.8175744761936437,0.18242552380635632,solvability-pair-0072214,1.5,0.0,0.0,0.0,0.0,0.75,0,0.0,GIVE_UP,train,solvability-pair-0072214-try_again_n:0,0.0,solvability,0.0,0.0,1.0,0.75
0.0,0.0,0.0,0.0,1.0,0.0,0.75,1,1.0,0.0,0.0,2.25,1.0,solvability-pair-0072215-try_again_m,-0.25,2.0,0.0,2.0,0.0,try_again_m,8.0,0.0,-0.19999999999999996,2.0,0.8,-2.2,-2.2,1.0,0.0,0.0,0.0,0.0,0.9399133498259924,0.06008665017400762,solvability-pair-0072215,2.75,0.0,0.0,0.0,0.0,-2.25,0,0.0,TRY_AGAIN,train,solvability-pair-0072215-try_again_m:0,0.0,solvability,0.0,0.0,1.0,-2.25
1.0,0.0,0.0,0.0,1.0,1.0,0.8333333333333334,1,1.0,1.0,1.0,2.1666666666666665,1.0,solvability-pair-0072215-try_again_m,-0.16666666666666663,2.0,0.0,2.0,0.6931471805599453,try_again_m,8.0,0.125,-0.19999999999999996,2.0,0.8,-2.2,-2.2,1.0,1.0,0.0,0.0,0.0,0.9993736658418905,0.0006263341581094201,solvability-pair-0072215,7.375,1.0,1.0,1.0,1.0,-2.1666666666666665,1,0.0,TRY_AGAIN,train,solvability-pair-0072215-try_again_m:1,1.0,solvability,0.0,0.0,1.0,-2.1666666666666665
1.0,1.0,0.0,0.0,1.0,2.0,0.875,1,1.0,2.0,2.0,2.125,1.0,solvability-pair-0072215-try_again_m,-0.125,2.0,0.0,2.0,1.0986122886681098,try_again_m,8.0,0.25,-0.19999999999999996,2.0,0.8,-2.2,-2.2,-1.0,1.0,1.0,0.0,0.0,0.9770226300899744,0.02297736991002561,solvability-pair-0072215,3.75,1.0,1.0,2.0,2.0,-2.125,2,1.0,TRY_AGAIN,train,solvability-pair-0072215-try_again_m:2,2.0,solvability,0.0,0.0,1.0,-2.125
1.0,1.0,1.0,0.0,1.0,3.0,0.7,1,1.0,3.0,1.0,2.3,1.0,solvability-pair-0072215-try_again_m,-0.30000000000000004,2.0,1.0,2.0,1.3862943611198906,try_again_m,8.0,0.375,-0.19999999999999996,2.0,0.8,-2.2,-2.2,1.0,-1.0,1.0,1.0,0.0,0.5312093733737563,0.46879062662624377,solvability-pair-0072215,0.125,1.0,-1.0,2.0,2.0,-2.3,3,1.0,TRY_AGAIN,train,solvability-pair-0072215-try_again_m:3,0.0,solvability,0.0,0.0,1.0,-2.3
1.0,1.0,1.0,0.0,1.0,4.0,0.75,1,1.0,4.0,2.0,2.25,1.0,solvability-pair-0072215-try_again_m,-0.25,2.0,0.0,2.0,1.6094379124341003,try_again_m,8.0,0.5,-0.19999999999999996,2.0,0.8,-2.2,-2.2,1.0,1.0,-1.0,1.0,0.0,0.8175744761936437,0.18242552380635632,solvability-pair-0072215,1.5,1.0,1.0,3.0,3.0,-2.25,4,1.0,TRY_AGAIN,train,solvability-pair-0072215-try_again_m:4,1.0,solvability,0.0,0.0,1.0,-2.25
1.0,1.0,1.0,1.0,1.0,5.0,0.7857142857142857,0,1.0,5.0,3.0,2.2142857142857144,1.0,solvability-pair-0072215-try_again_m,-0.2142857142857143,2.0,0.0,2.0,1.791759469228055,try_again_m,8.0,0.625,-0.19999999999999996,2.0,0.8,-2.2,-2.2,0.0,1.0,1.0,-1.0,1.0,0.6513548646660542,0.34864513533394575,solvability-pair-0072215,0.625,1.0,1.0,4.0,4.0,-2.2142857142857144,5,1.0,GIVE_UP,train,solvability-pair-0072215-try_again_m:5,2.0,solvability,0.0,0.0,1.0,-2.2142857142857144
0.0,0.0,0.0,0.0,1.0,0.0,0.75,1,1.0,0.0,0.0,2.25,1.0,solvability-pair-0072215-try_again_n,-0.25,2.0,0.0,2.0,0.0,try_again_n,8.0,0.0,-0.19999999999999996,2.0,0.8,-2.2,-2.2,1.0,0.0,0.0,0.0,0.0,0.679178699175393,0.32082130082460697,solvability-pair-0072215,0.75,0.0,0.0,0.0,0.0,-2.25,0,0.0,TRY_AGAIN,train,solvability-pair-0072215-try_again_n:0,0.0,solvability,0.0,0.0,1.0,-2.25
1.0,0.0,0.0,0.0,1.0,1.0,0.8333333333333334,1,1.0,1.0,1.0,2.1666666666666665,1.0,solvability-pair-0072215-try_again_n,-0.16666666666666663,2.0,0.0,2.0,0.6931471805599453,try_again_n,8.0,0.125,-0.19999999999999996,2.0,0.8,-2.2,-2.2,1.0,1.0,0.0,0.0,0.0,0.9995694429186754,0.00043055708132461493,solvability-pair-0072215,7.75,1.0,1.0,1.0,1.0,-2.1666666666666665,1,0.0,TRY_AGAIN,train,solvability-pair-0072215-try_again_n:1,1.0,solvability,0.0,0.0,1.0,-2.1666666666666665
1.0,1.0,0.0,0.0,1.0,2.0,0.875,1,1.0,2.0,2.0,2.125,1.0,solvability-pair-0072215-try_again_n,-0.125,2.0,0.0,2.0,1.0986122886681098,try_again_n,8.0,0.25,-0.19999999999999996,2.0,0.8,-2.2,-2.2,-1.0,1.0,1.0,0.0,0.0,0.9933071490757153,0.006692850924284856,solvability-pair-0072215,5.0,1.0,1.0,2.0,2.0,-2.125,2,1.0,TRY_AGAIN,train,solvability-pair-0072215-try_again_n:2,2.0,solvability,0.0,0.0,1.0,-2.125
1.0,1.0,1.0,0.0,1.0,3.0,0.7,0,1.0,3.0,1.0,2.3,1.0,solvability-pair-0072215-try_again_n,-0.30000000000000004,2.0,1.0,2.0,1.3862943611198906,try_again_n,8.0,0.375,-0.19999999999999996,2.0,0.8,-2.2,-2.2,0.0,-1.0,1.0,1.0,0.0,0.4378234991142019,0.5621765008857981,solvability-pair-0072215,-0.25,1.0,-1.0,2.0,2.0,-2.3,3,1.0,GIVE_UP,train,solvability-pair-0072215-try_again_n:3,0.0,solvability,0.0,0.0,1.0,-2.3
0.0,0.0,0.0,0.0,0.0,0.0,0.75,1,0.0,0.0,0.0,1.25,1.0,solvability-pair-0072216-try_again_m,0.75,2.0,0.0,2.0,0.0,try_again_m,8.0,0.0,0.8,2.0,0.8,-1.2,-1.2,1.0,0.0,0.0,0.0,0.0,0.9770226300899744,0.02297736991002561,solvability-pair-0072216,3.75,0.0,0.0,0.0,0.0,-1.25,0,0.0,TRY_AGAIN,validation,solvability-pair-0072216-try_again_m:0,0.0,solvability,0.0,0.0,1.0,-1.25
1.0,0.0,0.0,0.0,0.0,1.0,0.8333333333333334,1,0.0,0.0,1.0,1.1666666666666665,1.0,solvability-pair-0072216-try_again_m,0.8333333333333334,2.0,0.0,2.0,0.6931471805599453,try_again_m,8.0,0.125,0.8,2.0,0.8,-1.2,-1.2,1.0,1.0,0.0,0.0,0.0,0.9996646498695336,0.00033535013046647816,solvability-pair-0072216,8.0,1.0,1.0,1.0,1.0,-1.1666666666666665,1,0.0,TRY_AGAIN,validation,solvability-pair-0072216-try_again_m:1,1.0,solvability,0.0,0.0,1.0,-1.1666666666666665
1.0,1.0,0.0,0.0,0.0,2.0,0.875,1,0.0,0.0,2.0,1.125,1.0,solvability-pair-0072216-try_again_m,0.875,2.0,0.0,2.0,1.0986122886681098,try_again_m,8.0,0.25,0.8,2.0,0.8,-1.2,-1.2,1.0,1.0,1.0,0.0,0.0,0.9924227587321393,0.007577241267860811,solvability-pair-0072216,4.875,1.0,1.0,2.0,2.0,-1.125,2,1.0,TRY_AGAIN,validation,solvability-pair-0072216-try_again_m:2,2.0,solvability,0.0,0.0,1.0,-1.125
1.0,1.0,1.0,0.0,0.0,3.0,0.9,1,0.0,0.0,3.0,1.1,1.0,solvability-pair-0072216-try_again_m,0.9,2.0,0.0,2.0,1.3862943611198906,try_again_m,8.0,0.375,0.8,2.0,0.8,-1.2,-1.2,1.0,1.0,1.0,1.0,0.0,0.9859363729567544,0.014063627043245474,solvability-pair-0072216,4.25,1.0,1.0,3.0,3.0,-1.1,3,1.0,TRY_AGAIN,validation,solvability-pair-0072216-try_again_m:3,3.0,solvability,0.0,0.0,1.0,-1.1
1.0,1.0,1.0,0.0,0.0,4.0,0.9166666666666666,1,0.0,0.0,4.0,1.0833333333333335,1.0,solvability-pair-0072216-try_again_m,0.9166666666666666,2.0,0.0,2.0,1.6094379124341003,try_again_m,8.0,0.5,0.8,2.0,0.8,-1.2,-1.2,1.0,1.0,1.0,1.0,0.0,0.9579122720843811,0.04208772791561884,solvability-pair-0072216,3.125,1.0,1.0,4.0,4.0,-1.0833333333333335,4,1.0,TRY_AGAIN,validation,solvability-pair-0072216-try_again_m:4,4.0,solvability,0.0,0.0,1.0,-1.0833333333333335
1.0,1.0,1.0,1.0,0.0,5.0,0.9285714285714286,1,0.0,0.0,5.0,1.0714285714285714,1.0,solvability-pair-0072216-try_again_m,0.9285714285714286,2.0,0.0,2.0,1.791759469228055,try_again_m,8.0,0.625,0.8,2.0,0.8,-1.2,-1.2,1.0,1.0,1.0,1.0,1.0,0.8933094060543487,0.10669059394565118,solvability-pair-0072216,2.125,1.0,1.0,5.0,5.0,-1.0714285714285714,5,1.0,TRY_AGAIN,validation,solvability-pair-0072216-try_again_m:5,5.0,solvability,0.0,0.0,1.0,-1.0714285714285714
1.0,1.0,1.0,1.0,0.0,6.0,0.9375,1,0.0,0.0,6.0,1.0625,1.0,solvability-pair-0072216-try_again_m,0.9375,2.0,0.0,2.0,1.9459101490553132,try_again_m,8.0,0.75,0.8,2.0,0.8,-1.2,-1.2,-1.0,1.0,1.0,1.0,1.0,0.8175744761936437,0.18242552380635632,solvability-pair-0072216,1.5,1.0,1.0,6.0,6.0,-1.0625,6,1.0,TRY_AGAIN,validation,solvability-pair-0072216-try_again_m:6,6.0,solvability,0.0,0.0,1.0,-1.0625
1.0,1.0,1.0,1.0,0.0,7.0,0.8333333333333334,0,0.0,0.0,5.0,1.1666666666666665,1.0,solvability-pair-0072216-try_again_m,0.8333333333333334,2.0,1.0,2.0,2.0794415416798357,try_again_m,8.0,0.875,0.8,2.0,0.8,-1.2,-1.2,0.0,-1.0,1.0,1.0,1.0,0.07585818002124356,0.9241418199787566,solvability-pair-0072216,-2.5,1.0,-1.0,6.0,6.0,-1.1666666666666665,7,1.0,GIVE_UP,validation,solvability-pair-0072216-try_again_m:7,0.0,solvability,0.0,0.0,1.0,-1.1666666666666665
0.0,0.0,0.0,0.0,0.0,0.0,0.75,0,0.0,0.0,0.0,1.25,1.0,solvability-pair-0072216-try_again_n,0.75,2.0,0.0,2.0,0.0,try_again_n,8.0,0.0,0.8,2.0,0.8,-1.2,-1.2,0.0,0.0,0.0,0.0,0.0,0.7772998611746911,0.22270013882530884,solvability-pair-0072216,1.25,0.0,0.0,0.0,0.0,-1.25,0,0.0,GIVE_UP,validation,solvability-pair-0072216-try_again_n:0,0.0,solvability,0.0,0.0,1.0,-1.25
0.0,0.0,0.0,0.0,1.0,0.0,0.5,0,1.0,0.0,0.0,2.5,0.0,solvability-pair-0072217-try_again_m,-0.5,2.0,0.0,2.0,0.0,try_again_m,8.0,0.0,-0.5,2.0,0.5,-2.5,-2.5,0.0,0.0,0.0,0.0,0.0,0.46879062662624377,0.5312093733737563,solvability-pair-0072217,-0.125,0.0,0.0,0.0,0.0,-2.5,0,0.0,GIVE_UP,train,solvability-pair-0072217-try_again_m:0,0.0,solvability,0.0,0.0,1.0,-2.5
0.0,0.0,0.0,0.0,1.0,0.0,0.5,0,1.0,0.0,0.0,2.5,0.0,solvability-pair-0072217-try_again_n,-0.5,2.0,0.0,2.0,0.0,try_again_n,8.0,0.0,-0.5,2.0,0.5,-2.5,-2.5,0.0,0.0,0.0,0.0,0.0,0.22270013882530884,0.7772998611746911,solvability-pair-0072217,-1.25,0.0,0.0,0.0,0.0,-2.5,0,0.0,GIVE_UP,train,solvability-pair-0072217-try_again_n:0,0.0,solvability,0.0,0.0,1.0,-2.5
0.0,0.0,0.0,0.0,1.0,0.0,0.5,1,1.0,0.0,0.0,0.5,0.0,solvability-pair-0072218-try_again_m,-0.5,0.0,0.0,0.0,0.0,try_again_m,8.0,0.0,-0.5,0.0,0.5,-0.5,-0.5,-1.0,0.0,0.0,0.0,0.0,0.5621765008857981,0.4378234991142019,solvability-pair-0072218,0.25,0.0,0.0,0.0,0.0,-0.5,0,0.0,TRY_AGAIN,train,solvability-pair-0072218-try_again_m:0,0.0,solvability,0.0,0.0,1.0,-0.5
1.0,0.0,0.0,0.0,1.0,1.0,0.3333333333333333,0,1.0,1.0,-1.0,0.6666666666666667,0.0,solvability-pair-0072218-try_again_m,-0.6666666666666667,0.0,1.0,0.0,0.6931471805599453,try_again_m,8.0,0.125,-0.5,0.0,0.5,-0.5,-0.5,0.0,-1.0,0.0,0.0,0.0,0.033085978388704126,0.9669140216112958,solvability-pair-0072218,-3.375,1.0,-1.0,0.0,0.0,-0.6666666666666667,1,0.0,GIVE_UP,train,solvability-pair-0072218-try_again_m:1,0.0,solvability,0.0,0.0,1.0,-0.6666666666666667
0.0,0.0,0.0,0.0,1.0,0.0,0.5,0,1.0,0.0,0.0,0.5,0.0,solvability-pair-0072218-try_again_n,-0.5,0.0,0.0,0.0,0.0,try_again_n,8.0,0.0,-0.5,0.0,0.5,-0.5,-0.5,0.0,0.0,0.0,0.0,0.0,0.2689414213699951,0.7310585786300049,solvability-pair-0072218,-1.0,0.0,0.0,0.0,0.0,-0.5,0,0.0,GIVE_UP,train,solvability-pair-0072218-try_again_n:0,0.0,solvability,0.0,0.0,1.0,-0.5
0.0,0.0,0.0,0.0,1.0,0.0,0.25,0,1.0,0.0,0.0,2.75,-1.0,solvability-pair-0072219-try_again_m,-0.75,2.0,0.0,2.0,0.0,try_again_m,8.0,0.0,-0.8,2.0,0.2,-2.8,-2.8,0.0,0.0,0.0,0.0,0.0,0.32082130082460697,0.679178699175393,solvability-pair-0072219,-0.75,0.0,0.0,0.0,0.0,-2.75,0,0.0,GIVE_UP,train,solvability-pair-0072219-try_again_m:0,0.0,solvability,0.0,0.0,1.0,-2.75
0.0,0.0,0.0,0.0,1.0,0.0,0.25,0,1.0,0.0,0.0,2.75,-1.0,solvability-pair-0072219-try_again_n,-0.75,2.0,0.0,2.0,0.0,try_again_n,8.0,0.0,-0.8,2.0,0.2,-2.8,-2.8,0.0,0.0,0.0,0.0,0.0,0.18242552380635632,0.8175744761936437,solvability-pair-0072219,-1.5,0.0,0.0,0.0,0.0,-2.75,0,0.0,GIVE_UP,train,solvability-pair-0072219-try_again_n:0,0.0,solvability,0.0,0.0,1.0,-2.75
0.0,0.0,0.0,0.0,1.0,0.0,0.75,1,1.0,0.0,0.0,0.25,1.0,solvability-pair-0072220-try_again_m,-0.25,0.0,0.0,0.0,0.0,try_again_m,8.0,0.0,-0.19999999999999996,0.0,0.8,-0.19999999999999996,-0.19999999999999996,1.0,0.0,0.0,0.0,0.0,0.9626731126558706,0.037326887344129464,solvability-pair-0072220,3.25,0.0,0.0,0.0,0.0,-0.25,0,0.0,TRY_AGAIN,train,solvability-pair-0072220-try_again_m:0,0.0,solvability,0.0,0.0,1.0,-0.25
1.0,0.0,0.0,0.0,1.0,1.0,0.8333333333333334,1,1.0,1.0,1.0,0.16666666666666663,1.0,solvability-pair-0072220-try_again_m,-0.16666666666666663,0.0,0.0,0.0,0.6931471805599453,try_again_m,8.0,0.125,-0.19999999999999996,0.0,0.8,-0.19999999999999996,-0.19999999999999996,-1.0,1.0,0.0,0.0,0.0,0.9995694429186754,0.00043055708132461493,solvability-pair-0072220,7.75,1.0,1.0,1.0,1.0,-0.16666666666666663,1,0.0,TRY_AGAIN,train,solvability-pair-0072220-try_again_m:1,1.0,solvability,0.0,0.0,1.0,-0.16666666666666663
1.0,1.0,0.0,0.0,1.0,2.0,0.625,1,1.0,2.0,0.0,0.375,1.0,solvability-pair-0072220-try_again_m,-0.375,0.0,1.0,0.0,1.0986122886681098,try_again_m,8.0,0.25,-0.19999999999999996,0.0,0.8,-0.19999999999999996,-0.19999999999999996,1.0,-1.0,1.0,0.0,0.0,0.7057850278370112,0.29421497216298875,solvability-pair-0072220,0.875,1.0,-1.0,1.0,1.0,-0.375,2,1.0,TRY_AGAIN,train,solvability-pair-0072220-try_again_m:2,0.0,solvability,0.0,0.0,1.0,-0.375
1.0,1.0,1.0,0.0,1.0,3.0,0.7,1,1.0,3.0,1.0,0.30000000000000004,1.0,solvability-pair-0072220-try_again_m,-0.30000000000000004,0.0,0.0,0.0,1.3862943611198906,try_again_m,8.0,0.375,-0.19999999999999996,0.0,0.8,-0.19999999999999996,-0.19999999999999996,1.0,1.0,-1.0,1.0,0.0,0.9669140216112958,0.033085978388704126,solvability-pair-0072220,3.375,1.0,1.0,2.0,2.0,-0.30000000000000004,3,1.0,TRY_AGAIN,train,solvability-pair-0072220-try_again_m:3,1.0,solvability,0.0,0.0,1.0,-0.30000000000000004
1.0,1.0,1.0,0.0,1.0,4.0,0.75,1,1.0,4.0,2.0,0.25,1.0,solvability-pair-0072220-try_again_m,-0.25,0.0,0.0,0.0,1.6094379124341003,try_again_m,8.0,0.5,-0.19999999999999996,0.0,0.8,-0.19999999999999996,-0.19999999999999996,1.0,1.0,1.0,-1.0,0.0,0.9241418199787566,0.07585818002124356,solvability-pair-0072220,2.5,1.0,1.0,3.0,3.0,-0.25,4,1.0,TRY_AGAIN,train,solvability-pair-0072220-try_again_m:4,2.0,solvability,0.0,0.0,1.0,-0.25
1.0,1.0,1.0,1.0,1.0,5.0,0.7857142857142857,1,1.0,5.0,3.0,0.2142857142857143,1.0,solvability-pair-0072220-try_again_m,-0.2142857142857143,0.0,0.0,0.0,1.791759469228055,try_again_m,8.0,0.625,-0.19999999999999996,0.0,0.8,-0.19999999999999996,-0.19999999999999996,1.0,1.0,1.0,1.0,1.0,0.8354835371034369,0.1645164628965632,solvability-pair-0072220,1.625,1.0,1.0,4.0,4.0,-0.2142857142857143,5,1.0,TRY_AGAIN,train,solvability-pair-0072220-try_again_m:5,3.0,solvability,0.0,0.0,1.0,-0.2142857142857143
1.0,1.0,1.0,1.0,1.0,6.0,0.8125,0,1.0,6.0,4.0,0.1875,1.0,solvability-pair-0072220-try_again_m,-0.1875,0.0,0.0,0.0,1.9459101490553132,try_again_m,8.0,0.75,-0.19999999999999996,0.0,0.8,-0.19999999999999996,-0.19999999999999996,0.0,1.0,1.0,1.0,-1.0,0.8354835371034369,0.1645164628965632,solvability-pair-0072220,1.625,1.0,1.0,5.0,5.0,-0.1875,6,1.0,GIVE_UP,train,solvability-pair-0072220-try_again_m:6,4.0,solvability,0.0,0.0,1.0,-0.1875
0.0,0.0,0.0,0.0,1.0,0.0,0.75,1,1.0,0.0,0.0,0.25,1.0,solvability-pair-0072220-try_again_n,-0.25,0.0,0.0,0.0,0.0,try_again_n,8.0,0.0,-0.19999999999999996,0.0,0.8,-0.19999999999999996,-0.19999999999999996,1.0,0.0,0.0,0.0,0.0,0.7549149868676283,0.24508501313237172,solvability-pair-0072220,1.125,0.0,0.0,0.0,0.0,-0.25,0,0.0,TRY_AGAIN,train,solvability-pair-0072220-try_again_n:0,0.0,solvability,0.0,0.0,1.0,-0.25
1.0,0.0,0.0,0.0,1.0,1.0,0.8333333333333334,1,1.0,1.0,1.0,0.16666666666666663,1.0,solvability-pair-0072220-try_again_n,-0.16666666666666663,0.0,0.0,0.0,0.6931471805599453,try_again_n,8.0,0.125,-0.19999999999999996,0.0,0.8,-0.19999999999999996,-0.19999999999999996,-1.0,1.0,0.0,0.0,0.0,0.9998204720306533,0.0001795279693467774,solvability-pair-0072220,8.625,1.0,1.0,1.0,1.0,-0.16666666666666663,1,0.0,TRY_AGAIN,train,solvability-pair-0072220-try_again_n:1,1.0,solvability,0.0,0.0,1.0,-0.16666666666666663
1.0,1.0,0.0,0.0,1.0,2.0,0.625,1,1.0,2.0,0.0,0.375,1.0,solvability-pair-0072220-try_again_n,-0.375,0.0,1.0,0.0,1.0986122886681098,try_again_n,8.0,0.25,-0.19999999999999996,0.0,0.8,-0.19999999999999996,-0.19999999999999996,1.0,-1.0,1.0,0.0,0.0,0.8175744761936437,0.18242552380635632,solvability-pair-0072220,1.5,1.0,-1.0,1.0,1.0,-0.375,2,1.0,TRY_AGAIN,train,solvability-pair-0072220-try_again_n:2,0.0,solvability,0.0,0.0,1.0,-0.375
1.0,1.0,1.0,0.0,1.0,3.0,0.7,1,1.0,3.0,1.0,0.30000000000000004,1.0,solvability-pair-0072220-try_again_n,-0.30000000000000004,0.0,0.0,0.0,1.3862943611198906,try_again_n,8.0,0.375,-0.19999999999999996,0.0,0.8,-0.19999999999999996,-0.19999999999999996,1.0,1.0,-1.0,1.0,0.0,0.9902915235185259,0.009708476481474066,solvability-pair-0072220,4.625,1.0,1.0,2.0,2.0,-0.30000000000000004,3,1.0,TRY_AGAIN,train,solvability-pair-0072220-try_again_n:3,1.0,solvability,0.0,0.0,1.0,-0.30000000000000004
1.0,1.0,1.0,0.0,1.0,4.0,0.75,1,1.0,4.0,2.0,0.25,1.0,solvability-pair-0072220-try_again_n,-0.25,0.0,0.0,0.0,1.6094379124341003,try_again_n,8.0,0.5,-0.19999999999999996,0.0,0.8,-0.19999999999999996,-0.19999999999999996,1.0,1.0,1.0,-1.0,0.0,0.9579122720843811,0.04208772791561884,solvability-pair-0072220,3.125,1.0,1.0,3.0,3.0,-0.25,4,1.0,TRY_AGAIN,train,solvability-pair-0072220-try_again_n:4,2.0,solvability,0.0,0.0,1.0,-0.25
1.0,1.0,1.0,1.0,1.0,5.0,0.7857142857142857,1,1.0,5.0,3.0,0.2142857142857143,1.0,solvability-pair-0072220-try_again_n,-0.2142857142857143,0.0,0.0,0.0,1.791759469228055,try_again_n,8.0,0.625,-0.19999999999999996,0.0,0.8,-0.19999999999999996,-0.19999999999999996,1.0,1.0,1.0,1.0,1.0,0.7981867777396212,0.20181322226037882,solvability-pair-0072220,1.375,1.0,1.0,4.0,4.0,-0.2142857142857143,5,1.0,TRY_AGAIN,train,solvability-pair-0072220-try_again_n:5,3.0,solvability,0.0,0.0,1.0,-0.2142857142857143
1.0,1.0,1.0,1.0,1.0,6.0,0.8125,0,1.0,6.0,4.0,0.1875,1.0,solvability-pair-0072220-try_again_n,-0.1875,0.0,0.0,0.0,1.9459101490553132,try_again_n,8.0,0.75,-0.19999999999999996,0.0,0.8,-0.19999999999999996,-0.19999999999999996,0.0,1.0,1.0,1.0,-1.0,0.7981867777396212,0.20181322226037882,solvability-pair-0072220,1.375,1.0,1.0,5.0,5.0,-0.1875,6,1.0,GIVE_UP,train,solvability-pair-0072220-try_again_n:6,4.0,solvability,0.0,0.0,1.0,-0.1875
0.0,0.0,0.0,0.0,0.0,0.0,0.5,1,0.0,0.0,0.0,1.5,0.0,solvability-pair-0072221-try_again_m,0.5,2.0,0.0,2.0,0.0,try_again_m,8.0,0.0,0.5,2.0,0.5,-1.5,-1.5,1.0,0.0,0.0,0.0,0.0,0.6224593312018546,0.37754066879814546,solvability-pair-0072221,0.5,0.0,0.0,0.0,0.0,-1.5,0,0.0,TRY_AGAIN,train,solvability-pair-0072221-try_again_m:0,0.0,solvability,0.0,0.0,1.0,-1.5
1.0,0.0,0.0,0.0,0.0,1.0,0.6666666666666666,1,0.0,0.0,1.0,1.3333333333333335,0.0,solvability-pair-0072221-try_again_m,0.6666666666666666,2.0,0.0,2.0,0.6931471805599453,try_again_m,8.0,0.125,0.5,2.0,0.5,-1.5,-1.5,-1.0,1.0,0.0,0.0,0.0,0.9980732653366725,0.0019267346633274755,solvability-pair-0072221,6.25,1.0,1.0,1.0,1.0,-1.3333333333333335,1,0.0,TRY_AGAIN,train,solvability-pair-0072221-try_again_m:1,1.0,solvability,0.0,0.0,1.0,-1.3333333333333335
1.0,1.0,0.0,0.0,0.0,2.0,0.5,1,0.0,0.0,0.0,1.5,0.0,solvability-pair-0072221-try_again_m,0.5,2.0,1.0,2.0,1.0986122886681098,try_again_m,8.0,0.25,0.5,2.0,0.5,-1.5,-1.5,1.0,-1.0,1.0,0.0,0.0,0.6224593312018546,0.37754066879814546,solvability-pair-0072221,0.5,1.0,-1.0,1.0,1.0,-1.5,2,1.0,TRY_AGAIN,train,solvability-pair-0072221-try_again_m:2,0.0,solvability,0.0,0.0,1.0,-1.5
1.0,1.0,1.0,0.0,0.0,3.0,0.6,1,0.0,0.0,1.0,1.4,0.0,solvability-pair-0072221-try_again_m,0.6,2.0,0.0,2.0,1.3862943611198906,try_again_m,8.0,0.375,0.5,2.0,0.5,-1.5,-1.5,-1.0,1.0,-1.0,1.0,0.0,0.9046505351008906,0.0953494648991095,solvability-pair-0072221,2.25,1.0,1.0,2.0,2.0,-1.4,3,1.0,TRY_AGAIN,train,solvability-pair-0072221-try_again_m:3,1.0,solvability,0.0,0.0,1.0,-1.4
1.0,1.0,1.0,0.0,0.0,4.0,0.5,1,0.0,0.0,0.0,1.5,0.0,solvability-pair-0072221-try_again_m,0.5,2.0,1.0,2.0,1.6094379124341003,try_again_m,8.0,0.5,0.5,2.0,0.5,-1.5,-1.5,1.0,-1.0,1.0,-1.0,0.0,0.4073334000459302,0.5926665999540697,solvability-pair-0072221,-0.375,1.0,-1.0,2.0,2.0,-1.5,4,1.0,TRY_AGAIN,train,solvability-pair-0072221-try_again_m:4,0.0,solvability,0.0,0.0,1.0,-1.5
1.0,1.0,1.0,1.0,0.0,5.0,0.5714285714285714,0,0.0,0.0,1.0,1.4285714285714286,0.0,solvability-pair-0072221-try_again_m,0.5714285714285714,2.0,0.0,2.0,1.791759469228055,try_again_m,8.0,0.625,0.5,2.0,0.5,-1.5,-1.5,0.0,1.0,-1.0,1.0,1.0,0.6224593312018546,0.37754066879814546,solvability-pair-0072221,0.5,1.0,1.0,3.0,3.0,-1.4285714285714286,5,1.0,GIVE_UP,train,solvability-pair-0072221-try_again_m:5,1.0,solvability,0.0,0.0,1.0,-1.4285714285714286
0.0,0.0,0.0,0.0,0.0,0.0,0.5,0,0.0,0.0,0.0,1.5,0.0,solvability-pair-0072221-try_again_n,0.5,2.0,0.0,2.0,0.0,try_again_n,8.0,0.0,0.5,2.0,0.5,-1.5,-1.5,0.0,0.0,0.0,0.0,0.0,0.2689414213699951,0.7310585786300049,solvability-pair-0072221,-1.0,0.0,0.0,0.0,0.0,-1.5,0,0.0,GIVE_UP,train,solvability-pair-0072221-try_again_n:0,0.0,solvability,0.0,0.0,1.0,-1.5
0.0,0.0,0.0,0.0,0.0,0.0,0.5,1,0.0,0.0,0.0,-0.5,0.0,solvability-pair-0072222-try_again_m,0.5,0.0,0.0,0.0,0.0,try_again_m,8.0,0.0,0.5,0.0,0.5,0.5,0.5,-1.0,0.0,0.0,0.0,0.0,0.7549149868676283,0.24508501313237172,solvability-pair-0072222,1.125,0.0,0.0,0.0,0.0,0.5,0,0.0,TRY_AGAIN,test,solvability-pair-0072222-try_again_m:0,0.0,solvability,0.0,0.0,1.0,0.5
1.0,0.0,0.0,0.0,0.0,1.0,0.3333333333333333,0,0.0,0.0,-1.0,-0.3333333333333333,0.0,solvability-pair-0072222-try_again_m,0.3333333333333333,0.0,1.0,0.0,0.6931471805599453,try_again_m,8.0,0.125,0.5,0.0,0.5,0.5,0.5,0.0,-1.0,0.0,0.0,0.0,0.037326887344129464,0.9626731126558706,solvability-pair-0072222,-3.25,1.0,-1.0,0.0,0.0,0.3333333333333333,1,0.0,GIVE_UP,test,solvability-pair-0072222-try_again_m:1,0.0,solvability,0.0,0.0,1.0,0.3333333333333333
0.0,0.0,0.0,0.0,0.0,0.0,0.5,0,0.0,0.0,0.0,-0.5,0.0,solvability-pair-0072222-try_again_n,0.5,0.0,0.0,0.0,0.0,try_again_n,8.0,0.0,0.5,0.0,0.5,0.5,0.5,0.0,0.0,0.0,0.0,0.0,0.34864513533394575,0.6513548646660542,solvability-pair-0072222,-0.625,0.0,0.0,0.0,0.0,0.5,0,0.0,GIVE_UP,test,solvability-pair-0072222-try_again_n:0,0.0,solvability,0.0,0.0,1.0,0.5
0.0,0.0,0.0,0.0,0.0,0.0,0.25,1,0.0,0.0,0.0,-0.25,-1.0,solvability-pair-0072223-try_again_m,0.25,0.0,0.0,0.0,0.0,try_again_m,8.0,0.0,0.2,0.0,0.2,0.2,0.2,-1.0,0.0,0.0,0.0,0.0,0.5,0.5,solvability-pair-0072223,0.0,0.0,0.0,0.0,0.0,0.25,0,0.0,TRY_AGAIN,train,solvability-pair-0072223-try_again_m:0,0.0,solvability,0.0,0.0,1.0,0.25
1.0,0.0,0.0,0.0,0.0,1.0,0.16666666666666666,0,0.0,0.0,-1.0,-0.16666666666666666,-1.0,solvability-pair-0072223-try_again_m,0.16666666666666666,0.0,1.0,0.0,0.6931471805599453,try_again_m,8.0,0.125,0.2,0.0,0.2,0.2,0.2,0.0,-1.0,0.0,0.0,0.0,0.02595735719779685,0.9740426428022031,solvability-pair-0072223,-3.625,1.0,-1.0,0.0,0.0,0.16666666666666666,1,0.0,GIVE_UP,train,solvability-pair-0072223-try_again_m:1,0.0,solvability,0.0,0.0,1.0,0.16666666666666666
0.0,0.0,0.0,0.0,0.0,0.0,0.25,1,0.0,0.0,0.0,-0.25,-1.0,solvability-pair-0072223-try_again_n,0.25,0.0,0.0,0.0,0.0,try_again_n,8.0,0.0,0.2,0.0,0.2,0.2,0.2,-1.0,0.0,0.0,0.0,0.0,0.22270013882530884,0.7772998611746911,solvability-pair-0072223,-1.25,0.0,0.0,0.0,0.0,0.25,0,0.0,TRY_AGAIN,train,solvability-pair-0072223-try_again_n:0,0.0,solvability,0.0,0.0,1.0,0.25
1.0,0.0,0.0,0.0,0.0,1.0,0.16666666666666666,0,0.0,0.0,-1.0,-0.16666666666666666,-1.0,solvability-pair-0072223-try_again_n,0.16666666666666666,0.0,1.0,0.0,0.6931471805599453,try_again_n,8.0,0.125,0.2,0.0,0.2,0.2,0.2,0.0,-1.0,0.0,0.0,0.0,0.02595735719779685,0.9740426428022031,solvability-pair-0072223,-3.625,1.0,-1.0,0.0,0.0,0.16666666666666666,1,0.0,GIVE_UP,train,solvability-pair-0072223-try_again_n:1,0.0,solvability,0.0,0.0,1.0,0.16666666666666666
0.0,0.0,0.0,0.0,0.0,0.0,0.25,1,0.0,0.0,0.0,1.75,-1.0,solvability-pair-0072224-try_again_m,0.25,2.0,0.0,2.0,0.0,try_again_m,8.0,0.0,0.2,2.0,0.2,-1.8,-1.8,-1.0,0.0,0.0,0.0,0.0,0.4073334000459302,0.5926665999540697,solvability-pair-0072224,-0.375,0.0,0.0,0.0,0.0,-1.75,0,0.0,TRY_AGAIN,train,solvability-pair-0072224-try_again_m:0,0.0,solvability,0.0,0.0,1.0,-1.75
1.0,0.0,0.0,0.0,0.0,1.0,0.16666666666666666,0,0.0,0.0,-1.0,1.8333333333333333,-1.0,solvability-pair-0072224-try_again_m,0.16666666666666666,2.0,1.0,2.0,0.6931471805599453,try_again_m,8.0,0.125,0.2,2.0,0.2,-1.8,-1.8,0.0,-1.0,0.0,0.0,0.0,0.033085978388704126,0.9669140216112958,solvability-pair-0072224,-3.375,1.0,-1.0,0.0,0.0,-1.8333333333333333,1,0.0,GIVE_UP,train,solvability-pair-0072224-try_again_m:1,0.0,solvability,0.0,0.0,1.0,-1.8333333333333333
0.0,0.0,0.0,0.0,0.0,0.0,0.25,1,0.0,0.0,0.0,1.75,-1.0,solvability-pair-0072224-try_again_n,0.25,2.0,0.0,2.0,0.0,try_again_n,8.0,0.0,0.2,2.0,0.2,-1.8,-1.8,-1.0,0.0,0.0,0.0,0.0,0.20181322226037882,0.7981867777396212,solvability-pair-0072224,-1.375,0.0,0.0,0.0,0.0,-1.75,0,0.0,TRY_AGAIN,train,solvability-pair-0072224-try_again_n:0,0.0,solvability,0.0,0.0,1.0,-1.75
1.0,0.0,0.0,0.0,0.0,1.0,0.16666666666666666,0,0.0,0.0,-1.0,1.8333333333333333,-1.0,solvability-pair-0072224-try_again_n,0.16666666666666666,2.0,1.0,2.0,0.6931471805599453,try_again_n,8.0,0.125,0.2,2.0,0.2,-1.8,-1.8,0.0,-1.0,0.0,0.0,0.0,0.02595735719779685,0.9740426428022031,solvability-pair-0072224,-3.625,1.0,-1.0,0.0,0.0,-1.8333333333333333,1,0.0,GIVE_UP,train,solvability-pair-0072224-try_again_n:1,0.0,solvability,0.0,0.0,1.0,-1.8333333333333333
0.0,0.0,0.0,0.0,1.0,0.0,0.25,0,1.0,0.0,0.0,0.75,-1.0,solvability-pair-0072225-try_again_m,-0.75,0.0,0.0,0.0,0.0,try_again_m,8.0,0.0,-0.8,0.0,0.2,-0.8,-0.8,0.0,0.0,0.0,0.0,0.0,0.37754066879814546,0.6224593312018546,solvability-pair-0072225,-0.5,0.0,0.0,0.0,0.0,-0.75,0,0.0,GIVE_UP,train,solvability-pair-0072225-try_again_m:0,0.0,solvability,0.0,0.0,1.0,-0.75
0.0,0.0,0.0,0.0,1.0,0.0,0.25,0,1.0,0.0,0.0,0.75,-1.0,solvability-pair-0072225-try_again_n,-0.75,0.0,0.0,0.0,0.0,try_again_n,8.0,0.0,-0.8,0.0,0.2,-0.8,-0.8,0.0,0.0,0.0,0.0,0.0,0.22270013882530884,0.7772998611746911,solvability-pair-0072225,-1.25,0.0,0.0,0.0,0.0,-0.75,0,0.0,GIVE_UP,train,solvability-pair-0072225-try_again_n:0,0.0,solvability,0.0,0.0,1.0,-0.75
0.0,0.0,0.0,0.0,0.0,0.0,0.75,1,0.0,0.0,0.0,-0.75,1.0,solvability-pair-0072226-try_again_m,0.75,0.0,0.0,0.0,0.0,try_again_m,8.0,0.0,0.8,0.0,0.8,0.8,0.8,1.0,0.0,0.0,0.0,0.0,0.9840936082881853,0.01590639171181471,solvability-pair-0072226,4.125,0.0,0.0,0.0,0.0,0.75,0,0.0,TRY_AGAIN,train,solvability-pair-0072226-try_again_m:0,0.0,solvability,0.0,0.0,1.0,0.75
1.0,0.0,0.0,0.0,0.0,1.0,0.8333333333333334,1,0.0,0.0,1.0,-0.8333333333333334,1.0,solvability-pair-0072226-try_again_m,0.8333333333333334,0.0,0.0,0.0,0.6931471805599453,try_again_m,8.0,0.125,0.8,0.0,0.8,0.8,0.8,1.0,1.0,0.0,0.0,0.0,0.9997965730219448,0.0002034269780552065,solvability-pair-0072226,8.5,1.0,1.0,1.0,1.0,0.8333333333333334,1,0.0,TRY_AGAIN,train,solvability-pair-0072226-try_again_m:1,1.0,solvability,0.0,0.0,1.0,0.8333333333333334
1.0,1.0,0.0,0.0,0.0,2.0,0.875,1,0.0,0.0,2.0,-0.875,1.0,solvability-pair-0072226-try_again_m,0.875,0.0,0.0,0.0,1.0986122886681098,try_again_m,8.0,0.25,0.8,0.0,0.8,0.8,0.8,-1.0,1.0,1.0,0.0,0.0,0.9968273171575148,0.0031726828424851893,solvability-pair-0072226,5.75,1.0,1.0,2.0,2.0,0.875,2,1.0,TRY_AGAIN,train,solvability-pair-0072226-try_again_m:2,2.0,solvability,0.0,0.0,1.0,0.875
1.0,1.0,1.0,0.0,0.0,3.0,0.7,0,0.0,0.0,1.0,-0.7,1.0,solvability-pair-0072226-try_again_m,0.7,0.0,1.0,0.0,1.3862943611198906,try_again_m,8.0,0.375,0.8,0.0,0.8,0.8,0.8,0.0,-1.0,1.0,1.0,0.0,0.7772998611746911,0.22270013882530884,solvability-pair-0072226,1.25,1.0,-1.0,2.0,2.0,0.7,3,1.0,GIVE_UP,train,solvability-pair-0072226-try_again_m:3,0.0,solvability,0.0,0.0,1.0,0.7
0.0,0.0,0.0,0.0,0.0,0.0,0.75,1,0.0,0.0,0.0,-0.75,1.0,solvability-pair-0072226-try_again_n,0.75,0.0,0.0,0.0,0.0,try_again_n,8.0,0.0,0.8,0.0,0.8,0.8,0.8,1.0,0.0,0.0,0.0,0.0,0.8175744761936437,0.18242552380635632,solvability-pair-0072226,1.5,0.0,0.0,0.0,0.0,0.75,0,0.0,TRY_AGAIN,train,solvability-pair-0072226-try_again_n:0,0.0,solvability,0.0,0.0,1.0,0.75
1.0,0.0,0.0,0.0,0.0,1.0,0.8333333333333334,1,0.0,0.0,1.0,-0.8333333333333334,1.0,solvability-pair-0072226-try_again_n,0.8333333333333334,0.0,0.0,0.0,0.6931471805599453,try_again_n,8.0,0.125,0.8,0.0,0.8,0.8,0.8,1.0,1.0,0.0,0.0,0.0,0.9999251537724895,7.484622751061124e-05,solvability-pair-0072226,9.5,1.0,1.0,1.0,1.0,0.8333333333333334,1,0.0,TRY_AGAIN,train,solvability-pair-0072226-try_again_n:1,1.0,solvability,0.0,0.0,1.0,0.8333333333333334
1.0,1.0,0.0,0.0,0.0,2.0,0.875,1,0.0,0.0,2.0,-0.875,1.0,solvability-pair-0072226-try_again_n,0.875,0.0,0.0,0.0,1.0986122886681098,try_again_n,8.0,0.25,0.8,0.0,0.8,0.8,0.8,-1.0,1.0,1.0,0.0,0.0,0.9990889488055994,0.0009110511944006454,solvability-pair-0072226,7.0,1.0,1.0,2.0,2.0,0.875,2,1.0,TRY_AGAIN,train,solvability-pair-0072226-try_again_n:2,2.0,solvability,0.0,0.0,1.0,0.875
1.0,1.0,1.0,0.0,0.0,3.0,0.7,0,0.0,0.0,1.0,-0.7,1.0,solvability-pair-0072226-try_again_n,0.7,0.0,1.0,0.0,1.3862943611198906,try_again_n,8.0,0.375,0.8,0.0,0.8,0.8,0.8,0.0,-1.0,1.0,1.0,0.0,0.7981867777396212,0.20181322226037882,solvability-pair-0072226,1.375,1.0,-1.0,2.0,2.0,0.7,3,1.0,GIVE_UP,train,solvability-pair-0072226-try_again_n:3,0.0,solvability,0.0,0.0,1.0,0.7
0.0,0.0,0.0,0.0,1.0,0.0,0.75,0,1.0,0.0,0.0,2.25,1.0,solvability-pair-0072227-try_again_m,-0.25,2.0,0.0,2.0,0.0,try_again_m,8.0,0.0,-0.19999999999999996,2.0,0.8,-2.2,-2.2,0.0,0.0,0.0,0.0,0.0,0.9399133498259924,0.06008665017400762,solvability-pair-0072227,2.75,0.0,0.0,0.0,0.0,-2.25,0,0.0,GIVE_UP,train,solvability-pair-0072227-try_again_m:0,0.0,solvability,0.0,0.0,1.0,-2.25
0.0,0.0,0.0,0.0,1.0,0.0,0.75,0,1.0,0.0,0.0,2.25,1.0,solvability-pair-0072227-try_again_n,-0.25,2.0,0.0,2.0,0.0,try_again_n,8.0,0.0,-0.19999999999999996,2.0,0.8,-2.2,-2.2,0.0,0.0,0.0,0.0,0.0,0.679178699175393,0.32082130082460697,solvability-pair-0072227,0.75,0.0,0.0,0.0,0.0,-2.25,0,0.0,GIVE_UP,train,solvability-pair-0072227-try_again_n:0,0.0,solvability,0.0,0.0,1.0,-2.25
0.0,0.0,0.0,0.0,0.0,0.0,0.75,1,0.0,0.0,0.0,1.25,1.0,solvability-pair-0072228-try_again_m,0.75,2.0,0.0,2.0,0.0,try_again_m,8.0,0.0,0.8,2.0,0.8,-1.2,-1.2,1.0,0.0,0.0,0.0,0.0,0.9770226300899744,0.02297736991002561,solvability-pair-0072228,3.75,0.0,0.0,0.0,0.0,-1.25,0,0.0,TRY_AGAIN,validation,solvability-pair-0072228-try_again_m:0,0.0,solvability,0.0,0.0,1.0,-1.25
1.0,0.0,0.0,0.0,0.0,1.0,0.8333333333333334,1,0.0,0.0,1.0,1.1666666666666665,1.0,solvability-pair-0072228-try_again_m,0.8333333333333334,2.0,0.0,2.0,0.6931471805599453,try_again_m,8.0,0.125,0.8,2.0,0.8,-1.2,-1.2,1.0,1.0,0.0,0.0,0.0,0.9996646498695336,0.00033535013046647816,solvability-pair-0072228,8.0,1.0,1.0,1.0,1.0,-1.1666666666666665,1,0.0,TRY_AGAIN,validation,solvability-pair-0072228-try_again_m:1,1.0,solvability,0.0,0.0,1.0,-1.1666666666666665
1.0,1.0,0.0,0.0,0.0,2.0,0.875,1,0.0,0.0,2.0,1.125,1.0,solvability-pair-0072228-try_again_m,0.875,2.0,0.0,2.0,1.0986122886681098,try_again_m,8.0,0.25,0.8,2.0,0.8,-1.2,-1.2,-1.0,1.0,1.0,0.0,0.0,0.9924227587321393,0.007577241267860811,solvability-pair-0072228,4.875,1.0,1.0,2.0,2.0,-1.125,2,1.0,TRY_AGAIN,validation,solvability-pair-0072228-try_again_m:2,2.0,solvability,0.0,0.0,1.0,-1.125
1.0,1.0,1.0,0.0,0.0,3.0,0.7,1,0.0,0.0,1.0,1.3,1.0,solvability-pair-0072228-try_again_m,0.7,2.0,1.0,2.0,1.3862943611198906,try_again_m,8.0,0.375,0.8,2.0,0.8,-1.2,-1.2,1.0,-1.0,1.0,1.0,0.0,0.6513548646660542,0.34864513533394575,solvability-pair-0072228,0.625,1.0,-1.0,2.0,2.0,-1.3,3,1.0,TRY_AGAIN,validation,solvability-pair-0072228-try_again_m:3,0.0,solvability,0.0,0.0,1.0,-1.3
1.0,1.0,1.0,0.0,0.0,4.0,0.75,1,0.0,0.0,2.0,1.25,1.0,solvability-pair-0072228-try_again_m,0.75,2.0,0.0,2.0,1.6094379124341003,try_again_m,8.0,0.5,0.8,2.0,0.8,-1.2,-1.2,1.0,1.0,-1.0,1.0,0.0,0.9149009549929797,0.08509904500702024,solvability-pair-0072228,2.375,1.0,1.0,3.0,3.0,-1.25,4,1.0,TRY_AGAIN,validation,solvability-pair-0072228-try_again_m:4,1.0,solvability,0.0,0.0,1.0,-1.25
1.0,1.0,1.0,1.0,0.0,5.0,0.7857142857142857,1,0.0,0.0,3.0,1.2142857142857144,1.0,solvability-pair-0072228-try_again_m,0.7857142857142857,2.0,0.0,2.0,1.791759469228055,try_again_m,8.0,0.625,0.8,2.0,0.8,-1.2,-1.2,1.0,1.0,1.0,-1.0,1.0,0.7981867777396212,0.20181322226037882,solvability-pair-0072228,1.375,1.0,1.0,4.0,4.0,-1.2142857142857144,5,1.0,TRY_AGAIN,validation,solvability-pair-0072228-try_again_m:5,2.0,solvability,0.0,0.0,1.0,-1.2142857142857144
1.0,1.0,1.0,1.0,0.0,6.0,0.8125,1,0.0,0.0,4.0,1.1875,1.0,solvability-pair-0072228-try_again_m,0.8125,2.0,0.0,2.0,1.9459101490553132,try_again_m,8.0,0.75,0.8,2.0,0.8,-1.2,-1.2,1.0,1.0,1.0,1.0,1.0,0.8519528019683106,0.1480471980316895,solvability-pair-0072228,1.75,1.0,1.0,5.0,5.0,-1.1875,6,1.0,TRY_AGAIN,validation,solvability-pair-0072228-try_again_m:6,3.0,solvability,0.0,0.0,1.0,-1.1875
1.0,1.0,1.0,1.0,0.0,7.0,0.8333333333333334,0,0.0,0.0,5.0,1.1666666666666665,1.0,solvability-pair-0072228-try_again_m,0.8333333333333334,2.0,0.0,2.0,2.0794415416798357,try_again_m,8.0,0.875,0.8,2.0,0.8,-1.2,-1.2,0.0,1.0,1.0,1.0,-1.0,0.5926665999540697,0.4073334000459302,solvability-pair-0072228,0.375,1.0,1.0,6.0,6.0,-1.1666666666666665,7,1.0,GIVE_UP,validation,solvability-pair-0072228-try_again_m:7,4.0,solvability,0.0,0.0,1.0,-1.1666666666666665
0.0,0.0,0.0,0.0,0.0,0.0,0.75,1,0.0,0.0,0.0,1.25,1.0,solvability-pair-0072228-try_again_n,0.75,2.0,0.0,2.0,0.0,try_again_n,8.0,0.0,0.8,2.0,0.8,-1.2,-1.2,1.0,0.0,0.0,0.0,0.0,0.7772998611746911,0.22270013882530884,solvability-pair-0072228,1.25,0.0,0.0,0.0,0.0,-1.25,0,0.0,TRY_AGAIN,validation,solvability-pair-0072228-try_again_n:0,0.0,solvability,0.0,0.0,1.0,-1.25
1.0,0.0,0.0,0.0,0.0,1.0,0.8333333333333334,1,0.0,0.0,1.0,1.1666666666666665,1.0,solvability-pair-0072228-try_again_n,0.8333333333333334,2.0,0.0,2.0,0.6931471805599453,try_again_n,8.0,0.125,0.8,2.0,0.8,-1.2,-1.2,1.0,1.0,0.0,0.0,0.0,0.9997694932780068,0.0002305067219931397,solvability-pair-0072228,8.375,1.0,1.0,1.0,1.0,-1.1666666666666665,1,0.0,TRY_AGAIN,validation,solvability-pair-0072228-try_again_n:1,1.0,solvability,0.0,0.0,1.0,-1.1666666666666665
1.0,1.0,0.0,0.0,0.0,2.0,0.875,1,0.0,0.0,2.0,1.125,1.0,solvability-pair-0072228-try_again_n,0.875,2.0,0.0,2.0,1.0986122886681098,try_again_n,8.0,0.25,0.8,2.0,0.8,-1.2,-1.2,-1.0,1.0,1.0,0.0,0.0,0.9953904278206259,0.004609572179374208,solvability-pair-0072228,5.375,1.0,1.0,2.0,2.0,-1.125,2,1.0,TRY_AGAIN,validation,solvability-pair-0072228-try_again_n:2,2.0,solvability,0.0,0.0,1.0,-1.125
1.0,1.0,1.0,0.0,0.0,3.0,0.7,1,0.0,0.0,1.0,1.3,1.0,solvability-pair-0072228-try_again_n,0.7,2.0,1.0,2.0,1.3862943611198906,try_again_n,8.0,0.375,0.8,2.0,0.8,-1.2,-1.2,1.0,-1.0,1.0,1.0,0.0,0.5621765008857981,0.4378234991142019,solvability-pair-0072228,0.25,1.0,-1.0,2.0,2.0,-1.3,3,1.0,TRY_AGAIN,validation,solvability-pair-0072228-try_again_n:3,0.0,solvability,0.0,0.0,1.0,-1.3
1.0,1.0,1.0,0.0,0.0,4.0,0.75,1,0.0,0.0,2.0,1.25,1.0,solvability-pair-0072228-try_again_n,0.75,2.0,0.0,2.0,1.6094379124341003,try_again_n,8.0,0.5,0.8,2.0,0.8,-1.2,-1.2,1.0,1.0,-1.0,1.0,0.0,0.9241418199787566,0.07585818002124356,solvability-pair-0072228,2.5,1.0,1.0,3.0,3.0,-1.25,4,1.0,TRY_AGAIN,validation,solvability-pair-0072228-try_again_n:4,1.0,solvability,0.0,0.0,1.0,-1.25
1.0,1.0,1.0,1.0,0.0,5.0,0.7857142857142857,1,0.0,0.0,3.0,1.2142857142857144,1.0,solvability-pair-0072228-try_again_n,0.7857142857142857,2.0,0.0,2.0,1.791759469228055,try_again_n,8.0,0.625,0.8,2.0,0.8,-1.2,-1.2,1.0,1.0,1.0,-1.0,1.0,0.7310585786300049,0.2689414213699951,solvability-pair-0072228,1.0,1.0,1.0,4.0,4.0,-1.2142857142857144,5,1.0,TRY_AGAIN,validation,solvability-pair-0072228-try_again_n:5,2.0,solvability,0.0,0.0,1.0,-1.2142857142857144
1.0,1.0,1.0,1.0,0.0,6.0,0.8125,1,0.0,0.0,4.0,1.1875,1.0,solvability-pair-0072228-try_again_n,0.8125,2.0,0.0,2.0,1.9459101490553132,try_again_n,8.0,0.75,0.8,2.0,0.8,-1.2,-1.2,1.0,1.0,1.0,1.0,1.0,0.7772998611746911,0.22270013882530884,solvability-pair-0072228,1.25,1.0,1.0,5.0,5.0,-1.1875,6,1.0,TRY_AGAIN,validation,solvability-pair-0072228-try_again_n:6,3.0,solvability,0.0,0.0,1.0,-1.1875
1.0,1.0,1.0,1.0,0.0,7.0,0.8333333333333334,0,0.0,0.0,5.0,1.1666666666666665,1.0,solvability-pair-0072228-try_again_n,0.8333333333333334,2.0,0.0,2.0,2.0794415416798357,try_again_n,8.0,0.875,0.8,2.0,0.8,-1.2,-1.2,0.0,1.0,1.0,1.0,-1.0,0.46879062662624377,0.5312093733737563,solvability-pair-0072228,-0.125,1.0,1.0,6.0,6.0,-1.1666666666666665,7,1.0,GIVE_UP,validation,solvability-pair-0072228-try_again_n:7,4.0,solvability,0.0,0.0,1.0,-1.1666666666666665
0.0,0.0,0.0,0.0,1.0,0.0,0.5,0,1.0,0.0,0.0,2.5,0.0,solvability-pair-0072229-try_again_m,-0.5,2.0,0.0,2.0,0.0,try_again_m,8.0,0.0,-0.5,2.0,0.5,-2.5,-2.5,0.0,0.0,0.0,0.0,0.0,0.46879062662624377,0.5312093733737563,solvability-pair-0072229,-0.125,0.0,0.0,0.0,0.0,-2.5,0,0.0,GIVE_UP,test,solvability-pair-0072229-try_again_m:0,0.0,solvability,0.0,0.0,1.0,-2.5
0.0,0.0,0.0,0.0,1.0,0.0,0.5,0,1.0,0.0,0.0,2.5,0.0,solvability-pair-0072229-try_again_n,-0.5,2.0,0.0,2.0,0.0,try_again_n,8.0,0.0,-0.5,2.0,0.5,-2.5,-2.5,0.0,0.0,0.0,0.0,0.0,0.22270013882530884,0.7772998611746911,solvability-pair-0072229,-1.25,0.0,0.0,0.0,0.0,-2.5,0,0.0,GIVE_UP,test,solvability-pair-0072229-try_again_n:0,0.0,solvability,0.0,0.0,1.0,-2.5
0.0,0.0,0.0,0.0,1.0,0.0,0.5,0,1.0,0.0,0.0,0.5,0.0,solvability-pair-0072230-try_again_m,-0.5,0.0,0.0,0.0,0.0,try_again_m,8.0,0.0,-0.5,0.0,0.5,-0.5,-0.5,0.0,0.0,0.0,0.0,0.0,0.5621765008857981,0.4378234991142019,solvability-pair-0072230,0.25,0.0,0.0,0.0,0.0,-0.5,0,0.0,GIVE_UP,train,solvability-pair-0072230-try_again_m:0,0.0,solvability,0.0,0.0,1.0,-0.5
0.0,0.0,0.0,0.0,1.0,0.0,0.5,0,1.0,0.0,0.0,0.5,0.0,solvability-pair-0072230-try_again_n,-0.5,0.0,0.0,0.0,0.0,try_again_n,8.0,0.0,-0.5,0.0,0.5,-0.5,-0.5,0.0,0.0,0.0,0.0,0.0,0.2689414213699951,0.7310585786300049,solvability-pair-0072230,-1.0,0.0,0.0,0.0,0.0,-0.5,0,0.0,GIVE_UP,train,solvability-pair-0072230-try_again_n:0,0.0,solvability,0.0,0.0,1.0,-0.5
0.0,0.0,0.0,0.0,1.0,0.0,0.25,0,1.0,0.0,0.0,2.75,-1.0,solvability-pair-0072231-try_again_m,-0.75,2.0,0.0,2.0,0.0,try_again_m,8.0,0.0,-0.8,2.0,0.2,-2.8,-2.8,0.0,0.0,0.0,0.0,0.0,0.32082130082460697,0.679178699175393,solvability-pair-0072231,-0.75,0.0,0.0,0.0,0.0,-2.75,0,0.0,GIVE_UP,train,solvability-pair-0072231-try_again_m:0,0.0,solvability,0.0,0.0,1.0,-2.75
0.0,0.0,0.0,0.0,1.0,0.0,0.25,0,1.0,0.0,0.0,2.75,-1.0,solvability-pair-0072231-try_again_n,-0.75,2.0,0.0,2.0,0.0,try_again_n,8.0,0.0,-0.8,2.0,0.2,-2.8,-2.8,0.0,0.0,0.0,0.0,0.0,0.18242552380635632,0.8175744761936437,solvability-pair-0072231,-1.5,0.0,0.0,0.0,0.0,-2.75,0,0.0,GIVE_UP,train,solvability-pair-0072231-try_again_n:0,0.0,solvability,0.0,0.0,1.0,-2.75
0.0,0.0,0.0,0.0,1.0,0.0,0.75,1,1.0,0.0,0.0,0.25,1.0,solvability-pair-0072232-try_again_m,-0.25,0.0,0.0,0.0,0.0,try_again_m,8.0,0.0,-0.19999999999999996,0.0,0.8,-0.19999999999999996,-0.19999999999999996,-1.0,0.0,0.0,0.0,0.0,0.9626731126558706,0.037326887344129464,solvability-pair-0072232,3.25,0.0,0.0,0.0,0.0,-0.25,0,0.0,TRY_AGAIN,train,solvability-pair-0072232-try_again_m:0,0.0,solvability,0.0,0.0,1.0,-0.25
1.0,0.0,0.0,0.0,1.0,1.0,0.5,0,1.0,1.0,-1.0,0.5,1.0,solvability-pair-0072232-try_again_m,-0.5,0.0,1.0,0.0,0.6931471805599453,try_again_m,8.0,0.125,-0.19999999999999996,0.0,0.8,-0.19999999999999996,-0.19999999999999996,0.0,-1.0,0.0,0.0,0.0,0.06008665017400762,0.9399133498259924,solvability-pair-0072232,-2.75,1.0,-1.0,0.0,0.0,-0.5,1,0.0,GIVE_UP,train,solvability-pair-0072232-try_again_m:1,0.0,solvability,0.0,0.0,1.0,-0.5
0.0,0.0,0.0,0.0,1.0,0.0,0.75,1,1.0,0.0,0.0,0.25,1.0,solvability-pair-0072232-try_again_n,-0.25,0.0,0.0,0.0,0.0,try_again_n,8.0,0.0,-0.19999999999999996,0.0,0.8,-0.19999999999999996,-0.19999999999999996,-1.0,0.0,0.0,0.0,0.0,0.7549149868676283,0.24508501313237172,solvability-pair-0072232,1.125,0.0,0.0,0.0,0.0,-0.25,0,0.0,TRY_AGAIN,train,solvability-pair-0072232-try_again_n:0,0.0,solvability,0.0,0.0,1.0,-0.25
1.0,0.0,0.0,0.0,1.0,1.0,0.5,0,1.0,1.0,-1.0,0.5,1.0,solvability-pair-0072232-try_again_n,-0.5,0.0,1.0,0.0,0.6931471805599453,try_again_n,8.0,0.125,-0.19999999999999996,0.0,0.8,-0.19999999999999996,-0.19999999999999996,0.0,-1.0,0.0,0.0,0.0,0.08509904500702024,0.9149009549929797,solvability-pair-0072232,-2.375,1.0,-1.0,0.0,0.0,-0.5,1,0.0,GIVE_UP,train,solvability-pair-0072232-try_again_n:1,0.0,solvability,0.0,0.0,1.0,-0.5
0.0,0.0,0.0,0.0,0.0,0.0,0.5,1,0.0,0.0,0.0,1.5,0.0,solvability-pair-0072233-try_again_m,0.5,2.0,0.0,2.0,0.0,try_again_m,8.0,0.0,0.5,2.0,0.5,-1.5,-1.5,1.0,0.0,0.0,0.0,0.0,0.6224593312018546,0.37754066879814546,solvability-pair-0072233,0.5,0.0,0.0,0.0,0.0,-1.5,0,0.0,TRY_AGAIN,train,solvability-pair-0072233-try_again_m:0,0.0,solvability,0.0,0.0,1.0,-1.5
1.0,0.0,0.0,0.0,0.0,1.0,0.6666666666666666,1,0.0,0.0,1.0,1.3333333333333335,0.0,solvability-pair-0072233-try_again_m,0.6666666666666666,2.0,0.0,2.0,0.6931471805599453,try_again_m,8.0,0.125,0.5,2.0,0.5,-1.5,-1.5,1.0,1.0,0.0,0.0,0.0,0.9980732653366725,0.0019267346633274755,solvability-pair-0072233,6.25,1.0,1.0,1.0,1.0,-1.3333333333333335,1,0.0,TRY_AGAIN,train,solvability-pair-0072233-try_again_m:1,1.0,solvability,0.0,0.0,1.0,-1.3333333333333335
1.0,1.0,0.0,0.0,0.0,2.0,0.75,1,0.0,0.0,2.0,1.25,0.0,solvability-pair-0072233-try_again_m,0.75,2.0,0.0,2.0,1.0986122886681098,try_again_m,8.0,0.25,0.5,2.0,0.5,-1.5,-1.5,1.0,1.0,1.0,0.0,0.0,0.9465966702001757,0.053403329799824234,solvability-pair-0072233,2.875,1.0,1.0,2.0,2.0,-1.25,2,1.0,TRY_AGAIN,train,solvability-pair-0072233-try_again_m:2,2.0,solvability,0.0,0.0,1.0,-1.25
1.0,1.0,1.0,0.0,0.0,3.0,0.8,1,0.0,0.0,3.0,1.2,0.0,solvability-pair-0072233-try_again_m,0.8,2.0,0.0,2.0,1.3862943611198906,try_again_m,8.0,0.375,0.5,2.0,0.5,-1.5,-1.5,1.0,1.0,1.0,1.0,0.0,0.9324533088603709,0.0675466911396291,solvability-pair-0072233,2.625,1.0,1.0,3.0,3.0,-1.2,3,1.0,TRY_AGAIN,train,solvability-pair-0072233-try_again_m:3,3.0,solvability,0.0,0.0,1.0,-1.2
1.0,1.0,1.0,0.0,0.0,4.0,0.8333333333333334,1,0.0,0.0,4.0,1.1666666666666665,0.0,solvability-pair-0072233-try_again_m,0.8333333333333334,2.0,0.0,2.0,1.6094379124341003,try_again_m,8.0,0.5,0.5,2.0,0.5,-1.5,-1.5,1.0,1.0,1.0,1.0,0.0,0.8807970779778823,0.11920292202211755,solvability-pair-0072233,2.0,1.0,1.0,4.0,4.0,-1.1666666666666665,4,1.0,TRY_AGAIN,train,solvability-pair-0072233-try_again_m:4,4.0,solvability,0.0,0.0,1.0,-1.1666666666666665
1.0,1.0,1.0,1.0,0.0,5.0,0.8571428571428571,1,0.0,0.0,5.0,1.1428571428571428,0.0,solvability-pair-0072233-try_again_m,0.8571428571428571,2.0,0.0,2.0,1.791759469228055,try_again_m,8.0,0.625,0.5,2.0,0.5,-1.5,-1.5,1.0,1.0,1.0,1.0,1.0,0.7772998611746911,0.22270013882530884,solvability-pair-0072233,1.25,1.0,1.0,5.0,5.0,-1.1428571428571428,5,1.0,TRY_AGAIN,train,solvability-pair-0072233-try_again_m:5,5.0,solvability,0.0,0.0,1.0,-1.1428571428571428
1.0,1.0,1.0,1.0,0.0,6.0,0.875,0,0.0,0.0,6.0,1.125,0.0,solvability-pair-0072233-try_again_m,0.875,2.0,0.0,2.0,1.9459101490553132,try_again_m,8.0,0.75,0.5,2.0,0.5,-1.5,-1.5,0.0,1.0,1.0,1.0,1.0,0.7549149868676283,0.24508501313237172,solvability-pair-0072233,1.125,1.0,1.0,6.0,6.0,-1.125,6,1.0,GIVE_UP,train,solvability-pair-0072233-try_again_m:6,6.0,solvability,0.0,0.0,1.0,-1.125
0.0,0.0,0.0,0.0,0.0,0.0,0.5,0,0.0,0.0,0.0,1.5,0.0,solvability-pair-0072233-try_again_n,0.5,2.0,0.0,2.0,0.0,try_again_n,8.0,0.0,0.5,2.0,0.5,-1.5,-1.5,0.0,0.0,0.0,0.0,0.0,0.2689414213699951,0.7310585786300049,solvability-pair-0072233,-1.0,0.0,0.0,0.0,0.0,-1.5,0,0.0,GIVE_UP,train,solvability-pair-0072233-try_again_n:0,0.0,solvability,0.0,0.0,1.0,-1.5
0.0,0.0,0.0,0.0,0.0,0.0,0.5,1,0.0,0.0,0.0,-0.5,0.0,solvability-pair-0072234-try_again_m,0.5,0.0,0.0,0.0,0.0,try_again_m,8.0,0.0,0.5,0.0,0.5,0.5,0.5,-1.0,0.0,0.0,0.0,0.0,0.7549149868676283,0.24508501313237172,solvability-pair-0072234,1.125,0.0,0.0,0.0,0.0,0.5,0,0.0,TRY_AGAIN,validation,solvability-pair-0072234-try_again_m:0,0.0,solvability,0.0,0.0,1.0,0.5
1.0,0.0,0.0,0.0,0.0,1.0,0.3333333333333333,0,0.0,0.0,-1.0,-0.3333333333333333,0.0,solvability-pair-0072234-try_again_m,0.3333333333333333,0.0,1.0,0.0,0.6931471805599453,try_again_m,8.0,0.125,0.5,0.0,0.5,0.5,0.5,0.0,-1.0,0.0,0.0,0.0,0.037326887344129464,0.9626731126558706,solvability-pair-0072234,-3.25,1.0,-1.0,0.0,0.0,0.3333333333333333,1,0.0,GIVE_UP,validation,solvability-pair-0072234-try_again_m:1,0.0,solvability,0.0,0.0,1.0,0.3333333333333333
0.0,0.0,0.0,0.0,0.0,0.0,0.5,0,0.0,0.0,0.0,-0.5,0.0,solvability-pair-0072234-try_again_n,0.5,0.0,0.0,0.0,0.0,try_again_n,8.0,0.0,0.5,0.0,0.5,0.5,0.5,0.0,0.0,0.0,0.0,0.0,0.34864513533394575,0.6513548646660542,solvability-pair-0072234,-0.625,0.0,0.0,0.0,0.0,0.5,0,0.0,GIVE_UP,validation,solvability-pair-0072234-try_again_n:0,0.0,solvability,0.0,0.0,1.0,0.5
0.0,0.0,0.0,0.0,0.0,0.0,0.25,1,0.0,0.0,0.0,-0.25,-1.0,solvability-pair-0072235-try_again_m,0.25,0.0,0.0,0.0,0.0,try_again_m,8.0,0.0,0.2,0.0,0.2,0.2,0.2,-1.0,0.0,0.0,0.0,0.0,0.5,0.5,solvability-pair-0072235,0.0,0.0,0.0,0.0,0.0,0.25,0,0.0,TRY_AGAIN,validation,solvability-pair-0072235-try_again_m:0,0.0,solvability,0.0,0.0,1.0,0.25
1.0,0.0,0.0,0.0,0.0,1.0,0.16666666666666666,0,0.0,0.0,-1.0,-0.16666666666666666,-1.0,solvability-pair-0072235-try_again_m,0.16666666666666666,0.0,1.0,0.0,0.6931471805599453,try_again_m,8.0,0.125,0.2,0.0,0.2,0.2,0.2,0.0,-1.0,0.0,0.0,0.0,0.02595735719779685,0.9740426428022031,solvability-pair-0072235,-3.625,1.0,-1.0,0.0,0.0,0.16666666666666666,1,0.0,GIVE_UP,validation,solvability-pair-0072235-try_again_m:1,0.0,solvability,0.0,0.0,1.0,0.16666666666666666
0.0,0.0,0.0,0.0,0.0,0.0,0.25,1,0.0,0.0,0.0,-0.25,-1.0,solvability-pair-0072235-try_again_n,0.25,0.0,0.0,0.0,0.0,try_again_n,8.0,0.0,0.2,0.0,0.2,0.2,0.2,-1.0,0.0,0.0,0.0,0.0,0.22270013882530884,0.7772998611746911,solvability-pair-0072235,-1.25,0.0,0.0,0.0,0.0,0.25,0,0.0,TRY_AGAIN,validation,solvability-pair-0072235-try_again_n:0,0.0,solvability,0.0,0.0,1.0,0.25
1.0,0.0,0.0,0.0,0.0,1.0,0.16666666666666666,0,0.0,0.0,-1.0,-0.16666666666666666,-1.0,solvability-pair-0072235-try_again_n,0.16666666666666666,0.0,1.0,0.0,0.6931471805599453,try_again_n,8.0,0.125,0.2,0.0,0.2,0.2,0.2,0.0,-1.0,0.0,0.0,0.0,0.02595735719779685,0.9740426428022031,solvability-pair-0072235,-3.625,1.0,-1.0,0.0,0.0,0.16666666666666666,1,0.0,GIVE_UP,validation,solvability-pair-0072235-try_again_n:1,0.0,solvability,0.0,0.0,1.0,0.16666666666666666
0.0,0.0,0.0,0.0,0.0,0.0,0.25,0,0.0,0.0,0.0,1.75,-1.0,solvability-pair-0072236-try_again_m,0.25,2.0,0.0,2.0,0.0,try_again_m,8.0,0.0,0.2,2.0,0.2,-1.8,-1.8,0.0,0.0,0.0,0.0,0.0,0.4073334000459302,0.5926665999540697,solvability-pair-0072236,-0.375,0.0,0.0,0.0,0.0,-1.75,0,0.0,GIVE_UP,test,solvability-pair-0072236-try_again_m:0,0.0,solvability,0.0,0.0,1.0,-1.75
0.0,0.0,0.0,0.0,0.0,0.0,0.25,0,0.0,0.0,0.0,1.75,-1.0,solvability-pair-0072236-try_again_n,0.25,2.0,0.0,2.0,0.0,try_again_n,8.0,0.0,0.2,2.0,0.2,-1.8,-1.8,0.0,0.0,0.0,0.0,0.0,0.20181322226037882,0.7981867777396212,solvability-pair-0072236,-1.375,0.0,0.0,0.0,0.0,-1.75,0,0.0,GIVE_UP,test,solvability-pair-0072236-try_again_n:0,0.0,solvability,0.0,0.0,1.0,-1.75
0.0,0.0,0.0,0.0,1.0,0.0,0.25,0,1.0,0.0,0.0,0.75,-1.0,solvability-pair-0072237-try_again_m,-0.75,0.0,0.0,0.0,0.0,try_again_m,8.0,0.0,-0.8,0.0,0.2,-0.8,-0.8,0.0,0.0,0.0,0.0,0.0,0.37754066879814546,0.6224593312018546,solvability-pair-0072237,-0.5,0.0,0.0,0.0,0.0,-0.75,0,0.0,GIVE_UP,train,solvability-pair-0072237-try_again_m:0,0.0,solvability,0.0,0.0,1.0,-0.75
0.0,0.0,0.0,0.0,1.0,0.0,0.25,0,1.0,0.0,0.0,0.75,-1.0,solvability-pair-0072237-try_again_n,-0.75,0.0,0.0,0.0,0.0,try_again_n,8.0,0.0,-0.8,0.0,0.2,-0.8,-0.8,0.0,0.0,0.0,0.0,0.0,0.22270013882530884,0.7772998611746911,solvability-pair-0072237,-1.25,0.0,0.0,0.0,0.0,-0.75,0,0.0,GIVE_UP,train,solvability-pair-0072237-try_again_n:0,0.0,solvability,0.0,0.0,1.0,-0.75
0.0,0.0,0.0,0.0,0.0,0.0,0.75,1,0.0,0.0,0.0,-0.75,1.0,solvability-pair-0072238-try_again_m,0.75,0.0,0.0,0.0,0.0,try_again_m,8.0,0.0,0.8,0.0,0.8,0.8,0.8,1.0,0.0,0.0,0.0,0.0,0.9840936082881853,0.01590639171181471,solvability-pair-0072238,4.125,0.0,0.0,0.0,0.0,0.75,0,0.0,TRY_AGAIN,validation,solvability-pair-0072238-try_again_m:0,0.0,solvability,0.0,0.0,1.0,0.75
1.0,0.0,0.0,0.0,0.0,1.0,0.8333333333333334,1,0.0,0.0,1.0,-0.8333333333333334,1.0,solvability-pair-0072238-try_again_m,0.8333333333333334,0.0,0.0,0.0,0.6931471805599453,try_again_m,8.0,0.125,0.8,0.0,0.8,0.8,0.8,1.0,1.0,0.0,0.0,0.0,0.9997965730219448,0.0002034269780552065,solvability-pair-0072238,8.5,1.0,1.0,1.0,1.0,0.8333333333333334,1,0.0,TRY_AGAIN,validation,solvability-pair-0072238-try_again_m:1,1.0,solvability,0.0,0.0,1.0,0.8333333333333334
1.0,1.0,0.0,0.0,0.0,2.0,0.875,1,0.0,0.0,2.0,-0.875,1.0,solvability-pair-0072238-try_again_m,0.875,0.0,0.0,0.0,1.0986122886681098,try_again_m,8.0,0.25,0.8,0.0,0.8,0.8,0.8,1.0,1.0,1.0,0.0,0.0,0.9968273171575148,0.0031726828424851893,solvability-pair-0072238,5.75,1.0,1.0,2.0,2.0,0.875,2,1.0,TRY_AGAIN,validation,solvability-pair-0072238-try_again_m:2,2.0,solvability,0.0,0.0,1.0,0.875
1.0,1.0,1.0,0.0,0.0,3.0,0.9,1,0.0,0.0,3.0,-0.9,1.0,solvability-pair-0072238-try_again_m,0.9,0.0,0.0,0.0,1.3862943611198906,try_again_m,8.0,0.375,0.8,0.0,0.8,0.8,0.8,1.0,1.0,1.0,1.0,0.0,0.9940889311437562,0.005911068856243796,solvability-pair-0072238,5.125,1.0,1.0,3.0,3.0,0.9,3,1.0,TRY_AGAIN,validation,solvability-pair-0072238-try_again_m:3,3.0,solvability,0.0,0.0,1.0,0.9
1.0,1.0,1.0,0.0,0.0,4.0,0.9166666666666666,1,0.0,0.0,4.0,-0.9166666666666666,1.0,solvability-pair-0072238-try_again_m,0.9166666666666666,0.0,0.0,0.0,1.6094379124341003,try_again_m,8.0,0.5,0.8,0.0,0.8,0.8,0.8,1.0,1.0,1.0,1.0,0.0,0.9706877692486436,0.029312230751356316,solvability-pair-0072238,3.5,1.0,1.0,4.0,4.0,0.9166666666666666,4,1.0,TRY_AGAIN,validation,solvability-pair-0072238-try_again_m:4,4.0,solvability,0.0,0.0,1.0,0.9166666666666666
1.0,1.0,1.0,1.0,0.0,5.0,0.9285714285714286,1,0.0,0.0,5.0,-0.9285714285714286,1.0,solvability-pair-0072238-try_again_m,0.9285714285714286,0.0,0.0,0.0,1.791759469228055,try_again_m,8.0,0.625,0.8,0.0,0.8,0.8,0.8,1.0,1.0,1.0,1.0,1.0,0.9324533088603709,0.0675466911396291,solvability-pair-0072238,2.625,1.0,1.0,5.0,5.0,0.9285714285714286,5,1.0,TRY_AGAIN,validation,solvability-pair-0072238-try_again_m:5,5.0,solvability,0.0,0.0,1.0,0.9285714285714286
1.0,1.0,1.0,1.0,0.0,6.0,0.9375,1,0.0,0.0,6.0,-0.9375,1.0,solvability-pair-0072238-try_again_m,0.9375,0.0,0.0,0.0,1.9459101490553132,try_again_m,8.0,0.75,0.8,0.0,0.8,0.8,0.8,1.0,1.0,1.0,1.0,1.0,0.9046505351008906,0.0953494648991095,solvability-pair-0072238,2.25,1.0,1.0,6.0,6.0,0.9375,6,1.0,TRY_AGAIN,validation,solvability-pair-0072238-try_again_m:6,6.0,solvability,0.0,0.0,1.0,0.9375
1.0,1.0,1.0,1.0,0.0,7.0,0.9444444444444444,1,0.0,0.0,7.0,-0.9444444444444444,1.0,solvability-pair-0072238-try_again_m,0.9444444444444444,0.0,0.0,0.0,2.0794415416798357,try_again_m,8.0,0.875,0.8,0.0,0.8,0.8,0.8,-1.0,1.0,1.0,1.0,1.0,0.7772998611746911,0.22270013882530884,solvability-pair-0072238,1.25,1.0,1.0,7.0,7.0,0.9444444444444444,7,1.0,TRY_AGAIN,validation,solvability-pair-0072238-try_again_m:7,7.0,solvability,0.0,0.0,1.0,0.9444444444444444
0.0,0.0,0.0,0.0,0.0,0.0,0.75,1,0.0,0.0,0.0,-0.75,1.0,solvability-pair-0072238-try_again_n,0.75,0.0,0.0,0.0,0.0,try_again_n,8.0,0.0,0.8,0.0,0.8,0.8,0.8,1.0,0.0,0.0,0.0,0.0,0.8175744761936437,0.18242552380635632,solvability-pair-0072238,1.5,0.0,0.0,0.0,0.0,0.75,0,0.0,TRY_AGAIN,validation,solvability-pair-0072238-try_again_n:0,0.0,solvability,0.0,0.0,1.0,0.75
1.0,0.0,0.0,0.0,0.0,1.0,0.8333333333333334,1,0.0,0.0,1.0,-0.8333333333333334,1.0,solvability-pair-0072238-try_again_n,0.8333333333333334,0.0,0.0,0.0,0.6931471805599453,try_again_n,8.0,0.125,0.8,0.0,0.8,0.8,0.8,1.0,1.0,0.0,0.0,0.0,0.9999251537724895,7.484622751061124e-05,solvability-pair-0072238,9.5,1.0,1.0,1.0,1.0,0.8333333333333334,1,0.0,TRY_AGAIN,validation,solvability-pair-0072238-try_again_n:1,1.0,solvability,0.0,0.0,1.0,0.8333333333333334
1.0,1.0,0.0,0.0,0.0,2.0,0.875,1,0.0,0.0,2.0,-0.875,1.0,solvability-pair-0072238-try_again_n,0.875,0.0,0.0,0.0,1.0986122886681098,try_again_n,8.0,0.25,0.8,0.0,0.8,0.8,0.8,1.0,1.0,1.0,0.0,0.0,0.9990889488055994,0.0009110511944006454,solvability-pair-0072238,7.0,1.0,1.0,2.0,2.0,0.875,2,1.0,TRY_AGAIN,validation,solvability-pair-0072238-try_again_n:2,2.0,solvability,0.0,0.0,1.0,0.875
1.0,1.0,1.0,0.0,0.0,3.0,0.9,1,0.0,0.0,3.0,-0.9,1.0,solvability-pair-0072238-try_again_n,0.9,0.0,0.0,0.0,1.3862943611198906,try_again_n,8.0,0.375,0.8,0.0,0.8,0.8,0.8,1.0,1.0,1.0,1.0,0.0,0.9980732653366725,0.0019267346633274755,solvability-pair-0072238,6.25,1.0,1.0,3.0,3.0,0.9,3,1.0,TRY_AGAIN,validation,solvability-pair-0072238-try_again_n:3,3.0,solvability,0.0,0.0,1.0,0.9
1.0,1.0,1.0,0.0,0.0,4.0,0.9166666666666666,1,0.0,0.0,4.0,-0.9166666666666666,1.0,solvability-pair-0072238-try_again_n,0.9166666666666666,0.0,0.0,0.0,1.6094379124341003,try_again_n,8.0,0.5,0.8,0.0,0.8,0.8,0.8,1.0,1.0,1.0,1.0,0.0,0.9796676466573412,0.020332353342658753,solvability-pair-0072238,3.875,1.0,1.0,4.0,4.0,0.9166666666666666,4,1.0,TRY_AGAIN,validation,solvability-pair-0072238-try_again_n:4,4.0,solvability,0.0,0.0,1.0,0.9166666666666666
1.0,1.0,1.0,1.0,0.0,5.0,0.9285714285714286,1,0.0,0.0,5.0,-0.9285714285714286,1.0,solvability-pair-0072238-try_again_n,0.9285714285714286,0.0,0.0,0.0,1.791759469228055,try_again_n,8.0,0.625,0.8,0.0,0.8,0.8,0.8,1.0,1.0,1.0,1.0,1.0,0.9465966702001757,0.053403329799824234,solvability-pair-0072238,2.875,1.0,1.0,5.0,5.0,0.9285714285714286,5,1.0,TRY_AGAIN,validation,solvability-pair-0072238-try_again_n:5,5.0,solvability,0.0,0.0,1.0,0.9285714285714286
1.0,1.0,1.0,1.0,0.0,6.0,0.9375,1,0.0,0.0,6.0,-0.9375,1.0,solvability-pair-0072238-try_again_n,0.9375,0.0,0.0,0.0,1.9459101490553132,try_again_n,8.0,0.75,0.8,0.0,0.8,0.8,0.8,1.0,1.0,1.0,1.0,1.0,0.8933094060543487,0.10669059394565118,solvability-pair-0072238,2.125,1.0,1.0,6.0,6.0,0.9375,6,1.0,TRY_AGAIN,validation,solvability-pair-0072238-try_again_n:6,6.0,solvability,0.0,0.0,1.0,0.9375
1.0,1.0,1.0,1.0,0.0,7.0,0.9444444444444444,1,0.0,0.0,7.0,-0.9444444444444444,1.0,solvability-pair-0072238-try_again_n,0.9444444444444444,0.0,0.0,0.0,2.0794415416798357,try_again_n,8.0,0.875,0.8,0.0,0.8,0.8,0.8,-1.0,1.0,1.0,1.0,1.0,0.6513548646660542,0.34864513533394575,solvability-pair-0072238,0.625,1.0,1.0,7.0,7.0,0.9444444444444444,7,1.0,TRY_AGAIN,validation,solvability-pair-0072238-try_again_n:7,7.0,solvability,0.0,0.0,1.0,0.9444444444444444
0.0,0.0,0.0,0.0,1.0,0.0,0.75,1,1.0,0.0,0.0,2.25,1.0,solvability-pair-0072239-try_again_m,-0.25,2.0,0.0,2.0,0.0,try_again_m,8.0,0.0,-0.19999999999999996,2.0,0.8,-2.2,-2.2,-1.0,0.0,0.0,0.0,0.0,0.9399133498259924,0.06008665017400762,solvability-pair-0072239,2.75,0.0,0.0,0.0,0.0,-2.25,0,0.0,TRY_AGAIN,train,solvability-pair-0072239-try_again_m:0,0.0,solvability,0.0,0.0,1.0,-2.25
1.0,0.0,0.0,0.0,1.0,1.0,0.5,0,1.0,1.0,-1.0,2.5,1.0,solvability-pair-0072239-try_again_m,-0.5,2.0,1.0,2.0,0.6931471805599453,try_again_m,8.0,0.125,-0.19999999999999996,2.0,0.8,-2.2,-2.2,0.0,-1.0,0.0,0.0,0.0,0.07585818002124356,0.9241418199787566,solvability-pair-0072239,-2.5,1.0,-1.0,0.0,0.0,-2.5,1,0.0,GIVE_UP,train,solvability-pair-0072239-try_again_m:1,0.0,solvability,0.0,0.0,1.0,-2.5
0.0,0.0,0.0,0.0,1.0,0.0,0.75,1,1.0,0.0,0.0,2.25,1.0,solvability-pair-0072239-try_again_n,-0.25,2.0,0.0,2.0,0.0,try_again_n,8.0,0.0,-0.19999999999999996,2.0,0.8,-2.2,-2.2,-1.0,0.0,0.0,0.0,0.0,0.679178699175393,0.32082130082460697,solvability-pair-0072239,0.75,0.0,0.0,0.0,0.0,-2.25,0,0.0,TRY_AGAIN,train,solvability-pair-0072239-try_again_n:0,0.0,solvability,0.0,0.0,1.0,-2.25
1.0,0.0,0.0,0.0,1.0,1.0,0.5,0,1.0,1.0,-1.0,2.5,1.0,solvability-pair-0072239-try_again_n,-0.5,2.0,1.0,2.0,0.6931471805599453,try_again_n,8.0,0.125,-0.19999999999999996,2.0,0.8,-2.2,-2.2,0.0,-1.0,0.0,0.0,0.0,0.08509904500702024,0.9149009549929797,solvability-pair-0072239,-2.375,1.0,-1.0,0.0,0.0,-2.5,1,0.0,GIVE_UP,train,solvability-pair-0072239-try_again_n:1,0.0,solvability,0.0,0.0,1.0,-2.5
0.0,0.0,0.0,0.0,0.0,0.0,0.75,1,0.0,0.0,0.0,1.25,1.0,solvability-pair-0072240-try_again_m,0.75,2.0,0.0,2.0,0.0,try_again_m,8.0,0.0,0.8,2.0,0.8,-1.2,-1.2,-1.0,0.0,0.0,0.0,0.0,0.9770226300899744,0.02297736991002561,solvability-pair-0072240,3.75,0.0,0.0,0.0,0.0,-1.25,0,0.0,TRY_AGAIN,train,solvability-pair-0072240-try_again_m:0,0.0,solvability,0.0,0.0,1.0,-1.25
1.0,0.0,0.0,0.0,0.0,1.0,0.5,0,0.0,0.0,-1.0,1.5,1.0,solvability-pair-0072240-try_again_m,0.5,2.0,1.0,2.0,0.6931471805599453,try_again_m,8.0,0.125,0.8,2.0,0.8,-1.2,-1.2,0.0,-1.0,0.0,0.0,0.0,0.0953494648991095,0.9046505351008906,solvability-pair-0072240,-2.25,1.0,-1.0,0.0,0.0,-1.5,1,0.0,GIVE_UP,train,solvability-pair-0072240-try_again_m:1,0.0,solvability,0.0,0.0,1.0,-1.5
0.0,0.0,0.0,0.0,0.0,0.0,0.75,1,0.0,0.0,0.0,1.25,1.0,solvability-pair-0072240-try_again_n,0.75,2.0,0.0,2.0,0.0,try_again_n,8.0,0.0,0.8,2.0,0.8,-1.2,-1.2,-1.0,0.0,0.0,0.0,0.0,0.7772998611746911,0.22270013882530884,solvability-pair-0072240,1.25,0.0,0.0,0.0,0.0,-1.25,0,0.0,TRY_AGAIN,train,solvability-pair-0072240-try_again_n:0,0.0,solvability,0.0,0.0,1.0,-1.25
1.0,0.0,0.0,0.0,0.0,1.0,0.5,0,0.0,0.0,-1.0,1.5,1.0,solvability-pair-0072240-try_again_n,0.5,2.0,1.0,2.0,0.6931471805599453,try_again_n,8.0,0.125,0.8,2.0,0.8,-1.2,-1.2,0.0,-1.0,0.0,0.0,0.0,0.0953494648991095,0.9046505351008906,solvability-pair-0072240,-2.25,1.0,-1.0,0.0,0.0,-1.5,1,0.0,GIVE_UP,train,solvability-pair-0072240-try_again_n:1,0.0,solvability,0.0,0.0,1.0,-1.5
0.0,0.0,0.0,0.0,1.0,0.0,0.5,0,1.0,0.0,0.0,2.5,0.0,solvability-pair-0072241-try_again_m,-0.5,2.0,0.0,2.0,0.0,try_again_m,8.0,0.0,-0.5,2.0,0.5,-2.5,-2.5,0.0,0.0,0.0,0.0,0.0,0.46879062662624377,0.5312093733737563,solvability-pair-0072241,-0.125,0.0,0.0,0.0,0.0,-2.5,0,0.0,GIVE_UP,test,solvability-pair-0072241-try_again_m:0,0.0,solvability,0.0,0.0,1.0,-2.5
0.0,0.0,0.0,0.0,1.0,0.0,0.5,0,1.0,0.0,0.0,2.5,0.0,solvability-pair-0072241-try_again_n,-0.5,2.0,0.0,2.0,0.0,try_again_n,8.0,0.0,-0.5,2.0,0.5,-2.5,-2.5,0.0,0.0,0.0,0.0,0.0,0.22270013882530884,0.7772998611746911,solvability-pair-0072241,-1.25,0.0,0.0,0.0,0.0,-2.5,0,0.0,GIVE_UP,test,solvability-pair-0072241-try_again_n:0,0.0,solvability,0.0,0.0,1.0,-2.5
0.0,0.0,0.0,0.0,1.0,0.0,0.5,1,1.0,0.0,0.0,0.5,0.0,solvability-pair-0072242-try_again_m,-0.5,0.0,0.0,0.0,0.0,try_again_m,8.0,0.0,-0.5,0.0,0.5,-0.5,-0.5,-1.0,0.0,0.0,0.0,0.0,0.5621765008857981,0.4378234991142019,solvability-pair-0072242,0.25,0.0,0.0,0.0,0.0,-0.5,0,0.0,TRY_AGAIN,test,solvability-pair-0072242-try_again_m:0,0.0,solvability,0.0,0.0,1.0,-0.5
1.0,0.0,0.0,0.0,1.0,1.0,0.3333333333333333,0,1.0,1.0,-1.0,0.6666666666666667,0.0,solvability-pair-0072242-try_again_m,-0.6666666666666667,0.0,1.0,0.0,0.6931471805599453,try_again_m,8.0,0.125,-0.5,0.0,0.5,-0.5,-0.5,0.0,-1.0,0.0,0.0,0.0,0.033085978388704126,0.9669140216112958,solvability-pair-0072242,-3.375,1.0,-1.0,0.0,0.0,-0.6666666666666667,1,0.0,GIVE_UP,test,solvability-pair-0072242-try_again_m:1,0.0,solvability,0.0,0.0,1.0,-0.6666666666666667
0.0,0.0,0.0,0.0,1.0,0.0,0.5,0,1.0,0.0,0.0,0.5,0.0,solvability-pair-0072242-try_again_n,-0.5,0.0,0.0,0.0,0.0,try_again_n,8.0,0.0,-0.5,0.0,0.5,-0.5,-0.5,0.0,0.0,0.0,0.0,0.0,0.2689414213699951,0.7310585786300049,solvability-pair-0072242,-1.0,0.0,0.0,0.0,0.0,-0.5,0,0.0,GIVE_UP,test,solvability-pair-0072242-try_again_n:0,0.0,solvability,0.0,0.0,1.0,-0.5
0.0,0.0,0.0,0.0,1.0,0.0,0.25,1,1.0,0.0,0.0,2.75,-1.0,solvability-pair-0072243-try_again_m,-0.75,2.0,0.0,2.0,0.0,try_again_m,8.0,0.0,-0.8,2.0,0.2,-2.8,-2.8,-1.0,0.0,0.0,0.0,0.0,0.32082130082460697,0.679178699175393,solvability-pair-0072243,-0.75,0.0,0.0,0.0,0.0,-2.75,0,0.0,TRY_AGAIN,validation,solvability-pair-0072243-try_again_m:0,0.0,solvability,0.0,0.0,1.0,-2.75
1.0,0.0,0.0,0.0,1.0,1.0,0.16666666666666666,0,1.0,1.0,-1.0,2.8333333333333335,-1.0,solvability-pair-0072243-try_again_m,-0.8333333333333334,2.0,1.0,2.0,0.6931471805599453,try_again_m,8.0,0.125,-0.8,2.0,0.2,-2.8,-2.8,0.0,-1.0,0.0,0.0,0.0,0.037326887344129464,0.9626731126558706,solvability-pair-0072243,-3.25,1.0,-1.0,0.0,0.0,-2.8333333333333335,1,0.0,GIVE_UP,validation,solvability-pair-0072243-try_again_m:1,0.0,solvability,0.0,0.0,1.0,-2.8333333333333335
0.0,0.0,0.0,0.0,1.0,0.0,0.25,0,1.0,0.0,0.0,2.75,-1.0,solvability-pair-0072243-try_again_n,-0.75,2.0,0.0,2.0,0.0,try_again_n,8.0,0.0,-0.8,2.0,0.2,-2.8,-2.8,0.0,0.0,0.0,0.0,0.0,0.18242552380635632,0.8175744761936437,solvability-pair-0072243,-1.5,0.0,0.0,0.0,0.0,-2.75,0,0.0,GIVE_UP,validation,solvability-pair-0072243-try_again_n:0,0.0,solvability,0.0,0.0,1.0,-2.75
0.0,0.0,0.0,0.0,1.0,0.0,0.75,1,1.0,0.0,0.0,0.25,1.0,solvability-pair-0072244-try_again_m,-0.25,0.0,0.0,0.0,0.0,try_again_m,8.0,0.0,-0.19999999999999996,0.0,0.8,-0.19999999999999996,-0.19999999999999996,1.0,0.0,0.0,0.0,0.0,0.9626731126558706,0.037326887344129464,solvability-pair-0072244,3.25,0.0,0.0,0.0,0.0,-0.25,0,0.0,TRY_AGAIN,train,solvability-pair-0072244-try_again_m:0,0.0,solvability,0.0,0.0,1.0,-0.25
1.0,0.0,0.0,0.0,1.0,1.0,0.8333333333333334,1,1.0,1.0,1.0,0.16666666666666663,1.0,solvability-pair-0072244-try_again_m,-0.16666666666666663,0.0,0.0,0.0,0.6931471805599453,try_again_m,8.0,0.125,-0.19999999999999996,0.0,0.8,-0.19999999999999996,-0.19999999999999996,-1.0,1.0,0.0,0.0,0.0,0.9995694429186754,0.00043055708132461493,solvability-pair-0072244,7.75,1.0,1.0,1.0,1.0,-0.16666666666666663,1,0.0,TRY_AGAIN,train,solvability-pair-0072244-try_again_m:1,1.0,solvability,0.0,0.0,1.0,-0.16666666666666663
1.0,1.0,0.0,0.0,1.0,2.0,0.625,1,1.0,2.0,0.0,0.375,1.0,solvability-pair-0072244-try_again_m,-0.375,0.0,1.0,0.0,1.0986122886681098,try_again_m,8.0,0.25,-0.19999999999999996,0.0,0.8,-0.19999999999999996,-0.19999999999999996,-1.0,-1.0,1.0,0.0,0.0,0.7057850278370112,0.29421497216298875,solvability-pair-0072244,0.875,1.0,-1.0,1.0,1.0,-0.375,2,1.0,TRY_AGAIN,train,solvability-pair-0072244-try_again_m:2,0.0,solvability,0.0,0.0,1.0,-0.375
1.0,1.0,1.0,0.0,1.0,3.0,0.5,0,1.0,3.0,-1.0,0.5,1.0,solvability-pair-0072244-try_again_m,-0.5,0.0,2.0,0.0,1.3862943611198906,try_again_m,8.0,0.375,-0.19999999999999996,0.0,0.8,-0.19999999999999996,-0.19999999999999996,0.0,-1.0,-1.0,1.0,0.0,0.46879062662624377,0.5312093733737563,solvability-pair-0072244,-0.125,1.0,-1.0,1.0,1.0,-0.5,3,1.0,GIVE_UP,train,solvability-pair-0072244-try_again_m:3,0.0,solvability,0.0,0.0,1.0,-0.5
0.0,0.0,0.0,0.0,1.0,0.0,0.75,1,1.0,0.0,0.0,0.25,1.0,solvability-pair-0072244-try_again_n,-0.25,0.0,0.0,0.0,0.0,try_again_n,8.0,0.0,-0.19999999999999996,0.0,0.8,-0.19999999999999996,-0.19999999999999996,1.0,0.0,0.0,0.0,0.0,0.7549149868676283,0.24508501313237172,solvability-pair-0072244,1.125,0.0,0.0,0.0,0.0,-0.25,0,0.0,TRY_AGAIN,train,solvability-pair-0072244-try_again_n:0,0.0,solvability,0.0,0.0,1.0,-0.25
1.0,0.0,0.0,0.0,1.0,1.0,0.8333333333333334,1,1.0,1.0,1.0,0.16666666666666663,1.0,solvability-pair-0072244-try_again_n,-0.16666666666666663,0.0,0.0,0.0,0.6931471805599453,try_again_n,8.0,0.125,-0.19999999999999996,0.0,0.8,-0.19999999999999996,-0.19999999999999996,-1.0,1.0,0.0,0.0,0.0,0.9998204720306533,0.0001795279693467774,solvability-pair-0072244,8.625,1.0,1.0,1.0,1.0,-0.16666666666666663,1,0.0,TRY_AGAIN,train,solvability-pair-0072244-try_again_n:1,1.0,solvability,0.0,0.0,1.0,-0.16666666666666663
1.0,1.0,0.0,0.0,1.0,2.0,0.625,1,1.0,2.0,0.0,0.375,1.0,solvability-pair-0072244-try_again_n,-0.375,0.0,1.0,0.0,1.0986122886681098,try_again_n,8.0,0.25,-0.19999999999999996,0.0,0.8,-0.19999999999999996,-0.19999999999999996,-1.0,-1.0,1.0,0.0,0.0,0.8175744761936437,0.18242552380635632,solvability-pair-0072244,1.5,1.0,-1.0,1.0,1.0,-0.375,2,1.0,TRY_AGAIN,train,solvability-pair-0072244-try_again_n:2,0.0,solvability,0.0,0.0,1.0,-0.375
1.0,1.0,1.0,0.0,1.0,3.0,0.5,0,1.0,3.0,-1.0,0.5,1.0,solvability-pair-0072244-try_again_n,-0.5,0.0,2.0,0.0,1.3862943611198906,try_again_n,8.0,0.375,-0.19999999999999996,0.0,0.8,-0.19999999999999996,-0.19999999999999996,0.0,-1.0,-1.0,1.0,0.0,0.5926665999540697,0.4073334000459302,solvability-pair-0072244,0.375,1.0,-1.0,1.0,1.0,-0.5,3,1.0,GIVE_UP,train,solvability-pair-0072244-try_again_n:3,0.0,solvability,0.0,0.0,1.0,-0.5
0.0,0.0,0.0,0.0,0.0,0.0,0.5,1,0.0,0.0,0.0,1.5,0.0,solvability-pair-0072245-try_again_m,0.5,2.0,0.0,2.0,0.0,try_again_m,8.0,0.0,0.5,2.0,0.5,-1.5,-1.5,-1.0,0.0,0.0,0.0,0.0,0.6224593312018546,0.37754066879814546,solvability-pair-0072245,0.5,0.0,0.0,0.0,0.0,-1.5,0,0.0,TRY_AGAIN,validation,solvability-pair-0072245-try_again_m:0,0.0,solvability,0.0,0.0,1.0,-1.5
1.0,0.0,0.0,0.0,0.0,1.0,0.3333333333333333,0,0.0,0.0,-1.0,1.6666666666666667,0.0,solvability-pair-0072245-try_again_m,0.3333333333333333,2.0,1.0,2.0,0.6931471805599453,try_again_m,8.0,0.125,0.5,2.0,0.5,-1.5,-1.5,0.0,-1.0,0.0,0.0,0.0,0.04208772791561884,0.9579122720843811,solvability-pair-0072245,-3.125,1.0,-1.0,0.0,0.0,-1.6666666666666667,1,0.0,GIVE_UP,validation,solvability-pair-0072245-try_again_m:1,0.0,solvability,0.0,0.0,1.0,-1.6666666666666667
0.0,0.0,0.0,0.0,0.0,0.0,0.5,0,0.0,0.0,0.0,1.5,0.0,solvability-pair-0072245-try_again_n,0.5,2.0,0.0,2.0,0.0,try_again_n,8.0,0.0,0.5,2.0,0.5,-1.5,-1.5,0.0,0.0,0.0,0.0,0.0,0.2689414213699951,0.7310585786300049,solvability-pair-0072245,-1.0,0.0,0.0,0.0,0.0,-1.5,0,0.0,GIVE_UP,validation,solvability-pair-0072245-try_again_n:0,0.0,solvability,0.0,0.0,1.0,-1.5
0.0,0.0,0.0,0.0,0.0,0.0,0.5,1,0.0,0.0,0.0,-0.5,0.0,solvability-pair-0072246-try_again_m,0.5,0.0,0.0,0.0,0.0,try_again_m,8.0,0.0,0.5,0.0,0.5,0.5,0.5,1.0,0.0,0.0,0.0,0.0,0.7549149868676283,0.24508501313237172,solvability-pair-0072246,1.125,0.0,0.0,0.0,0.0,0.5,0,0.0,TRY_AGAIN,train,solvability-pair-0072246-try_again_m:0,0.0,solvability,0.0,0.0,1.0,0.5
1.0,0.0,0.0,0.0,0.0,1.0,0.6666666666666666,1,0.0,0.0,1.0,-0.6666666666666666,0.0,solvability-pair-0072246-try_again_m,0.6666666666666666,0.0,0.0,0.0,0.6931471805599453,try_again_m,8.0,0.125,0.5,0.0,0.5,0.5,0.5,1.0,1.0,0.0,0.0,0.0,0.9989677689632452,0.0010322310367548194,solvability-pair-0072246,6.875,1.0,1.0,1.0,1.0,0.6666666666666666,1,0.0,TRY_AGAIN,train,solvability-pair-0072246-try_again_m:1,1.0,solvability,0.0,0.0,1.0,0.6666666666666666
1.0,1.0,0.0,0.0,0.0,2.0,0.75,1,0.0,0.0,2.0,-0.75,0.0,solvability-pair-0072246-try_again_m,0.75,0.0,0.0,0.0,1.0986122886681098,try_again_m,8.0,0.25,0.5,0.0,0.5,0.5,0.5,1.0,1.0,1.0,0.0,0.0,0.9669140216112958,0.033085978388704126,solvability-pair-0072246,3.375,1.0,1.0,2.0,2.0,0.75,2,1.0,TRY_AGAIN,train,solvability-pair-0072246-try_again_m:2,2.0,solvability,0.0,0.0,1.0,0.75
1.0,1.0,1.0,0.0,0.0,3.0,0.8,1,0.0,0.0,3.0,-0.8,0.0,solvability-pair-0072246-try_again_m,0.8,0.0,0.0,0.0,1.3862943611198906,try_again_m,8.0,0.375,0.5,0.0,0.5,0.5,0.5,1.0,1.0,1.0,1.0,0.0,0.9626731126558706,0.037326887344129464,solvability-pair-0072246,3.25,1.0,1.0,3.0,3.0,0.8,3,1.0,TRY_AGAIN,train,solvability-pair-0072246-try_again_m:3,3.0,solvability,0.0,0.0,1.0,0.8
1.0,1.0,1.0,0.0,0.0,4.0,0.8333333333333334,1,0.0,0.0,4.0,-0.8333333333333334,0.0,solvability-pair-0072246-try_again_m,0.8333333333333334,0.0,0.0,0.0,1.6094379124341003,try_again_m,8.0,0.5,0.5,0.0,0.5,0.5,0.5,1.0,1.0,1.0,1.0,0.0,0.9241418199787566,0.07585818002124356,solvability-pair-0072246,2.5,1.0,1.0,4.0,4.0,0.8333333333333334,4,1.0,TRY_AGAIN,train,solvability-pair-0072246-try_again_m:4,4.0,solvability,0.0,0.0,1.0,0.8333333333333334
1.0,1.0,1.0,1.0,0.0,5.0,0.8571428571428571,1,0.0,0.0,5.0,-0.8571428571428571,0.0,solvability-pair-0072246-try_again_m,0.8571428571428571,0.0,0.0,0.0,1.791759469228055,try_again_m,8.0,0.625,0.5,0.0,0.5,0.5,0.5,1.0,1.0,1.0,1.0,1.0,0.8519528019683106,0.1480471980316895,solvability-pair-0072246,1.75,1.0,1.0,5.0,5.0,0.8571428571428571,5,1.0,TRY_AGAIN,train,solvability-pair-0072246-try_again_m:5,5.0,solvability,0.0,0.0,1.0,0.8571428571428571
1.0,1.0,1.0,1.0,0.0,6.0,0.875,1,0.0,0.0,6.0,-0.875,0.0,solvability-pair-0072246-try_again_m,0.875,0.0,0.0,0.0,1.9459101490553132,try_again_m,8.0,0.75,0.5,0.0,0.5,0.5,0.5,-1.0,1.0,1.0,1.0,1.0,0.8175744761936437,0.18242552380635632,solvability-pair-0072246,1.5,1.0,1.0,6.0,6.0,0.875,6,1.0,TRY_AGAIN,train,solvability-pair-0072246-try_again_m:6,6.0,solvability,0.0,0.0,1.0,0.875
1.0,1.0,1.0,1.0,0.0,7.0,0.7777777777777778,0,0.0,0.0,5.0,-0.7777777777777778,0.0,solvability-pair-0072246-try_again_m,0.7777777777777778,0.0,1.0,0.0,2.0794415416798357,try_again_m,8.0,0.875,0.5,0.0,0.5,0.5,0.5,0.0,-1.0,1.0,1.0,1.0,0.053403329799824234,0.9465966702001757,solvability-pair-0072246,-2.875,1.0,-1.0,6.0,6.0,0.7777777777777778,7,1.0,GIVE_UP,train,solvability-pair-0072246-try_again_m:7,0.0,solvability,0.0,0.0,1.0,0.7777777777777778
0.0,0.0,0.0,0.0,0.0,0.0,0.5,0,0.0,0.0,0.0,-0.5,0.0,solvability-pair-0072246-try_again_n,0.5,0.0,0.0,0.0,0.0,try_again_n,8.0,0.0,0.5,0.0,0.5,0.5,0.5,0.0,0.0,0.0,0.0,0.0,0.34864513533394575,0.6513548646660542,solvability-pair-0072246,-0.625,0.0,0.0,0.0,0.0,0.5,0,0.0,GIVE_UP,train,solvability-pair-0072246-try_again_n:0,0.0,solvability,0.0,0.0,1.0,0.5
0.0,0.0,0.0,0.0,0.0,0.0,0.25,1,0.0,0.0,0.0,-0.25,-1.0,solvability-pair-0072247-try_again_m,0.25,0.0,0.0,0.0,0.0,try_again_m,8.0,0.0,0.2,0.0,0.2,0.2,0.2,-1.0,0.0,0.0,0.0,0.0,0.5,0.5,solvability-pair-0072247,0.0,0.0,0.0,0.0,0.0,0.25,0,0.0,TRY_AGAIN,train,solvability-pair-0072247-try_again_m:0,0.0,solvability,0.0,0.0,1.0,0.25
1.0,0.0,0.0,0.0,0.0,1.0,0.16666666666666666,0,0.0,0.0,-1.0,-0.16666666666666666,-1.0,solvability-pair-0072247-try_again_m,0.16666666666666666,0.0,1.0,0.0,0.6931471805599453,try_again_m,8.0,0.125,0.2,0.0,0.2,0.2,0.2,0.0,-1.0,0.0,0.0,0.0,0.02595735719779685,0.9740426428022031,solvability-pair-0072247,-3.625,1.0,-1.0,0.0,0.0,0.16666666666666666,1,0.0,GIVE_UP,train,solvability-pair-0072247-try_again_m:1,0.0,solvability,0.0,0.0,1.0,0.16666666666666666
0.0,0.0,0.0,0.0,0.0,0.0,0.25,1,0.0,0.0,0.0,-0.25,-1.0,solvability-pair-0072247-try_again_n,0.25,0.0,0.0,0.0,0.0,try_again_n,8.0,0.0,0.2,0.0,0.2,0.2,0.2,-1.0,0.0,0.0,0.0,0.0,0.22270013882530884,0.7772998611746911,solvability-pair-0072247,-1.25,0.0,0.0,0.0,0.0,0.25,0,0.0,TRY_AGAIN,train,solvability-pair-0072247-try_again_n:0,0.0,solvability,0.0,0.0,1.0,0.25
1.0,0.0,0.0,0.0,0.0,1.0,0.16666666666666666,0,0.0,0.0,-1.0,-0.16666666666666666,-1.0,solvability-pair-0072247-try_again_n,0.16666666666666666,0.0,1.0,0.0,0.6931471805599453,try_again_n,8.0,0.125,0.2,0.0,0.2,0.2,0.2,0.0,-1.0,0.0,0.0,0.0,0.02595735719779685,0.9740426428022031,solvability-pair-0072247,-3.625,1.0,-1.0,0.0,0.0,0.16666666666666666,1,0.0,GIVE_UP,train,solvability-pair-0072247-try_again_n:1,0.0,solvability,0.0,0.0,1.0,0.16666666666666666
0.0,0.0,0.0,0.0,0.0,0.0,0.25,0,0.0,0.0,0.0,1.75,-1.0,solvability-pair-0072248-try_again_m,0.25,2.0,0.0,2.0,0.0,try_again_m,8.0,0.0,0.2,2.0,0.2,-1.8,-1.8,0.0,0.0,0.0,0.0,0.0,0.4073334000459302,0.5926665999540697,solvability-pair-0072248,-0.375,0.0,0.0,0.0,0.0,-1.75,0,0.0,GIVE_UP,train,solvability-pair-0072248-try_again_m:0,0.0,solvability,0.0,0.0,1.0,-1.75
0.0,0.0,0.0,0.0,0.0,0.0,0.25,0,0.0,0.0,0.0,1.75,-1.0,solvability-pair-0072248-try_again_n,0.25,2.0,0.0,2.0,0.0,try_again_n,8.0,0.0,0.2,2.0,0.2,-1.8,-1.8,0.0,0.0,0.0,0.0,0.0,0.20181322226037882,0.7981867777396212,solvability-pair-0072248,-1.375,0.0,0.0,0.0,0.0,-1.75,0,0.0,GIVE_UP,train,solvability-pair-0072248-try_again_n:0,0.0,solvability,0.0,0.0,1.0,-1.75
0.0,0.0,0.0,0.0,1.0,0.0,0.25,0,1.0,0.0,0.0,0.75,-1.0,solvability-pair-0072249-try_again_m,-0.75,0.0,0.0,0.0,0.0,try_again_m,8.0,0.0,-0.8,0.0,0.2,-0.8,-0.8,0.0,0.0,0.0,0.0,0.0,0.37754066879814546,0.6224593312018546,solvability-pair-0072249,-0.5,0.0,0.0,0.0,0.0,-0.75,0,0.0,GIVE_UP,train,solvability-pair-0072249-try_again_m:0,0.0,solvability,0.0,0.0,1.0,-0.75
0.0,0.0,0.0,0.0,1.0,0.0,0.25,0,1.0,0.0,0.0,0.75,-1.0,solvability-pair-0072249-try_again_n,-0.75,0.0,0.0,0.0,0.0,try_again_n,8.0,0.0,-0.8,0.0,0.2,-0.8,-0.8,0.0,0.0,0.0,0.0,0.0,0.22270013882530884,0.7772998611746911,solvability-pair-0072249,-1.25,0.0,0.0,0.0,0.0,-0.75,0,0.0,GIVE_UP,train,solvability-pair-0072249-try_again_n:0,0.0,solvability,0.0,0.0,1.0,-0.75
0.0,0.0,0.0,0.0,0.0,0.0,0.75,1,0.0,0.0,0.0,-0.75,1.0,solvability-pair-0072250-try_again_m,0.75,0.0,0.0,0.0,0.0,try_again_m,8.0,0.0,0.8,0.0,0.8,0.8,0.8,-1.0,0.0,0.0,0.0,0.0,0.9840936082881853,0.01590639171181471,solvability-pair-0072250,4.125,0.0,0.0,0.0,0.0,0.75,0,0.0,TRY_AGAIN,train,solvability-pair-0072250-try_again_m:0,0.0,solvability,0.0,0.0,1.0,0.75
1.0,0.0,0.0,0.0,0.0,1.0,0.5,0,0.0,0.0,-1.0,-0.5,1.0,solvability-pair-0072250-try_again_m,0.5,0.0,1.0,0.0,0.6931471805599453,try_again_m,8.0,0.125,0.8,0.0,0.8,0.8,0.8,0.0,-1.0,0.0,0.0,0.0,0.10669059394565118,0.8933094060543487,solvability-pair-0072250,-2.125,1.0,-1.0,0.0,0.0,0.5,1,0.0,GIVE_UP,train,solvability-pair-0072250-try_again_m:1,0.0,solvability,0.0,0.0,1.0,0.5
0.0,0.0,0.0,0.0,0.0,0.0,0.75,1,0.0,0.0,0.0,-0.75,1.0,solvability-pair-0072250-try_again_n,0.75,0.0,0.0,0.0,0.0,try_again_n,8.0,0.0,0.8,0.0,0.8,0.8,0.8,-1.0,0.0,0.0,0.0,0.0,0.8175744761936437,0.18242552380635632,solvability-pair-0072250,1.5,0.0,0.0,0.0,0.0,0.75,0,0.0,TRY_AGAIN,train,solvability-pair-0072250-try_again_n:0,0.0,solvability,0.0,0.0,1.0,0.75
1.0,0.0,0.0,0.0,0.0,1.0,0.5,0,0.0,0.0,-1.0,-0.5,1.0,solvability-pair-0072250-try_again_n,0.5,0.0,1.0,0.0,0.6931471805599453,try_again_n,8.0,0.125,0.8,0.0,0.8,0.8,0.8,0.0,-1.0,0.0,0.0,0.0,0.13296424019782924,0.8670357598021706,solvability-pair-0072250,-1.875,1.0,-1.0,0.0,0.0,0.5,1,0.0,GIVE_UP,train,solvability-pair-0072250-try_again_n:1,0.0,solvability,0.0,0.0,1.0,0.5
0.0,0.0,0.0,0.0,1.0,0.0,0.75,1,1.0,0.0,0.0,2.25,1.0,solvability-pair-0072251-try_again_m,-0.25,2.0,0.0,2.0,0.0,try_again_m,8.0,0.0,-0.19999999999999996,2.0,0.8,-2.2,-2.2,1.0,0.0,0.0,0.0,0.0,0.9399133498259924,0.06008665017400762,solvability-pair-0072251,2.75,0.0,0.0,0.0,0.0,-2.25,0,0.0,TRY_AGAIN,test,solvability-pair-0072251-try_again_m:0,0.0,solvability,0.0,0.0,1.0,-2.25
1.0,0.0,0.0,0.0,1.0,1.0,0.8333333333333334,1,1.0,1.0,1.0,2.1666666666666665,1.0,solvability-pair-0072251-try_again_m,-0.16666666666666663,2.0,0.0,2.0,0.6931471805599453,try_again_m,8.0,0.125,-0.19999999999999996,2.0,0.8,-2.2,-2.2,-1.0,1.0,0.0,0.0,0.0,0.9993736658418905,0.0006263341581094201,solvability-pair-0072251,7.375,1.0,1.0,1.0,1.0,-2.1666666666666665,1,0.0,TRY_AGAIN,test,solvability-pair-0072251-try_again_m:1,1.0,solvability,0.0,0.0,1.0,-2.1666666666666665
1.0,1.0,0.0,0.0,1.0,2.0,0.625,1,1.0,2.0,0.0,2.375,1.0,solvability-pair-0072251-try_again_m,-0.375,2.0,1.0,2.0,1.0986122886681098,try_again_m,8.0,0.25,-0.19999999999999996,2.0,0.8,-2.2,-2.2,-1.0,-1.0,1.0,0.0,0.0,0.6513548646660542,0.34864513533394575,solvability-pair-0072251,0.625,1.0,-1.0,1.0,1.0,-2.375,2,1.0,TRY_AGAIN,test,solvability-pair-0072251-try_again_m:2,0.0,solvability,0.0,0.0,1.0,-2.375
1.0,1.0,1.0,0.0,1.0,3.0,0.5,1,1.0,3.0,-1.0,2.5,1.0,solvability-pair-0072251-try_again_m,-0.5,2.0,2.0,2.0,1.3862943611198906,try_again_m,8.0,0.375,-0.19999999999999996,2.0,0.8,-2.2,-2.2,1.0,-1.0,-1.0,1.0,0.0,0.4378234991142019,0.5621765008857981,solvability-pair-0072251,-0.25,1.0,-1.0,1.0,1.0,-2.5,3,1.0,TRY_AGAIN,test,solvability-pair-0072251-try_again_m:3,0.0,solvability,0.0,0.0,1.0,-2.5
1.0,1.0,1.0,0.0,1.0,4.0,0.5833333333333334,1,1.0,4.0,0.0,2.4166666666666665,1.0,solvability-pair-0072251-try_again_m,-0.41666666666666663,2.0,0.0,2.0,1.6094379124341003,try_again_m,8.0,0.5,-0.19999999999999996,2.0,0.8,-2.2,-2.2,1.0,1.0,-1.0,-1.0,0.0,0.8670357598021706,0.13296424019782924,solvability-pair-0072251,1.875,1.0,1.0,2.0,2.0,-2.4166666666666665,4,1.0,TRY_AGAIN,test,solvability-pair-0072251-try_again_m:4,1.0,solvability,0.0,0.0,1.0,-2.4166666666666665
1.0,1.0,1.0,1.0,1.0,5.0,0.6428571428571429,1,1.0,5.0,1.0,2.357142857142857,1.0,solvability-pair-0072251-try_again_m,-0.3571428571428571,2.0,0.0,2.0,1.791759469228055,try_again_m,8.0,0.625,-0.19999999999999996,2.0,0.8,-2.2,-2.2,1.0,1.0,1.0,-1.0,1.0,0.5926665999540697,0.4073334000459302,solvability-pair-0072251,0.375,1.0,1.0,3.0,3.0,-2.357142857142857,5,1.0,TRY_AGAIN,test,solvability-pair-0072251-try_again_m:5,2.0,solvability,0.0,0.0,1.0,-2.357142857142857
1.0,1.0,1.0,1.0,1.0,6.0,0.6875,0,1.0,6.0,2.0,2.3125,1.0,solvability-pair-0072251-try_again_m,-0.3125,2.0,0.0,2.0,1.9459101490553132,try_again_m,8.0,0.75,-0.19999999999999996,2.0,0.8,-2.2,-2.2,0.0,1.0,1.0,1.0,-1.0,0.679178699175393,0.32082130082460697,solvability-pair-0072251,0.75,1.0,1.0,4.0,4.0,-2.3125,6,1.0,GIVE_UP,test,solvability-pair-0072251-try_again_m:6,3.0,solvability,0.0,0.0,1.0,-2.3125
0.0,0.0,0.0,0.0,1.0,0.0,0.75,1,1.0,0.0,0.0,2.25,1.0,solvability-pair-0072251-try_again_n,-0.25,2.0,0.0,2.0,0.0,try_again_n,8.0,0.0,-0.19999999999999996,2.0,0.8,-2.2,-2.2,1.0,0.0,0.0,0.0,0.0,0.679178699175393,0.32082130082460697,solvability-pair-0072251,0.75,0.0,0.0,0.0,0.0,-2.25,0,0.0,TRY_AGAIN,test,solvability-pair-0072251-try_again_n:0,0.0,solvability,0.0,0.0,1.0,-2.25
1.0,0.0,0.0,0.0,1.0,1.0,0.8333333333333334,1,1.0,1.0,1.0,2.1666666666666665,1.0,solvability-pair-0072251-try_again_n,-0.16666666666666663,2.0,0.0,2.0,0.6931471805599453,try_again_n,8.0,0.125,-0.19999999999999996,2.0,0.8,-2.2,-2.2,-1.0,1.0,0.0,0.0,0.0,0.9995694429186754,0.00043055708132461493,solvability-pair-0072251,7.75,1.0,1.0,1.0,1.0,-2.1666666666666665,1,0.0,TRY_AGAIN,test,solvability-pair-0072251-try_again_n:1,1.0,solvability,0.0,0.0,1.0,-2.1666666666666665
1.0,1.0,0.0,0.0,1.0,2.0,0.625,1,1.0,2.0,0.0,2.375,1.0,solvability-pair-0072251-try_again_n,-0.375,2.0,1.0,2.0,1.0986122886681098,try_again_n,8.0,0.25,-0.19999999999999996,2.0,0.8,-2.2,-2.2,-1.0,-1.0,1.0,0.0,0.0,0.7310585786300049,0.2689414213699951,solvability-pair-0072251,1.0,1.0,-1.0,1.0,1.0,-2.375,2,1.0,TRY_AGAIN,test,solvability-pair-0072251-try_again_n:2,0.0,solvability,0.0,0.0,1.0,-2.375
1.0,1.0,1.0,0.0,1.0,3.0,0.5,1,1.0,3.0,-1.0,2.5,1.0,solvability-pair-0072251-try_again_n,-0.5,2.0,2.0,2.0,1.3862943611198906,try_again_n,8.0,0.375,-0.19999999999999996,2.0,0.8,-2.2,-2.2,1.0,-1.0,-1.0,1.0,0.0,0.5312093733737563,0.46879062662624377,solvability-pair-0072251,0.125,1.0,-1.0,1.0,1.0,-2.5,3,1.0,TRY_AGAIN,test,solvability-pair-0072251-try_again_n:3,0.0,solvability,0.0,0.0,1.0,-2.5
1.0,1.0,1.0,0.0,1.0,4.0,0.5833333333333334,1,1.0,4.0,0.0,2.4166666666666665,1.0,solvability-pair-0072251-try_again_n,-0.41666666666666663,2.0,0.0,2.0,1.6094379124341003,try_again_n,8.0,0.5,-0.19999999999999996,2.0,0.8,-2.2,-2.2,1.0,1.0,-1.0,-1.0,0.0,0.9465966702001757,0.053403329799824234,solvability-pair-0072251,2.875,1.0,1.0,2.0,2.0,-2.4166666666666665,4,1.0,TRY_AGAIN,test,solvability-pair-0072251-try_again_n:4,1.0,solvability,0.0,0.0,1.0,-2.4166666666666665
1.0,1.0,1.0,1.0,1.0,5.0,0.6428571428571429,1,1.0,5.0,1.0,2.357142857142857,1.0,solvability-pair-0072251-try_again_n,-0.3571428571428571,2.0,0.0,2.0,1.791759469228055,try_again_n,8.0,0.625,-0.19999999999999996,2.0,0.8,-2.2,-2.2,1.0,1.0,1.0,-1.0,1.0,0.6224593312018546,0.37754066879814546,solvability-pair-0072251,0.5,1.0,1.0,3.0,3.0,-2.357142857142857,5,1.0,TRY_AGAIN,test,solvability-pair-0072251-try_again_n:5,2.0,solvability,0.0,0.0,1.0,-2.357142857142857
1.0,1.0,1.0,1.0,1.0,6.0,0.6875,0,1.0,6.0,2.0,2.3125,1.0,solvability-pair-0072251-try_again_n,-0.3125,2.0,0.0,2.0,1.9459101490553132,try_again_n,8.0,0.75,-0.19999999999999996,2.0,0.8,-2.2,-2.2,0.0,1.0,1.0,1.0,-1.0,0.6224593312018546,0.37754066879814546,solvability-pair-0072251,0.5,1.0,1.0,4.0,4.0,-2.3125,6,1.0,GIVE_UP,test,solvability-pair-0072251-try_again_n:6,3.0,solvability,0.0,0.0,1.0,-2.3125
0.0,0.0,0.0,0.0,0.0,0.0,0.75,1,0.0,0.0,0.0,1.25,1.0,solvability-pair-0072252-try_again_m,0.75,2.0,0.0,2.0,0.0,try_again_m,8.0,0.0,0.8,2.0,0.8,-1.2,-1.2,1.0,0.0,0.0,0.0,0.0,0.9770226300899744,0.02297736991002561,solvability-pair-0072252,3.75,0.0,0.0,0.0,0.0,-1.25,0,0.0,TRY_AGAIN,train,solvability-pair-0072252-try_again_m:0,0.0,solvability,0.0,0.0,1.0,-1.25
1.0,0.0,0.0,0.0,0.0,1.0,0.8333333333333334,1,0.0,0.0,1.0,1.1666666666666665,1.0,solvability-pair-0072252-try_again_m,0.8333333333333334,2.0,0.0,2.0,0.6931471805599453,try_again_m,8.0,0.125,0.8,2.0,0.8,-1.2,-1.2,1.0,1.0,0.0,0.0,0.0,0.9996646498695336,0.00033535013046647816,solvability-pair-0072252,8.0,1.0,1.0,1.0,1.0,-1.1666666666666665,1,0.0,TRY_AGAIN,train,solvability-pair-0072252-try_again_m:1,1.0,solvability,0.0,0.0,1.0,-1.1666666666666665
1.0,1.0,0.0,0.0,0.0,2.0,0.875,1,0.0,0.0,2.0,1.125,1.0,solvability-pair-0072252-try_again_m,0.875,2.0,0.0,2.0,1.0986122886681098,try_again_m,8.0,0.25,0.8,2.0,0.8,-1.2,-1.2,1.0,1.0,1.0,0.0,0.0,0.9924227587321393,0.007577241267860811,solvability-pair-0072252,4.875,1.0,1.0,2.0,2.0,-1.125,2,1.0,TRY_AGAIN,train,solvability-pair-0072252-try_again_m:2,2.0,solvability,0.0,0.0,1.0,-1.125
1.0,1.0,1.0,0.0,0.0,3.0,0.9,1,0.0,0.0,3.0,1.1,1.0,solvability-pair-0072252-try_again_m,0.9,2.0,0.0,2.0,1.3862943611198906,try_again_m,8.0,0.375,0.8,2.0,0.8,-1.2,-1.2,1.0,1.0,1.0,1.0,0.0,0.9859363729567544,0.014063627043245474,solvability-pair-0072252,4.25,1.0,1.0,3.0,3.0,-1.1,3,1.0,TRY_AGAIN,train,solvability-pair-0072252-try_again_m:3,3.0,solvability,0.0,0.0,1.0,-1.1
1.0,1.0,1.0,0.0,0.0,4.0,0.9166666666666666,1,0.0,0.0,4.0,1.0833333333333335,1.0,solvability-pair-0072252-try_again_m,0.9166666666666666,2.0,0.0,2.0,1.6094379124341003,try_again_m,8.0,0.5,0.8,2.0,0.8,-1.2,-1.2,1.0,1.0,1.0,1.0,0.0,0.9579122720843811,0.04208772791561884,solvability-pair-0072252,3.125,1.0,1.0,4.0,4.0,-1.0833333333333335,4,1.0,TRY_AGAIN,train,solvability-pair-0072252-try_again_m:4,4.0,solvability,0.0,0.0,1.0,-1.0833333333333335
1.0,1.0,1.0,1.0,0.0,5.0,0.9285714285714286,1,0.0,0.0,5.0,1.0714285714285714,1.0,solvability-pair-0072252-try_again_m,0.9285714285714286,2.0,0.0,2.0,1.791759469228055,try_again_m,8.0,0.625,0.8,2.0,0.8,-1.2,-1.2,1.0,1.0,1.0,1.0,1.0,0.8933094060543487,0.10669059394565118,solvability-pair-0072252,2.125,1.0,1.0,5.0,5.0,-1.0714285714285714,5,1.0,TRY_AGAIN,train,solvability-pair-0072252-try_again_m:5,5.0,solvability,0.0,0.0,1.0,-1.0714285714285714
1.0,1.0,1.0,1.0,0.0,6.0,0.9375,1,0.0,0.0,6.0,1.0625,1.0,solvability-pair-0072252-try_again_m,0.9375,2.0,0.0,2.0,1.9459101490553132,try_again_m,8.0,0.75,0.8,2.0,0.8,-1.2,-1.2,-1.0,1.0,1.0,1.0,1.0,0.8175744761936437,0.18242552380635632,solvability-pair-0072252,1.5,1.0,1.0,6.0,6.0,-1.0625,6,1.0,TRY_AGAIN,train,solvability-pair-0072252-try_again_m:6,6.0,solvability,0.0,0.0,1.0,-1.0625
1.0,1.0,1.0,1.0,0.0,7.0,0.8333333333333334,0,0.0,0.0,5.0,1.1666666666666665,1.0,solvability-pair-0072252-try_again_m,0.8333333333333334,2.0,1.0,2.0,2.0794415416798357,try_again_m,8.0,0.875,0.8,2.0,0.8,-1.2,-1.2,0.0,-1.0,1.0,1.0,1.0,0.07585818002124356,0.9241418199787566,solvability-pair-0072252,-2.5,1.0,-1.0,6.0,6.0,-1.1666666666666665,7,1.0,GIVE_UP,train,solvability-pair-0072252-try_again_m:7,0.0,solvability,0.0,0.0,1.0,-1.1666666666666665
0.0,0.0,0.0,0.0,0.0,0.0,0.75,1,0.0,0.0,0.0,1.25,1.0,solvability-pair-0072252-try_again_n,0.75,2.0,0.0,2.0,0.0,try_again_n,8.0,0.0,0.8,2.0,0.8,-1.2,-1.2,1.0,0.0,0.0,0.0,0.0,0.7772998611746911,0.22270013882530884,solvability-pair-0072252,1.25,0.0,0.0,0.0,0.0,-1.25,0,0.0,TRY_AGAIN,train,solvability-pair-0072252-try_again_n:0,0.0,solvability,0.0,0.0,1.0,-1.25
1.0,0.0,0.0,0.0,0.0,1.0,0.8333333333333334,1,0.0,0.0,1.0,1.1666666666666665,1.0,solvability-pair-0072252-try_again_n,0.8333333333333334,2.0,0.0,2.0,0.6931471805599453,try_again_n,8.0,0.125,0.8,2.0,0.8,-1.2,-1.2,1.0,1.0,0.0,0.0,0.0,0.9997694932780068,0.0002305067219931397,solvability-pair-0072252,8.375,1.0,1.0,1.0,1.0,-1.1666666666666665,1,0.0,TRY_AGAIN,train,solvability-pair-0072252-try_again_n:1,1.0,solvability,0.0,0.0,1.0,-1.1666666666666665
1.0,1.0,0.0,0.0,0.0,2.0,0.875,1,0.0,0.0,2.0,1.125,1.0,solvability-pair-0072252-try_again_n,0.875,2.0,0.0,2.0,1.0986122886681098,try_again_n,8.0,0.25,0.8,2.0,0.8,-1.2,-1.2,1.0,1.0,1.0,0.0,0.0,0.9953904278206259,0.004609572179374208,solvability-pair-0072252,5.375,1.0,1.0,2.0,2.0,-1.125,2,1.0,TRY_AGAIN,train,solvability-pair-0072252-try_again_n:2,2.0,solvability,0.0,0.0,1.0,-1.125
1.0,1.0,1.0,0.0,0.0,3.0,0.9,1,0.0,0.0,3.0,1.1,1.0,solvability-pair-0072252-try_again_n,0.9,2.0,0.0,2.0,1.3862943611198906,try_again_n,8.0,0.375,0.8,2.0,0.8,-1.2,-1.2,1.0,1.0,1.0,1.0,0.0,0.9875683491468141,0.012431650853185818,solvability-pair-0072252,4.375,1.0,1.0,3.0,3.0,-1.1,3,1.0,TRY_AGAIN,train,solvability-pair-0072252-try_again_n:3,3.0,solvability,0.0,0.0,1.0,-1.1
1.0,1.0,1.0,0.0,0.0,4.0,0.9166666666666666,1,0.0,0.0,4.0,1.0833333333333335,1.0,solvability-pair-0072252-try_again_n,0.9166666666666666,2.0,0.0,2.0,1.6094379124341003,try_again_n,8.0,0.5,0.8,2.0,0.8,-1.2,-1.2,1.0,1.0,1.0,1.0,0.0,0.9626731126558706,0.037326887344129464,solvability-pair-0072252,3.25,1.0,1.0,4.0,4.0,-1.0833333333333335,4,1.0,TRY_AGAIN,train,solvability-pair-0072252-try_again_n:4,4.0,solvability,0.0,0.0,1.0,-1.0833333333333335
1.0,1.0,1.0,1.0,0.0,5.0,0.9285714285714286,1,0.0,0.0,5.0,1.0714285714285714,1.0,solvability-pair-0072252-try_again_n,0.9285714285714286,2.0,0.0,2.0,1.791759469228055,try_again_n,8.0,0.625,0.8,2.0,0.8,-1.2,-1.2,1.0,1.0,1.0,1.0,1.0,0.9046505351008906,0.0953494648991095,solvability-pair-0072252,2.25,1.0,1.0,5.0,5.0,-1.0714285714285714,5,1.0,TRY_AGAIN,train,solvability-pair-0072252-try_again_n:5,5.0,solvability,0.0,0.0,1.0,-1.0714285714285714
1.0,1.0,1.0,1.0,0.0,6.0,0.9375,1,0.0,0.0,6.0,1.0625,1.0,solvability-pair-0072252-try_again_n,0.9375,2.0,0.0,2.0,1.9459101490553132,try_again_n,8.0,0.75,0.8,2.0,0.8,-1.2,-1.2,-1.0,1.0,1.0,1.0,1.0,0.8519528019683106,0.1480471980316895,solvability-pair-0072252,1.75,1.0,1.0,6.0,6.0,-1.0625,6,1.0,TRY_AGAIN,train,solvability-pair-0072252-try_again_n:6,6.0,solvability,0.0,0.0,1.0,-1.0625
1.0,1.0,1.0,1.0,0.0,7.0,0.8333333333333334,0,0.0,0.0,5.0,1.1666666666666665,1.0,solvability-pair-0072252-try_again_n,0.8333333333333334,2.0,1.0,2.0,2.0794415416798357,try_again_n,8.0,0.875,0.8,2.0,0.8,-1.2,-1.2,0.0,-1.0,1.0,1.0,1.0,0.0675466911396291,0.9324533088603709,solvability-pair-0072252,-2.625,1.0,-1.0,6.0,6.0,-1.1666666666666665,7,1.0,GIVE_UP,train,solvability-pair-0072252-try_again_n:7,0.0,solvability,0.0,0.0,1.0,-1.1666666666666665
0.0,0.0,0.0,0.0,1.0,0.0,0.5,0,1.0,0.0,0.0,2.5,0.0,solvability-pair-0072253-try_again_m,-0.5,2.0,0.0,2.0,0.0,try_again_m,8.0,0.0,-0.5,2.0,0.5,-2.5,-2.5,0.0,0.0,0.0,0.0,0.0,0.46879062662624377,0.5312093733737563,solvability-pair-0072253,-0.125,0.0,0.0,0.0,0.0,-2.5,0,0.0,GIVE_UP,train,solvability-pair-0072253-try_again_m:0,0.0,solvability,0.0,0.0,1.0,-2.5
0.0,0.0,0.0,0.0,1.0,0.0,0.5,0,1.0,0.0,0.0,2.5,0.0,solvability-pair-0072253-try_again_n,-0.5,2.0,0.0,2.0,0.0,try_again_n,8.0,0.0,-0.5,2.0,0.5,-2.5,-2.5,0.0,0.0,0.0,0.0,0.0,0.22270013882530884,0.7772998611746911,solvability-pair-0072253,-1.25,0.0,0.0,0.0,0.0,-2.5,0,0.0,GIVE_UP,train,solvability-pair-0072253-try_again_n:0,0.0,solvability,0.0,0.0,1.0,-2.5
0.0,0.0,0.0,0.0,1.0,0.0,0.5,1,1.0,0.0,0.0,0.5,0.0,solvability-pair-0072254-try_again_m,-0.5,0.0,0.0,0.0,0.0,try_again_m,8.0,0.0,-0.5,0.0,0.5,-0.5,-0.5,1.0,0.0,0.0,0.0,0.0,0.5621765008857981,0.4378234991142019,solvability-pair-0072254,0.25,0.0,0.0,0.0,0.0,-0.5,0,0.0,TRY_AGAIN,test,solvability-pair-0072254-try_again_m:0,0.0,solvability,0.0,0.0,1.0,-0.5
1.0,0.0,0.0,0.0,1.0,1.0,0.6666666666666666,1,1.0,1.0,1.0,0.33333333333333337,0.0,solvability-pair-0072254-try_again_m,-0.33333333333333337,0.0,0.0,0.0,0.6931471805599453,try_again_m,8.0,0.125,-0.5,0.0,0.5,-0.5,-0.5,-1.0,1.0,0.0,0.0,0.0,0.9978172835546547,0.0021827164453451808,solvability-pair-0072254,6.125,1.0,1.0,1.0,1.0,-0.33333333333333337,1,0.0,TRY_AGAIN,test,solvability-pair-0072254-try_again_m:1,1.0,solvability,0.0,0.0,1.0,-0.33333333333333337
1.0,1.0,0.0,0.0,1.0,2.0,0.5,0,1.0,2.0,0.0,0.5,0.0,solvability-pair-0072254-try_again_m,-0.5,0.0,1.0,0.0,1.0986122886681098,try_again_m,8.0,0.25,-0.5,0.0,0.5,-0.5,-0.5,0.0,-1.0,1.0,0.0,0.0,0.5621765008857981,0.4378234991142019,solvability-pair-0072254,0.25,1.0,-1.0,1.0,1.0,-0.5,2,1.0,GIVE_UP,test,solvability-pair-0072254-try_again_m:2,0.0,solvability,0.0,0.0,1.0,-0.5
0.0,0.0,0.0,0.0,1.0,0.0,0.5,0,1.0,0.0,0.0,0.5,0.0,solvability-pair-0072254-try_again_n,-0.5,0.0,0.0,0.0,0.0,try_again_n,8.0,0.0,-0.5,0.0,0.5,-0.5,-0.5,0.0,0.0,0.0,0.0,0.0,0.2689414213699951,0.7310585786300049,solvability-pair-0072254,-1.0,0.0,0.0,0.0,0.0,-0.5,0,0.0,GIVE_UP,test,solvability-pair-0072254-try_again_n:0,0.0,solvability,0.0,0.0,1.0,-0.5
0.0,0.0,0.0,0.0,1.0,0.0,0.25,0,1.0,0.0,0.0,2.75,-1.0,solvability-pair-0072255-try_again_m,-0.75,2.0,0.0,2.0,0.0,try_again_m,8.0,0.0,-0.8,2.0,0.2,-2.8,-2.8,0.0,0.0,0.0,0.0,0.0,0.32082130082460697,0.679178699175393,solvability-pair-0072255,-0.75,0.0,0.0,0.0,0.0,-2.75,0,0.0,GIVE_UP,test,solvability-pair-0072255-try_again_m:0,0.0,solvability,0.0,0.0,1.0,-2.75
0.0,0.0,0.0,0.0,1.0,0.0,0.25,0,1.0,0.0,0.0,2.75,-1.0,solvability-pair-0072255-try_again_n,-0.75,2.0,0.0,2.0,0.0,try_again_n,8.0,0.0,-0.8,2.0,0.2,-2.8,-2.8,0.0,0.0,0.0,0.0,0.0,0.18242552380635632,0.8175744761936437,solvability-pair-0072255,-1.5,0.0,0.0,0.0,0.0,-2.75,0,0.0,GIVE_UP,test,solvability-pair-0072255-try_again_n:0,0.0,solvability,0.0,0.0,1.0,-2.75
0.0,0.0,0.0,0.0,1.0,0.0,0.75,1,1.0,0.0,0.0,0.25,1.0,solvability-pair-0072256-try_again_m,-0.25,0.0,0.0,0.0,0.0,try_again_m,8.0,0.0,-0.19999999999999996,0.0,0.8,-0.19999999999999996,-0.19999999999999996,1.0,0.0,0.0,0.0,0.0,0.9626731126558706,0.037326887344129464,solvability-pair-0072256,3.25,0.0,0.0,0.0,0.0,-0.25,0,0.0,TRY_AGAIN,train,solvability-pair-0072256-try_again_m:0,0.0,solvability,0.0,0.0,1.0,-0.25
1.0,0.0,0.0,0.0,1.0,1.0,0.8333333333333334,1,1.0,1.0,1.0,0.16666666666666663,1.0,solvability-pair-0072256-try_again_m,-0.16666666666666663,0.0,0.0,0.0,0.6931471805599453,try_again_m,8.0,0.125,-0.19999999999999996,0.0,0.8,-0.19999999999999996,-0.19999999999999996,1.0,1.0,0.0,0.0,0.0,0.9995694429186754,0.00043055708132461493,solvability-pair-0072256,7.75,1.0,1.0,1.0,1.0,-0.16666666666666663,1,0.0,TRY_AGAIN,train,solvability-pair-0072256-try_again_m:1,1.0,solvability,0.0,0.0,1.0,-0.16666666666666663
1.0,1.0,0.0,0.0,1.0,2.0,0.875,1,1.0,2.0,2.0,0.125,1.0,solvability-pair-0072256-try_again_m,-0.125,0.0,0.0,0.0,1.0986122886681098,try_again_m,8.0,0.25,-0.19999999999999996,0.0,0.8,-0.19999999999999996,-0.19999999999999996,1.0,1.0,1.0,0.0,0.0,0.991422514586288,0.008577485413711986,solvability-pair-0072256,4.75,1.0,1.0,2.0,2.0,-0.125,2,1.0,TRY_AGAIN,train,solvability-pair-0072256-try_again_m:2,2.0,solvability,0.0,0.0,1.0,-0.125
1.0,1.0,1.0,0.0,1.0,3.0,0.9,1,1.0,3.0,3.0,0.09999999999999998,1.0,solvability-pair-0072256-try_again_m,-0.09999999999999998,0.0,0.0,0.0,1.3862943611198906,try_again_m,8.0,0.375,-0.19999999999999996,0.0,0.8,-0.19999999999999996,-0.19999999999999996,-1.0,1.0,1.0,1.0,0.0,0.9770226300899744,0.02297736991002561,solvability-pair-0072256,3.75,1.0,1.0,3.0,3.0,-0.09999999999999998,3,1.0,TRY_AGAIN,train,solvability-pair-0072256-try_again_m:3,3.0,solvability,0.0,0.0,1.0,-0.09999999999999998
1.0,1.0,1.0,0.0,1.0,4.0,0.75,0,1.0,4.0,2.0,0.25,1.0,solvability-pair-0072256-try_again_m,-0.25,0.0,1.0,0.0,1.6094379124341003,try_again_m,8.0,0.5,-0.19999999999999996,0.0,0.8,-0.19999999999999996,-0.19999999999999996,0.0,-1.0,1.0,1.0,0.0,0.32082130082460697,0.679178699175393,solvability-pair-0072256,-0.75,1.0,-1.0,3.0,3.0,-0.25,4,1.0,GIVE_UP,train,solvability-pair-0072256-try_again_m:4,0.0,solvability,0.0,0.0,1.0,-0.25
0.0,0.0,0.0,0.0,1.0,0.0,0.75,1,1.0,0.0,0.0,0.25,1.0,solvability-pair-0072256-try_again_n,-0.25,0.0,0.0,0.0,0.0,try_again_n,8.0,0.0,-0.19999999999999996,0.0,0.8,-0.19999999999999996,-0.19999999999999996,1.0,0.0,0.0,0.0,0.0,0.7549149868676283,0.24508501313237172,solvability-pair-0072256,1.125,0.0,0.0,0.0,0.0,-0.25,0,0.0,TRY_AGAIN,train,solvability-pair-0072256-try_again_n:0,0.0,solvability,0.0,0.0,1.0,-0.25
1.0,0.0,0.0,0.0,1.0,1.0,0.8333333333333334,1,1.0,1.0,1.0,0.16666666666666663,1.0,solvability-pair-0072256-try_again_n,-0.16666666666666663,0.0,0.0,0.0,0.6931471805599453,try_again_n,8.0,0.125,-0.19999999999999996,0.0,0.8,-0.19999999999999996,-0.19999999999999996,1.0,1.0,0.0,0.0,0.0,0.9998204720306533,0.0001795279693467774,solvability-pair-0072256,8.625,1.0,1.0,1.0,1.0,-0.16666666666666663,1,0.0,TRY_AGAIN,train,solvability-pair-0072256-try_again_n:1,1.0,solvability,0.0,0.0,1.0,-0.16666666666666663
1.0,1.0,0.0,0.0,1.0,2.0,0.875,1,1.0,2.0,2.0,0.125,1.0,solvability-pair-0072256-try_again_n,-0.125,0.0,0.0,0.0,1.0986122886681098,try_again_n,8.0,0.25,-0.19999999999999996,0.0,0.8,-0.19999999999999996,-0.19999999999999996,1.0,1.0,1.0,0.0,0.0,0.9975273768433653,0.0024726231566347748,solvability-pair-0072256,6.0,1.0,1.0,2.0,2.0,-0.125,2,1.0,TRY_AGAIN,train,solvability-pair-0072256-try_again_n:2,2.0,solvability,0.0,0.0,1.0,-0.125
1.0,1.0,1.0,0.0,1.0,3.0,0.9,1,1.0,3.0,3.0,0.09999999999999998,1.0,solvability-pair-0072256-try_again_n,-0.09999999999999998,0.0,0.0,0.0,1.3862943611198906,try_again_n,8.0,0.375,-0.19999999999999996,0.0,0.8,-0.19999999999999996,-0.19999999999999996,-1.0,1.0,1.0,1.0,0.0,0.991422514586288,0.008577485413711986,solvability-pair-0072256,4.75,1.0,1.0,3.0,3.0,-0.09999999999999998,3,1.0,TRY_AGAIN,train,solvability-pair-0072256-try_again_n:3,3.0,solvability,0.0,0.0,1.0,-0.09999999999999998
1.0,1.0,1.0,0.0,1.0,4.0,0.75,0,1.0,4.0,2.0,0.25,1.0,solvability-pair-0072256-try_again_n,-0.25,0.0,1.0,0.0,1.6094379124341003,try_again_n,8.0,0.5,-0.19999999999999996,0.0,0.8,-0.19999999999999996,-0.19999999999999996,0.0,-1.0,1.0,1.0,0.0,0.2689414213699951,0.7310585786300049,solvability-pair-0072256,-1.0,1.0,-1.0,3.0,3.0,-0.25,4,1.0,GIVE_UP,train,solvability-pair-0072256-try_again_n:4,0.0,solvability,0.0,0.0,1.0,-0.25
0.0,0.0,0.0,0.0,0.0,0.0,0.5,1,0.0,0.0,0.0,1.5,0.0,solvability-pair-0072257-try_again_m,0.5,2.0,0.0,2.0,0.0,try_again_m,8.0,0.0,0.5,2.0,0.5,-1.5,-1.5,-1.0,0.0,0.0,0.0,0.0,0.6224593312018546,0.37754066879814546,solvability-pair-0072257,0.5,0.0,0.0,0.0,0.0,-1.5,0,0.0,TRY_AGAIN,test,solvability-pair-0072257-try_again_m:0,0.0,solvability,0.0,0.0,1.0,-1.5
1.0,0.0,0.0,0.0,0.0,1.0,0.3333333333333333,0,0.0,0.0,-1.0,1.6666666666666667,0.0,solvability-pair-0072257-try_again_m,0.3333333333333333,2.0,1.0,2.0,0.6931471805599453,try_again_m,8.0,0.125,0.5,2.0,0.5,-1.5,-1.5,0.0,-1.0,0.0,0.0,0.0,0.04208772791561884,0.9579122720843811,solvability-pair-0072257,-3.125,1.0,-1.0,0.0,0.0,-1.6666666666666667,1,0.0,GIVE_UP,test,solvability-pair-0072257-try_again_m:1,0.0,solvability,0.0,0.0,1.0,-1.6666666666666667
0.0,0.0,0.0,0.0,0.0,0.0,0.5,0,0.0,0.0,0.0,1.5,0.0,solvability-pair-0072257-try_again_n,0.5,2.0,0.0,2.0,0.0,try_again_n,8.0,0.0,0.5,2.0,0.5,-1.5,-1.5,0.0,0.0,0.0,0.0,0.0,0.2689414213699951,0.7310585786300049,solvability-pair-0072257,-1.0,0.0,0.0,0.0,0.0,-1.5,0,0.0,GIVE_UP,test,solvability-pair-0072257-try_again_n:0,0.0,solvability,0.0,0.0,1.0,-1.5
0.0,0.0,0.0,0.0,0.0,0.0,0.5,0,0.0,0.0,0.0,-0.5,0.0,solvability-pair-0072258-try_again_m,0.5,0.0,0.0,0.0,0.0,try_again_m,8.0,0.0,0.5,0.0,0.5,0.5,0.5,0.0,0.0,0.0,0.0,0.0,0.7549149868676283,0.24508501313237172,solvability-pair-0072258,1.125,0.0,0.0,0.0,0.0,0.5,0,0.0,GIVE_UP,train,solvability-pair-0072258-try_again_m:0,0.0,solvability,0.0,0.0,1.0,0.5
0.0,0.0,0.0,0.0,0.0,0.0,0.5,0,0.0,0.0,0.0,-0.5,0.0,solvability-pair-0072258-try_again_n,0.5,0.0,0.0,0.0,0.0,try_again_n,8.0,0.0,0.5,0.0,0.5,0.5,0.5,0.0,0.0,0.0,0.0,0.0,0.34864513533394575,0.6513548646660542,solvability-pair-0072258,-0.625,0.0,0.0,0.0,0.0,0.5,0,0.0,GIVE_UP,train,solvability-pair-0072258-try_again_n:0,0.0,solvability,0.0,0.0,1.0,0.5
0.0,0.0,0.0,0.0,0.0,0.0,0.25,0,0.0,0.0,0.0,-0.25,-1.0,solvability-pair-0072259-try_again_m,0.25,0.0,0.0,0.0,0.0,try_again_m,8.0,0.0,0.2,0.0,0.2,0.2,0.2,0.0,0.0,0.0,0.0,0.0,0.5,0.5,solvability-pair-0072259,0.0,0.0,0.0,0.0,0.0,0.25,0,0.0,GIVE_UP,train,solvability-pair-0072259-try_again_m:0,0.0,solvability,0.0,0.0,1.0,0.25
0.0,0.0,0.0,0.0,0.0,0.0,0.25,0,0.0,0.0,0.0,-0.25,-1.0,solvability-pair-0072259-try_again_n,0.25,0.0,0.0,0.0,0.0,try_again_n,8.0,0.0,0.2,0.0,0.2,0.2,0.2,0.0,0.0,0.0,0.0,0.0,0.22270013882530884,0.7772998611746911,solvability-pair-0072259,-1.25,0.0,0.0,0.0,0.0,0.25,0,0.0,GIVE_UP,train,solvability-pair-0072259-try_again_n:0,0.0,solvability,0.0,0.0,1.0,0.25
0.0,0.0,0.0,0.0,0.0,0.0,0.25,0,0.0,0.0,0.0,1.75,-1.0,solvability-pair-0072260-try_again_m,0.25,2.0,0.0,2.0,0.0,try_again_m,8.0,0.0,0.2,2.0,0.2,-1.8,-1.8,0.0,0.0,0.0,0.0,0.0,0.4073334000459302,0.5926665999540697,solvability-pair-0072260,-0.375,0.0,0.0,0.0,0.0,-1.75,0,0.0,GIVE_UP,train,solvability-pair-0072260-try_again_m:0,0.0,solvability,0.0,0.0,1.0,-1.75
0.0,0.0,0.0,0.0,0.0,0.0,0.25,0,0.0,0.0,0.0,1.75,-1.0,solvability-pair-0072260-try_again_n,0.25,2.0,0.0,2.0,0.0,try_again_n,8.0,0.0,0.2,2.0,0.2,-1.8,-1.8,0.0,0.0,0.0,0.0,0.0,0.20181322226037882,0.7981867777396212,solvability-pair-0072260,-1.375,0.0,0.0,0.0,0.0,-1.75,0,0.0,GIVE_UP,train,solvability-pair-0072260-try_again_n:0,0.0,solvability,0.0,0.0,1.0,-1.75
0.0,0.0,0.0,0.0,1.0,0.0,0.25,1,1.0,0.0,0.0,0.75,-1.0,solvability-pair-0072261-try_again_m,-0.75,0.0,0.0,0.0,0.0,try_again_m,8.0,0.0,-0.8,0.0,0.2,-0.8,-0.8,-1.0,0.0,0.0,0.0,0.0,0.37754066879814546,0.6224593312018546,solvability-pair-0072261,-0.5,0.0,0.0,0.0,0.0,-0.75,0,0.0,TRY_AGAIN,test,solvability-pair-0072261-try_again_m:0,0.0,solvability,0.0,0.0,1.0,-0.75
1.0,0.0,0.0,0.0,1.0,1.0,0.16666666666666666,0,1.0,1.0,-1.0,0.8333333333333334,-1.0,solvability-pair-0072261-try_again_m,-0.8333333333333334,0.0,1.0,0.0,0.6931471805599453,try_again_m,8.0,0.125,-0.8,0.0,0.2,-0.8,-0.8,0.0,-1.0,0.0,0.0,0.0,0.02595735719779685,0.9740426428022031,solvability-pair-0072261,-3.625,1.0,-1.0,0.0,0.0,-0.8333333333333334,1,0.0,GIVE_UP,test,solvability-pair-0072261-try_again_m:1,0.0,solvability,0.0,0.0,1.0,-0.8333333333333334
0.0,0.0,0.0,0.0,1.0,0.0,0.25,1,1.0,0.0,0.0,0.75,-1.0,solvability-pair-0072261-try_again_n,-0.75,0.0,0.0,0.0,0.0,try_again_n,8.0,0.0,-0.8,0.0,0.2,-0.8,-0.8,-1.0,0.0,0.0,0.0,0.0,0.22270013882530884,0.7772998611746911,solvability-pair-0072261,-1.25,0.0,0.0,0.0,0.0,-0.75,0,0.0,TRY_AGAIN,test,solvability-pair-0072261-try_again_n:0,0.0,solvability,0.0,0.0,1.0,-0.75
1.0,0.0,0.0,0.0,1.0,1.0,0.16666666666666666,0,1.0,1.0,-1.0,0.8333333333333334,-1.0,solvability-pair-0072261-try_again_n,-0.8333333333333334,0.0,1.0,0.0,0.6931471805599453,try_again_n,8.0,0.125,-0.8,0.0,0.2,-0.8,-0.8,0.0,-1.0,0.0,0.0,0.0,0.020332353342658753,0.9796676466573412,solvability-pair-0072261,-3.875,1.0,-1.0,0.0,0.0,-0.8333333333333334,1,0.0,GIVE_UP,test,solvability-pair-0072261-try_again_n:1,0.0,solvability,0.0,0.0,1.0,-0.8333333333333334
0.0,0.0,0.0,0.0,0.0,0.0,0.75,1,0.0,0.0,0.0,-0.75,1.0,solvability-pair-0072262-try_again_m,0.75,0.0,0.0,0.0,0.0,try_again_m,8.0,0.0,0.8,0.0,0.8,0.8,0.8,1.0,0.0,0.0,0.0,0.0,0.9840936082881853,0.01590639171181471,solvability-pair-0072262,4.125,0.0,0.0,0.0,0.0,0.75,0,0.0,TRY_AGAIN,train,solvability-pair-0072262-try_again_m:0,0.0,solvability,0.0,0.0,1.0,0.75
1.0,0.0,0.0,0.0,0.0,1.0,0.8333333333333334,1,0.0,0.0,1.0,-0.8333333333333334,1.0,solvability-pair-0072262-try_again_m,0.8333333333333334,0.0,0.0,0.0,0.6931471805599453,try_again_m,8.0,0.125,0.8,0.0,0.8,0.8,0.8,-1.0,1.0,0.0,0.0,0.0,0.9997965730219448,0.0002034269780552065,solvability-pair-0072262,8.5,1.0,1.0,1.0,1.0,0.8333333333333334,1,0.0,TRY_AGAIN,train,solvability-pair-0072262-try_again_m:1,1.0,solvability,0.0,0.0,1.0,0.8333333333333334
1.0,1.0,0.0,0.0,0.0,2.0,0.625,1,0.0,0.0,0.0,-0.625,1.0,solvability-pair-0072262-try_again_m,0.625,0.0,1.0,0.0,1.0986122886681098,try_again_m,8.0,0.25,0.8,0.0,0.8,0.8,0.8,1.0,-1.0,1.0,0.0,0.0,0.8354835371034369,0.1645164628965632,solvability-pair-0072262,1.625,1.0,-1.0,1.0,1.0,0.625,2,1.0,TRY_AGAIN,train,solvability-pair-0072262-try_again_m:2,0.0,solvability,0.0,0.0,1.0,0.625
1.0,1.0,1.0,0.0,0.0,3.0,0.7,1,0.0,0.0,1.0,-0.7,1.0,solvability-pair-0072262-try_again_m,0.7,0.0,0.0,0.0,1.3862943611198906,try_again_m,8.0,0.375,0.8,0.0,0.8,0.8,0.8,-1.0,1.0,-1.0,1.0,0.0,0.9859363729567544,0.014063627043245474,solvability-pair-0072262,4.25,1.0,1.0,2.0,2.0,0.7,3,1.0,TRY_AGAIN,train,solvability-pair-0072262-try_again_m:3,1.0,solvability,0.0,0.0,1.0,0.7
1.0,1.0,1.0,0.0,0.0,4.0,0.5833333333333334,1,0.0,0.0,0.0,-0.5833333333333334,1.0,solvability-pair-0072262-try_again_m,0.5833333333333334,0.0,1.0,0.0,1.6094379124341003,try_again_m,8.0,0.5,0.8,0.0,0.8,0.8,0.8,1.0,-1.0,1.0,-1.0,0.0,0.6513548646660542,0.34864513533394575,solvability-pair-0072262,0.625,1.0,-1.0,2.0,2.0,0.5833333333333334,4,1.0,TRY_AGAIN,train,solvability-pair-0072262-try_again_m:4,0.0,solvability,0.0,0.0,1.0,0.5833333333333334
1.0,1.0,1.0,1.0,0.0,5.0,0.6428571428571429,0,0.0,0.0,1.0,-0.6428571428571429,1.0,solvability-pair-0072262-try_again_m,0.6428571428571429,0.0,0.0,0.0,1.791759469228055,try_again_m,8.0,0.625,0.8,0.0,0.8,0.8,0.8,0.0,1.0,-1.0,1.0,1.0,0.8175744761936437,0.18242552380635632,solvability-pair-0072262,1.5,1.0,1.0,3.0,3.0,0.6428571428571429,5,1.0,GIVE_UP,train,solvability-pair-0072262-try_again_m:5,1.0,solvability,0.0,0.0,1.0,0.6428571428571429
0.0,0.0,0.0,0.0,0.0,0.0,0.75,1,0.0,0.0,0.0,-0.75,1.0,solvability-pair-0072262-try_again_n,0.75,0.0,0.0,0.0,0.0,try_again_n,8.0,0.0,0.8,0.0,0.8,0.8,0.8,1.0,0.0,0.0,0.0,0.0,0.8175744761936437,0.18242552380635632,solvability-pair-0072262,1.5,0.0,0.0,0.0,0.0,0.75,0,0.0,TRY_AGAIN,train,solvability-pair-0072262-try_again_n:0,0.0,solvability,0.0,0.0,1.0,0.75
1.0,0.0,0.0,0.0,0.0,1.0,0.8333333333333334,1,0.0,0.0,1.0,-0.8333333333333334,1.0,solvability-pair-0072262-try_again_n,0.8333333333333334,0.0,0.0,0.0,0.6931471805599453,try_again_n,8.0,0.125,0.8,0.0,0.8,0.8,0.8,-1.0,1.0,0.0,0.0,0.0,0.9999251537724895,7.484622751061124e-05,solvability-pair-0072262,9.5,1.0,1.0,1.0,1.0,0.8333333333333334,1,0.0,TRY_AGAIN,train,solvability-pair-0072262-try_again_n:1,1.0,solvability,0.0,0.0,1.0,0.8333333333333334
1.0,1.0,0.0,0.0,0.0,2.0,0.625,1,0.0,0.0,0.0,-0.625,1.0,solvability-pair-0072262-try_again_n,0.625,0.0,1.0,0.0,1.0986122886681098,try_again_n,8.0,0.25,0.8,0.0,0.8,0.8,0.8,1.0,-1.0,1.0,0.0,0.0,0.9525741268224334,0.04742587317756679,solvability-pair-0072262,3.0,1.0,-1.0,1.0,1.0,0.625,2,1.0,TRY_AGAIN,train,solvability-pair-0072262-try_again_n:2,0.0,solvability,0.0,0.0,1.0,0.625
1.0,1.0,1.0,0.0,0.0,3.0,0.7,1,0.0,0.0,1.0,-0.7,1.0,solvability-pair-0072262-try_again_n,0.7,0.0,0.0,0.0,1.3862943611198906,try_again_n,8.0,0.375,0.8,0.0,0.8,0.8,0.8,-1.0,1.0,-1.0,1.0,0.0,0.9964063974185798,0.0035936025814200896,solvability-pair-0072262,5.625,1.0,1.0,2.0,2.0,0.7,3,1.0,TRY_AGAIN,train,solvability-pair-0072262-try_again_n:3,1.0,solvability,0.0,0.0,1.0,0.7
1.0,1.0,1.0,0.0,0.0,4.0,0.5833333333333334,1,0.0,0.0,0.0,-0.5833333333333334,1.0,solvability-pair-0072262-try_again_n,0.5833333333333334,0.0,1.0,0.0,1.6094379124341003,try_again_n,8.0,0.5,0.8,0.0,0.8,0.8,0.8,1.0,-1.0,1.0,-1.0,0.0,0.7549149868676283,0.24508501313237172,solvability-pair-0072262,1.125,1.0,-1.0,2.0,2.0,0.5833333333333334,4,1.0,TRY_AGAIN,train,solvability-pair-0072262-try_again_n:4,0.0,solvability,0.0,0.0,1.0,0.5833333333333334
1.0,1.0,1.0,1.0,0.0,5.0,0.6428571428571429,0,0.0,0.0,1.0,-0.6428571428571429,1.0,solvability-pair-0072262-try_again_n,0.6428571428571429,0.0,0.0,0.0,1.791759469228055,try_again_n,8.0,0.625,0.8,0.0,0.8,0.8,0.8,0.0,1.0,-1.0,1.0,1.0,0.8175744761936437,0.18242552380635632,solvability-pair-0072262,1.5,1.0,1.0,3.0,3.0,0.6428571428571429,5,1.0,GIVE_UP,train,solvability-pair-0072262-try_again_n:5,1.0,solvability,0.0,0.0,1.0,0.6428571428571429
0.0,0.0,0.0,0.0,1.0,0.0,0.75,1,1.0,0.0,0.0,2.25,1.0,solvability-pair-0072263-try_again_m,-0.25,2.0,0.0,2.0,0.0,try_again_m,8.0,0.0,-0.19999999999999996,2.0,0.8,-2.2,-2.2,1.0,0.0,0.0,0.0,0.0,0.9399133498259924,0.06008665017400762,solvability-pair-0072263,2.75,0.0,0.0,0.0,0.0,-2.25,0,0.0,TRY_AGAIN,validation,solvability-pair-0072263-try_again_m:0,0.0,solvability,0.0,0.0,1.0,-2.25
1.0,0.0,0.0,0.0,1.0,1.0,0.8333333333333334,1,1.0,1.0,1.0,2.1666666666666665,1.0,solvability-pair-0072263-try_again_m,-0.16666666666666663,2.0,0.0,2.0,0.6931471805599453,try_again_m,8.0,0.125,-0.19999999999999996,2.0,0.8,-2.2,-2.2,1.0,1.0,0.0,0.0,0.0,0.9993736658418905,0.0006263341581094201,solvability-pair-0072263,7.375,1.0,1.0,1.0,1.0,-2.1666666666666665,1,0.0,TRY_AGAIN,validation,solvability-pair-0072263-try_again_m:1,1.0,solvability,0.0,0.0,1.0,-2.1666666666666665
1.0,1.0,0.0,0.0,1.0,2.0,0.875,1,1.0,2.0,2.0,2.125,1.0,solvability-pair-0072263-try_again_m,-0.125,2.0,0.0,2.0,1.0986122886681098,try_again_m,8.0,0.25,-0.19999999999999996,2.0,0.8,-2.2,-2.2,1.0,1.0,1.0,0.0,0.0,0.9770226300899744,0.02297736991002561,solvability-pair-0072263,3.75,1.0,1.0,2.0,2.0,-2.125,2,1.0,TRY_AGAIN,validation,solvability-pair-0072263-try_again_m:2,2.0,solvability,0.0,0.0,1.0,-2.125
1.0,1.0,1.0,0.0,1.0,3.0,0.9,1,1.0,3.0,3.0,2.1,1.0,solvability-pair-0072263-try_again_m,-0.09999999999999998,2.0,0.0,2.0,1.3862943611198906,try_again_m,8.0,0.375,-0.19999999999999996,2.0,0.8,-2.2,-2.2,1.0,1.0,1.0,1.0,0.0,0.9399133498259924,0.06008665017400762,solvability-pair-0072263,2.75,1.0,1.0,3.0,3.0,-2.1,3,1.0,TRY_AGAIN,validation,solvability-pair-0072263-try_again_m:3,3.0,solvability,0.0,0.0,1.0,-2.1
1.0,1.0,1.0,0.0,1.0,4.0,0.9166666666666666,1,1.0,4.0,4.0,2.0833333333333335,1.0,solvability-pair-0072263-try_again_m,-0.08333333333333337,2.0,0.0,2.0,1.6094379124341003,try_again_m,8.0,0.5,-0.19999999999999996,2.0,0.8,-2.2,-2.2,1.0,1.0,1.0,1.0,0.0,0.8354835371034369,0.1645164628965632,solvability-pair-0072263,1.625,1.0,1.0,4.0,4.0,-2.0833333333333335,4,1.0,TRY_AGAIN,validation,solvability-pair-0072263-try_again_m:4,4.0,solvability,0.0,0.0,1.0,-2.0833333333333335
1.0,1.0,1.0,1.0,1.0,5.0,0.9285714285714286,1,1.0,5.0,5.0,2.071428571428571,1.0,solvability-pair-0072263-try_again_m,-0.0714285714285714,2.0,0.0,2.0,1.791759469228055,try_again_m,8.0,0.625,-0.19999999999999996,2.0,0.8,-2.2,-2.2,1.0,1.0,1.0,1.0,1.0,0.7057850278370112,0.29421497216298875,solvability-pair-0072263,0.875,1.0,1.0,5.0,5.0,-2.071428571428571,5,1.0,TRY_AGAIN,validation,solvability-pair-0072263-try_again_m:5,5.0,solvability,0.0,0.0,1.0,-2.071428571428571
1.0,1.0,1.0,1.0,1.0,6.0,0.9375,1,1.0,6.0,6.0,2.0625,1.0,solvability-pair-0072263-try_again_m,-0.0625,2.0,0.0,2.0,1.9459101490553132,try_again_m,8.0,0.75,-0.19999999999999996,2.0,0.8,-2.2,-2.2,1.0,1.0,1.0,1.0,1.0,0.679178699175393,0.32082130082460697,solvability-pair-0072263,0.75,1.0,1.0,6.0,6.0,-2.0625,6,1.0,TRY_AGAIN,validation,solvability-pair-0072263-try_again_m:6,6.0,solvability,0.0,0.0,1.0,-2.0625
1.0,1.0,1.0,1.0,1.0,7.0,0.9444444444444444,1,1.0,7.0,7.0,2.0555555555555554,1.0,solvability-pair-0072263-try_again_m,-0.05555555555555558,2.0,0.0,2.0,2.0794415416798357,try_again_m,8.0,0.875,-0.19999999999999996,2.0,0.8,-2.2,-2.2,-1.0,1.0,1.0,1.0,1.0,0.5312093733737563,0.46879062662624377,solvability-pair-0072263,0.125,1.0,1.0,7.0,7.0,-2.0555555555555554,7,1.0,TRY_AGAIN,validation,solvability-pair-0072263-try_again_m:7,7.0,solvability,0.0,0.0,1.0,-2.0555555555555554
0.0,0.0,0.0,0.0,1.0,0.0,0.75,1,1.0,0.0,0.0,2.25,1.0,solvability-pair-0072263-try_again_n,-0.25,2.0,0.0,2.0,0.0,try_again_n,8.0,0.0,-0.19999999999999996,2.0,0.8,-2.2,-2.2,1.0,0.0,0.0,0.0,0.0,0.679178699175393,0.32082130082460697,solvability-pair-0072263,0.75,0.0,0.0,0.0,0.0,-2.25,0,0.0,TRY_AGAIN,validation,solvability-pair-0072263-try_again_n:0,0.0,solvability,0.0,0.0,1.0,-2.25
1.0,0.0,0.0,0.0,1.0,1.0,0.8333333333333334,1,1.0,1.0,1.0,2.1666666666666665,1.0,solvability-pair-0072263-try_again_n,-0.16666666666666663,2.0,0.0,2.0,0.6931471805599453,try_again_n,8.0,0.125,-0.19999999999999996,2.0,0.8,-2.2,-2.2,1.0,1.0,0.0,0.0,0.0,0.9995694429186754,0.00043055708132461493,solvability-pair-0072263,7.75,1.0,1.0,1.0,1.0,-2.1666666666666665,1,0.0,TRY_AGAIN,validation,solvability-pair-0072263-try_again_n:1,1.0,solvability,0.0,0.0,1.0,-2.1666666666666665
1.0,1.0,0.0,0.0,1.0,2.0,0.875,1,1.0,2.0,2.0,2.125,1.0,solvability-pair-0072263-try_again_n,-0.125,2.0,0.0,2.0,1.0986122886681098,try_again_n,8.0,0.25,-0.19999999999999996,2.0,0.8,-2.2,-2.2,1.0,1.0,1.0,0.0,0.0,0.9933071490757153,0.006692850924284856,solvability-pair-0072263,5.0,1.0,1.0,2.0,2.0,-2.125,2,1.0,TRY_AGAIN,validation,solvability-pair-0072263-try_again_n:2,2.0,solvability,0.0,0.0,1.0,-2.125
1.0,1.0,1.0,0.0,1.0,3.0,0.9,1,1.0,3.0,3.0,2.1,1.0,solvability-pair-0072263-try_again_n,-0.09999999999999998,2.0,0.0,2.0,1.3862943611198906,try_again_n,8.0,0.375,-0.19999999999999996,2.0,0.8,-2.2,-2.2,1.0,1.0,1.0,1.0,0.0,0.9796676466573412,0.020332353342658753,solvability-pair-0072263,3.875,1.0,1.0,3.0,3.0,-2.1,3,1.0,TRY_AGAIN,validation,solvability-pair-0072263-try_again_n:3,3.0,solvability,0.0,0.0,1.0,-2.1
1.0,1.0,1.0,0.0,1.0,4.0,0.9166666666666666,1,1.0,4.0,4.0,2.0833333333333335,1.0,solvability-pair-0072263-try_again_n,-0.08333333333333337,2.0,0.0,2.0,1.6094379124341003,try_again_n,8.0,0.5,-0.19999999999999996,2.0,0.8,-2.2,-2.2,1.0,1.0,1.0,1.0,0.0,0.8670357598021706,0.13296424019782924,solvability-pair-0072263,1.875,1.0,1.0,4.0,4.0,-2.0833333333333335,4,1.0,TRY_AGAIN,validation,solvability-pair-0072263-try_again_n:4,4.0,solvability,0.0,0.0,1.0,-2.0833333333333335
1.0,1.0,1.0,1.0,1.0,5.0,0.9285714285714286,0,1.0,5.0,5.0,2.071428571428571,1.0,solvability-pair-0072263-try_again_n,-0.0714285714285714,2.0,0.0,2.0,1.791759469228055,try_again_n,8.0,0.625,-0.19999999999999996,2.0,0.8,-2.2,-2.2,0.0,1.0,1.0,1.0,1.0,0.679178699175393,0.32082130082460697,solvability-pair-0072263,0.75,1.0,1.0,5.0,5.0,-2.071428571428571,5,1.0,GIVE_UP,validation,solvability-pair-0072263-try_again_n:5,5.0,solvability,0.0,0.0,1.0,-2.071428571428571
0.0,0.0,0.0,0.0,0.0,0.0,0.75,1,0.0,0.0,0.0,1.25,1.0,solvability-pair-0072264-try_again_m,0.75,2.0,0.0,2.0,0.0,try_again_m,8.0,0.0,0.8,2.0,0.8,-1.2,-1.2,-1.0,0.0,0.0,0.0,0.0,0.9770226300899744,0.02297736991002561,solvability-pair-0072264,3.75,0.0,0.0,0.0,0.0,-1.25,0,0.0,TRY_AGAIN,train,solvability-pair-0072264-try_again_m:0,0.0,solvability,0.0,0.0,1.0,-1.25
1.0,0.0,0.0,0.0,0.0,1.0,0.5,0,0.0,0.0,-1.0,1.5,1.0,solvability-pair-0072264-try_again_m,0.5,2.0,1.0,2.0,0.6931471805599453,try_again_m,8.0,0.125,0.8,2.0,0.8,-1.2,-1.2,0.0,-1.0,0.0,0.0,0.0,0.0953494648991095,0.9046505351008906,solvability-pair-0072264,-2.25,1.0,-1.0,0.0,0.0,-1.5,1,0.0,GIVE_UP,train,solvability-pair-0072264-try_again_m:1,0.0,solvability,0.0,0.0,1.0,-1.5
0.0,0.0,0.0,0.0,0.0,0.0,0.75,1,0.0,0.0,0.0,1.25,1.0,solvability-pair-0072264-try_again_n,0.75,2.0,0.0,2.0,0.0,try_again_n,8.0,0.0,0.8,2.0,0.8,-1.2,-1.2,-1.0,0.0,0.0,0.0,0.0,0.7772998611746911,0.22270013882530884,solvability-pair-0072264,1.25,0.0,0.0,0.0,0.0,-1.25,0,0.0,TRY_AGAIN,train,solvability-pair-0072264-try_again_n:0,0.0,solvability,0.0,0.0,1.0,-1.25
1.0,0.0,0.0,0.0,0.0,1.0,0.5,0,0.0,0.0,-1.0,1.5,1.0,solvability-pair-0072264-try_again_n,0.5,2.0,1.0,2.0,0.6931471805599453,try_again_n,8.0,0.125,0.8,2.0,0.8,-1.2,-1.2,0.0,-1.0,0.0,0.0,0.0,0.0953494648991095,0.9046505351008906,solvability-pair-0072264,-2.25,1.0,-1.0,0.0,0.0,-1.5,1,0.0,GIVE_UP,train,solvability-pair-0072264-try_again_n:1,0.0,solvability,0.0,0.0,1.0,-1.5
0.0,0.0,0.0,0.0,1.0,0.0,0.5,1,1.0,0.0,0.0,2.5,0.0,solvability-pair-0072265-try_again_m,-0.5,2.0,0.0,2.0,0.0,try_again_m,8.0,0.0,-0.5,2.0,0.5,-2.5,-2.5,1.0,0.0,0.0,0.0,0.0,0.46879062662624377,0.5312093733737563,solvability-pair-0072265,-0.125,0.0,0.0,0.0,0.0,-2.5,0,0.0,TRY_AGAIN,train,solvability-pair-0072265-try_again_m:0,0.0,solvability,0.0,0.0,1.0,-2.5
1.0,0.0,0.0,0.0,1.0,1.0,0.6666666666666666,1,1.0,1.0,1.0,2.3333333333333335,0.0,solvability-pair-0072265-try_again_m,-0.33333333333333337,2.0,0.0,2.0,0.6931471805599453,try_again_m,8.0,0.125,-0.5,2.0,0.5,-2.5,-2.5,-1.0,1.0,0.0,0.0,0.0,0.995929862284104,0.004070137715896127,solvability-pair-0072265,5.5,1.0,1.0,1.0,1.0,-2.3333333333333335,1,0.0,TRY_AGAIN,train,solvability-pair-0072265-try_again_m:1,1.0,solvability,0.0,0.0,1.0,-2.3333333333333335
1.0,1.0,0.0,0.0,1.0,2.0,0.5,0,1.0,2.0,0.0,2.5,0.0,solvability-pair-0072265-try_again_m,-0.5,2.0,1.0,2.0,1.0986122886681098,try_again_m,8.0,0.25,-0.5,2.0,0.5,-2.5,-2.5,0.0,-1.0,1.0,0.0,0.0,0.4378234991142019,0.5621765008857981,solvability-pair-0072265,-0.25,1.0,-1.0,1.0,1.0,-2.5,2,1.0,GIVE_UP,train,solvability-pair-0072265-try_again_m:2,0.0,solvability,0.0,0.0,1.0,-2.5
0.0,0.0,0.0,0.0,1.0,0.0,0.5,0,1.0,0.0,0.0,2.5,0.0,solvability-pair-0072265-try_again_n,-0.5,2.0,0.0,2.0,0.0,try_again_n,8.0,0.0,-0.5,2.0,0.5,-2.5,-2.5,0.0,0.0,0.0,0.0,0.0,0.22270013882530884,0.7772998611746911,solvability-pair-0072265,-1.25,0.0,0.0,0.0,0.0,-2.5,0,0.0,GIVE_UP,train,solvability-pair-0072265-try_again_n:0,0.0,solvability,0.0,0.0,1.0,-2.5
0.0,0.0,0.0,0.0,1.0,0.0,0.5,1,1.0,0.0,0.0,0.5,0.0,solvability-pair-0072266-try_again_m,-0.5,0.0,0.0,0.0,0.0,try_again_m,8.0,0.0,-0.5,0.0,0.5,-0.5,-0.5,1.0,0.0,0.0,0.0,0.0,0.5621765008857981,0.4378234991142019,solvability-pair-0072266,0.25,0.0,0.0,0.0,0.0,-0.5,0,0.0,TRY_AGAIN,train,solvability-pair-0072266-try_again_m:0,0.0,solvability,0.0,0.0,1.0,-0.5
1.0,0.0,0.0,0.0,1.0,1.0,0.6666666666666666,1,1.0,1.0,1.0,0.33333333333333337,0.0,solvability-pair-0072266-try_again_m,-0.33333333333333337,0.0,0.0,0.0,0.6931471805599453,try_again_m,8.0,0.125,-0.5,0.0,0.5,-0.5,-0.5,1.0,1.0,0.0,0.0,0.0,0.9978172835546547,0.0021827164453451808,solvability-pair-0072266,6.125,1.0,1.0,1.0,1.0,-0.33333333333333337,1,0.0,TRY_AGAIN,train,solvability-pair-0072266-try_again_m:1,1.0,solvability,0.0,0.0,1.0,-0.33333333333333337
1.0,1.0,0.0,0.0,1.0,2.0,0.75,1,1.0,2.0,2.0,0.25,0.0,solvability-pair-0072266-try_again_m,-0.25,0.0,0.0,0.0,1.0986122886681098,try_again_m,8.0,0.25,-0.5,0.0,0.5,-0.5,-0.5,1.0,1.0,1.0,0.0,0.0,0.9465966702001757,0.053403329799824234,solvability-pair-0072266,2.875,1.0,1.0,2.0,2.0,-0.25,2,1.0,TRY_AGAIN,train,solvability-pair-0072266-try_again_m:2,2.0,solvability,0.0,0.0,1.0,-0.25
1.0,1.0,1.0,0.0,1.0,3.0,0.8,0,1.0,3.0,3.0,0.19999999999999996,0.0,solvability-pair-0072266-try_again_m,-0.19999999999999996,0.0,0.0,0.0,1.3862943611198906,try_again_m,8.0,0.375,-0.5,0.0,0.5,-0.5,-0.5,0.0,1.0,1.0,1.0,0.0,0.9149009549929797,0.08509904500702024,solvability-pair-0072266,2.375,1.0,1.0,3.0,3.0,-0.19999999999999996,3,1.0,GIVE_UP,train,solvability-pair-0072266-try_again_m:3,3.0,solvability,0.0,0.0,1.0,-0.19999999999999996
0.0,0.0,0.0,0.0,1.0,0.0,0.5,1,1.0,0.0,0.0,0.5,0.0,solvability-pair-0072266-try_again_n,-0.5,0.0,0.0,0.0,0.0,try_again_n,8.0,0.0,-0.5,0.0,0.5,-0.5,-0.5,1.0,0.0,0.0,0.0,0.0,0.2689414213699951,0.7310585786300049,solvability-pair-0072266,-1.0,0.0,0.0,0.0,0.0,-0.5,0,0.0,TRY_AGAIN,train,solvability-pair-0072266-try_again_n:0,0.0,solvability,0.0,0.0,1.0,-0.5
1.0,0.0,0.0,0.0,1.0,1.0,0.6666666666666666,1,1.0,1.0,1.0,0.33333333333333337,0.0,solvability-pair-0072266-try_again_n,-0.33333333333333337,0.0,0.0,0.0,0.6931471805599453,try_again_n,8.0,0.125,-0.5,0.0,0.5,-0.5,-0.5,1.0,1.0,0.0,0.0,0.0,0.9980732653366725,0.0019267346633274755,solvability-pair-0072266,6.25,1.0,1.0,1.0,1.0,-0.33333333333333337,1,0.0,TRY_AGAIN,train,solvability-pair-0072266-try_again_n:1,1.0,solvability,0.0,0.0,1.0,-0.33333333333333337
1.0,1.0,0.0,0.0,1.0,2.0,0.75,1,1.0,2.0,2.0,0.25,0.0,solvability-pair-0072266-try_again_n,-0.25,0.0,0.0,0.0,1.0986122886681098,try_again_n,8.0,0.25,-0.5,0.0,0.5,-0.5,-0.5,1.0,1.0,1.0,0.0,0.0,0.9770226300899744,0.02297736991002561,solvability-pair-0072266,3.75,1.0,1.0,2.0,2.0,-0.25,2,1.0,TRY_AGAIN,train,solvability-pair-0072266-try_again_n:2,2.0,solvability,0.0,0.0,1.0,-0.25
1.0,1.0,1.0,0.0,1.0,3.0,0.8,1,1.0,3.0,3.0,0.19999999999999996,0.0,solvability-pair-0072266-try_again_n,-0.19999999999999996,0.0,0.0,0.0,1.3862943611198906,try_again_n,8.0,0.375,-0.5,0.0,0.5,-0.5,-0.5,-1.0,1.0,1.0,1.0,0.0,0.9525741268224334,0.04742587317756679,solvability-pair-0072266,3.0,1.0,1.0,3.0,3.0,-0.19999999999999996,3,1.0,TRY_AGAIN,train,solvability-pair-0072266-try_again_n:3,3.0,solvability,0.0,0.0,1.0,-0.19999999999999996
1.0,1.0,1.0,0.0,1.0,4.0,0.6666666666666666,0,1.0,4.0,2.0,0.33333333333333337,0.0,solvability-pair-0072266-try_again_n,-0.33333333333333337,0.0,1.0,0.0,1.6094379124341003,try_again_n,8.0,0.5,-0.5,0.0,0.5,-0.5,-0.5,0.0,-1.0,1.0,1.0,0.0,0.18242552380635632,0.8175744761936437,solvability-pair-0072266,-1.5,1.0,-1.0,3.0,3.0,-0.33333333333333337,4,1.0,GIVE_UP,train,solvability-pair-0072266-try_again_n:4,0.0,solvability,0.0,0.0,1.0,-0.33333333333333337
0.0,0.0,0.0,0.0,1.0,0.0,0.25,0,1.0,0.0,0.0,2.75,-1.0,solvability-pair-0072267-try_again_m,-0.75,2.0,0.0,2.0,0.0,try_again_m,8.0,0.0,-0.8,2.0,0.2,-2.8,-2.8,0.0,0.0,0.0,0.0,0.0,0.32082130082460697,0.679178699175393,solvability-pair-0072267,-0.75,0.0,0.0,0.0,0.0,-2.75,0,0.0,GIVE_UP,train,solvability-pair-0072267-try_again_m:0,0.0,solvability,0.0,0.0,1.0,-2.75
0.0,0.0,0.0,0.0,1.0,0.0,0.25,0,1.0,0.0,0.0,2.75,-1.0,solvability-pair-0072267-try_again_n,-0.75,2.0,0.0,2.0,0.0,try_again_n,8.0,0.0,-0.8,2.0,0.2,-2.8,-2.8,0.0,0.0,0.0,0.0,0.0,0.18242552380635632,0.8175744761936437,solvability-pair-0072267,-1.5,0.0,0.0,0.0,0.0,-2.75,0,0.0,GIVE_UP,train,solvability-pair-0072267-try_again_n:0,0.0,solvability,0.0,0.0,1.0,-2.75
0.0,0.0,0.0,0.0,1.0,0.0,0.75,1,1.0,0.0,0.0,0.25,1.0,solvability-pair-0072268-try_again_m,-0.25,0.0,0.0,0.0,0.0,try_again_m,8.0,0.0,-0.19999999999999996,0.0,0.8,-0.19999999999999996,-0.19999999999999996,1.0,0.0,0.0,0.0,0.0,0.9626731126558706,0.037326887344129464,solvability-pair-0072268,3.25,0.0,0.0,0.0,0.0,-0.25,0,0.0,TRY_AGAIN,test,solvability-pair-0072268-try_again_m:0,0.0,solvability,0.0,0.0,1.0,-0.25
1.0,0.0,0.0,0.0,1.0,1.0,0.8333333333333334,1,1.0,1.0,1.0,0.16666666666666663,1.0,solvability-pair-0072268-try_again_m,-0.16666666666666663,0.0,0.0,0.0,0.6931471805599453,try_again_m,8.0,0.125,-0.19999999999999996,0.0,0.8,-0.19999999999999996,-0.19999999999999996,1.0,1.0,0.0,0.0,0.0,0.9995694429186754,0.00043055708132461493,solvability-pair-0072268,7.75,1.0,1.0,1.0,1.0,-0.16666666666666663,1,0.0,TRY_AGAIN,test,solvability-pair-0072268-try_again_m:1,1.0,solvability,0.0,0.0,1.0,-0.16666666666666663
1.0,1.0,0.0,0.0,1.0,2.0,0.875,1,1.0,2.0,2.0,0.125,1.0,solvability-pair-0072268-try_again_m,-0.125,0.0,0.0,0.0,1.0986122886681098,try_again_m,8.0,0.25,-0.19999999999999996,0.0,0.8,-0.19999999999999996,-0.19999999999999996,1.0,1.0,1.0,0.0,0.0,0.991422514586288,0.008577485413711986,solvability-pair-0072268,4.75,1.0,1.0,2.0,2.0,-0.125,2,1.0,TRY_AGAIN,test,solvability-pair-0072268-try_again_m:2,2.0,solvability,0.0,0.0,1.0,-0.125
1.0,1.0,1.0,0.0,1.0,3.0,0.9,1,1.0,3.0,3.0,0.09999999999999998,1.0,solvability-pair-0072268-try_again_m,-0.09999999999999998,0.0,0.0,0.0,1.3862943611198906,try_again_m,8.0,0.375,-0.19999999999999996,0.0,0.8,-0.19999999999999996,-0.19999999999999996,1.0,1.0,1.0,1.0,0.0,0.9770226300899744,0.02297736991002561,solvability-pair-0072268,3.75,1.0,1.0,3.0,3.0,-0.09999999999999998,3,1.0,TRY_AGAIN,test,solvability-pair-0072268-try_again_m:3,3.0,solvability,0.0,0.0,1.0,-0.09999999999999998
1.0,1.0,1.0,0.0,1.0,4.0,0.9166666666666666,1,1.0,4.0,4.0,0.08333333333333337,1.0,solvability-pair-0072268-try_again_m,-0.08333333333333337,0.0,0.0,0.0,1.6094379124341003,try_again_m,8.0,0.5,-0.19999999999999996,0.0,0.8,-0.19999999999999996,-0.19999999999999996,1.0,1.0,1.0,1.0,0.0,0.8933094060543487,0.10669059394565118,solvability-pair-0072268,2.125,1.0,1.0,4.0,4.0,-0.08333333333333337,4,1.0,TRY_AGAIN,test,solvability-pair-0072268-try_again_m:4,4.0,solvability,0.0,0.0,1.0,-0.08333333333333337
1.0,1.0,1.0,1.0,1.0,5.0,0.9285714285714286,1,1.0,5.0,5.0,0.0714285714285714,1.0,solvability-pair-0072268-try_again_m,-0.0714285714285714,0.0,0.0,0.0,1.791759469228055,try_again_m,8.0,0.625,-0.19999999999999996,0.0,0.8,-0.19999999999999996,-0.19999999999999996,1.0,1.0,1.0,1.0,1.0,0.7981867777396212,0.20181322226037882,solvability-pair-0072268,1.375,1.0,1.0,5.0,5.0,-0.0714285714285714,5,1.0,TRY_AGAIN,test,solvability-pair-0072268-try_again_m:5,5.0,solvability,0.0,0.0,1.0,-0.0714285714285714
1.0,1.0,1.0,1.0,1.0,6.0,0.9375,0,1.0,6.0,6.0,0.0625,1.0,solvability-pair-0072268-try_again_m,-0.0625,0.0,0.0,0.0,1.9459101490553132,try_again_m,8.0,0.75,-0.19999999999999996,0.0,0.8,-0.19999999999999996,-0.19999999999999996,0.0,1.0,1.0,1.0,1.0,0.8175744761936437,0.18242552380635632,solvability-pair-0072268,1.5,1.0,1.0,6.0,6.0,-0.0625,6,1.0,GIVE_UP,test,solvability-pair-0072268-try_again_m:6,6.0,solvability,0.0,0.0,1.0,-0.0625
0.0,0.0,0.0,0.0,1.0,0.0,0.75,1,1.0,0.0,0.0,0.25,1.0,solvability-pair-0072268-try_again_n,-0.25,0.0,0.0,0.0,0.0,try_again_n,8.0,0.0,-0.19999999999999996,0.0,0.8,-0.19999999999999996,-0.19999999999999996,1.0,0.0,0.0,0.0,0.0,0.7549149868676283,0.24508501313237172,solvability-pair-0072268,1.125,0.0,0.0,0.0,0.0,-0.25,0,0.0,TRY_AGAIN,test,solvability-pair-0072268-try_again_n:0,0.0,solvability,0.0,0.0,1.0,-0.25
1.0,0.0,0.0,0.0,1.0,1.0,0.8333333333333334,1,1.0,1.0,1.0,0.16666666666666663,1.0,solvability-pair-0072268-try_again_n,-0.16666666666666663,0.0,0.0,0.0,0.6931471805599453,try_again_n,8.0,0.125,-0.19999999999999996,0.0,0.8,-0.19999999999999996,-0.19999999999999996,1.0,1.0,0.0,0.0,0.0,0.9998204720306533,0.0001795279693467774,solvability-pair-0072268,8.625,1.0,1.0,1.0,1.0,-0.16666666666666663,1,0.0,TRY_AGAIN,test,solvability-pair-0072268-try_again_n:1,1.0,solvability,0.0,0.0,1.0,-0.16666666666666663
1.0,1.0,0.0,0.0,1.0,2.0,0.875,1,1.0,2.0,2.0,0.125,1.0,solvability-pair-0072268-try_again_n,-0.125,0.0,0.0,0.0,1.0986122886681098,try_again_n,8.0,0.25,-0.19999999999999996,0.0,0.8,-0.19999999999999996,-0.19999999999999996,1.0,1.0,1.0,0.0,0.0,0.9975273768433653,0.0024726231566347748,solvability-pair-0072268,6.0,1.0,1.0,2.0,2.0,-0.125,2,1.0,TRY_AGAIN,test,solvability-pair-0072268-try_again_n:2,2.0,solvability,0.0,0.0,1.0,-0.125
1.0,1.0,1.0,0.0,1.0,3.0,0.9,1,1.0,3.0,3.0,0.09999999999999998,1.0,solvability-pair-0072268-try_again_n,-0.09999999999999998,0.0,0.0,0.0,1.3862943611198906,try_again_n,8.0,0.375,-0.19999999999999996,0.0,0.8,-0.19999999999999996,-0.19999999999999996,1.0,1.0,1.0,1.0,0.0,0.991422514586288,0.008577485413711986,solvability-pair-0072268,4.75,1.0,1.0,3.0,3.0,-0.09999999999999998,3,1.0,TRY_AGAIN,test,solvability-pair-0072268-try_again_n:3,3.0,solvability,0.0,0.0,1.0,-0.09999999999999998
1.0,1.0,1.0,0.0,1.0,4.0,0.9166666666666666,1,1.0,4.0,4.0,0.08333333333333337,1.0,solvability-pair-0072268-try_again_n,-0.08333333333333337,0.0,0.0,0.0,1.6094379124341003,try_again_n,8.0,0.5,-0.19999999999999996,0.0,0.8,-0.19999999999999996,-0.19999999999999996,1.0,1.0,1.0,1.0,0.0,0.9324533088603709,0.0675466911396291,solvability-pair-0072268,2.625,1.0,1.0,4.0,4.0,-0.08333333333333337,4,1.0,TRY_AGAIN,test,solvability-pair-0072268-try_again_n:4,4.0,solvability,0.0,0.0,1.0,-0.08333333333333337
1.0,1.0,1.0,1.0,1.0,5.0,0.9285714285714286,1,1.0,5.0,5.0,0.0714285714285714,1.0,solvability-pair-0072268-try_again_n,-0.0714285714285714,0.0,0.0,0.0,1.791759469228055,try_again_n,8.0,0.625,-0.19999999999999996,0.0,0.8,-0.19999999999999996,-0.19999999999999996,1.0,1.0,1.0,1.0,1.0,0.7549149868676283,0.24508501313237172,solvability-pair-0072268,1.125,1.0,1.0,5.0,5.0,-0.0714285714285714,5,1.0,TRY_AGAIN,test,solvability-pair-0072268-try_again_n:5,5.0,solvability,0.0,0.0,1.0,-0.0714285714285714
1.0,1.0,1.0,1.0,1.0,6.0,0.9375,0,1.0,6.0,6.0,0.0625,1.0,solvability-pair-0072268-try_again_n,-0.0625,0.0,0.0,0.0,1.9459101490553132,try_again_n,8.0,0.75,-0.19999999999999996,0.0,0.8,-0.19999999999999996,-0.19999999999999996,0.0,1.0,1.0,1.0,1.0,0.7772998611746911,0.22270013882530884,solvability-pair-0072268,1.25,1.0,1.0,6.0,6.0,-0.0625,6,1.0,GIVE_UP,test,solvability-pair-0072268-try_again_n:6,6.0,solvability,0.0,0.0,1.0,-0.0625
0.0,0.0,0.0,0.0,0.0,0.0,0.5,1,0.0,0.0,0.0,1.5,0.0,solvability-pair-0072269-try_again_m,0.5,2.0,0.0,2.0,0.0,try_again_m,8.0,0.0,0.5,2.0,0.5,-1.5,-1.5,-1.0,0.0,0.0,0.0,0.0,0.6224593312018546,0.37754066879814546,solvability-pair-0072269,0.5,0.0,0.0,0.0,0.0,-1.5,0,0.0,TRY_AGAIN,train,solvability-pair-0072269-try_again_m:0,0.0,solvability,0.0,0.0,1.0,-1.5
1.0,0.0,0.0,0.0,0.0,1.0,0.3333333333333333,0,0.0,0.0,-1.0,1.6666666666666667,0.0,solvability-pair-0072269-try_again_m,0.3333333333333333,2.0,1.0,2.0,0.6931471805599453,try_again_m,8.0,0.125,0.5,2.0,0.5,-1.5,-1.5,0.0,-1.0,0.0,0.0,0.0,0.04208772791561884,0.9579122720843811,solvability-pair-0072269,-3.125,1.0,-1.0,0.0,0.0,-1.6666666666666667,1,0.0,GIVE_UP,train,solvability-pair-0072269-try_again_m:1,0.0,solvability,0.0,0.0,1.0,-1.6666666666666667
0.0,0.0,0.0,0.0,0.0,0.0,0.5,0,0.0,0.0,0.0,1.5,0.0,solvability-pair-0072269-try_again_n,0.5,2.0,0.0,2.0,0.0,try_again_n,8.0,0.0,0.5,2.0,0.5,-1.5,-1.5,0.0,0.0,0.0,0.0,0.0,0.2689414213699951,0.7310585786300049,solvability-pair-0072269,-1.0,0.0,0.0,0.0,0.0,-1.5,0,0.0,GIVE_UP,train,solvability-pair-0072269-try_again_n:0,0.0,solvability,0.0,0.0,1.0,-1.5
0.0,0.0,0.0,0.0,0.0,0.0,0.5,1,0.0,0.0,0.0,-0.5,0.0,solvability-pair-0072270-try_again_m,0.5,0.0,0.0,0.0,0.0,try_again_m,8.0,0.0,0.5,0.0,0.5,0.5,0.5,-1.0,0.0,0.0,0.0,0.0,0.7549149868676283,0.24508501313237172,solvability-pair-0072270,1.125,0.0,0.0,0.0,0.0,0.5,0,0.0,TRY_AGAIN,train,solvability-pair-0072270-try_again_m:0,0.0,solvability,0.0,0.0,1.0,0.5
1.0,0.0,0.0,0.0,0.0,1.0,0.3333333333333333,0,0.0,0.0,-1.0,-0.3333333333333333,0.0,solvability-pair-0072270-try_again_m,0.3333333333333333,0.0,1.0,0.0,0.6931471805599453,try_again_m,8.0,0.125,0.5,0.0,0.5,0.5,0.5,0.0,-1.0,0.0,0.0,0.0,0.037326887344129464,0.9626731126558706,solvability-pair-0072270,-3.25,1.0,-1.0,0.0,0.0,0.3333333333333333,1,0.0,GIVE_UP,train,solvability-pair-0072270-try_again_m:1,0.0,solvability,0.0,0.0,1.0,0.3333333333333333
0.0,0.0,0.0,0.0,0.0,0.0,0.5,1,0.0,0.0,0.0,-0.5,0.0,solvability-pair-0072270-try_again_n,0.5,0.0,0.0,0.0,0.0,try_again_n,8.0,0.0,0.5,0.0,0.5,0.5,0.5,-1.0,0.0,0.0,0.0,0.0,0.34864513533394575,0.6513548646660542,solvability-pair-0072270,-0.625,0.0,0.0,0.0,0.0,0.5,0,0.0,TRY_AGAIN,train,solvability-pair-0072270-try_again_n:0,0.0,solvability,0.0,0.0,1.0,0.5
1.0,0.0,0.0,0.0,0.0,1.0,0.3333333333333333,0,0.0,0.0,-1.0,-0.3333333333333333,0.0,solvability-pair-0072270-try_again_n,0.3333333333333333,0.0,1.0,0.0,0.6931471805599453,try_again_n,8.0,0.125,0.5,0.0,0.5,0.5,0.5,0.0,-1.0,0.0,0.0,0.0,0.02595735719779685,0.9740426428022031,solvability-pair-0072270,-3.625,1.0,-1.0,0.0,0.0,0.3333333333333333,1,0.0,GIVE_UP,train,solvability-pair-0072270-try_again_n:1,0.0,solvability,0.0,0.0,1.0,0.3333333333333333
0.0,0.0,0.0,0.0,0.0,0.0,0.25,1,0.0,0.0,0.0,-0.25,-1.0,solvability-pair-0072271-try_again_m,0.25,0.0,0.0,0.0,0.0,try_again_m,8.0,0.0,0.2,0.0,0.2,0.2,0.2,-1.0,0.0,0.0,0.0,0.0,0.5,0.5,solvability-pair-0072271,0.0,0.0,0.0,0.0,0.0,0.25,0,0.0,TRY_AGAIN,validation,solvability-pair-0072271-try_again_m:0,0.0,solvability,0.0,0.0,1.0,0.25
1.0,0.0,0.0,0.0,0.0,1.0,0.16666666666666666,0,0.0,0.0,-1.0,-0.16666666666666666,-1.0,solvability-pair-0072271-try_again_m,0.16666666666666666,0.0,1.0,0.0,0.6931471805599453,try_again_m,8.0,0.125,0.2,0.0,0.2,0.2,0.2,0.0,-1.0,0.0,0.0,0.0,0.02595735719779685,0.9740426428022031,solvability-pair-0072271,-3.625,1.0,-1.0,0.0,0.0,0.16666666666666666,1,0.0,GIVE_UP,validation,solvability-pair-0072271-try_again_m:1,0.0,solvability,0.0,0.0,1.0,0.16666666666666666
0.0,0.0,0.0,0.0,0.0,0.0,0.25,0,0.0,0.0,0.0,-0.25,-1.0,solvability-pair-0072271-try_again_n,0.25,0.0,0.0,0.0,0.0,try_again_n,8.0,0.0,0.2,0.0,0.2,0.2,0.2,0.0,0.0,0.0,0.0,0.0,0.22270013882530884,0.7772998611746911,solvability-pair-0072271,-1.25,0.0,0.0,0.0,0.0,0.25,0,0.0,GIVE_UP,validation,solvability-pair-0072271-try_again_n:0,0.0,solvability,0.0,0.0,1.0,0.25
0.0,0.0,0.0,0.0,0.0,0.0,0.25,0,0.0,0.0,0.0,1.75,-1.0,solvability-pair-0072272-try_again_m,0.25,2.0,0.0,2.0,0.0,try_again_m,8.0,0.0,0.2,2.0,0.2,-1.8,-1.8,0.0,0.0,0.0,0.0,0.0,0.4073334000459302,0.5926665999540697,solvability-pair-0072272,-0.375,0.0,0.0,0.0,0.0,-1.75,0,0.0,GIVE_UP,train,solvability-pair-0072272-try_again_m:0,0.0,solvability,0.0,0.0,1.0,-1.75
0.0,0.0,0.0,0.0,0.0,0.0,0.25,0,0.0,0.0,0.0,1.75,-1.0,solvability-pair-0072272-try_again_n,0.25,2.0,0.0,2.0,0.0,try_again_n,8.0,0.0,0.2,2.0,0.2,-1.8,-1.8,0.0,0.0,0.0,0.0,0.0,0.20181322226037882,0.7981867777396212,solvability-pair-0072272,-1.375,0.0,0.0,0.0,0.0,-1.75,0,0.0,GIVE_UP,train,solvability-pair-0072272-try_again_n:0,0.0,solvability,0.0,0.0,1.0,-1.75
0.0,0.0,0.0,0.0,1.0,0.0,0.25,0,1.0,0.0,0.0,0.75,-1.0,solvability-pair-0072273-try_again_m,-0.75,0.0,0.0,0.0,0.0,try_again_m,8.0,0.0,-0.8,0.0,0.2,-0.8,-0.8,0.0,0.0,0.0,0.0,0.0,0.37754066879814546,0.6224593312018546,solvability-pair-0072273,-0.5,0.0,0.0,0.0,0.0,-0.75,0,0.0,GIVE_UP,train,solvability-pair-0072273-try_again_m:0,0.0,solvability,0.0,0.0,1.0,-0.75
0.0,0.0,0.0,0.0,1.0,0.0,0.25,0,1.0,0.0,0.0,0.75,-1.0,solvability-pair-0072273-try_again_n,-0.75,0.0,0.0,0.0,0.0,try_again_n,8.0,0.0,-0.8,0.0,0.2,-0.8,-0.8,0.0,0.0,0.0,0.0,0.0,0.22270013882530884,0.7772998611746911,solvability-pair-0072273,-1.25,0.0,0.0,0.0,0.0,-0.75,0,0.0,GIVE_UP,train,solvability-pair-0072273-try_again_n:0,0.0,solvability,0.0,0.0,1.0,-0.75
0.0,0.0,0.0,0.0,0.0,0.0,0.75,1,0.0,0.0,0.0,-0.75,1.0,solvability-pair-0072274-try_again_m,0.75,0.0,0.0,0.0,0.0,try_again_m,8.0,0.0,0.8,0.0,0.8,0.8,0.8,1.0,0.0,0.0,0.0,0.0,0.9840936082881853,0.01590639171181471,solvability-pair-0072274,4.125,0.0,0.0,0.0,0.0,0.75,0,0.0,TRY_AGAIN,train,solvability-pair-0072274-try_again_m:0,0.0,solvability,0.0,0.0,1.0,0.75
1.0,0.0,0.0,0.0,0.0,1.0,0.8333333333333334,1,0.0,0.0,1.0,-0.8333333333333334,1.0,solvability-pair-0072274-try_again_m,0.8333333333333334,0.0,0.0,0.0,0.6931471805599453,try_again_m,8.0,0.125,0.8,0.0,0.8,0.8,0.8,1.0,1.0,0.0,0.0,0.0,0.9997965730219448,0.0002034269780552065,solvability-pair-0072274,8.5,1.0,1.0,1.0,1.0,0.8333333333333334,1,0.0,TRY_AGAIN,train,solvability-pair-0072274-try_again_m:1,1.0,solvability,0.0,0.0,1.0,0.8333333333333334
1.0,1.0,0.0,0.0,0.0,2.0,0.875,1,0.0,0.0,2.0,-0.875,1.0,solvability-pair-0072274-try_again_m,0.875,0.0,0.0,0.0,1.0986122886681098,try_again_m,8.0,0.25,0.8,0.0,0.8,0.8,0.8,1.0,1.0,1.0,0.0,0.0,0.9968273171575148,0.0031726828424851893,solvability-pair-0072274,5.75,1.0,1.0,2.0,2.0,0.875,2,1.0,TRY_AGAIN,train,solvability-pair-0072274-try_again_m:2,2.0,solvability,0.0,0.0,1.0,0.875
1.0,1.0,1.0,0.0,0.0,3.0,0.9,1,0.0,0.0,3.0,-0.9,1.0,solvability-pair-0072274-try_again_m,0.9,0.0,0.0,0.0,1.3862943611198906,try_again_m,8.0,0.375,0.8,0.0,0.8,0.8,0.8,1.0,1.0,1.0,1.0,0.0,0.9940889311437562,0.005911068856243796,solvability-pair-0072274,5.125,1.0,1.0,3.0,3.0,0.9,3,1.0,TRY_AGAIN,train,solvability-pair-0072274-try_again_m:3,3.0,solvability,0.0,0.0,1.0,0.9
1.0,1.0,1.0,0.0,0.0,4.0,0.9166666666666666,1,0.0,0.0,4.0,-0.9166666666666666,1.0,solvability-pair-0072274-try_again_m,0.9166666666666666,0.0,0.0,0.0,1.6094379124341003,try_again_m,8.0,0.5,0.8,0.0,0.8,0.8,0.8,1.0,1.0,1.0,1.0,0.0,0.9706877692486436,0.029312230751356316,solvability-pair-0072274,3.5,1.0,1.0,4.0,4.0,0.9166666666666666,4,1.0,TRY_AGAIN,train,solvability-pair-0072274-try_again_m:4,4.0,solvability,0.0,0.0,1.0,0.9166666666666666
1.0,1.0,1.0,1.0,0.0,5.0,0.9285714285714286,1,0.0,0.0,5.0,-0.9285714285714286,1.0,solvability-pair-0072274-try_again_m,0.9285714285714286,0.0,0.0,0.0,1.791759469228055,try_again_m,8.0,0.625,0.8,0.0,0.8,0.8,0.8,-1.0,1.0,1.0,1.0,1.0,0.9324533088603709,0.0675466911396291,solvability-pair-0072274,2.625,1.0,1.0,5.0,5.0,0.9285714285714286,5,1.0,TRY_AGAIN,train,solvability-pair-0072274-try_again_m:5,5.0,solvability,0.0,0.0,1.0,0.9285714285714286
1.0,1.0,1.0,1.0,0.0,6.0,0.8125,1,0.0,0.0,4.0,-0.8125,1.0,solvability-pair-0072274-try_again_m,0.8125,0.0,1.0,0.0,1.9459101490553132,try_again_m,8.0,0.75,0.8,0.0,0.8,0.8,0.8,-1.0,-1.0,1.0,1.0,1.0,0.2689414213699951,0.7310585786300049,solvability-pair-0072274,-1.0,1.0,-1.0,5.0,5.0,0.8125,6,1.0,TRY_AGAIN,train,solvability-pair-0072274-try_again_m:6,0.0,solvability,0.0,0.0,1.0,0.8125
1.0,1.0,1.0,1.0,0.0,7.0,0.7222222222222222,0,0.0,0.0,3.0,-0.7222222222222222,1.0,solvability-pair-0072274-try_again_m,0.7222222222222222,0.0,2.0,0.0,2.0794415416798357,try_again_m,8.0,0.875,0.8,0.0,0.8,0.8,0.8,0.0,-1.0,-1.0,1.0,1.0,0.18242552380635632,0.8175744761936437,solvability-pair-0072274,-1.5,1.0,-1.0,5.0,5.0,0.7222222222222222,7,1.0,GIVE_UP,train,solvability-pair-0072274-try_again_m:7,0.0,solvability,0.0,0.0,1.0,0.7222222222222222
0.0,0.0,0.0,0.0,0.0,0.0,0.75,1,0.0,0.0,0.0,-0.75,1.0,solvability-pair-0072274-try_again_n,0.75,0.0,0.0,0.0,0.0,try_again_n,8.0,0.0,0.8,0.0,0.8,0.8,0.8,1.0,0.0,0.0,0.0,0.0,0.8175744761936437,0.18242552380635632,solvability-pair-0072274,1.5,0.0,0.0,0.0,0.0,0.75,0,0.0,TRY_AGAIN,train,solvability-pair-0072274-try_again_n:0,0.0,solvability,0.0,0.0,1.0,0.75
1.0,0.0,0.0,0.0,0.0,1.0,0.8333333333333334,1,0.0,0.0,1.0,-0.8333333333333334,1.0,solvability-pair-0072274-try_again_n,0.8333333333333334,0.0,0.0,0.0,0.6931471805599453,try_again_n,8.0,0.125,0.8,0.0,0.8,0.8,0.8,1.0,1.0,0.0,0.0,0.0,0.9999251537724895,7.484622751061124e-05,solvability-pair-0072274,9.5,1.0,1.0,1.0,1.0,0.8333333333333334,1,0.0,TRY_AGAIN,train,solvability-pair-0072274-try_again_n:1,1.0,solvability,0.0,0.0,1.0,0.8333333333333334
1.0,1.0,0.0,0.0,0.0,2.0,0.875,1,0.0,0.0,2.0,-0.875,1.0,solvability-pair-0072274-try_again_n,0.875,0.0,0.0,0.0,1.0986122886681098,try_again_n,8.0,0.25,0.8,0.0,0.8,0.8,0.8,1.0,1.0,1.0,0.0,0.0,0.9990889488055994,0.0009110511944006454,solvability-pair-0072274,7.0,1.0,1.0,2.0,2.0,0.875,2,1.0,TRY_AGAIN,train,solvability-pair-0072274-try_again_n:2,2.0,solvability,0.0,0.0,1.0,0.875
1.0,1.0,1.0,0.0,0.0,3.0,0.9,1,0.0,0.0,3.0,-0.9,1.0,solvability-pair-0072274-try_again_n,0.9,0.0,0.0,0.0,1.3862943611198906,try_again_n,8.0,0.375,0.8,0.0,0.8,0.8,0.8,1.0,1.0,1.0,1.0,0.0,0.9980732653366725,0.0019267346633274755,solvability-pair-0072274,6.25,1.0,1.0,3.0,3.0,0.9,3,1.0,TRY_AGAIN,train,solvability-pair-0072274-try_again_n:3,3.0,solvability,0.0,0.0,1.0,0.9
1.0,1.0,1.0,0.0,0.0,4.0,0.9166666666666666,1,0.0,0.0,4.0,-0.9166666666666666,1.0,solvability-pair-0072274-try_again_n,0.9166666666666666,0.0,0.0,0.0,1.6094379124341003,try_again_n,8.0,0.5,0.8,0.0,0.8,0.8,0.8,1.0,1.0,1.0,1.0,0.0,0.9796676466573412,0.020332353342658753,solvability-pair-0072274,3.875,1.0,1.0,4.0,4.0,0.9166666666666666,4,1.0,TRY_AGAIN,train,solvability-pair-0072274-try_again_n:4,4.0,solvability,0.0,0.0,1.0,0.9166666666666666
1.0,1.0,1.0,1.0,0.0,5.0,0.9285714285714286,1,0.0,0.0,5.0,-0.9285714285714286,1.0,solvability-pair-0072274-try_again_n,0.9285714285714286,0.0,0.0,0.0,1.791759469228055,try_again_n,8.0,0.625,0.8,0.0,0.8,0.8,0.8,-1.0,1.0,1.0,1.0,1.0,0.9465966702001757,0.053403329799824234,solvability-pair-0072274,2.875,1.0,1.0,5.0,5.0,0.9285714285714286,5,1.0,TRY_AGAIN,train,solvability-pair-0072274-try_again_n:5,5.0,solvability,0.0,0.0,1.0,0.9285714285714286
1.0,1.0,1.0,1.0,0.0,6.0,0.8125,1,0.0,0.0,4.0,-0.8125,1.0,solvability-pair-0072274-try_again_n,0.8125,0.0,1.0,0.0,1.9459101490553132,try_again_n,8.0,0.75,0.8,0.0,0.8,0.8,0.8,-1.0,-1.0,1.0,1.0,1.0,0.18242552380635632,0.8175744761936437,solvability-pair-0072274,-1.5,1.0,-1.0,5.0,5.0,0.8125,6,1.0,TRY_AGAIN,train,solvability-pair-0072274-try_again_n:6,0.0,solvability,0.0,0.0,1.0,0.8125
1.0,1.0,1.0,1.0,0.0,7.0,0.7222222222222222,0,0.0,0.0,3.0,-0.7222222222222222,1.0,solvability-pair-0072274-try_again_n,0.7222222222222222,0.0,2.0,0.0,2.0794415416798357,try_again_n,8.0,0.875,0.8,0.0,0.8,0.8,0.8,0.0,-1.0,-1.0,1.0,1.0,0.1480471980316895,0.8519528019683106,solvability-pair-0072274,-1.75,1.0,-1.0,5.0,5.0,0.7222222222222222,7,1.0,GIVE_UP,train,solvability-pair-0072274-try_again_n:7,0.0,solvability,0.0,0.0,1.0,0.7222222222222222
0.0,0.0,0.0,0.0,1.0,0.0,0.75,1,1.0,0.0,0.0,2.25,1.0,solvability-pair-0072275-try_again_m,-0.25,2.0,0.0,2.0,0.0,try_again_m,8.0,0.0,-0.19999999999999996,2.0,0.8,-2.2,-2.2,1.0,0.0,0.0,0.0,0.0,0.9399133498259924,0.06008665017400762,solvability-pair-0072275,2.75,0.0,0.0,0.0,0.0,-2.25,0,0.0,TRY_AGAIN,train,solvability-pair-0072275-try_again_m:0,0.0,solvability,0.0,0.0,1.0,-2.25
1.0,0.0,0.0,0.0,1.0,1.0,0.8333333333333334,1,1.0,1.0,1.0,2.1666666666666665,1.0,solvability-pair-0072275-try_again_m,-0.16666666666666663,2.0,0.0,2.0,0.6931471805599453,try_again_m,8.0,0.125,-0.19999999999999996,2.0,0.8,-2.2,-2.2,1.0,1.0,0.0,0.0,0.0,0.9993736658418905,0.0006263341581094201,solvability-pair-0072275,7.375,1.0,1.0,1.0,1.0,-2.1666666666666665,1,0.0,TRY_AGAIN,train,solvability-pair-0072275-try_again_m:1,1.0,solvability,0.0,0.0,1.0,-2.1666666666666665
1.0,1.0,0.0,0.0,1.0,2.0,0.875,1,1.0,2.0,2.0,2.125,1.0,solvability-pair-0072275-try_again_m,-0.125,2.0,0.0,2.0,1.0986122886681098,try_again_m,8.0,0.25,-0.19999999999999996,2.0,0.8,-2.2,-2.2,1.0,1.0,1.0,0.0,0.0,0.9770226300899744,0.02297736991002561,solvability-pair-0072275,3.75,1.0,1.0,2.0,2.0,-2.125,2,1.0,TRY_AGAIN,train,solvability-pair-0072275-try_again_m:2,2.0,solvability,0.0,0.0,1.0,-2.125
1.0,1.0,1.0,0.0,1.0,3.0,0.9,1,1.0,3.0,3.0,2.1,1.0,solvability-pair-0072275-try_again_m,-0.09999999999999998,2.0,0.0,2.0,1.3862943611198906,try_again_m,8.0,0.375,-0.19999999999999996,2.0,0.8,-2.2,-2.2,-1.0,1.0,1.0,1.0,0.0,0.9399133498259924,0.06008665017400762,solvability-pair-0072275,2.75,1.0,1.0,3.0,3.0,-2.1,3,1.0,TRY_AGAIN,train,solvability-pair-0072275-try_again_m:3,3.0,solvability,0.0,0.0,1.0,-2.1
1.0,1.0,1.0,0.0,1.0,4.0,0.75,0,1.0,4.0,2.0,2.25,1.0,solvability-pair-0072275-try_again_m,-0.25,2.0,1.0,2.0,1.6094379124341003,try_again_m,8.0,0.5,-0.19999999999999996,2.0,0.8,-2.2,-2.2,0.0,-1.0,1.0,1.0,0.0,0.22270013882530884,0.7772998611746911,solvability-pair-0072275,-1.25,1.0,-1.0,3.0,3.0,-2.25,4,1.0,GIVE_UP,train,solvability-pair-0072275-try_again_m:4,0.0,solvability,0.0,0.0,1.0,-2.25
0.0,0.0,0.0,0.0,1.0,0.0,0.75,0,1.0,0.0,0.0,2.25,1.0,solvability-pair-0072275-try_again_n,-0.25,2.0,0.0,2.0,0.0,try_again_n,8.0,0.0,-0.19999999999999996,2.0,0.8,-2.2,-2.2,0.0,0.0,0.0,0.0,0.0,0.679178699175393,0.32082130082460697,solvability-pair-0072275,0.75,0.0,0.0,0.0,0.0,-2.25,0,0.0,GIVE_UP,train,solvability-pair-0072275-try_again_n:0,0.0,solvability,0.0,0.0,1.0,-2.25
0.0,0.0,0.0,0.0,0.0,0.0,0.75,1,0.0,0.0,0.0,1.25,1.0,solvability-pair-0072276-try_again_m,0.75,2.0,0.0,2.0,0.0,try_again_m,8.0,0.0,0.8,2.0,0.8,-1.2,-1.2,1.0,0.0,0.0,0.0,0.0,0.9770226300899744,0.02297736991002561,solvability-pair-0072276,3.75,0.0,0.0,0.0,0.0,-1.25,0,0.0,TRY_AGAIN,validation,solvability-pair-0072276-try_again_m:0,0.0,solvability,0.0,0.0,1.0,-1.25
1.0,0.0,0.0,0.0,0.0,1.0,0.8333333333333334,1,0.0,0.0,1.0,1.1666666666666665,1.0,solvability-pair-0072276-try_again_m,0.8333333333333334,2.0,0.0,2.0,0.6931471805599453,try_again_m,8.0,0.125,0.8,2.0,0.8,-1.2,-1.2,-1.0,1.0,0.0,0.0,0.0,0.9996646498695336,0.00033535013046647816,solvability-pair-0072276,8.0,1.0,1.0,1.0,1.0,-1.1666666666666665,1,0.0,TRY_AGAIN,validation,solvability-pair-0072276-try_again_m:1,1.0,solvability,0.0,0.0,1.0,-1.1666666666666665
1.0,1.0,0.0,0.0,0.0,2.0,0.625,1,0.0,0.0,0.0,1.375,1.0,solvability-pair-0072276-try_again_m,0.625,2.0,1.0,2.0,1.0986122886681098,try_again_m,8.0,0.25,0.8,2.0,0.8,-1.2,-1.2,1.0,-1.0,1.0,0.0,0.0,0.7310585786300049,0.2689414213699951,solvability-pair-0072276,1.0,1.0,-1.0,1.0,1.0,-1.375,2,1.0,TRY_AGAIN,validation,solvability-pair-0072276-try_again_m:2,0.0,solvability,0.0,0.0,1.0,-1.375
1.0,1.0,1.0,0.0,0.0,3.0,0.7,1,0.0,0.0,1.0,1.3,1.0,solvability-pair-0072276-try_again_m,0.7,2.0,0.0,2.0,1.3862943611198906,try_again_m,8.0,0.375,0.8,2.0,0.8,-1.2,-1.2,-1.0,1.0,-1.0,1.0,0.0,0.9740426428022031,0.02595735719779685,solvability-pair-0072276,3.625,1.0,1.0,2.0,2.0,-1.3,3,1.0,TRY_AGAIN,validation,solvability-pair-0072276-try_again_m:3,1.0,solvability,0.0,0.0,1.0,-1.3
1.0,1.0,1.0,0.0,0.0,4.0,0.5833333333333334,0,0.0,0.0,0.0,1.4166666666666665,1.0,solvability-pair-0072276-try_again_m,0.5833333333333334,2.0,1.0,2.0,1.6094379124341003,try_again_m,8.0,0.5,0.8,2.0,0.8,-1.2,-1.2,0.0,-1.0,1.0,-1.0,0.0,0.5312093733737563,0.46879062662624377,solvability-pair-0072276,0.125,1.0,-1.0,2.0,2.0,-1.4166666666666665,4,1.0,GIVE_UP,validation,solvability-pair-0072276-try_again_m:4,0.0,solvability,0.0,0.0,1.0,-1.4166666666666665
0.0,0.0,0.0,0.0,0.0,0.0,0.75,1,0.0,0.0,0.0,1.25,1.0,solvability-pair-0072276-try_again_n,0.75,2.0,0.0,2.0,0.0,try_again_n,8.0,0.0,0.8,2.0,0.8,-1.2,-1.2,1.0,0.0,0.0,0.0,0.0,0.7772998611746911,0.22270013882530884,solvability-pair-0072276,1.25,0.0,0.0,0.0,0.0,-1.25,0,0.0,TRY_AGAIN,validation,solvability-pair-0072276-try_again_n:0,0.0,solvability,0.0,0.0,1.0,-1.25
1.0,0.0,0.0,0.0,0.0,1.0,0.8333333333333334,1,0.0,0.0,1.0,1.1666666666666665,1.0,solvability-pair-0072276-try_again_n,0.8333333333333334,2.0,0.0,2.0,0.6931471805599453,try_again_n,8.0,0.125,0.8,2.0,0.8,-1.2,-1.2,-1.0,1.0,0.0,0.0,0.0,0.9997694932780068,0.0002305067219931397,solvability-pair-0072276,8.375,1.0,1.0,1.0,1.0,-1.1666666666666665,1,0.0,TRY_AGAIN,validation,solvability-pair-0072276-try_again_n:1,1.0,solvability,0.0,0.0,1.0,-1.1666666666666665
1.0,1.0,0.0,0.0,0.0,2.0,0.625,1,0.0,0.0,0.0,1.375,1.0,solvability-pair-0072276-try_again_n,0.625,2.0,1.0,2.0,1.0986122886681098,try_again_n,8.0,0.25,0.8,2.0,0.8,-1.2,-1.2,1.0,-1.0,1.0,0.0,0.0,0.9046505351008906,0.0953494648991095,solvability-pair-0072276,2.25,1.0,-1.0,1.0,1.0,-1.375,2,1.0,TRY_AGAIN,validation,solvability-pair-0072276-try_again_n:2,0.0,solvability,0.0,0.0,1.0,-1.375
1.0,1.0,1.0,0.0,0.0,3.0,0.7,1,0.0,0.0,1.0,1.3,1.0,solvability-pair-0072276-try_again_n,0.7,2.0,0.0,2.0,1.3862943611198906,try_again_n,8.0,0.375,0.8,2.0,0.8,-1.2,-1.2,-1.0,1.0,-1.0,1.0,0.0,0.9947798743064417,0.005220125693558397,solvability-pair-0072276,5.25,1.0,1.0,2.0,2.0,-1.3,3,1.0,TRY_AGAIN,validation,solvability-pair-0072276-try_again_n:3,1.0,solvability,0.0,0.0,1.0,-1.3
1.0,1.0,1.0,0.0,0.0,4.0,0.5833333333333334,1,0.0,0.0,0.0,1.4166666666666665,1.0,solvability-pair-0072276-try_again_n,0.5833333333333334,2.0,1.0,2.0,1.6094379124341003,try_again_n,8.0,0.5,0.8,2.0,0.8,-1.2,-1.2,1.0,-1.0,1.0,-1.0,0.0,0.7549149868676283,0.24508501313237172,solvability-pair-0072276,1.125,1.0,-1.0,2.0,2.0,-1.4166666666666665,4,1.0,TRY_AGAIN,validation,solvability-pair-0072276-try_again_n:4,0.0,solvability,0.0,0.0,1.0,-1.4166666666666665
1.0,1.0,1.0,1.0,0.0,5.0,0.6428571428571429,1,0.0,0.0,1.0,1.3571428571428572,1.0,solvability-pair-0072276-try_again_n,0.6428571428571429,2.0,0.0,2.0,1.791759469228055,try_again_n,8.0,0.625,0.8,2.0,0.8,-1.2,-1.2,1.0,1.0,-1.0,1.0,1.0,0.7772998611746911,0.22270013882530884,solvability-pair-0072276,1.25,1.0,1.0,3.0,3.0,-1.3571428571428572,5,1.0,TRY_AGAIN,validation,solvability-pair-0072276-try_again_n:5,1.0,solvability,0.0,0.0,1.0,-1.3571428571428572
1.0,1.0,1.0,1.0,0.0,6.0,0.6875,0,0.0,0.0,2.0,1.3125,1.0,solvability-pair-0072276-try_again_n,0.6875,2.0,0.0,2.0,1.9459101490553132,try_again_n,8.0,0.75,0.8,2.0,0.8,-1.2,-1.2,0.0,1.0,1.0,-1.0,-1.0,0.6224593312018546,0.37754066879814546,solvability-pair-0072276,0.5,1.0,1.0,4.0,4.0,-1.3125,6,1.0,GIVE_UP,validation,solvability-pair-0072276-try_again_n:6,2.0,solvability,0.0,0.0,1.0,-1.3125
0.0,0.0,0.0,0.0,1.0,0.0,0.5,0,1.0,0.0,0.0,2.5,0.0,solvability-pair-0072277-try_again_m,-0.5,2.0,0.0,2.0,0.0,try_again_m,8.0,0.0,-0.5,2.0,0.5,-2.5,-2.5,0.0,0.0,0.0,0.0,0.0,0.46879062662624377,0.5312093733737563,solvability-pair-0072277,-0.125,0.0,0.0,0.0,0.0,-2.5,0,0.0,GIVE_UP,train,solvability-pair-0072277-try_again_m:0,0.0,solvability,0.0,0.0,1.0,-2.5
0.0,0.0,0.0,0.0,1.0,0.0,0.5,0,1.0,0.0,0.0,2.5,0.0,solvability-pair-0072277-try_again_n,-0.5,2.0,0.0,2.0,0.0,try_again_n,8.0,0.0,-0.5,2.0,0.5,-2.5,-2.5,0.0,0.0,0.0,0.0,0.0,0.22270013882530884,0.7772998611746911,solvability-pair-0072277,-1.25,0.0,0.0,0.0,0.0,-2.5,0,0.0,GIVE_UP,train,solvability-pair-0072277-try_again_n:0,0.0,solvability,0.0,0.0,1.0,-2.5
0.0,0.0,0.0,0.0,1.0,0.0,0.5,0,1.0,0.0,0.0,0.5,0.0,solvability-pair-0072278-try_again_m,-0.5,0.0,0.0,0.0,0.0,try_again_m,8.0,0.0,-0.5,0.0,0.5,-0.5,-0.5,0.0,0.0,0.0,0.0,0.0,0.5621765008857981,0.4378234991142019,solvability-pair-0072278,0.25,0.0,0.0,0.0,0.0,-0.5,0,0.0,GIVE_UP,validation,solvability-pair-0072278-try_again_m:0,0.0,solvability,0.0,0.0,1.0,-0.5
0.0,0.0,0.0,0.0,1.0,0.0,0.5,0,1.0,0.0,0.0,0.5,0.0,solvability-pair-0072278-try_again_n,-0.5,0.0,0.0,0.0,0.0,try_again_n,8.0,0.0,-0.5,0.0,0.5,-0.5,-0.5,0.0,0.0,0.0,0.0,0.0,0.2689414213699951,0.7310585786300049,solvability-pair-0072278,-1.0,0.0,0.0,0.0,0.0,-0.5,0,0.0,GIVE_UP,validation,solvability-pair-0072278-try_again_n:0,0.0,solvability,0.0,0.0,1.0,-0.5
0.0,0.0,0.0,0.0,1.0,0.0,0.25,0,1.0,0.0,0.0,2.75,-1.0,solvability-pair-0072279-try_again_m,-0.75,2.0,0.0,2.0,0.0,try_again_m,8.0,0.0,-0.8,2.0,0.2,-2.8,-2.8,0.0,0.0,0.0,0.0,0.0,0.32082130082460697,0.679178699175393,solvability-pair-0072279,-0.75,0.0,0.0,0.0,0.0,-2.75,0,0.0,GIVE_UP,train,solvability-pair-0072279-try_again_m:0,0.0,solvability,0.0,0.0,1.0,-2.75
0.0,0.0,0.0,0.0,1.0,0.0,0.25,0,1.0,0.0,0.0,2.75,-1.0,solvability-pair-0072279-try_again_n,-0.75,2.0,0.0,2.0,0.0,try_again_n,8.0,0.0,-0.8,2.0,0.2,-2.8,-2.8,0.0,0.0,0.0,0.0,0.0,0.18242552380635632,0.8175744761936437,solvability-pair-0072279,-1.5,0.0,0.0,0.0,0.0,-2.75,0,0.0,GIVE_UP,train,solvability-pair-0072279-try_again_n:0,0.0,solvability,0.0,0.0,1.0,-2.75
0.0,0.0,0.0,0.0,1.0,0.0,0.75,1,1.0,0.0,0.0,0.25,1.0,solvability-pair-0072280-try_again_m,-0.25,0.0,0.0,0.0,0.0,try_again_m,8.0,0.0,-0.19999999999999996,0.0,0.8,-0.19999999999999996,-0.19999999999999996,1.0,0.0,0.0,0.0,0.0,0.9626731126558706,0.037326887344129464,solvability-pair-0072280,3.25,0.0,0.0,0.0,0.0,-0.25,0,0.0,TRY_AGAIN,train,solvability-pair-0072280-try_again_m:0,0.0,solvability,0.0,0.0,1.0,-0.25
1.0,0.0,0.0,0.0,1.0,1.0,0.8333333333333334,1,1.0,1.0,1.0,0.16666666666666663,1.0,solvability-pair-0072280-try_again_m,-0.16666666666666663,0.0,0.0,0.0,0.6931471805599453,try_again_m,8.0,0.125,-0.19999999999999996,0.0,0.8,-0.19999999999999996,-0.19999999999999996,1.0,1.0,0.0,0.0,0.0,0.9995694429186754,0.00043055708132461493,solvability-pair-0072280,7.75,1.0,1.0,1.0,1.0,-0.16666666666666663,1,0.0,TRY_AGAIN,train,solvability-pair-0072280-try_again_m:1,1.0,solvability,0.0,0.0,1.0,-0.16666666666666663
1.0,1.0,0.0,0.0,1.0,2.0,0.875,1,1.0,2.0,2.0,0.125,1.0,solvability-pair-0072280-try_again_m,-0.125,0.0,0.0,0.0,1.0986122886681098,try_again_m,8.0,0.25,-0.19999999999999996,0.0,0.8,-0.19999999999999996,-0.19999999999999996,1.0,1.0,1.0,0.0,0.0,0.991422514586288,0.008577485413711986,solvability-pair-0072280,4.75,1.0,1.0,2.0,2.0,-0.125,2,1.0,TRY_AGAIN,train,solvability-pair-0072280-try_again_m:2,2.0,solvability,0.0,0.0,1.0,-0.125
1.0,1.0,1.0,0.0,1.0,3.0,0.9,1,1.0,3.0,3.0,0.09999999999999998,1.0,solvability-pair-0072280-try_again_m,-0.09999999999999998,0.0,0.0,0.0,1.3862943611198906,try_again_m,8.0,0.375,-0.19999999999999996,0.0,0.8,-0.19999999999999996,-0.19999999999999996,-1.0,1.0,1.0,1.0,0.0,0.9770226300899744,0.02297736991002561,solvability-pair-0072280,3.75,1.0,1.0,3.0,3.0,-0.09999999999999998,3,1.0,TRY_AGAIN,train,solvability-pair-0072280-try_again_m:3,3.0,solvability,0.0,0.0,1.0,-0.09999999999999998
1.0,1.0,1.0,0.0,1.0,4.0,0.75,0,1.0,4.0,2.0,0.25,1.0,solvability-pair-0072280-try_again_m,-0.25,0.0,1.0,0.0,1.6094379124341003,try_again_m,8.0,0.5,-0.19999999999999996,0.0,0.8,-0.19999999999999996,-0.19999999999999996,0.0,-1.0,1.0,1.0,0.0,0.32082130082460697,0.679178699175393,solvability-pair-0072280,-0.75,1.0,-1.0,3.0,3.0,-0.25,4,1.0,GIVE_UP,train,solvability-pair-0072280-try_again_m:4,0.0,solvability,0.0,0.0,1.0,-0.25
0.0,0.0,0.0,0.0,1.0,0.0,0.75,1,1.0,0.0,0.0,0.25,1.0,solvability-pair-0072280-try_again_n,-0.25,0.0,0.0,0.0,0.0,try_again_n,8.0,0.0,-0.19999999999999996,0.0,0.8,-0.19999999999999996,-0.19999999999999996,1.0,0.0,0.0,0.0,0.0,0.7549149868676283,0.24508501313237172,solvability-pair-0072280,1.125,0.0,0.0,0.0,0.0,-0.25,0,0.0,TRY_AGAIN,train,solvability-pair-0072280-try_again_n:0,0.0,solvability,0.0,0.0,1.0,-0.25
1.0,0.0,0.0,0.0,1.0,1.0,0.8333333333333334,1,1.0,1.0,1.0,0.16666666666666663,1.0,solvability-pair-0072280-try_again_n,-0.16666666666666663,0.0,0.0,0.0,0.6931471805599453,try_again_n,8.0,0.125,-0.19999999999999996,0.0,0.8,-0.19999999999999996,-0.19999999999999996,1.0,1.0,0.0,0.0,0.0,0.9998204720306533,0.0001795279693467774,solvability-pair-0072280,8.625,1.0,1.0,1.0,1.0,-0.16666666666666663,1,0.0,TRY_AGAIN,train,solvability-pair-0072280-try_again_n:1,1.0,solvability,0.0,0.0,1.0,-0.16666666666666663
1.0,1.0,0.0,0.0,1.0,2.0,0.875,1,1.0,2.0,2.0,0.125,1.0,solvability-pair-0072280-try_again_n,-0.125,0.0,0.0,0.0,1.0986122886681098,try_again_n,8.0,0.25,-0.19999999999999996,0.0,0.8,-0.19999999999999996,-0.19999999999999996,1.0,1.0,1.0,0.0,0.0,0.9975273768433653,0.0024726231566347748,solvability-pair-0072280,6.0,1.0,1.0,2.0,2.0,-0.125,2,1.0,TRY_AGAIN,train,solvability-pair-0072280-try_again_n:2,2.0,solvability,0.0,0.0,1.0,-0.125
1.0,1.0,1.0,0.0,1.0,3.0,0.9,1,1.0,3.0,3.0,0.09999999999999998,1.0,solvability-pair-0072280-try_again_n,-0.09999999999999998,0.0,0.0,0.0,1.3862943611198906,try_again_n,8.0,0.375,-0.19999999999999996,0.0,0.8,-0.19999999999999996,-0.19999999999999996,-1.0,1.0,1.0,1.0,0.0,0.991422514586288,0.008577485413711986,solvability-pair-0072280,4.75,1.0,1.0,3.0,3.0,-0.09999999999999998,3,1.0,TRY_AGAIN,train,solvability-pair-0072280-try_again_n:3,3.0,solvability,0.0,0.0,1.0,-0.09999999999999998
1.0,1.0,1.0,0.0,1.0,4.0,0.75,0,1.0,4.0,2.0,0.25,1.0,solvability-pair-0072280-try_again_n,-0.25,0.0,1.0,0.0,1.6094379124341003,try_again_n,8.0,0.5,-0.19999999999999996,0.0,0.8,-0.19999999999999996,-0.19999999999999996,0.0,-1.0,1.0,1.0,0.0,0.2689414213699951,0.7310585786300049,solvability-pair-0072280,-1.0,1.0,-1.0,3.0,3.0,-0.25,4,1.0,GIVE_UP,train,solvability-pair-0072280-try_again_n:4,0.0,solvability,0.0,0.0,1.0,-0.25
0.0,0.0,0.0,0.0,0.0,0.0,0.5,1,0.0,0.0,0.0,1.5,0.0,solvability-pair-0072281-try_again_m,0.5,2.0,0.0,2.0,0.0,try_again_m,8.0,0.0,0.5,2.0,0.5,-1.5,-1.5,1.0,0.0,0.0,0.0,0.0,0.6224593312018546,0.37754066879814546,solvability-pair-0072281,0.5,0.0,0.0,0.0,0.0,-1.5,0,0.0,TRY_AGAIN,validation,solvability-pair-0072281-try_again_m:0,0.0,solvability,0.0,0.0,1.0,-1.5
1.0,0.0,0.0,0.0,0.0,1.0,0.6666666666666666,1,0.0,0.0,1.0,1.3333333333333335,0.0,solvability-pair-0072281-try_again_m,0.6666666666666666,2.0,0.0,2.0,0.6931471805599453,try_again_m,8.0,0.125,0.5,2.0,0.5,-1.5,-1.5,1.0,1.0,0.0,0.0,0.0,0.9980732653366725,0.0019267346633274755,solvability-pair-0072281,6.25,1.0,1.0,1.0,1.0,-1.3333333333333335,1,0.0,TRY_AGAIN,validation,solvability-pair-0072281-try_again_m:1,1.0,solvability,0.0,0.0,1.0,-1.3333333333333335
1.0,1.0,0.0,0.0,0.0,2.0,0.75,1,0.0,0.0,2.0,1.25,0.0,solvability-pair-0072281-try_again_m,0.75,2.0,0.0,2.0,1.0986122886681098,try_again_m,8.0,0.25,0.5,2.0,0.5,-1.5,-1.5,-1.0,1.0,1.0,0.0,0.0,0.9465966702001757,0.053403329799824234,solvability-pair-0072281,2.875,1.0,1.0,2.0,2.0,-1.25,2,1.0,TRY_AGAIN,validation,solvability-pair-0072281-try_again_m:2,2.0,solvability,0.0,0.0,1.0,-1.25
1.0,1.0,1.0,0.0,0.0,3.0,0.6,0,0.0,0.0,1.0,1.4,0.0,solvability-pair-0072281-try_again_m,0.6,2.0,1.0,2.0,1.3862943611198906,try_again_m,8.0,0.375,0.5,2.0,0.5,-1.5,-1.5,0.0,-1.0,1.0,1.0,0.0,0.4073334000459302,0.5926665999540697,solvability-pair-0072281,-0.375,1.0,-1.0,2.0,2.0,-1.4,3,1.0,GIVE_UP,validation,solvability-pair-0072281-try_again_m:3,0.0,solvability,0.0,0.0,1.0,-1.4
0.0,0.0,0.0,0.0,0.0,0.0,0.5,0,0.0,0.0,0.0,1.5,0.0,solvability-pair-0072281-try_again_n,0.5,2.0,0.0,2.0,0.0,try_again_n,8.0,0.0,0.5,2.0,0.5,-1.5,-1.5,0.0,0.0,0.0,0.0,0.0,0.2689414213699951,0.7310585786300049,solvability-pair-0072281,-1.0,0.0,0.0,0.0,0.0,-1.5,0,0.0,GIVE_UP,validation,solvability-pair-0072281-try_again_n:0,0.0,solvability,0.0,0.0,1.0,-1.5
0.0,0.0,0.0,0.0,0.0,0.0,0.5,1,0.0,0.0,0.0,-0.5,0.0,solvability-pair-0072282-try_again_m,0.5,0.0,0.0,0.0,0.0,try_again_m,8.0,0.0,0.5,0.0,0.5,0.5,0.5,1.0,0.0,0.0,0.0,0.0,0.7549149868676283,0.24508501313237172,solvability-pair-0072282,1.125,0.0,0.0,0.0,0.0,0.5,0,0.0,TRY_AGAIN,validation,solvability-pair-0072282-try_again_m:0,0.0,solvability,0.0,0.0,1.0,0.5
1.0,0.0,0.0,0.0,0.0,1.0,0.6666666666666666,1,0.0,0.0,1.0,-0.6666666666666666,0.0,solvability-pair-0072282-try_again_m,0.6666666666666666,0.0,0.0,0.0,0.6931471805599453,try_again_m,8.0,0.125,0.5,0.0,0.5,0.5,0.5,-1.0,1.0,0.0,0.0,0.0,0.9989677689632452,0.0010322310367548194,solvability-pair-0072282,6.875,1.0,1.0,1.0,1.0,0.6666666666666666,1,0.0,TRY_AGAIN,validation,solvability-pair-0072282-try_again_m:1,1.0,solvability,0.0,0.0,1.0,0.6666666666666666
1.0,1.0,0.0,0.0,0.0,2.0,0.5,0,0.0,0.0,0.0,-0.5,0.0,solvability-pair-0072282-try_again_m,0.5,0.0,1.0,0.0,1.0986122886681098,try_again_m,8.0,0.25,0.5,0.0,0.5,0.5,0.5,0.0,-1.0,1.0,0.0,0.0,0.7549149868676283,0.24508501313237172,solvability-pair-0072282,1.125,1.0,-1.0,1.0,1.0,0.5,2,1.0,GIVE_UP,validation,solvability-pair-0072282-try_again_m:2,0.0,solvability,0.0,0.0,1.0,0.5
0.0,0.0,0.0,0.0,0.0,0.0,0.5,1,0.0,0.0,0.0,-0.5,0.0,solvability-pair-0072282-try_again_n,0.5,0.0,0.0,0.0,0.0,try_again_n,8.0,0.0,0.5,0.0,0.5,0.5,0.5,1.0,0.0,0.0,0.0,0.0,0.34864513533394575,0.6513548646660542,solvability-pair-0072282,-0.625,0.0,0.0,0.0,0.0,0.5,0,0.0,TRY_AGAIN,validation,solvability-pair-0072282-try_again_n:0,0.0,solvability,0.0,0.0,1.0,0.5
1.0,0.0,0.0,0.0,0.0,1.0,0.6666666666666666,1,0.0,0.0,1.0,-0.6666666666666666,0.0,solvability-pair-0072282-try_again_n,0.6666666666666666,0.0,0.0,0.0,0.6931471805599453,try_again_n,8.0,0.125,0.5,0.0,0.5,0.5,0.5,-1.0,1.0,0.0,0.0,0.0,0.9990889488055994,0.0009110511944006454,solvability-pair-0072282,7.0,1.0,1.0,1.0,1.0,0.6666666666666666,1,0.0,TRY_AGAIN,validation,solvability-pair-0072282-try_again_n:1,1.0,solvability,0.0,0.0,1.0,0.6666666666666666
1.0,1.0,0.0,0.0,0.0,2.0,0.5,0,0.0,0.0,0.0,-0.5,0.0,solvability-pair-0072282-try_again_n,0.5,0.0,1.0,0.0,1.0986122886681098,try_again_n,8.0,0.25,0.5,0.0,0.5,0.5,0.5,0.0,-1.0,1.0,0.0,0.0,0.8519528019683106,0.1480471980316895,solvability-pair-0072282,1.75,1.0,-1.0,1.0,1.0,0.5,2,1.0,GIVE_UP,validation,solvability-pair-0072282-try_again_n:2,0.0,solvability,0.0,0.0,1.0,0.5
0.0,0.0,0.0,0.0,0.0,0.0,0.25,0,0.0,0.0,0.0,-0.25,-1.0,solvability-pair-0072283-try_again_m,0.25,0.0,0.0,0.0,0.0,try_again_m,8.0,0.0,0.2,0.0,0.2,0.2,0.2,0.0,0.0,0.0,0.0,0.0,0.5,0.5,solvability-pair-0072283,0.0,0.0,0.0,0.0,0.0,0.25,0,0.0,GIVE_UP,train,solvability-pair-0072283-try_again_m:0,0.0,solvability,0.0,0.0,1.0,0.25
0.0,0.0,0.0,0.0,0.0,0.0,0.25,0,0.0,0.0,0.0,-0.25,-1.0,solvability-pair-0072283-try_again_n,0.25,0.0,0.0,0.0,0.0,try_again_n,8.0,0.0,0.2,0.0,0.2,0.2,0.2,0.0,0.0,0.0,0.0,0.0,0.22270013882530884,0.7772998611746911,solvability-pair-0072283,-1.25,0.0,0.0,0.0,0.0,0.25,0,0.0,GIVE_UP,train,solvability-pair-0072283-try_again_n:0,0.0,solvability,0.0,0.0,1.0,0.25
0.0,0.0,0.0,0.0,0.0,0.0,0.25,0,0.0,0.0,0.0,1.75,-1.0,solvability-pair-0072284-try_again_m,0.25,2.0,0.0,2.0,0.0,try_again_m,8.0,0.0,0.2,2.0,0.2,-1.8,-1.8,0.0,0.0,0.0,0.0,0.0,0.4073334000459302,0.5926665999540697,solvability-pair-0072284,-0.375,0.0,0.0,0.0,0.0,-1.75,0,0.0,GIVE_UP,train,solvability-pair-0072284-try_again_m:0,0.0,solvability,0.0,0.0,1.0,-1.75
0.0,0.0,0.0,0.0,0.0,0.0,0.25,0,0.0,0.0,0.0,1.75,-1.0,solvability-pair-0072284-try_again_n,0.25,2.0,0.0,2.0,0.0,try_again_n,8.0,0.0,0.2,2.0,0.2,-1.8,-1.8,0.0,0.0,0.0,0.0,0.0,0.20181322226037882,0.7981867777396212,solvability-pair-0072284,-1.375,0.0,0.0,0.0,0.0,-1.75,0,0.0,GIVE_UP,train,solvability-pair-0072284-try_again_n:0,0.0,solvability,0.0,0.0,1.0,-1.75
0.0,0.0,0.0,0.0,1.0,0.0,0.25,0,1.0,0.0,0.0,0.75,-1.0,solvability-pair-0072285-try_again_m,-0.75,0.0,0.0,0.0,0.0,try_again_m,8.0,0.0,-0.8,0.0,0.2,-0.8,-0.8,0.0,0.0,0.0,0.0,0.0,0.37754066879814546,0.6224593312018546,solvability-pair-0072285,-0.5,0.0,0.0,0.0,0.0,-0.75,0,0.0,GIVE_UP,train,solvability-pair-0072285-try_again_m:0,0.0,solvability,0.0,0.0,1.0,-0.75
0.0,0.0,0.0,0.0,1.0,0.0,0.25,0,1.0,0.0,0.0,0.75,-1.0,solvability-pair-0072285-try_again_n,-0.75,0.0,0.0,0.0,0.0,try_again_n,8.0,0.0,-0.8,0.0,0.2,-0.8,-0.8,0.0,0.0,0.0,0.0,0.0,0.22270013882530884,0.7772998611746911,solvability-pair-0072285,-1.25,0.0,0.0,0.0,0.0,-0.75,0,0.0,GIVE_UP,train,solvability-pair-0072285-try_again_n:0,0.0,solvability,0.0,0.0,1.0,-0.75
0.0,0.0,0.0,0.0,0.0,0.0,0.75,1,0.0,0.0,0.0,-0.75,1.0,solvability-pair-0072286-try_again_m,0.75,0.0,0.0,0.0,0.0,try_again_m,8.0,0.0,0.8,0.0,0.8,0.8,0.8,1.0,0.0,0.0,0.0,0.0,0.9840936082881853,0.01590639171181471,solvability-pair-0072286,4.125,0.0,0.0,0.0,0.0,0.75,0,0.0,TRY_AGAIN,validation,solvability-pair-0072286-try_again_m:0,0.0,solvability,0.0,0.0,1.0,0.75
1.0,0.0,0.0,0.0,0.0,1.0,0.8333333333333334,1,0.0,0.0,1.0,-0.8333333333333334,1.0,solvability-pair-0072286-try_again_m,0.8333333333333334,0.0,0.0,0.0,0.6931471805599453,try_again_m,8.0,0.125,0.8,0.0,0.8,0.8,0.8,1.0,1.0,0.0,0.0,0.0,0.9997965730219448,0.0002034269780552065,solvability-pair-0072286,8.5,1.0,1.0,1.0,1.0,0.8333333333333334,1,0.0,TRY_AGAIN,validation,solvability-pair-0072286-try_again_m:1,1.0,solvability,0.0,0.0,1.0,0.8333333333333334
1.0,1.0,0.0,0.0,0.0,2.0,0.875,1,0.0,0.0,2.0,-0.875,1.0,solvability-pair-0072286-try_again_m,0.875,0.0,0.0,0.0,1.0986122886681098,try_again_m,8.0,0.25,0.8,0.0,0.8,0.8,0.8,1.0,1.0,1.0,0.0,0.0,0.9968273171575148,0.0031726828424851893,solvability-pair-0072286,5.75,1.0,1.0,2.0,2.0,0.875,2,1.0,TRY_AGAIN,validation,solvability-pair-0072286-try_again_m:2,2.0,solvability,0.0,0.0,1.0,0.875
1.0,1.0,1.0,0.0,0.0,3.0,0.9,1,0.0,0.0,3.0,-0.9,1.0,solvability-pair-0072286-try_again_m,0.9,0.0,0.0,0.0,1.3862943611198906,try_again_m,8.0,0.375,0.8,0.0,0.8,0.8,0.8,1.0,1.0,1.0,1.0,0.0,0.9940889311437562,0.005911068856243796,solvability-pair-0072286,5.125,1.0,1.0,3.0,3.0,0.9,3,1.0,TRY_AGAIN,validation,solvability-pair-0072286-try_again_m:3,3.0,solvability,0.0,0.0,1.0,0.9
1.0,1.0,1.0,0.0,0.0,4.0,0.9166666666666666,1,0.0,0.0,4.0,-0.9166666666666666,1.0,solvability-pair-0072286-try_again_m,0.9166666666666666,0.0,0.0,0.0,1.6094379124341003,try_again_m,8.0,0.5,0.8,0.0,0.8,0.8,0.8,1.0,1.0,1.0,1.0,0.0,0.9706877692486436,0.029312230751356316,solvability-pair-0072286,3.5,1.0,1.0,4.0,4.0,0.9166666666666666,4,1.0,TRY_AGAIN,validation,solvability-pair-0072286-try_again_m:4,4.0,solvability,0.0,0.0,1.0,0.9166666666666666
1.0,1.0,1.0,1.0,0.0,5.0,0.9285714285714286,1,0.0,0.0,5.0,-0.9285714285714286,1.0,solvability-pair-0072286-try_again_m,0.9285714285714286,0.0,0.0,0.0,1.791759469228055,try_again_m,8.0,0.625,0.8,0.0,0.8,0.8,0.8,1.0,1.0,1.0,1.0,1.0,0.9324533088603709,0.0675466911396291,solvability-pair-0072286,2.625,1.0,1.0,5.0,5.0,0.9285714285714286,5,1.0,TRY_AGAIN,validation,solvability-pair-0072286-try_again_m:5,5.0,solvability,0.0,0.0,1.0,0.9285714285714286
1.0,1.0,1.0,1.0,0.0,6.0,0.9375,1,0.0,0.0,6.0,-0.9375,1.0,solvability-pair-0072286-try_again_m,0.9375,0.0,0.0,0.0,1.9459101490553132,try_again_m,8.0,0.75,0.8,0.0,0.8,0.8,0.8,1.0,1.0,1.0,1.0,1.0,0.9046505351008906,0.0953494648991095,solvability-pair-0072286,2.25,1.0,1.0,6.0,6.0,0.9375,6,1.0,TRY_AGAIN,validation,solvability-pair-0072286-try_again_m:6,6.0,solvability,0.0,0.0,1.0,0.9375
1.0,1.0,1.0,1.0,0.0,7.0,0.9444444444444444,0,0.0,0.0,7.0,-0.9444444444444444,1.0,solvability-pair-0072286-try_again_m,0.9444444444444444,0.0,0.0,0.0,2.0794415416798357,try_again_m,8.0,0.875,0.8,0.0,0.8,0.8,0.8,0.0,1.0,1.0,1.0,1.0,0.7772998611746911,0.22270013882530884,solvability-pair-0072286,1.25,1.0,1.0,7.0,7.0,0.9444444444444444,7,1.0,GIVE_UP,validation,solvability-pair-0072286-try_again_m:7,7.0,solvability,0.0,0.0,1.0,0.9444444444444444
0.0,0.0,0.0,0.0,0.0,0.0,0.75,1,0.0,0.0,0.0,-0.75,1.0,solvability-pair-0072286-try_again_n,0.75,0.0,0.0,0.0,0.0,try_again_n,8.0,0.0,0.8,0.0,0.8,0.8,0.8,1.0,0.0,0.0,0.0,0.0,0.8175744761936437,0.18242552380635632,solvability-pair-0072286,1.5,0.0,0.0,0.0,0.0,0.75,0,0.0,TRY_AGAIN,validation,solvability-pair-0072286-try_again_n:0,0.0,solvability,0.0,0.0,1.0,0.75
1.0,0.0,0.0,0.0,0.0,1.0,0.8333333333333334,1,0.0,0.0,1.0,-0.8333333333333334,1.0,solvability-pair-0072286-try_again_n,0.8333333333333334,0.0,0.0,0.0,0.6931471805599453,try_again_n,8.0,0.125,0.8,0.0,0.8,0.8,0.8,1.0,1.0,0.0,0.0,0.0,0.9999251537724895,7.484622751061124e-05,solvability-pair-0072286,9.5,1.0,1.0,1.0,1.0,0.8333333333333334,1,0.0,TRY_AGAIN,validation,solvability-pair-0072286-try_again_n:1,1.0,solvability,0.0,0.0,1.0,0.8333333333333334
1.0,1.0,0.0,0.0,0.0,2.0,0.875,1,0.0,0.0,2.0,-0.875,1.0,solvability-pair-0072286-try_again_n,0.875,0.0,0.0,0.0,1.0986122886681098,try_again_n,8.0,0.25,0.8,0.0,0.8,0.8,0.8,1.0,1.0,1.0,0.0,0.0,0.9990889488055994,0.0009110511944006454,solvability-pair-0072286,7.0,1.0,1.0,2.0,2.0,0.875,2,1.0,TRY_AGAIN,validation,solvability-pair-0072286-try_again_n:2,2.0,solvability,0.0,0.0,1.0,0.875
1.0,1.0,1.0,0.0,0.0,3.0,0.9,1,0.0,0.0,3.0,-0.9,1.0,solvability-pair-0072286-try_again_n,0.9,0.0,0.0,0.0,1.3862943611198906,try_again_n,8.0,0.375,0.8,0.0,0.8,0.8,0.8,1.0,1.0,1.0,1.0,0.0,0.9980732653366725,0.0019267346633274755,solvability-pair-0072286,6.25,1.0,1.0,3.0,3.0,0.9,3,1.0,TRY_AGAIN,validation,solvability-pair-0072286-try_again_n:3,3.0,solvability,0.0,0.0,1.0,0.9
1.0,1.0,1.0,0.0,0.0,4.0,0.9166666666666666,1,0.0,0.0,4.0,-0.9166666666666666,1.0,solvability-pair-0072286-try_again_n,0.9166666666666666,0.0,0.0,0.0,1.6094379124341003,try_again_n,8.0,0.5,0.8,0.0,0.8,0.8,0.8,1.0,1.0,1.0,1.0,0.0,0.9796676466573412,0.020332353342658753,solvability-pair-0072286,3.875,1.0,1.0,4.0,4.0,0.9166666666666666,4,1.0,TRY_AGAIN,validation,solvability-pair-0072286-try_again_n:4,4.0,solvability,0.0,0.0,1.0,0.9166666666666666
1.0,1.0,1.0,1.0,0.0,5.0,0.9285714285714286,1,0.0,0.0,5.0,-0.9285714285714286,1.0,solvability-pair-0072286-try_again_n,0.9285714285714286,0.0,0.0,0.0,1.791759469228055,try_again_n,8.0,0.625,0.8,0.0,0.8,0.8,0.8,1.0,1.0,1.0,1.0,1.0,0.9465966702001757,0.053403329799824234,solvability-pair-0072286,2.875,1.0,1.0,5.0,5.0,0.9285714285714286,5,1.0,TRY_AGAIN,validation,solvability-pair-0072286-try_again_n:5,5.0,solvability,0.0,0.0,1.0,0.9285714285714286
1.0,1.0,1.0,1.0,0.0,6.0,0.9375,1,0.0,0.0,6.0,-0.9375,1.0,solvability-pair-0072286-try_again_n,0.9375,0.0,0.0,0.0,1.9459101490553132,try_again_n,8.0,0.75,0.8,0.0,0.8,0.8,0.8,1.0,1.0,1.0,1.0,1.0,0.8933094060543487,0.10669059394565118,solvability-pair-0072286,2.125,1.0,1.0,6.0,6.0,0.9375,6,1.0,TRY_AGAIN,validation,solvability-pair-0072286-try_again_n:6,6.0,solvability,0.0,0.0,1.0,0.9375
1.0,1.0,1.0,1.0,0.0,7.0,0.9444444444444444,0,0.0,0.0,7.0,-0.9444444444444444,1.0,solvability-pair-0072286-try_again_n,0.9444444444444444,0.0,0.0,0.0,2.0794415416798357,try_again_n,8.0,0.875,0.8,0.0,0.8,0.8,0.8,0.0,1.0,1.0,1.0,1.0,0.6513548646660542,0.34864513533394575,solvability-pair-0072286,0.625,1.0,1.0,7.0,7.0,0.9444444444444444,7,1.0,GIVE_UP,validation,solvability-pair-0072286-try_again_n:7,7.0,solvability,0.0,0.0,1.0,0.9444444444444444
0.0,0.0,0.0,0.0,1.0,0.0,0.75,1,1.0,0.0,0.0,2.25,1.0,solvability-pair-0072287-try_again_m,-0.25,2.0,0.0,2.0,0.0,try_again_m,8.0,0.0,-0.19999999999999996,2.0,0.8,-2.2,-2.2,1.0,0.0,0.0,0.0,0.0,0.9399133498259924,0.06008665017400762,solvability-pair-0072287,2.75,0.0,0.0,0.0,0.0,-2.25,0,0.0,TRY_AGAIN,train,solvability-pair-0072287-try_again_m:0,0.0,solvability,0.0,0.0,1.0,-2.25
1.0,0.0,0.0,0.0,1.0,1.0,0.8333333333333334,1,1.0,1.0,1.0,2.1666666666666665,1.0,solvability-pair-0072287-try_again_m,-0.16666666666666663,2.0,0.0,2.0,0.6931471805599453,try_again_m,8.0,0.125,-0.19999999999999996,2.0,0.8,-2.2,-2.2,1.0,1.0,0.0,0.0,0.0,0.9993736658418905,0.0006263341581094201,solvability-pair-0072287,7.375,1.0,1.0,1.0,1.0,-2.1666666666666665,1,0.0,TRY_AGAIN,train,solvability-pair-0072287-try_again_m:1,1.0,solvability,0.0,0.0,1.0,-2.1666666666666665
1.0,1.0,0.0,0.0,1.0,2.0,0.875,1,1.0,2.0,2.0,2.125,1.0,solvability-pair-0072287-try_again_m,-0.125,2.0,0.0,2.0,1.0986122886681098,try_again_m,8.0,0.25,-0.19999999999999996,2.0,0.8,-2.2,-2.2,1.0,1.0,1.0,0.0,0.0,0.9770226300899744,0.02297736991002561,solvability-pair-0072287,3.75,1.0,1.0,2.0,2.0,-2.125,2,1.0,TRY_AGAIN,train,solvability-pair-0072287-try_again_m:2,2.0,solvability,0.0,0.0,1.0,-2.125
1.0,1.0,1.0,0.0,1.0,3.0,0.9,0,1.0,3.0,3.0,2.1,1.0,solvability-pair-0072287-try_again_m,-0.09999999999999998,2.0,0.0,2.0,1.3862943611198906,try_again_m,8.0,0.375,-0.19999999999999996,2.0,0.8,-2.2,-2.2,0.0,1.0,1.0,1.0,0.0,0.9399133498259924,0.06008665017400762,solvability-pair-0072287,2.75,1.0,1.0,3.0,3.0,-2.1,3,1.0,GIVE_UP,train,solvability-pair-0072287-try_again_m:3,3.0,solvability,0.0,0.0,1.0,-2.1
0.0,0.0,0.0,0.0,1.0,0.0,0.75,0,1.0,0.0,0.0,2.25,1.0,solvability-pair-0072287-try_again_n,-0.25,2.0,0.0,2.0,0.0,try_again_n,8.0,0.0,-0.19999999999999996,2.0,0.8,-2.2,-2.2,0.0,0.0,0.0,0.0,0.0,0.679178699175393,0.32082130082460697,solvability-pair-0072287,0.75,0.0,0.0,0.0,0.0,-2.25,0,0.0,GIVE_UP,train,solvability-pair-0072287-try_again_n:0,0.0,solvability,0.0,0.0,1.0,-2.25
0.0,0.0,0.0,0.0,0.0,0.0,0.75,1,0.0,0.0,0.0,1.25,1.0,solvability-pair-0072288-try_again_m,0.75,2.0,0.0,2.0,0.0,try_again_m,8.0,0.0,0.8,2.0,0.8,-1.2,-1.2,-1.0,0.0,0.0,0.0,0.0,0.9770226300899744,0.02297736991002561,solvability-pair-0072288,3.75,0.0,0.0,0.0,0.0,-1.25,0,0.0,TRY_AGAIN,train,solvability-pair-0072288-try_again_m:0,0.0,solvability,0.0,0.0,1.0,-1.25
1.0,0.0,0.0,0.0,0.0,1.0,0.5,0,0.0,0.0,-1.0,1.5,1.0,solvability-pair-0072288-try_again_m,0.5,2.0,1.0,2.0,0.6931471805599453,try_again_m,8.0,0.125,0.8,2.0,0.8,-1.2,-1.2,0.0,-1.0,0.0,0.0,0.0,0.0953494648991095,0.9046505351008906,solvability-pair-0072288,-2.25,1.0,-1.0,0.0,0.0,-1.5,1,0.0,GIVE_UP,train,solvability-pair-0072288-try_again_m:1,0.0,solvability,0.0,0.0,1.0,-1.5
0.0,0.0,0.0,0.0,0.0,0.0,0.75,0,0.0,0.0,0.0,1.25,1.0,solvability-pair-0072288-try_again_n,0.75,2.0,0.0,2.0,0.0,try_again_n,8.0,0.0,0.8,2.0,0.8,-1.2,-1.2,0.0,0.0,0.0,0.0,0.0,0.7772998611746911,0.22270013882530884,solvability-pair-0072288,1.25,0.0,0.0,0.0,0.0,-1.25,0,0.0,GIVE_UP,train,solvability-pair-0072288-try_again_n:0,0.0,solvability,0.0,0.0,1.0,-1.25
0.0,0.0,0.0,0.0,1.0,0.0,0.5,0,1.0,0.0,0.0,2.5,0.0,solvability-pair-0072289-try_again_m,-0.5,2.0,0.0,2.0,0.0,try_again_m,8.0,0.0,-0.5,2.0,0.5,-2.5,-2.5,0.0,0.0,0.0,0.0,0.0,0.46879062662624377,0.5312093733737563,solvability-pair-0072289,-0.125,0.0,0.0,0.0,0.0,-2.5,0,0.0,GIVE_UP,train,solvability-pair-0072289-try_again_m:0,0.0,solvability,0.0,0.0,1.0,-2.5
0.0,0.0,0.0,0.0,1.0,0.0,0.5,0,1.0,0.0,0.0,2.5,0.0,solvability-pair-0072289-try_again_n,-0.5,2.0,0.0,2.0,0.0,try_again_n,8.0,0.0,-0.5,2.0,0.5,-2.5,-2.5,0.0,0.0,0.0,0.0,0.0,0.22270013882530884,0.7772998611746911,solvability-pair-0072289,-1.25,0.0,0.0,0.0,0.0,-2.5,0,0.0,GIVE_UP,train,solvability-pair-0072289-try_again_n:0,0.0,solvability,0.0,0.0,1.0,-2.5
0.0,0.0,0.0,0.0,1.0,0.0,0.5,1,1.0,0.0,0.0,0.5,0.0,solvability-pair-0072290-try_again_m,-0.5,0.0,0.0,0.0,0.0,try_again_m,8.0,0.0,-0.5,0.0,0.5,-0.5,-0.5,1.0,0.0,0.0,0.0,0.0,0.5621765008857981,0.4378234991142019,solvability-pair-0072290,0.25,0.0,0.0,0.0,0.0,-0.5,0,0.0,TRY_AGAIN,train,solvability-pair-0072290-try_again_m:0,0.0,solvability,0.0,0.0,1.0,-0.5
1.0,0.0,0.0,0.0,1.0,1.0,0.6666666666666666,1,1.0,1.0,1.0,0.33333333333333337,0.0,solvability-pair-0072290-try_again_m,-0.33333333333333337,0.0,0.0,0.0,0.6931471805599453,try_again_m,8.0,0.125,-0.5,0.0,0.5,-0.5,-0.5,-1.0,1.0,0.0,0.0,0.0,0.9978172835546547,0.0021827164453451808,solvability-pair-0072290,6.125,1.0,1.0,1.0,1.0,-0.33333333333333337,1,0.0,TRY_AGAIN,train,solvability-pair-0072290-try_again_m:1,1.0,solvability,0.0,0.0,1.0,-0.33333333333333337
1.0,1.0,0.0,0.0,1.0,2.0,0.5,1,1.0,2.0,0.0,0.5,0.0,solvability-pair-0072290-try_again_m,-0.5,0.0,1.0,0.0,1.0986122886681098,try_again_m,8.0,0.25,-0.5,0.0,0.5,-0.5,-0.5,-1.0,-1.0,1.0,0.0,0.0,0.5621765008857981,0.4378234991142019,solvability-pair-0072290,0.25,1.0,-1.0,1.0,1.0,-0.5,2,1.0,TRY_AGAIN,train,solvability-pair-0072290-try_again_m:2,0.0,solvability,0.0,0.0,1.0,-0.5
1.0,1.0,1.0,0.0,1.0,3.0,0.4,0,1.0,3.0,-1.0,0.6,0.0,solvability-pair-0072290-try_again_m,-0.6,0.0,2.0,0.0,1.3862943611198906,try_again_m,8.0,0.375,-0.5,0.0,0.5,-0.5,-0.5,0.0,-1.0,-1.0,1.0,0.0,0.29421497216298875,0.7057850278370112,solvability-pair-0072290,-0.875,1.0,-1.0,1.0,1.0,-0.6,3,1.0,GIVE_UP,train,solvability-pair-0072290-try_again_m:3,0.0,solvability,0.0,0.0,1.0,-0.6
0.0,0.0,0.0,0.0,1.0,0.0,0.5,1,1.0,0.0,0.0,0.5,0.0,solvability-pair-0072290-try_again_n,-0.5,0.0,0.0,0.0,0.0,try_again_n,8.0,0.0,-0.5,0.0,0.5,-0.5,-0.5,1.0,0.0,0.0,0.0,0.0,0.2689414213699951,0.7310585786300049,solvability-pair-0072290,-1.0,0.0,0.0,0.0,0.0,-0.5,0,0.0,TRY_AGAIN,train,solvability-pair-0072290-try_again_n:0,0.0,solvability,0.0,0.0,1.0,-0.5
1.0,0.0,0.0,0.0,1.0,1.0,0.6666666666666666,1,1.0,1.0,1.0,0.33333333333333337,0.0,solvability-pair-0072290-try_again_n,-0.33333333333333337,0.0,0.0,0.0,0.6931471805599453,try_again_n,8.0,0.125,-0.5,0.0,0.5,-0.5,-0.5,-1.0,1.0,0.0,0.0,0.0,0.9980732653366725,0.0019267346633274755,solvability-pair-0072290,6.25,1.0,1.0,1.0,1.0,-0.33333333333333337,1,0.0,TRY_AGAIN,train,solvability-pair-0072290-try_again_n:1,1.0,solvability,0.0,0.0,1.0,-0.33333333333333337
1.0,1.0,0.0,0.0,1.0,2.0,0.5,1,1.0,2.0,0.0,0.5,0.0,solvability-pair-0072290-try_again_n,-0.5,0.0,1.0,0.0,1.0986122886681098,try_again_n,8.0,0.25,-0.5,0.0,0.5,-0.5,-0.5,-1.0,-1.0,1.0,0.0,0.0,0.6513548646660542,0.34864513533394575,solvability-pair-0072290,0.625,1.0,-1.0,1.0,1.0,-0.5,2,1.0,TRY_AGAIN,train,solvability-pair-0072290-try_again_n:2,0.0,solvability,0.0,0.0,1.0,-0.5
1.0,1.0,1.0,0.0,1.0,3.0,0.4,0,1.0,3.0,-1.0,0.6,0.0,solvability-pair-0072290-try_again_n,-0.6,0.0,2.0,0.0,1.3862943611198906,try_again_n,8.0,0.375,-0.5,0.0,0.5,-0.5,-0.5,0.0,-1.0,-1.0,1.0,0.0,0.37754066879814546,0.6224593312018546,solvability-pair-0072290,-0.5,1.0,-1.0,1.0,1.0,-0.6,3,1.0,GIVE_UP,train,solvability-pair-0072290-try_again_n:3,0.0,solvability,0.0,0.0,1.0,-0.6
0.0,0.0,0.0,0.0,1.0,0.0,0.25,0,1.0,0.0,0.0,2.75,-1.0,solvability-pair-0072291-try_again_m,-0.75,2.0,0.0,2.0,0.0,try_again_m,8.0,0.0,-0.8,2.0,0.2,-2.8,-2.8,0.0,0.0,0.0,0.0,0.0,0.32082130082460697,0.679178699175393,solvability-pair-0072291,-0.75,0.0,0.0,0.0,0.0,-2.75,0,0.0,GIVE_UP,train,solvability-pair-0072291-try_again_m:0,0.0,solvability,0.0,0.0,1.0,-2.75
0.0,0.0,0.0,0.0,1.0,0.0,0.25,0,1.0,0.0,0.0,2.75,-1.0,solvability-pair-0072291-try_again_n,-0.75,2.0,0.0,2.0,0.0,try_again_n,8.0,0.0,-0.8,2.0,0.2,-2.8,-2.8,0.0,0.0,0.0,0.0,0.0,0.18242552380635632,0.8175744761936437,solvability-pair-0072291,-1.5,0.0,0.0,0.0,0.0,-2.75,0,0.0,GIVE_UP,train,solvability-pair-0072291-try_again_n:0,0.0,solvability,0.0,0.0,1.0,-2.75
0.0,0.0,0.0,0.0,1.0,0.0,0.75,1,1.0,0.0,0.0,0.25,1.0,solvability-pair-0072292-try_again_m,-0.25,0.0,0.0,0.0,0.0,try_again_m,8.0,0.0,-0.19999999999999996,0.0,0.8,-0.19999999999999996,-0.19999999999999996,1.0,0.0,0.0,0.0,0.0,0.9626731126558706,0.037326887344129464,solvability-pair-0072292,3.25,0.0,0.0,0.0,0.0,-0.25,0,0.0,TRY_AGAIN,train,solvability-pair-0072292-try_again_m:0,0.0,solvability,0.0,0.0,1.0,-0.25
1.0,0.0,0.0,0.0,1.0,1.0,0.8333333333333334,1,1.0,1.0,1.0,0.16666666666666663,1.0,solvability-pair-0072292-try_again_m,-0.16666666666666663,0.0,0.0,0.0,0.6931471805599453,try_again_m,8.0,0.125,-0.19999999999999996,0.0,0.8,-0.19999999999999996,-0.19999999999999996,-1.0,1.0,0.0,0.0,0.0,0.9995694429186754,0.00043055708132461493,solvability-pair-0072292,7.75,1.0,1.0,1.0,1.0,-0.16666666666666663,1,0.0,TRY_AGAIN,train,solvability-pair-0072292-try_again_m:1,1.0,solvability,0.0,0.0,1.0,-0.16666666666666663
1.0,1.0,0.0,0.0,1.0,2.0,0.625,1,1.0,2.0,0.0,0.375,1.0,solvability-pair-0072292-try_again_m,-0.375,0.0,1.0,0.0,1.0986122886681098,try_again_m,8.0,0.25,-0.19999999999999996,0.0,0.8,-0.19999999999999996,-0.19999999999999996,-1.0,-1.0,1.0,0.0,0.0,0.7057850278370112,0.29421497216298875,solvability-pair-0072292,0.875,1.0,-1.0,1.0,1.0,-0.375,2,1.0,TRY_AGAIN,train,solvability-pair-0072292-try_again_m:2,0.0,solvability,0.0,0.0,1.0,-0.375
1.0,1.0,1.0,0.0,1.0,3.0,0.5,1,1.0,3.0,-1.0,0.5,1.0,solvability-pair-0072292-try_again_m,-0.5,0.0,2.0,0.0,1.3862943611198906,try_again_m,8.0,0.375,-0.19999999999999996,0.0,0.8,-0.19999999999999996,-0.19999999999999996,1.0,-1.0,-1.0,1.0,0.0,0.46879062662624377,0.5312093733737563,solvability-pair-0072292,-0.125,1.0,-1.0,1.0,1.0,-0.5,3,1.0,TRY_AGAIN,train,solvability-pair-0072292-try_again_m:3,0.0,solvability,0.0,0.0,1.0,-0.5
1.0,1.0,1.0,0.0,1.0,4.0,0.5833333333333334,1,1.0,4.0,0.0,0.41666666666666663,1.0,solvability-pair-0072292-try_again_m,-0.41666666666666663,0.0,0.0,0.0,1.6094379124341003,try_again_m,8.0,0.5,-0.19999999999999996,0.0,0.8,-0.19999999999999996,-0.19999999999999996,1.0,1.0,-1.0,-1.0,0.0,0.9046505351008906,0.0953494648991095,solvability-pair-0072292,2.25,1.0,1.0,2.0,2.0,-0.41666666666666663,4,1.0,TRY_AGAIN,train,solvability-pair-0072292-try_again_m:4,1.0,solvability,0.0,0.0,1.0,-0.41666666666666663
1.0,1.0,1.0,1.0,1.0,5.0,0.6428571428571429,1,1.0,5.0,1.0,0.3571428571428571,1.0,solvability-pair-0072292-try_again_m,-0.3571428571428571,0.0,0.0,0.0,1.791759469228055,try_again_m,8.0,0.625,-0.19999999999999996,0.0,0.8,-0.19999999999999996,-0.19999999999999996,-1.0,1.0,1.0,-1.0,1.0,0.6513548646660542,0.34864513533394575,solvability-pair-0072292,0.625,1.0,1.0,3.0,3.0,-0.3571428571428571,5,1.0,TRY_AGAIN,train,solvability-pair-0072292-try_again_m:5,2.0,solvability,0.0,0.0,1.0,-0.3571428571428571
1.0,1.0,1.0,1.0,1.0,6.0,0.5625,0,1.0,6.0,0.0,0.4375,1.0,solvability-pair-0072292-try_again_m,-0.4375,0.0,1.0,0.0,1.9459101490553132,try_again_m,8.0,0.75,-0.19999999999999996,0.0,0.8,-0.19999999999999996,-0.19999999999999996,0.0,-1.0,1.0,1.0,-1.0,0.4073334000459302,0.5926665999540697,solvability-pair-0072292,-0.375,1.0,-1.0,3.0,3.0,-0.4375,6,1.0,GIVE_UP,train,solvability-pair-0072292-try_again_m:6,0.0,solvability,0.0,0.0,1.0,-0.4375
0.0,0.0,0.0,0.0,1.0,0.0,0.75,1,1.0,0.0,0.0,0.25,1.0,solvability-pair-0072292-try_again_n,-0.25,0.0,0.0,0.0,0.0,try_again_n,8.0,0.0,-0.19999999999999996,0.0,0.8,-0.19999999999999996,-0.19999999999999996,1.0,0.0,0.0,0.0,0.0,0.7549149868676283,0.24508501313237172,solvability-pair-0072292,1.125,0.0,0.0,0.0,0.0,-0.25,0,0.0,TRY_AGAIN,train,solvability-pair-0072292-try_again_n:0,0.0,solvability,0.0,0.0,1.0,-0.25
1.0,0.0,0.0,0.0,1.0,1.0,0.8333333333333334,1,1.0,1.0,1.0,0.16666666666666663,1.0,solvability-pair-0072292-try_again_n,-0.16666666666666663,0.0,0.0,0.0,0.6931471805599453,try_again_n,8.0,0.125,-0.19999999999999996,0.0,0.8,-0.19999999999999996,-0.19999999999999996,-1.0,1.0,0.0,0.0,0.0,0.9998204720306533,0.0001795279693467774,solvability-pair-0072292,8.625,1.0,1.0,1.0,1.0,-0.16666666666666663,1,0.0,TRY_AGAIN,train,solvability-pair-0072292-try_again_n:1,1.0,solvability,0.0,0.0,1.0,-0.16666666666666663
1.0,1.0,0.0,0.0,1.0,2.0,0.625,1,1.0,2.0,0.0,0.375,1.0,solvability-pair-0072292-try_again_n,-0.375,0.0,1.0,0.0,1.0986122886681098,try_again_n,8.0,0.25,-0.19999999999999996,0.0,0.8,-0.19999999999999996,-0.19999999999999996,-1.0,-1.0,1.0,0.0,0.0,0.8175744761936437,0.18242552380635632,solvability-pair-0072292,1.5,1.0,-1.0,1.0,1.0,-0.375,2,1.0,TRY_AGAIN,train,solvability-pair-0072292-try_again_n:2,0.0,solvability,0.0,0.0,1.0,-0.375
1.0,1.0,1.0,0.0,1.0,3.0,0.5,1,1.0,3.0,-1.0,0.5,1.0,solvability-pair-0072292-try_again_n,-0.5,0.0,2.0,0.0,1.3862943611198906,try_again_n,8.0,0.375,-0.19999999999999996,0.0,0.8,-0.19999999999999996,-0.19999999999999996,1.0,-1.0,-1.0,1.0,0.0,0.5926665999540697,0.4073334000459302,solvability-pair-0072292,0.375,1.0,-1.0,1.0,1.0,-0.5,3,1.0,TRY_AGAIN,train,solvability-pair-0072292-try_again_n:3,0.0,solvability,0.0,0.0,1.0,-0.5
1.0,1.0,1.0,0.0,1.0,4.0,0.5833333333333334,1,1.0,4.0,0.0,0.41666666666666663,1.0,solvability-pair-0072292-try_again_n,-0.41666666666666663,0.0,0.0,0.0,1.6094379124341003,try_again_n,8.0,0.5,-0.19999999999999996,0.0,0.8,-0.19999999999999996,-0.19999999999999996,1.0,1.0,-1.0,-1.0,0.0,0.9579122720843811,0.04208772791561884,solvability-pair-0072292,3.125,1.0,1.0,2.0,2.0,-0.41666666666666663,4,1.0,TRY_AGAIN,train,solvability-pair-0072292-try_again_n:4,1.0,solvability,0.0,0.0,1.0,-0.41666666666666663
1.0,1.0,1.0,1.0,1.0,5.0,0.6428571428571429,1,1.0,5.0,1.0,0.3571428571428571,1.0,solvability-pair-0072292-try_again_n,-0.3571428571428571,0.0,0.0,0.0,1.791759469228055,try_again_n,8.0,0.625,-0.19999999999999996,0.0,0.8,-0.19999999999999996,-0.19999999999999996,-1.0,1.0,1.0,-1.0,1.0,0.679178699175393,0.32082130082460697,solvability-pair-0072292,0.75,1.0,1.0,3.0,3.0,-0.3571428571428571,5,1.0,TRY_AGAIN,train,solvability-pair-0072292-try_again_n:5,2.0,solvability,0.0,0.0,1.0,-0.3571428571428571
1.0,1.0,1.0,1.0,1.0,6.0,0.5625,0,1.0,6.0,0.0,0.4375,1.0,solvability-pair-0072292-try_again_n,-0.4375,0.0,1.0,0.0,1.9459101490553132,try_again_n,8.0,0.75,-0.19999999999999996,0.0,0.8,-0.19999999999999996,-0.19999999999999996,0.0,-1.0,1.0,1.0,-1.0,0.4073334000459302,0.5926665999540697,solvability-pair-0072292,-0.375,1.0,-1.0,3.0,3.0,-0.4375,6,1.0,GIVE_UP,train,solvability-pair-0072292-try_again_n:6,0.0,solvability,0.0,0.0,1.0,-0.4375
0.0,0.0,0.0,0.0,0.0,0.0,0.5,1,0.0,0.0,0.0,1.5,0.0,solvability-pair-0072293-try_again_m,0.5,2.0,0.0,2.0,0.0,try_again_m,8.0,0.0,0.5,2.0,0.5,-1.5,-1.5,-1.0,0.0,0.0,0.0,0.0,0.6224593312018546,0.37754066879814546,solvability-pair-0072293,0.5,0.0,0.0,0.0,0.0,-1.5,0,0.0,TRY_AGAIN,train,solvability-pair-0072293-try_again_m:0,0.0,solvability,0.0,0.0,1.0,-1.5
1.0,0.0,0.0,0.0,0.0,1.0,0.3333333333333333,0,0.0,0.0,-1.0,1.6666666666666667,0.0,solvability-pair-0072293-try_again_m,0.3333333333333333,2.0,1.0,2.0,0.6931471805599453,try_again_m,8.0,0.125,0.5,2.0,0.5,-1.5,-1.5,0.0,-1.0,0.0,0.0,0.0,0.04208772791561884,0.9579122720843811,solvability-pair-0072293,-3.125,1.0,-1.0,0.0,0.0,-1.6666666666666667,1,0.0,GIVE_UP,train,solvability-pair-0072293-try_again_m:1,0.0,solvability,0.0,0.0,1.0,-1.6666666666666667
0.0,0.0,0.0,0.0,0.0,0.0,0.5,1,0.0,0.0,0.0,1.5,0.0,solvability-pair-0072293-try_again_n,0.5,2.0,0.0,2.0,0.0,try_again_n,8.0,0.0,0.5,2.0,0.5,-1.5,-1.5,-1.0,0.0,0.0,0.0,0.0,0.2689414213699951,0.7310585786300049,solvability-pair-0072293,-1.0,0.0,0.0,0.0,0.0,-1.5,0,0.0,TRY_AGAIN,train,solvability-pair-0072293-try_again_n:0,0.0,solvability,0.0,0.0,1.0,-1.5
1.0,0.0,0.0,0.0,0.0,1.0,0.3333333333333333,0,0.0,0.0,-1.0,1.6666666666666667,0.0,solvability-pair-0072293-try_again_n,0.3333333333333333,2.0,1.0,2.0,0.6931471805599453,try_again_n,8.0,0.125,0.5,2.0,0.5,-1.5,-1.5,0.0,-1.0,0.0,0.0,0.0,0.029312230751356316,0.9706877692486436,solvability-pair-0072293,-3.5,1.0,-1.0,0.0,0.0,-1.6666666666666667,1,0.0,GIVE_UP,train,solvability-pair-0072293-try_again_n:1,0.0,solvability,0.0,0.0,1.0,-1.6666666666666667
0.0,0.0,0.0,0.0,0.0,0.0,0.5,0,0.0,0.0,0.0,-0.5,0.0,solvability-pair-0072294-try_again_m,0.5,0.0,0.0,0.0,0.0,try_again_m,8.0,0.0,0.5,0.0,0.5,0.5,0.5,0.0,0.0,0.0,0.0,0.0,0.7549149868676283,0.24508501313237172,solvability-pair-0072294,1.125,0.0,0.0,0.0,0.0,0.5,0,0.0,GIVE_UP,train,solvability-pair-0072294-try_again_m:0,0.0,solvability,0.0,0.0,1.0,0.5
0.0,0.0,0.0,0.0,0.0,0.0,0.5,0,0.0,0.0,0.0,-0.5,0.0,solvability-pair-0072294-try_again_n,0.5,0.0,0.0,0.0,0.0,try_again_n,8.0,0.0,0.5,0.0,0.5,0.5,0.5,0.0,0.0,0.0,0.0,0.0,0.34864513533394575,0.6513548646660542,solvability-pair-0072294,-0.625,0.0,0.0,0.0,0.0,0.5,0,0.0,GIVE_UP,train,solvability-pair-0072294-try_again_n:0,0.0,solvability,0.0,0.0,1.0,0.5
0.0,0.0,0.0,0.0,0.0,0.0,0.25,0,0.0,0.0,0.0,-0.25,-1.0,solvability-pair-0072295-try_again_m,0.25,0.0,0.0,0.0,0.0,try_again_m,8.0,0.0,0.2,0.0,0.2,0.2,0.2,0.0,0.0,0.0,0.0,0.0,0.5,0.5,solvability-pair-0072295,0.0,0.0,0.0,0.0,0.0,0.25,0,0.0,GIVE_UP,train,solvability-pair-0072295-try_again_m:0,0.0,solvability,0.0,0.0,1.0,0.25
0.0,0.0,0.0,0.0,0.0,0.0,0.25,0,0.0,0.0,0.0,-0.25,-1.0,solvability-pair-0072295-try_again_n,0.25,0.0,0.0,0.0,0.0,try_again_n,8.0,0.0,0.2,0.0,0.2,0.2,0.2,0.0,0.0,0.0,0.0,0.0,0.22270013882530884,0.7772998611746911,solvability-pair-0072295,-1.25,0.0,0.0,0.0,0.0,0.25,0,0.0,GIVE_UP,train,solvability-pair-0072295-try_again_n:0,0.0,solvability,0.0,0.0,1.0,0.25
0.0,0.0,0.0,0.0,0.0,0.0,0.25,1,0.0,0.0,0.0,1.75,-1.0,solvability-pair-0072296-try_again_m,0.25,2.0,0.0,2.0,0.0,try_again_m,8.0,0.0,0.2,2.0,0.2,-1.8,-1.8,-1.0,0.0,0.0,0.0,0.0,0.4073334000459302,0.5926665999540697,solvability-pair-0072296,-0.375,0.0,0.0,0.0,0.0,-1.75,0,0.0,TRY_AGAIN,train,solvability-pair-0072296-try_again_m:0,0.0,solvability,0.0,0.0,1.0,-1.75
1.0,0.0,0.0,0.0,0.0,1.0,0.16666666666666666,0,0.0,0.0,-1.0,1.8333333333333333,-1.0,solvability-pair-0072296-try_again_m,0.16666666666666666,2.0,1.0,2.0,0.6931471805599453,try_again_m,8.0,0.125,0.2,2.0,0.2,-1.8,-1.8,0.0,-1.0,0.0,0.0,0.0,0.033085978388704126,0.9669140216112958,solvability-pair-0072296,-3.375,1.0,-1.0,0.0,0.0,-1.8333333333333333,1,0.0,GIVE_UP,train,solvability-pair-0072296-try_again_m:1,0.0,solvability,0.0,0.0,1.0,-1.8333333333333333
0.0,0.0,0.0,0.0,0.0,0.0,0.25,1,0.0,0.0,0.0,1.75,-1.0,solvability-pair-0072296-try_again_n,0.25,2.0,0.0,2.0,0.0,try_again_n,8.0,0.0,0.2,2.0,0.2,-1.8,-1.8,-1.0,0.0,0.0,0.0,0.0,0.20181322226037882,0.7981867777396212,solvability-pair-0072296,-1.375,0.0,0.0,0.0,0.0,-1.75,0,0.0,TRY_AGAIN,train,solvability-pair-0072296-try_again_n:0,0.0,solvability,0.0,0.0,1.0,-1.75
1.0,0.0,0.0,0.0,0.0,1.0,0.16666666666666666,0,0.0,0.0,-1.0,1.8333333333333333,-1.0,solvability-pair-0072296-try_again_n,0.16666666666666666,2.0,1.0,2.0,0.6931471805599453,try_again_n,8.0,0.125,0.2,2.0,0.2,-1.8,-1.8,0.0,-1.0,0.0,0.0,0.0,0.02595735719779685,0.9740426428022031,solvability-pair-0072296,-3.625,1.0,-1.0,0.0,0.0,-1.8333333333333333,1,0.0,GIVE_UP,train,solvability-pair-0072296-try_again_n:1,0.0,solvability,0.0,0.0,1.0,-1.8333333333333333
0.0,0.0,0.0,0.0,1.0,0.0,0.25,0,1.0,0.0,0.0,0.75,-1.0,solvability-pair-0072297-try_again_m,-0.75,0.0,0.0,0.0,0.0,try_again_m,8.0,0.0,-0.8,0.0,0.2,-0.8,-0.8,0.0,0.0,0.0,0.0,0.0,0.37754066879814546,0.6224593312018546,solvability-pair-0072297,-0.5,0.0,0.0,0.0,0.0,-0.75,0,0.0,GIVE_UP,train,solvability-pair-0072297-try_again_m:0,0.0,solvability,0.0,0.0,1.0,-0.75
0.0,0.0,0.0,0.0,1.0,0.0,0.25,0,1.0,0.0,0.0,0.75,-1.0,solvability-pair-0072297-try_again_n,-0.75,0.0,0.0,0.0,0.0,try_again_n,8.0,0.0,-0.8,0.0,0.2,-0.8,-0.8,0.0,0.0,0.0,0.0,0.0,0.22270013882530884,0.7772998611746911,solvability-pair-0072297,-1.25,0.0,0.0,0.0,0.0,-0.75,0,0.0,GIVE_UP,train,solvability-pair-0072297-try_again_n:0,0.0,solvability,0.0,0.0,1.0,-0.75
0.0,0.0,0.0,0.0,0.0,0.0,0.75,1,0.0,0.0,0.0,-0.75,1.0,solvability-pair-0072298-try_again_m,0.75,0.0,0.0,0.0,0.0,try_again_m,8.0,0.0,0.8,0.0,0.8,0.8,0.8,1.0,0.0,0.0,0.0,0.0,0.9840936082881853,0.01590639171181471,solvability-pair-0072298,4.125,0.0,0.0,0.0,0.0,0.75,0,0.0,TRY_AGAIN,test,solvability-pair-0072298-try_again_m:0,0.0,solvability,0.0,0.0,1.0,0.75
1.0,0.0,0.0,0.0,0.0,1.0,0.8333333333333334,1,0.0,0.0,1.0,-0.8333333333333334,1.0,solvability-pair-0072298-try_again_m,0.8333333333333334,0.0,0.0,0.0,0.6931471805599453,try_again_m,8.0,0.125,0.8,0.0,0.8,0.8,0.8,1.0,1.0,0.0,0.0,0.0,0.9997965730219448,0.0002034269780552065,solvability-pair-0072298,8.5,1.0,1.0,1.0,1.0,0.8333333333333334,1,0.0,TRY_AGAIN,test,solvability-pair-0072298-try_again_m:1,1.0,solvability,0.0,0.0,1.0,0.8333333333333334
1.0,1.0,0.0,0.0,0.0,2.0,0.875,1,0.0,0.0,2.0,-0.875,1.0,solvability-pair-0072298-try_again_m,0.875,0.0,0.0,0.0,1.0986122886681098,try_again_m,8.0,0.25,0.8,0.0,0.8,0.8,0.8,1.0,1.0,1.0,0.0,0.0,0.9968273171575148,0.0031726828424851893,solvability-pair-0072298,5.75,1.0,1.0,2.0,2.0,0.875,2,1.0,TRY_AGAIN,test,solvability-pair-0072298-try_again_m:2,2.0,solvability,0.0,0.0,1.0,0.875
1.0,1.0,1.0,0.0,0.0,3.0,0.9,1,0.0,0.0,3.0,-0.9,1.0,solvability-pair-0072298-try_again_m,0.9,0.0,0.0,0.0,1.3862943611198906,try_again_m,8.0,0.375,0.8,0.0,0.8,0.8,0.8,-1.0,1.0,1.0,1.0,0.0,0.9940889311437562,0.005911068856243796,solvability-pair-0072298,5.125,1.0,1.0,3.0,3.0,0.9,3,1.0,TRY_AGAIN,test,solvability-pair-0072298-try_again_m:3,3.0,solvability,0.0,0.0,1.0,0.9
1.0,1.0,1.0,0.0,0.0,4.0,0.75,0,0.0,0.0,2.0,-0.75,1.0,solvability-pair-0072298-try_again_m,0.75,0.0,1.0,0.0,1.6094379124341003,try_again_m,8.0,0.5,0.8,0.0,0.8,0.8,0.8,0.0,-1.0,1.0,1.0,0.0,0.6513548646660542,0.34864513533394575,solvability-pair-0072298,0.625,1.0,-1.0,3.0,3.0,0.75,4,1.0,GIVE_UP,test,solvability-pair-0072298-try_again_m:4,0.0,solvability,0.0,0.0,1.0,0.75
0.0,0.0,0.0,0.0,0.0,0.0,0.75,1,0.0,0.0,0.0,-0.75,1.0,solvability-pair-0072298-try_again_n,0.75,0.0,0.0,0.0,0.0,try_again_n,8.0,0.0,0.8,0.0,0.8,0.8,0.8,1.0,0.0,0.0,0.0,0.0,0.8175744761936437,0.18242552380635632,solvability-pair-0072298,1.5,0.0,0.0,0.0,0.0,0.75,0,0.0,TRY_AGAIN,test,solvability-pair-0072298-try_again_n:0,0.0,solvability,0.0,0.0,1.0,0.75
1.0,0.0,0.0,0.0,0.0,1.0,0.8333333333333334,1,0.0,0.0,1.0,-0.8333333333333334,1.0,solvability-pair-0072298-try_again_n,0.8333333333333334,0.0,0.0,0.0,0.6931471805599453,try_again_n,8.0,0.125,0.8,0.0,0.8,0.8,0.8,1.0,1.0,0.0,0.0,0.0,0.9999251537724895,7.484622751061124e-05,solvability-pair-0072298,9.5,1.0,1.0,1.0,1.0,0.8333333333333334,1,0.0,TRY_AGAIN,test,solvability-pair-0072298-try_again_n:1,1.0,solvability,0.0,0.0,1.0,0.8333333333333334
1.0,1.0,0.0,0.0,0.0,2.0,0.875,1,0.0,0.0,2.0,-0.875,1.0,solvability-pair-0072298-try_again_n,0.875,0.0,0.0,0.0,1.0986122886681098,try_again_n,8.0,0.25,0.8,0.0,0.8,0.8,0.8,1.0,1.0,1.0,0.0,0.0,0.9990889488055994,0.0009110511944006454,solvability-pair-0072298,7.0,1.0,1.0,2.0,2.0,0.875,2,1.0,TRY_AGAIN,test,solvability-pair-0072298-try_again_n:2,2.0,solvability,0.0,0.0,1.0,0.875
1.0,1.0,1.0,0.0,0.0,3.0,0.9,1,0.0,0.0,3.0,-0.9,1.0,solvability-pair-0072298-try_again_n,0.9,0.0,0.0,0.0,1.3862943611198906,try_again_n,8.0,0.375,0.8,0.0,0.8,0.8,0.8,-1.0,1.0,1.0,1.0,0.0,0.9980732653366725,0.0019267346633274755,solvability-pair-0072298,6.25,1.0,1.0,3.0,3.0,0.9,3,1.0,TRY_AGAIN,test,solvability-pair-0072298-try_again_n:3,3.0,solvability,0.0,0.0,1.0,0.9
1.0,1.0,1.0,0.0,0.0,4.0,0.75,0,0.0,0.0,2.0,-0.75,1.0,solvability-pair-0072298-try_again_n,0.75,0.0,1.0,0.0,1.6094379124341003,try_again_n,8.0,0.5,0.8,0.0,0.8,0.8,0.8,0.0,-1.0,1.0,1.0,0.0,0.6513548646660542,0.34864513533394575,solvability-pair-0072298,0.625,1.0,-1.0,3.0,3.0,0.75,4,1.0,GIVE_UP,test,solvability-pair-0072298-try_again_n:4,0.0,solvability,0.0,0.0,1.0,0.75
0.0,0.0,0.0,0.0,1.0,0.0,0.75,1,1.0,0.0,0.0,2.25,1.0,solvability-pair-0072299-try_again_m,-0.25,2.0,0.0,2.0,0.0,try_again_m,8.0,0.0,-0.19999999999999996,2.0,0.8,-2.2,-2.2,1.0,0.0,0.0,0.0,0.0,0.9399133498259924,0.06008665017400762,solvability-pair-0072299,2.75,0.0,0.0,0.0,0.0,-2.25,0,0.0,TRY_AGAIN,train,solvability-pair-0072299-try_again_m:0,0.0,solvability,0.0,0.0,1.0,-2.25
1.0,0.0,0.0,0.0,1.0,1.0,0.8333333333333334,1,1.0,1.0,1.0,2.1666666666666665,1.0,solvability-pair-0072299-try_again_m,-0.16666666666666663,2.0,0.0,2.0,0.6931471805599453,try_again_m,8.0,0.125,-0.19999999999999996,2.0,0.8,-2.2,-2.2,1.0,1.0,0.0,0.0,0.0,0.9993736658418905,0.0006263341581094201,solvability-pair-0072299,7.375,1.0,1.0,1.0,1.0,-2.1666666666666665,1,0.0,TRY_AGAIN,train,solvability-pair-0072299-try_again_m:1,1.0,solvability,0.0,0.0,1.0,-2.1666666666666665
1.0,1.0,0.0,0.0,1.0,2.0,0.875,1,1.0,2.0,2.0,2.125,1.0,solvability-pair-0072299-try_again_m,-0.125,2.0,0.0,2.0,1.0986122886681098,try_again_m,8.0,0.25,-0.19999999999999996,2.0,0.8,-2.2,-2.2,1.0,1.0,1.0,0.0,0.0,0.9770226300899744,0.02297736991002561,solvability-pair-0072299,3.75,1.0,1.0,2.0,2.0,-2.125,2,1.0,TRY_AGAIN,train,solvability-pair-0072299-try_again_m:2,2.0,solvability,0.0,0.0,1.0,-2.125
1.0,1.0,1.0,0.0,1.0,3.0,0.9,1,1.0,3.0,3.0,2.1,1.0,solvability-pair-0072299-try_again_m,-0.09999999999999998,2.0,0.0,2.0,1.3862943611198906,try_again_m,8.0,0.375,-0.19999999999999996,2.0,0.8,-2.2,-2.2,1.0,1.0,1.0,1.0,0.0,0.9399133498259924,0.06008665017400762,solvability-pair-0072299,2.75,1.0,1.0,3.0,3.0,-2.1,3,1.0,TRY_AGAIN,train,solvability-pair-0072299-try_again_m:3,3.0,solvability,0.0,0.0,1.0,-2.1
1.0,1.0,1.0,0.0,1.0,4.0,0.9166666666666666,1,1.0,4.0,4.0,2.0833333333333335,1.0,solvability-pair-0072299-try_again_m,-0.08333333333333337,2.0,0.0,2.0,1.6094379124341003,try_again_m,8.0,0.5,-0.19999999999999996,2.0,0.8,-2.2,-2.2,1.0,1.0,1.0,1.0,0.0,0.8354835371034369,0.1645164628965632,solvability-pair-0072299,1.625,1.0,1.0,4.0,4.0,-2.0833333333333335,4,1.0,TRY_AGAIN,train,solvability-pair-0072299-try_again_m:4,4.0,solvability,0.0,0.0,1.0,-2.0833333333333335
1.0,1.0,1.0,1.0,1.0,5.0,0.9285714285714286,1,1.0,5.0,5.0,2.071428571428571,1.0,solvability-pair-0072299-try_again_m,-0.0714285714285714,2.0,0.0,2.0,1.791759469228055,try_again_m,8.0,0.625,-0.19999999999999996,2.0,0.8,-2.2,-2.2,-1.0,1.0,1.0,1.0,1.0,0.7057850278370112,0.29421497216298875,solvability-pair-0072299,0.875,1.0,1.0,5.0,5.0,-2.071428571428571,5,1.0,TRY_AGAIN,train,solvability-pair-0072299-try_again_m:5,5.0,solvability,0.0,0.0,1.0,-2.071428571428571
1.0,1.0,1.0,1.0,1.0,6.0,0.8125,0,1.0,6.0,4.0,2.1875,1.0,solvability-pair-0072299-try_again_m,-0.1875,2.0,1.0,2.0,1.9459101490553132,try_again_m,8.0,0.75,-0.19999999999999996,2.0,0.8,-2.2,-2.2,0.0,-1.0,1.0,1.0,1.0,0.11920292202211755,0.8807970779778823,solvability-pair-0072299,-2.0,1.0,-1.0,5.0,5.0,-2.1875,6,1.0,GIVE_UP,train,solvability-pair-0072299-try_again_m:6,0.0,solvability,0.0,0.0,1.0,-2.1875
0.0,0.0,0.0,0.0,1.0,0.0,0.75,1,1.0,0.0,0.0,2.25,1.0,solvability-pair-0072299-try_again_n,-0.25,2.0,0.0,2.0,0.0,try_again_n,8.0,0.0,-0.19999999999999996,2.0,0.8,-2.2,-2.2,1.0,0.0,0.0,0.0,0.0,0.679178699175393,0.32082130082460697,solvability-pair-0072299,0.75,0.0,0.0,0.0,0.0,-2.25,0,0.0,TRY_AGAIN,train,solvability-pair-0072299-try_again_n:0,0.0,solvability,0.0,0.0,1.0,-2.25
1.0,0.0,0.0,0.0,1.0,1.0,0.8333333333333334,1,1.0,1.0,1.0,2.1666666666666665,1.0,solvability-pair-0072299-try_again_n,-0.16666666666666663,2.0,0.0,2.0,0.6931471805599453,try_again_n,8.0,0.125,-0.19999999999999996,2.0,0.8,-2.2,-2.2,1.0,1.0,0.0,0.0,0.0,0.9995694429186754,0.00043055708132461493,solvability-pair-0072299,7.75,1.0,1.0,1.0,1.0,-2.1666666666666665,1,0.0,TRY_AGAIN,train,solvability-pair-0072299-try_again_n:1,1.0,solvability,0.0,0.0,1.0,-2.1666666666666665
1.0,1.0,0.0,0.0,1.0,2.0,0.875,1,1.0,2.0,2.0,2.125,1.0,solvability-pair-0072299-try_again_n,-0.125,2.0,0.0,2.0,1.0986122886681098,try_again_n,8.0,0.25,-0.19999999999999996,2.0,0.8,-2.2,-2.2,1.0,1.0,1.0,0.0,0.0,0.9933071490757153,0.006692850924284856,solvability-pair-0072299,5.0,1.0,1.0,2.0,2.0,-2.125,2,1.0,TRY_AGAIN,train,solvability-pair-0072299-try_again_n:2,2.0,solvability,0.0,0.0,1.0,-2.125
1.0,1.0,1.0,0.0,1.0,3.0,0.9,1,1.0,3.0,3.0,2.1,1.0,solvability-pair-0072299-try_again_n,-0.09999999999999998,2.0,0.0,2.0,1.3862943611198906,try_again_n,8.0,0.375,-0.19999999999999996,2.0,0.8,-2.2,-2.2,1.0,1.0,1.0,1.0,0.0,0.9796676466573412,0.020332353342658753,solvability-pair-0072299,3.875,1.0,1.0,3.0,3.0,-2.1,3,1.0,TRY_AGAIN,train,solvability-pair-0072299-try_again_n:3,3.0,solvability,0.0,0.0,1.0,-2.1
1.0,1.0,1.0,0.0,1.0,4.0,0.9166666666666666,1,1.0,4.0,4.0,2.0833333333333335,1.0,solvability-pair-0072299-try_again_n,-0.08333333333333337,2.0,0.0,2.0,1.6094379124341003,try_again_n,8.0,0.5,-0.19999999999999996,2.0,0.8,-2.2,-2.2,1.0,1.0,1.0,1.0,0.0,0.8670357598021706,0.13296424019782924,solvability-pair-0072299,1.875,1.0,1.0,4.0,4.0,-2.0833333333333335,4,1.0,TRY_AGAIN,train,solvability-pair-0072299-try_again_n:4,4.0,solvability,0.0,0.0,1.0,-2.0833333333333335
1.0,1.0,1.0,1.0,1.0,5.0,0.9285714285714286,1,1.0,5.0,5.0,2.071428571428571,1.0,solvability-pair-0072299-try_again_n,-0.0714285714285714,2.0,0.0,2.0,1.791759469228055,try_again_n,8.0,0.625,-0.19999999999999996,2.0,0.8,-2.2,-2.2,-1.0,1.0,1.0,1.0,1.0,0.679178699175393,0.32082130082460697,solvability-pair-0072299,0.75,1.0,1.0,5.0,5.0,-2.071428571428571,5,1.0,TRY_AGAIN,train,solvability-pair-0072299-try_again_n:5,5.0,solvability,0.0,0.0,1.0,-2.071428571428571
1.0,1.0,1.0,1.0,1.0,6.0,0.8125,0,1.0,6.0,4.0,2.1875,1.0,solvability-pair-0072299-try_again_n,-0.1875,2.0,1.0,2.0,1.9459101490553132,try_again_n,8.0,0.75,-0.19999999999999996,2.0,0.8,-2.2,-2.2,0.0,-1.0,1.0,1.0,1.0,0.08509904500702024,0.9149009549929797,solvability-pair-0072299,-2.375,1.0,-1.0,5.0,5.0,-2.1875,6,1.0,GIVE_UP,train,solvability-pair-0072299-try_again_n:6,0.0,solvability,0.0,0.0,1.0,-2.1875
0.0,0.0,0.0,0.0,0.0,0.0,0.75,1,0.0,0.0,0.0,1.25,1.0,solvability-pair-0072300-try_again_m,0.75,2.0,0.0,2.0,0.0,try_again_m,8.0,0.0,0.8,2.0,0.8,-1.2,-1.2,-1.0,0.0,0.0,0.0,0.0,0.9770226300899744,0.02297736991002561,solvability-pair-0072300,3.75,0.0,0.0,0.0,0.0,-1.25,0,0.0,TRY_AGAIN,train,solvability-pair-0072300-try_again_m:0,0.0,solvability,0.0,0.0,1.0,-1.25
1.0,0.0,0.0,0.0,0.0,1.0,0.5,0,0.0,0.0,-1.0,1.5,1.0,solvability-pair-0072300-try_again_m,0.5,2.0,1.0,2.0,0.6931471805599453,try_again_m,8.0,0.125,0.8,2.0,0.8,-1.2,-1.2,0.0,-1.0,0.0,0.0,0.0,0.0953494648991095,0.9046505351008906,solvability-pair-0072300,-2.25,1.0,-1.0,0.0,0.0,-1.5,1,0.0,GIVE_UP,train,solvability-pair-0072300-try_again_m:1,0.0,solvability,0.0,0.0,1.0,-1.5
0.0,0.0,0.0,0.0,0.0,0.0,0.75,1,0.0,0.0,0.0,1.25,1.0,solvability-pair-0072300-try_again_n,0.75,2.0,0.0,2.0,0.0,try_again_n,8.0,0.0,0.8,2.0,0.8,-1.2,-1.2,-1.0,0.0,0.0,0.0,0.0,0.7772998611746911,0.22270013882530884,solvability-pair-0072300,1.25,0.0,0.0,0.0,0.0,-1.25,0,0.0,TRY_AGAIN,train,solvability-pair-0072300-try_again_n:0,0.0,solvability,0.0,0.0,1.0,-1.25
1.0,0.0,0.0,0.0,0.0,1.0,0.5,0,0.0,0.0,-1.0,1.5,1.0,solvability-pair-0072300-try_again_n,0.5,2.0,1.0,2.0,0.6931471805599453,try_again_n,8.0,0.125,0.8,2.0,0.8,-1.2,-1.2,0.0,-1.0,0.0,0.0,0.0,0.0953494648991095,0.9046505351008906,solvability-pair-0072300,-2.25,1.0,-1.0,0.0,0.0,-1.5,1,0.0,GIVE_UP,train,solvability-pair-0072300-try_again_n:1,0.0,solvability,0.0,0.0,1.0,-1.5
0.0,0.0,0.0,0.0,1.0,0.0,0.5,0,1.0,0.0,0.0,2.5,0.0,solvability-pair-0072301-try_again_m,-0.5,2.0,0.0,2.0,0.0,try_again_m,8.0,0.0,-0.5,2.0,0.5,-2.5,-2.5,0.0,0.0,0.0,0.0,0.0,0.46879062662624377,0.5312093733737563,solvability-pair-0072301,-0.125,0.0,0.0,0.0,0.0,-2.5,0,0.0,GIVE_UP,train,solvability-pair-0072301-try_again_m:0,0.0,solvability,0.0,0.0,1.0,-2.5
0.0,0.0,0.0,0.0,1.0,0.0,0.5,0,1.0,0.0,0.0,2.5,0.0,solvability-pair-0072301-try_again_n,-0.5,2.0,0.0,2.0,0.0,try_again_n,8.0,0.0,-0.5,2.0,0.5,-2.5,-2.5,0.0,0.0,0.0,0.0,0.0,0.22270013882530884,0.7772998611746911,solvability-pair-0072301,-1.25,0.0,0.0,0.0,0.0,-2.5,0,0.0,GIVE_UP,train,solvability-pair-0072301-try_again_n:0,0.0,solvability,0.0,0.0,1.0,-2.5
0.0,0.0,0.0,0.0,1.0,0.0,0.5,1,1.0,0.0,0.0,0.5,0.0,solvability-pair-0072302-try_again_m,-0.5,0.0,0.0,0.0,0.0,try_again_m,8.0,0.0,-0.5,0.0,0.5,-0.5,-0.5,1.0,0.0,0.0,0.0,0.0,0.5621765008857981,0.4378234991142019,solvability-pair-0072302,0.25,0.0,0.0,0.0,0.0,-0.5,0,0.0,TRY_AGAIN,train,solvability-pair-0072302-try_again_m:0,0.0,solvability,0.0,0.0,1.0,-0.5
1.0,0.0,0.0,0.0,1.0,1.0,0.6666666666666666,1,1.0,1.0,1.0,0.33333333333333337,0.0,solvability-pair-0072302-try_again_m,-0.33333333333333337,0.0,0.0,0.0,0.6931471805599453,try_again_m,8.0,0.125,-0.5,0.0,0.5,-0.5,-0.5,1.0,1.0,0.0,0.0,0.0,0.9978172835546547,0.0021827164453451808,solvability-pair-0072302,6.125,1.0,1.0,1.0,1.0,-0.33333333333333337,1,0.0,TRY_AGAIN,train,solvability-pair-0072302-try_again_m:1,1.0,solvability,0.0,0.0,1.0,-0.33333333333333337
1.0,1.0,0.0,0.0,1.0,2.0,0.75,1,1.0,2.0,2.0,0.25,0.0,solvability-pair-0072302-try_again_m,-0.25,0.0,0.0,0.0,1.0986122886681098,try_again_m,8.0,0.25,-0.5,0.0,0.5,-0.5,-0.5,1.0,1.0,1.0,0.0,0.0,0.9465966702001757,0.053403329799824234,solvability-pair-0072302,2.875,1.0,1.0,2.0,2.0,-0.25,2,1.0,TRY_AGAIN,train,solvability-pair-0072302-try_again_m:2,2.0,solvability,0.0,0.0,1.0,-0.25
1.0,1.0,1.0,0.0,1.0,3.0,0.8,0,1.0,3.0,3.0,0.19999999999999996,0.0,solvability-pair-0072302-try_again_m,-0.19999999999999996,0.0,0.0,0.0,1.3862943611198906,try_again_m,8.0,0.375,-0.5,0.0,0.5,-0.5,-0.5,0.0,1.0,1.0,1.0,0.0,0.9149009549929797,0.08509904500702024,solvability-pair-0072302,2.375,1.0,1.0,3.0,3.0,-0.19999999999999996,3,1.0,GIVE_UP,train,solvability-pair-0072302-try_again_m:3,3.0,solvability,0.0,0.0,1.0,-0.19999999999999996
0.0,0.0,0.0,0.0,1.0,0.0,0.5,1,1.0,0.0,0.0,0.5,0.0,solvability-pair-0072302-try_again_n,-0.5,0.0,0.0,0.0,0.0,try_again_n,8.0,0.0,-0.5,0.0,0.5,-0.5,-0.5,1.0,0.0,0.0,0.0,0.0,0.2689414213699951,0.7310585786300049,solvability-pair-0072302,-1.0,0.0,0.0,0.0,0.0,-0.5,0,0.0,TRY_AGAIN,train,solvability-pair-0072302-try_again_n:0,0.0,solvability,0.0,0.0,1.0,-0.5
1.0,0.0,0.0,0.0,1.0,1.0,0.6666666666666666,1,1.0,1.0,1.0,0.33333333333333337,0.0,solvability-pair-0072302-try_again_n,-0.33333333333333337,0.0,0.0,0.0,0.6931471805599453,try_again_n,8.0,0.125,-0.5,0.0,0.5,-0.5,-0.5,1.0,1.0,0.0,0.0,0.0,0.9980732653366725,0.0019267346633274755,solvability-pair-0072302,6.25,1.0,1.0,1.0,1.0,-0.33333333333333337,1,0.0,TRY_AGAIN,train,solvability-pair-0072302-try_again_n:1,1.0,solvability,0.0,0.0,1.0,-0.33333333333333337
1.0,1.0,0.0,0.0,1.0,2.0,0.75,1,1.0,2.0,2.0,0.25,0.0,solvability-pair-0072302-try_again_n,-0.25,0.0,0.0,0.0,1.0986122886681098,try_again_n,8.0,0.25,-0.5,0.0,0.5,-0.5,-0.5,1.0,1.0,1.0,0.0,0.0,0.9770226300899744,0.02297736991002561,solvability-pair-0072302,3.75,1.0,1.0,2.0,2.0,-0.25,2,1.0,TRY_AGAIN,train,solvability-pair-0072302-try_again_n:2,2.0,solvability,0.0,0.0,1.0,-0.25
1.0,1.0,1.0,0.0,1.0,3.0,0.8,1,1.0,3.0,3.0,0.19999999999999996,0.0,solvability-pair-0072302-try_again_n,-0.19999999999999996,0.0,0.0,0.0,1.3862943611198906,try_again_n,8.0,0.375,-0.5,0.0,0.5,-0.5,-0.5,1.0,1.0,1.0,1.0,0.0,0.9525741268224334,0.04742587317756679,solvability-pair-0072302,3.0,1.0,1.0,3.0,3.0,-0.19999999999999996,3,1.0,TRY_AGAIN,train,solvability-pair-0072302-try_again_n:3,3.0,solvability,0.0,0.0,1.0,-0.19999999999999996
1.0,1.0,1.0,0.0,1.0,4.0,0.8333333333333334,0,1.0,4.0,4.0,0.16666666666666663,0.0,solvability-pair-0072302-try_again_n,-0.16666666666666663,0.0,0.0,0.0,1.6094379124341003,try_again_n,8.0,0.5,-0.5,0.0,0.5,-0.5,-0.5,0.0,1.0,1.0,1.0,0.0,0.8519528019683106,0.1480471980316895,solvability-pair-0072302,1.75,1.0,1.0,4.0,4.0,-0.16666666666666663,4,1.0,GIVE_UP,train,solvability-pair-0072302-try_again_n:4,4.0,solvability,0.0,0.0,1.0,-0.16666666666666663
0.0,0.0,0.0,0.0,1.0,0.0,0.25,0,1.0,0.0,0.0,2.75,-1.0,solvability-pair-0072303-try_again_m,-0.75,2.0,0.0,2.0,0.0,try_again_m,8.0,0.0,-0.8,2.0,0.2,-2.8,-2.8,0.0,0.0,0.0,0.0,0.0,0.32082130082460697,0.679178699175393,solvability-pair-0072303,-0.75,0.0,0.0,0.0,0.0,-2.75,0,0.0,GIVE_UP,train,solvability-pair-0072303-try_again_m:0,0.0,solvability,0.0,0.0,1.0,-2.75
0.0,0.0,0.0,0.0,1.0,0.0,0.25,0,1.0,0.0,0.0,2.75,-1.0,solvability-pair-0072303-try_again_n,-0.75,2.0,0.0,2.0,0.0,try_again_n,8.0,0.0,-0.8,2.0,0.2,-2.8,-2.8,0.0,0.0,0.0,0.0,0.0,0.18242552380635632,0.8175744761936437,solvability-pair-0072303,-1.5,0.0,0.0,0.0,0.0,-2.75,0,0.0,GIVE_UP,train,solvability-pair-0072303-try_again_n:0,0.0,solvability,0.0,0.0,1.0,-2.75
0.0,0.0,0.0,0.0,1.0,0.0,0.75,1,1.0,0.0,0.0,0.25,1.0,solvability-pair-0072304-try_again_m,-0.25,0.0,0.0,0.0,0.0,try_again_m,8.0,0.0,-0.19999999999999996,0.0,0.8,-0.19999999999999996,-0.19999999999999996,1.0,0.0,0.0,0.0,0.0,0.9626731126558706,0.037326887344129464,solvability-pair-0072304,3.25,0.0,0.0,0.0,0.0,-0.25,0,0.0,TRY_AGAIN,train,solvability-pair-0072304-try_again_m:0,0.0,solvability,0.0,0.0,1.0,-0.25
1.0,0.0,0.0,0.0,1.0,1.0,0.8333333333333334,1,1.0,1.0,1.0,0.16666666666666663,1.0,solvability-pair-0072304-try_again_m,-0.16666666666666663,0.0,0.0,0.0,0.6931471805599453,try_again_m,8.0,0.125,-0.19999999999999996,0.0,0.8,-0.19999999999999996,-0.19999999999999996,1.0,1.0,0.0,0.0,0.0,0.9995694429186754,0.00043055708132461493,solvability-pair-0072304,7.75,1.0,1.0,1.0,1.0,-0.16666666666666663,1,0.0,TRY_AGAIN,train,solvability-pair-0072304-try_again_m:1,1.0,solvability,0.0,0.0,1.0,-0.16666666666666663
1.0,1.0,0.0,0.0,1.0,2.0,0.875,1,1.0,2.0,2.0,0.125,1.0,solvability-pair-0072304-try_again_m,-0.125,0.0,0.0,0.0,1.0986122886681098,try_again_m,8.0,0.25,-0.19999999999999996,0.0,0.8,-0.19999999999999996,-0.19999999999999996,1.0,1.0,1.0,0.0,0.0,0.991422514586288,0.008577485413711986,solvability-pair-0072304,4.75,1.0,1.0,2.0,2.0,-0.125,2,1.0,TRY_AGAIN,train,solvability-pair-0072304-try_again_m:2,2.0,solvability,0.0,0.0,1.0,-0.125
1.0,1.0,1.0,0.0,1.0,3.0,0.9,1,1.0,3.0,3.0,0.09999999999999998,1.0,solvability-pair-0072304-try_again_m,-0.09999999999999998,0.0,0.0,0.0,1.3862943611198906,try_again_m,8.0,0.375,-0.19999999999999996,0.0,0.8,-0.19999999999999996,-0.19999999999999996,1.0,1.0,1.0,1.0,0.0,0.9770226300899744,0.02297736991002561,solvability-pair-0072304,3.75,1.0,1.0,3.0,3.0,-0.09999999999999998,3,1.0,TRY_AGAIN,train,solvability-pair-0072304-try_again_m:3,3.0,solvability,0.0,0.0,1.0,-0.09999999999999998
1.0,1.0,1.0,0.0,1.0,4.0,0.9166666666666666,1,1.0,4.0,4.0,0.08333333333333337,1.0,solvability-pair-0072304-try_again_m,-0.08333333333333337,0.0,0.0,0.0,1.6094379124341003,try_again_m,8.0,0.5,-0.19999999999999996,0.0,0.8,-0.19999999999999996,-0.19999999999999996,1.0,1.0,1.0,1.0,0.0,0.8933094060543487,0.10669059394565118,solvability-pair-0072304,2.125,1.0,1.0,4.0,4.0,-0.08333333333333337,4,1.0,TRY_AGAIN,train,solvability-pair-0072304-try_again_m:4,4.0,solvability,0.0,0.0,1.0,-0.08333333333333337
1.0,1.0,1.0,1.0,1.0,5.0,0.9285714285714286,0,1.0,5.0,5.0,0.0714285714285714,1.0,solvability-pair-0072304-try_again_m,-0.0714285714285714,0.0,0.0,0.0,1.791759469228055,try_again_m,8.0,0.625,-0.19999999999999996,0.0,0.8,-0.19999999999999996,-0.19999999999999996,0.0,1.0,1.0,1.0,1.0,0.7981867777396212,0.20181322226037882,solvability-pair-0072304,1.375,1.0,1.0,5.0,5.0,-0.0714285714285714,5,1.0,GIVE_UP,train,solvability-pair-0072304-try_again_m:5,5.0,solvability,0.0,0.0,1.0,-0.0714285714285714
0.0,0.0,0.0,0.0,1.0,0.0,0.75,1,1.0,0.0,0.0,0.25,1.0,solvability-pair-0072304-try_again_n,-0.25,0.0,0.0,0.0,0.0,try_again_n,8.0,0.0,-0.19999999999999996,0.0,0.8,-0.19999999999999996,-0.19999999999999996,1.0,0.0,0.0,0.0,0.0,0.7549149868676283,0.24508501313237172,solvability-pair-0072304,1.125,0.0,0.0,0.0,0.0,-0.25,0,0.0,TRY_AGAIN,train,solvability-pair-0072304-try_again_n:0,0.0,solvability,0.0,0.0,1.0,-0.25
1.0,0.0,0.0,0.0,1.0,1.0,0.8333333333333334,1,1.0,1.0,1.0,0.16666666666666663,1.0,solvability-pair-0072304-try_again_n,-0.16666666666666663,0.0,0.0,0.0,0.6931471805599453,try_again_n,8.0,0.125,-0.19999999999999996,0.0,0.8,-0.19999999999999996,-0.19999999999999996,1.0,1.0,0.0,0.0,0.0,0.9998204720306533,0.0001795279693467774,solvability-pair-0072304,8.625,1.0,1.0,1.0,1.0,-0.16666666666666663,1,0.0,TRY_AGAIN,train,solvability-pair-0072304-try_again_n:1,1.0,solvability,0.0,0.0,1.0,-0.16666666666666663
1.0,1.0,0.0,0.0,1.0,2.0,0.875,1,1.0,2.0,2.0,0.125,1.0,solvability-pair-0072304-try_again_n,-0.125,0.0,0.0,0.0,1.0986122886681098,try_again_n,8.0,0.25,-0.19999999999999996,0.0,0.8,-0.19999999999999996,-0.19999999999999996,1.0,1.0,1.0,0.0,0.0,0.9975273768433653,0.0024726231566347748,solvability-pair-0072304,6.0,1.0,1.0,2.0,2.0,-0.125,2,1.0,TRY_AGAIN,train,solvability-pair-0072304-try_again_n:2,2.0,solvability,0.0,0.0,1.0,-0.125
1.0,1.0,1.0,0.0,1.0,3.0,0.9,1,1.0,3.0,3.0,0.09999999999999998,1.0,solvability-pair-0072304-try_again_n,-0.09999999999999998,0.0,0.0,0.0,1.3862943611198906,try_again_n,8.0,0.375,-0.19999999999999996,0.0,0.8,-0.19999999999999996,-0.19999999999999996,1.0,1.0,1.0,1.0,0.0,0.991422514586288,0.008577485413711986,solvability-pair-0072304,4.75,1.0,1.0,3.0,3.0,-0.09999999999999998,3,1.0,TRY_AGAIN,train,solvability-pair-0072304-try_again_n:3,3.0,solvability,0.0,0.0,1.0,-0.09999999999999998
1.0,1.0,1.0,0.0,1.0,4.0,0.9166666666666666,1,1.0,4.0,4.0,0.08333333333333337,1.0,solvability-pair-0072304-try_again_n,-0.08333333333333337,0.0,0.0,0.0,1.6094379124341003,try_again_n,8.0,0.5,-0.19999999999999996,0.0,0.8,-0.19999999999999996,-0.19999999999999996,1.0,1.0,1.0,1.0,0.0,0.9324533088603709,0.0675466911396291,solvability-pair-0072304,2.625,1.0,1.0,4.0,4.0,-0.08333333333333337,4,1.0,TRY_AGAIN,train,solvability-pair-0072304-try_again_n:4,4.0,solvability,0.0,0.0,1.0,-0.08333333333333337
1.0,1.0,1.0,1.0,1.0,5.0,0.9285714285714286,0,1.0,5.0,5.0,0.0714285714285714,1.0,solvability-pair-0072304-try_again_n,-0.0714285714285714,0.0,0.0,0.0,1.791759469228055,try_again_n,8.0,0.625,-0.19999999999999996,0.0,0.8,-0.19999999999999996,-0.19999999999999996,0.0,1.0,1.0,1.0,1.0,0.7549149868676283,0.24508501313237172,solvability-pair-0072304,1.125,1.0,1.0,5.0,5.0,-0.0714285714285714,5,1.0,GIVE_UP,train,solvability-pair-0072304-try_again_n:5,5.0,solvability,0.0,0.0,1.0,-0.0714285714285714
0.0,0.0,0.0,0.0,0.0,0.0,0.5,0,0.0,0.0,0.0,1.5,0.0,solvability-pair-0072305-try_again_m,0.5,2.0,0.0,2.0,0.0,try_again_m,8.0,0.0,0.5,2.0,0.5,-1.5,-1.5,0.0,0.0,0.0,0.0,0.0,0.6224593312018546,0.37754066879814546,solvability-pair-0072305,0.5,0.0,0.0,0.0,0.0,-1.5,0,0.0,GIVE_UP,train,solvability-pair-0072305-try_again_m:0,0.0,solvability,0.0,0.0,1.0,-1.5
0.0,0.0,0.0,0.0,0.0,0.0,0.5,0,0.0,0.0,0.0,1.5,0.0,solvability-pair-0072305-try_again_n,0.5,2.0,0.0,2.0,0.0,try_again_n,8.0,0.0,0.5,2.0,0.5,-1.5,-1.5,0.0,0.0,0.0,0.0,0.0,0.2689414213699951,0.7310585786300049,solvability-pair-0072305,-1.0,0.0,0.0,0.0,0.0,-1.5,0,0.0,GIVE_UP,train,solvability-pair-0072305-try_again_n:0,0.0,solvability,0.0,0.0,1.0,-1.5
0.0,0.0,0.0,0.0,0.0,0.0,0.5,1,0.0,0.0,0.0,-0.5,0.0,solvability-pair-0072306-try_again_m,0.5,0.0,0.0,0.0,0.0,try_again_m,8.0,0.0,0.5,0.0,0.5,0.5,0.5,-1.0,0.0,0.0,0.0,0.0,0.7549149868676283,0.24508501313237172,solvability-pair-0072306,1.125,0.0,0.0,0.0,0.0,0.5,0,0.0,TRY_AGAIN,train,solvability-pair-0072306-try_again_m:0,0.0,solvability,0.0,0.0,1.0,0.5
1.0,0.0,0.0,0.0,0.0,1.0,0.3333333333333333,0,0.0,0.0,-1.0,-0.3333333333333333,0.0,solvability-pair-0072306-try_again_m,0.3333333333333333,0.0,1.0,0.0,0.6931471805599453,try_again_m,8.0,0.125,0.5,0.0,0.5,0.5,0.5,0.0,-1.0,0.0,0.0,0.0,0.037326887344129464,0.9626731126558706,solvability-pair-0072306,-3.25,1.0,-1.0,0.0,0.0,0.3333333333333333,1,0.0,GIVE_UP,train,solvability-pair-0072306-try_again_m:1,0.0,solvability,0.0,0.0,1.0,0.3333333333333333
0.0,0.0,0.0,0.0,0.0,0.0,0.5,0,0.0,0.0,0.0,-0.5,0.0,solvability-pair-0072306-try_again_n,0.5,0.0,0.0,0.0,0.0,try_again_n,8.0,0.0,0.5,0.0,0.5,0.5,0.5,0.0,0.0,0.0,0.0,0.0,0.34864513533394575,0.6513548646660542,solvability-pair-0072306,-0.625,0.0,0.0,0.0,0.0,0.5,0,0.0,GIVE_UP,train,solvability-pair-0072306-try_again_n:0,0.0,solvability,0.0,0.0,1.0,0.5
0.0,0.0,0.0,0.0,0.0,0.0,0.25,0,0.0,0.0,0.0,-0.25,-1.0,solvability-pair-0072307-try_again_m,0.25,0.0,0.0,0.0,0.0,try_again_m,8.0,0.0,0.2,0.0,0.2,0.2,0.2,0.0,0.0,0.0,0.0,0.0,0.5,0.5,solvability-pair-0072307,0.0,0.0,0.0,0.0,0.0,0.25,0,0.0,GIVE_UP,train,solvability-pair-0072307-try_again_m:0,0.0,solvability,0.0,0.0,1.0,0.25
0.0,0.0,0.0,0.0,0.0,0.0,0.25,0,0.0,0.0,0.0,-0.25,-1.0,solvability-pair-0072307-try_again_n,0.25,0.0,0.0,0.0,0.0,try_again_n,8.0,0.0,0.2,0.0,0.2,0.2,0.2,0.0,0.0,0.0,0.0,0.0,0.22270013882530884,0.7772998611746911,solvability-pair-0072307,-1.25,0.0,0.0,0.0,0.0,0.25,0,0.0,GIVE_UP,train,solvability-pair-0072307-try_again_n:0,0.0,solvability,0.0,0.0,1.0,0.25
0.0,0.0,0.0,0.0,0.0,0.0,0.25,0,0.0,0.0,0.0,1.75,-1.0,solvability-pair-0072308-try_again_m,0.25,2.0,0.0,2.0,0.0,try_again_m,8.0,0.0,0.2,2.0,0.2,-1.8,-1.8,0.0,0.0,0.0,0.0,0.0,0.4073334000459302,0.5926665999540697,solvability-pair-0072308,-0.375,0.0,0.0,0.0,0.0,-1.75,0,0.0,GIVE_UP,train,solvability-pair-0072308-try_again_m:0,0.0,solvability,0.0,0.0,1.0,-1.75
0.0,0.0,0.0,0.0,0.0,0.0,0.25,0,0.0,0.0,0.0,1.75,-1.0,solvability-pair-0072308-try_again_n,0.25,2.0,0.0,2.0,0.0,try_again_n,8.0,0.0,0.2,2.0,0.2,-1.8,-1.8,0.0,0.0,0.0,0.0,0.0,0.20181322226037882,0.7981867777396212,solvability-pair-0072308,-1.375,0.0,0.0,0.0,0.0,-1.75,0,0.0,GIVE_UP,train,solvability-pair-0072308-try_again_n:0,0.0,solvability,0.0,0.0,1.0,-1.75
0.0,0.0,0.0,0.0,1.0,0.0,0.25,0,1.0,0.0,0.0,0.75,-1.0,solvability-pair-0072309-try_again_m,-0.75,0.0,0.0,0.0,0.0,try_again_m,8.0,0.0,-0.8,0.0,0.2,-0.8,-0.8,0.0,0.0,0.0,0.0,0.0,0.37754066879814546,0.6224593312018546,solvability-pair-0072309,-0.5,0.0,0.0,0.0,0.0,-0.75,0,0.0,GIVE_UP,train,solvability-pair-0072309-try_again_m:0,0.0,solvability,0.0,0.0,1.0,-0.75
0.0,0.0,0.0,0.0,1.0,0.0,0.25,0,1.0,0.0,0.0,0.75,-1.0,solvability-pair-0072309-try_again_n,-0.75,0.0,0.0,0.0,0.0,try_again_n,8.0,0.0,-0.8,0.0,0.2,-0.8,-0.8,0.0,0.0,0.0,0.0,0.0,0.22270013882530884,0.7772998611746911,solvability-pair-0072309,-1.25,0.0,0.0,0.0,0.0,-0.75,0,0.0,GIVE_UP,train,solvability-pair-0072309-try_again_n:0,0.0,solvability,0.0,0.0,1.0,-0.75
0.0,0.0,0.0,0.0,0.0,0.0,0.75,1,0.0,0.0,0.0,-0.75,1.0,solvability-pair-0072310-try_again_m,0.75,0.0,0.0,0.0,0.0,try_again_m,8.0,0.0,0.8,0.0,0.8,0.8,0.8,-1.0,0.0,0.0,0.0,0.0,0.9840936082881853,0.01590639171181471,solvability-pair-0072310,4.125,0.0,0.0,0.0,0.0,0.75,0,0.0,TRY_AGAIN,test,solvability-pair-0072310-try_again_m:0,0.0,solvability,0.0,0.0,1.0,0.75
1.0,0.0,0.0,0.0,0.0,1.0,0.5,0,0.0,0.0,-1.0,-0.5,1.0,solvability-pair-0072310-try_again_m,0.5,0.0,1.0,0.0,0.6931471805599453,try_again_m,8.0,0.125,0.8,0.0,0.8,0.8,0.8,0.0,-1.0,0.0,0.0,0.0,0.10669059394565118,0.8933094060543487,solvability-pair-0072310,-2.125,1.0,-1.0,0.0,0.0,0.5,1,0.0,GIVE_UP,test,solvability-pair-0072310-try_again_m:1,0.0,solvability,0.0,0.0,1.0,0.5
0.0,0.0,0.0,0.0,0.0,0.0,0.75,1,0.0,0.0,0.0,-0.75,1.0,solvability-pair-0072310-try_again_n,0.75,0.0,0.0,0.0,0.0,try_again_n,8.0,0.0,0.8,0.0,0.8,0.8,0.8,-1.0,0.0,0.0,0.0,0.0,0.8175744761936437,0.18242552380635632,solvability-pair-0072310,1.5,0.0,0.0,0.0,0.0,0.75,0,0.0,TRY_AGAIN,test,solvability-pair-0072310-try_again_n:0,0.0,solvability,0.0,0.0,1.0,0.75
1.0,0.0,0.0,0.0,0.0,1.0,0.5,0,0.0,0.0,-1.0,-0.5,1.0,solvability-pair-0072310-try_again_n,0.5,0.0,1.0,0.0,0.6931471805599453,try_again_n,8.0,0.125,0.8,0.0,0.8,0.8,0.8,0.0,-1.0,0.0,0.0,0.0,0.13296424019782924,0.8670357598021706,solvability-pair-0072310,-1.875,1.0,-1.0,0.0,0.0,0.5,1,0.0,GIVE_UP,test,solvability-pair-0072310-try_again_n:1,0.0,solvability,0.0,0.0,1.0,0.5
0.0,0.0,0.0,0.0,1.0,0.0,0.75,1,1.0,0.0,0.0,2.25,1.0,solvability-pair-0072311-try_again_m,-0.25,2.0,0.0,2.0,0.0,try_again_m,8.0,0.0,-0.19999999999999996,2.0,0.8,-2.2,-2.2,1.0,0.0,0.0,0.0,0.0,0.9399133498259924,0.06008665017400762,solvability-pair-0072311,2.75,0.0,0.0,0.0,0.0,-2.25,0,0.0,TRY_AGAIN,train,solvability-pair-0072311-try_again_m:0,0.0,solvability,0.0,0.0,1.0,-2.25
1.0,0.0,0.0,0.0,1.0,1.0,0.8333333333333334,1,1.0,1.0,1.0,2.1666666666666665,1.0,solvability-pair-0072311-try_again_m,-0.16666666666666663,2.0,0.0,2.0,0.6931471805599453,try_again_m,8.0,0.125,-0.19999999999999996,2.0,0.8,-2.2,-2.2,1.0,1.0,0.0,0.0,0.0,0.9993736658418905,0.0006263341581094201,solvability-pair-0072311,7.375,1.0,1.0,1.0,1.0,-2.1666666666666665,1,0.0,TRY_AGAIN,train,solvability-pair-0072311-try_again_m:1,1.0,solvability,0.0,0.0,1.0,-2.1666666666666665
1.0,1.0,0.0,0.0,1.0,2.0,0.875,1,1.0,2.0,2.0,2.125,1.0,solvability-pair-0072311-try_again_m,-0.125,2.0,0.0,2.0,1.0986122886681098,try_again_m,8.0,0.25,-0.19999999999999996,2.0,0.8,-2.2,-2.2,1.0,1.0,1.0,0.0,0.0,0.9770226300899744,0.02297736991002561,solvability-pair-0072311,3.75,1.0,1.0,2.0,2.0,-2.125,2,1.0,TRY_AGAIN,train,solvability-pair-0072311-try_again_m:2,2.0,solvability,0.0,0.0,1.0,-2.125
1.0,1.0,1.0,0.0,1.0,3.0,0.9,0,1.0,3.0,3.0,2.1,1.0,solvability-pair-0072311-try_again_m,-0.09999999999999998,2.0,0.0,2.0,1.3862943611198906,try_again_m,8.0,0.375,-0.19999999999999996,2.0,0.8,-2.2,-2.2,0.0,1.0,1.0,1.0,0.0,0.9399133498259924,0.06008665017400762,solvability-pair-0072311,2.75,1.0,1.0,3.0,3.0,-2.1,3,1.0,GIVE_UP,train,solvability-pair-0072311-try_again_m:3,3.0,solvability,0.0,0.0,1.0,-2.1
0.0,0.0,0.0,0.0,1.0,0.0,0.75,1,1.0,0.0,0.0,2.25,1.0,solvability-pair-0072311-try_again_n,-0.25,2.0,0.0,2.0,0.0,try_again_n,8.0,0.0,-0.19999999999999996,2.0,0.8,-2.2,-2.2,1.0,0.0,0.0,0.0,0.0,0.679178699175393,0.32082130082460697,solvability-pair-0072311,0.75,0.0,0.0,0.0,0.0,-2.25,0,0.0,TRY_AGAIN,train,solvability-pair-0072311-try_again_n:0,0.0,solvability,0.0,0.0,1.0,-2.25
1.0,0.0,0.0,0.0,1.0,1.0,0.8333333333333334,1,1.0,1.0,1.0,2.1666666666666665,1.0,solvability-pair-0072311-try_again_n,-0.16666666666666663,2.0,0.0,2.0,0.6931471805599453,try_again_n,8.0,0.125,-0.19999999999999996,2.0,0.8,-2.2,-2.2,1.0,1.0,0.0,0.0,0.0,0.9995694429186754,0.00043055708132461493,solvability-pair-0072311,7.75,1.0,1.0,1.0,1.0,-2.1666666666666665,1,0.0,TRY_AGAIN,train,solvability-pair-0072311-try_again_n:1,1.0,solvability,0.0,0.0,1.0,-2.1666666666666665
1.0,1.0,0.0,0.0,1.0,2.0,0.875,1,1.0,2.0,2.0,2.125,1.0,solvability-pair-0072311-try_again_n,-0.125,2.0,0.0,2.0,1.0986122886681098,try_again_n,8.0,0.25,-0.19999999999999996,2.0,0.8,-2.2,-2.2,1.0,1.0,1.0,0.0,0.0,0.9933071490757153,0.006692850924284856,solvability-pair-0072311,5.0,1.0,1.0,2.0,2.0,-2.125,2,1.0,TRY_AGAIN,train,solvability-pair-0072311-try_again_n:2,2.0,solvability,0.0,0.0,1.0,-2.125
1.0,1.0,1.0,0.0,1.0,3.0,0.9,0,1.0,3.0,3.0,2.1,1.0,solvability-pair-0072311-try_again_n,-0.09999999999999998,2.0,0.0,2.0,1.3862943611198906,try_again_n,8.0,0.375,-0.19999999999999996,2.0,0.8,-2.2,-2.2,0.0,1.0,1.0,1.0,0.0,0.9796676466573412,0.020332353342658753,solvability-pair-0072311,3.875,1.0,1.0,3.0,3.0,-2.1,3,1.0,GIVE_UP,train,solvability-pair-0072311-try_again_n:3,3.0,solvability,0.0,0.0,1.0,-2.1
0.0,0.0,0.0,0.0,0.0,0.0,0.75,1,0.0,0.0,0.0,1.25,1.0,solvability-pair-0072312-try_again_m,0.75,2.0,0.0,2.0,0.0,try_again_m,8.0,0.0,0.8,2.0,0.8,-1.2,-1.2,1.0,0.0,0.0,0.0,0.0,0.9770226300899744,0.02297736991002561,solvability-pair-0072312,3.75,0.0,0.0,0.0,0.0,-1.25,0,0.0,TRY_AGAIN,train,solvability-pair-0072312-try_again_m:0,0.0,solvability,0.0,0.0,1.0,-1.25
1.0,0.0,0.0,0.0,0.0,1.0,0.8333333333333334,1,0.0,0.0,1.0,1.1666666666666665,1.0,solvability-pair-0072312-try_again_m,0.8333333333333334,2.0,0.0,2.0,0.6931471805599453,try_again_m,8.0,0.125,0.8,2.0,0.8,-1.2,-1.2,1.0,1.0,0.0,0.0,0.0,0.9996646498695336,0.00033535013046647816,solvability-pair-0072312,8.0,1.0,1.0,1.0,1.0,-1.1666666666666665,1,0.0,TRY_AGAIN,train,solvability-pair-0072312-try_again_m:1,1.0,solvability,0.0,0.0,1.0,-1.1666666666666665
1.0,1.0,0.0,0.0,0.0,2.0,0.875,1,0.0,0.0,2.0,1.125,1.0,solvability-pair-0072312-try_again_m,0.875,2.0,0.0,2.0,1.0986122886681098,try_again_m,8.0,0.25,0.8,2.0,0.8,-1.2,-1.2,-1.0,1.0,1.0,0.0,0.0,0.9924227587321393,0.007577241267860811,solvability-pair-0072312,4.875,1.0,1.0,2.0,2.0,-1.125,2,1.0,TRY_AGAIN,train,solvability-pair-0072312-try_again_m:2,2.0,solvability,0.0,0.0,1.0,-1.125
1.0,1.0,1.0,0.0,0.0,3.0,0.7,1,0.0,0.0,1.0,1.3,1.0,solvability-pair-0072312-try_again_m,0.7,2.0,1.0,2.0,1.3862943611198906,try_again_m,8.0,0.375,0.8,2.0,0.8,-1.2,-1.2,-1.0,-1.0,1.0,1.0,0.0,0.6513548646660542,0.34864513533394575,solvability-pair-0072312,0.625,1.0,-1.0,2.0,2.0,-1.3,3,1.0,TRY_AGAIN,train,solvability-pair-0072312-try_again_m:3,0.0,solvability,0.0,0.0,1.0,-1.3
1.0,1.0,1.0,0.0,0.0,4.0,0.5833333333333334,1,0.0,0.0,0.0,1.4166666666666665,1.0,solvability-pair-0072312-try_again_m,0.5833333333333334,2.0,2.0,2.0,1.6094379124341003,try_again_m,8.0,0.5,0.8,2.0,0.8,-1.2,-1.2,-1.0,-1.0,-1.0,1.0,0.0,0.29421497216298875,0.7057850278370112,solvability-pair-0072312,-0.875,1.0,-1.0,2.0,2.0,-1.4166666666666665,4,1.0,TRY_AGAIN,train,solvability-pair-0072312-try_again_m:4,0.0,solvability,0.0,0.0,1.0,-1.4166666666666665
1.0,1.0,1.0,1.0,0.0,5.0,0.5,0,0.0,0.0,-1.0,1.5,1.0,solvability-pair-0072312-try_again_m,0.5,2.0,3.0,2.0,1.791759469228055,try_again_m,8.0,0.625,0.8,2.0,0.8,-1.2,-1.2,0.0,-1.0,-1.0,-1.0,1.0,0.22270013882530884,0.7772998611746911,solvability-pair-0072312,-1.25,1.0,-1.0,2.0,2.0,-1.5,5,1.0,GIVE_UP,train,solvability-pair-0072312-try_again_m:5,0.0,solvability,0.0,0.0,1.0,-1.5
0.0,0.0,0.0,0.0,0.0,0.0,0.75,1,0.0,0.0,0.0,1.25,1.0,solvability-pair-0072312-try_again_n,0.75,2.0,0.0,2.0,0.0,try_again_n,8.0,0.0,0.8,2.0,0.8,-1.2,-1.2,1.0,0.0,0.0,0.0,0.0,0.7772998611746911,0.22270013882530884,solvability-pair-0072312,1.25,0.0,0.0,0.0,0.0,-1.25,0,0.0,TRY_AGAIN,train,solvability-pair-0072312-try_again_n:0,0.0,solvability,0.0,0.0,1.0,-1.25
1.0,0.0,0.0,0.0,0.0,1.0,0.8333333333333334,1,0.0,0.0,1.0,1.1666666666666665,1.0,solvability-pair-0072312-try_again_n,0.8333333333333334,2.0,0.0,2.0,0.6931471805599453,try_again_n,8.0,0.125,0.8,2.0,0.8,-1.2,-1.2,1.0,1.0,0.0,0.0,0.0,0.9997694932780068,0.0002305067219931397,solvability-pair-0072312,8.375,1.0,1.0,1.0,1.0,-1.1666666666666665,1,0.0,TRY_AGAIN,train,solvability-pair-0072312-try_again_n:1,1.0,solvability,0.0,0.0,1.0,-1.1666666666666665
1.0,1.0,0.0,0.0,0.0,2.0,0.875,1,0.0,0.0,2.0,1.125,1.0,solvability-pair-0072312-try_again_n,0.875,2.0,0.0,2.0,1.0986122886681098,try_again_n,8.0,0.25,0.8,2.0,0.8,-1.2,-1.2,-1.0,1.0,1.0,0.0,0.0,0.9953904278206259,0.004609572179374208,solvability-pair-0072312,5.375,1.0,1.0,2.0,2.0,-1.125,2,1.0,TRY_AGAIN,train,solvability-pair-0072312-try_again_n:2,2.0,solvability,0.0,0.0,1.0,-1.125
1.0,1.0,1.0,0.0,0.0,3.0,0.7,1,0.0,0.0,1.0,1.3,1.0,solvability-pair-0072312-try_again_n,0.7,2.0,1.0,2.0,1.3862943611198906,try_again_n,8.0,0.375,0.8,2.0,0.8,-1.2,-1.2,-1.0,-1.0,1.0,1.0,0.0,0.5621765008857981,0.4378234991142019,solvability-pair-0072312,0.25,1.0,-1.0,2.0,2.0,-1.3,3,1.0,TRY_AGAIN,train,solvability-pair-0072312-try_again_n:3,0.0,solvability,0.0,0.0,1.0,-1.3
1.0,1.0,1.0,0.0,0.0,4.0,0.5833333333333334,1,0.0,0.0,0.0,1.4166666666666665,1.0,solvability-pair-0072312-try_again_n,0.5833333333333334,2.0,2.0,2.0,1.6094379124341003,try_again_n,8.0,0.5,0.8,2.0,0.8,-1.2,-1.2,-1.0,-1.0,-1.0,1.0,0.0,0.34864513533394575,0.6513548646660542,solvability-pair-0072312,-0.625,1.0,-1.0,2.0,2.0,-1.4166666666666665,4,1.0,TRY_AGAIN,train,solvability-pair-0072312-try_again_n:4,0.0,solvability,0.0,0.0,1.0,-1.4166666666666665
1.0,1.0,1.0,1.0,0.0,5.0,0.5,0,0.0,0.0,-1.0,1.5,1.0,solvability-pair-0072312-try_again_n,0.5,2.0,3.0,2.0,1.791759469228055,try_again_n,8.0,0.625,0.8,2.0,0.8,-1.2,-1.2,0.0,-1.0,-1.0,-1.0,1.0,0.29421497216298875,0.7057850278370112,solvability-pair-0072312,-0.875,1.0,-1.0,2.0,2.0,-1.5,5,1.0,GIVE_UP,train,solvability-pair-0072312-try_again_n:5,0.0,solvability,0.0,0.0,1.0,-1.5
0.0,0.0,0.0,0.0,1.0,0.0,0.5,0,1.0,0.0,0.0,2.5,0.0,solvability-pair-0072313-try_again_m,-0.5,2.0,0.0,2.0,0.0,try_again_m,8.0,0.0,-0.5,2.0,0.5,-2.5,-2.5,0.0,0.0,0.0,0.0,0.0,0.46879062662624377,0.5312093733737563,solvability-pair-0072313,-0.125,0.0,0.0,0.0,0.0,-2.5,0,0.0,GIVE_UP,test,solvability-pair-0072313-try_again_m:0,0.0,solvability,0.0,0.0,1.0,-2.5
0.0,0.0,0.0,0.0,1.0,0.0,0.5,0,1.0,0.0,0.0,2.5,0.0,solvability-pair-0072313-try_again_n,-0.5,2.0,0.0,2.0,0.0,try_again_n,8.0,0.0,-0.5,2.0,0.5,-2.5,-2.5,0.0,0.0,0.0,0.0,0.0,0.22270013882530884,0.7772998611746911,solvability-pair-0072313,-1.25,0.0,0.0,0.0,0.0,-2.5,0,0.0,GIVE_UP,test,solvability-pair-0072313-try_again_n:0,0.0,solvability,0.0,0.0,1.0,-2.5
0.0,0.0,0.0,0.0,1.0,0.0,0.5,0,1.0,0.0,0.0,0.5,0.0,solvability-pair-0072314-try_again_m,-0.5,0.0,0.0,0.0,0.0,try_again_m,8.0,0.0,-0.5,0.0,0.5,-0.5,-0.5,0.0,0.0,0.0,0.0,0.0,0.5621765008857981,0.4378234991142019,solvability-pair-0072314,0.25,0.0,0.0,0.0,0.0,-0.5,0,0.0,GIVE_UP,test,solvability-pair-0072314-try_again_m:0,0.0,solvability,0.0,0.0,1.0,-0.5
0.0,0.0,0.0,0.0,1.0,0.0,0.5,0,1.0,0.0,0.0,0.5,0.0,solvability-pair-0072314-try_again_n,-0.5,0.0,0.0,0.0,0.0,try_again_n,8.0,0.0,-0.5,0.0,0.5,-0.5,-0.5,0.0,0.0,0.0,0.0,0.0,0.2689414213699951,0.7310585786300049,solvability-pair-0072314,-1.0,0.0,0.0,0.0,0.0,-0.5,0,0.0,GIVE_UP,test,solvability-pair-0072314-try_again_n:0,0.0,solvability,0.0,0.0,1.0,-0.5
0.0,0.0,0.0,0.0,1.0,0.0,0.25,0,1.0,0.0,0.0,2.75,-1.0,solvability-pair-0072315-try_again_m,-0.75,2.0,0.0,2.0,0.0,try_again_m,8.0,0.0,-0.8,2.0,0.2,-2.8,-2.8,0.0,0.0,0.0,0.0,0.0,0.32082130082460697,0.679178699175393,solvability-pair-0072315,-0.75,0.0,0.0,0.0,0.0,-2.75,0,0.0,GIVE_UP,train,solvability-pair-0072315-try_again_m:0,0.0,solvability,0.0,0.0,1.0,-2.75
0.0,0.0,0.0,0.0,1.0,0.0,0.25,0,1.0,0.0,0.0,2.75,-1.0,solvability-pair-0072315-try_again_n,-0.75,2.0,0.0,2.0,0.0,try_again_n,8.0,0.0,-0.8,2.0,0.2,-2.8,-2.8,0.0,0.0,0.0,0.0,0.0,0.18242552380635632,0.8175744761936437,solvability-pair-0072315,-1.5,0.0,0.0,0.0,0.0,-2.75,0,0.0,GIVE_UP,train,solvability-pair-0072315-try_again_n:0,0.0,solvability,0.0,0.0,1.0,-2.75
0.0,0.0,0.0,0.0,1.0,0.0,0.75,1,1.0,0.0,0.0,0.25,1.0,solvability-pair-0072316-try_again_m,-0.25,0.0,0.0,0.0,0.0,try_again_m,8.0,0.0,-0.19999999999999996,0.0,0.8,-0.19999999999999996,-0.19999999999999996,1.0,0.0,0.0,0.0,0.0,0.9626731126558706,0.037326887344129464,solvability-pair-0072316,3.25,0.0,0.0,0.0,0.0,-0.25,0,0.0,TRY_AGAIN,train,solvability-pair-0072316-try_again_m:0,0.0,solvability,0.0,0.0,1.0,-0.25
1.0,0.0,0.0,0.0,1.0,1.0,0.8333333333333334,1,1.0,1.0,1.0,0.16666666666666663,1.0,solvability-pair-0072316-try_again_m,-0.16666666666666663,0.0,0.0,0.0,0.6931471805599453,try_again_m,8.0,0.125,-0.19999999999999996,0.0,0.8,-0.19999999999999996,-0.19999999999999996,1.0,1.0,0.0,0.0,0.0,0.9995694429186754,0.00043055708132461493,solvability-pair-0072316,7.75,1.0,1.0,1.0,1.0,-0.16666666666666663,1,0.0,TRY_AGAIN,train,solvability-pair-0072316-try_again_m:1,1.0,solvability,0.0,0.0,1.0,-0.16666666666666663
1.0,1.0,0.0,0.0,1.0,2.0,0.875,1,1.0,2.0,2.0,0.125,1.0,solvability-pair-0072316-try_again_m,-0.125,0.0,0.0,0.0,1.0986122886681098,try_again_m,8.0,0.25,-0.19999999999999996,0.0,0.8,-0.19999999999999996,-0.19999999999999996,1.0,1.0,1.0,0.0,0.0,0.991422514586288,0.008577485413711986,solvability-pair-0072316,4.75,1.0,1.0,2.0,2.0,-0.125,2,1.0,TRY_AGAIN,train,solvability-pair-0072316-try_again_m:2,2.0,solvability,0.0,0.0,1.0,-0.125
1.0,1.0,1.0,0.0,1.0,3.0,0.9,1,1.0,3.0,3.0,0.09999999999999998,1.0,solvability-pair-0072316-try_again_m,-0.09999999999999998,0.0,0.0,0.0,1.3862943611198906,try_again_m,8.0,0.375,-0.19999999999999996,0.0,0.8,-0.19999999999999996,-0.19999999999999996,-1.0,1.0,1.0,1.0,0.0,0.9770226300899744,0.02297736991002561,solvability-pair-0072316,3.75,1.0,1.0,3.0,3.0,-0.09999999999999998,3,1.0,TRY_AGAIN,train,solvability-pair-0072316-try_again_m:3,3.0,solvability,0.0,0.0,1.0,-0.09999999999999998
1.0,1.0,1.0,0.0,1.0,4.0,0.75,0,1.0,4.0,2.0,0.25,1.0,solvability-pair-0072316-try_again_m,-0.25,0.0,1.0,0.0,1.6094379124341003,try_again_m,8.0,0.5,-0.19999999999999996,0.0,0.8,-0.19999999999999996,-0.19999999999999996,0.0,-1.0,1.0,1.0,0.0,0.32082130082460697,0.679178699175393,solvability-pair-0072316,-0.75,1.0,-1.0,3.0,3.0,-0.25,4,1.0,GIVE_UP,train,solvability-pair-0072316-try_again_m:4,0.0,solvability,0.0,0.0,1.0,-0.25
0.0,0.0,0.0,0.0,1.0,0.0,0.75,1,1.0,0.0,0.0,0.25,1.0,solvability-pair-0072316-try_again_n,-0.25,0.0,0.0,0.0,0.0,try_again_n,8.0,0.0,-0.19999999999999996,0.0,0.8,-0.19999999999999996,-0.19999999999999996,1.0,0.0,0.0,0.0,0.0,0.7549149868676283,0.24508501313237172,solvability-pair-0072316,1.125,0.0,0.0,0.0,0.0,-0.25,0,0.0,TRY_AGAIN,train,solvability-pair-0072316-try_again_n:0,0.0,solvability,0.0,0.0,1.0,-0.25
1.0,0.0,0.0,0.0,1.0,1.0,0.8333333333333334,1,1.0,1.0,1.0,0.16666666666666663,1.0,solvability-pair-0072316-try_again_n,-0.16666666666666663,0.0,0.0,0.0,0.6931471805599453,try_again_n,8.0,0.125,-0.19999999999999996,0.0,0.8,-0.19999999999999996,-0.19999999999999996,1.0,1.0,0.0,0.0,0.0,0.9998204720306533,0.0001795279693467774,solvability-pair-0072316,8.625,1.0,1.0,1.0,1.0,-0.16666666666666663,1,0.0,TRY_AGAIN,train,solvability-pair-0072316-try_again_n:1,1.0,solvability,0.0,0.0,1.0,-0.16666666666666663
1.0,1.0,0.0,0.0,1.0,2.0,0.875,1,1.0,2.0,2.0,0.125,1.0,solvability-pair-0072316-try_again_n,-0.125,0.0,0.0,0.0,1.0986122886681098,try_again_n,8.0,0.25,-0.19999999999999996,0.0,0.8,-0.19999999999999996,-0.19999999999999996,1.0,1.0,1.0,0.0,0.0,0.9975273768433653,0.0024726231566347748,solvability-pair-0072316,6.0,1.0,1.0,2.0,2.0,-0.125,2,1.0,TRY_AGAIN,train,solvability-pair-0072316-try_again_n:2,2.0,solvability,0.0,0.0,1.0,-0.125
1.0,1.0,1.0,0.0,1.0,3.0,0.9,1,1.0,3.0,3.0,0.09999999999999998,1.0,solvability-pair-0072316-try_again_n,-0.09999999999999998,0.0,0.0,0.0,1.3862943611198906,try_again_n,8.0,0.375,-0.19999999999999996,0.0,0.8,-0.19999999999999996,-0.19999999999999996,-1.0,1.0,1.0,1.0,0.0,0.991422514586288,0.008577485413711986,solvability-pair-0072316,4.75,1.0,1.0,3.0,3.0,-0.09999999999999998,3,1.0,TRY_AGAIN,train,solvability-pair-0072316-try_again_n:3,3.0,solvability,0.0,0.0,1.0,-0.09999999999999998
1.0,1.0,1.0,0.0,1.0,4.0,0.75,0,1.0,4.0,2.0,0.25,1.0,solvability-pair-0072316-try_again_n,-0.25,0.0,1.0,0.0,1.6094379124341003,try_again_n,8.0,0.5,-0.19999999999999996,0.0,0.8,-0.19999999999999996,-0.19999999999999996,0.0,-1.0,1.0,1.0,0.0,0.2689414213699951,0.7310585786300049,solvability-pair-0072316,-1.0,1.0,-1.0,3.0,3.0,-0.25,4,1.0,GIVE_UP,train,solvability-pair-0072316-try_again_n:4,0.0,solvability,0.0,0.0,1.0,-0.25
0.0,0.0,0.0,0.0,0.0,0.0,0.5,1,0.0,0.0,0.0,1.5,0.0,solvability-pair-0072317-try_again_m,0.5,2.0,0.0,2.0,0.0,try_again_m,8.0,0.0,0.5,2.0,0.5,-1.5,-1.5,1.0,0.0,0.0,0.0,0.0,0.6224593312018546,0.37754066879814546,solvability-pair-0072317,0.5,0.0,0.0,0.0,0.0,-1.5,0,0.0,TRY_AGAIN,test,solvability-pair-0072317-try_again_m:0,0.0,solvability,0.0,0.0,1.0,-1.5
1.0,0.0,0.0,0.0,0.0,1.0,0.6666666666666666,1,0.0,0.0,1.0,1.3333333333333335,0.0,solvability-pair-0072317-try_again_m,0.6666666666666666,2.0,0.0,2.0,0.6931471805599453,try_again_m,8.0,0.125,0.5,2.0,0.5,-1.5,-1.5,-1.0,1.0,0.0,0.0,0.0,0.9980732653366725,0.0019267346633274755,solvability-pair-0072317,6.25,1.0,1.0,1.0,1.0,-1.3333333333333335,1,0.0,TRY_AGAIN,test,solvability-pair-0072317-try_again_m:1,1.0,solvability,0.0,0.0,1.0,-1.3333333333333335
1.0,1.0,0.0,0.0,0.0,2.0,0.5,1,0.0,0.0,0.0,1.5,0.0,solvability-pair-0072317-try_again_m,0.5,2.0,1.0,2.0,1.0986122886681098,try_again_m,8.0,0.25,0.5,2.0,0.5,-1.5,-1.5,1.0,-1.0,1.0,0.0,0.0,0.6224593312018546,0.37754066879814546,solvability-pair-0072317,0.5,1.0,-1.0,1.0,1.0,-1.5,2,1.0,TRY_AGAIN,test,solvability-pair-0072317-try_again_m:2,0.0,solvability,0.0,0.0,1.0,-1.5
1.0,1.0,1.0,0.0,0.0,3.0,0.6,1,0.0,0.0,1.0,1.4,0.0,solvability-pair-0072317-try_again_m,0.6,2.0,0.0,2.0,1.3862943611198906,try_again_m,8.0,0.375,0.5,2.0,0.5,-1.5,-1.5,1.0,1.0,-1.0,1.0,0.0,0.9046505351008906,0.0953494648991095,solvability-pair-0072317,2.25,1.0,1.0,2.0,2.0,-1.4,3,1.0,TRY_AGAIN,test,solvability-pair-0072317-try_again_m:3,1.0,solvability,0.0,0.0,1.0,-1.4
1.0,1.0,1.0,0.0,0.0,4.0,0.6666666666666666,1,0.0,0.0,2.0,1.3333333333333335,0.0,solvability-pair-0072317-try_again_m,0.6666666666666666,2.0,0.0,2.0,1.6094379124341003,try_again_m,8.0,0.5,0.5,2.0,0.5,-1.5,-1.5,1.0,1.0,1.0,-1.0,0.0,0.9046505351008906,0.0953494648991095,solvability-pair-0072317,2.25,1.0,1.0,3.0,3.0,-1.3333333333333335,4,1.0,TRY_AGAIN,test,solvability-pair-0072317-try_again_m:4,2.0,solvability,0.0,0.0,1.0,-1.3333333333333335
1.0,1.0,1.0,1.0,0.0,5.0,0.7142857142857143,0,0.0,0.0,3.0,1.2857142857142856,0.0,solvability-pair-0072317-try_again_m,0.7142857142857143,2.0,0.0,2.0,1.791759469228055,try_again_m,8.0,0.625,0.5,2.0,0.5,-1.5,-1.5,0.0,1.0,1.0,1.0,1.0,0.7549149868676283,0.24508501313237172,solvability-pair-0072317,1.125,1.0,1.0,4.0,4.0,-1.2857142857142856,5,1.0,GIVE_UP,test,solvability-pair-0072317-try_again_m:5,3.0,solvability,0.0,0.0,1.0,-1.2857142857142856
0.0,0.0,0.0,0.0,0.0,0.0,0.5,1,0.0,0.0,0.0,1.5,0.0,solvability-pair-0072317-try_again_n,0.5,2.0,0.0,2.0,0.0,try_again_n,8.0,0.0,0.5,2.0,0.5,-1.5,-1.5,1.0,0.0,0.0,0.0,0.0,0.2689414213699951,0.7310585786300049,solvability-pair-0072317,-1.0,0.0,0.0,0.0,0.0,-1.5,0,0.0,TRY_AGAIN,test,solvability-pair-0072317-try_again_n:0,0.0,solvability,0.0,0.0,1.0,-1.5
1.0,0.0,0.0,0.0,0.0,1.0,0.6666666666666666,1,0.0,0.0,1.0,1.3333333333333335,0.0,solvability-pair-0072317-try_again_n,0.6666666666666666,2.0,0.0,2.0,0.6931471805599453,try_again_n,8.0,0.125,0.5,2.0,0.5,-1.5,-1.5,-1.0,1.0,0.0,0.0,0.0,0.9980732653366725,0.0019267346633274755,solvability-pair-0072317,6.25,1.0,1.0,1.0,1.0,-1.3333333333333335,1,0.0,TRY_AGAIN,test,solvability-pair-0072317-try_again_n:1,1.0,solvability,0.0,0.0,1.0,-1.3333333333333335
1.0,1.0,0.0,0.0,0.0,2.0,0.5,1,0.0,0.0,0.0,1.5,0.0,solvability-pair-0072317-try_again_n,0.5,2.0,1.0,2.0,1.0986122886681098,try_again_n,8.0,0.25,0.5,2.0,0.5,-1.5,-1.5,1.0,-1.0,1.0,0.0,0.0,0.7981867777396212,0.20181322226037882,solvability-pair-0072317,1.375,1.0,-1.0,1.0,1.0,-1.5,2,1.0,TRY_AGAIN,test,solvability-pair-0072317-try_again_n:2,0.0,solvability,0.0,0.0,1.0,-1.5
1.0,1.0,1.0,0.0,0.0,3.0,0.6,1,0.0,0.0,1.0,1.4,0.0,solvability-pair-0072317-try_again_n,0.6,2.0,0.0,2.0,1.3862943611198906,try_again_n,8.0,0.375,0.5,2.0,0.5,-1.5,-1.5,1.0,1.0,-1.0,1.0,0.0,0.9669140216112958,0.033085978388704126,solvability-pair-0072317,3.375,1.0,1.0,2.0,2.0,-1.4,3,1.0,TRY_AGAIN,test,solvability-pair-0072317-try_again_n:3,1.0,solvability,0.0,0.0,1.0,-1.4
1.0,1.0,1.0,0.0,0.0,4.0,0.6666666666666666,1,0.0,0.0,2.0,1.3333333333333335,0.0,solvability-pair-0072317-try_again_n,0.6666666666666666,2.0,0.0,2.0,1.6094379124341003,try_again_n,8.0,0.5,0.5,2.0,0.5,-1.5,-1.5,1.0,1.0,1.0,-1.0,0.0,0.8933094060543487,0.10669059394565118,solvability-pair-0072317,2.125,1.0,1.0,3.0,3.0,-1.3333333333333335,4,1.0,TRY_AGAIN,test,solvability-pair-0072317-try_again_n:4,2.0,solvability,0.0,0.0,1.0,-1.3333333333333335
1.0,1.0,1.0,1.0,0.0,5.0,0.7142857142857143,0,0.0,0.0,3.0,1.2857142857142856,0.0,solvability-pair-0072317-try_again_n,0.7142857142857143,2.0,0.0,2.0,1.791759469228055,try_again_n,8.0,0.625,0.5,2.0,0.5,-1.5,-1.5,0.0,1.0,1.0,1.0,1.0,0.7549149868676283,0.24508501313237172,solvability-pair-0072317,1.125,1.0,1.0,4.0,4.0,-1.2857142857142856,5,1.0,GIVE_UP,test,solvability-pair-0072317-try_again_n:5,3.0,solvability,0.0,0.0,1.0,-1.2857142857142856
0.0,0.0,0.0,0.0,0.0,0.0,0.5,1,0.0,0.0,0.0,-0.5,0.0,solvability-pair-0072318-try_again_m,0.5,0.0,0.0,0.0,0.0,try_again_m,8.0,0.0,0.5,0.0,0.5,0.5,0.5,-1.0,0.0,0.0,0.0,0.0,0.7549149868676283,0.24508501313237172,solvability-pair-0072318,1.125,0.0,0.0,0.0,0.0,0.5,0,0.0,TRY_AGAIN,validation,solvability-pair-0072318-try_again_m:0,0.0,solvability,0.0,0.0,1.0,0.5
1.0,0.0,0.0,0.0,0.0,1.0,0.3333333333333333,0,0.0,0.0,-1.0,-0.3333333333333333,0.0,solvability-pair-0072318-try_again_m,0.3333333333333333,0.0,1.0,0.0,0.6931471805599453,try_again_m,8.0,0.125,0.5,0.0,0.5,0.5,0.5,0.0,-1.0,0.0,0.0,0.0,0.037326887344129464,0.9626731126558706,solvability-pair-0072318,-3.25,1.0,-1.0,0.0,0.0,0.3333333333333333,1,0.0,GIVE_UP,validation,solvability-pair-0072318-try_again_m:1,0.0,solvability,0.0,0.0,1.0,0.3333333333333333
0.0,0.0,0.0,0.0,0.0,0.0,0.5,0,0.0,0.0,0.0,-0.5,0.0,solvability-pair-0072318-try_again_n,0.5,0.0,0.0,0.0,0.0,try_again_n,8.0,0.0,0.5,0.0,0.5,0.5,0.5,0.0,0.0,0.0,0.0,0.0,0.34864513533394575,0.6513548646660542,solvability-pair-0072318,-0.625,0.0,0.0,0.0,0.0,0.5,0,0.0,GIVE_UP,validation,solvability-pair-0072318-try_again_n:0,0.0,solvability,0.0,0.0,1.0,0.5
0.0,0.0,0.0,0.0,0.0,0.0,0.25,0,0.0,0.0,0.0,-0.25,-1.0,solvability-pair-0072319-try_again_m,0.25,0.0,0.0,0.0,0.0,try_again_m,8.0,0.0,0.2,0.0,0.2,0.2,0.2,0.0,0.0,0.0,0.0,0.0,0.5,0.5,solvability-pair-0072319,0.0,0.0,0.0,0.0,0.0,0.25,0,0.0,GIVE_UP,train,solvability-pair-0072319-try_again_m:0,0.0,solvability,0.0,0.0,1.0,0.25
0.0,0.0,0.0,0.0,0.0,0.0,0.25,0,0.0,0.0,0.0,-0.25,-1.0,solvability-pair-0072319-try_again_n,0.25,0.0,0.0,0.0,0.0,try_again_n,8.0,0.0,0.2,0.0,0.2,0.2,0.2,0.0,0.0,0.0,0.0,0.0,0.22270013882530884,0.7772998611746911,solvability-pair-0072319,-1.25,0.0,0.0,0.0,0.0,0.25,0,0.0,GIVE_UP,train,solvability-pair-0072319-try_again_n:0,0.0,solvability,0.0,0.0,1.0,0.25
0.0,0.0,0.0,0.0,0.0,0.0,0.25,1,0.0,0.0,0.0,1.75,-1.0,solvability-pair-0072320-try_again_m,0.25,2.0,0.0,2.0,0.0,try_again_m,8.0,0.0,0.2,2.0,0.2,-1.8,-1.8,-1.0,0.0,0.0,0.0,0.0,0.4073334000459302,0.5926665999540697,solvability-pair-0072320,-0.375,0.0,0.0,0.0,0.0,-1.75,0,0.0,TRY_AGAIN,train,solvability-pair-0072320-try_again_m:0,0.0,solvability,0.0,0.0,1.0,-1.75
1.0,0.0,0.0,0.0,0.0,1.0,0.16666666666666666,0,0.0,0.0,-1.0,1.8333333333333333,-1.0,solvability-pair-0072320-try_again_m,0.16666666666666666,2.0,1.0,2.0,0.6931471805599453,try_again_m,8.0,0.125,0.2,2.0,0.2,-1.8,-1.8,0.0,-1.0,0.0,0.0,0.0,0.033085978388704126,0.9669140216112958,solvability-pair-0072320,-3.375,1.0,-1.0,0.0,0.0,-1.8333333333333333,1,0.0,GIVE_UP,train,solvability-pair-0072320-try_again_m:1,0.0,solvability,0.0,0.0,1.0,-1.8333333333333333
0.0,0.0,0.0,0.0,0.0,0.0,0.25,0,0.0,0.0,0.0,1.75,-1.0,solvability-pair-0072320-try_again_n,0.25,2.0,0.0,2.0,0.0,try_again_n,8.0,0.0,0.2,2.0,0.2,-1.8,-1.8,0.0,0.0,0.0,0.0,0.0,0.20181322226037882,0.7981867777396212,solvability-pair-0072320,-1.375,0.0,0.0,0.0,0.0,-1.75,0,0.0,GIVE_UP,train,solvability-pair-0072320-try_again_n:0,0.0,solvability,0.0,0.0,1.0,-1.75
0.0,0.0,0.0,0.0,1.0,0.0,0.25,1,1.0,0.0,0.0,0.75,-1.0,solvability-pair-0072321-try_again_m,-0.75,0.0,0.0,0.0,0.0,try_again_m,8.0,0.0,-0.8,0.0,0.2,-0.8,-0.8,-1.0,0.0,0.0,0.0,0.0,0.37754066879814546,0.6224593312018546,solvability-pair-0072321,-0.5,0.0,0.0,0.0,0.0,-0.75,0,0.0,TRY_AGAIN,test,solvability-pair-0072321-try_again_m:0,0.0,solvability,0.0,0.0,1.0,-0.75
1.0,0.0,0.0,0.0,1.0,1.0,0.16666666666666666,0,1.0,1.0,-1.0,0.8333333333333334,-1.0,solvability-pair-0072321-try_again_m,-0.8333333333333334,0.0,1.0,0.0,0.6931471805599453,try_again_m,8.0,0.125,-0.8,0.0,0.2,-0.8,-0.8,0.0,-1.0,0.0,0.0,0.0,0.02595735719779685,0.9740426428022031,solvability-pair-0072321,-3.625,1.0,-1.0,0.0,0.0,-0.8333333333333334,1,0.0,GIVE_UP,test,solvability-pair-0072321-try_again_m:1,0.0,solvability,0.0,0.0,1.0,-0.8333333333333334
0.0,0.0,0.0,0.0,1.0,0.0,0.25,1,1.0,0.0,0.0,0.75,-1.0,solvability-pair-0072321-try_again_n,-0.75,0.0,0.0,0.0,0.0,try_again_n,8.0,0.0,-0.8,0.0,0.2,-0.8,-0.8,-1.0,0.0,0.0,0.0,0.0,0.22270013882530884,0.7772998611746911,solvability-pair-0072321,-1.25,0.0,0.0,0.0,0.0,-0.75,0,0.0,TRY_AGAIN,test,solvability-pair-0072321-try_again_n:0,0.0,solvability,0.0,0.0,1.0,-0.75
1.0,0.0,0.0,0.0,1.0,1.0,0.16666666666666666,0,1.0,1.0,-1.0,0.8333333333333334,-1.0,solvability-pair-0072321-try_again_n,-0.8333333333333334,0.0,1.0,0.0,0.6931471805599453,try_again_n,8.0,0.125,-0.8,0.0,0.2,-0.8,-0.8,0.0,-1.0,0.0,0.0,0.0,0.020332353342658753,0.9796676466573412,solvability-pair-0072321,-3.875,1.0,-1.0,0.0,0.0,-0.8333333333333334,1,0.0,GIVE_UP,test,solvability-pair-0072321-try_again_n:1,0.0,solvability,0.0,0.0,1.0,-0.8333333333333334
0.0,0.0,0.0,0.0,0.0,0.0,0.75,1,0.0,0.0,0.0,-0.75,1.0,solvability-pair-0072322-try_again_m,0.75,0.0,0.0,0.0,0.0,try_again_m,8.0,0.0,0.8,0.0,0.8,0.8,0.8,1.0,0.0,0.0,0.0,0.0,0.9840936082881853,0.01590639171181471,solvability-pair-0072322,4.125,0.0,0.0,0.0,0.0,0.75,0,0.0,TRY_AGAIN,train,solvability-pair-0072322-try_again_m:0,0.0,solvability,0.0,0.0,1.0,0.75
1.0,0.0,0.0,0.0,0.0,1.0,0.8333333333333334,1,0.0,0.0,1.0,-0.8333333333333334,1.0,solvability-pair-0072322-try_again_m,0.8333333333333334,0.0,0.0,0.0,0.6931471805599453,try_again_m,8.0,0.125,0.8,0.0,0.8,0.8,0.8,1.0,1.0,0.0,0.0,0.0,0.9997965730219448,0.0002034269780552065,solvability-pair-0072322,8.5,1.0,1.0,1.0,1.0,0.8333333333333334,1,0.0,TRY_AGAIN,train,solvability-pair-0072322-try_again_m:1,1.0,solvability,0.0,0.0,1.0,0.8333333333333334
1.0,1.0,0.0,0.0,0.0,2.0,0.875,1,0.0,0.0,2.0,-0.875,1.0,solvability-pair-0072322-try_again_m,0.875,0.0,0.0,0.0,1.0986122886681098,try_again_m,8.0,0.25,0.8,0.0,0.8,0.8,0.8,-1.0,1.0,1.0,0.0,0.0,0.9968273171575148,0.0031726828424851893,solvability-pair-0072322,5.75,1.0,1.0,2.0,2.0,0.875,2,1.0,TRY_AGAIN,train,solvability-pair-0072322-try_again_m:2,2.0,solvability,0.0,0.0,1.0,0.875
1.0,1.0,1.0,0.0,0.0,3.0,0.7,1,0.0,0.0,1.0,-0.7,1.0,solvability-pair-0072322-try_again_m,0.7,0.0,1.0,0.0,1.3862943611198906,try_again_m,8.0,0.375,0.8,0.0,0.8,0.8,0.8,-1.0,-1.0,1.0,1.0,0.0,0.7772998611746911,0.22270013882530884,solvability-pair-0072322,1.25,1.0,-1.0,2.0,2.0,0.7,3,1.0,TRY_AGAIN,train,solvability-pair-0072322-try_again_m:3,0.0,solvability,0.0,0.0,1.0,0.7
1.0,1.0,1.0,0.0,0.0,4.0,0.5833333333333334,0,0.0,0.0,0.0,-0.5833333333333334,1.0,solvability-pair-0072322-try_again_m,0.5833333333333334,0.0,2.0,0.0,1.6094379124341003,try_again_m,8.0,0.5,0.8,0.0,0.8,0.8,0.8,0.0,-1.0,-1.0,1.0,0.0,0.37754066879814546,0.6224593312018546,solvability-pair-0072322,-0.5,1.0,-1.0,2.0,2.0,0.5833333333333334,4,1.0,GIVE_UP,train,solvability-pair-0072322-try_again_m:4,0.0,solvability,0.0,0.0,1.0,0.5833333333333334
0.0,0.0,0.0,0.0,0.0,0.0,0.75,1,0.0,0.0,0.0,-0.75,1.0,solvability-pair-0072322-try_again_n,0.75,0.0,0.0,0.0,0.0,try_again_n,8.0,0.0,0.8,0.0,0.8,0.8,0.8,1.0,0.0,0.0,0.0,0.0,0.8175744761936437,0.18242552380635632,solvability-pair-0072322,1.5,0.0,0.0,0.0,0.0,0.75,0,0.0,TRY_AGAIN,train,solvability-pair-0072322-try_again_n:0,0.0,solvability,0.0,0.0,1.0,0.75
1.0,0.0,0.0,0.0,0.0,1.0,0.8333333333333334,1,0.0,0.0,1.0,-0.8333333333333334,1.0,solvability-pair-0072322-try_again_n,0.8333333333333334,0.0,0.0,0.0,0.6931471805599453,try_again_n,8.0,0.125,0.8,0.0,0.8,0.8,0.8,1.0,1.0,0.0,0.0,0.0,0.9999251537724895,7.484622751061124e-05,solvability-pair-0072322,9.5,1.0,1.0,1.0,1.0,0.8333333333333334,1,0.0,TRY_AGAIN,train,solvability-pair-0072322-try_again_n:1,1.0,solvability,0.0,0.0,1.0,0.8333333333333334
1.0,1.0,0.0,0.0,0.0,2.0,0.875,1,0.0,0.0,2.0,-0.875,1.0,solvability-pair-0072322-try_again_n,0.875,0.0,0.0,0.0,1.0986122886681098,try_again_n,8.0,0.25,0.8,0.0,0.8,0.8,0.8,-1.0,1.0,1.0,0.0,0.0,0.9990889488055994,0.0009110511944006454,solvability-pair-0072322,7.0,1.0,1.0,2.0,2.0,0.875,2,1.0,TRY_AGAIN,train,solvability-pair-0072322-try_again_n:2,2.0,solvability,0.0,0.0,1.0,0.875
1.0,1.0,1.0,0.0,0.0,3.0,0.7,1,0.0,0.0,1.0,-0.7,1.0,solvability-pair-0072322-try_again_n,0.7,0.0,1.0,0.0,1.3862943611198906,try_again_n,8.0,0.375,0.8,0.0,0.8,0.8,0.8,-1.0,-1.0,1.0,1.0,0.0,0.7981867777396212,0.20181322226037882,solvability-pair-0072322,1.375,1.0,-1.0,2.0,2.0,0.7,3,1.0,TRY_AGAIN,train,solvability-pair-0072322-try_again_n:3,0.0,solvability,0.0,0.0,1.0,0.7
1.0,1.0,1.0,0.0,0.0,4.0,0.5833333333333334,0,0.0,0.0,0.0,-0.5833333333333334,1.0,solvability-pair-0072322-try_again_n,0.5833333333333334,0.0,2.0,0.0,1.6094379124341003,try_again_n,8.0,0.5,0.8,0.0,0.8,0.8,0.8,0.0,-1.0,-1.0,1.0,0.0,0.46879062662624377,0.5312093733737563,solvability-pair-0072322,-0.125,1.0,-1.0,2.0,2.0,0.5833333333333334,4,1.0,GIVE_UP,train,solvability-pair-0072322-try_again_n:4,0.0,solvability,0.0,0.0,1.0,0.5833333333333334
0.0,0.0,0.0,0.0,1.0,0.0,0.75,1,1.0,0.0,0.0,2.25,1.0,solvability-pair-0072323-try_again_m,-0.25,2.0,0.0,2.0,0.0,try_again_m,8.0,0.0,-0.19999999999999996,2.0,0.8,-2.2,-2.2,1.0,0.0,0.0,0.0,0.0,0.9399133498259924,0.06008665017400762,solvability-pair-0072323,2.75,0.0,0.0,0.0,0.0,-2.25,0,0.0,TRY_AGAIN,test,solvability-pair-0072323-try_again_m:0,0.0,solvability,0.0,0.0,1.0,-2.25
1.0,0.0,0.0,0.0,1.0,1.0,0.8333333333333334,1,1.0,1.0,1.0,2.1666666666666665,1.0,solvability-pair-0072323-try_again_m,-0.16666666666666663,2.0,0.0,2.0,0.6931471805599453,try_again_m,8.0,0.125,-0.19999999999999996,2.0,0.8,-2.2,-2.2,-1.0,1.0,0.0,0.0,0.0,0.9993736658418905,0.0006263341581094201,solvability-pair-0072323,7.375,1.0,1.0,1.0,1.0,-2.1666666666666665,1,0.0,TRY_AGAIN,test,solvability-pair-0072323-try_again_m:1,1.0,solvability,0.0,0.0,1.0,-2.1666666666666665
1.0,1.0,0.0,0.0,1.0,2.0,0.625,0,1.0,2.0,0.0,2.375,1.0,solvability-pair-0072323-try_again_m,-0.375,2.0,1.0,2.0,1.0986122886681098,try_again_m,8.0,0.25,-0.19999999999999996,2.0,0.8,-2.2,-2.2,0.0,-1.0,1.0,0.0,0.0,0.6513548646660542,0.34864513533394575,solvability-pair-0072323,0.625,1.0,-1.0,1.0,1.0,-2.375,2,1.0,GIVE_UP,test,solvability-pair-0072323-try_again_m:2,0.0,solvability,0.0,0.0,1.0,-2.375
0.0,0.0,0.0,0.0,1.0,0.0,0.75,1,1.0,0.0,0.0,2.25,1.0,solvability-pair-0072323-try_again_n,-0.25,2.0,0.0,2.0,0.0,try_again_n,8.0,0.0,-0.19999999999999996,2.0,0.8,-2.2,-2.2,1.0,0.0,0.0,0.0,0.0,0.679178699175393,0.32082130082460697,solvability-pair-0072323,0.75,0.0,0.0,0.0,0.0,-2.25,0,0.0,TRY_AGAIN,test,solvability-pair-0072323-try_again_n:0,0.0,solvability,0.0,0.0,1.0,-2.25
1.0,0.0,0.0,0.0,1.0,1.0,0.8333333333333334,1,1.0,1.0,1.0,2.1666666666666665,1.0,solvability-pair-0072323-try_again_n,-0.16666666666666663,2.0,0.0,2.0,0.6931471805599453,try_again_n,8.0,0.125,-0.19999999999999996,2.0,0.8,-2.2,-2.2,-1.0,1.0,0.0,0.0,0.0,0.9995694429186754,0.00043055708132461493,solvability-pair-0072323,7.75,1.0,1.0,1.0,1.0,-2.1666666666666665,1,0.0,TRY_AGAIN,test,solvability-pair-0072323-try_again_n:1,1.0,solvability,0.0,0.0,1.0,-2.1666666666666665
1.0,1.0,0.0,0.0,1.0,2.0,0.625,1,1.0,2.0,0.0,2.375,1.0,solvability-pair-0072323-try_again_n,-0.375,2.0,1.0,2.0,1.0986122886681098,try_again_n,8.0,0.25,-0.19999999999999996,2.0,0.8,-2.2,-2.2,1.0,-1.0,1.0,0.0,0.0,0.7310585786300049,0.2689414213699951,solvability-pair-0072323,1.0,1.0,-1.0,1.0,1.0,-2.375,2,1.0,TRY_AGAIN,test,solvability-pair-0072323-try_again_n:2,0.0,solvability,0.0,0.0,1.0,-2.375
1.0,1.0,1.0,0.0,1.0,3.0,0.7,1,1.0,3.0,1.0,2.3,1.0,solvability-pair-0072323-try_again_n,-0.30000000000000004,2.0,0.0,2.0,1.3862943611198906,try_again_n,8.0,0.375,-0.19999999999999996,2.0,0.8,-2.2,-2.2,1.0,1.0,-1.0,1.0,0.0,0.9740426428022031,0.02595735719779685,solvability-pair-0072323,3.625,1.0,1.0,2.0,2.0,-2.3,3,1.0,TRY_AGAIN,test,solvability-pair-0072323-try_again_n:3,1.0,solvability,0.0,0.0,1.0,-2.3
1.0,1.0,1.0,0.0,1.0,4.0,0.75,1,1.0,4.0,2.0,2.25,1.0,solvability-pair-0072323-try_again_n,-0.25,2.0,0.0,2.0,1.6094379124341003,try_again_n,8.0,0.5,-0.19999999999999996,2.0,0.8,-2.2,-2.2,1.0,1.0,1.0,-1.0,0.0,0.8933094060543487,0.10669059394565118,solvability-pair-0072323,2.125,1.0,1.0,3.0,3.0,-2.25,4,1.0,TRY_AGAIN,test,solvability-pair-0072323-try_again_n:4,2.0,solvability,0.0,0.0,1.0,-2.25
1.0,1.0,1.0,1.0,1.0,5.0,0.7857142857142857,1,1.0,5.0,3.0,2.2142857142857144,1.0,solvability-pair-0072323-try_again_n,-0.2142857142857143,2.0,0.0,2.0,1.791759469228055,try_again_n,8.0,0.625,-0.19999999999999996,2.0,0.8,-2.2,-2.2,1.0,1.0,1.0,1.0,1.0,0.7549149868676283,0.24508501313237172,solvability-pair-0072323,1.125,1.0,1.0,4.0,4.0,-2.2142857142857144,5,1.0,TRY_AGAIN,test,solvability-pair-0072323-try_again_n:5,3.0,solvability,0.0,0.0,1.0,-2.2142857142857144
1.0,1.0,1.0,1.0,1.0,6.0,0.8125,0,1.0,6.0,4.0,2.1875,1.0,solvability-pair-0072323-try_again_n,-0.1875,2.0,0.0,2.0,1.9459101490553132,try_again_n,8.0,0.75,-0.19999999999999996,2.0,0.8,-2.2,-2.2,0.0,1.0,1.0,1.0,-1.0,0.7549149868676283,0.24508501313237172,solvability-pair-0072323,1.125,1.0,1.0,5.0,5.0,-2.1875,6,1.0,GIVE_UP,test,solvability-pair-0072323-try_again_n:6,4.0,solvability,0.0,0.0,1.0,-2.1875
0.0,0.0,0.0,0.0,0.0,0.0,0.75,1,0.0,0.0,0.0,1.25,1.0,solvability-pair-0072324-try_again_m,0.75,2.0,0.0,2.0,0.0,try_again_m,8.0,0.0,0.8,2.0,0.8,-1.2,-1.2,1.0,0.0,0.0,0.0,0.0,0.9770226300899744,0.02297736991002561,solvability-pair-0072324,3.75,0.0,0.0,0.0,0.0,-1.25,0,0.0,TRY_AGAIN,validation,solvability-pair-0072324-try_again_m:0,0.0,solvability,0.0,0.0,1.0,-1.25
1.0,0.0,0.0,0.0,0.0,1.0,0.8333333333333334,1,0.0,0.0,1.0,1.1666666666666665,1.0,solvability-pair-0072324-try_again_m,0.8333333333333334,2.0,0.0,2.0,0.6931471805599453,try_again_m,8.0,0.125,0.8,2.0,0.8,-1.2,-1.2,1.0,1.0,0.0,0.0,0.0,0.9996646498695336,0.00033535013046647816,solvability-pair-0072324,8.0,1.0,1.0,1.0,1.0,-1.1666666666666665,1,0.0,TRY_AGAIN,validation,solvability-pair-0072324-try_again_m:1,1.0,solvability,0.0,0.0,1.0,-1.1666666666666665
1.0,1.0,0.0,0.0,0.0,2.0,0.875,1,0.0,0.0,2.0,1.125,1.0,solvability-pair-0072324-try_again_m,0.875,2.0,0.0,2.0,1.0986122886681098,try_again_m,8.0,0.25,0.8,2.0,0.8,-1.2,-1.2,1.0,1.0,1.0,0.0,0.0,0.9924227587321393,0.007577241267860811,solvability-pair-0072324,4.875,1.0,1.0,2.0,2.0,-1.125,2,1.0,TRY_AGAIN,validation,solvability-pair-0072324-try_again_m:2,2.0,solvability,0.0,0.0,1.0,-1.125
1.0,1.0,1.0,0.0,0.0,3.0,0.9,1,0.0,0.0,3.0,1.1,1.0,solvability-pair-0072324-try_again_m,0.9,2.0,0.0,2.0,1.3862943611198906,try_again_m,8.0,0.375,0.8,2.0,0.8,-1.2,-1.2,1.0,1.0,1.0,1.0,0.0,0.9859363729567544,0.014063627043245474,solvability-pair-0072324,4.25,1.0,1.0,3.0,3.0,-1.1,3,1.0,TRY_AGAIN,validation,solvability-pair-0072324-try_again_m:3,3.0,solvability,0.0,0.0,1.0,-1.1
1.0,1.0,1.0,0.0,0.0,4.0,0.9166666666666666,1,0.0,0.0,4.0,1.0833333333333335,1.0,solvability-pair-0072324-try_again_m,0.9166666666666666,2.0,0.0,2.0,1.6094379124341003,try_again_m,8.0,0.5,0.8,2.0,0.8,-1.2,-1.2,1.0,1.0,1.0,1.0,0.0,0.9579122720843811,0.04208772791561884,solvability-pair-0072324,3.125,1.0,1.0,4.0,4.0,-1.0833333333333335,4,1.0,TRY_AGAIN,validation,solvability-pair-0072324-try_again_m:4,4.0,solvability,0.0,0.0,1.0,-1.0833333333333335
1.0,1.0,1.0,1.0,0.0,5.0,0.9285714285714286,1,0.0,0.0,5.0,1.0714285714285714,1.0,solvability-pair-0072324-try_again_m,0.9285714285714286,2.0,0.0,2.0,1.791759469228055,try_again_m,8.0,0.625,0.8,2.0,0.8,-1.2,-1.2,1.0,1.0,1.0,1.0,1.0,0.8933094060543487,0.10669059394565118,solvability-pair-0072324,2.125,1.0,1.0,5.0,5.0,-1.0714285714285714,5,1.0,TRY_AGAIN,validation,solvability-pair-0072324-try_again_m:5,5.0,solvability,0.0,0.0,1.0,-1.0714285714285714
1.0,1.0,1.0,1.0,0.0,6.0,0.9375,1,0.0,0.0,6.0,1.0625,1.0,solvability-pair-0072324-try_again_m,0.9375,2.0,0.0,2.0,1.9459101490553132,try_again_m,8.0,0.75,0.8,2.0,0.8,-1.2,-1.2,1.0,1.0,1.0,1.0,1.0,0.8175744761936437,0.18242552380635632,solvability-pair-0072324,1.5,1.0,1.0,6.0,6.0,-1.0625,6,1.0,TRY_AGAIN,validation,solvability-pair-0072324-try_again_m:6,6.0,solvability,0.0,0.0,1.0,-1.0625
1.0,1.0,1.0,1.0,0.0,7.0,0.9444444444444444,0,0.0,0.0,7.0,1.0555555555555556,1.0,solvability-pair-0072324-try_again_m,0.9444444444444444,2.0,0.0,2.0,2.0794415416798357,try_again_m,8.0,0.875,0.8,2.0,0.8,-1.2,-1.2,0.0,1.0,1.0,1.0,1.0,0.7057850278370112,0.29421497216298875,solvability-pair-0072324,0.875,1.0,1.0,7.0,7.0,-1.0555555555555556,7,1.0,GIVE_UP,validation,solvability-pair-0072324-try_again_m:7,7.0,solvability,0.0,0.0,1.0,-1.0555555555555556
0.0,0.0,0.0,0.0,0.0,0.0,0.75,1,0.0,0.0,0.0,1.25,1.0,solvability-pair-0072324-try_again_n,0.75,2.0,0.0,2.0,0.0,try_again_n,8.0,0.0,0.8,2.0,0.8,-1.2,-1.2,1.0,0.0,0.0,0.0,0.0,0.7772998611746911,0.22270013882530884,solvability-pair-0072324,1.25,0.0,0.0,0.0,0.0,-1.25,0,0.0,TRY_AGAIN,validation,solvability-pair-0072324-try_again_n:0,0.0,solvability,0.0,0.0,1.0,-1.25
1.0,0.0,0.0,0.0,0.0,1.0,0.8333333333333334,1,0.0,0.0,1.0,1.1666666666666665,1.0,solvability-pair-0072324-try_again_n,0.8333333333333334,2.0,0.0,2.0,0.6931471805599453,try_again_n,8.0,0.125,0.8,2.0,0.8,-1.2,-1.2,1.0,1.0,0.0,0.0,0.0,0.9997694932780068,0.0002305067219931397,solvability-pair-0072324,8.375,1.0,1.0,1.0,1.0,-1.1666666666666665,1,0.0,TRY_AGAIN,validation,solvability-pair-0072324-try_again_n:1,1.0,solvability,0.0,0.0,1.0,-1.1666666666666665
1.0,1.0,0.0,0.0,0.0,2.0,0.875,1,0.0,0.0,2.0,1.125,1.0,solvability-pair-0072324-try_again_n,0.875,2.0,0.0,2.0,1.0986122886681098,try_again_n,8.0,0.25,0.8,2.0,0.8,-1.2,-1.2,1.0,1.0,1.0,0.0,0.0,0.9953904278206259,0.004609572179374208,solvability-pair-0072324,5.375,1.0,1.0,2.0,2.0,-1.125,2,1.0,TRY_AGAIN,validation,solvability-pair-0072324-try_again_n:2,2.0,solvability,0.0,0.0,1.0,-1.125
1.0,1.0,1.0,0.0,0.0,3.0,0.9,1,0.0,0.0,3.0,1.1,1.0,solvability-pair-0072324-try_again_n,0.9,2.0,0.0,2.0,1.3862943611198906,try_again_n,8.0,0.375,0.8,2.0,0.8,-1.2,-1.2,1.0,1.0,1.0,1.0,0.0,0.9875683491468141,0.012431650853185818,solvability-pair-0072324,4.375,1.0,1.0,3.0,3.0,-1.1,3,1.0,TRY_AGAIN,validation,solvability-pair-0072324-try_again_n:3,3.0,solvability,0.0,0.0,1.0,-1.1
1.0,1.0,1.0,0.0,0.0,4.0,0.9166666666666666,1,0.0,0.0,4.0,1.0833333333333335,1.0,solvability-pair-0072324-try_again_n,0.9166666666666666,2.0,0.0,2.0,1.6094379124341003,try_again_n,8.0,0.5,0.8,2.0,0.8,-1.2,-1.2,1.0,1.0,1.0,1.0,0.0,0.9626731126558706,0.037326887344129464,solvability-pair-0072324,3.25,1.0,1.0,4.0,4.0,-1.0833333333333335,4,1.0,TRY_AGAIN,validation,solvability-pair-0072324-try_again_n:4,4.0,solvability,0.0,0.0,1.0,-1.0833333333333335
1.0,1.0,1.0,1.0,0.0,5.0,0.9285714285714286,1,0.0,0.0,5.0,1.0714285714285714,1.0,solvability-pair-0072324-try_again_n,0.9285714285714286,2.0,0.0,2.0,1.791759469228055,try_again_n,8.0,0.625,0.8,2.0,0.8,-1.2,-1.2,1.0,1.0,1.0,1.0,1.0,0.9046505351008906,0.0953494648991095,solvability-pair-0072324,2.25,1.0,1.0,5.0,5.0,-1.0714285714285714,5,1.0,TRY_AGAIN,validation,solvability-pair-0072324-try_again_n:5,5.0,solvability,0.0,0.0,1.0,-1.0714285714285714
1.0,1.0,1.0,1.0,0.0,6.0,0.9375,1,0.0,0.0,6.0,1.0625,1.0,solvability-pair-0072324-try_again_n,0.9375,2.0,0.0,2.0,1.9459101490553132,try_again_n,8.0,0.75,0.8,2.0,0.8,-1.2,-1.2,1.0,1.0,1.0,1.0,1.0,0.8519528019683106,0.1480471980316895,solvability-pair-0072324,1.75,1.0,1.0,6.0,6.0,-1.0625,6,1.0,TRY_AGAIN,validation,solvability-pair-0072324-try_again_n:6,6.0,solvability,0.0,0.0,1.0,-1.0625
1.0,1.0,1.0,1.0,0.0,7.0,0.9444444444444444,0,0.0,0.0,7.0,1.0555555555555556,1.0,solvability-pair-0072324-try_again_n,0.9444444444444444,2.0,0.0,2.0,2.0794415416798357,try_again_n,8.0,0.875,0.8,2.0,0.8,-1.2,-1.2,0.0,1.0,1.0,1.0,1.0,0.6513548646660542,0.34864513533394575,solvability-pair-0072324,0.625,1.0,1.0,7.0,7.0,-1.0555555555555556,7,1.0,GIVE_UP,validation,solvability-pair-0072324-try_again_n:7,7.0,solvability,0.0,0.0,1.0,-1.0555555555555556
0.0,0.0,0.0,0.0,1.0,0.0,0.5,0,1.0,0.0,0.0,2.5,0.0,solvability-pair-0072325-try_again_m,-0.5,2.0,0.0,2.0,0.0,try_again_m,8.0,0.0,-0.5,2.0,0.5,-2.5,-2.5,0.0,0.0,0.0,0.0,0.0,0.46879062662624377,0.5312093733737563,solvability-pair-0072325,-0.125,0.0,0.0,0.0,0.0,-2.5,0,0.0,GIVE_UP,validation,solvability-pair-0072325-try_again_m:0,0.0,solvability,0.0,0.0,1.0,-2.5
0.0,0.0,0.0,0.0,1.0,0.0,0.5,0,1.0,0.0,0.0,2.5,0.0,solvability-pair-0072325-try_again_n,-0.5,2.0,0.0,2.0,0.0,try_again_n,8.0,0.0,-0.5,2.0,0.5,-2.5,-2.5,0.0,0.0,0.0,0.0,0.0,0.22270013882530884,0.7772998611746911,solvability-pair-0072325,-1.25,0.0,0.0,0.0,0.0,-2.5,0,0.0,GIVE_UP,validation,solvability-pair-0072325-try_again_n:0,0.0,solvability,0.0,0.0,1.0,-2.5
0.0,0.0,0.0,0.0,1.0,0.0,0.5,0,1.0,0.0,0.0,0.5,0.0,solvability-pair-0072326-try_again_m,-0.5,0.0,0.0,0.0,0.0,try_again_m,8.0,0.0,-0.5,0.0,0.5,-0.5,-0.5,0.0,0.0,0.0,0.0,0.0,0.5621765008857981,0.4378234991142019,solvability-pair-0072326,0.25,0.0,0.0,0.0,0.0,-0.5,0,0.0,GIVE_UP,train,solvability-pair-0072326-try_again_m:0,0.0,solvability,0.0,0.0,1.0,-0.5
0.0,0.0,0.0,0.0,1.0,0.0,0.5,0,1.0,0.0,0.0,0.5,0.0,solvability-pair-0072326-try_again_n,-0.5,0.0,0.0,0.0,0.0,try_again_n,8.0,0.0,-0.5,0.0,0.5,-0.5,-0.5,0.0,0.0,0.0,0.0,0.0,0.2689414213699951,0.7310585786300049,solvability-pair-0072326,-1.0,0.0,0.0,0.0,0.0,-0.5,0,0.0,GIVE_UP,train,solvability-pair-0072326-try_again_n:0,0.0,solvability,0.0,0.0,1.0,-0.5
0.0,0.0,0.0,0.0,1.0,0.0,0.25,1,1.0,0.0,0.0,2.75,-1.0,solvability-pair-0072327-try_again_m,-0.75,2.0,0.0,2.0,0.0,try_again_m,8.0,0.0,-0.8,2.0,0.2,-2.8,-2.8,-1.0,0.0,0.0,0.0,0.0,0.32082130082460697,0.679178699175393,solvability-pair-0072327,-0.75,0.0,0.0,0.0,0.0,-2.75,0,0.0,TRY_AGAIN,validation,solvability-pair-0072327-try_again_m:0,0.0,solvability,0.0,0.0,1.0,-2.75
1.0,0.0,0.0,0.0,1.0,1.0,0.16666666666666666,0,1.0,1.0,-1.0,2.8333333333333335,-1.0,solvability-pair-0072327-try_again_m,-0.8333333333333334,2.0,1.0,2.0,0.6931471805599453,try_again_m,8.0,0.125,-0.8,2.0,0.2,-2.8,-2.8,0.0,-1.0,0.0,0.0,0.0,0.037326887344129464,0.9626731126558706,solvability-pair-0072327,-3.25,1.0,-1.0,0.0,0.0,-2.8333333333333335,1,0.0,GIVE_UP,validation,solvability-pair-0072327-try_again_m:1,0.0,solvability,0.0,0.0,1.0,-2.8333333333333335
0.0,0.0,0.0,0.0,1.0,0.0,0.25,0,1.0,0.0,0.0,2.75,-1.0,solvability-pair-0072327-try_again_n,-0.75,2.0,0.0,2.0,0.0,try_again_n,8.0,0.0,-0.8,2.0,0.2,-2.8,-2.8,0.0,0.0,0.0,0.0,0.0,0.18242552380635632,0.8175744761936437,solvability-pair-0072327,-1.5,0.0,0.0,0.0,0.0,-2.75,0,0.0,GIVE_UP,validation,solvability-pair-0072327-try_again_n:0,0.0,solvability,0.0,0.0,1.0,-2.75
0.0,0.0,0.0,0.0,1.0,0.0,0.75,1,1.0,0.0,0.0,0.25,1.0,solvability-pair-0072328-try_again_m,-0.25,0.0,0.0,0.0,0.0,try_again_m,8.0,0.0,-0.19999999999999996,0.0,0.8,-0.19999999999999996,-0.19999999999999996,1.0,0.0,0.0,0.0,0.0,0.9626731126558706,0.037326887344129464,solvability-pair-0072328,3.25,0.0,0.0,0.0,0.0,-0.25,0,0.0,TRY_AGAIN,train,solvability-pair-0072328-try_again_m:0,0.0,solvability,0.0,0.0,1.0,-0.25
1.0,0.0,0.0,0.0,1.0,1.0,0.8333333333333334,1,1.0,1.0,1.0,0.16666666666666663,1.0,solvability-pair-0072328-try_again_m,-0.16666666666666663,0.0,0.0,0.0,0.6931471805599453,try_again_m,8.0,0.125,-0.19999999999999996,0.0,0.8,-0.19999999999999996,-0.19999999999999996,1.0,1.0,0.0,0.0,0.0,0.9995694429186754,0.00043055708132461493,solvability-pair-0072328,7.75,1.0,1.0,1.0,1.0,-0.16666666666666663,1,0.0,TRY_AGAIN,train,solvability-pair-0072328-try_again_m:1,1.0,solvability,0.0,0.0,1.0,-0.16666666666666663
1.0,1.0,0.0,0.0,1.0,2.0,0.875,1,1.0,2.0,2.0,0.125,1.0,solvability-pair-0072328-try_again_m,-0.125,0.0,0.0,0.0,1.0986122886681098,try_again_m,8.0,0.25,-0.19999999999999996,0.0,0.8,-0.19999999999999996,-0.19999999999999996,1.0,1.0,1.0,0.0,0.0,0.991422514586288,0.008577485413711986,solvability-pair-0072328,4.75,1.0,1.0,2.0,2.0,-0.125,2,1.0,TRY_AGAIN,train,solvability-pair-0072328-try_again_m:2,2.0,solvability,0.0,0.0,1.0,-0.125
1.0,1.0,1.0,0.0,1.0,3.0,0.9,1,1.0,3.0,3.0,0.09999999999999998,1.0,solvability-pair-0072328-try_again_m,-0.09999999999999998,0.0,0.0,0.0,1.3862943611198906,try_again_m,8.0,0.375,-0.19999999999999996,0.0,0.8,-0.19999999999999996,-0.19999999999999996,1.0,1.0,1.0,1.0,0.0,0.9770226300899744,0.02297736991002561,solvability-pair-0072328,3.75,1.0,1.0,3.0,3.0,-0.09999999999999998,3,1.0,TRY_AGAIN,train,solvability-pair-0072328-try_again_m:3,3.0,solvability,0.0,0.0,1.0,-0.09999999999999998
1.0,1.0,1.0,0.0,1.0,4.0,0.9166666666666666,1,1.0,4.0,4.0,0.08333333333333337,1.0,solvability-pair-0072328-try_again_m,-0.08333333333333337,0.0,0.0,0.0,1.6094379124341003,try_again_m,8.0,0.5,-0.19999999999999996,0.0,0.8,-0.19999999999999996,-0.19999999999999996,1.0,1.0,1.0,1.0,0.0,0.8933094060543487,0.10669059394565118,solvability-pair-0072328,2.125,1.0,1.0,4.0,4.0,-0.08333333333333337,4,1.0,TRY_AGAIN,train,solvability-pair-0072328-try_again_m:4,4.0,solvability,0.0,0.0,1.0,-0.08333333333333337
1.0,1.0,1.0,1.0,1.0,5.0,0.9285714285714286,0,1.0,5.0,5.0,0.0714285714285714,1.0,solvability-pair-0072328-try_again_m,-0.0714285714285714,0.0,0.0,0.0,1.791759469228055,try_again_m,8.0,0.625,-0.19999999999999996,0.0,0.8,-0.19999999999999996,-0.19999999999999996,0.0,1.0,1.0,1.0,1.0,0.7981867777396212,0.20181322226037882,solvability-pair-0072328,1.375,1.0,1.0,5.0,5.0,-0.0714285714285714,5,1.0,GIVE_UP,train,solvability-pair-0072328-try_again_m:5,5.0,solvability,0.0,0.0,1.0,-0.0714285714285714
0.0,0.0,0.0,0.0,1.0,0.0,0.75,1,1.0,0.0,0.0,0.25,1.0,solvability-pair-0072328-try_again_n,-0.25,0.0,0.0,0.0,0.0,try_again_n,8.0,0.0,-0.19999999999999996,0.0,0.8,-0.19999999999999996,-0.19999999999999996,1.0,0.0,0.0,0.0,0.0,0.7549149868676283,0.24508501313237172,solvability-pair-0072328,1.125,0.0,0.0,0.0,0.0,-0.25,0,0.0,TRY_AGAIN,train,solvability-pair-0072328-try_again_n:0,0.0,solvability,0.0,0.0,1.0,-0.25
1.0,0.0,0.0,0.0,1.0,1.0,0.8333333333333334,1,1.0,1.0,1.0,0.16666666666666663,1.0,solvability-pair-0072328-try_again_n,-0.16666666666666663,0.0,0.0,0.0,0.6931471805599453,try_again_n,8.0,0.125,-0.19999999999999996,0.0,0.8,-0.19999999999999996,-0.19999999999999996,1.0,1.0,0.0,0.0,0.0,0.9998204720306533,0.0001795279693467774,solvability-pair-0072328,8.625,1.0,1.0,1.0,1.0,-0.16666666666666663,1,0.0,TRY_AGAIN,train,solvability-pair-0072328-try_again_n:1,1.0,solvability,0.0,0.0,1.0,-0.16666666666666663
1.0,1.0,0.0,0.0,1.0,2.0,0.875,1,1.0,2.0,2.0,0.125,1.0,solvability-pair-0072328-try_again_n,-0.125,0.0,0.0,0.0,1.0986122886681098,try_again_n,8.0,0.25,-0.19999999999999996,0.0,0.8,-0.19999999999999996,-0.19999999999999996,1.0,1.0,1.0,0.0,0.0,0.9975273768433653,0.0024726231566347748,solvability-pair-0072328,6.0,1.0,1.0,2.0,2.0,-0.125,2,1.0,TRY_AGAIN,train,solvability-pair-0072328-try_again_n:2,2.0,solvability,0.0,0.0,1.0,-0.125
1.0,1.0,1.0,0.0,1.0,3.0,0.9,1,1.0,3.0,3.0,0.09999999999999998,1.0,solvability-pair-0072328-try_again_n,-0.09999999999999998,0.0,0.0,0.0,1.3862943611198906,try_again_n,8.0,0.375,-0.19999999999999996,0.0,0.8,-0.19999999999999996,-0.19999999999999996,1.0,1.0,1.0,1.0,0.0,0.991422514586288,0.008577485413711986,solvability-pair-0072328,4.75,1.0,1.0,3.0,3.0,-0.09999999999999998,3,1.0,TRY_AGAIN,train,solvability-pair-0072328-try_again_n:3,3.0,solvability,0.0,0.0,1.0,-0.09999999999999998
1.0,1.0,1.0,0.0,1.0,4.0,0.9166666666666666,1,1.0,4.0,4.0,0.08333333333333337,1.0,solvability-pair-0072328-try_again_n,-0.08333333333333337,0.0,0.0,0.0,1.6094379124341003,try_again_n,8.0,0.5,-0.19999999999999996,0.0,0.8,-0.19999999999999996,-0.19999999999999996,1.0,1.0,1.0,1.0,0.0,0.9324533088603709,0.0675466911396291,solvability-pair-0072328,2.625,1.0,1.0,4.0,4.0,-0.08333333333333337,4,1.0,TRY_AGAIN,train,solvability-pair-0072328-try_again_n:4,4.0,solvability,0.0,0.0,1.0,-0.08333333333333337
1.0,1.0,1.0,1.0,1.0,5.0,0.9285714285714286,0,1.0,5.0,5.0,0.0714285714285714,1.0,solvability-pair-0072328-try_again_n,-0.0714285714285714,0.0,0.0,0.0,1.791759469228055,try_again_n,8.0,0.625,-0.19999999999999996,0.0,0.8,-0.19999999999999996,-0.19999999999999996,0.0,1.0,1.0,1.0,1.0,0.7549149868676283,0.24508501313237172,solvability-pair-0072328,1.125,1.0,1.0,5.0,5.0,-0.0714285714285714,5,1.0,GIVE_UP,train,solvability-pair-0072328-try_again_n:5,5.0,solvability,0.0,0.0,1.0,-0.0714285714285714
0.0,0.0,0.0,0.0,0.0,0.0,0.5,1,0.0,0.0,0.0,1.5,0.0,solvability-pair-0072329-try_again_m,0.5,2.0,0.0,2.0,0.0,try_again_m,8.0,0.0,0.5,2.0,0.5,-1.5,-1.5,-1.0,0.0,0.0,0.0,0.0,0.6224593312018546,0.37754066879814546,solvability-pair-0072329,0.5,0.0,0.0,0.0,0.0,-1.5,0,0.0,TRY_AGAIN,validation,solvability-pair-0072329-try_again_m:0,0.0,solvability,0.0,0.0,1.0,-1.5
1.0,0.0,0.0,0.0,0.0,1.0,0.3333333333333333,0,0.0,0.0,-1.0,1.6666666666666667,0.0,solvability-pair-0072329-try_again_m,0.3333333333333333,2.0,1.0,2.0,0.6931471805599453,try_again_m,8.0,0.125,0.5,2.0,0.5,-1.5,-1.5,0.0,-1.0,0.0,0.0,0.0,0.04208772791561884,0.9579122720843811,solvability-pair-0072329,-3.125,1.0,-1.0,0.0,0.0,-1.6666666666666667,1,0.0,GIVE_UP,validation,solvability-pair-0072329-try_again_m:1,0.0,solvability,0.0,0.0,1.0,-1.6666666666666667
0.0,0.0,0.0,0.0,0.0,0.0,0.5,1,0.0,0.0,0.0,1.5,0.0,solvability-pair-0072329-try_again_n,0.5,2.0,0.0,2.0,0.0,try_again_n,8.0,0.0,0.5,2.0,0.5,-1.5,-1.5,-1.0,0.0,0.0,0.0,0.0,0.2689414213699951,0.7310585786300049,solvability-pair-0072329,-1.0,0.0,0.0,0.0,0.0,-1.5,0,0.0,TRY_AGAIN,validation,solvability-pair-0072329-try_again_n:0,0.0,solvability,0.0,0.0,1.0,-1.5
1.0,0.0,0.0,0.0,0.0,1.0,0.3333333333333333,0,0.0,0.0,-1.0,1.6666666666666667,0.0,solvability-pair-0072329-try_again_n,0.3333333333333333,2.0,1.0,2.0,0.6931471805599453,try_again_n,8.0,0.125,0.5,2.0,0.5,-1.5,-1.5,0.0,-1.0,0.0,0.0,0.0,0.029312230751356316,0.9706877692486436,solvability-pair-0072329,-3.5,1.0,-1.0,0.0,0.0,-1.6666666666666667,1,0.0,GIVE_UP,validation,solvability-pair-0072329-try_again_n:1,0.0,solvability,0.0,0.0,1.0,-1.6666666666666667
0.0,0.0,0.0,0.0,0.0,0.0,0.5,1,0.0,0.0,0.0,-0.5,0.0,solvability-pair-0072330-try_again_m,0.5,0.0,0.0,0.0,0.0,try_again_m,8.0,0.0,0.5,0.0,0.5,0.5,0.5,1.0,0.0,0.0,0.0,0.0,0.7549149868676283,0.24508501313237172,solvability-pair-0072330,1.125,0.0,0.0,0.0,0.0,0.5,0,0.0,TRY_AGAIN,train,solvability-pair-0072330-try_again_m:0,0.0,solvability,0.0,0.0,1.0,0.5
1.0,0.0,0.0,0.0,0.0,1.0,0.6666666666666666,1,0.0,0.0,1.0,-0.6666666666666666,0.0,solvability-pair-0072330-try_again_m,0.6666666666666666,0.0,0.0,0.0,0.6931471805599453,try_again_m,8.0,0.125,0.5,0.0,0.5,0.5,0.5,-1.0,1.0,0.0,0.0,0.0,0.9989677689632452,0.0010322310367548194,solvability-pair-0072330,6.875,1.0,1.0,1.0,1.0,0.6666666666666666,1,0.0,TRY_AGAIN,train,solvability-pair-0072330-try_again_m:1,1.0,solvability,0.0,0.0,1.0,0.6666666666666666
1.0,1.0,0.0,0.0,0.0,2.0,0.5,1,0.0,0.0,0.0,-0.5,0.0,solvability-pair-0072330-try_again_m,0.5,0.0,1.0,0.0,1.0986122886681098,try_again_m,8.0,0.25,0.5,0.0,0.5,0.5,0.5,1.0,-1.0,1.0,0.0,0.0,0.7549149868676283,0.24508501313237172,solvability-pair-0072330,1.125,1.0,-1.0,1.0,1.0,0.5,2,1.0,TRY_AGAIN,train,solvability-pair-0072330-try_again_m:2,0.0,solvability,0.0,0.0,1.0,0.5
1.0,1.0,1.0,0.0,0.0,3.0,0.6,1,0.0,0.0,1.0,-0.6,0.0,solvability-pair-0072330-try_again_m,0.6,0.0,0.0,0.0,1.3862943611198906,try_again_m,8.0,0.375,0.5,0.0,0.5,0.5,0.5,1.0,1.0,-1.0,1.0,0.0,0.9465966702001757,0.053403329799824234,solvability-pair-0072330,2.875,1.0,1.0,2.0,2.0,0.6,3,1.0,TRY_AGAIN,train,solvability-pair-0072330-try_again_m:3,1.0,solvability,0.0,0.0,1.0,0.6
1.0,1.0,1.0,0.0,0.0,4.0,0.6666666666666666,1,0.0,0.0,2.0,-0.6666666666666666,0.0,solvability-pair-0072330-try_again_m,0.6666666666666666,0.0,0.0,0.0,1.6094379124341003,try_again_m,8.0,0.5,0.5,0.0,0.5,0.5,0.5,1.0,1.0,1.0,-1.0,0.0,0.9149009549929797,0.08509904500702024,solvability-pair-0072330,2.375,1.0,1.0,3.0,3.0,0.6666666666666666,4,1.0,TRY_AGAIN,train,solvability-pair-0072330-try_again_m:4,2.0,solvability,0.0,0.0,1.0,0.6666666666666666
1.0,1.0,1.0,1.0,0.0,5.0,0.7142857142857143,0,0.0,0.0,3.0,-0.7142857142857143,0.0,solvability-pair-0072330-try_again_m,0.7142857142857143,0.0,0.0,0.0,1.791759469228055,try_again_m,8.0,0.625,0.5,0.0,0.5,0.5,0.5,0.0,1.0,1.0,1.0,1.0,0.7772998611746911,0.22270013882530884,solvability-pair-0072330,1.25,1.0,1.0,4.0,4.0,0.7142857142857143,5,1.0,GIVE_UP,train,solvability-pair-0072330-try_again_m:5,3.0,solvability,0.0,0.0,1.0,0.7142857142857143
0.0,0.0,0.0,0.0,0.0,0.0,0.5,1,0.0,0.0,0.0,-0.5,0.0,solvability-pair-0072330-try_again_n,0.5,0.0,0.0,0.0,0.0,try_again_n,8.0,0.0,0.5,0.0,0.5,0.5,0.5,1.0,0.0,0.0,0.0,0.0,0.34864513533394575,0.6513548646660542,solvability-pair-0072330,-0.625,0.0,0.0,0.0,0.0,0.5,0,0.0,TRY_AGAIN,train,solvability-pair-0072330-try_again_n:0,0.0,solvability,0.0,0.0,1.0,0.5
1.0,0.0,0.0,0.0,0.0,1.0,0.6666666666666666,1,0.0,0.0,1.0,-0.6666666666666666,0.0,solvability-pair-0072330-try_again_n,0.6666666666666666,0.0,0.0,0.0,0.6931471805599453,try_again_n,8.0,0.125,0.5,0.0,0.5,0.5,0.5,-1.0,1.0,0.0,0.0,0.0,0.9990889488055994,0.0009110511944006454,solvability-pair-0072330,7.0,1.0,1.0,1.0,1.0,0.6666666666666666,1,0.0,TRY_AGAIN,train,solvability-pair-0072330-try_again_n:1,1.0,solvability,0.0,0.0,1.0,0.6666666666666666
1.0,1.0,0.0,0.0,0.0,2.0,0.5,1,0.0,0.0,0.0,-0.5,0.0,solvability-pair-0072330-try_again_n,0.5,0.0,1.0,0.0,1.0986122886681098,try_again_n,8.0,0.25,0.5,0.0,0.5,0.5,0.5,1.0,-1.0,1.0,0.0,0.0,0.8519528019683106,0.1480471980316895,solvability-pair-0072330,1.75,1.0,-1.0,1.0,1.0,0.5,2,1.0,TRY_AGAIN,train,solvability-pair-0072330-try_again_n:2,0.0,solvability,0.0,0.0,1.0,0.5
1.0,1.0,1.0,0.0,0.0,3.0,0.6,1,0.0,0.0,1.0,-0.6,0.0,solvability-pair-0072330-try_again_n,0.6,0.0,0.0,0.0,1.3862943611198906,try_again_n,8.0,0.375,0.5,0.0,0.5,0.5,0.5,1.0,1.0,-1.0,1.0,0.0,0.9740426428022031,0.02595735719779685,solvability-pair-0072330,3.625,1.0,1.0,2.0,2.0,0.6,3,1.0,TRY_AGAIN,train,solvability-pair-0072330-try_again_n:3,1.0,solvability,0.0,0.0,1.0,0.6
1.0,1.0,1.0,0.0,0.0,4.0,0.6666666666666666,1,0.0,0.0,2.0,-0.6666666666666666,0.0,solvability-pair-0072330-try_again_n,0.6666666666666666,0.0,0.0,0.0,1.6094379124341003,try_again_n,8.0,0.5,0.5,0.0,0.5,0.5,0.5,1.0,1.0,1.0,-1.0,0.0,0.9324533088603709,0.0675466911396291,solvability-pair-0072330,2.625,1.0,1.0,3.0,3.0,0.6666666666666666,4,1.0,TRY_AGAIN,train,solvability-pair-0072330-try_again_n:4,2.0,solvability,0.0,0.0,1.0,0.6666666666666666
1.0,1.0,1.0,1.0,0.0,5.0,0.7142857142857143,0,0.0,0.0,3.0,-0.7142857142857143,0.0,solvability-pair-0072330-try_again_n,0.7142857142857143,0.0,0.0,0.0,1.791759469228055,try_again_n,8.0,0.625,0.5,0.0,0.5,0.5,0.5,0.0,1.0,1.0,1.0,1.0,0.7772998611746911,0.22270013882530884,solvability-pair-0072330,1.25,1.0,1.0,4.0,4.0,0.7142857142857143,5,1.0,GIVE_UP,train,solvability-pair-0072330-try_again_n:5,3.0,solvability,0.0,0.0,1.0,0.7142857142857143
0.0,0.0,0.0,0.0,0.0,0.0,0.25,0,0.0,0.0,0.0,-0.25,-1.0,solvability-pair-0072331-try_again_m,0.25,0.0,0.0,0.0,0.0,try_again_m,8.0,0.0,0.2,0.0,0.2,0.2,0.2,0.0,0.0,0.0,0.0,0.0,0.5,0.5,solvability-pair-0072331,0.0,0.0,0.0,0.0,0.0,0.25,0,0.0,GIVE_UP,test,solvability-pair-0072331-try_again_m:0,0.0,solvability,0.0,0.0,1.0,0.25
0.0,0.0,0.0,0.0,0.0,0.0,0.25,0,0.0,0.0,0.0,-0.25,-1.0,solvability-pair-0072331-try_again_n,0.25,0.0,0.0,0.0,0.0,try_again_n,8.0,0.0,0.2,0.0,0.2,0.2,0.2,0.0,0.0,0.0,0.0,0.0,0.22270013882530884,0.7772998611746911,solvability-pair-0072331,-1.25,0.0,0.0,0.0,0.0,0.25,0,0.0,GIVE_UP,test,solvability-pair-0072331-try_again_n:0,0.0,solvability,0.0,0.0,1.0,0.25
0.0,0.0,0.0,0.0,0.0,0.0,0.25,1,0.0,0.0,0.0,1.75,-1.0,solvability-pair-0072332-try_again_m,0.25,2.0,0.0,2.0,0.0,try_again_m,8.0,0.0,0.2,2.0,0.2,-1.8,-1.8,-1.0,0.0,0.0,0.0,0.0,0.4073334000459302,0.5926665999540697,solvability-pair-0072332,-0.375,0.0,0.0,0.0,0.0,-1.75,0,0.0,TRY_AGAIN,train,solvability-pair-0072332-try_again_m:0,0.0,solvability,0.0,0.0,1.0,-1.75
1.0,0.0,0.0,0.0,0.0,1.0,0.16666666666666666,0,0.0,0.0,-1.0,1.8333333333333333,-1.0,solvability-pair-0072332-try_again_m,0.16666666666666666,2.0,1.0,2.0,0.6931471805599453,try_again_m,8.0,0.125,0.2,2.0,0.2,-1.8,-1.8,0.0,-1.0,0.0,0.0,0.0,0.033085978388704126,0.9669140216112958,solvability-pair-0072332,-3.375,1.0,-1.0,0.0,0.0,-1.8333333333333333,1,0.0,GIVE_UP,train,solvability-pair-0072332-try_again_m:1,0.0,solvability,0.0,0.0,1.0,-1.8333333333333333
0.0,0.0,0.0,0.0,0.0,0.0,0.25,1,0.0,0.0,0.0,1.75,-1.0,solvability-pair-0072332-try_again_n,0.25,2.0,0.0,2.0,0.0,try_again_n,8.0,0.0,0.2,2.0,0.2,-1.8,-1.8,-1.0,0.0,0.0,0.0,0.0,0.20181322226037882,0.7981867777396212,solvability-pair-0072332,-1.375,0.0,0.0,0.0,0.0,-1.75,0,0.0,TRY_AGAIN,train,solvability-pair-0072332-try_again_n:0,0.0,solvability,0.0,0.0,1.0,-1.75
1.0,0.0,0.0,0.0,0.0,1.0,0.16666666666666666,0,0.0,0.0,-1.0,1.8333333333333333,-1.0,solvability-pair-0072332-try_again_n,0.16666666666666666,2.0,1.0,2.0,0.6931471805599453,try_again_n,8.0,0.125,0.2,2.0,0.2,-1.8,-1.8,0.0,-1.0,0.0,0.0,0.0,0.02595735719779685,0.9740426428022031,solvability-pair-0072332,-3.625,1.0,-1.0,0.0,0.0,-1.8333333333333333,1,0.0,GIVE_UP,train,solvability-pair-0072332-try_again_n:1,0.0,solvability,0.0,0.0,1.0,-1.8333333333333333
0.0,0.0,0.0,0.0,1.0,0.0,0.25,0,1.0,0.0,0.0,0.75,-1.0,solvability-pair-0072333-try_again_m,-0.75,0.0,0.0,0.0,0.0,try_again_m,8.0,0.0,-0.8,0.0,0.2,-0.8,-0.8,0.0,0.0,0.0,0.0,0.0,0.37754066879814546,0.6224593312018546,solvability-pair-0072333,-0.5,0.0,0.0,0.0,0.0,-0.75,0,0.0,GIVE_UP,train,solvability-pair-0072333-try_again_m:0,0.0,solvability,0.0,0.0,1.0,-0.75
0.0,0.0,0.0,0.0,1.0,0.0,0.25,0,1.0,0.0,0.0,0.75,-1.0,solvability-pair-0072333-try_again_n,-0.75,0.0,0.0,0.0,0.0,try_again_n,8.0,0.0,-0.8,0.0,0.2,-0.8,-0.8,0.0,0.0,0.0,0.0,0.0,0.22270013882530884,0.7772998611746911,solvability-pair-0072333,-1.25,0.0,0.0,0.0,0.0,-0.75,0,0.0,GIVE_UP,train,solvability-pair-0072333-try_again_n:0,0.0,solvability,0.0,0.0,1.0,-0.75
0.0,0.0,0.0,0.0,0.0,0.0,0.75,1,0.0,0.0,0.0,-0.75,1.0,solvability-pair-0072334-try_again_m,0.75,0.0,0.0,0.0,0.0,try_again_m,8.0,0.0,0.8,0.0,0.8,0.8,0.8,1.0,0.0,0.0,0.0,0.0,0.9840936082881853,0.01590639171181471,solvability-pair-0072334,4.125,0.0,0.0,0.0,0.0,0.75,0,0.0,TRY_AGAIN,validation,solvability-pair-0072334-try_again_m:0,0.0,solvability,0.0,0.0,1.0,0.75
1.0,0.0,0.0,0.0,0.0,1.0,0.8333333333333334,1,0.0,0.0,1.0,-0.8333333333333334,1.0,solvability-pair-0072334-try_again_m,0.8333333333333334,0.0,0.0,0.0,0.6931471805599453,try_again_m,8.0,0.125,0.8,0.0,0.8,0.8,0.8,1.0,1.0,0.0,0.0,0.0,0.9997965730219448,0.0002034269780552065,solvability-pair-0072334,8.5,1.0,1.0,1.0,1.0,0.8333333333333334,1,0.0,TRY_AGAIN,validation,solvability-pair-0072334-try_again_m:1,1.0,solvability,0.0,0.0,1.0,0.8333333333333334
1.0,1.0,0.0,0.0,0.0,2.0,0.875,1,0.0,0.0,2.0,-0.875,1.0,solvability-pair-0072334-try_again_m,0.875,0.0,0.0,0.0,1.0986122886681098,try_again_m,8.0,0.25,0.8,0.0,0.8,0.8,0.8,1.0,1.0,1.0,0.0,0.0,0.9968273171575148,0.0031726828424851893,solvability-pair-0072334,5.75,1.0,1.0,2.0,2.0,0.875,2,1.0,TRY_AGAIN,validation,solvability-pair-0072334-try_again_m:2,2.0,solvability,0.0,0.0,1.0,0.875
1.0,1.0,1.0,0.0,0.0,3.0,0.9,1,0.0,0.0,3.0,-0.9,1.0,solvability-pair-0072334-try_again_m,0.9,0.0,0.0,0.0,1.3862943611198906,try_again_m,8.0,0.375,0.8,0.0,0.8,0.8,0.8,-1.0,1.0,1.0,1.0,0.0,0.9940889311437562,0.005911068856243796,solvability-pair-0072334,5.125,1.0,1.0,3.0,3.0,0.9,3,1.0,TRY_AGAIN,validation,solvability-pair-0072334-try_again_m:3,3.0,solvability,0.0,0.0,1.0,0.9
1.0,1.0,1.0,0.0,0.0,4.0,0.75,1,0.0,0.0,2.0,-0.75,1.0,solvability-pair-0072334-try_again_m,0.75,0.0,1.0,0.0,1.6094379124341003,try_again_m,8.0,0.5,0.8,0.0,0.8,0.8,0.8,1.0,-1.0,1.0,1.0,0.0,0.6513548646660542,0.34864513533394575,solvability-pair-0072334,0.625,1.0,-1.0,3.0,3.0,0.75,4,1.0,TRY_AGAIN,validation,solvability-pair-0072334-try_again_m:4,0.0,solvability,0.0,0.0,1.0,0.75
1.0,1.0,1.0,1.0,0.0,5.0,0.7857142857142857,1,0.0,0.0,3.0,-0.7857142857142857,1.0,solvability-pair-0072334-try_again_m,0.7857142857142857,0.0,0.0,0.0,1.791759469228055,try_again_m,8.0,0.625,0.8,0.0,0.8,0.8,0.8,1.0,1.0,-1.0,1.0,1.0,0.9324533088603709,0.0675466911396291,solvability-pair-0072334,2.625,1.0,1.0,4.0,4.0,0.7857142857142857,5,1.0,TRY_AGAIN,validation,solvability-pair-0072334-try_again_m:5,1.0,solvability,0.0,0.0,1.0,0.7857142857142857
1.0,1.0,1.0,1.0,0.0,6.0,0.8125,1,0.0,0.0,4.0,-0.8125,1.0,solvability-pair-0072334-try_again_m,0.8125,0.0,0.0,0.0,1.9459101490553132,try_again_m,8.0,0.75,0.8,0.0,0.8,0.8,0.8,1.0,1.0,1.0,-1.0,1.0,0.8175744761936437,0.18242552380635632,solvability-pair-0072334,1.5,1.0,1.0,5.0,5.0,0.8125,6,1.0,TRY_AGAIN,validation,solvability-pair-0072334-try_again_m:6,2.0,solvability,0.0,0.0,1.0,0.8125
1.0,1.0,1.0,1.0,0.0,7.0,0.8333333333333334,1,0.0,0.0,5.0,-0.8333333333333334,1.0,solvability-pair-0072334-try_again_m,0.8333333333333334,0.0,0.0,0.0,2.0794415416798357,try_again_m,8.0,0.875,0.8,0.0,0.8,0.8,0.8,1.0,1.0,1.0,1.0,1.0,0.6513548646660542,0.34864513533394575,solvability-pair-0072334,0.625,1.0,1.0,6.0,6.0,0.8333333333333334,7,1.0,TRY_AGAIN,validation,solvability-pair-0072334-try_again_m:7,3.0,solvability,0.0,0.0,1.0,0.8333333333333334
0.0,0.0,0.0,0.0,0.0,0.0,0.75,0,0.0,0.0,0.0,-0.75,1.0,solvability-pair-0072334-try_again_n,0.75,0.0,0.0,0.0,0.0,try_again_n,8.0,0.0,0.8,0.0,0.8,0.8,0.8,0.0,0.0,0.0,0.0,0.0,0.8175744761936437,0.18242552380635632,solvability-pair-0072334,1.5,0.0,0.0,0.0,0.0,0.75,0,0.0,GIVE_UP,validation,solvability-pair-0072334-try_again_n:0,0.0,solvability,0.0,0.0,1.0,0.75
0.0,0.0,0.0,0.0,1.0,0.0,0.75,1,1.0,0.0,0.0,2.25,1.0,solvability-pair-0072335-try_again_m,-0.25,2.0,0.0,2.0,0.0,try_again_m,8.0,0.0,-0.19999999999999996,2.0,0.8,-2.2,-2.2,-1.0,0.0,0.0,0.0,0.0,0.9399133498259924,0.06008665017400762,solvability-pair-0072335,2.75,0.0,0.0,0.0,0.0,-2.25,0,0.0,TRY_AGAIN,train,solvability-pair-0072335-try_again_m:0,0.0,solvability,0.0,0.0,1.0,-2.25
1.0,0.0,0.0,0.0,1.0,1.0,0.5,0,1.0,1.0,-1.0,2.5,1.0,solvability-pair-0072335-try_again_m,-0.5,2.0,1.0,2.0,0.6931471805599453,try_again_m,8.0,0.125,-0.19999999999999996,2.0,0.8,-2.2,-2.2,0.0,-1.0,0.0,0.0,0.0,0.07585818002124356,0.9241418199787566,solvability-pair-0072335,-2.5,1.0,-1.0,0.0,0.0,-2.5,1,0.0,GIVE_UP,train,solvability-pair-0072335-try_again_m:1,0.0,solvability,0.0,0.0,1.0,-2.5
0.0,0.0,0.0,0.0,1.0,0.0,0.75,1,1.0,0.0,0.0,2.25,1.0,solvability-pair-0072335-try_again_n,-0.25,2.0,0.0,2.0,0.0,try_again_n,8.0,0.0,-0.19999999999999996,2.0,0.8,-2.2,-2.2,-1.0,0.0,0.0,0.0,0.0,0.679178699175393,0.32082130082460697,solvability-pair-0072335,0.75,0.0,0.0,0.0,0.0,-2.25,0,0.0,TRY_AGAIN,train,solvability-pair-0072335-try_again_n:0,0.0,solvability,0.0,0.0,1.0,-2.25
1.0,0.0,0.0,0.0,1.0,1.0,0.5,0,1.0,1.0,-1.0,2.5,1.0,solvability-pair-0072335-try_again_n,-0.5,2.0,1.0,2.0,0.6931471805599453,try_again_n,8.0,0.125,-0.19999999999999996,2.0,0.8,-2.2,-2.2,0.0,-1.0,0.0,0.0,0.0,0.08509904500702024,0.9149009549929797,solvability-pair-0072335,-2.375,1.0,-1.0,0.0,0.0,-2.5,1,0.0,GIVE_UP,train,solvability-pair-0072335-try_again_n:1,0.0,solvability,0.0,0.0,1.0,-2.5
0.0,0.0,0.0,0.0,0.0,0.0,0.75,1,0.0,0.0,0.0,1.25,1.0,solvability-pair-0072336-try_again_m,0.75,2.0,0.0,2.0,0.0,try_again_m,8.0,0.0,0.8,2.0,0.8,-1.2,-1.2,1.0,0.0,0.0,0.0,0.0,0.9770226300899744,0.02297736991002561,solvability-pair-0072336,3.75,0.0,0.0,0.0,0.0,-1.25,0,0.0,TRY_AGAIN,test,solvability-pair-0072336-try_again_m:0,0.0,solvability,0.0,0.0,1.0,-1.25
1.0,0.0,0.0,0.0,0.0,1.0,0.8333333333333334,1,0.0,0.0,1.0,1.1666666666666665,1.0,solvability-pair-0072336-try_again_m,0.8333333333333334,2.0,0.0,2.0,0.6931471805599453,try_again_m,8.0,0.125,0.8,2.0,0.8,-1.2,-1.2,1.0,1.0,0.0,0.0,0.0,0.9996646498695336,0.00033535013046647816,solvability-pair-0072336,8.0,1.0,1.0,1.0,1.0,-1.1666666666666665,1,0.0,TRY_AGAIN,test,solvability-pair-0072336-try_again_m:1,1.0,solvability,0.0,0.0,1.0,-1.1666666666666665
1.0,1.0,0.0,0.0,0.0,2.0,0.875,1,0.0,0.0,2.0,1.125,1.0,solvability-pair-0072336-try_again_m,0.875,2.0,0.0,2.0,1.0986122886681098,try_again_m,8.0,0.25,0.8,2.0,0.8,-1.2,-1.2,1.0,1.0,1.0,0.0,0.0,0.9924227587321393,0.007577241267860811,solvability-pair-0072336,4.875,1.0,1.0,2.0,2.0,-1.125,2,1.0,TRY_AGAIN,test,solvability-pair-0072336-try_again_m:2,2.0,solvability,0.0,0.0,1.0,-1.125
1.0,1.0,1.0,0.0,0.0,3.0,0.9,1,0.0,0.0,3.0,1.1,1.0,solvability-pair-0072336-try_again_m,0.9,2.0,0.0,2.0,1.3862943611198906,try_again_m,8.0,0.375,0.8,2.0,0.8,-1.2,-1.2,-1.0,1.0,1.0,1.0,0.0,0.9859363729567544,0.014063627043245474,solvability-pair-0072336,4.25,1.0,1.0,3.0,3.0,-1.1,3,1.0,TRY_AGAIN,test,solvability-pair-0072336-try_again_m:3,3.0,solvability,0.0,0.0,1.0,-1.1
1.0,1.0,1.0,0.0,0.0,4.0,0.75,1,0.0,0.0,2.0,1.25,1.0,solvability-pair-0072336-try_again_m,0.75,2.0,1.0,2.0,1.6094379124341003,try_again_m,8.0,0.5,0.8,2.0,0.8,-1.2,-1.2,1.0,-1.0,1.0,1.0,0.0,0.5621765008857981,0.4378234991142019,solvability-pair-0072336,0.25,1.0,-1.0,3.0,3.0,-1.25,4,1.0,TRY_AGAIN,test,solvability-pair-0072336-try_again_m:4,0.0,solvability,0.0,0.0,1.0,-1.25
1.0,1.0,1.0,1.0,0.0,5.0,0.7857142857142857,1,0.0,0.0,3.0,1.2142857142857144,1.0,solvability-pair-0072336-try_again_m,0.7857142857142857,2.0,0.0,2.0,1.791759469228055,try_again_m,8.0,0.625,0.8,2.0,0.8,-1.2,-1.2,-1.0,1.0,-1.0,1.0,1.0,0.8519528019683106,0.1480471980316895,solvability-pair-0072336,1.75,1.0,1.0,4.0,4.0,-1.2142857142857144,5,1.0,TRY_AGAIN,test,solvability-pair-0072336-try_again_m:5,1.0,solvability,0.0,0.0,1.0,-1.2142857142857144
1.0,1.0,1.0,1.0,0.0,6.0,0.6875,0,0.0,0.0,2.0,1.3125,1.0,solvability-pair-0072336-try_again_m,0.6875,2.0,1.0,2.0,1.9459101490553132,try_again_m,8.0,0.75,0.8,2.0,0.8,-1.2,-1.2,0.0,-1.0,1.0,-1.0,1.0,0.37754066879814546,0.6224593312018546,solvability-pair-0072336,-0.5,1.0,-1.0,4.0,4.0,-1.3125,6,1.0,GIVE_UP,test,solvability-pair-0072336-try_again_m:6,0.0,solvability,0.0,0.0,1.0,-1.3125
0.0,0.0,0.0,0.0,0.0,0.0,0.75,1,0.0,0.0,0.0,1.25,1.0,solvability-pair-0072336-try_again_n,0.75,2.0,0.0,2.0,0.0,try_again_n,8.0,0.0,0.8,2.0,0.8,-1.2,-1.2,1.0,0.0,0.0,0.0,0.0,0.7772998611746911,0.22270013882530884,solvability-pair-0072336,1.25,0.0,0.0,0.0,0.0,-1.25,0,0.0,TRY_AGAIN,test,solvability-pair-0072336-try_again_n:0,0.0,solvability,0.0,0.0,1.0,-1.25
1.0,0.0,0.0,0.0,0.0,1.0,0.8333333333333334,1,0.0,0.0,1.0,1.1666666666666665,1.0,solvability-pair-0072336-try_again_n,0.8333333333333334,2.0,0.0,2.0,0.6931471805599453,try_again_n,8.0,0.125,0.8,2.0,0.8,-1.2,-1.2,1.0,1.0,0.0,0.0,0.0,0.9997694932780068,0.0002305067219931397,solvability-pair-0072336,8.375,1.0,1.0,1.0,1.0,-1.1666666666666665,1,0.0,TRY_AGAIN,test,solvability-pair-0072336-try_again_n:1,1.0,solvability,0.0,0.0,1.0,-1.1666666666666665
1.0,1.0,0.0,0.0,0.0,2.0,0.875,1,0.0,0.0,2.0,1.125,1.0,solvability-pair-0072336-try_again_n,0.875,2.0,0.0,2.0,1.0986122886681098,try_again_n,8.0,0.25,0.8,2.0,0.8,-1.2,-1.2,1.0,1.0,1.0,0.0,0.0,0.9953904278206259,0.004609572179374208,solvability-pair-0072336,5.375,1.0,1.0,2.0,2.0,-1.125,2,1.0,TRY_AGAIN,test,solvability-pair-0072336-try_again_n:2,2.0,solvability,0.0,0.0,1.0,-1.125
1.0,1.0,1.0,0.0,0.0,3.0,0.9,1,0.0,0.0,3.0,1.1,1.0,solvability-pair-0072336-try_again_n,0.9,2.0,0.0,2.0,1.3862943611198906,try_again_n,8.0,0.375,0.8,2.0,0.8,-1.2,-1.2,-1.0,1.0,1.0,1.0,0.0,0.9875683491468141,0.012431650853185818,solvability-pair-0072336,4.375,1.0,1.0,3.0,3.0,-1.1,3,1.0,TRY_AGAIN,test,solvability-pair-0072336-try_again_n:3,3.0,solvability,0.0,0.0,1.0,-1.1
1.0,1.0,1.0,0.0,0.0,4.0,0.75,1,0.0,0.0,2.0,1.25,1.0,solvability-pair-0072336-try_again_n,0.75,2.0,1.0,2.0,1.6094379124341003,try_again_n,8.0,0.5,0.8,2.0,0.8,-1.2,-1.2,1.0,-1.0,1.0,1.0,0.0,0.5,0.5,solvability-pair-0072336,0.0,1.0,-1.0,3.0,3.0,-1.25,4,1.0,TRY_AGAIN,test,solvability-pair-0072336-try_again_n:4,0.0,solvability,0.0,0.0,1.0,-1.25
1.0,1.0,1.0,1.0,0.0,5.0,0.7857142857142857,1,0.0,0.0,3.0,1.2142857142857144,1.0,solvability-pair-0072336-try_again_n,0.7857142857142857,2.0,0.0,2.0,1.791759469228055,try_again_n,8.0,0.625,0.8,2.0,0.8,-1.2,-1.2,-1.0,1.0,-1.0,1.0,1.0,0.9149009549929797,0.08509904500702024,solvability-pair-0072336,2.375,1.0,1.0,4.0,4.0,-1.2142857142857144,5,1.0,TRY_AGAIN,test,solvability-pair-0072336-try_again_n:5,1.0,solvability,0.0,0.0,1.0,-1.2142857142857144
1.0,1.0,1.0,1.0,0.0,6.0,0.6875,0,0.0,0.0,2.0,1.3125,1.0,solvability-pair-0072336-try_again_n,0.6875,2.0,1.0,2.0,1.9459101490553132,try_again_n,8.0,0.75,0.8,2.0,0.8,-1.2,-1.2,0.0,-1.0,1.0,-1.0,1.0,0.4073334000459302,0.5926665999540697,solvability-pair-0072336,-0.375,1.0,-1.0,4.0,4.0,-1.3125,6,1.0,GIVE_UP,test,solvability-pair-0072336-try_again_n:6,0.0,solvability,0.0,0.0,1.0,-1.3125
0.0,0.0,0.0,0.0,1.0,0.0,0.5,0,1.0,0.0,0.0,2.5,0.0,solvability-pair-0072337-try_again_m,-0.5,2.0,0.0,2.0,0.0,try_again_m,8.0,0.0,-0.5,2.0,0.5,-2.5,-2.5,0.0,0.0,0.0,0.0,0.0,0.46879062662624377,0.5312093733737563,solvability-pair-0072337,-0.125,0.0,0.0,0.0,0.0,-2.5,0,0.0,GIVE_UP,train,solvability-pair-0072337-try_again_m:0,0.0,solvability,0.0,0.0,1.0,-2.5
0.0,0.0,0.0,0.0,1.0,0.0,0.5,0,1.0,0.0,0.0,2.5,0.0,solvability-pair-0072337-try_again_n,-0.5,2.0,0.0,2.0,0.0,try_again_n,8.0,0.0,-0.5,2.0,0.5,-2.5,-2.5,0.0,0.0,0.0,0.0,0.0,0.22270013882530884,0.7772998611746911,solvability-pair-0072337,-1.25,0.0,0.0,0.0,0.0,-2.5,0,0.0,GIVE_UP,train,solvability-pair-0072337-try_again_n:0,0.0,solvability,0.0,0.0,1.0,-2.5
0.0,0.0,0.0,0.0,1.0,0.0,0.5,1,1.0,0.0,0.0,0.5,0.0,solvability-pair-0072338-try_again_m,-0.5,0.0,0.0,0.0,0.0,try_again_m,8.0,0.0,-0.5,0.0,0.5,-0.5,-0.5,-1.0,0.0,0.0,0.0,0.0,0.5621765008857981,0.4378234991142019,solvability-pair-0072338,0.25,0.0,0.0,0.0,0.0,-0.5,0,0.0,TRY_AGAIN,train,solvability-pair-0072338-try_again_m:0,0.0,solvability,0.0,0.0,1.0,-0.5
1.0,0.0,0.0,0.0,1.0,1.0,0.3333333333333333,0,1.0,1.0,-1.0,0.6666666666666667,0.0,solvability-pair-0072338-try_again_m,-0.6666666666666667,0.0,1.0,0.0,0.6931471805599453,try_again_m,8.0,0.125,-0.5,0.0,0.5,-0.5,-0.5,0.0,-1.0,0.0,0.0,0.0,0.033085978388704126,0.9669140216112958,solvability-pair-0072338,-3.375,1.0,-1.0,0.0,0.0,-0.6666666666666667,1,0.0,GIVE_UP,train,solvability-pair-0072338-try_again_m:1,0.0,solvability,0.0,0.0,1.0,-0.6666666666666667
0.0,0.0,0.0,0.0,1.0,0.0,0.5,1,1.0,0.0,0.0,0.5,0.0,solvability-pair-0072338-try_again_n,-0.5,0.0,0.0,0.0,0.0,try_again_n,8.0,0.0,-0.5,0.0,0.5,-0.5,-0.5,-1.0,0.0,0.0,0.0,0.0,0.2689414213699951,0.7310585786300049,solvability-pair-0072338,-1.0,0.0,0.0,0.0,0.0,-0.5,0,0.0,TRY_AGAIN,train,solvability-pair-0072338-try_again_n:0,0.0,solvability,0.0,0.0,1.0,-0.5
1.0,0.0,0.0,0.0,1.0,1.0,0.3333333333333333,0,1.0,1.0,-1.0,0.6666666666666667,0.0,solvability-pair-0072338-try_again_n,-0.6666666666666667,0.0,1.0,0.0,0.6931471805599453,try_again_n,8.0,0.125,-0.5,0.0,0.5,-0.5,-0.5,0.0,-1.0,0.0,0.0,0.0,0.02297736991002561,0.9770226300899744,solvability-pair-0072338,-3.75,1.0,-1.0,0.0,0.0,-0.6666666666666667,1,0.0,GIVE_UP,train,solvability-pair-0072338-try_again_n:1,0.0,solvability,0.0,0.0,1.0,-0.6666666666666667
0.0,0.0,0.0,0.0,1.0,0.0,0.25,0,1.0,0.0,0.0,2.75,-1.0,solvability-pair-0072339-try_again_m,-0.75,2.0,0.0,2.0,0.0,try_again_m,8.0,0.0,-0.8,2.0,0.2,-2.8,-2.8,0.0,0.0,0.0,0.0,0.0,0.32082130082460697,0.679178699175393,solvability-pair-0072339,-0.75,0.0,0.0,0.0,0.0,-2.75,0,0.0,GIVE_UP,validation,solvability-pair-0072339-try_again_m:0,0.0,solvability,0.0,0.0,1.0,-2.75
0.0,0.0,0.0,0.0,1.0,0.0,0.25,0,1.0,0.0,0.0,2.75,-1.0,solvability-pair-0072339-try_again_n,-0.75,2.0,0.0,2.0,0.0,try_again_n,8.0,0.0,-0.8,2.0,0.2,-2.8,-2.8,0.0,0.0,0.0,0.0,0.0,0.18242552380635632,0.8175744761936437,solvability-pair-0072339,-1.5,0.0,0.0,0.0,0.0,-2.75,0,0.0,GIVE_UP,validation,solvability-pair-0072339-try_again_n:0,0.0,solvability,0.0,0.0,1.0,-2.75
0.0,0.0,0.0,0.0,1.0,0.0,0.75,1,1.0,0.0,0.0,0.25,1.0,solvability-pair-0072340-try_again_m,-0.25,0.0,0.0,0.0,0.0,try_again_m,8.0,0.0,-0.19999999999999996,0.0,0.8,-0.19999999999999996,-0.19999999999999996,1.0,0.0,0.0,0.0,0.0,0.9626731126558706,0.037326887344129464,solvability-pair-0072340,3.25,0.0,0.0,0.0,0.0,-0.25,0,0.0,TRY_AGAIN,train,solvability-pair-0072340-try_again_m:0,0.0,solvability,0.0,0.0,1.0,-0.25
1.0,0.0,0.0,0.0,1.0,1.0,0.8333333333333334,1,1.0,1.0,1.0,0.16666666666666663,1.0,solvability-pair-0072340-try_again_m,-0.16666666666666663,0.0,0.0,0.0,0.6931471805599453,try_again_m,8.0,0.125,-0.19999999999999996,0.0,0.8,-0.19999999999999996,-0.19999999999999996,1.0,1.0,0.0,0.0,0.0,0.9995694429186754,0.00043055708132461493,solvability-pair-0072340,7.75,1.0,1.0,1.0,1.0,-0.16666666666666663,1,0.0,TRY_AGAIN,train,solvability-pair-0072340-try_again_m:1,1.0,solvability,0.0,0.0,1.0,-0.16666666666666663
1.0,1.0,0.0,0.0,1.0,2.0,0.875,1,1.0,2.0,2.0,0.125,1.0,solvability-pair-0072340-try_again_m,-0.125,0.0,0.0,0.0,1.0986122886681098,try_again_m,8.0,0.25,-0.19999999999999996,0.0,0.8,-0.19999999999999996,-0.19999999999999996,1.0,1.0,1.0,0.0,0.0,0.991422514586288,0.008577485413711986,solvability-pair-0072340,4.75,1.0,1.0,2.0,2.0,-0.125,2,1.0,TRY_AGAIN,train,solvability-pair-0072340-try_again_m:2,2.0,solvability,0.0,0.0,1.0,-0.125
1.0,1.0,1.0,0.0,1.0,3.0,0.9,1,1.0,3.0,3.0,0.09999999999999998,1.0,solvability-pair-0072340-try_again_m,-0.09999999999999998,0.0,0.0,0.0,1.3862943611198906,try_again_m,8.0,0.375,-0.19999999999999996,0.0,0.8,-0.19999999999999996,-0.19999999999999996,1.0,1.0,1.0,1.0,0.0,0.9770226300899744,0.02297736991002561,solvability-pair-0072340,3.75,1.0,1.0,3.0,3.0,-0.09999999999999998,3,1.0,TRY_AGAIN,train,solvability-pair-0072340-try_again_m:3,3.0,solvability,0.0,0.0,1.0,-0.09999999999999998
1.0,1.0,1.0,0.0,1.0,4.0,0.9166666666666666,1,1.0,4.0,4.0,0.08333333333333337,1.0,solvability-pair-0072340-try_again_m,-0.08333333333333337,0.0,0.0,0.0,1.6094379124341003,try_again_m,8.0,0.5,-0.19999999999999996,0.0,0.8,-0.19999999999999996,-0.19999999999999996,1.0,1.0,1.0,1.0,0.0,0.8933094060543487,0.10669059394565118,solvability-pair-0072340,2.125,1.0,1.0,4.0,4.0,-0.08333333333333337,4,1.0,TRY_AGAIN,train,solvability-pair-0072340-try_again_m:4,4.0,solvability,0.0,0.0,1.0,-0.08333333333333337
1.0,1.0,1.0,1.0,1.0,5.0,0.9285714285714286,1,1.0,5.0,5.0,0.0714285714285714,1.0,solvability-pair-0072340-try_again_m,-0.0714285714285714,0.0,0.0,0.0,1.791759469228055,try_again_m,8.0,0.625,-0.19999999999999996,0.0,0.8,-0.19999999999999996,-0.19999999999999996,1.0,1.0,1.0,1.0,1.0,0.7981867777396212,0.20181322226037882,solvability-pair-0072340,1.375,1.0,1.0,5.0,5.0,-0.0714285714285714,5,1.0,TRY_AGAIN,train,solvability-pair-0072340-try_again_m:5,5.0,solvability,0.0,0.0,1.0,-0.0714285714285714
1.0,1.0,1.0,1.0,1.0,6.0,0.9375,1,1.0,6.0,6.0,0.0625,1.0,solvability-pair-0072340-try_again_m,-0.0625,0.0,0.0,0.0,1.9459101490553132,try_again_m,8.0,0.75,-0.19999999999999996,0.0,0.8,-0.19999999999999996,-0.19999999999999996,-1.0,1.0,1.0,1.0,1.0,0.8175744761936437,0.18242552380635632,solvability-pair-0072340,1.5,1.0,1.0,6.0,6.0,-0.0625,6,1.0,TRY_AGAIN,train,solvability-pair-0072340-try_again_m:6,6.0,solvability,0.0,0.0,1.0,-0.0625
1.0,1.0,1.0,1.0,1.0,7.0,0.8333333333333334,0,1.0,7.0,5.0,0.16666666666666663,1.0,solvability-pair-0072340-try_again_m,-0.16666666666666663,0.0,1.0,0.0,2.0794415416798357,try_again_m,8.0,0.875,-0.19999999999999996,0.0,0.8,-0.19999999999999996,-0.19999999999999996,0.0,-1.0,1.0,1.0,1.0,0.033085978388704126,0.9669140216112958,solvability-pair-0072340,-3.375,1.0,-1.0,6.0,6.0,-0.16666666666666663,7,1.0,GIVE_UP,train,solvability-pair-0072340-try_again_m:7,0.0,solvability,0.0,0.0,1.0,-0.16666666666666663
0.0,0.0,0.0,0.0,1.0,0.0,0.75,0,1.0,0.0,0.0,0.25,1.0,solvability-pair-0072340-try_again_n,-0.25,0.0,0.0,0.0,0.0,try_again_n,8.0,0.0,-0.19999999999999996,0.0,0.8,-0.19999999999999996,-0.19999999999999996,0.0,0.0,0.0,0.0,0.0,0.7549149868676283,0.24508501313237172,solvability-pair-0072340,1.125,0.0,0.0,0.0,0.0,-0.25,0,0.0,GIVE_UP,train,solvability-pair-0072340-try_again_n:0,0.0,solvability,0.0,0.0,1.0,-0.25
0.0,0.0,0.0,0.0,0.0,0.0,0.5,1,0.0,0.0,0.0,1.5,0.0,solvability-pair-0072341-try_again_m,0.5,2.0,0.0,2.0,0.0,try_again_m,8.0,0.0,0.5,2.0,0.5,-1.5,-1.5,1.0,0.0,0.0,0.0,0.0,0.6224593312018546,0.37754066879814546,solvability-pair-0072341,0.5,0.0,0.0,0.0,0.0,-1.5,0,0.0,TRY_AGAIN,train,solvability-pair-0072341-try_again_m:0,0.0,solvability,0.0,0.0,1.0,-1.5
1.0,0.0,0.0,0.0,0.0,1.0,0.6666666666666666,1,0.0,0.0,1.0,1.3333333333333335,0.0,solvability-pair-0072341-try_again_m,0.6666666666666666,2.0,0.0,2.0,0.6931471805599453,try_again_m,8.0,0.125,0.5,2.0,0.5,-1.5,-1.5,1.0,1.0,0.0,0.0,0.0,0.9980732653366725,0.0019267346633274755,solvability-pair-0072341,6.25,1.0,1.0,1.0,1.0,-1.3333333333333335,1,0.0,TRY_AGAIN,train,solvability-pair-0072341-try_again_m:1,1.0,solvability,0.0,0.0,1.0,-1.3333333333333335
1.0,1.0,0.0,0.0,0.0,2.0,0.75,1,0.0,0.0,2.0,1.25,0.0,solvability-pair-0072341-try_again_m,0.75,2.0,0.0,2.0,1.0986122886681098,try_again_m,8.0,0.25,0.5,2.0,0.5,-1.5,-1.5,-1.0,1.0,1.0,0.0,0.0,0.9465966702001757,0.053403329799824234,solvability-pair-0072341,2.875,1.0,1.0,2.0,2.0,-1.25,2,1.0,TRY_AGAIN,train,solvability-pair-0072341-try_again_m:2,2.0,solvability,0.0,0.0,1.0,-1.25
1.0,1.0,1.0,0.0,0.0,3.0,0.6,0,0.0,0.0,1.0,1.4,0.0,solvability-pair-0072341-try_again_m,0.6,2.0,1.0,2.0,1.3862943611198906,try_again_m,8.0,0.375,0.5,2.0,0.5,-1.5,-1.5,0.0,-1.0,1.0,1.0,0.0,0.4073334000459302,0.5926665999540697,solvability-pair-0072341,-0.375,1.0,-1.0,2.0,2.0,-1.4,3,1.0,GIVE_UP,train,solvability-pair-0072341-try_again_m:3,0.0,solvability,0.0,0.0,1.0,-1.4
0.0,0.0,0.0,0.0,0.0,0.0,0.5,1,0.0,0.0,0.0,1.5,0.0,solvability-pair-0072341-try_again_n,0.5,2.0,0.0,2.0,0.0,try_again_n,8.0,0.0,0.5,2.0,0.5,-1.5,-1.5,1.0,0.0,0.0,0.0,0.0,0.2689414213699951,0.7310585786300049,solvability-pair-0072341,-1.0,0.0,0.0,0.0,0.0,-1.5,0,0.0,TRY_AGAIN,train,solvability-pair-0072341-try_again_n:0,0.0,solvability,0.0,0.0,1.0,-1.5
1.0,0.0,0.0,0.0,0.0,1.0,0.6666666666666666,1,0.0,0.0,1.0,1.3333333333333335,0.0,solvability-pair-0072341-try_again_n,0.6666666666666666,2.0,0.0,2.0,0.6931471805599453,try_again_n,8.0,0.125,0.5,2.0,0.5,-1.5,-1.5,1.0,1.0,0.0,0.0,0.0,0.9980732653366725,0.0019267346633274755,solvability-pair-0072341,6.25,1.0,1.0,1.0,1.0,-1.3333333333333335,1,0.0,TRY_AGAIN,train,solvability-pair-0072341-try_again_n:1,1.0,solvability,0.0,0.0,1.0,-1.3333333333333335
1.0,1.0,0.0,0.0,0.0,2.0,0.75,1,0.0,0.0,2.0,1.25,0.0,solvability-pair-0072341-try_again_n,0.75,2.0,0.0,2.0,1.0986122886681098,try_again_n,8.0,0.25,0.5,2.0,0.5,-1.5,-1.5,-1.0,1.0,1.0,0.0,0.0,0.9626731126558706,0.037326887344129464,solvability-pair-0072341,3.25,1.0,1.0,2.0,2.0,-1.25,2,1.0,TRY_AGAIN,train,solvability-pair-0072341-try_again_n:2,2.0,solvability,0.0,0.0,1.0,-1.25
1.0,1.0,1.0,0.0,0.0,3.0,0.6,0,0.0,0.0,1.0,1.4,0.0,solvability-pair-0072341-try_again_n,0.6,2.0,1.0,2.0,1.3862943611198906,try_again_n,8.0,0.375,0.5,2.0,0.5,-1.5,-1.5,0.0,-1.0,1.0,1.0,0.0,0.34864513533394575,0.6513548646660542,solvability-pair-0072341,-0.625,1.0,-1.0,2.0,2.0,-1.4,3,1.0,GIVE_UP,train,solvability-pair-0072341-try_again_n:3,0.0,solvability,0.0,0.0,1.0,-1.4
0.0,0.0,0.0,0.0,0.0,0.0,0.5,1,0.0,0.0,0.0,-0.5,0.0,solvability-pair-0072342-try_again_m,0.5,0.0,0.0,0.0,0.0,try_again_m,8.0,0.0,0.5,0.0,0.5,0.5,0.5,-1.0,0.0,0.0,0.0,0.0,0.7549149868676283,0.24508501313237172,solvability-pair-0072342,1.125,0.0,0.0,0.0,0.0,0.5,0,0.0,TRY_AGAIN,train,solvability-pair-0072342-try_again_m:0,0.0,solvability,0.0,0.0,1.0,0.5
1.0,0.0,0.0,0.0,0.0,1.0,0.3333333333333333,0,0.0,0.0,-1.0,-0.3333333333333333,0.0,solvability-pair-0072342-try_again_m,0.3333333333333333,0.0,1.0,0.0,0.6931471805599453,try_again_m,8.0,0.125,0.5,0.0,0.5,0.5,0.5,0.0,-1.0,0.0,0.0,0.0,0.037326887344129464,0.9626731126558706,solvability-pair-0072342,-3.25,1.0,-1.0,0.0,0.0,0.3333333333333333,1,0.0,GIVE_UP,train,solvability-pair-0072342-try_again_m:1,0.0,solvability,0.0,0.0,1.0,0.3333333333333333
0.0,0.0,0.0,0.0,0.0,0.0,0.5,0,0.0,0.0,0.0,-0.5,0.0,solvability-pair-0072342-try_again_n,0.5,0.0,0.0,0.0,0.0,try_again_n,8.0,0.0,0.5,0.0,0.5,0.5,0.5,0.0,0.0,0.0,0.0,0.0,0.34864513533394575,0.6513548646660542,solvability-pair-0072342,-0.625,0.0,0.0,0.0,0.0,0.5,0,0.0,GIVE_UP,train,solvability-pair-0072342-try_again_n:0,0.0,solvability,0.0,0.0,1.0,0.5
0.0,0.0,0.0,0.0,0.0,0.0,0.25,1,0.0,0.0,0.0,-0.25,-1.0,solvability-pair-0072343-try_again_m,0.25,0.0,0.0,0.0,0.0,try_again_m,8.0,0.0,0.2,0.0,0.2,0.2,0.2,-1.0,0.0,0.0,0.0,0.0,0.5,0.5,solvability-pair-0072343,0.0,0.0,0.0,0.0,0.0,0.25,0,0.0,TRY_AGAIN,train,solvability-pair-0072343-try_again_m:0,0.0,solvability,0.0,0.0,1.0,0.25
1.0,0.0,0.0,0.0,0.0,1.0,0.16666666666666666,0,0.0,0.0,-1.0,-0.16666666666666666,-1.0,solvability-pair-0072343-try_again_m,0.16666666666666666,0.0,1.0,0.0,0.6931471805599453,try_again_m,8.0,0.125,0.2,0.0,0.2,0.2,0.2,0.0,-1.0,0.0,0.0,0.0,0.02595735719779685,0.9740426428022031,solvability-pair-0072343,-3.625,1.0,-1.0,0.0,0.0,0.16666666666666666,1,0.0,GIVE_UP,train,solvability-pair-0072343-try_again_m:1,0.0,solvability,0.0,0.0,1.0,0.16666666666666666
0.0,0.0,0.0,0.0,0.0,0.0,0.25,0,0.0,0.0,0.0,-0.25,-1.0,solvability-pair-0072343-try_again_n,0.25,0.0,0.0,0.0,0.0,try_again_n,8.0,0.0,0.2,0.0,0.2,0.2,0.2,0.0,0.0,0.0,0.0,0.0,0.22270013882530884,0.7772998611746911,solvability-pair-0072343,-1.25,0.0,0.0,0.0,0.0,0.25,0,0.0,GIVE_UP,train,solvability-pair-0072343-try_again_n:0,0.0,solvability,0.0,0.0,1.0,0.25
0.0,0.0,0.0,0.0,0.0,0.0,0.25,0,0.0,0.0,0.0,1.75,-1.0,solvability-pair-0072344-try_again_m,0.25,2.0,0.0,2.0,0.0,try_again_m,8.0,0.0,0.2,2.0,0.2,-1.8,-1.8,0.0,0.0,0.0,0.0,0.0,0.4073334000459302,0.5926665999540697,solvability-pair-0072344,-0.375,0.0,0.0,0.0,0.0,-1.75,0,0.0,GIVE_UP,train,solvability-pair-0072344-try_again_m:0,0.0,solvability,0.0,0.0,1.0,-1.75
0.0,0.0,0.0,0.0,0.0,0.0,0.25,0,0.0,0.0,0.0,1.75,-1.0,solvability-pair-0072344-try_again_n,0.25,2.0,0.0,2.0,0.0,try_again_n,8.0,0.0,0.2,2.0,0.2,-1.8,-1.8,0.0,0.0,0.0,0.0,0.0,0.20181322226037882,0.7981867777396212,solvability-pair-0072344,-1.375,0.0,0.0,0.0,0.0,-1.75,0,0.0,GIVE_UP,train,solvability-pair-0072344-try_again_n:0,0.0,solvability,0.0,0.0,1.0,-1.75
0.0,0.0,0.0,0.0,1.0,0.0,0.25,0,1.0,0.0,0.0,0.75,-1.0,solvability-pair-0072345-try_again_m,-0.75,0.0,0.0,0.0,0.0,try_again_m,8.0,0.0,-0.8,0.0,0.2,-0.8,-0.8,0.0,0.0,0.0,0.0,0.0,0.37754066879814546,0.6224593312018546,solvability-pair-0072345,-0.5,0.0,0.0,0.0,0.0,-0.75,0,0.0,GIVE_UP,train,solvability-pair-0072345-try_again_m:0,0.0,solvability,0.0,0.0,1.0,-0.75
0.0,0.0,0.0,0.0,1.0,0.0,0.25,0,1.0,0.0,0.0,0.75,-1.0,solvability-pair-0072345-try_again_n,-0.75,0.0,0.0,0.0,0.0,try_again_n,8.0,0.0,-0.8,0.0,0.2,-0.8,-0.8,0.0,0.0,0.0,0.0,0.0,0.22270013882530884,0.7772998611746911,solvability-pair-0072345,-1.25,0.0,0.0,0.0,0.0,-0.75,0,0.0,GIVE_UP,train,solvability-pair-0072345-try_again_n:0,0.0,solvability,0.0,0.0,1.0,-0.75
0.0,0.0,0.0,0.0,0.0,0.0,0.75,1,0.0,0.0,0.0,-0.75,1.0,solvability-pair-0072346-try_again_m,0.75,0.0,0.0,0.0,0.0,try_again_m,8.0,0.0,0.8,0.0,0.8,0.8,0.8,1.0,0.0,0.0,0.0,0.0,0.9840936082881853,0.01590639171181471,solvability-pair-0072346,4.125,0.0,0.0,0.0,0.0,0.75,0,0.0,TRY_AGAIN,train,solvability-pair-0072346-try_again_m:0,0.0,solvability,0.0,0.0,1.0,0.75
1.0,0.0,0.0,0.0,0.0,1.0,0.8333333333333334,1,0.0,0.0,1.0,-0.8333333333333334,1.0,solvability-pair-0072346-try_again_m,0.8333333333333334,0.0,0.0,0.0,0.6931471805599453,try_again_m,8.0,0.125,0.8,0.0,0.8,0.8,0.8,1.0,1.0,0.0,0.0,0.0,0.9997965730219448,0.0002034269780552065,solvability-pair-0072346,8.5,1.0,1.0,1.0,1.0,0.8333333333333334,1,0.0,TRY_AGAIN,train,solvability-pair-0072346-try_again_m:1,1.0,solvability,0.0,0.0,1.0,0.8333333333333334
1.0,1.0,0.0,0.0,0.0,2.0,0.875,1,0.0,0.0,2.0,-0.875,1.0,solvability-pair-0072346-try_again_m,0.875,0.0,0.0,0.0,1.0986122886681098,try_again_m,8.0,0.25,0.8,0.0,0.8,0.8,0.8,1.0,1.0,1.0,0.0,0.0,0.9968273171575148,0.0031726828424851893,solvability-pair-0072346,5.75,1.0,1.0,2.0,2.0,0.875,2,1.0,TRY_AGAIN,train,solvability-pair-0072346-try_again_m:2,2.0,solvability,0.0,0.0,1.0,0.875
1.0,1.0,1.0,0.0,0.0,3.0,0.9,1,0.0,0.0,3.0,-0.9,1.0,solvability-pair-0072346-try_again_m,0.9,0.0,0.0,0.0,1.3862943611198906,try_again_m,8.0,0.375,0.8,0.0,0.8,0.8,0.8,1.0,1.0,1.0,1.0,0.0,0.9940889311437562,0.005911068856243796,solvability-pair-0072346,5.125,1.0,1.0,3.0,3.0,0.9,3,1.0,TRY_AGAIN,train,solvability-pair-0072346-try_again_m:3,3.0,solvability,0.0,0.0,1.0,0.9
1.0,1.0,1.0,0.0,0.0,4.0,0.9166666666666666,1,0.0,0.0,4.0,-0.9166666666666666,1.0,solvability-pair-0072346-try_again_m,0.9166666666666666,0.0,0.0,0.0,1.6094379124341003,try_again_m,8.0,0.5,0.8,0.0,0.8,0.8,0.8,1.0,1.0,1.0,1.0,0.0,0.9706877692486436,0.029312230751356316,solvability-pair-0072346,3.5,1.0,1.0,4.0,4.0,0.9166666666666666,4,1.0,TRY_AGAIN,train,solvability-pair-0072346-try_again_m:4,4.0,solvability,0.0,0.0,1.0,0.9166666666666666
1.0,1.0,1.0,1.0,0.0,5.0,0.9285714285714286,1,0.0,0.0,5.0,-0.9285714285714286,1.0,solvability-pair-0072346-try_again_m,0.9285714285714286,0.0,0.0,0.0,1.791759469228055,try_again_m,8.0,0.625,0.8,0.0,0.8,0.8,0.8,1.0,1.0,1.0,1.0,1.0,0.9324533088603709,0.0675466911396291,solvability-pair-0072346,2.625,1.0,1.0,5.0,5.0,0.9285714285714286,5,1.0,TRY_AGAIN,train,solvability-pair-0072346-try_again_m:5,5.0,solvability,0.0,0.0,1.0,0.9285714285714286
1.0,1.0,1.0,1.0,0.0,6.0,0.9375,0,0.0,0.0,6.0,-0.9375,1.0,solvability-pair-0072346-try_again_m,0.9375,0.0,0.0,0.0,1.9459101490553132,try_again_m,8.0,0.75,0.8,0.0,0.8,0.8,0.8,0.0,1.0,1.0,1.0,1.0,0.9046505351008906,0.0953494648991095,solvability-pair-0072346,2.25,1.0,1.0,6.0,6.0,0.9375,6,1.0,GIVE_UP,train,solvability-pair-0072346-try_again_m:6,6.0,solvability,0.0,0.0,1.0,0.9375
0.0,0.0,0.0,0.0,0.0,0.0,0.75,1,0.0,0.0,0.0,-0.75,1.0,solvability-pair-0072346-try_again_n,0.75,0.0,0.0,0.0,0.0,try_again_n,8.0,0.0,0.8,0.0,0.8,0.8,0.8,1.0,0.0,0.0,0.0,0.0,0.8175744761936437,0.18242552380635632,solvability-pair-0072346,1.5,0.0,0.0,0.0,0.0,0.75,0,0.0,TRY_AGAIN,train,solvability-pair-0072346-try_again_n:0,0.0,solvability,0.0,0.0,1.0,0.75
1.0,0.0,0.0,0.0,0.0,1.0,0.8333333333333334,1,0.0,0.0,1.0,-0.8333333333333334,1.0,solvability-pair-0072346-try_again_n,0.8333333333333334,0.0,0.0,0.0,0.6931471805599453,try_again_n,8.0,0.125,0.8,0.0,0.8,0.8,0.8,1.0,1.0,0.0,0.0,0.0,0.9999251537724895,7.484622751061124e-05,solvability-pair-0072346,9.5,1.0,1.0,1.0,1.0,0.8333333333333334,1,0.0,TRY_AGAIN,train,solvability-pair-0072346-try_again_n:1,1.0,solvability,0.0,0.0,1.0,0.8333333333333334
1.0,1.0,0.0,0.0,0.0,2.0,0.875,1,0.0,0.0,2.0,-0.875,1.0,solvability-pair-0072346-try_again_n,0.875,0.0,0.0,0.0,1.0986122886681098,try_again_n,8.0,0.25,0.8,0.0,0.8,0.8,0.8,1.0,1.0,1.0,0.0,0.0,0.9990889488055994,0.0009110511944006454,solvability-pair-0072346,7.0,1.0,1.0,2.0,2.0,0.875,2,1.0,TRY_AGAIN,train,solvability-pair-0072346-try_again_n:2,2.0,solvability,0.0,0.0,1.0,0.875
1.0,1.0,1.0,0.0,0.0,3.0,0.9,1,0.0,0.0,3.0,-0.9,1.0,solvability-pair-0072346-try_again_n,0.9,0.0,0.0,0.0,1.3862943611198906,try_again_n,8.0,0.375,0.8,0.0,0.8,0.8,0.8,1.0,1.0,1.0,1.0,0.0,0.9980732653366725,0.0019267346633274755,solvability-pair-0072346,6.25,1.0,1.0,3.0,3.0,0.9,3,1.0,TRY_AGAIN,train,solvability-pair-0072346-try_again_n:3,3.0,solvability,0.0,0.0,1.0,0.9
1.0,1.0,1.0,0.0,0.0,4.0,0.9166666666666666,1,0.0,0.0,4.0,-0.9166666666666666,1.0,solvability-pair-0072346-try_again_n,0.9166666666666666,0.0,0.0,0.0,1.6094379124341003,try_again_n,8.0,0.5,0.8,0.0,0.8,0.8,0.8,1.0,1.0,1.0,1.0,0.0,0.9796676466573412,0.020332353342658753,solvability-pair-0072346,3.875,1.0,1.0,4.0,4.0,0.9166666666666666,4,1.0,TRY_AGAIN,train,solvability-pair-0072346-try_again_n:4,4.0,solvability,0.0,0.0,1.0,0.9166666666666666
1.0,1.0,1.0,1.0,0.0,5.0,0.9285714285714286,1,0.0,0.0,5.0,-0.9285714285714286,1.0,solvability-pair-0072346-try_again_n,0.9285714285714286,0.0,0.0,0.0,1.791759469228055,try_again_n,8.0,0.625,0.8,0.0,0.8,0.8,0.8,1.0,1.0,1.0,1.0,1.0,0.9465966702001757,0.053403329799824234,solvability-pair-0072346,2.875,1.0,1.0,5.0,5.0,0.9285714285714286,5,1.0,TRY_AGAIN,train,solvability-pair-0072346-try_again_n:5,5.0,solvability,0.0,0.0,1.0,0.9285714285714286
1.0,1.0,1.0,1.0,0.0,6.0,0.9375,0,0.0,0.0,6.0,-0.9375,1.0,solvability-pair-0072346-try_again_n,0.9375,0.0,0.0,0.0,1.9459101490553132,try_again_n,8.0,0.75,0.8,0.0,0.8,0.8,0.8,0.0,1.0,1.0,1.0,1.0,0.8933094060543487,0.10669059394565118,solvability-pair-0072346,2.125,1.0,1.0,6.0,6.0,0.9375,6,1.0,GIVE_UP,train,solvability-pair-0072346-try_again_n:6,6.0,solvability,0.0,0.0,1.0,0.9375
0.0,0.0,0.0,0.0,1.0,0.0,0.75,1,1.0,0.0,0.0,2.25,1.0,solvability-pair-0072347-try_again_m,-0.25,2.0,0.0,2.0,0.0,try_again_m,8.0,0.0,-0.19999999999999996,2.0,0.8,-2.2,-2.2,1.0,0.0,0.0,0.0,0.0,0.9399133498259924,0.06008665017400762,solvability-pair-0072347,2.75,0.0,0.0,0.0,0.0,-2.25,0,0.0,TRY_AGAIN,train,solvability-pair-0072347-try_again_m:0,0.0,solvability,0.0,0.0,1.0,-2.25
1.0,0.0,0.0,0.0,1.0,1.0,0.8333333333333334,1,1.0,1.0,1.0,2.1666666666666665,1.0,solvability-pair-0072347-try_again_m,-0.16666666666666663,2.0,0.0,2.0,0.6931471805599453,try_again_m,8.0,0.125,-0.19999999999999996,2.0,0.8,-2.2,-2.2,1.0,1.0,0.0,0.0,0.0,0.9993736658418905,0.0006263341581094201,solvability-pair-0072347,7.375,1.0,1.0,1.0,1.0,-2.1666666666666665,1,0.0,TRY_AGAIN,train,solvability-pair-0072347-try_again_m:1,1.0,solvability,0.0,0.0,1.0,-2.1666666666666665
1.0,1.0,0.0,0.0,1.0,2.0,0.875,1,1.0,2.0,2.0,2.125,1.0,solvability-pair-0072347-try_again_m,-0.125,2.0,0.0,2.0,1.0986122886681098,try_again_m,8.0,0.25,-0.19999999999999996,2.0,0.8,-2.2,-2.2,1.0,1.0,1.0,0.0,0.0,0.9770226300899744,0.02297736991002561,solvability-pair-0072347,3.75,1.0,1.0,2.0,2.0,-2.125,2,1.0,TRY_AGAIN,train,solvability-pair-0072347-try_again_m:2,2.0,solvability,0.0,0.0,1.0,-2.125
1.0,1.0,1.0,0.0,1.0,3.0,0.9,1,1.0,3.0,3.0,2.1,1.0,solvability-pair-0072347-try_again_m,-0.09999999999999998,2.0,0.0,2.0,1.3862943611198906,try_again_m,8.0,0.375,-0.19999999999999996,2.0,0.8,-2.2,-2.2,1.0,1.0,1.0,1.0,0.0,0.9399133498259924,0.06008665017400762,solvability-pair-0072347,2.75,1.0,1.0,3.0,3.0,-2.1,3,1.0,TRY_AGAIN,train,solvability-pair-0072347-try_again_m:3,3.0,solvability,0.0,0.0,1.0,-2.1
1.0,1.0,1.0,0.0,1.0,4.0,0.9166666666666666,1,1.0,4.0,4.0,2.0833333333333335,1.0,solvability-pair-0072347-try_again_m,-0.08333333333333337,2.0,0.0,2.0,1.6094379124341003,try_again_m,8.0,0.5,-0.19999999999999996,2.0,0.8,-2.2,-2.2,1.0,1.0,1.0,1.0,0.0,0.8354835371034369,0.1645164628965632,solvability-pair-0072347,1.625,1.0,1.0,4.0,4.0,-2.0833333333333335,4,1.0,TRY_AGAIN,train,solvability-pair-0072347-try_again_m:4,4.0,solvability,0.0,0.0,1.0,-2.0833333333333335
1.0,1.0,1.0,1.0,1.0,5.0,0.9285714285714286,1,1.0,5.0,5.0,2.071428571428571,1.0,solvability-pair-0072347-try_again_m,-0.0714285714285714,2.0,0.0,2.0,1.791759469228055,try_again_m,8.0,0.625,-0.19999999999999996,2.0,0.8,-2.2,-2.2,1.0,1.0,1.0,1.0,1.0,0.7057850278370112,0.29421497216298875,solvability-pair-0072347,0.875,1.0,1.0,5.0,5.0,-2.071428571428571,5,1.0,TRY_AGAIN,train,solvability-pair-0072347-try_again_m:5,5.0,solvability,0.0,0.0,1.0,-2.071428571428571
1.0,1.0,1.0,1.0,1.0,6.0,0.9375,0,1.0,6.0,6.0,2.0625,1.0,solvability-pair-0072347-try_again_m,-0.0625,2.0,0.0,2.0,1.9459101490553132,try_again_m,8.0,0.75,-0.19999999999999996,2.0,0.8,-2.2,-2.2,0.0,1.0,1.0,1.0,1.0,0.679178699175393,0.32082130082460697,solvability-pair-0072347,0.75,1.0,1.0,6.0,6.0,-2.0625,6,1.0,GIVE_UP,train,solvability-pair-0072347-try_again_m:6,6.0,solvability,0.0,0.0,1.0,-2.0625
0.0,0.0,0.0,0.0,1.0,0.0,0.75,1,1.0,0.0,0.0,2.25,1.0,solvability-pair-0072347-try_again_n,-0.25,2.0,0.0,2.0,0.0,try_again_n,8.0,0.0,-0.19999999999999996,2.0,0.8,-2.2,-2.2,1.0,0.0,0.0,0.0,0.0,0.679178699175393,0.32082130082460697,solvability-pair-0072347,0.75,0.0,0.0,0.0,0.0,-2.25,0,0.0,TRY_AGAIN,train,solvability-pair-0072347-try_again_n:0,0.0,solvability,0.0,0.0,1.0,-2.25
1.0,0.0,0.0,0.0,1.0,1.0,0.8333333333333334,1,1.0,1.0,1.0,2.1666666666666665,1.0,solvability-pair-0072347-try_again_n,-0.16666666666666663,2.0,0.0,2.0,0.6931471805599453,try_again_n,8.0,0.125,-0.19999999999999996,2.0,0.8,-2.2,-2.2,1.0,1.0,0.0,0.0,0.0,0.9995694429186754,0.00043055708132461493,solvability-pair-0072347,7.75,1.0,1.0,1.0,1.0,-2.1666666666666665,1,0.0,TRY_AGAIN,train,solvability-pair-0072347-try_again_n:1,1.0,solvability,0.0,0.0,1.0,-2.1666666666666665
1.0,1.0,0.0,0.0,1.0,2.0,0.875,1,1.0,2.0,2.0,2.125,1.0,solvability-pair-0072347-try_again_n,-0.125,2.0,0.0,2.0,1.0986122886681098,try_again_n,8.0,0.25,-0.19999999999999996,2.0,0.8,-2.2,-2.2,1.0,1.0,1.0,0.0,0.0,0.9933071490757153,0.006692850924284856,solvability-pair-0072347,5.0,1.0,1.0,2.0,2.0,-2.125,2,1.0,TRY_AGAIN,train,solvability-pair-0072347-try_again_n:2,2.0,solvability,0.0,0.0,1.0,-2.125
1.0,1.0,1.0,0.0,1.0,3.0,0.9,1,1.0,3.0,3.0,2.1,1.0,solvability-pair-0072347-try_again_n,-0.09999999999999998,2.0,0.0,2.0,1.3862943611198906,try_again_n,8.0,0.375,-0.19999999999999996,2.0,0.8,-2.2,-2.2,1.0,1.0,1.0,1.0,0.0,0.9796676466573412,0.020332353342658753,solvability-pair-0072347,3.875,1.0,1.0,3.0,3.0,-2.1,3,1.0,TRY_AGAIN,train,solvability-pair-0072347-try_again_n:3,3.0,solvability,0.0,0.0,1.0,-2.1
1.0,1.0,1.0,0.0,1.0,4.0,0.9166666666666666,1,1.0,4.0,4.0,2.0833333333333335,1.0,solvability-pair-0072347-try_again_n,-0.08333333333333337,2.0,0.0,2.0,1.6094379124341003,try_again_n,8.0,0.5,-0.19999999999999996,2.0,0.8,-2.2,-2.2,1.0,1.0,1.0,1.0,0.0,0.8670357598021706,0.13296424019782924,solvability-pair-0072347,1.875,1.0,1.0,4.0,4.0,-2.0833333333333335,4,1.0,TRY_AGAIN,train,solvability-pair-0072347-try_again_n:4,4.0,solvability,0.0,0.0,1.0,-2.0833333333333335
1.0,1.0,1.0,1.0,1.0,5.0,0.9285714285714286,1,1.0,5.0,5.0,2.071428571428571,1.0,solvability-pair-0072347-try_again_n,-0.0714285714285714,2.0,0.0,2.0,1.791759469228055,try_again_n,8.0,0.625,-0.19999999999999996,2.0,0.8,-2.2,-2.2,1.0,1.0,1.0,1.0,1.0,0.679178699175393,0.32082130082460697,solvability-pair-0072347,0.75,1.0,1.0,5.0,5.0,-2.071428571428571,5,1.0,TRY_AGAIN,train,solvability-pair-0072347-try_again_n:5,5.0,solvability,0.0,0.0,1.0,-2.071428571428571
1.0,1.0,1.0,1.0,1.0,6.0,0.9375,0,1.0,6.0,6.0,2.0625,1.0,solvability-pair-0072347-try_again_n,-0.0625,2.0,0.0,2.0,1.9459101490553132,try_again_n,8.0,0.75,-0.19999999999999996,2.0,0.8,-2.2,-2.2,0.0,1.0,1.0,1.0,1.0,0.679178699175393,0.32082130082460697,solvability-pair-0072347,0.75,1.0,1.0,6.0,6.0,-2.0625,6,1.0,GIVE_UP,train,solvability-pair-0072347-try_again_n:6,6.0,solvability,0.0,0.0,1.0,-2.0625
0.0,0.0,0.0,0.0,0.0,0.0,0.75,1,0.0,0.0,0.0,1.25,1.0,solvability-pair-0072348-try_again_m,0.75,2.0,0.0,2.0,0.0,try_again_m,8.0,0.0,0.8,2.0,0.8,-1.2,-1.2,-1.0,0.0,0.0,0.0,0.0,0.9770226300899744,0.02297736991002561,solvability-pair-0072348,3.75,0.0,0.0,0.0,0.0,-1.25,0,0.0,TRY_AGAIN,validation,solvability-pair-0072348-try_again_m:0,0.0,solvability,0.0,0.0,1.0,-1.25
1.0,0.0,0.0,0.0,0.0,1.0,0.5,0,0.0,0.0,-1.0,1.5,1.0,solvability-pair-0072348-try_again_m,0.5,2.0,1.0,2.0,0.6931471805599453,try_again_m,8.0,0.125,0.8,2.0,0.8,-1.2,-1.2,0.0,-1.0,0.0,0.0,0.0,0.0953494648991095,0.9046505351008906,solvability-pair-0072348,-2.25,1.0,-1.0,0.0,0.0,-1.5,1,0.0,GIVE_UP,validation,solvability-pair-0072348-try_again_m:1,0.0,solvability,0.0,0.0,1.0,-1.5
0.0,0.0,0.0,0.0,0.0,0.0,0.75,1,0.0,0.0,0.0,1.25,1.0,solvability-pair-0072348-try_again_n,0.75,2.0,0.0,2.0,0.0,try_again_n,8.0,0.0,0.8,2.0,0.8,-1.2,-1.2,-1.0,0.0,0.0,0.0,0.0,0.7772998611746911,0.22270013882530884,solvability-pair-0072348,1.25,0.0,0.0,0.0,0.0,-1.25,0,0.0,TRY_AGAIN,validation,solvability-pair-0072348-try_again_n:0,0.0,solvability,0.0,0.0,1.0,-1.25
1.0,0.0,0.0,0.0,0.0,1.0,0.5,0,0.0,0.0,-1.0,1.5,1.0,solvability-pair-0072348-try_again_n,0.5,2.0,1.0,2.0,0.6931471805599453,try_again_n,8.0,0.125,0.8,2.0,0.8,-1.2,-1.2,0.0,-1.0,0.0,0.0,0.0,0.0953494648991095,0.9046505351008906,solvability-pair-0072348,-2.25,1.0,-1.0,0.0,0.0,-1.5,1,0.0,GIVE_UP,validation,solvability-pair-0072348-try_again_n:1,0.0,solvability,0.0,0.0,1.0,-1.5
0.0,0.0,0.0,0.0,1.0,0.0,0.5,1,1.0,0.0,0.0,2.5,0.0,solvability-pair-0072349-try_again_m,-0.5,2.0,0.0,2.0,0.0,try_again_m,8.0,0.0,-0.5,2.0,0.5,-2.5,-2.5,-1.0,0.0,0.0,0.0,0.0,0.46879062662624377,0.5312093733737563,solvability-pair-0072349,-0.125,0.0,0.0,0.0,0.0,-2.5,0,0.0,TRY_AGAIN,train,solvability-pair-0072349-try_again_m:0,0.0,solvability,0.0,0.0,1.0,-2.5
1.0,0.0,0.0,0.0,1.0,1.0,0.3333333333333333,0,1.0,1.0,-1.0,2.666666666666667,0.0,solvability-pair-0072349-try_again_m,-0.6666666666666667,2.0,1.0,2.0,0.6931471805599453,try_again_m,8.0,0.125,-0.5,2.0,0.5,-2.5,-2.5,0.0,-1.0,0.0,0.0,0.0,0.04208772791561884,0.9579122720843811,solvability-pair-0072349,-3.125,1.0,-1.0,0.0,0.0,-2.666666666666667,1,0.0,GIVE_UP,train,solvability-pair-0072349-try_again_m:1,0.0,solvability,0.0,0.0,1.0,-2.666666666666667
0.0,0.0,0.0,0.0,1.0,0.0,0.5,0,1.0,0.0,0.0,2.5,0.0,solvability-pair-0072349-try_again_n,-0.5,2.0,0.0,2.0,0.0,try_again_n,8.0,0.0,-0.5,2.0,0.5,-2.5,-2.5,0.0,0.0,0.0,0.0,0.0,0.22270013882530884,0.7772998611746911,solvability-pair-0072349,-1.25,0.0,0.0,0.0,0.0,-2.5,0,0.0,GIVE_UP,train,solvability-pair-0072349-try_again_n:0,0.0,solvability,0.0,0.0,1.0,-2.5
0.0,0.0,0.0,0.0,1.0,0.0,0.5,0,1.0,0.0,0.0,0.5,0.0,solvability-pair-0072350-try_again_m,-0.5,0.0,0.0,0.0,0.0,try_again_m,8.0,0.0,-0.5,0.0,0.5,-0.5,-0.5,0.0,0.0,0.0,0.0,0.0,0.5621765008857981,0.4378234991142019,solvability-pair-0072350,0.25,0.0,0.0,0.0,0.0,-0.5,0,0.0,GIVE_UP,validation,solvability-pair-0072350-try_again_m:0,0.0,solvability,0.0,0.0,1.0,-0.5
0.0,0.0,0.0,0.0,1.0,0.0,0.5,0,1.0,0.0,0.0,0.5,0.0,solvability-pair-0072350-try_again_n,-0.5,0.0,0.0,0.0,0.0,try_again_n,8.0,0.0,-0.5,0.0,0.5,-0.5,-0.5,0.0,0.0,0.0,0.0,0.0,0.2689414213699951,0.7310585786300049,solvability-pair-0072350,-1.0,0.0,0.0,0.0,0.0,-0.5,0,0.0,GIVE_UP,validation,solvability-pair-0072350-try_again_n:0,0.0,solvability,0.0,0.0,1.0,-0.5
0.0,0.0,0.0,0.0,1.0,0.0,0.25,0,1.0,0.0,0.0,2.75,-1.0,solvability-pair-0072351-try_again_m,-0.75,2.0,0.0,2.0,0.0,try_again_m,8.0,0.0,-0.8,2.0,0.2,-2.8,-2.8,0.0,0.0,0.0,0.0,0.0,0.32082130082460697,0.679178699175393,solvability-pair-0072351,-0.75,0.0,0.0,0.0,0.0,-2.75,0,0.0,GIVE_UP,train,solvability-pair-0072351-try_again_m:0,0.0,solvability,0.0,0.0,1.0,-2.75
0.0,0.0,0.0,0.0,1.0,0.0,0.25,0,1.0,0.0,0.0,2.75,-1.0,solvability-pair-0072351-try_again_n,-0.75,2.0,0.0,2.0,0.0,try_again_n,8.0,0.0,-0.8,2.0,0.2,-2.8,-2.8,0.0,0.0,0.0,0.0,0.0,0.18242552380635632,0.8175744761936437,solvability-pair-0072351,-1.5,0.0,0.0,0.0,0.0,-2.75,0,0.0,GIVE_UP,train,solvability-pair-0072351-try_again_n:0,0.0,solvability,0.0,0.0,1.0,-2.75
0.0,0.0,0.0,0.0,1.0,0.0,0.75,1,1.0,0.0,0.0,0.25,1.0,solvability-pair-0072352-try_again_m,-0.25,0.0,0.0,0.0,0.0,try_again_m,8.0,0.0,-0.19999999999999996,0.0,0.8,-0.19999999999999996,-0.19999999999999996,-1.0,0.0,0.0,0.0,0.0,0.9626731126558706,0.037326887344129464,solvability-pair-0072352,3.25,0.0,0.0,0.0,0.0,-0.25,0,0.0,TRY_AGAIN,train,solvability-pair-0072352-try_again_m:0,0.0,solvability,0.0,0.0,1.0,-0.25
1.0,0.0,0.0,0.0,1.0,1.0,0.5,0,1.0,1.0,-1.0,0.5,1.0,solvability-pair-0072352-try_again_m,-0.5,0.0,1.0,0.0,0.6931471805599453,try_again_m,8.0,0.125,-0.19999999999999996,0.0,0.8,-0.19999999999999996,-0.19999999999999996,0.0,-1.0,0.0,0.0,0.0,0.06008665017400762,0.9399133498259924,solvability-pair-0072352,-2.75,1.0,-1.0,0.0,0.0,-0.5,1,0.0,GIVE_UP,train,solvability-pair-0072352-try_again_m:1,0.0,solvability,0.0,0.0,1.0,-0.5
0.0,0.0,0.0,0.0,1.0,0.0,0.75,1,1.0,0.0,0.0,0.25,1.0,solvability-pair-0072352-try_again_n,-0.25,0.0,0.0,0.0,0.0,try_again_n,8.0,0.0,-0.19999999999999996,0.0,0.8,-0.19999999999999996,-0.19999999999999996,-1.0,0.0,0.0,0.0,0.0,0.7549149868676283,0.24508501313237172,solvability-pair-0072352,1.125,0.0,0.0,0.0,0.0,-0.25,0,0.0,TRY_AGAIN,train,solvability-pair-0072352-try_again_n:0,0.0,solvability,0.0,0.0,1.0,-0.25
1.0,0.0,0.0,0.0,1.0,1.0,0.5,0,1.0,1.0,-1.0,0.5,1.0,solvability-pair-0072352-try_again_n,-0.5,0.0,1.0,0.0,0.6931471805599453,try_again_n,8.0,0.125,-0.19999999999999996,0.0,0.8,-0.19999999999999996,-0.19999999999999996,0.0,-1.0,0.0,0.0,0.0,0.08509904500702024,0.9149009549929797,solvability-pair-0072352,-2.375,1.0,-1.0,0.0,0.0,-0.5,1,0.0,GIVE_UP,train,solvability-pair-0072352-try_again_n:1,0.0,solvability,0.0,0.0,1.0,-0.5
0.0,0.0,0.0,0.0,0.0,0.0,0.5,1,0.0,0.0,0.0,1.5,0.0,solvability-pair-0072353-try_again_m,0.5,2.0,0.0,2.0,0.0,try_again_m,8.0,0.0,0.5,2.0,0.5,-1.5,-1.5,-1.0,0.0,0.0,0.0,0.0,0.6224593312018546,0.37754066879814546,solvability-pair-0072353,0.5,0.0,0.0,0.0,0.0,-1.5,0,0.0,TRY_AGAIN,train,solvability-pair-0072353-try_again_m:0,0.0,solvability,0.0,0.0,1.0,-1.5
1.0,0.0,0.0,0.0,0.0,1.0,0.3333333333333333,0,0.0,0.0,-1.0,1.6666666666666667,0.0,solvability-pair-0072353-try_again_m,0.3333333333333333,2.0,1.0,2.0,0.6931471805599453,try_again_m,8.0,0.125,0.5,2.0,0.5,-1.5,-1.5,0.0,-1.0,0.0,0.0,0.0,0.04208772791561884,0.9579122720843811,solvability-pair-0072353,-3.125,1.0,-1.0,0.0,0.0,-1.6666666666666667,1,0.0,GIVE_UP,train,solvability-pair-0072353-try_again_m:1,0.0,solvability,0.0,0.0,1.0,-1.6666666666666667
0.0,0.0,0.0,0.0,0.0,0.0,0.5,0,0.0,0.0,0.0,1.5,0.0,solvability-pair-0072353-try_again_n,0.5,2.0,0.0,2.0,0.0,try_again_n,8.0,0.0,0.5,2.0,0.5,-1.5,-1.5,0.0,0.0,0.0,0.0,0.0,0.2689414213699951,0.7310585786300049,solvability-pair-0072353,-1.0,0.0,0.0,0.0,0.0,-1.5,0,0.0,GIVE_UP,train,solvability-pair-0072353-try_again_n:0,0.0,solvability,0.0,0.0,1.0,-1.5
0.0,0.0,0.0,0.0,0.0,0.0,0.5,1,0.0,0.0,0.0,-0.5,0.0,solvability-pair-0072354-try_again_m,0.5,0.0,0.0,0.0,0.0,try_again_m,8.0,0.0,0.5,0.0,0.5,0.5,0.5,1.0,0.0,0.0,0.0,0.0,0.7549149868676283,0.24508501313237172,solvability-pair-0072354,1.125,0.0,0.0,0.0,0.0,0.5,0,0.0,TRY_AGAIN,train,solvability-pair-0072354-try_again_m:0,0.0,solvability,0.0,0.0,1.0,0.5
1.0,0.0,0.0,0.0,0.0,1.0,0.6666666666666666,1,0.0,0.0,1.0,-0.6666666666666666,0.0,solvability-pair-0072354-try_again_m,0.6666666666666666,0.0,0.0,0.0,0.6931471805599453,try_again_m,8.0,0.125,0.5,0.0,0.5,0.5,0.5,-1.0,1.0,0.0,0.0,0.0,0.9989677689632452,0.0010322310367548194,solvability-pair-0072354,6.875,1.0,1.0,1.0,1.0,0.6666666666666666,1,0.0,TRY_AGAIN,train,solvability-pair-0072354-try_again_m:1,1.0,solvability,0.0,0.0,1.0,0.6666666666666666
1.0,1.0,0.0,0.0,0.0,2.0,0.5,1,0.0,0.0,0.0,-0.5,0.0,solvability-pair-0072354-try_again_m,0.5,0.0,1.0,0.0,1.0986122886681098,try_again_m,8.0,0.25,0.5,0.0,0.5,0.5,0.5,-1.0,-1.0,1.0,0.0,0.0,0.7549149868676283,0.24508501313237172,solvability-pair-0072354,1.125,1.0,-1.0,1.0,1.0,0.5,2,1.0,TRY_AGAIN,train,solvability-pair-0072354-try_again_m:2,0.0,solvability,0.0,0.0,1.0,0.5
1.0,1.0,1.0,0.0,0.0,3.0,0.4,1,0.0,0.0,-1.0,-0.4,0.0,solvability-pair-0072354-try_again_m,0.4,0.0,2.0,0.0,1.3862943611198906,try_again_m,8.0,0.375,0.5,0.0,0.5,0.5,0.5,-1.0,-1.0,-1.0,1.0,0.0,0.29421497216298875,0.7057850278370112,solvability-pair-0072354,-0.875,1.0,-1.0,1.0,1.0,0.4,3,1.0,TRY_AGAIN,train,solvability-pair-0072354-try_again_m:3,0.0,solvability,0.0,0.0,1.0,0.4
1.0,1.0,1.0,0.0,0.0,4.0,0.3333333333333333,0,0.0,0.0,-2.0,-0.3333333333333333,0.0,solvability-pair-0072354-try_again_m,0.3333333333333333,0.0,3.0,0.0,1.6094379124341003,try_again_m,8.0,0.5,0.5,0.0,0.5,0.5,0.5,0.0,-1.0,-1.0,-1.0,0.0,0.20181322226037882,0.7981867777396212,solvability-pair-0072354,-1.375,1.0,-1.0,1.0,1.0,0.3333333333333333,4,1.0,GIVE_UP,train,solvability-pair-0072354-try_again_m:4,0.0,solvability,0.0,0.0,1.0,0.3333333333333333
0.0,0.0,0.0,0.0,0.0,0.0,0.5,0,0.0,0.0,0.0,-0.5,0.0,solvability-pair-0072354-try_again_n,0.5,0.0,0.0,0.0,0.0,try_again_n,8.0,0.0,0.5,0.0,0.5,0.5,0.5,0.0,0.0,0.0,0.0,0.0,0.34864513533394575,0.6513548646660542,solvability-pair-0072354,-0.625,0.0,0.0,0.0,0.0,0.5,0,0.0,GIVE_UP,train,solvability-pair-0072354-try_again_n:0,0.0,solvability,0.0,0.0,1.0,0.5
0.0,0.0,0.0,0.0,0.0,0.0,0.25,0,0.0,0.0,0.0,-0.25,-1.0,solvability-pair-0072355-try_again_m,0.25,0.0,0.0,0.0,0.0,try_again_m,8.0,0.0,0.2,0.0,0.2,0.2,0.2,0.0,0.0,0.0,0.0,0.0,0.5,0.5,solvability-pair-0072355,0.0,0.0,0.0,0.0,0.0,0.25,0,0.0,GIVE_UP,train,solvability-pair-0072355-try_again_m:0,0.0,solvability,0.0,0.0,1.0,0.25
0.0,0.0,0.0,0.0,0.0,0.0,0.25,0,0.0,0.0,0.0,-0.25,-1.0,solvability-pair-0072355-try_again_n,0.25,0.0,0.0,0.0,0.0,try_again_n,8.0,0.0,0.2,0.0,0.2,0.2,0.2,0.0,0.0,0.0,0.0,0.0,0.22270013882530884,0.7772998611746911,solvability-pair-0072355,-1.25,0.0,0.0,0.0,0.0,0.25,0,0.0,GIVE_UP,train,solvability-pair-0072355-try_again_n:0,0.0,solvability,0.0,0.0,1.0,0.25
0.0,0.0,0.0,0.0,0.0,0.0,0.25,1,0.0,0.0,0.0,1.75,-1.0,solvability-pair-0072356-try_again_m,0.25,2.0,0.0,2.0,0.0,try_again_m,8.0,0.0,0.2,2.0,0.2,-1.8,-1.8,-1.0,0.0,0.0,0.0,0.0,0.4073334000459302,0.5926665999540697,solvability-pair-0072356,-0.375,0.0,0.0,0.0,0.0,-1.75,0,0.0,TRY_AGAIN,test,solvability-pair-0072356-try_again_m:0,0.0,solvability,0.0,0.0,1.0,-1.75
1.0,0.0,0.0,0.0,0.0,1.0,0.16666666666666666,0,0.0,0.0,-1.0,1.8333333333333333,-1.0,solvability-pair-0072356-try_again_m,0.16666666666666666,2.0,1.0,2.0,0.6931471805599453,try_again_m,8.0,0.125,0.2,2.0,0.2,-1.8,-1.8,0.0,-1.0,0.0,0.0,0.0,0.033085978388704126,0.9669140216112958,solvability-pair-0072356,-3.375,1.0,-1.0,0.0,0.0,-1.8333333333333333,1,0.0,GIVE_UP,test,solvability-pair-0072356-try_again_m:1,0.0,solvability,0.0,0.0,1.0,-1.8333333333333333
0.0,0.0,0.0,0.0,0.0,0.0,0.25,0,0.0,0.0,0.0,1.75,-1.0,solvability-pair-0072356-try_again_n,0.25,2.0,0.0,2.0,0.0,try_again_n,8.0,0.0,0.2,2.0,0.2,-1.8,-1.8,0.0,0.0,0.0,0.0,0.0,0.20181322226037882,0.7981867777396212,solvability-pair-0072356,-1.375,0.0,0.0,0.0,0.0,-1.75,0,0.0,GIVE_UP,test,solvability-pair-0072356-try_again_n:0,0.0,solvability,0.0,0.0,1.0,-1.75
0.0,0.0,0.0,0.0,1.0,0.0,0.25,0,1.0,0.0,0.0,0.75,-1.0,solvability-pair-0072357-try_again_m,-0.75,0.0,0.0,0.0,0.0,try_again_m,8.0,0.0,-0.8,0.0,0.2,-0.8,-0.8,0.0,0.0,0.0,0.0,0.0,0.37754066879814546,0.6224593312018546,solvability-pair-0072357,-0.5,0.0,0.0,0.0,0.0,-0.75,0,0.0,GIVE_UP,train,solvability-pair-0072357-try_again_m:0,0.0,solvability,0.0,0.0,1.0,-0.75
0.0,0.0,0.0,0.0,1.0,0.0,0.25,0,1.0,0.0,0.0,0.75,-1.0,solvability-pair-0072357-try_again_n,-0.75,0.0,0.0,0.0,0.0,try_again_n,8.0,0.0,-0.8,0.0,0.2,-0.8,-0.8,0.0,0.0,0.0,0.0,0.0,0.22270013882530884,0.7772998611746911,solvability-pair-0072357,-1.25,0.0,0.0,0.0,0.0,-0.75,0,0.0,GIVE_UP,train,solvability-pair-0072357-try_again_n:0,0.0,solvability,0.0,0.0,1.0,-0.75
0.0,0.0,0.0,0.0,0.0,0.0,0.75,1,0.0,0.0,0.0,-0.75,1.0,solvability-pair-0072358-try_again_m,0.75,0.0,0.0,0.0,0.0,try_again_m,8.0,0.0,0.8,0.0,0.8,0.8,0.8,1.0,0.0,0.0,0.0,0.0,0.9840936082881853,0.01590639171181471,solvability-pair-0072358,4.125,0.0,0.0,0.0,0.0,0.75,0,0.0,TRY_AGAIN,train,solvability-pair-0072358-try_again_m:0,0.0,solvability,0.0,0.0,1.0,0.75
1.0,0.0,0.0,0.0,0.0,1.0,0.8333333333333334,1,0.0,0.0,1.0,-0.8333333333333334,1.0,solvability-pair-0072358-try_again_m,0.8333333333333334,0.0,0.0,0.0,0.6931471805599453,try_again_m,8.0,0.125,0.8,0.0,0.8,0.8,0.8,1.0,1.0,0.0,0.0,0.0,0.9997965730219448,0.0002034269780552065,solvability-pair-0072358,8.5,1.0,1.0,1.0,1.0,0.8333333333333334,1,0.0,TRY_AGAIN,train,solvability-pair-0072358-try_again_m:1,1.0,solvability,0.0,0.0,1.0,0.8333333333333334
1.0,1.0,0.0,0.0,0.0,2.0,0.875,1,0.0,0.0,2.0,-0.875,1.0,solvability-pair-0072358-try_again_m,0.875,0.0,0.0,0.0,1.0986122886681098,try_again_m,8.0,0.25,0.8,0.0,0.8,0.8,0.8,1.0,1.0,1.0,0.0,0.0,0.9968273171575148,0.0031726828424851893,solvability-pair-0072358,5.75,1.0,1.0,2.0,2.0,0.875,2,1.0,TRY_AGAIN,train,solvability-pair-0072358-try_again_m:2,2.0,solvability,0.0,0.0,1.0,0.875
1.0,1.0,1.0,0.0,0.0,3.0,0.9,1,0.0,0.0,3.0,-0.9,1.0,solvability-pair-0072358-try_again_m,0.9,0.0,0.0,0.0,1.3862943611198906,try_again_m,8.0,0.375,0.8,0.0,0.8,0.8,0.8,1.0,1.0,1.0,1.0,0.0,0.9940889311437562,0.005911068856243796,solvability-pair-0072358,5.125,1.0,1.0,3.0,3.0,0.9,3,1.0,TRY_AGAIN,train,solvability-pair-0072358-try_again_m:3,3.0,solvability,0.0,0.0,1.0,0.9
1.0,1.0,1.0,0.0,0.0,4.0,0.9166666666666666,1,0.0,0.0,4.0,-0.9166666666666666,1.0,solvability-pair-0072358-try_again_m,0.9166666666666666,0.0,0.0,0.0,1.6094379124341003,try_again_m,8.0,0.5,0.8,0.0,0.8,0.8,0.8,1.0,1.0,1.0,1.0,0.0,0.9706877692486436,0.029312230751356316,solvability-pair-0072358,3.5,1.0,1.0,4.0,4.0,0.9166666666666666,4,1.0,TRY_AGAIN,train,solvability-pair-0072358-try_again_m:4,4.0,solvability,0.0,0.0,1.0,0.9166666666666666
1.0,1.0,1.0,1.0,0.0,5.0,0.9285714285714286,1,0.0,0.0,5.0,-0.9285714285714286,1.0,solvability-pair-0072358-try_again_m,0.9285714285714286,0.0,0.0,0.0,1.791759469228055,try_again_m,8.0,0.625,0.8,0.0,0.8,0.8,0.8,1.0,1.0,1.0,1.0,1.0,0.9324533088603709,0.0675466911396291,solvability-pair-0072358,2.625,1.0,1.0,5.0,5.0,0.9285714285714286,5,1.0,TRY_AGAIN,train,solvability-pair-0072358-try_again_m:5,5.0,solvability,0.0,0.0,1.0,0.9285714285714286
1.0,1.0,1.0,1.0,0.0,6.0,0.9375,1,0.0,0.0,6.0,-0.9375,1.0,solvability-pair-0072358-try_again_m,0.9375,0.0,0.0,0.0,1.9459101490553132,try_again_m,8.0,0.75,0.8,0.0,0.8,0.8,0.8,1.0,1.0,1.0,1.0,1.0,0.9046505351008906,0.0953494648991095,solvability-pair-0072358,2.25,1.0,1.0,6.0,6.0,0.9375,6,1.0,TRY_AGAIN,train,solvability-pair-0072358-try_again_m:6,6.0,solvability,0.0,0.0,1.0,0.9375
1.0,1.0,1.0,1.0,0.0,7.0,0.9444444444444444,1,0.0,0.0,7.0,-0.9444444444444444,1.0,solvability-pair-0072358-try_again_m,0.9444444444444444,0.0,0.0,0.0,2.0794415416798357,try_again_m,8.0,0.875,0.8,0.0,0.8,0.8,0.8,1.0,1.0,1.0,1.0,1.0,0.7772998611746911,0.22270013882530884,solvability-pair-0072358,1.25,1.0,1.0,7.0,7.0,0.9444444444444444,7,1.0,TRY_AGAIN,train,solvability-pair-0072358-try_again_m:7,7.0,solvability,0.0,0.0,1.0,0.9444444444444444
0.0,0.0,0.0,0.0,0.0,0.0,0.75,0,0.0,0.0,0.0,-0.75,1.0,solvability-pair-0072358-try_again_n,0.75,0.0,0.0,0.0,0.0,try_again_n,8.0,0.0,0.8,0.0,0.8,0.8,0.8,0.0,0.0,0.0,0.0,0.0,0.8175744761936437,0.18242552380635632,solvability-pair-0072358,1.5,0.0,0.0,0.0,0.0,0.75,0,0.0,GIVE_UP,train,solvability-pair-0072358-try_again_n:0,0.0,solvability,0.0,0.0,1.0,0.75
0.0,0.0,0.0,0.0,1.0,0.0,0.75,1,1.0,0.0,0.0,2.25,1.0,solvability-pair-0072359-try_again_m,-0.25,2.0,0.0,2.0,0.0,try_again_m,8.0,0.0,-0.19999999999999996,2.0,0.8,-2.2,-2.2,-1.0,0.0,0.0,0.0,0.0,0.9399133498259924,0.06008665017400762,solvability-pair-0072359,2.75,0.0,0.0,0.0,0.0,-2.25,0,0.0,TRY_AGAIN,train,solvability-pair-0072359-try_again_m:0,0.0,solvability,0.0,0.0,1.0,-2.25
1.0,0.0,0.0,0.0,1.0,1.0,0.5,0,1.0,1.0,-1.0,2.5,1.0,solvability-pair-0072359-try_again_m,-0.5,2.0,1.0,2.0,0.6931471805599453,try_again_m,8.0,0.125,-0.19999999999999996,2.0,0.8,-2.2,-2.2,0.0,-1.0,0.0,0.0,0.0,0.07585818002124356,0.9241418199787566,solvability-pair-0072359,-2.5,1.0,-1.0,0.0,0.0,-2.5,1,0.0,GIVE_UP,train,solvability-pair-0072359-try_again_m:1,0.0,solvability,0.0,0.0,1.0,-2.5
0.0,0.0,0.0,0.0,1.0,0.0,0.75,0,1.0,0.0,0.0,2.25,1.0,solvability-pair-0072359-try_again_n,-0.25,2.0,0.0,2.0,0.0,try_again_n,8.0,0.0,-0.19999999999999996,2.0,0.8,-2.2,-2.2,0.0,0.0,0.0,0.0,0.0,0.679178699175393,0.32082130082460697,solvability-pair-0072359,0.75,0.0,0.0,0.0,0.0,-2.25,0,0.0,GIVE_UP,train,solvability-pair-0072359-try_again_n:0,0.0,solvability,0.0,0.0,1.0,-2.25
0.0,0.0,0.0,0.0,0.0,0.0,0.75,1,0.0,0.0,0.0,1.25,1.0,solvability-pair-0072360-try_again_m,0.75,2.0,0.0,2.0,0.0,try_again_m,8.0,0.0,0.8,2.0,0.8,-1.2,-1.2,1.0,0.0,0.0,0.0,0.0,0.9770226300899744,0.02297736991002561,solvability-pair-0072360,3.75,0.0,0.0,0.0,0.0,-1.25,0,0.0,TRY_AGAIN,train,solvability-pair-0072360-try_again_m:0,0.0,solvability,0.0,0.0,1.0,-1.25
1.0,0.0,0.0,0.0,0.0,1.0,0.8333333333333334,1,0.0,0.0,1.0,1.1666666666666665,1.0,solvability-pair-0072360-try_again_m,0.8333333333333334,2.0,0.0,2.0,0.6931471805599453,try_again_m,8.0,0.125,0.8,2.0,0.8,-1.2,-1.2,1.0,1.0,0.0,0.0,0.0,0.9996646498695336,0.00033535013046647816,solvability-pair-0072360,8.0,1.0,1.0,1.0,1.0,-1.1666666666666665,1,0.0,TRY_AGAIN,train,solvability-pair-0072360-try_again_m:1,1.0,solvability,0.0,0.0,1.0,-1.1666666666666665
1.0,1.0,0.0,0.0,0.0,2.0,0.875,1,0.0,0.0,2.0,1.125,1.0,solvability-pair-0072360-try_again_m,0.875,2.0,0.0,2.0,1.0986122886681098,try_again_m,8.0,0.25,0.8,2.0,0.8,-1.2,-1.2,1.0,1.0,1.0,0.0,0.0,0.9924227587321393,0.007577241267860811,solvability-pair-0072360,4.875,1.0,1.0,2.0,2.0,-1.125,2,1.0,TRY_AGAIN,train,solvability-pair-0072360-try_again_m:2,2.0,solvability,0.0,0.0,1.0,-1.125
1.0,1.0,1.0,0.0,0.0,3.0,0.9,1,0.0,0.0,3.0,1.1,1.0,solvability-pair-0072360-try_again_m,0.9,2.0,0.0,2.0,1.3862943611198906,try_again_m,8.0,0.375,0.8,2.0,0.8,-1.2,-1.2,1.0,1.0,1.0,1.0,0.0,0.9859363729567544,0.014063627043245474,solvability-pair-0072360,4.25,1.0,1.0,3.0,3.0,-1.1,3,1.0,TRY_AGAIN,train,solvability-pair-0072360-try_again_m:3,3.0,solvability,0.0,0.0,1.0,-1.1
1.0,1.0,1.0,0.0,0.0,4.0,0.9166666666666666,1,0.0,0.0,4.0,1.0833333333333335,1.0,solvability-pair-0072360-try_again_m,0.9166666666666666,2.0,0.0,2.0,1.6094379124341003,try_again_m,8.0,0.5,0.8,2.0,0.8,-1.2,-1.2,1.0,1.0,1.0,1.0,0.0,0.9579122720843811,0.04208772791561884,solvability-pair-0072360,3.125,1.0,1.0,4.0,4.0,-1.0833333333333335,4,1.0,TRY_AGAIN,train,solvability-pair-0072360-try_again_m:4,4.0,solvability,0.0,0.0,1.0,-1.0833333333333335
1.0,1.0,1.0,1.0,0.0,5.0,0.9285714285714286,1,0.0,0.0,5.0,1.0714285714285714,1.0,solvability-pair-0072360-try_again_m,0.9285714285714286,2.0,0.0,2.0,1.791759469228055,try_again_m,8.0,0.625,0.8,2.0,0.8,-1.2,-1.2,1.0,1.0,1.0,1.0,1.0,0.8933094060543487,0.10669059394565118,solvability-pair-0072360,2.125,1.0,1.0,5.0,5.0,-1.0714285714285714,5,1.0,TRY_AGAIN,train,solvability-pair-0072360-try_again_m:5,5.0,solvability,0.0,0.0,1.0,-1.0714285714285714
1.0,1.0,1.0,1.0,0.0,6.0,0.9375,1,0.0,0.0,6.0,1.0625,1.0,solvability-pair-0072360-try_again_m,0.9375,2.0,0.0,2.0,1.9459101490553132,try_again_m,8.0,0.75,0.8,2.0,0.8,-1.2,-1.2,-1.0,1.0,1.0,1.0,1.0,0.8175744761936437,0.18242552380635632,solvability-pair-0072360,1.5,1.0,1.0,6.0,6.0,-1.0625,6,1.0,TRY_AGAIN,train,solvability-pair-0072360-try_again_m:6,6.0,solvability,0.0,0.0,1.0,-1.0625
1.0,1.0,1.0,1.0,0.0,7.0,0.8333333333333334,0,0.0,0.0,5.0,1.1666666666666665,1.0,solvability-pair-0072360-try_again_m,0.8333333333333334,2.0,1.0,2.0,2.0794415416798357,try_again_m,8.0,0.875,0.8,2.0,0.8,-1.2,-1.2,0.0,-1.0,1.0,1.0,1.0,0.07585818002124356,0.9241418199787566,solvability-pair-0072360,-2.5,1.0,-1.0,6.0,6.0,-1.1666666666666665,7,1.0,GIVE_UP,train,solvability-pair-0072360-try_again_m:7,0.0,solvability,0.0,0.0,1.0,-1.1666666666666665
0.0,0.0,0.0,0.0,0.0,0.0,0.75,1,0.0,0.0,0.0,1.25,1.0,solvability-pair-0072360-try_again_n,0.75,2.0,0.0,2.0,0.0,try_again_n,8.0,0.0,0.8,2.0,0.8,-1.2,-1.2,1.0,0.0,0.0,0.0,0.0,0.7772998611746911,0.22270013882530884,solvability-pair-0072360,1.25,0.0,0.0,0.0,0.0,-1.25,0,0.0,TRY_AGAIN,train,solvability-pair-0072360-try_again_n:0,0.0,solvability,0.0,0.0,1.0,-1.25
1.0,0.0,0.0,0.0,0.0,1.0,0.8333333333333334,1,0.0,0.0,1.0,1.1666666666666665,1.0,solvability-pair-0072360-try_again_n,0.8333333333333334,2.0,0.0,2.0,0.6931471805599453,try_again_n,8.0,0.125,0.8,2.0,0.8,-1.2,-1.2,1.0,1.0,0.0,0.0,0.0,0.9997694932780068,0.0002305067219931397,solvability-pair-0072360,8.375,1.0,1.0,1.0,1.0,-1.1666666666666665,1,0.0,TRY_AGAIN,train,solvability-pair-0072360-try_again_n:1,1.0,solvability,0.0,0.0,1.0,-1.1666666666666665
1.0,1.0,0.0,0.0,0.0,2.0,0.875,1,0.0,0.0,2.0,1.125,1.0,solvability-pair-0072360-try_again_n,0.875,2.0,0.0,2.0,1.0986122886681098,try_again_n,8.0,0.25,0.8,2.0,0.8,-1.2,-1.2,1.0,1.0,1.0,0.0,0.0,0.9953904278206259,0.004609572179374208,solvability-pair-0072360,5.375,1.0,1.0,2.0,2.0,-1.125,2,1.0,TRY_AGAIN,train,solvability-pair-0072360-try_again_n:2,2.0,solvability,0.0,0.0,1.0,-1.125
1.0,1.0,1.0,0.0,0.0,3.0,0.9,1,0.0,0.0,3.0,1.1,1.0,solvability-pair-0072360-try_again_n,0.9,2.0,0.0,2.0,1.3862943611198906,try_again_n,8.0,0.375,0.8,2.0,0.8,-1.2,-1.2,1.0,1.0,1.0,1.0,0.0,0.9875683491468141,0.012431650853185818,solvability-pair-0072360,4.375,1.0,1.0,3.0,3.0,-1.1,3,1.0,TRY_AGAIN,train,solvability-pair-0072360-try_again_n:3,3.0,solvability,0.0,0.0,1.0,-1.1
1.0,1.0,1.0,0.0,0.0,4.0,0.9166666666666666,1,0.0,0.0,4.0,1.0833333333333335,1.0,solvability-pair-0072360-try_again_n,0.9166666666666666,2.0,0.0,2.0,1.6094379124341003,try_again_n,8.0,0.5,0.8,2.0,0.8,-1.2,-1.2,1.0,1.0,1.0,1.0,0.0,0.9626731126558706,0.037326887344129464,solvability-pair-0072360,3.25,1.0,1.0,4.0,4.0,-1.0833333333333335,4,1.0,TRY_AGAIN,train,solvability-pair-0072360-try_again_n:4,4.0,solvability,0.0,0.0,1.0,-1.0833333333333335
1.0,1.0,1.0,1.0,0.0,5.0,0.9285714285714286,1,0.0,0.0,5.0,1.0714285714285714,1.0,solvability-pair-0072360-try_again_n,0.9285714285714286,2.0,0.0,2.0,1.791759469228055,try_again_n,8.0,0.625,0.8,2.0,0.8,-1.2,-1.2,1.0,1.0,1.0,1.0,1.0,0.9046505351008906,0.0953494648991095,solvability-pair-0072360,2.25,1.0,1.0,5.0,5.0,-1.0714285714285714,5,1.0,TRY_AGAIN,train,solvability-pair-0072360-try_again_n:5,5.0,solvability,0.0,0.0,1.0,-1.0714285714285714
1.0,1.0,1.0,1.0,0.0,6.0,0.9375,1,0.0,0.0,6.0,1.0625,1.0,solvability-pair-0072360-try_again_n,0.9375,2.0,0.0,2.0,1.9459101490553132,try_again_n,8.0,0.75,0.8,2.0,0.8,-1.2,-1.2,-1.0,1.0,1.0,1.0,1.0,0.8519528019683106,0.1480471980316895,solvability-pair-0072360,1.75,1.0,1.0,6.0,6.0,-1.0625,6,1.0,TRY_AGAIN,train,solvability-pair-0072360-try_again_n:6,6.0,solvability,0.0,0.0,1.0,-1.0625
1.0,1.0,1.0,1.0,0.0,7.0,0.8333333333333334,0,0.0,0.0,5.0,1.1666666666666665,1.0,solvability-pair-0072360-try_again_n,0.8333333333333334,2.0,1.0,2.0,2.0794415416798357,try_again_n,8.0,0.875,0.8,2.0,0.8,-1.2,-1.2,0.0,-1.0,1.0,1.0,1.0,0.0675466911396291,0.9324533088603709,solvability-pair-0072360,-2.625,1.0,-1.0,6.0,6.0,-1.1666666666666665,7,1.0,GIVE_UP,train,solvability-pair-0072360-try_again_n:7,0.0,solvability,0.0,0.0,1.0,-1.1666666666666665
0.0,0.0,0.0,0.0,1.0,0.0,0.5,1,1.0,0.0,0.0,2.5,0.0,solvability-pair-0072361-try_again_m,-0.5,2.0,0.0,2.0,0.0,try_again_m,8.0,0.0,-0.5,2.0,0.5,-2.5,-2.5,-1.0,0.0,0.0,0.0,0.0,0.46879062662624377,0.5312093733737563,solvability-pair-0072361,-0.125,0.0,0.0,0.0,0.0,-2.5,0,0.0,TRY_AGAIN,train,solvability-pair-0072361-try_again_m:0,0.0,solvability,0.0,0.0,1.0,-2.5
1.0,0.0,0.0,0.0,1.0,1.0,0.3333333333333333,0,1.0,1.0,-1.0,2.666666666666667,0.0,solvability-pair-0072361-try_again_m,-0.6666666666666667,2.0,1.0,2.0,0.6931471805599453,try_again_m,8.0,0.125,-0.5,2.0,0.5,-2.5,-2.5,0.0,-1.0,0.0,0.0,0.0,0.04208772791561884,0.9579122720843811,solvability-pair-0072361,-3.125,1.0,-1.0,0.0,0.0,-2.666666666666667,1,0.0,GIVE_UP,train,solvability-pair-0072361-try_again_m:1,0.0,solvability,0.0,0.0,1.0,-2.666666666666667
0.0,0.0,0.0,0.0,1.0,0.0,0.5,0,1.0,0.0,0.0,2.5,0.0,solvability-pair-0072361-try_again_n,-0.5,2.0,0.0,2.0,0.0,try_again_n,8.0,0.0,-0.5,2.0,0.5,-2.5,-2.5,0.0,0.0,0.0,0.0,0.0,0.22270013882530884,0.7772998611746911,solvability-pair-0072361,-1.25,0.0,0.0,0.0,0.0,-2.5,0,0.0,GIVE_UP,train,solvability-pair-0072361-try_again_n:0,0.0,solvability,0.0,0.0,1.0,-2.5
0.0,0.0,0.0,0.0,1.0,0.0,0.5,0,1.0,0.0,0.0,0.5,0.0,solvability-pair-0072362-try_again_m,-0.5,0.0,0.0,0.0,0.0,try_again_m,8.0,0.0,-0.5,0.0,0.5,-0.5,-0.5,0.0,0.0,0.0,0.0,0.0,0.5621765008857981,0.4378234991142019,solvability-pair-0072362,0.25,0.0,0.0,0.0,0.0,-0.5,0,0.0,GIVE_UP,test,solvability-pair-0072362-try_again_m:0,0.0,solvability,0.0,0.0,1.0,-0.5
0.0,0.0,0.0,0.0,1.0,0.0,0.5,0,1.0,0.0,0.0,0.5,0.0,solvability-pair-0072362-try_again_n,-0.5,0.0,0.0,0.0,0.0,try_again_n,8.0,0.0,-0.5,0.0,0.5,-0.5,-0.5,0.0,0.0,0.0,0.0,0.0,0.2689414213699951,0.7310585786300049,solvability-pair-0072362,-1.0,0.0,0.0,0.0,0.0,-0.5,0,0.0,GIVE_UP,test,solvability-pair-0072362-try_again_n:0,0.0,solvability,0.0,0.0,1.0,-0.5
0.0,0.0,0.0,0.0,1.0,0.0,0.25,0,1.0,0.0,0.0,2.75,-1.0,solvability-pair-0072363-try_again_m,-0.75,2.0,0.0,2.0,0.0,try_again_m,8.0,0.0,-0.8,2.0,0.2,-2.8,-2.8,0.0,0.0,0.0,0.0,0.0,0.32082130082460697,0.679178699175393,solvability-pair-0072363,-0.75,0.0,0.0,0.0,0.0,-2.75,0,0.0,GIVE_UP,train,solvability-pair-0072363-try_again_m:0,0.0,solvability,0.0,0.0,1.0,-2.75
0.0,0.0,0.0,0.0,1.0,0.0,0.25,0,1.0,0.0,0.0,2.75,-1.0,solvability-pair-0072363-try_again_n,-0.75,2.0,0.0,2.0,0.0,try_again_n,8.0,0.0,-0.8,2.0,0.2,-2.8,-2.8,0.0,0.0,0.0,0.0,0.0,0.18242552380635632,0.8175744761936437,solvability-pair-0072363,-1.5,0.0,0.0,0.0,0.0,-2.75,0,0.0,GIVE_UP,train,solvability-pair-0072363-try_again_n:0,0.0,solvability,0.0,0.0,1.0,-2.75
0.0,0.0,0.0,0.0,1.0,0.0,0.75,1,1.0,0.0,0.0,0.25,1.0,solvability-pair-0072364-try_again_m,-0.25,0.0,0.0,0.0,0.0,try_again_m,8.0,0.0,-0.19999999999999996,0.0,0.8,-0.19999999999999996,-0.19999999999999996,1.0,0.0,0.0,0.0,0.0,0.9626731126558706,0.037326887344129464,solvability-pair-0072364,3.25,0.0,0.0,0.0,0.0,-0.25,0,0.0,TRY_AGAIN,train,solvability-pair-0072364-try_again_m:0,0.0,solvability,0.0,0.0,1.0,-0.25
1.0,0.0,0.0,0.0,1.0,1.0,0.8333333333333334,1,1.0,1.0,1.0,0.16666666666666663,1.0,solvability-pair-0072364-try_again_m,-0.16666666666666663,0.0,0.0,0.0,0.6931471805599453,try_again_m,8.0,0.125,-0.19999999999999996,0.0,0.8,-0.19999999999999996,-0.19999999999999996,1.0,1.0,0.0,0.0,0.0,0.9995694429186754,0.00043055708132461493,solvability-pair-0072364,7.75,1.0,1.0,1.0,1.0,-0.16666666666666663,1,0.0,TRY_AGAIN,train,solvability-pair-0072364-try_again_m:1,1.0,solvability,0.0,0.0,1.0,-0.16666666666666663
1.0,1.0,0.0,0.0,1.0,2.0,0.875,1,1.0,2.0,2.0,0.125,1.0,solvability-pair-0072364-try_again_m,-0.125,0.0,0.0,0.0,1.0986122886681098,try_again_m,8.0,0.25,-0.19999999999999996,0.0,0.8,-0.19999999999999996,-0.19999999999999996,-1.0,1.0,1.0,0.0,0.0,0.991422514586288,0.008577485413711986,solvability-pair-0072364,4.75,1.0,1.0,2.0,2.0,-0.125,2,1.0,TRY_AGAIN,train,solvability-pair-0072364-try_again_m:2,2.0,solvability,0.0,0.0,1.0,-0.125
1.0,1.0,1.0,0.0,1.0,3.0,0.7,1,1.0,3.0,1.0,0.30000000000000004,1.0,solvability-pair-0072364-try_again_m,-0.30000000000000004,0.0,1.0,0.0,1.3862943611198906,try_again_m,8.0,0.375,-0.19999999999999996,0.0,0.8,-0.19999999999999996,-0.19999999999999996,1.0,-1.0,1.0,1.0,0.0,0.7057850278370112,0.29421497216298875,solvability-pair-0072364,0.875,1.0,-1.0,2.0,2.0,-0.30000000000000004,3,1.0,TRY_AGAIN,train,solvability-pair-0072364-try_again_m:3,0.0,solvability,0.0,0.0,1.0,-0.30000000000000004
1.0,1.0,1.0,0.0,1.0,4.0,0.75,0,1.0,4.0,2.0,0.25,1.0,solvability-pair-0072364-try_again_m,-0.25,0.0,0.0,0.0,1.6094379124341003,try_again_m,8.0,0.5,-0.19999999999999996,0.0,0.8,-0.19999999999999996,-0.19999999999999996,0.0,1.0,-1.0,1.0,0.0,0.9149009549929797,0.08509904500702024,solvability-pair-0072364,2.375,1.0,1.0,3.0,3.0,-0.25,4,1.0,GIVE_UP,train,solvability-pair-0072364-try_again_m:4,1.0,solvability,0.0,0.0,1.0,-0.25
0.0,0.0,0.0,0.0,1.0,0.0,0.75,0,1.0,0.0,0.0,0.25,1.0,solvability-pair-0072364-try_again_n,-0.25,0.0,0.0,0.0,0.0,try_again_n,8.0,0.0,-0.19999999999999996,0.0,0.8,-0.19999999999999996,-0.19999999999999996,0.0,0.0,0.0,0.0,0.0,0.7549149868676283,0.24508501313237172,solvability-pair-0072364,1.125,0.0,0.0,0.0,0.0,-0.25,0,0.0,GIVE_UP,train,solvability-pair-0072364-try_again_n:0,0.0,solvability,0.0,0.0,1.0,-0.25
0.0,0.0,0.0,0.0,0.0,0.0,0.5,1,0.0,0.0,0.0,1.5,0.0,solvability-pair-0072365-try_again_m,0.5,2.0,0.0,2.0,0.0,try_again_m,8.0,0.0,0.5,2.0,0.5,-1.5,-1.5,1.0,0.0,0.0,0.0,0.0,0.6224593312018546,0.37754066879814546,solvability-pair-0072365,0.5,0.0,0.0,0.0,0.0,-1.5,0,0.0,TRY_AGAIN,train,solvability-pair-0072365-try_again_m:0,0.0,solvability,0.0,0.0,1.0,-1.5
1.0,0.0,0.0,0.0,0.0,1.0,0.6666666666666666,1,0.0,0.0,1.0,1.3333333333333335,0.0,solvability-pair-0072365-try_again_m,0.6666666666666666,2.0,0.0,2.0,0.6931471805599453,try_again_m,8.0,0.125,0.5,2.0,0.5,-1.5,-1.5,-1.0,1.0,0.0,0.0,0.0,0.9980732653366725,0.0019267346633274755,solvability-pair-0072365,6.25,1.0,1.0,1.0,1.0,-1.3333333333333335,1,0.0,TRY_AGAIN,train,solvability-pair-0072365-try_again_m:1,1.0,solvability,0.0,0.0,1.0,-1.3333333333333335
1.0,1.0,0.0,0.0,0.0,2.0,0.5,0,0.0,0.0,0.0,1.5,0.0,solvability-pair-0072365-try_again_m,0.5,2.0,1.0,2.0,1.0986122886681098,try_again_m,8.0,0.25,0.5,2.0,0.5,-1.5,-1.5,0.0,-1.0,1.0,0.0,0.0,0.6224593312018546,0.37754066879814546,solvability-pair-0072365,0.5,1.0,-1.0,1.0,1.0,-1.5,2,1.0,GIVE_UP,train,solvability-pair-0072365-try_again_m:2,0.0,solvability,0.0,0.0,1.0,-1.5
0.0,0.0,0.0,0.0,0.0,0.0,0.5,0,0.0,0.0,0.0,1.5,0.0,solvability-pair-0072365-try_again_n,0.5,2.0,0.0,2.0,0.0,try_again_n,8.0,0.0,0.5,2.0,0.5,-1.5,-1.5,0.0,0.0,0.0,0.0,0.0,0.2689414213699951,0.7310585786300049,solvability-pair-0072365,-1.0,0.0,0.0,0.0,0.0,-1.5,0,0.0,GIVE_UP,train,solvability-pair-0072365-try_again_n:0,0.0,solvability,0.0,0.0,1.0,-1.5
0.0,0.0,0.0,0.0,0.0,0.0,0.5,1,0.0,0.0,0.0,-0.5,0.0,solvability-pair-0072366-try_again_m,0.5,0.0,0.0,0.0,0.0,try_again_m,8.0,0.0,0.5,0.0,0.5,0.5,0.5,-1.0,0.0,0.0,0.0,0.0,0.7549149868676283,0.24508501313237172,solvability-pair-0072366,1.125,0.0,0.0,0.0,0.0,0.5,0,0.0,TRY_AGAIN,train,solvability-pair-0072366-try_again_m:0,0.0,solvability,0.0,0.0,1.0,0.5
1.0,0.0,0.0,0.0,0.0,1.0,0.3333333333333333,0,0.0,0.0,-1.0,-0.3333333333333333,0.0,solvability-pair-0072366-try_again_m,0.3333333333333333,0.0,1.0,0.0,0.6931471805599453,try_again_m,8.0,0.125,0.5,0.0,0.5,0.5,0.5,0.0,-1.0,0.0,0.0,0.0,0.037326887344129464,0.9626731126558706,solvability-pair-0072366,-3.25,1.0,-1.0,0.0,0.0,0.3333333333333333,1,0.0,GIVE_UP,train,solvability-pair-0072366-try_again_m:1,0.0,solvability,0.0,0.0,1.0,0.3333333333333333
0.0,0.0,0.0,0.0,0.0,0.0,0.5,1,0.0,0.0,0.0,-0.5,0.0,solvability-pair-0072366-try_again_n,0.5,0.0,0.0,0.0,0.0,try_again_n,8.0,0.0,0.5,0.0,0.5,0.5,0.5,-1.0,0.0,0.0,0.0,0.0,0.34864513533394575,0.6513548646660542,solvability-pair-0072366,-0.625,0.0,0.0,0.0,0.0,0.5,0,0.0,TRY_AGAIN,train,solvability-pair-0072366-try_again_n:0,0.0,solvability,0.0,0.0,1.0,0.5
1.0,0.0,0.0,0.0,0.0,1.0,0.3333333333333333,0,0.0,0.0,-1.0,-0.3333333333333333,0.0,solvability-pair-0072366-try_again_n,0.3333333333333333,0.0,1.0,0.0,0.6931471805599453,try_again_n,8.0,0.125,0.5,0.0,0.5,0.5,0.5,0.0,-1.0,0.0,0.0,0.0,0.02595735719779685,0.9740426428022031,solvability-pair-0072366,-3.625,1.0,-1.0,0.0,0.0,0.3333333333333333,1,0.0,GIVE_UP,train,solvability-pair-0072366-try_again_n:1,0.0,solvability,0.0,0.0,1.0,0.3333333333333333
0.0,0.0,0.0,0.0,0.0,0.0,0.25,1,0.0,0.0,0.0,-0.25,-1.0,solvability-pair-0072367-try_again_m,0.25,0.0,0.0,0.0,0.0,try_again_m,8.0,0.0,0.2,0.0,0.2,0.2,0.2,1.0,0.0,0.0,0.0,0.0,0.5,0.5,solvability-pair-0072367,0.0,0.0,0.0,0.0,0.0,0.25,0,0.0,TRY_AGAIN,train,solvability-pair-0072367-try_again_m:0,0.0,solvability,0.0,0.0,1.0,0.25
1.0,0.0,0.0,0.0,0.0,1.0,0.5,1,0.0,0.0,1.0,-0.5,-1.0,solvability-pair-0072367-try_again_m,0.5,0.0,0.0,0.0,0.6931471805599453,try_again_m,8.0,0.125,0.2,0.0,0.2,0.2,0.2,-1.0,1.0,0.0,0.0,0.0,0.9982992775885648,0.001700722411435288,solvability-pair-0072367,6.375,1.0,1.0,1.0,1.0,0.5,1,0.0,TRY_AGAIN,train,solvability-pair-0072367-try_again_m:1,1.0,solvability,0.0,0.0,1.0,0.5
1.0,1.0,0.0,0.0,0.0,2.0,0.375,1,0.0,0.0,0.0,-0.375,-1.0,solvability-pair-0072367-try_again_m,0.375,0.0,1.0,0.0,1.0986122886681098,try_again_m,8.0,0.25,0.2,0.0,0.2,0.2,0.2,1.0,-1.0,1.0,0.0,0.0,0.46879062662624377,0.5312093733737563,solvability-pair-0072367,-0.125,1.0,-1.0,1.0,1.0,0.375,2,1.0,TRY_AGAIN,train,solvability-pair-0072367-try_again_m:2,0.0,solvability,0.0,0.0,1.0,0.375
1.0,1.0,1.0,0.0,0.0,3.0,0.5,1,0.0,0.0,1.0,-0.5,-1.0,solvability-pair-0072367-try_again_m,0.5,0.0,0.0,0.0,1.3862943611198906,try_again_m,8.0,0.375,0.2,0.0,0.2,0.2,0.2,-1.0,1.0,-1.0,1.0,0.0,0.9324533088603709,0.0675466911396291,solvability-pair-0072367,2.625,1.0,1.0,2.0,2.0,0.5,3,1.0,TRY_AGAIN,train,solvability-pair-0072367-try_again_m:3,1.0,solvability,0.0,0.0,1.0,0.5
1.0,1.0,1.0,0.0,0.0,4.0,0.4166666666666667,1,0.0,0.0,0.0,-0.4166666666666667,-1.0,solvability-pair-0072367-try_again_m,0.4166666666666667,0.0,1.0,0.0,1.6094379124341003,try_again_m,8.0,0.5,0.2,0.0,0.2,0.2,0.2,-1.0,-1.0,1.0,-1.0,0.0,0.4378234991142019,0.5621765008857981,solvability-pair-0072367,-0.25,1.0,-1.0,2.0,2.0,0.4166666666666667,4,1.0,TRY_AGAIN,train,solvability-pair-0072367-try_again_m:4,0.0,solvability,0.0,0.0,1.0,0.4166666666666667
1.0,1.0,1.0,1.0,0.0,5.0,0.35714285714285715,0,0.0,0.0,-1.0,-0.35714285714285715,-1.0,solvability-pair-0072367-try_again_m,0.35714285714285715,0.0,2.0,0.0,1.791759469228055,try_again_m,8.0,0.625,0.2,0.0,0.2,0.2,0.2,0.0,-1.0,-1.0,1.0,1.0,0.13296424019782924,0.8670357598021706,solvability-pair-0072367,-1.875,1.0,-1.0,2.0,2.0,0.35714285714285715,5,1.0,GIVE_UP,train,solvability-pair-0072367-try_again_m:5,0.0,solvability,0.0,0.0,1.0,0.35714285714285715
0.0,0.0,0.0,0.0,0.0,0.0,0.25,0,0.0,0.0,0.0,-0.25,-1.0,solvability-pair-0072367-try_again_n,0.25,0.0,0.0,0.0,0.0,try_again_n,8.0,0.0,0.2,0.0,0.2,0.2,0.2,0.0,0.0,0.0,0.0,0.0,0.22270013882530884,0.7772998611746911,solvability-pair-0072367,-1.25,0.0,0.0,0.0,0.0,0.25,0,0.0,GIVE_UP,train,solvability-pair-0072367-try_again_n:0,0.0,solvability,0.0,0.0,1.0,0.25
0.0,0.0,0.0,0.0,0.0,0.0,0.25,0,0.0,0.0,0.0,1.75,-1.0,solvability-pair-0072368-try_again_m,0.25,2.0,0.0,2.0,0.0,try_again_m,8.0,0.0,0.2,2.0,0.2,-1.8,-1.8,0.0,0.0,0.0,0.0,0.0,0.4073334000459302,0.5926665999540697,solvability-pair-0072368,-0.375,0.0,0.0,0.0,0.0,-1.75,0,0.0,GIVE_UP,train,solvability-pair-0072368-try_again_m:0,0.0,solvability,0.0,0.0,1.0,-1.75
0.0,0.0,0.0,0.0,0.0,0.0,0.25,0,0.0,0.0,0.0,1.75,-1.0,solvability-pair-0072368-try_again_n,0.25,2.0,0.0,2.0,0.0,try_again_n,8.0,0.0,0.2,2.0,0.2,-1.8,-1.8,0.0,0.0,0.0,0.0,0.0,0.20181322226037882,0.7981867777396212,solvability-pair-0072368,-1.375,0.0,0.0,0.0,0.0,-1.75,0,0.0,GIVE_UP,train,solvability-pair-0072368-try_again_n:0,0.0,solvability,0.0,0.0,1.0,-1.75
0.0,0.0,0.0,0.0,1.0,0.0,0.25,0,1.0,0.0,0.0,0.75,-1.0,solvability-pair-0072369-try_again_m,-0.75,0.0,0.0,0.0,0.0,try_again_m,8.0,0.0,-0.8,0.0,0.2,-0.8,-0.8,0.0,0.0,0.0,0.0,0.0,0.37754066879814546,0.6224593312018546,solvability-pair-0072369,-0.5,0.0,0.0,0.0,0.0,-0.75,0,0.0,GIVE_UP,train,solvability-pair-0072369-try_again_m:0,0.0,solvability,0.0,0.0,1.0,-0.75
0.0,0.0,0.0,0.0,1.0,0.0,0.25,0,1.0,0.0,0.0,0.75,-1.0,solvability-pair-0072369-try_again_n,-0.75,0.0,0.0,0.0,0.0,try_again_n,8.0,0.0,-0.8,0.0,0.2,-0.8,-0.8,0.0,0.0,0.0,0.0,0.0,0.22270013882530884,0.7772998611746911,solvability-pair-0072369,-1.25,0.0,0.0,0.0,0.0,-0.75,0,0.0,GIVE_UP,train,solvability-pair-0072369-try_again_n:0,0.0,solvability,0.0,0.0,1.0,-0.75
0.0,0.0,0.0,0.0,0.0,0.0,0.75,1,0.0,0.0,0.0,-0.75,1.0,solvability-pair-0072370-try_again_m,0.75,0.0,0.0,0.0,0.0,try_again_m,8.0,0.0,0.8,0.0,0.8,0.8,0.8,1.0,0.0,0.0,0.0,0.0,0.9840936082881853,0.01590639171181471,solvability-pair-0072370,4.125,0.0,0.0,0.0,0.0,0.75,0,0.0,TRY_AGAIN,test,solvability-pair-0072370-try_again_m:0,0.0,solvability,0.0,0.0,1.0,0.75
1.0,0.0,0.0,0.0,0.0,1.0,0.8333333333333334,1,0.0,0.0,1.0,-0.8333333333333334,1.0,solvability-pair-0072370-try_again_m,0.8333333333333334,0.0,0.0,0.0,0.6931471805599453,try_again_m,8.0,0.125,0.8,0.0,0.8,0.8,0.8,1.0,1.0,0.0,0.0,0.0,0.9997965730219448,0.0002034269780552065,solvability-pair-0072370,8.5,1.0,1.0,1.0,1.0,0.8333333333333334,1,0.0,TRY_AGAIN,test,solvability-pair-0072370-try_again_m:1,1.0,solvability,0.0,0.0,1.0,0.8333333333333334
1.0,1.0,0.0,0.0,0.0,2.0,0.875,1,0.0,0.0,2.0,-0.875,1.0,solvability-pair-0072370-try_again_m,0.875,0.0,0.0,0.0,1.0986122886681098,try_again_m,8.0,0.25,0.8,0.0,0.8,0.8,0.8,1.0,1.0,1.0,0.0,0.0,0.9968273171575148,0.0031726828424851893,solvability-pair-0072370,5.75,1.0,1.0,2.0,2.0,0.875,2,1.0,TRY_AGAIN,test,solvability-pair-0072370-try_again_m:2,2.0,solvability,0.0,0.0,1.0,0.875
1.0,1.0,1.0,0.0,0.0,3.0,0.9,1,0.0,0.0,3.0,-0.9,1.0,solvability-pair-0072370-try_again_m,0.9,0.0,0.0,0.0,1.3862943611198906,try_again_m,8.0,0.375,0.8,0.0,0.8,0.8,0.8,-1.0,1.0,1.0,1.0,0.0,0.9940889311437562,0.005911068856243796,solvability-pair-0072370,5.125,1.0,1.0,3.0,3.0,0.9,3,1.0,TRY_AGAIN,test,solvability-pair-0072370-try_again_m:3,3.0,solvability,0.0,0.0,1.0,0.9
1.0,1.0,1.0,0.0,0.0,4.0,0.75,0,0.0,0.0,2.0,-0.75,1.0,solvability-pair-0072370-try_again_m,0.75,0.0,1.0,0.0,1.6094379124341003,try_again_m,8.0,0.5,0.8,0.0,0.8,0.8,0.8,0.0,-1.0,1.0,1.0,0.0,0.6513548646660542,0.34864513533394575,solvability-pair-0072370,0.625,1.0,-1.0,3.0,3.0,0.75,4,1.0,GIVE_UP,test,solvability-pair-0072370-try_again_m:4,0.0,solvability,0.0,0.0,1.0,0.75
0.0,0.0,0.0,0.0,0.0,0.0,0.75,1,0.0,0.0,0.0,-0.75,1.0,solvability-pair-0072370-try_again_n,0.75,0.0,0.0,0.0,0.0,try_again_n,8.0,0.0,0.8,0.0,0.8,0.8,0.8,1.0,0.0,0.0,0.0,0.0,0.8175744761936437,0.18242552380635632,solvability-pair-0072370,1.5,0.0,0.0,0.0,0.0,0.75,0,0.0,TRY_AGAIN,test,solvability-pair-0072370-try_again_n:0,0.0,solvability,0.0,0.0,1.0,0.75
1.0,0.0,0.0,0.0,0.0,1.0,0.8333333333333334,1,0.0,0.0,1.0,-0.8333333333333334,1.0,solvability-pair-0072370-try_again_n,0.8333333333333334,0.0,0.0,0.0,0.6931471805599453,try_again_n,8.0,0.125,0.8,0.0,0.8,0.8,0.8,1.0,1.0,0.0,0.0,0.0,0.9999251537724895,7.484622751061124e-05,solvability-pair-0072370,9.5,1.0,1.0,1.0,1.0,0.8333333333333334,1,0.0,TRY_AGAIN,test,solvability-pair-0072370-try_again_n:1,1.0,solvability,0.0,0.0,1.0,0.8333333333333334
1.0,1.0,0.0,0.0,0.0,2.0,0.875,1,0.0,0.0,2.0,-0.875,1.0,solvability-pair-0072370-try_again_n,0.875,0.0,0.0,0.0,1.0986122886681098,try_again_n,8.0,0.25,0.8,0.0,0.8,0.8,0.8,1.0,1.0,1.0,0.0,0.0,0.9990889488055994,0.0009110511944006454,solvability-pair-0072370,7.0,1.0,1.0,2.0,2.0,0.875,2,1.0,TRY_AGAIN,test,solvability-pair-0072370-try_again_n:2,2.0,solvability,0.0,0.0,1.0,0.875
1.0,1.0,1.0,0.0,0.0,3.0,0.9,1,0.0,0.0,3.0,-0.9,1.0,solvability-pair-0072370-try_again_n,0.9,0.0,0.0,0.0,1.3862943611198906,try_again_n,8.0,0.375,0.8,0.0,0.8,0.8,0.8,-1.0,1.0,1.0,1.0,0.0,0.9980732653366725,0.0019267346633274755,solvability-pair-0072370,6.25,1.0,1.0,3.0,3.0,0.9,3,1.0,TRY_AGAIN,test,solvability-pair-0072370-try_again_n:3,3.0,solvability,0.0,0.0,1.0,0.9
1.0,1.0,1.0,0.0,0.0,4.0,0.75,0,0.0,0.0,2.0,-0.75,1.0,solvability-pair-0072370-try_again_n,0.75,0.0,1.0,0.0,1.6094379124341003,try_again_n,8.0,0.5,0.8,0.0,0.8,0.8,0.8,0.0,-1.0,1.0,1.0,0.0,0.6513548646660542,0.34864513533394575,solvability-pair-0072370,0.625,1.0,-1.0,3.0,3.0,0.75,4,1.0,GIVE_UP,test,solvability-pair-0072370-try_again_n:4,0.0,solvability,0.0,0.0,1.0,0.75
0.0,0.0,0.0,0.0,1.0,0.0,0.75,1,1.0,0.0,0.0,2.25,1.0,solvability-pair-0072371-try_again_m,-0.25,2.0,0.0,2.0,0.0,try_again_m,8.0,0.0,-0.19999999999999996,2.0,0.8,-2.2,-2.2,1.0,0.0,0.0,0.0,0.0,0.9399133498259924,0.06008665017400762,solvability-pair-0072371,2.75,0.0,0.0,0.0,0.0,-2.25,0,0.0,TRY_AGAIN,test,solvability-pair-0072371-try_again_m:0,0.0,solvability,0.0,0.0,1.0,-2.25
1.0,0.0,0.0,0.0,1.0,1.0,0.8333333333333334,1,1.0,1.0,1.0,2.1666666666666665,1.0,solvability-pair-0072371-try_again_m,-0.16666666666666663,2.0,0.0,2.0,0.6931471805599453,try_again_m,8.0,0.125,-0.19999999999999996,2.0,0.8,-2.2,-2.2,1.0,1.0,0.0,0.0,0.0,0.9993736658418905,0.0006263341581094201,solvability-pair-0072371,7.375,1.0,1.0,1.0,1.0,-2.1666666666666665,1,0.0,TRY_AGAIN,test,solvability-pair-0072371-try_again_m:1,1.0,solvability,0.0,0.0,1.0,-2.1666666666666665
1.0,1.0,0.0,0.0,1.0,2.0,0.875,1,1.0,2.0,2.0,2.125,1.0,solvability-pair-0072371-try_again_m,-0.125,2.0,0.0,2.0,1.0986122886681098,try_again_m,8.0,0.25,-0.19999999999999996,2.0,0.8,-2.2,-2.2,1.0,1.0,1.0,0.0,0.0,0.9770226300899744,0.02297736991002561,solvability-pair-0072371,3.75,1.0,1.0,2.0,2.0,-2.125,2,1.0,TRY_AGAIN,test,solvability-pair-0072371-try_again_m:2,2.0,solvability,0.0,0.0,1.0,-2.125
1.0,1.0,1.0,0.0,1.0,3.0,0.9,1,1.0,3.0,3.0,2.1,1.0,solvability-pair-0072371-try_again_m,-0.09999999999999998,2.0,0.0,2.0,1.3862943611198906,try_again_m,8.0,0.375,-0.19999999999999996,2.0,0.8,-2.2,-2.2,1.0,1.0,1.0,1.0,0.0,0.9399133498259924,0.06008665017400762,solvability-pair-0072371,2.75,1.0,1.0,3.0,3.0,-2.1,3,1.0,TRY_AGAIN,test,solvability-pair-0072371-try_again_m:3,3.0,solvability,0.0,0.0,1.0,-2.1
1.0,1.0,1.0,0.0,1.0,4.0,0.9166666666666666,1,1.0,4.0,4.0,2.0833333333333335,1.0,solvability-pair-0072371-try_again_m,-0.08333333333333337,2.0,0.0,2.0,1.6094379124341003,try_again_m,8.0,0.5,-0.19999999999999996,2.0,0.8,-2.2,-2.2,-1.0,1.0,1.0,1.0,0.0,0.8354835371034369,0.1645164628965632,solvability-pair-0072371,1.625,1.0,1.0,4.0,4.0,-2.0833333333333335,4,1.0,TRY_AGAIN,test,solvability-pair-0072371-try_again_m:4,4.0,solvability,0.0,0.0,1.0,-2.0833333333333335
1.0,1.0,1.0,1.0,1.0,5.0,0.7857142857142857,0,1.0,5.0,3.0,2.2142857142857144,1.0,solvability-pair-0072371-try_again_m,-0.2142857142857143,2.0,1.0,2.0,1.791759469228055,try_again_m,8.0,0.625,-0.19999999999999996,2.0,0.8,-2.2,-2.2,0.0,-1.0,1.0,1.0,1.0,0.1480471980316895,0.8519528019683106,solvability-pair-0072371,-1.75,1.0,-1.0,4.0,4.0,-2.2142857142857144,5,1.0,GIVE_UP,test,solvability-pair-0072371-try_again_m:5,0.0,solvability,0.0,0.0,1.0,-2.2142857142857144
0.0,0.0,0.0,0.0,1.0,0.0,0.75,1,1.0,0.0,0.0,2.25,1.0,solvability-pair-0072371-try_again_n,-0.25,2.0,0.0,2.0,0.0,try_again_n,8.0,0.0,-0.19999999999999996,2.0,0.8,-2.2,-2.2,1.0,0.0,0.0,0.0,0.0,0.679178699175393,0.32082130082460697,solvability-pair-0072371,0.75,0.0,0.0,0.0,0.0,-2.25,0,0.0,TRY_AGAIN,test,solvability-pair-0072371-try_again_n:0,0.0,solvability,0.0,0.0,1.0,-2.25
1.0,0.0,0.0,0.0,1.0,1.0,0.8333333333333334,1,1.0,1.0,1.0,2.1666666666666665,1.0,solvability-pair-0072371-try_again_n,-0.16666666666666663,2.0,0.0,2.0,0.6931471805599453,try_again_n,8.0,0.125,-0.19999999999999996,2.0,0.8,-2.2,-2.2,1.0,1.0,0.0,0.0,0.0,0.9995694429186754,0.00043055708132461493,solvability-pair-0072371,7.75,1.0,1.0,1.0,1.0,-2.1666666666666665,1,0.0,TRY_AGAIN,test,solvability-pair-0072371-try_again_n:1,1.0,solvability,0.0,0.0,1.0,-2.1666666666666665
1.0,1.0,0.0,0.0,1.0,2.0,0.875,1,1.0,2.0,2.0,2.125,1.0,solvability-pair-0072371-try_again_n,-0.125,2.0,0.0,2.0,1.0986122886681098,try_again_n,8.0,0.25,-0.19999999999999996,2.0,0.8,-2.2,-2.2,1.0,1.0,1.0,0.0,0.0,0.9933071490757153,0.006692850924284856,solvability-pair-0072371,5.0,1.0,1.0,2.0,2.0,-2.125,2,1.0,TRY_AGAIN,test,solvability-pair-0072371-try_again_n:2,2.0,solvability,0.0,0.0,1.0,-2.125
1.0,1.0,1.0,0.0,1.0,3.0,0.9,1,1.0,3.0,3.0,2.1,1.0,solvability-pair-0072371-try_again_n,-0.09999999999999998,2.0,0.0,2.0,1.3862943611198906,try_again_n,8.0,0.375,-0.19999999999999996,2.0,0.8,-2.2,-2.2,1.0,1.0,1.0,1.0,0.0,0.9796676466573412,0.020332353342658753,solvability-pair-0072371,3.875,1.0,1.0,3.0,3.0,-2.1,3,1.0,TRY_AGAIN,test,solvability-pair-0072371-try_again_n:3,3.0,solvability,0.0,0.0,1.0,-2.1
1.0,1.0,1.0,0.0,1.0,4.0,0.9166666666666666,1,1.0,4.0,4.0,2.0833333333333335,1.0,solvability-pair-0072371-try_again_n,-0.08333333333333337,2.0,0.0,2.0,1.6094379124341003,try_again_n,8.0,0.5,-0.19999999999999996,2.0,0.8,-2.2,-2.2,-1.0,1.0,1.0,1.0,0.0,0.8670357598021706,0.13296424019782924,solvability-pair-0072371,1.875,1.0,1.0,4.0,4.0,-2.0833333333333335,4,1.0,TRY_AGAIN,test,solvability-pair-0072371-try_again_n:4,4.0,solvability,0.0,0.0,1.0,-2.0833333333333335
1.0,1.0,1.0,1.0,1.0,5.0,0.7857142857142857,0,1.0,5.0,3.0,2.2142857142857144,1.0,solvability-pair-0072371-try_again_n,-0.2142857142857143,2.0,1.0,2.0,1.791759469228055,try_again_n,8.0,0.625,-0.19999999999999996,2.0,0.8,-2.2,-2.2,0.0,-1.0,1.0,1.0,1.0,0.11920292202211755,0.8807970779778823,solvability-pair-0072371,-2.0,1.0,-1.0,4.0,4.0,-2.2142857142857144,5,1.0,GIVE_UP,test,solvability-pair-0072371-try_again_n:5,0.0,solvability,0.0,0.0,1.0,-2.2142857142857144
0.0,0.0,0.0,0.0,0.0,0.0,0.75,1,0.0,0.0,0.0,1.25,1.0,solvability-pair-0072372-try_again_m,0.75,2.0,0.0,2.0,0.0,try_again_m,8.0,0.0,0.8,2.0,0.8,-1.2,-1.2,1.0,0.0,0.0,0.0,0.0,0.9770226300899744,0.02297736991002561,solvability-pair-0072372,3.75,0.0,0.0,0.0,0.0,-1.25,0,0.0,TRY_AGAIN,validation,solvability-pair-0072372-try_again_m:0,0.0,solvability,0.0,0.0,1.0,-1.25
1.0,0.0,0.0,0.0,0.0,1.0,0.8333333333333334,1,0.0,0.0,1.0,1.1666666666666665,1.0,solvability-pair-0072372-try_again_m,0.8333333333333334,2.0,0.0,2.0,0.6931471805599453,try_again_m,8.0,0.125,0.8,2.0,0.8,-1.2,-1.2,1.0,1.0,0.0,0.0,0.0,0.9996646498695336,0.00033535013046647816,solvability-pair-0072372,8.0,1.0,1.0,1.0,1.0,-1.1666666666666665,1,0.0,TRY_AGAIN,validation,solvability-pair-0072372-try_again_m:1,1.0,solvability,0.0,0.0,1.0,-1.1666666666666665
1.0,1.0,0.0,0.0,0.0,2.0,0.875,1,0.0,0.0,2.0,1.125,1.0,solvability-pair-0072372-try_again_m,0.875,2.0,0.0,2.0,1.0986122886681098,try_again_m,8.0,0.25,0.8,2.0,0.8,-1.2,-1.2,-1.0,1.0,1.0,0.0,0.0,0.9924227587321393,0.007577241267860811,solvability-pair-0072372,4.875,1.0,1.0,2.0,2.0,-1.125,2,1.0,TRY_AGAIN,validation,solvability-pair-0072372-try_again_m:2,2.0,solvability,0.0,0.0,1.0,-1.125
1.0,1.0,1.0,0.0,0.0,3.0,0.7,1,0.0,0.0,1.0,1.3,1.0,solvability-pair-0072372-try_again_m,0.7,2.0,1.0,2.0,1.3862943611198906,try_again_m,8.0,0.375,0.8,2.0,0.8,-1.2,-1.2,1.0,-1.0,1.0,1.0,0.0,0.6513548646660542,0.34864513533394575,solvability-pair-0072372,0.625,1.0,-1.0,2.0,2.0,-1.3,3,1.0,TRY_AGAIN,validation,solvability-pair-0072372-try_again_m:3,0.0,solvability,0.0,0.0,1.0,-1.3
1.0,1.0,1.0,0.0,0.0,4.0,0.75,1,0.0,0.0,2.0,1.25,1.0,solvability-pair-0072372-try_again_m,0.75,2.0,0.0,2.0,1.6094379124341003,try_again_m,8.0,0.5,0.8,2.0,0.8,-1.2,-1.2,1.0,1.0,-1.0,1.0,0.0,0.9149009549929797,0.08509904500702024,solvability-pair-0072372,2.375,1.0,1.0,3.0,3.0,-1.25,4,1.0,TRY_AGAIN,validation,solvability-pair-0072372-try_again_m:4,1.0,solvability,0.0,0.0,1.0,-1.25
1.0,1.0,1.0,1.0,0.0,5.0,0.7857142857142857,1,0.0,0.0,3.0,1.2142857142857144,1.0,solvability-pair-0072372-try_again_m,0.7857142857142857,2.0,0.0,2.0,1.791759469228055,try_again_m,8.0,0.625,0.8,2.0,0.8,-1.2,-1.2,1.0,1.0,1.0,-1.0,1.0,0.7981867777396212,0.20181322226037882,solvability-pair-0072372,1.375,1.0,1.0,4.0,4.0,-1.2142857142857144,5,1.0,TRY_AGAIN,validation,solvability-pair-0072372-try_again_m:5,2.0,solvability,0.0,0.0,1.0,-1.2142857142857144
1.0,1.0,1.0,1.0,0.0,6.0,0.8125,1,0.0,0.0,4.0,1.1875,1.0,solvability-pair-0072372-try_again_m,0.8125,2.0,0.0,2.0,1.9459101490553132,try_again_m,8.0,0.75,0.8,2.0,0.8,-1.2,-1.2,1.0,1.0,1.0,1.0,1.0,0.8519528019683106,0.1480471980316895,solvability-pair-0072372,1.75,1.0,1.0,5.0,5.0,-1.1875,6,1.0,TRY_AGAIN,validation,solvability-pair-0072372-try_again_m:6,3.0,solvability,0.0,0.0,1.0,-1.1875
1.0,1.0,1.0,1.0,0.0,7.0,0.8333333333333334,1,0.0,0.0,5.0,1.1666666666666665,1.0,solvability-pair-0072372-try_again_m,0.8333333333333334,2.0,0.0,2.0,2.0794415416798357,try_again_m,8.0,0.875,0.8,2.0,0.8,-1.2,-1.2,-1.0,1.0,1.0,1.0,-1.0,0.5926665999540697,0.4073334000459302,solvability-pair-0072372,0.375,1.0,1.0,6.0,6.0,-1.1666666666666665,7,1.0,TRY_AGAIN,validation,solvability-pair-0072372-try_again_m:7,4.0,solvability,0.0,0.0,1.0,-1.1666666666666665
0.0,0.0,0.0,0.0,0.0,0.0,0.75,1,0.0,0.0,0.0,1.25,1.0,solvability-pair-0072372-try_again_n,0.75,2.0,0.0,2.0,0.0,try_again_n,8.0,0.0,0.8,2.0,0.8,-1.2,-1.2,1.0,0.0,0.0,0.0,0.0,0.7772998611746911,0.22270013882530884,solvability-pair-0072372,1.25,0.0,0.0,0.0,0.0,-1.25,0,0.0,TRY_AGAIN,validation,solvability-pair-0072372-try_again_n:0,0.0,solvability,0.0,0.0,1.0,-1.25
1.0,0.0,0.0,0.0,0.0,1.0,0.8333333333333334,1,0.0,0.0,1.0,1.1666666666666665,1.0,solvability-pair-0072372-try_again_n,0.8333333333333334,2.0,0.0,2.0,0.6931471805599453,try_again_n,8.0,0.125,0.8,2.0,0.8,-1.2,-1.2,1.0,1.0,0.0,0.0,0.0,0.9997694932780068,0.0002305067219931397,solvability-pair-0072372,8.375,1.0,1.0,1.0,1.0,-1.1666666666666665,1,0.0,TRY_AGAIN,validation,solvability-pair-0072372-try_again_n:1,1.0,solvability,0.0,0.0,1.0,-1.1666666666666665
1.0,1.0,0.0,0.0,0.0,2.0,0.875,1,0.0,0.0,2.0,1.125,1.0,solvability-pair-0072372-try_again_n,0.875,2.0,0.0,2.0,1.0986122886681098,try_again_n,8.0,0.25,0.8,2.0,0.8,-1.2,-1.2,-1.0,1.0,1.0,0.0,0.0,0.9953904278206259,0.004609572179374208,solvability-pair-0072372,5.375,1.0,1.0,2.0,2.0,-1.125,2,1.0,TRY_AGAIN,validation,solvability-pair-0072372-try_again_n:2,2.0,solvability,0.0,0.0,1.0,-1.125
1.0,1.0,1.0,0.0,0.0,3.0,0.7,1,0.0,0.0,1.0,1.3,1.0,solvability-pair-0072372-try_again_n,0.7,2.0,1.0,2.0,1.3862943611198906,try_again_n,8.0,0.375,0.8,2.0,0.8,-1.2,-1.2,1.0,-1.0,1.0,1.0,0.0,0.5621765008857981,0.4378234991142019,solvability-pair-0072372,0.25,1.0,-1.0,2.0,2.0,-1.3,3,1.0,TRY_AGAIN,validation,solvability-pair-0072372-try_again_n:3,0.0,solvability,0.0,0.0,1.0,-1.3
1.0,1.0,1.0,0.0,0.0,4.0,0.75,1,0.0,0.0,2.0,1.25,1.0,solvability-pair-0072372-try_again_n,0.75,2.0,0.0,2.0,1.6094379124341003,try_again_n,8.0,0.5,0.8,2.0,0.8,-1.2,-1.2,1.0,1.0,-1.0,1.0,0.0,0.9241418199787566,0.07585818002124356,solvability-pair-0072372,2.5,1.0,1.0,3.0,3.0,-1.25,4,1.0,TRY_AGAIN,validation,solvability-pair-0072372-try_again_n:4,1.0,solvability,0.0,0.0,1.0,-1.25
1.0,1.0,1.0,1.0,0.0,5.0,0.7857142857142857,1,0.0,0.0,3.0,1.2142857142857144,1.0,solvability-pair-0072372-try_again_n,0.7857142857142857,2.0,0.0,2.0,1.791759469228055,try_again_n,8.0,0.625,0.8,2.0,0.8,-1.2,-1.2,1.0,1.0,1.0,-1.0,1.0,0.7310585786300049,0.2689414213699951,solvability-pair-0072372,1.0,1.0,1.0,4.0,4.0,-1.2142857142857144,5,1.0,TRY_AGAIN,validation,solvability-pair-0072372-try_again_n:5,2.0,solvability,0.0,0.0,1.0,-1.2142857142857144
1.0,1.0,1.0,1.0,0.0,6.0,0.8125,1,0.0,0.0,4.0,1.1875,1.0,solvability-pair-0072372-try_again_n,0.8125,2.0,0.0,2.0,1.9459101490553132,try_again_n,8.0,0.75,0.8,2.0,0.8,-1.2,-1.2,1.0,1.0,1.0,1.0,1.0,0.7772998611746911,0.22270013882530884,solvability-pair-0072372,1.25,1.0,1.0,5.0,5.0,-1.1875,6,1.0,TRY_AGAIN,validation,solvability-pair-0072372-try_again_n:6,3.0,solvability,0.0,0.0,1.0,-1.1875
1.0,1.0,1.0,1.0,0.0,7.0,0.8333333333333334,1,0.0,0.0,5.0,1.1666666666666665,1.0,solvability-pair-0072372-try_again_n,0.8333333333333334,2.0,0.0,2.0,2.0794415416798357,try_again_n,8.0,0.875,0.8,2.0,0.8,-1.2,-1.2,-1.0,1.0,1.0,1.0,-1.0,0.46879062662624377,0.5312093733737563,solvability-pair-0072372,-0.125,1.0,1.0,6.0,6.0,-1.1666666666666665,7,1.0,TRY_AGAIN,validation,solvability-pair-0072372-try_again_n:7,4.0,solvability,0.0,0.0,1.0,-1.1666666666666665
0.0,0.0,0.0,0.0,1.0,0.0,0.5,0,1.0,0.0,0.0,2.5,0.0,solvability-pair-0072373-try_again_m,-0.5,2.0,0.0,2.0,0.0,try_again_m,8.0,0.0,-0.5,2.0,0.5,-2.5,-2.5,0.0,0.0,0.0,0.0,0.0,0.46879062662624377,0.5312093733737563,solvability-pair-0072373,-0.125,0.0,0.0,0.0,0.0,-2.5,0,0.0,GIVE_UP,train,solvability-pair-0072373-try_again_m:0,0.0,solvability,0.0,0.0,1.0,-2.5
0.0,0.0,0.0,0.0,1.0,0.0,0.5,0,1.0,0.0,0.0,2.5,0.0,solvability-pair-0072373-try_again_n,-0.5,2.0,0.0,2.0,0.0,try_again_n,8.0,0.0,-0.5,2.0,0.5,-2.5,-2.5,0.0,0.0,0.0,0.0,0.0,0.22270013882530884,0.7772998611746911,solvability-pair-0072373,-1.25,0.0,0.0,0.0,0.0,-2.5,0,0.0,GIVE_UP,train,solvability-pair-0072373-try_again_n:0,0.0,solvability,0.0,0.0,1.0,-2.5
0.0,0.0,0.0,0.0,1.0,0.0,0.5,0,1.0,0.0,0.0,0.5,0.0,solvability-pair-0072374-try_again_m,-0.5,0.0,0.0,0.0,0.0,try_again_m,8.0,0.0,-0.5,0.0,0.5,-0.5,-0.5,0.0,0.0,0.0,0.0,0.0,0.5621765008857981,0.4378234991142019,solvability-pair-0072374,0.25,0.0,0.0,0.0,0.0,-0.5,0,0.0,GIVE_UP,test,solvability-pair-0072374-try_again_m:0,0.0,solvability,0.0,0.0,1.0,-0.5
0.0,0.0,0.0,0.0,1.0,0.0,0.5,0,1.0,0.0,0.0,0.5,0.0,solvability-pair-0072374-try_again_n,-0.5,0.0,0.0,0.0,0.0,try_again_n,8.0,0.0,-0.5,0.0,0.5,-0.5,-0.5,0.0,0.0,0.0,0.0,0.0,0.2689414213699951,0.7310585786300049,solvability-pair-0072374,-1.0,0.0,0.0,0.0,0.0,-0.5,0,0.0,GIVE_UP,test,solvability-pair-0072374-try_again_n:0,0.0,solvability,0.0,0.0,1.0,-0.5
0.0,0.0,0.0,0.0,1.0,0.0,0.25,0,1.0,0.0,0.0,2.75,-1.0,solvability-pair-0072375-try_again_m,-0.75,2.0,0.0,2.0,0.0,try_again_m,8.0,0.0,-0.8,2.0,0.2,-2.8,-2.8,0.0,0.0,0.0,0.0,0.0,0.32082130082460697,0.679178699175393,solvability-pair-0072375,-0.75,0.0,0.0,0.0,0.0,-2.75,0,0.0,GIVE_UP,validation,solvability-pair-0072375-try_again_m:0,0.0,solvability,0.0,0.0,1.0,-2.75
0.0,0.0,0.0,0.0,1.0,0.0,0.25,0,1.0,0.0,0.0,2.75,-1.0,solvability-pair-0072375-try_again_n,-0.75,2.0,0.0,2.0,0.0,try_again_n,8.0,0.0,-0.8,2.0,0.2,-2.8,-2.8,0.0,0.0,0.0,0.0,0.0,0.18242552380635632,0.8175744761936437,solvability-pair-0072375,-1.5,0.0,0.0,0.0,0.0,-2.75,0,0.0,GIVE_UP,validation,solvability-pair-0072375-try_again_n:0,0.0,solvability,0.0,0.0,1.0,-2.75
0.0,0.0,0.0,0.0,1.0,0.0,0.75,1,1.0,0.0,0.0,0.25,1.0,solvability-pair-0072376-try_again_m,-0.25,0.0,0.0,0.0,0.0,try_again_m,8.0,0.0,-0.19999999999999996,0.0,0.8,-0.19999999999999996,-0.19999999999999996,1.0,0.0,0.0,0.0,0.0,0.9626731126558706,0.037326887344129464,solvability-pair-0072376,3.25,0.0,0.0,0.0,0.0,-0.25,0,0.0,TRY_AGAIN,train,solvability-pair-0072376-try_again_m:0,0.0,solvability,0.0,0.0,1.0,-0.25
1.0,0.0,0.0,0.0,1.0,1.0,0.8333333333333334,1,1.0,1.0,1.0,0.16666666666666663,1.0,solvability-pair-0072376-try_again_m,-0.16666666666666663,0.0,0.0,0.0,0.6931471805599453,try_again_m,8.0,0.125,-0.19999999999999996,0.0,0.8,-0.19999999999999996,-0.19999999999999996,1.0,1.0,0.0,0.0,0.0,0.9995694429186754,0.00043055708132461493,solvability-pair-0072376,7.75,1.0,1.0,1.0,1.0,-0.16666666666666663,1,0.0,TRY_AGAIN,train,solvability-pair-0072376-try_again_m:1,1.0,solvability,0.0,0.0,1.0,-0.16666666666666663
1.0,1.0,0.0,0.0,1.0,2.0,0.875,1,1.0,2.0,2.0,0.125,1.0,solvability-pair-0072376-try_again_m,-0.125,0.0,0.0,0.0,1.0986122886681098,try_again_m,8.0,0.25,-0.19999999999999996,0.0,0.8,-0.19999999999999996,-0.19999999999999996,1.0,1.0,1.0,0.0,0.0,0.991422514586288,0.008577485413711986,solvability-pair-0072376,4.75,1.0,1.0,2.0,2.0,-0.125,2,1.0,TRY_AGAIN,train,solvability-pair-0072376-try_again_m:2,2.0,solvability,0.0,0.0,1.0,-0.125
1.0,1.0,1.0,0.0,1.0,3.0,0.9,1,1.0,3.0,3.0,0.09999999999999998,1.0,solvability-pair-0072376-try_again_m,-0.09999999999999998,0.0,0.0,0.0,1.3862943611198906,try_again_m,8.0,0.375,-0.19999999999999996,0.0,0.8,-0.19999999999999996,-0.19999999999999996,-1.0,1.0,1.0,1.0,0.0,0.9770226300899744,0.02297736991002561,solvability-pair-0072376,3.75,1.0,1.0,3.0,3.0,-0.09999999999999998,3,1.0,TRY_AGAIN,train,solvability-pair-0072376-try_again_m:3,3.0,solvability,0.0,0.0,1.0,-0.09999999999999998
1.0,1.0,1.0,0.0,1.0,4.0,0.75,0,1.0,4.0,2.0,0.25,1.0,solvability-pair-0072376-try_again_m,-0.25,0.0,1.0,0.0,1.6094379124341003,try_again_m,8.0,0.5,-0.19999999999999996,0.0,0.8,-0.19999999999999996,-0.19999999999999996,0.0,-1.0,1.0,1.0,0.0,0.32082130082460697,0.679178699175393,solvability-pair-0072376,-0.75,1.0,-1.0,3.0,3.0,-0.25,4,1.0,GIVE_UP,train,solvability-pair-0072376-try_again_m:4,0.0,solvability,0.0,0.0,1.0,-0.25
0.0,0.0,0.0,0.0,1.0,0.0,0.75,1,1.0,0.0,0.0,0.25,1.0,solvability-pair-0072376-try_again_n,-0.25,0.0,0.0,0.0,0.0,try_again_n,8.0,0.0,-0.19999999999999996,0.0,0.8,-0.19999999999999996,-0.19999999999999996,1.0,0.0,0.0,0.0,0.0,0.7549149868676283,0.24508501313237172,solvability-pair-0072376,1.125,0.0,0.0,0.0,0.0,-0.25,0,0.0,TRY_AGAIN,train,solvability-pair-0072376-try_again_n:0,0.0,solvability,0.0,0.0,1.0,-0.25
1.0,0.0,0.0,0.0,1.0,1.0,0.8333333333333334,1,1.0,1.0,1.0,0.16666666666666663,1.0,solvability-pair-0072376-try_again_n,-0.16666666666666663,0.0,0.0,0.0,0.6931471805599453,try_again_n,8.0,0.125,-0.19999999999999996,0.0,0.8,-0.19999999999999996,-0.19999999999999996,1.0,1.0,0.0,0.0,0.0,0.9998204720306533,0.0001795279693467774,solvability-pair-0072376,8.625,1.0,1.0,1.0,1.0,-0.16666666666666663,1,0.0,TRY_AGAIN,train,solvability-pair-0072376-try_again_n:1,1.0,solvability,0.0,0.0,1.0,-0.16666666666666663
1.0,1.0,0.0,0.0,1.0,2.0,0.875,1,1.0,2.0,2.0,0.125,1.0,solvability-pair-0072376-try_again_n,-0.125,0.0,0.0,0.0,1.0986122886681098,try_again_n,8.0,0.25,-0.19999999999999996,0.0,0.8,-0.19999999999999996,-0.19999999999999996,1.0,1.0,1.0,0.0,0.0,0.9975273768433653,0.0024726231566347748,solvability-pair-0072376,6.0,1.0,1.0,2.0,2.0,-0.125,2,1.0,TRY_AGAIN,train,solvability-pair-0072376-try_again_n:2,2.0,solvability,0.0,0.0,1.0,-0.125
1.0,1.0,1.0,0.0,1.0,3.0,0.9,1,1.0,3.0,3.0,0.09999999999999998,1.0,solvability-pair-0072376-try_again_n,-0.09999999999999998,0.0,0.0,0.0,1.3862943611198906,try_again_n,8.0,0.375,-0.19999999999999996,0.0,0.8,-0.19999999999999996,-0.19999999999999996,-1.0,1.0,1.0,1.0,0.0,0.991422514586288,0.008577485413711986,solvability-pair-0072376,4.75,1.0,1.0,3.0,3.0,-0.09999999999999998,3,1.0,TRY_AGAIN,train,solvability-pair-0072376-try_again_n:3,3.0,solvability,0.0,0.0,1.0,-0.09999999999999998
1.0,1.0,1.0,0.0,1.0,4.0,0.75,0,1.0,4.0,2.0,0.25,1.0,solvability-pair-0072376-try_again_n,-0.25,0.0,1.0,0.0,1.6094379124341003,try_again_n,8.0,0.5,-0.19999999999999996,0.0,0.8,-0.19999999999999996,-0.19999999999999996,0.0,-1.0,1.0,1.0,0.0,0.2689414213699951,0.7310585786300049,solvability-pair-0072376,-1.0,1.0,-1.0,3.0,3.0,-0.25,4,1.0,GIVE_UP,train,solvability-pair-0072376-try_again_n:4,0.0,solvability,0.0,0.0,1.0,-0.25
0.0,0.0,0.0,0.0,0.0,0.0,0.5,1,0.0,0.0,0.0,1.5,0.0,solvability-pair-0072377-try_again_m,0.5,2.0,0.0,2.0,0.0,try_again_m,8.0,0.0,0.5,2.0,0.5,-1.5,-1.5,-1.0,0.0,0.0,0.0,0.0,0.6224593312018546,0.37754066879814546,solvability-pair-0072377,0.5,0.0,0.0,0.0,0.0,-1.5,0,0.0,TRY_AGAIN,train,solvability-pair-0072377-try_again_m:0,0.0,solvability,0.0,0.0,1.0,-1.5
1.0,0.0,0.0,0.0,0.0,1.0,0.3333333333333333,0,0.0,0.0,-1.0,1.6666666666666667,0.0,solvability-pair-0072377-try_again_m,0.3333333333333333,2.0,1.0,2.0,0.6931471805599453,try_again_m,8.0,0.125,0.5,2.0,0.5,-1.5,-1.5,0.0,-1.0,0.0,0.0,0.0,0.04208772791561884,0.9579122720843811,solvability-pair-0072377,-3.125,1.0,-1.0,0.0,0.0,-1.6666666666666667,1,0.0,GIVE_UP,train,solvability-pair-0072377-try_again_m:1,0.0,solvability,0.0,0.0,1.0,-1.6666666666666667
0.0,0.0,0.0,0.0,0.0,0.0,0.5,0,0.0,0.0,0.0,1.5,0.0,solvability-pair-0072377-try_again_n,0.5,2.0,0.0,2.0,0.0,try_again_n,8.0,0.0,0.5,2.0,0.5,-1.5,-1.5,0.0,0.0,0.0,0.0,0.0,0.2689414213699951,0.7310585786300049,solvability-pair-0072377,-1.0,0.0,0.0,0.0,0.0,-1.5,0,0.0,GIVE_UP,train,solvability-pair-0072377-try_again_n:0,0.0,solvability,0.0,0.0,1.0,-1.5
0.0,0.0,0.0,0.0,0.0,0.0,0.5,1,0.0,0.0,0.0,-0.5,0.0,solvability-pair-0072378-try_again_m,0.5,0.0,0.0,0.0,0.0,try_again_m,8.0,0.0,0.5,0.0,0.5,0.5,0.5,-1.0,0.0,0.0,0.0,0.0,0.7549149868676283,0.24508501313237172,solvability-pair-0072378,1.125,0.0,0.0,0.0,0.0,0.5,0,0.0,TRY_AGAIN,train,solvability-pair-0072378-try_again_m:0,0.0,solvability,0.0,0.0,1.0,0.5
1.0,0.0,0.0,0.0,0.0,1.0,0.3333333333333333,0,0.0,0.0,-1.0,-0.3333333333333333,0.0,solvability-pair-0072378-try_again_m,0.3333333333333333,0.0,1.0,0.0,0.6931471805599453,try_again_m,8.0,0.125,0.5,0.0,0.5,0.5,0.5,0.0,-1.0,0.0,0.0,0.0,0.037326887344129464,0.9626731126558706,solvability-pair-0072378,-3.25,1.0,-1.0,0.0,0.0,0.3333333333333333,1,0.0,GIVE_UP,train,solvability-pair-0072378-try_again_m:1,0.0,solvability,0.0,0.0,1.0,0.3333333333333333
0.0,0.0,0.0,0.0,0.0,0.0,0.5,0,0.0,0.0,0.0,-0.5,0.0,solvability-pair-0072378-try_again_n,0.5,0.0,0.0,0.0,0.0,try_again_n,8.0,0.0,0.5,0.0,0.5,0.5,0.5,0.0,0.0,0.0,0.0,0.0,0.34864513533394575,0.6513548646660542,solvability-pair-0072378,-0.625,0.0,0.0,0.0,0.0,0.5,0,0.0,GIVE_UP,train,solvability-pair-0072378-try_again_n:0,0.0,solvability,0.0,0.0,1.0,0.5
0.0,0.0,0.0,0.0,0.0,0.0,0.25,0,0.0,0.0,0.0,-0.25,-1.0,solvability-pair-0072379-try_again_m,0.25,0.0,0.0,0.0,0.0,try_again_m,8.0,0.0,0.2,0.0,0.2,0.2,0.2,0.0,0.0,0.0,0.0,0.0,0.5,0.5,solvability-pair-0072379,0.0,0.0,0.0,0.0,0.0,0.25,0,0.0,GIVE_UP,test,solvability-pair-0072379-try_again_m:0,0.0,solvability,0.0,0.0,1.0,0.25
0.0,0.0,0.0,0.0,0.0,0.0,0.25,0,0.0,0.0,0.0,-0.25,-1.0,solvability-pair-0072379-try_again_n,0.25,0.0,0.0,0.0,0.0,try_again_n,8.0,0.0,0.2,0.0,0.2,0.2,0.2,0.0,0.0,0.0,0.0,0.0,0.22270013882530884,0.7772998611746911,solvability-pair-0072379,-1.25,0.0,0.0,0.0,0.0,0.25,0,0.0,GIVE_UP,test,solvability-pair-0072379-try_again_n:0,0.0,solvability,0.0,0.0,1.0,0.25
0.0,0.0,0.0,0.0,0.0,0.0,0.25,0,0.0,0.0,0.0,1.75,-1.0,solvability-pair-0072380-try_again_m,0.25,2.0,0.0,2.0,0.0,try_again_m,8.0,0.0,0.2,2.0,0.2,-1.8,-1.8,0.0,0.0,0.0,0.0,0.0,0.4073334000459302,0.5926665999540697,solvability-pair-0072380,-0.375,0.0,0.0,0.0,0.0,-1.75,0,0.0,GIVE_UP,train,solvability-pair-0072380-try_again_m:0,0.0,solvability,0.0,0.0,1.0,-1.75
0.0,0.0,0.0,0.0,0.0,0.0,0.25,0,0.0,0.0,0.0,1.75,-1.0,solvability-pair-0072380-try_again_n,0.25,2.0,0.0,2.0,0.0,try_again_n,8.0,0.0,0.2,2.0,0.2,-1.8,-1.8,0.0,0.0,0.0,0.0,0.0,0.20181322226037882,0.7981867777396212,solvability-pair-0072380,-1.375,0.0,0.0,0.0,0.0,-1.75,0,0.0,GIVE_UP,train,solvability-pair-0072380-try_again_n:0,0.0,solvability,0.0,0.0,1.0,-1.75
0.0,0.0,0.0,0.0,1.0,0.0,0.25,0,1.0,0.0,0.0,0.75,-1.0,solvability-pair-0072381-try_again_m,-0.75,0.0,0.0,0.0,0.0,try_again_m,8.0,0.0,-0.8,0.0,0.2,-0.8,-0.8,0.0,0.0,0.0,0.0,0.0,0.37754066879814546,0.6224593312018546,solvability-pair-0072381,-0.5,0.0,0.0,0.0,0.0,-0.75,0,0.0,GIVE_UP,train,solvability-pair-0072381-try_again_m:0,0.0,solvability,0.0,0.0,1.0,-0.75
0.0,0.0,0.0,0.0,1.0,0.0,0.25,0,1.0,0.0,0.0,0.75,-1.0,solvability-pair-0072381-try_again_n,-0.75,0.0,0.0,0.0,0.0,try_again_n,8.0,0.0,-0.8,0.0,0.2,-0.8,-0.8,0.0,0.0,0.0,0.0,0.0,0.22270013882530884,0.7772998611746911,solvability-pair-0072381,-1.25,0.0,0.0,0.0,0.0,-0.75,0,0.0,GIVE_UP,train,solvability-pair-0072381-try_again_n:0,0.0,solvability,0.0,0.0,1.0,-0.75
0.0,0.0,0.0,0.0,0.0,0.0,0.75,1,0.0,0.0,0.0,-0.75,1.0,solvability-pair-0072382-try_again_m,0.75,0.0,0.0,0.0,0.0,try_again_m,8.0,0.0,0.8,0.0,0.8,0.8,0.8,1.0,0.0,0.0,0.0,0.0,0.9840936082881853,0.01590639171181471,solvability-pair-0072382,4.125,0.0,0.0,0.0,0.0,0.75,0,0.0,TRY_AGAIN,validation,solvability-pair-0072382-try_again_m:0,0.0,solvability,0.0,0.0,1.0,0.75
1.0,0.0,0.0,0.0,0.0,1.0,0.8333333333333334,1,0.0,0.0,1.0,-0.8333333333333334,1.0,solvability-pair-0072382-try_again_m,0.8333333333333334,0.0,0.0,0.0,0.6931471805599453,try_again_m,8.0,0.125,0.8,0.0,0.8,0.8,0.8,1.0,1.0,0.0,0.0,0.0,0.9997965730219448,0.0002034269780552065,solvability-pair-0072382,8.5,1.0,1.0,1.0,1.0,0.8333333333333334,1,0.0,TRY_AGAIN,validation,solvability-pair-0072382-try_again_m:1,1.0,solvability,0.0,0.0,1.0,0.8333333333333334
1.0,1.0,0.0,0.0,0.0,2.0,0.875,1,0.0,0.0,2.0,-0.875,1.0,solvability-pair-0072382-try_again_m,0.875,0.0,0.0,0.0,1.0986122886681098,try_again_m,8.0,0.25,0.8,0.0,0.8,0.8,0.8,1.0,1.0,1.0,0.0,0.0,0.9968273171575148,0.0031726828424851893,solvability-pair-0072382,5.75,1.0,1.0,2.0,2.0,0.875,2,1.0,TRY_AGAIN,validation,solvability-pair-0072382-try_again_m:2,2.0,solvability,0.0,0.0,1.0,0.875
1.0,1.0,1.0,0.0,0.0,3.0,0.9,1,0.0,0.0,3.0,-0.9,1.0,solvability-pair-0072382-try_again_m,0.9,0.0,0.0,0.0,1.3862943611198906,try_again_m,8.0,0.375,0.8,0.0,0.8,0.8,0.8,1.0,1.0,1.0,1.0,0.0,0.9940889311437562,0.005911068856243796,solvability-pair-0072382,5.125,1.0,1.0,3.0,3.0,0.9,3,1.0,TRY_AGAIN,validation,solvability-pair-0072382-try_again_m:3,3.0,solvability,0.0,0.0,1.0,0.9
1.0,1.0,1.0,0.0,0.0,4.0,0.9166666666666666,1,0.0,0.0,4.0,-0.9166666666666666,1.0,solvability-pair-0072382-try_again_m,0.9166666666666666,0.0,0.0,0.0,1.6094379124341003,try_again_m,8.0,0.5,0.8,0.0,0.8,0.8,0.8,1.0,1.0,1.0,1.0,0.0,0.9706877692486436,0.029312230751356316,solvability-pair-0072382,3.5,1.0,1.0,4.0,4.0,0.9166666666666666,4,1.0,TRY_AGAIN,validation,solvability-pair-0072382-try_again_m:4,4.0,solvability,0.0,0.0,1.0,0.9166666666666666
1.0,1.0,1.0,1.0,0.0,5.0,0.9285714285714286,1,0.0,0.0,5.0,-0.9285714285714286,1.0,solvability-pair-0072382-try_again_m,0.9285714285714286,0.0,0.0,0.0,1.791759469228055,try_again_m,8.0,0.625,0.8,0.0,0.8,0.8,0.8,1.0,1.0,1.0,1.0,1.0,0.9324533088603709,0.0675466911396291,solvability-pair-0072382,2.625,1.0,1.0,5.0,5.0,0.9285714285714286,5,1.0,TRY_AGAIN,validation,solvability-pair-0072382-try_again_m:5,5.0,solvability,0.0,0.0,1.0,0.9285714285714286
1.0,1.0,1.0,1.0,0.0,6.0,0.9375,1,0.0,0.0,6.0,-0.9375,1.0,solvability-pair-0072382-try_again_m,0.9375,0.0,0.0,0.0,1.9459101490553132,try_again_m,8.0,0.75,0.8,0.0,0.8,0.8,0.8,1.0,1.0,1.0,1.0,1.0,0.9046505351008906,0.0953494648991095,solvability-pair-0072382,2.25,1.0,1.0,6.0,6.0,0.9375,6,1.0,TRY_AGAIN,validation,solvability-pair-0072382-try_again_m:6,6.0,solvability,0.0,0.0,1.0,0.9375
1.0,1.0,1.0,1.0,0.0,7.0,0.9444444444444444,1,0.0,0.0,7.0,-0.9444444444444444,1.0,solvability-pair-0072382-try_again_m,0.9444444444444444,0.0,0.0,0.0,2.0794415416798357,try_again_m,8.0,0.875,0.8,0.0,0.8,0.8,0.8,1.0,1.0,1.0,1.0,1.0,0.7772998611746911,0.22270013882530884,solvability-pair-0072382,1.25,1.0,1.0,7.0,7.0,0.9444444444444444,7,1.0,TRY_AGAIN,validation,solvability-pair-0072382-try_again_m:7,7.0,solvability,0.0,0.0,1.0,0.9444444444444444
0.0,0.0,0.0,0.0,0.0,0.0,0.75,1,0.0,0.0,0.0,-0.75,1.0,solvability-pair-0072382-try_again_n,0.75,0.0,0.0,0.0,0.0,try_again_n,8.0,0.0,0.8,0.0,0.8,0.8,0.8,1.0,0.0,0.0,0.0,0.0,0.8175744761936437,0.18242552380635632,solvability-pair-0072382,1.5,0.0,0.0,0.0,0.0,0.75,0,0.0,TRY_AGAIN,validation,solvability-pair-0072382-try_again_n:0,0.0,solvability,0.0,0.0,1.0,0.75
1.0,0.0,0.0,0.0,0.0,1.0,0.8333333333333334,1,0.0,0.0,1.0,-0.8333333333333334,1.0,solvability-pair-0072382-try_again_n,0.8333333333333334,0.0,0.0,0.0,0.6931471805599453,try_again_n,8.0,0.125,0.8,0.0,0.8,0.8,0.8,1.0,1.0,0.0,0.0,0.0,0.9999251537724895,7.484622751061124e-05,solvability-pair-0072382,9.5,1.0,1.0,1.0,1.0,0.8333333333333334,1,0.0,TRY_AGAIN,validation,solvability-pair-0072382-try_again_n:1,1.0,solvability,0.0,0.0,1.0,0.8333333333333334
1.0,1.0,0.0,0.0,0.0,2.0,0.875,1,0.0,0.0,2.0,-0.875,1.0,solvability-pair-0072382-try_again_n,0.875,0.0,0.0,0.0,1.0986122886681098,try_again_n,8.0,0.25,0.8,0.0,0.8,0.8,0.8,1.0,1.0,1.0,0.0,0.0,0.9990889488055994,0.0009110511944006454,solvability-pair-0072382,7.0,1.0,1.0,2.0,2.0,0.875,2,1.0,TRY_AGAIN,validation,solvability-pair-0072382-try_again_n:2,2.0,solvability,0.0,0.0,1.0,0.875
1.0,1.0,1.0,0.0,0.0,3.0,0.9,1,0.0,0.0,3.0,-0.9,1.0,solvability-pair-0072382-try_again_n,0.9,0.0,0.0,0.0,1.3862943611198906,try_again_n,8.0,0.375,0.8,0.0,0.8,0.8,0.8,1.0,1.0,1.0,1.0,0.0,0.9980732653366725,0.0019267346633274755,solvability-pair-0072382,6.25,1.0,1.0,3.0,3.0,0.9,3,1.0,TRY_AGAIN,validation,solvability-pair-0072382-try_again_n:3,3.0,solvability,0.0,0.0,1.0,0.9
1.0,1.0,1.0,0.0,0.0,4.0,0.9166666666666666,1,0.0,0.0,4.0,-0.9166666666666666,1.0,solvability-pair-0072382-try_again_n,0.9166666666666666,0.0,0.0,0.0,1.6094379124341003,try_again_n,8.0,0.5,0.8,0.0,0.8,0.8,0.8,1.0,1.0,1.0,1.0,0.0,0.9796676466573412,0.020332353342658753,solvability-pair-0072382,3.875,1.0,1.0,4.0,4.0,0.9166666666666666,4,1.0,TRY_AGAIN,validation,solvability-pair-0072382-try_again_n:4,4.0,solvability,0.0,0.0,1.0,0.9166666666666666
1.0,1.0,1.0,1.0,0.0,5.0,0.9285714285714286,1,0.0,0.0,5.0,-0.9285714285714286,1.0,solvability-pair-0072382-try_again_n,0.9285714285714286,0.0,0.0,0.0,1.791759469228055,try_again_n,8.0,0.625,0.8,0.0,0.8,0.8,0.8,1.0,1.0,1.0,1.0,1.0,0.9465966702001757,0.053403329799824234,solvability-pair-0072382,2.875,1.0,1.0,5.0,5.0,0.9285714285714286,5,1.0,TRY_AGAIN,validation,solvability-pair-0072382-try_again_n:5,5.0,solvability,0.0,0.0,1.0,0.9285714285714286
1.0,1.0,1.0,1.0,0.0,6.0,0.9375,1,0.0,0.0,6.0,-0.9375,1.0,solvability-pair-0072382-try_again_n,0.9375,0.0,0.0,0.0,1.9459101490553132,try_again_n,8.0,0.75,0.8,0.0,0.8,0.8,0.8,1.0,1.0,1.0,1.0,1.0,0.8933094060543487,0.10669059394565118,solvability-pair-0072382,2.125,1.0,1.0,6.0,6.0,0.9375,6,1.0,TRY_AGAIN,validation,solvability-pair-0072382-try_again_n:6,6.0,solvability,0.0,0.0,1.0,0.9375
1.0,1.0,1.0,1.0,0.0,7.0,0.9444444444444444,0,0.0,0.0,7.0,-0.9444444444444444,1.0,solvability-pair-0072382-try_again_n,0.9444444444444444,0.0,0.0,0.0,2.0794415416798357,try_again_n,8.0,0.875,0.8,0.0,0.8,0.8,0.8,0.0,1.0,1.0,1.0,1.0,0.6513548646660542,0.34864513533394575,solvability-pair-0072382,0.625,1.0,1.0,7.0,7.0,0.9444444444444444,7,1.0,GIVE_UP,validation,solvability-pair-0072382-try_again_n:7,7.0,solvability,0.0,0.0,1.0,0.9444444444444444
0.0,0.0,0.0,0.0,1.0,0.0,0.75,1,1.0,0.0,0.0,2.25,1.0,solvability-pair-0072383-try_again_m,-0.25,2.0,0.0,2.0,0.0,try_again_m,8.0,0.0,-0.19999999999999996,2.0,0.8,-2.2,-2.2,-1.0,0.0,0.0,0.0,0.0,0.9399133498259924,0.06008665017400762,solvability-pair-0072383,2.75,0.0,0.0,0.0,0.0,-2.25,0,0.0,TRY_AGAIN,train,solvability-pair-0072383-try_again_m:0,0.0,solvability,0.0,0.0,1.0,-2.25
1.0,0.0,0.0,0.0,1.0,1.0,0.5,0,1.0,1.0,-1.0,2.5,1.0,solvability-pair-0072383-try_again_m,-0.5,2.0,1.0,2.0,0.6931471805599453,try_again_m,8.0,0.125,-0.19999999999999996,2.0,0.8,-2.2,-2.2,0.0,-1.0,0.0,0.0,0.0,0.07585818002124356,0.9241418199787566,solvability-pair-0072383,-2.5,1.0,-1.0,0.0,0.0,-2.5,1,0.0,GIVE_UP,train,solvability-pair-0072383-try_again_m:1,0.0,solvability,0.0,0.0,1.0,-2.5
0.0,0.0,0.0,0.0,1.0,0.0,0.75,1,1.0,0.0,0.0,2.25,1.0,solvability-pair-0072383-try_again_n,-0.25,2.0,0.0,2.0,0.0,try_again_n,8.0,0.0,-0.19999999999999996,2.0,0.8,-2.2,-2.2,-1.0,0.0,0.0,0.0,0.0,0.679178699175393,0.32082130082460697,solvability-pair-0072383,0.75,0.0,0.0,0.0,0.0,-2.25,0,0.0,TRY_AGAIN,train,solvability-pair-0072383-try_again_n:0,0.0,solvability,0.0,0.0,1.0,-2.25
1.0,0.0,0.0,0.0,1.0,1.0,0.5,0,1.0,1.0,-1.0,2.5,1.0,solvability-pair-0072383-try_again_n,-0.5,2.0,1.0,2.0,0.6931471805599453,try_again_n,8.0,0.125,-0.19999999999999996,2.0,0.8,-2.2,-2.2,0.0,-1.0,0.0,0.0,0.0,0.08509904500702024,0.9149009549929797,solvability-pair-0072383,-2.375,1.0,-1.0,0.0,0.0,-2.5,1,0.0,GIVE_UP,train,solvability-pair-0072383-try_again_n:1,0.0,solvability,0.0,0.0,1.0,-2.5
0.0,0.0,0.0,0.0,0.0,0.0,0.75,1,0.0,0.0,0.0,1.25,1.0,solvability-pair-0072384-try_again_m,0.75,2.0,0.0,2.0,0.0,try_again_m,8.0,0.0,0.8,2.0,0.8,-1.2,-1.2,1.0,0.0,0.0,0.0,0.0,0.9770226300899744,0.02297736991002561,solvability-pair-0072384,3.75,0.0,0.0,0.0,0.0,-1.25,0,0.0,TRY_AGAIN,test,solvability-pair-0072384-try_again_m:0,0.0,solvability,0.0,0.0,1.0,-1.25
1.0,0.0,0.0,0.0,0.0,1.0,0.8333333333333334,1,0.0,0.0,1.0,1.1666666666666665,1.0,solvability-pair-0072384-try_again_m,0.8333333333333334,2.0,0.0,2.0,0.6931471805599453,try_again_m,8.0,0.125,0.8,2.0,0.8,-1.2,-1.2,1.0,1.0,0.0,0.0,0.0,0.9996646498695336,0.00033535013046647816,solvability-pair-0072384,8.0,1.0,1.0,1.0,1.0,-1.1666666666666665,1,0.0,TRY_AGAIN,test,solvability-pair-0072384-try_again_m:1,1.0,solvability,0.0,0.0,1.0,-1.1666666666666665
1.0,1.0,0.0,0.0,0.0,2.0,0.875,1,0.0,0.0,2.0,1.125,1.0,solvability-pair-0072384-try_again_m,0.875,2.0,0.0,2.0,1.0986122886681098,try_again_m,8.0,0.25,0.8,2.0,0.8,-1.2,-1.2,-1.0,1.0,1.0,0.0,0.0,0.9924227587321393,0.007577241267860811,solvability-pair-0072384,4.875,1.0,1.0,2.0,2.0,-1.125,2,1.0,TRY_AGAIN,test,solvability-pair-0072384-try_again_m:2,2.0,solvability,0.0,0.0,1.0,-1.125
1.0,1.0,1.0,0.0,0.0,3.0,0.7,1,0.0,0.0,1.0,1.3,1.0,solvability-pair-0072384-try_again_m,0.7,2.0,1.0,2.0,1.3862943611198906,try_again_m,8.0,0.375,0.8,2.0,0.8,-1.2,-1.2,1.0,-1.0,1.0,1.0,0.0,0.6513548646660542,0.34864513533394575,solvability-pair-0072384,0.625,1.0,-1.0,2.0,2.0,-1.3,3,1.0,TRY_AGAIN,test,solvability-pair-0072384-try_again_m:3,0.0,solvability,0.0,0.0,1.0,-1.3
1.0,1.0,1.0,0.0,0.0,4.0,0.75,1,0.0,0.0,2.0,1.25,1.0,solvability-pair-0072384-try_again_m,0.75,2.0,0.0,2.0,1.6094379124341003,try_again_m,8.0,0.5,0.8,2.0,0.8,-1.2,-1.2,-1.0,1.0,-1.0,1.0,0.0,0.9149009549929797,0.08509904500702024,solvability-pair-0072384,2.375,1.0,1.0,3.0,3.0,-1.25,4,1.0,TRY_AGAIN,test,solvability-pair-0072384-try_again_m:4,1.0,solvability,0.0,0.0,1.0,-1.25
1.0,1.0,1.0,1.0,0.0,5.0,0.6428571428571429,1,0.0,0.0,1.0,1.3571428571428572,1.0,solvability-pair-0072384-try_again_m,0.6428571428571429,2.0,1.0,2.0,1.791759469228055,try_again_m,8.0,0.625,0.8,2.0,0.8,-1.2,-1.2,-1.0,-1.0,1.0,-1.0,1.0,0.4073334000459302,0.5926665999540697,solvability-pair-0072384,-0.375,1.0,-1.0,3.0,3.0,-1.3571428571428572,5,1.0,TRY_AGAIN,test,solvability-pair-0072384-try_again_m:5,0.0,solvability,0.0,0.0,1.0,-1.3571428571428572
1.0,1.0,1.0,1.0,0.0,6.0,0.5625,0,0.0,0.0,0.0,1.4375,1.0,solvability-pair-0072384-try_again_m,0.5625,2.0,2.0,2.0,1.9459101490553132,try_again_m,8.0,0.75,0.8,2.0,0.8,-1.2,-1.2,0.0,-1.0,-1.0,1.0,1.0,0.2689414213699951,0.7310585786300049,solvability-pair-0072384,-1.0,1.0,-1.0,3.0,3.0,-1.4375,6,1.0,GIVE_UP,test,solvability-pair-0072384-try_again_m:6,0.0,solvability,0.0,0.0,1.0,-1.4375
0.0,0.0,0.0,0.0,0.0,0.0,0.75,1,0.0,0.0,0.0,1.25,1.0,solvability-pair-0072384-try_again_n,0.75,2.0,0.0,2.0,0.0,try_again_n,8.0,0.0,0.8,2.0,0.8,-1.2,-1.2,1.0,0.0,0.0,0.0,0.0,0.7772998611746911,0.22270013882530884,solvability-pair-0072384,1.25,0.0,0.0,0.0,0.0,-1.25,0,0.0,TRY_AGAIN,test,solvability-pair-0072384-try_again_n:0,0.0,solvability,0.0,0.0,1.0,-1.25
1.0,0.0,0.0,0.0,0.0,1.0,0.8333333333333334,1,0.0,0.0,1.0,1.1666666666666665,1.0,solvability-pair-0072384-try_again_n,0.8333333333333334,2.0,0.0,2.0,0.6931471805599453,try_again_n,8.0,0.125,0.8,2.0,0.8,-1.2,-1.2,1.0,1.0,0.0,0.0,0.0,0.9997694932780068,0.0002305067219931397,solvability-pair-0072384,8.375,1.0,1.0,1.0,1.0,-1.1666666666666665,1,0.0,TRY_AGAIN,test,solvability-pair-0072384-try_again_n:1,1.0,solvability,0.0,0.0,1.0,-1.1666666666666665
1.0,1.0,0.0,0.0,0.0,2.0,0.875,1,0.0,0.0,2.0,1.125,1.0,solvability-pair-0072384-try_again_n,0.875,2.0,0.0,2.0,1.0986122886681098,try_again_n,8.0,0.25,0.8,2.0,0.8,-1.2,-1.2,-1.0,1.0,1.0,0.0,0.0,0.9953904278206259,0.004609572179374208,solvability-pair-0072384,5.375,1.0,1.0,2.0,2.0,-1.125,2,1.0,TRY_AGAIN,test,solvability-pair-0072384-try_again_n:2,2.0,solvability,0.0,0.0,1.0,-1.125
1.0,1.0,1.0,0.0,0.0,3.0,0.7,1,0.0,0.0,1.0,1.3,1.0,solvability-pair-0072384-try_again_n,0.7,2.0,1.0,2.0,1.3862943611198906,try_again_n,8.0,0.375,0.8,2.0,0.8,-1.2,-1.2,1.0,-1.0,1.0,1.0,0.0,0.5621765008857981,0.4378234991142019,solvability-pair-0072384,0.25,1.0,-1.0,2.0,2.0,-1.3,3,1.0,TRY_AGAIN,test,solvability-pair-0072384-try_again_n:3,0.0,solvability,0.0,0.0,1.0,-1.3
1.0,1.0,1.0,0.0,0.0,4.0,0.75,1,0.0,0.0,2.0,1.25,1.0,solvability-pair-0072384-try_again_n,0.75,2.0,0.0,2.0,1.6094379124341003,try_again_n,8.0,0.5,0.8,2.0,0.8,-1.2,-1.2,-1.0,1.0,-1.0,1.0,0.0,0.9241418199787566,0.07585818002124356,solvability-pair-0072384,2.5,1.0,1.0,3.0,3.0,-1.25,4,1.0,TRY_AGAIN,test,solvability-pair-0072384-try_again_n:4,1.0,solvability,0.0,0.0,1.0,-1.25
1.0,1.0,1.0,1.0,0.0,5.0,0.6428571428571429,1,0.0,0.0,1.0,1.3571428571428572,1.0,solvability-pair-0072384-try_again_n,0.6428571428571429,2.0,1.0,2.0,1.791759469228055,try_again_n,8.0,0.625,0.8,2.0,0.8,-1.2,-1.2,-1.0,-1.0,1.0,-1.0,1.0,0.4378234991142019,0.5621765008857981,solvability-pair-0072384,-0.25,1.0,-1.0,3.0,3.0,-1.3571428571428572,5,1.0,TRY_AGAIN,test,solvability-pair-0072384-try_again_n:5,0.0,solvability,0.0,0.0,1.0,-1.3571428571428572
1.0,1.0,1.0,1.0,0.0,6.0,0.5625,0,0.0,0.0,0.0,1.4375,1.0,solvability-pair-0072384-try_again_n,0.5625,2.0,2.0,2.0,1.9459101490553132,try_again_n,8.0,0.75,0.8,2.0,0.8,-1.2,-1.2,0.0,-1.0,-1.0,1.0,1.0,0.32082130082460697,0.679178699175393,solvability-pair-0072384,-0.75,1.0,-1.0,3.0,3.0,-1.4375,6,1.0,GIVE_UP,test,solvability-pair-0072384-try_again_n:6,0.0,solvability,0.0,0.0,1.0,-1.4375
0.0,0.0,0.0,0.0,1.0,0.0,0.5,1,1.0,0.0,0.0,2.5,0.0,solvability-pair-0072385-try_again_m,-0.5,2.0,0.0,2.0,0.0,try_again_m,8.0,0.0,-0.5,2.0,0.5,-2.5,-2.5,1.0,0.0,0.0,0.0,0.0,0.46879062662624377,0.5312093733737563,solvability-pair-0072385,-0.125,0.0,0.0,0.0,0.0,-2.5,0,0.0,TRY_AGAIN,train,solvability-pair-0072385-try_again_m:0,0.0,solvability,0.0,0.0,1.0,-2.5
1.0,0.0,0.0,0.0,1.0,1.0,0.6666666666666666,1,1.0,1.0,1.0,2.3333333333333335,0.0,solvability-pair-0072385-try_again_m,-0.33333333333333337,2.0,0.0,2.0,0.6931471805599453,try_again_m,8.0,0.125,-0.5,2.0,0.5,-2.5,-2.5,1.0,1.0,0.0,0.0,0.0,0.995929862284104,0.004070137715896127,solvability-pair-0072385,5.5,1.0,1.0,1.0,1.0,-2.3333333333333335,1,0.0,TRY_AGAIN,train,solvability-pair-0072385-try_again_m:1,1.0,solvability,0.0,0.0,1.0,-2.3333333333333335
1.0,1.0,0.0,0.0,1.0,2.0,0.75,1,1.0,2.0,2.0,2.25,0.0,solvability-pair-0072385-try_again_m,-0.25,2.0,0.0,2.0,1.0986122886681098,try_again_m,8.0,0.25,-0.5,2.0,0.5,-2.5,-2.5,-1.0,1.0,1.0,0.0,0.0,0.9046505351008906,0.0953494648991095,solvability-pair-0072385,2.25,1.0,1.0,2.0,2.0,-2.25,2,1.0,TRY_AGAIN,train,solvability-pair-0072385-try_again_m:2,2.0,solvability,0.0,0.0,1.0,-2.25
1.0,1.0,1.0,0.0,1.0,3.0,0.6,1,1.0,3.0,1.0,2.4,0.0,solvability-pair-0072385-try_again_m,-0.4,2.0,1.0,2.0,1.3862943611198906,try_again_m,8.0,0.375,-0.5,2.0,0.5,-2.5,-2.5,-1.0,-1.0,1.0,1.0,0.0,0.4073334000459302,0.5926665999540697,solvability-pair-0072385,-0.375,1.0,-1.0,2.0,2.0,-2.4,3,1.0,TRY_AGAIN,train,solvability-pair-0072385-try_again_m:3,0.0,solvability,0.0,0.0,1.0,-2.4
1.0,1.0,1.0,0.0,1.0,4.0,0.5,0,1.0,4.0,0.0,2.5,0.0,solvability-pair-0072385-try_again_m,-0.5,2.0,2.0,2.0,1.6094379124341003,try_again_m,8.0,0.5,-0.5,2.0,0.5,-2.5,-2.5,0.0,-1.0,-1.0,1.0,0.0,0.1645164628965632,0.8354835371034369,solvability-pair-0072385,-1.625,1.0,-1.0,2.0,2.0,-2.5,4,1.0,GIVE_UP,train,solvability-pair-0072385-try_again_m:4,0.0,solvability,0.0,0.0,1.0,-2.5
0.0,0.0,0.0,0.0,1.0,0.0,0.5,1,1.0,0.0,0.0,2.5,0.0,solvability-pair-0072385-try_again_n,-0.5,2.0,0.0,2.0,0.0,try_again_n,8.0,0.0,-0.5,2.0,0.5,-2.5,-2.5,1.0,0.0,0.0,0.0,0.0,0.22270013882530884,0.7772998611746911,solvability-pair-0072385,-1.25,0.0,0.0,0.0,0.0,-2.5,0,0.0,TRY_AGAIN,train,solvability-pair-0072385-try_again_n:0,0.0,solvability,0.0,0.0,1.0,-2.5
1.0,0.0,0.0,0.0,1.0,1.0,0.6666666666666666,1,1.0,1.0,1.0,2.3333333333333335,0.0,solvability-pair-0072385-try_again_n,-0.33333333333333337,2.0,0.0,2.0,0.6931471805599453,try_again_n,8.0,0.125,-0.5,2.0,0.5,-2.5,-2.5,1.0,1.0,0.0,0.0,0.0,0.995929862284104,0.004070137715896127,solvability-pair-0072385,5.5,1.0,1.0,1.0,1.0,-2.3333333333333335,1,0.0,TRY_AGAIN,train,solvability-pair-0072385-try_again_n:1,1.0,solvability,0.0,0.0,1.0,-2.3333333333333335
1.0,1.0,0.0,0.0,1.0,2.0,0.75,1,1.0,2.0,2.0,2.25,0.0,solvability-pair-0072385-try_again_n,-0.25,2.0,0.0,2.0,1.0986122886681098,try_again_n,8.0,0.25,-0.5,2.0,0.5,-2.5,-2.5,-1.0,1.0,1.0,0.0,0.0,0.9579122720843811,0.04208772791561884,solvability-pair-0072385,3.125,1.0,1.0,2.0,2.0,-2.25,2,1.0,TRY_AGAIN,train,solvability-pair-0072385-try_again_n:2,2.0,solvability,0.0,0.0,1.0,-2.25
1.0,1.0,1.0,0.0,1.0,3.0,0.6,1,1.0,3.0,1.0,2.4,0.0,solvability-pair-0072385-try_again_n,-0.4,2.0,1.0,2.0,1.3862943611198906,try_again_n,8.0,0.375,-0.5,2.0,0.5,-2.5,-2.5,-1.0,-1.0,1.0,1.0,0.0,0.29421497216298875,0.7057850278370112,solvability-pair-0072385,-0.875,1.0,-1.0,2.0,2.0,-2.4,3,1.0,TRY_AGAIN,train,solvability-pair-0072385-try_again_n:3,0.0,solvability,0.0,0.0,1.0,-2.4
1.0,1.0,1.0,0.0,1.0,4.0,0.5,0,1.0,4.0,0.0,2.5,0.0,solvability-pair-0072385-try_again_n,-0.5,2.0,2.0,2.0,1.6094379124341003,try_again_n,8.0,0.5,-0.5,2.0,0.5,-2.5,-2.5,0.0,-1.0,-1.0,1.0,0.0,0.20181322226037882,0.7981867777396212,solvability-pair-0072385,-1.375,1.0,-1.0,2.0,2.0,-2.5,4,1.0,GIVE_UP,train,solvability-pair-0072385-try_again_n:4,0.0,solvability,0.0,0.0,1.0,-2.5
0.0,0.0,0.0,0.0,1.0,0.0,0.5,1,1.0,0.0,0.0,0.5,0.0,solvability-pair-0072386-try_again_m,-0.5,0.0,0.0,0.0,0.0,try_again_m,8.0,0.0,-0.5,0.0,0.5,-0.5,-0.5,-1.0,0.0,0.0,0.0,0.0,0.5621765008857981,0.4378234991142019,solvability-pair-0072386,0.25,0.0,0.0,0.0,0.0,-0.5,0,0.0,TRY_AGAIN,train,solvability-pair-0072386-try_again_m:0,0.0,solvability,0.0,0.0,1.0,-0.5
1.0,0.0,0.0,0.0,1.0,1.0,0.3333333333333333,1,1.0,1.0,-1.0,0.6666666666666667,0.0,solvability-pair-0072386-try_again_m,-0.6666666666666667,0.0,1.0,0.0,0.6931471805599453,try_again_m,8.0,0.125,-0.5,0.0,0.5,-0.5,-0.5,1.0,-1.0,0.0,0.0,0.0,0.033085978388704126,0.9669140216112958,solvability-pair-0072386,-3.375,1.0,-1.0,0.0,0.0,-0.6666666666666667,1,0.0,TRY_AGAIN,train,solvability-pair-0072386-try_again_m:1,0.0,solvability,0.0,0.0,1.0,-0.6666666666666667
1.0,1.0,0.0,0.0,1.0,2.0,0.5,1,1.0,2.0,0.0,0.5,0.0,solvability-pair-0072386-try_again_m,-0.5,0.0,0.0,0.0,1.0986122886681098,try_again_m,8.0,0.25,-0.5,0.0,0.5,-0.5,-0.5,-1.0,1.0,-1.0,0.0,0.0,0.8933094060543487,0.10669059394565118,solvability-pair-0072386,2.125,1.0,1.0,1.0,1.0,-0.5,2,1.0,TRY_AGAIN,train,solvability-pair-0072386-try_again_m:2,1.0,solvability,0.0,0.0,1.0,-0.5
1.0,1.0,1.0,0.0,1.0,3.0,0.4,0,1.0,3.0,-1.0,0.6,0.0,solvability-pair-0072386-try_again_m,-0.6,0.0,1.0,0.0,1.3862943611198906,try_again_m,8.0,0.375,-0.5,0.0,0.5,-0.5,-0.5,0.0,-1.0,1.0,-1.0,0.0,0.5,0.5,solvability-pair-0072386,0.0,1.0,-1.0,1.0,1.0,-0.6,3,1.0,GIVE_UP,train,solvability-pair-0072386-try_again_m:3,0.0,solvability,0.0,0.0,1.0,-0.6
0.0,0.0,0.0,0.0,1.0,0.0,0.5,0,1.0,0.0,0.0,0.5,0.0,solvability-pair-0072386-try_again_n,-0.5,0.0,0.0,0.0,0.0,try_again_n,8.0,0.0,-0.5,0.0,0.5,-0.5,-0.5,0.0,0.0,0.0,0.0,0.0,0.2689414213699951,0.7310585786300049,solvability-pair-0072386,-1.0,0.0,0.0,0.0,0.0,-0.5,0,0.0,GIVE_UP,train,solvability-pair-0072386-try_again_n:0,0.0,solvability,0.0,0.0,1.0,-0.5
0.0,0.0,0.0,0.0,1.0,0.0,0.25,1,1.0,0.0,0.0,2.75,-1.0,solvability-pair-0072387-try_again_m,-0.75,2.0,0.0,2.0,0.0,try_again_m,8.0,0.0,-0.8,2.0,0.2,-2.8,-2.8,-1.0,0.0,0.0,0.0,0.0,0.32082130082460697,0.679178699175393,solvability-pair-0072387,-0.75,0.0,0.0,0.0,0.0,-2.75,0,0.0,TRY_AGAIN,train,solvability-pair-0072387-try_again_m:0,0.0,solvability,0.0,0.0,1.0,-2.75
1.0,0.0,0.0,0.0,1.0,1.0,0.16666666666666666,0,1.0,1.0,-1.0,2.8333333333333335,-1.0,solvability-pair-0072387-try_again_m,-0.8333333333333334,2.0,1.0,2.0,0.6931471805599453,try_again_m,8.0,0.125,-0.8,2.0,0.2,-2.8,-2.8,0.0,-1.0,0.0,0.0,0.0,0.037326887344129464,0.9626731126558706,solvability-pair-0072387,-3.25,1.0,-1.0,0.0,0.0,-2.8333333333333335,1,0.0,GIVE_UP,train,solvability-pair-0072387-try_again_m:1,0.0,solvability,0.0,0.0,1.0,-2.8333333333333335
0.0,0.0,0.0,0.0,1.0,0.0,0.25,1,1.0,0.0,0.0,2.75,-1.0,solvability-pair-0072387-try_again_n,-0.75,2.0,0.0,2.0,0.0,try_again_n,8.0,0.0,-0.8,2.0,0.2,-2.8,-2.8,-1.0,0.0,0.0,0.0,0.0,0.18242552380635632,0.8175744761936437,solvability-pair-0072387,-1.5,0.0,0.0,0.0,0.0,-2.75,0,0.0,TRY_AGAIN,train,solvability-pair-0072387-try_again_n:0,0.0,solvability,0.0,0.0,1.0,-2.75
1.0,0.0,0.0,0.0,1.0,1.0,0.16666666666666666,0,1.0,1.0,-1.0,2.8333333333333335,-1.0,solvability-pair-0072387-try_again_n,-0.8333333333333334,2.0,1.0,2.0,0.6931471805599453,try_again_n,8.0,0.125,-0.8,2.0,0.2,-2.8,-2.8,0.0,-1.0,0.0,0.0,0.0,0.029312230751356316,0.9706877692486436,solvability-pair-0072387,-3.5,1.0,-1.0,0.0,0.0,-2.8333333333333335,1,0.0,GIVE_UP,train,solvability-pair-0072387-try_again_n:1,0.0,solvability,0.0,0.0,1.0,-2.8333333333333335
0.0,0.0,0.0,0.0,1.0,0.0,0.75,1,1.0,0.0,0.0,0.25,1.0,solvability-pair-0072388-try_again_m,-0.25,0.0,0.0,0.0,0.0,try_again_m,8.0,0.0,-0.19999999999999996,0.0,0.8,-0.19999999999999996,-0.19999999999999996,1.0,0.0,0.0,0.0,0.0,0.9626731126558706,0.037326887344129464,solvability-pair-0072388,3.25,0.0,0.0,0.0,0.0,-0.25,0,0.0,TRY_AGAIN,train,solvability-pair-0072388-try_again_m:0,0.0,solvability,0.0,0.0,1.0,-0.25
1.0,0.0,0.0,0.0,1.0,1.0,0.8333333333333334,1,1.0,1.0,1.0,0.16666666666666663,1.0,solvability-pair-0072388-try_again_m,-0.16666666666666663,0.0,0.0,0.0,0.6931471805599453,try_again_m,8.0,0.125,-0.19999999999999996,0.0,0.8,-0.19999999999999996,-0.19999999999999996,1.0,1.0,0.0,0.0,0.0,0.9995694429186754,0.00043055708132461493,solvability-pair-0072388,7.75,1.0,1.0,1.0,1.0,-0.16666666666666663,1,0.0,TRY_AGAIN,train,solvability-pair-0072388-try_again_m:1,1.0,solvability,0.0,0.0,1.0,-0.16666666666666663
1.0,1.0,0.0,0.0,1.0,2.0,0.875,1,1.0,2.0,2.0,0.125,1.0,solvability-pair-0072388-try_again_m,-0.125,0.0,0.0,0.0,1.0986122886681098,try_again_m,8.0,0.25,-0.19999999999999996,0.0,0.8,-0.19999999999999996,-0.19999999999999996,1.0,1.0,1.0,0.0,0.0,0.991422514586288,0.008577485413711986,solvability-pair-0072388,4.75,1.0,1.0,2.0,2.0,-0.125,2,1.0,TRY_AGAIN,train,solvability-pair-0072388-try_again_m:2,2.0,solvability,0.0,0.0,1.0,-0.125
1.0,1.0,1.0,0.0,1.0,3.0,0.9,1,1.0,3.0,3.0,0.09999999999999998,1.0,solvability-pair-0072388-try_again_m,-0.09999999999999998,0.0,0.0,0.0,1.3862943611198906,try_again_m,8.0,0.375,-0.19999999999999996,0.0,0.8,-0.19999999999999996,-0.19999999999999996,1.0,1.0,1.0,1.0,0.0,0.9770226300899744,0.02297736991002561,solvability-pair-0072388,3.75,1.0,1.0,3.0,3.0,-0.09999999999999998,3,1.0,TRY_AGAIN,train,solvability-pair-0072388-try_again_m:3,3.0,solvability,0.0,0.0,1.0,-0.09999999999999998
1.0,1.0,1.0,0.0,1.0,4.0,0.9166666666666666,1,1.0,4.0,4.0,0.08333333333333337,1.0,solvability-pair-0072388-try_again_m,-0.08333333333333337,0.0,0.0,0.0,1.6094379124341003,try_again_m,8.0,0.5,-0.19999999999999996,0.0,0.8,-0.19999999999999996,-0.19999999999999996,1.0,1.0,1.0,1.0,0.0,0.8933094060543487,0.10669059394565118,solvability-pair-0072388,2.125,1.0,1.0,4.0,4.0,-0.08333333333333337,4,1.0,TRY_AGAIN,train,solvability-pair-0072388-try_again_m:4,4.0,solvability,0.0,0.0,1.0,-0.08333333333333337
1.0,1.0,1.0,1.0,1.0,5.0,0.9285714285714286,1,1.0,5.0,5.0,0.0714285714285714,1.0,solvability-pair-0072388-try_again_m,-0.0714285714285714,0.0,0.0,0.0,1.791759469228055,try_again_m,8.0,0.625,-0.19999999999999996,0.0,0.8,-0.19999999999999996,-0.19999999999999996,1.0,1.0,1.0,1.0,1.0,0.7981867777396212,0.20181322226037882,solvability-pair-0072388,1.375,1.0,1.0,5.0,5.0,-0.0714285714285714,5,1.0,TRY_AGAIN,train,solvability-pair-0072388-try_again_m:5,5.0,solvability,0.0,0.0,1.0,-0.0714285714285714
1.0,1.0,1.0,1.0,1.0,6.0,0.9375,1,1.0,6.0,6.0,0.0625,1.0,solvability-pair-0072388-try_again_m,-0.0625,0.0,0.0,0.0,1.9459101490553132,try_again_m,8.0,0.75,-0.19999999999999996,0.0,0.8,-0.19999999999999996,-0.19999999999999996,1.0,1.0,1.0,1.0,1.0,0.8175744761936437,0.18242552380635632,solvability-pair-0072388,1.5,1.0,1.0,6.0,6.0,-0.0625,6,1.0,TRY_AGAIN,train,solvability-pair-0072388-try_again_m:6,6.0,solvability,0.0,0.0,1.0,-0.0625
1.0,1.0,1.0,1.0,1.0,7.0,0.9444444444444444,1,1.0,7.0,7.0,0.05555555555555558,1.0,solvability-pair-0072388-try_again_m,-0.05555555555555558,0.0,0.0,0.0,2.0794415416798357,try_again_m,8.0,0.875,-0.19999999999999996,0.0,0.8,-0.19999999999999996,-0.19999999999999996,-1.0,1.0,1.0,1.0,1.0,0.6513548646660542,0.34864513533394575,solvability-pair-0072388,0.625,1.0,1.0,7.0,7.0,-0.05555555555555558,7,1.0,TRY_AGAIN,train,solvability-pair-0072388-try_again_m:7,7.0,solvability,0.0,0.0,1.0,-0.05555555555555558
0.0,0.0,0.0,0.0,1.0,0.0,0.75,1,1.0,0.0,0.0,0.25,1.0,solvability-pair-0072388-try_again_n,-0.25,0.0,0.0,0.0,0.0,try_again_n,8.0,0.0,-0.19999999999999996,0.0,0.8,-0.19999999999999996,-0.19999999999999996,1.0,0.0,0.0,0.0,0.0,0.7549149868676283,0.24508501313237172,solvability-pair-0072388,1.125,0.0,0.0,0.0,0.0,-0.25,0,0.0,TRY_AGAIN,train,solvability-pair-0072388-try_again_n:0,0.0,solvability,0.0,0.0,1.0,-0.25
1.0,0.0,0.0,0.0,1.0,1.0,0.8333333333333334,1,1.0,1.0,1.0,0.16666666666666663,1.0,solvability-pair-0072388-try_again_n,-0.16666666666666663,0.0,0.0,0.0,0.6931471805599453,try_again_n,8.0,0.125,-0.19999999999999996,0.0,0.8,-0.19999999999999996,-0.19999999999999996,1.0,1.0,0.0,0.0,0.0,0.9998204720306533,0.0001795279693467774,solvability-pair-0072388,8.625,1.0,1.0,1.0,1.0,-0.16666666666666663,1,0.0,TRY_AGAIN,train,solvability-pair-0072388-try_again_n:1,1.0,solvability,0.0,0.0,1.0,-0.16666666666666663
1.0,1.0,0.0,0.0,1.0,2.0,0.875,1,1.0,2.0,2.0,0.125,1.0,solvability-pair-0072388-try_again_n,-0.125,0.0,0.0,0.0,1.0986122886681098,try_again_n,8.0,0.25,-0.19999999999999996,0.0,0.8,-0.19999999999999996,-0.19999999999999996,1.0,1.0,1.0,0.0,0.0,0.9975273768433653,0.0024726231566347748,solvability-pair-0072388,6.0,1.0,1.0,2.0,2.0,-0.125,2,1.0,TRY_AGAIN,train,solvability-pair-0072388-try_again_n:2,2.0,solvability,0.0,0.0,1.0,-0.125
1.0,1.0,1.0,0.0,1.0,3.0,0.9,1,1.0,3.0,3.0,0.09999999999999998,1.0,solvability-pair-0072388-try_again_n,-0.09999999999999998,0.0,0.0,0.0,1.3862943611198906,try_again_n,8.0,0.375,-0.19999999999999996,0.0,0.8,-0.19999999999999996,-0.19999999999999996,1.0,1.0,1.0,1.0,0.0,0.991422514586288,0.008577485413711986,solvability-pair-0072388,4.75,1.0,1.0,3.0,3.0,-0.09999999999999998,3,1.0,TRY_AGAIN,train,solvability-pair-0072388-try_again_n:3,3.0,solvability,0.0,0.0,1.0,-0.09999999999999998
1.0,1.0,1.0,0.0,1.0,4.0,0.9166666666666666,1,1.0,4.0,4.0,0.08333333333333337,1.0,solvability-pair-0072388-try_again_n,-0.08333333333333337,0.0,0.0,0.0,1.6094379124341003,try_again_n,8.0,0.5,-0.19999999999999996,0.0,0.8,-0.19999999999999996,-0.19999999999999996,1.0,1.0,1.0,1.0,0.0,0.9324533088603709,0.0675466911396291,solvability-pair-0072388,2.625,1.0,1.0,4.0,4.0,-0.08333333333333337,4,1.0,TRY_AGAIN,train,solvability-pair-0072388-try_again_n:4,4.0,solvability,0.0,0.0,1.0,-0.08333333333333337
1.0,1.0,1.0,1.0,1.0,5.0,0.9285714285714286,1,1.0,5.0,5.0,0.0714285714285714,1.0,solvability-pair-0072388-try_again_n,-0.0714285714285714,0.0,0.0,0.0,1.791759469228055,try_again_n,8.0,0.625,-0.19999999999999996,0.0,0.8,-0.19999999999999996,-0.19999999999999996,1.0,1.0,1.0,1.0,1.0,0.7549149868676283,0.24508501313237172,solvability-pair-0072388,1.125,1.0,1.0,5.0,5.0,-0.0714285714285714,5,1.0,TRY_AGAIN,train,solvability-pair-0072388-try_again_n:5,5.0,solvability,0.0,0.0,1.0,-0.0714285714285714
1.0,1.0,1.0,1.0,1.0,6.0,0.9375,1,1.0,6.0,6.0,0.0625,1.0,solvability-pair-0072388-try_again_n,-0.0625,0.0,0.0,0.0,1.9459101490553132,try_again_n,8.0,0.75,-0.19999999999999996,0.0,0.8,-0.19999999999999996,-0.19999999999999996,1.0,1.0,1.0,1.0,1.0,0.7772998611746911,0.22270013882530884,solvability-pair-0072388,1.25,1.0,1.0,6.0,6.0,-0.0625,6,1.0,TRY_AGAIN,train,solvability-pair-0072388-try_again_n:6,6.0,solvability,0.0,0.0,1.0,-0.0625
1.0,1.0,1.0,1.0,1.0,7.0,0.9444444444444444,1,1.0,7.0,7.0,0.05555555555555558,1.0,solvability-pair-0072388-try_again_n,-0.05555555555555558,0.0,0.0,0.0,2.0794415416798357,try_again_n,8.0,0.875,-0.19999999999999996,0.0,0.8,-0.19999999999999996,-0.19999999999999996,-1.0,1.0,1.0,1.0,1.0,0.5312093733737563,0.46879062662624377,solvability-pair-0072388,0.125,1.0,1.0,7.0,7.0,-0.05555555555555558,7,1.0,TRY_AGAIN,train,solvability-pair-0072388-try_again_n:7,7.0,solvability,0.0,0.0,1.0,-0.05555555555555558
0.0,0.0,0.0,0.0,0.0,0.0,0.5,1,0.0,0.0,0.0,1.5,0.0,solvability-pair-0072389-try_again_m,0.5,2.0,0.0,2.0,0.0,try_again_m,8.0,0.0,0.5,2.0,0.5,-1.5,-1.5,1.0,0.0,0.0,0.0,0.0,0.6224593312018546,0.37754066879814546,solvability-pair-0072389,0.5,0.0,0.0,0.0,0.0,-1.5,0,0.0,TRY_AGAIN,test,solvability-pair-0072389-try_again_m:0,0.0,solvability,0.0,0.0,1.0,-1.5
1.0,0.0,0.0,0.0,0.0,1.0,0.6666666666666666,1,0.0,0.0,1.0,1.3333333333333335,0.0,solvability-pair-0072389-try_again_m,0.6666666666666666,2.0,0.0,2.0,0.6931471805599453,try_again_m,8.0,0.125,0.5,2.0,0.5,-1.5,-1.5,-1.0,1.0,0.0,0.0,0.0,0.9980732653366725,0.0019267346633274755,solvability-pair-0072389,6.25,1.0,1.0,1.0,1.0,-1.3333333333333335,1,0.0,TRY_AGAIN,test,solvability-pair-0072389-try_again_m:1,1.0,solvability,0.0,0.0,1.0,-1.3333333333333335
1.0,1.0,0.0,0.0,0.0,2.0,0.5,0,0.0,0.0,0.0,1.5,0.0,solvability-pair-0072389-try_again_m,0.5,2.0,1.0,2.0,1.0986122886681098,try_again_m,8.0,0.25,0.5,2.0,0.5,-1.5,-1.5,0.0,-1.0,1.0,0.0,0.0,0.6224593312018546,0.37754066879814546,solvability-pair-0072389,0.5,1.0,-1.0,1.0,1.0,-1.5,2,1.0,GIVE_UP,test,solvability-pair-0072389-try_again_m:2,0.0,solvability,0.0,0.0,1.0,-1.5
0.0,0.0,0.0,0.0,0.0,0.0,0.5,1,0.0,0.0,0.0,1.5,0.0,solvability-pair-0072389-try_again_n,0.5,2.0,0.0,2.0,0.0,try_again_n,8.0,0.0,0.5,2.0,0.5,-1.5,-1.5,1.0,0.0,0.0,0.0,0.0,0.2689414213699951,0.7310585786300049,solvability-pair-0072389,-1.0,0.0,0.0,0.0,0.0,-1.5,0,0.0,TRY_AGAIN,test,solvability-pair-0072389-try_again_n:0,0.0,solvability,0.0,0.0,1.0,-1.5
1.0,0.0,0.0,0.0,0.0,1.0,0.6666666666666666,1,0.0,0.0,1.0,1.3333333333333335,0.0,solvability-pair-0072389-try_again_n,0.6666666666666666,2.0,0.0,2.0,0.6931471805599453,try_again_n,8.0,0.125,0.5,2.0,0.5,-1.5,-1.5,-1.0,1.0,0.0,0.0,0.0,0.9980732653366725,0.0019267346633274755,solvability-pair-0072389,6.25,1.0,1.0,1.0,1.0,-1.3333333333333335,1,0.0,TRY_AGAIN,test,solvability-pair-0072389-try_again_n:1,1.0,solvability,0.0,0.0,1.0,-1.3333333333333335
1.0,1.0,0.0,0.0,0.0,2.0,0.5,1,0.0,0.0,0.0,1.5,0.0,solvability-pair-0072389-try_again_n,0.5,2.0,1.0,2.0,1.0986122886681098,try_again_n,8.0,0.25,0.5,2.0,0.5,-1.5,-1.5,-1.0,-1.0,1.0,0.0,0.0,0.7981867777396212,0.20181322226037882,solvability-pair-0072389,1.375,1.0,-1.0,1.0,1.0,-1.5,2,1.0,TRY_AGAIN,test,solvability-pair-0072389-try_again_n:2,0.0,solvability,0.0,0.0,1.0,-1.5
1.0,1.0,1.0,0.0,0.0,3.0,0.4,0,0.0,0.0,-1.0,1.6,0.0,solvability-pair-0072389-try_again_n,0.4,2.0,2.0,2.0,1.3862943611198906,try_again_n,8.0,0.375,0.5,2.0,0.5,-1.5,-1.5,0.0,-1.0,-1.0,1.0,0.0,0.4378234991142019,0.5621765008857981,solvability-pair-0072389,-0.25,1.0,-1.0,1.0,1.0,-1.6,3,1.0,GIVE_UP,test,solvability-pair-0072389-try_again_n:3,0.0,solvability,0.0,0.0,1.0,-1.6
0.0,0.0,0.0,0.0,0.0,0.0,0.5,1,0.0,0.0,0.0,-0.5,0.0,solvability-pair-0072390-try_again_m,0.5,0.0,0.0,0.0,0.0,try_again_m,8.0,0.0,0.5,0.0,0.5,0.5,0.5,1.0,0.0,0.0,0.0,0.0,0.7549149868676283,0.24508501313237172,solvability-pair-0072390,1.125,0.0,0.0,0.0,0.0,0.5,0,0.0,TRY_AGAIN,train,solvability-pair-0072390-try_again_m:0,0.0,solvability,0.0,0.0,1.0,0.5
1.0,0.0,0.0,0.0,0.0,1.0,0.6666666666666666,1,0.0,0.0,1.0,-0.6666666666666666,0.0,solvability-pair-0072390-try_again_m,0.6666666666666666,0.0,0.0,0.0,0.6931471805599453,try_again_m,8.0,0.125,0.5,0.0,0.5,0.5,0.5,1.0,1.0,0.0,0.0,0.0,0.9989677689632452,0.0010322310367548194,solvability-pair-0072390,6.875,1.0,1.0,1.0,1.0,0.6666666666666666,1,0.0,TRY_AGAIN,train,solvability-pair-0072390-try_again_m:1,1.0,solvability,0.0,0.0,1.0,0.6666666666666666
1.0,1.0,0.0,0.0,0.0,2.0,0.75,1,0.0,0.0,2.0,-0.75,0.0,solvability-pair-0072390-try_again_m,0.75,0.0,0.0,0.0,1.0986122886681098,try_again_m,8.0,0.25,0.5,0.0,0.5,0.5,0.5,-1.0,1.0,1.0,0.0,0.0,0.9669140216112958,0.033085978388704126,solvability-pair-0072390,3.375,1.0,1.0,2.0,2.0,0.75,2,1.0,TRY_AGAIN,train,solvability-pair-0072390-try_again_m:2,2.0,solvability,0.0,0.0,1.0,0.75
1.0,1.0,1.0,0.0,0.0,3.0,0.6,1,0.0,0.0,1.0,-0.6,0.0,solvability-pair-0072390-try_again_m,0.6,0.0,1.0,0.0,1.3862943611198906,try_again_m,8.0,0.375,0.5,0.0,0.5,0.5,0.5,-1.0,-1.0,1.0,1.0,0.0,0.5926665999540697,0.4073334000459302,solvability-pair-0072390,0.375,1.0,-1.0,2.0,2.0,0.6,3,1.0,TRY_AGAIN,train,solvability-pair-0072390-try_again_m:3,0.0,solvability,0.0,0.0,1.0,0.6
1.0,1.0,1.0,0.0,0.0,4.0,0.5,0,0.0,0.0,0.0,-0.5,0.0,solvability-pair-0072390-try_again_m,0.5,0.0,2.0,0.0,1.6094379124341003,try_again_m,8.0,0.5,0.5,0.0,0.5,0.5,0.5,0.0,-1.0,-1.0,1.0,0.0,0.22270013882530884,0.7772998611746911,solvability-pair-0072390,-1.25,1.0,-1.0,2.0,2.0,0.5,4,1.0,GIVE_UP,train,solvability-pair-0072390-try_again_m:4,0.0,solvability,0.0,0.0,1.0,0.5
0.0,0.0,0.0,0.0,0.0,0.0,0.5,0,0.0,0.0,0.0,-0.5,0.0,solvability-pair-0072390-try_again_n,0.5,0.0,0.0,0.0,0.0,try_again_n,8.0,0.0,0.5,0.0,0.5,0.5,0.5,0.0,0.0,0.0,0.0,0.0,0.34864513533394575,0.6513548646660542,solvability-pair-0072390,-0.625,0.0,0.0,0.0,0.0,0.5,0,0.0,GIVE_UP,train,solvability-pair-0072390-try_again_n:0,0.0,solvability,0.0,0.0,1.0,0.5
0.0,0.0,0.0,0.0,0.0,0.0,0.25,0,0.0,0.0,0.0,-0.25,-1.0,solvability-pair-0072391-try_again_m,0.25,0.0,0.0,0.0,0.0,try_again_m,8.0,0.0,0.2,0.0,0.2,0.2,0.2,0.0,0.0,0.0,0.0,0.0,0.5,0.5,solvability-pair-0072391,0.0,0.0,0.0,0.0,0.0,0.25,0,0.0,GIVE_UP,test,solvability-pair-0072391-try_again_m:0,0.0,solvability,0.0,0.0,1.0,0.25
0.0,0.0,0.0,0.0,0.0,0.0,0.25,0,0.0,0.0,0.0,-0.25,-1.0,solvability-pair-0072391-try_again_n,0.25,0.0,0.0,0.0,0.0,try_again_n,8.0,0.0,0.2,0.0,0.2,0.2,0.2,0.0,0.0,0.0,0.0,0.0,0.22270013882530884,0.7772998611746911,solvability-pair-0072391,-1.25,0.0,0.0,0.0,0.0,0.25,0,0.0,GIVE_UP,test,solvability-pair-0072391-try_again_n:0,0.0,solvability,0.0,0.0,1.0,0.25
0.0,0.0,0.0,0.0,0.0,0.0,0.25,1,0.0,0.0,0.0,1.75,-1.0,solvability-pair-0072392-try_again_m,0.25,2.0,0.0,2.0,0.0,try_again_m,8.0,0.0,0.2,2.0,0.2,-1.8,-1.8,-1.0,0.0,0.0,0.0,0.0,0.4073334000459302,0.5926665999540697,solvability-pair-0072392,-0.375,0.0,0.0,0.0,0.0,-1.75,0,0.0,TRY_AGAIN,train,solvability-pair-0072392-try_again_m:0,0.0,solvability,0.0,0.0,1.0,-1.75
1.0,0.0,0.0,0.0,0.0,1.0,0.16666666666666666,0,0.0,0.0,-1.0,1.8333333333333333,-1.0,solvability-pair-0072392-try_again_m,0.16666666666666666,2.0,1.0,2.0,0.6931471805599453,try_again_m,8.0,0.125,0.2,2.0,0.2,-1.8,-1.8,0.0,-1.0,0.0,0.0,0.0,0.033085978388704126,0.9669140216112958,solvability-pair-0072392,-3.375,1.0,-1.0,0.0,0.0,-1.8333333333333333,1,0.0,GIVE_UP,train,solvability-pair-0072392-try_again_m:1,0.0,solvability,0.0,0.0,1.0,-1.8333333333333333
0.0,0.0,0.0,0.0,0.0,0.0,0.25,0,0.0,0.0,0.0,1.75,-1.0,solvability-pair-0072392-try_again_n,0.25,2.0,0.0,2.0,0.0,try_again_n,8.0,0.0,0.2,2.0,0.2,-1.8,-1.8,0.0,0.0,0.0,0.0,0.0,0.20181322226037882,0.7981867777396212,solvability-pair-0072392,-1.375,0.0,0.0,0.0,0.0,-1.75,0,0.0,GIVE_UP,train,solvability-pair-0072392-try_again_n:0,0.0,solvability,0.0,0.0,1.0,-1.75
0.0,0.0,0.0,0.0,1.0,0.0,0.25,0,1.0,0.0,0.0,0.75,-1.0,solvability-pair-0072393-try_again_m,-0.75,0.0,0.0,0.0,0.0,try_again_m,8.0,0.0,-0.8,0.0,0.2,-0.8,-0.8,0.0,0.0,0.0,0.0,0.0,0.37754066879814546,0.6224593312018546,solvability-pair-0072393,-0.5,0.0,0.0,0.0,0.0,-0.75,0,0.0,GIVE_UP,test,solvability-pair-0072393-try_again_m:0,0.0,solvability,0.0,0.0,1.0,-0.75
0.0,0.0,0.0,0.0,1.0,0.0,0.25,0,1.0,0.0,0.0,0.75,-1.0,solvability-pair-0072393-try_again_n,-0.75,0.0,0.0,0.0,0.0,try_again_n,8.0,0.0,-0.8,0.0,0.2,-0.8,-0.8,0.0,0.0,0.0,0.0,0.0,0.22270013882530884,0.7772998611746911,solvability-pair-0072393,-1.25,0.0,0.0,0.0,0.0,-0.75,0,0.0,GIVE_UP,test,solvability-pair-0072393-try_again_n:0,0.0,solvability,0.0,0.0,1.0,-0.75
0.0,0.0,0.0,0.0,0.0,0.0,0.75,1,0.0,0.0,0.0,-0.75,1.0,solvability-pair-0072394-try_again_m,0.75,0.0,0.0,0.0,0.0,try_again_m,8.0,0.0,0.8,0.0,0.8,0.8,0.8,1.0,0.0,0.0,0.0,0.0,0.9840936082881853,0.01590639171181471,solvability-pair-0072394,4.125,0.0,0.0,0.0,0.0,0.75,0,0.0,TRY_AGAIN,test,solvability-pair-0072394-try_again_m:0,0.0,solvability,0.0,0.0,1.0,0.75
1.0,0.0,0.0,0.0,0.0,1.0,0.8333333333333334,1,0.0,0.0,1.0,-0.8333333333333334,1.0,solvability-pair-0072394-try_again_m,0.8333333333333334,0.0,0.0,0.0,0.6931471805599453,try_again_m,8.0,0.125,0.8,0.0,0.8,0.8,0.8,-1.0,1.0,0.0,0.0,0.0,0.9997965730219448,0.0002034269780552065,solvability-pair-0072394,8.5,1.0,1.0,1.0,1.0,0.8333333333333334,1,0.0,TRY_AGAIN,test,solvability-pair-0072394-try_again_m:1,1.0,solvability,0.0,0.0,1.0,0.8333333333333334
1.0,1.0,0.0,0.0,0.0,2.0,0.625,1,0.0,0.0,0.0,-0.625,1.0,solvability-pair-0072394-try_again_m,0.625,0.0,1.0,0.0,1.0986122886681098,try_again_m,8.0,0.25,0.8,0.0,0.8,0.8,0.8,-1.0,-1.0,1.0,0.0,0.0,0.8354835371034369,0.1645164628965632,solvability-pair-0072394,1.625,1.0,-1.0,1.0,1.0,0.625,2,1.0,TRY_AGAIN,test,solvability-pair-0072394-try_again_m:2,0.0,solvability,0.0,0.0,1.0,0.625
1.0,1.0,1.0,0.0,0.0,3.0,0.5,1,0.0,0.0,-1.0,-0.5,1.0,solvability-pair-0072394-try_again_m,0.5,0.0,2.0,0.0,1.3862943611198906,try_again_m,8.0,0.375,0.8,0.0,0.8,0.8,0.8,1.0,-1.0,-1.0,1.0,0.0,0.46879062662624377,0.5312093733737563,solvability-pair-0072394,-0.125,1.0,-1.0,1.0,1.0,0.5,3,1.0,TRY_AGAIN,test,solvability-pair-0072394-try_again_m:3,0.0,solvability,0.0,0.0,1.0,0.5
1.0,1.0,1.0,0.0,0.0,4.0,0.5833333333333334,1,0.0,0.0,0.0,-0.5833333333333334,1.0,solvability-pair-0072394-try_again_m,0.5833333333333334,0.0,0.0,0.0,1.6094379124341003,try_again_m,8.0,0.5,0.8,0.0,0.8,0.8,0.8,1.0,1.0,-1.0,-1.0,0.0,0.9465966702001757,0.053403329799824234,solvability-pair-0072394,2.875,1.0,1.0,2.0,2.0,0.5833333333333334,4,1.0,TRY_AGAIN,test,solvability-pair-0072394-try_again_m:4,1.0,solvability,0.0,0.0,1.0,0.5833333333333334
1.0,1.0,1.0,1.0,0.0,5.0,0.6428571428571429,1,0.0,0.0,1.0,-0.6428571428571429,1.0,solvability-pair-0072394-try_again_m,0.6428571428571429,0.0,0.0,0.0,1.791759469228055,try_again_m,8.0,0.625,0.8,0.0,0.8,0.8,0.8,1.0,1.0,1.0,-1.0,1.0,0.8519528019683106,0.1480471980316895,solvability-pair-0072394,1.75,1.0,1.0,3.0,3.0,0.6428571428571429,5,1.0,TRY_AGAIN,test,solvability-pair-0072394-try_again_m:5,2.0,solvability,0.0,0.0,1.0,0.6428571428571429
1.0,1.0,1.0,1.0,0.0,6.0,0.6875,0,0.0,0.0,2.0,-0.6875,1.0,solvability-pair-0072394-try_again_m,0.6875,0.0,0.0,0.0,1.9459101490553132,try_again_m,8.0,0.75,0.8,0.0,0.8,0.8,0.8,0.0,1.0,1.0,1.0,-1.0,0.8354835371034369,0.1645164628965632,solvability-pair-0072394,1.625,1.0,1.0,4.0,4.0,0.6875,6,1.0,GIVE_UP,test,solvability-pair-0072394-try_again_m:6,3.0,solvability,0.0,0.0,1.0,0.6875
0.0,0.0,0.0,0.0,0.0,0.0,0.75,0,0.0,0.0,0.0,-0.75,1.0,solvability-pair-0072394-try_again_n,0.75,0.0,0.0,0.0,0.0,try_again_n,8.0,0.0,0.8,0.0,0.8,0.8,0.8,0.0,0.0,0.0,0.0,0.0,0.8175744761936437,0.18242552380635632,solvability-pair-0072394,1.5,0.0,0.0,0.0,0.0,0.75,0,0.0,GIVE_UP,test,solvability-pair-0072394-try_again_n:0,0.0,solvability,0.0,0.0,1.0,0.75
0.0,0.0,0.0,0.0,1.0,0.0,0.75,1,1.0,0.0,0.0,2.25,1.0,solvability-pair-0072395-try_again_m,-0.25,2.0,0.0,2.0,0.0,try_again_m,8.0,0.0,-0.19999999999999996,2.0,0.8,-2.2,-2.2,1.0,0.0,0.0,0.0,0.0,0.9399133498259924,0.06008665017400762,solvability-pair-0072395,2.75,0.0,0.0,0.0,0.0,-2.25,0,0.0,TRY_AGAIN,train,solvability-pair-0072395-try_again_m:0,0.0,solvability,0.0,0.0,1.0,-2.25
1.0,0.0,0.0,0.0,1.0,1.0,0.8333333333333334,1,1.0,1.0,1.0,2.1666666666666665,1.0,solvability-pair-0072395-try_again_m,-0.16666666666666663,2.0,0.0,2.0,0.6931471805599453,try_again_m,8.0,0.125,-0.19999999999999996,2.0,0.8,-2.2,-2.2,-1.0,1.0,0.0,0.0,0.0,0.9993736658418905,0.0006263341581094201,solvability-pair-0072395,7.375,1.0,1.0,1.0,1.0,-2.1666666666666665,1,0.0,TRY_AGAIN,train,solvability-pair-0072395-try_again_m:1,1.0,solvability,0.0,0.0,1.0,-2.1666666666666665
1.0,1.0,0.0,0.0,1.0,2.0,0.625,0,1.0,2.0,0.0,2.375,1.0,solvability-pair-0072395-try_again_m,-0.375,2.0,1.0,2.0,1.0986122886681098,try_again_m,8.0,0.25,-0.19999999999999996,2.0,0.8,-2.2,-2.2,0.0,-1.0,1.0,0.0,0.0,0.6513548646660542,0.34864513533394575,solvability-pair-0072395,0.625,1.0,-1.0,1.0,1.0,-2.375,2,1.0,GIVE_UP,train,solvability-pair-0072395-try_again_m:2,0.0,solvability,0.0,0.0,1.0,-2.375
0.0,0.0,0.0,0.0,1.0,0.0,0.75,1,1.0,0.0,0.0,2.25,1.0,solvability-pair-0072395-try_again_n,-0.25,2.0,0.0,2.0,0.0,try_again_n,8.0,0.0,-0.19999999999999996,2.0,0.8,-2.2,-2.2,1.0,0.0,0.0,0.0,0.0,0.679178699175393,0.32082130082460697,solvability-pair-0072395,0.75,0.0,0.0,0.0,0.0,-2.25,0,0.0,TRY_AGAIN,train,solvability-pair-0072395-try_again_n:0,0.0,solvability,0.0,0.0,1.0,-2.25
1.0,0.0,0.0,0.0,1.0,1.0,0.8333333333333334,1,1.0,1.0,1.0,2.1666666666666665,1.0,solvability-pair-0072395-try_again_n,-0.16666666666666663,2.0,0.0,2.0,0.6931471805599453,try_again_n,8.0,0.125,-0.19999999999999996,2.0,0.8,-2.2,-2.2,-1.0,1.0,0.0,0.0,0.0,0.9995694429186754,0.00043055708132461493,solvability-pair-0072395,7.75,1.0,1.0,1.0,1.0,-2.1666666666666665,1,0.0,TRY_AGAIN,train,solvability-pair-0072395-try_again_n:1,1.0,solvability,0.0,0.0,1.0,-2.1666666666666665
1.0,1.0,0.0,0.0,1.0,2.0,0.625,0,1.0,2.0,0.0,2.375,1.0,solvability-pair-0072395-try_again_n,-0.375,2.0,1.0,2.0,1.0986122886681098,try_again_n,8.0,0.25,-0.19999999999999996,2.0,0.8,-2.2,-2.2,0.0,-1.0,1.0,0.0,0.0,0.7310585786300049,0.2689414213699951,solvability-pair-0072395,1.0,1.0,-1.0,1.0,1.0,-2.375,2,1.0,GIVE_UP,train,solvability-pair-0072395-try_again_n:2,0.0,solvability,0.0,0.0,1.0,-2.375
0.0,0.0,0.0,0.0,0.0,0.0,0.75,1,0.0,0.0,0.0,1.25,1.0,solvability-pair-0072396-try_again_m,0.75,2.0,0.0,2.0,0.0,try_again_m,8.0,0.0,0.8,2.0,0.8,-1.2,-1.2,-1.0,0.0,0.0,0.0,0.0,0.9770226300899744,0.02297736991002561,solvability-pair-0072396,3.75,0.0,0.0,0.0,0.0,-1.25,0,0.0,TRY_AGAIN,train,solvability-pair-0072396-try_again_m:0,0.0,solvability,0.0,0.0,1.0,-1.25
1.0,0.0,0.0,0.0,0.0,1.0,0.5,0,0.0,0.0,-1.0,1.5,1.0,solvability-pair-0072396-try_again_m,0.5,2.0,1.0,2.0,0.6931471805599453,try_again_m,8.0,0.125,0.8,2.0,0.8,-1.2,-1.2,0.0,-1.0,0.0,0.0,0.0,0.0953494648991095,0.9046505351008906,solvability-pair-0072396,-2.25,1.0,-1.0,0.0,0.0,-1.5,1,0.0,GIVE_UP,train,solvability-pair-0072396-try_again_m:1,0.0,solvability,0.0,0.0,1.0,-1.5
0.0,0.0,0.0,0.0,0.0,0.0,0.75,1,0.0,0.0,0.0,1.25,1.0,solvability-pair-0072396-try_again_n,0.75,2.0,0.0,2.0,0.0,try_again_n,8.0,0.0,0.8,2.0,0.8,-1.2,-1.2,-1.0,0.0,0.0,0.0,0.0,0.7772998611746911,0.22270013882530884,solvability-pair-0072396,1.25,0.0,0.0,0.0,0.0,-1.25,0,0.0,TRY_AGAIN,train,solvability-pair-0072396-try_again_n:0,0.0,solvability,0.0,0.0,1.0,-1.25
1.0,0.0,0.0,0.0,0.0,1.0,0.5,0,0.0,0.0,-1.0,1.5,1.0,solvability-pair-0072396-try_again_n,0.5,2.0,1.0,2.0,0.6931471805599453,try_again_n,8.0,0.125,0.8,2.0,0.8,-1.2,-1.2,0.0,-1.0,0.0,0.0,0.0,0.0953494648991095,0.9046505351008906,solvability-pair-0072396,-2.25,1.0,-1.0,0.0,0.0,-1.5,1,0.0,GIVE_UP,train,solvability-pair-0072396-try_again_n:1,0.0,solvability,0.0,0.0,1.0,-1.5
0.0,0.0,0.0,0.0,1.0,0.0,0.5,1,1.0,0.0,0.0,2.5,0.0,solvability-pair-0072397-try_again_m,-0.5,2.0,0.0,2.0,0.0,try_again_m,8.0,0.0,-0.5,2.0,0.5,-2.5,-2.5,1.0,0.0,0.0,0.0,0.0,0.46879062662624377,0.5312093733737563,solvability-pair-0072397,-0.125,0.0,0.0,0.0,0.0,-2.5,0,0.0,TRY_AGAIN,train,solvability-pair-0072397-try_again_m:0,0.0,solvability,0.0,0.0,1.0,-2.5
1.0,0.0,0.0,0.0,1.0,1.0,0.6666666666666666,1,1.0,1.0,1.0,2.3333333333333335,0.0,solvability-pair-0072397-try_again_m,-0.33333333333333337,2.0,0.0,2.0,0.6931471805599453,try_again_m,8.0,0.125,-0.5,2.0,0.5,-2.5,-2.5,1.0,1.0,0.0,0.0,0.0,0.995929862284104,0.004070137715896127,solvability-pair-0072397,5.5,1.0,1.0,1.0,1.0,-2.3333333333333335,1,0.0,TRY_AGAIN,train,solvability-pair-0072397-try_again_m:1,1.0,solvability,0.0,0.0,1.0,-2.3333333333333335
1.0,1.0,0.0,0.0,1.0,2.0,0.75,1,1.0,2.0,2.0,2.25,0.0,solvability-pair-0072397-try_again_m,-0.25,2.0,0.0,2.0,1.0986122886681098,try_again_m,8.0,0.25,-0.5,2.0,0.5,-2.5,-2.5,-1.0,1.0,1.0,0.0,0.0,0.9046505351008906,0.0953494648991095,solvability-pair-0072397,2.25,1.0,1.0,2.0,2.0,-2.25,2,1.0,TRY_AGAIN,train,solvability-pair-0072397-try_again_m:2,2.0,solvability,0.0,0.0,1.0,-2.25
1.0,1.0,1.0,0.0,1.0,3.0,0.6,0,1.0,3.0,1.0,2.4,0.0,solvability-pair-0072397-try_again_m,-0.4,2.0,1.0,2.0,1.3862943611198906,try_again_m,8.0,0.375,-0.5,2.0,0.5,-2.5,-2.5,0.0,-1.0,1.0,1.0,0.0,0.4073334000459302,0.5926665999540697,solvability-pair-0072397,-0.375,1.0,-1.0,2.0,2.0,-2.4,3,1.0,GIVE_UP,train,solvability-pair-0072397-try_again_m:3,0.0,solvability,0.0,0.0,1.0,-2.4
0.0,0.0,0.0,0.0,1.0,0.0,0.5,0,1.0,0.0,0.0,2.5,0.0,solvability-pair-0072397-try_again_n,-0.5,2.0,0.0,2.0,0.0,try_again_n,8.0,0.0,-0.5,2.0,0.5,-2.5,-2.5,0.0,0.0,0.0,0.0,0.0,0.22270013882530884,0.7772998611746911,solvability-pair-0072397,-1.25,0.0,0.0,0.0,0.0,-2.5,0,0.0,GIVE_UP,train,solvability-pair-0072397-try_again_n:0,0.0,solvability,0.0,0.0,1.0,-2.5
0.0,0.0,0.0,0.0,1.0,0.0,0.5,1,1.0,0.0,0.0,0.5,0.0,solvability-pair-0072398-try_again_m,-0.5,0.0,0.0,0.0,0.0,try_again_m,8.0,0.0,-0.5,0.0,0.5,-0.5,-0.5,1.0,0.0,0.0,0.0,0.0,0.5621765008857981,0.4378234991142019,solvability-pair-0072398,0.25,0.0,0.0,0.0,0.0,-0.5,0,0.0,TRY_AGAIN,train,solvability-pair-0072398-try_again_m:0,0.0,solvability,0.0,0.0,1.0,-0.5
1.0,0.0,0.0,0.0,1.0,1.0,0.6666666666666666,1,1.0,1.0,1.0,0.33333333333333337,0.0,solvability-pair-0072398-try_again_m,-0.33333333333333337,0.0,0.0,0.0,0.6931471805599453,try_again_m,8.0,0.125,-0.5,0.0,0.5,-0.5,-0.5,-1.0,1.0,0.0,0.0,0.0,0.9978172835546547,0.0021827164453451808,solvability-pair-0072398,6.125,1.0,1.0,1.0,1.0,-0.33333333333333337,1,0.0,TRY_AGAIN,train,solvability-pair-0072398-try_again_m:1,1.0,solvability,0.0,0.0,1.0,-0.33333333333333337
1.0,1.0,0.0,0.0,1.0,2.0,0.5,1,1.0,2.0,0.0,0.5,0.0,solvability-pair-0072398-try_again_m,-0.5,0.0,1.0,0.0,1.0986122886681098,try_again_m,8.0,0.25,-0.5,0.0,0.5,-0.5,-0.5,1.0,-1.0,1.0,0.0,0.0,0.5621765008857981,0.4378234991142019,solvability-pair-0072398,0.25,1.0,-1.0,1.0,1.0,-0.5,2,1.0,TRY_AGAIN,train,solvability-pair-0072398-try_again_m:2,0.0,solvability,0.0,0.0,1.0,-0.5
1.0,1.0,1.0,0.0,1.0,3.0,0.6,1,1.0,3.0,1.0,0.4,0.0,solvability-pair-0072398-try_again_m,-0.4,0.0,0.0,0.0,1.3862943611198906,try_again_m,8.0,0.375,-0.5,0.0,0.5,-0.5,-0.5,1.0,1.0,-1.0,1.0,0.0,0.8807970779778823,0.11920292202211755,solvability-pair-0072398,2.0,1.0,1.0,2.0,2.0,-0.4,3,1.0,TRY_AGAIN,train,solvability-pair-0072398-try_again_m:3,1.0,solvability,0.0,0.0,1.0,-0.4
1.0,1.0,1.0,0.0,1.0,4.0,0.6666666666666666,0,1.0,4.0,2.0,0.33333333333333337,0.0,solvability-pair-0072398-try_again_m,-0.33333333333333337,0.0,0.0,0.0,1.6094379124341003,try_again_m,8.0,0.5,-0.5,0.0,0.5,-0.5,-0.5,0.0,1.0,1.0,-1.0,0.0,0.8354835371034369,0.1645164628965632,solvability-pair-0072398,1.625,1.0,1.0,3.0,3.0,-0.33333333333333337,4,1.0,GIVE_UP,train,solvability-pair-0072398-try_again_m:4,2.0,solvability,0.0,0.0,1.0,-0.33333333333333337
0.0,0.0,0.0,0.0,1.0,0.0,0.5,0,1.0,0.0,0.0,0.5,0.0,solvability-pair-0072398-try_again_n,-0.5,0.0,0.0,0.0,0.0,try_again_n,8.0,0.0,-0.5,0.0,0.5,-0.5,-0.5,0.0,0.0,0.0,0.0,0.0,0.2689414213699951,0.7310585786300049,solvability-pair-0072398,-1.0,0.0,0.0,0.0,0.0,-0.5,0,0.0,GIVE_UP,train,solvability-pair-0072398-try_again_n:0,0.0,solvability,0.0,0.0,1.0,-0.5
0.0,0.0,0.0,0.0,1.0,0.0,0.25,0,1.0,0.0,0.0,2.75,-1.0,solvability-pair-0072399-try_again_m,-0.75,2.0,0.0,2.0,0.0,try_again_m,8.0,0.0,-0.8,2.0,0.2,-2.8,-2.8,0.0,0.0,0.0,0.0,0.0,0.32082130082460697,0.679178699175393,solvability-pair-0072399,-0.75,0.0,0.0,0.0,0.0,-2.75,0,0.0,GIVE_UP,validation,solvability-pair-0072399-try_again_m:0,0.0,solvability,0.0,0.0,1.0,-2.75
0.0,0.0,0.0,0.0,1.0,0.0,0.25,0,1.0,0.0,0.0,2.75,-1.0,solvability-pair-0072399-try_again_n,-0.75,2.0,0.0,2.0,0.0,try_again_n,8.0,0.0,-0.8,2.0,0.2,-2.8,-2.8,0.0,0.0,0.0,0.0,0.0,0.18242552380635632,0.8175744761936437,solvability-pair-0072399,-1.5,0.0,0.0,0.0,0.0,-2.75,0,0.0,GIVE_UP,validation,solvability-pair-0072399-try_again_n:0,0.0,solvability,0.0,0.0,1.0,-2.75
0.0,0.0,0.0,0.0,1.0,0.0,0.75,1,1.0,0.0,0.0,0.25,1.0,solvability-pair-0072400-try_again_m,-0.25,0.0,0.0,0.0,0.0,try_again_m,8.0,0.0,-0.19999999999999996,0.0,0.8,-0.19999999999999996,-0.19999999999999996,1.0,0.0,0.0,0.0,0.0,0.9626731126558706,0.037326887344129464,solvability-pair-0072400,3.25,0.0,0.0,0.0,0.0,-0.25,0,0.0,TRY_AGAIN,train,solvability-pair-0072400-try_again_m:0,0.0,solvability,0.0,0.0,1.0,-0.25
1.0,0.0,0.0,0.0,1.0,1.0,0.8333333333333334,1,1.0,1.0,1.0,0.16666666666666663,1.0,solvability-pair-0072400-try_again_m,-0.16666666666666663,0.0,0.0,0.0,0.6931471805599453,try_again_m,8.0,0.125,-0.19999999999999996,0.0,0.8,-0.19999999999999996,-0.19999999999999996,1.0,1.0,0.0,0.0,0.0,0.9995694429186754,0.00043055708132461493,solvability-pair-0072400,7.75,1.0,1.0,1.0,1.0,-0.16666666666666663,1,0.0,TRY_AGAIN,train,solvability-pair-0072400-try_again_m:1,1.0,solvability,0.0,0.0,1.0,-0.16666666666666663
1.0,1.0,0.0,0.0,1.0,2.0,0.875,0,1.0,2.0,2.0,0.125,1.0,solvability-pair-0072400-try_again_m,-0.125,0.0,0.0,0.0,1.0986122886681098,try_again_m,8.0,0.25,-0.19999999999999996,0.0,0.8,-0.19999999999999996,-0.19999999999999996,0.0,1.0,1.0,0.0,0.0,0.991422514586288,0.008577485413711986,solvability-pair-0072400,4.75,1.0,1.0,2.0,2.0,-0.125,2,1.0,GIVE_UP,train,solvability-pair-0072400-try_again_m:2,2.0,solvability,0.0,0.0,1.0,-0.125
0.0,0.0,0.0,0.0,1.0,0.0,0.75,1,1.0,0.0,0.0,0.25,1.0,solvability-pair-0072400-try_again_n,-0.25,0.0,0.0,0.0,0.0,try_again_n,8.0,0.0,-0.19999999999999996,0.0,0.8,-0.19999999999999996,-0.19999999999999996,1.0,0.0,0.0,0.0,0.0,0.7549149868676283,0.24508501313237172,solvability-pair-0072400,1.125,0.0,0.0,0.0,0.0,-0.25,0,0.0,TRY_AGAIN,train,solvability-pair-0072400-try_again_n:0,0.0,solvability,0.0,0.0,1.0,-0.25
1.0,0.0,0.0,0.0,1.0,1.0,0.8333333333333334,1,1.0,1.0,1.0,0.16666666666666663,1.0,solvability-pair-0072400-try_again_n,-0.16666666666666663,0.0,0.0,0.0,0.6931471805599453,try_again_n,8.0,0.125,-0.19999999999999996,0.0,0.8,-0.19999999999999996,-0.19999999999999996,1.0,1.0,0.0,0.0,0.0,0.9998204720306533,0.0001795279693467774,solvability-pair-0072400,8.625,1.0,1.0,1.0,1.0,-0.16666666666666663,1,0.0,TRY_AGAIN,train,solvability-pair-0072400-try_again_n:1,1.0,solvability,0.0,0.0,1.0,-0.16666666666666663
1.0,1.0,0.0,0.0,1.0,2.0,0.875,1,1.0,2.0,2.0,0.125,1.0,solvability-pair-0072400-try_again_n,-0.125,0.0,0.0,0.0,1.0986122886681098,try_again_n,8.0,0.25,-0.19999999999999996,0.0,0.8,-0.19999999999999996,-0.19999999999999996,-1.0,1.0,1.0,0.0,0.0,0.9975273768433653,0.0024726231566347748,solvability-pair-0072400,6.0,1.0,1.0,2.0,2.0,-0.125,2,1.0,TRY_AGAIN,train,solvability-pair-0072400-try_again_n:2,2.0,solvability,0.0,0.0,1.0,-0.125
1.0,1.0,1.0,0.0,1.0,3.0,0.7,0,1.0,3.0,1.0,0.30000000000000004,1.0,solvability-pair-0072400-try_again_n,-0.30000000000000004,0.0,1.0,0.0,1.3862943611198906,try_again_n,8.0,0.375,-0.19999999999999996,0.0,0.8,-0.19999999999999996,-0.19999999999999996,0.0,-1.0,1.0,1.0,0.0,0.5312093733737563,0.46879062662624377,solvability-pair-0072400,0.125,1.0,-1.0,2.0,2.0,-0.30000000000000004,3,1.0,GIVE_UP,train,solvability-pair-0072400-try_again_n:3,0.0,solvability,0.0,0.0,1.0,-0.30000000000000004
0.0,0.0,0.0,0.0,0.0,0.0,0.5,0,0.0,0.0,0.0,1.5,0.0,solvability-pair-0072401-try_again_m,0.5,2.0,0.0,2.0,0.0,try_again_m,8.0,0.0,0.5,2.0,0.5,-1.5,-1.5,0.0,0.0,0.0,0.0,0.0,0.6224593312018546,0.37754066879814546,solvability-pair-0072401,0.5,0.0,0.0,0.0,0.0,-1.5,0,0.0,GIVE_UP,train,solvability-pair-0072401-try_again_m:0,0.0,solvability,0.0,0.0,1.0,-1.5
0.0,0.0,0.0,0.0,0.0,0.0,0.5,0,0.0,0.0,0.0,1.5,0.0,solvability-pair-0072401-try_again_n,0.5,2.0,0.0,2.0,0.0,try_again_n,8.0,0.0,0.5,2.0,0.5,-1.5,-1.5,0.0,0.0,0.0,0.0,0.0,0.2689414213699951,0.7310585786300049,solvability-pair-0072401,-1.0,0.0,0.0,0.0,0.0,-1.5,0,0.0,GIVE_UP,train,solvability-pair-0072401-try_again_n:0,0.0,solvability,0.0,0.0,1.0,-1.5
0.0,0.0,0.0,0.0,0.0,0.0,0.5,1,0.0,0.0,0.0,-0.5,0.0,solvability-pair-0072402-try_again_m,0.5,0.0,0.0,0.0,0.0,try_again_m,8.0,0.0,0.5,0.0,0.5,0.5,0.5,-1.0,0.0,0.0,0.0,0.0,0.7549149868676283,0.24508501313237172,solvability-pair-0072402,1.125,0.0,0.0,0.0,0.0,0.5,0,0.0,TRY_AGAIN,train,solvability-pair-0072402-try_again_m:0,0.0,solvability,0.0,0.0,1.0,0.5
1.0,0.0,0.0,0.0,0.0,1.0,0.3333333333333333,0,0.0,0.0,-1.0,-0.3333333333333333,0.0,solvability-pair-0072402-try_again_m,0.3333333333333333,0.0,1.0,0.0,0.6931471805599453,try_again_m,8.0,0.125,0.5,0.0,0.5,0.5,0.5,0.0,-1.0,0.0,0.0,0.0,0.037326887344129464,0.9626731126558706,solvability-pair-0072402,-3.25,1.0,-1.0,0.0,0.0,0.3333333333333333,1,0.0,GIVE_UP,train,solvability-pair-0072402-try_again_m:1,0.0,solvability,0.0,0.0,1.0,0.3333333333333333
0.0,0.0,0.0,0.0,0.0,0.0,0.5,0,0.0,0.0,0.0,-0.5,0.0,solvability-pair-0072402-try_again_n,0.5,0.0,0.0,0.0,0.0,try_again_n,8.0,0.0,0.5,0.0,0.5,0.5,0.5,0.0,0.0,0.0,0.0,0.0,0.34864513533394575,0.6513548646660542,solvability-pair-0072402,-0.625,0.0,0.0,0.0,0.0,0.5,0,0.0,GIVE_UP,train,solvability-pair-0072402-try_again_n:0,0.0,solvability,0.0,0.0,1.0,0.5
0.0,0.0,0.0,0.0,0.0,0.0,0.25,1,0.0,0.0,0.0,-0.25,-1.0,solvability-pair-0072403-try_again_m,0.25,0.0,0.0,0.0,0.0,try_again_m,8.0,0.0,0.2,0.0,0.2,0.2,0.2,-1.0,0.0,0.0,0.0,0.0,0.5,0.5,solvability-pair-0072403,0.0,0.0,0.0,0.0,0.0,0.25,0,0.0,TRY_AGAIN,train,solvability-pair-0072403-try_again_m:0,0.0,solvability,0.0,0.0,1.0,0.25
1.0,0.0,0.0,0.0,0.0,1.0,0.16666666666666666,0,0.0,0.0,-1.0,-0.16666666666666666,-1.0,solvability-pair-0072403-try_again_m,0.16666666666666666,0.0,1.0,0.0,0.6931471805599453,try_again_m,8.0,0.125,0.2,0.0,0.2,0.2,0.2,0.0,-1.0,0.0,0.0,0.0,0.02595735719779685,0.9740426428022031,solvability-pair-0072403,-3.625,1.0,-1.0,0.0,0.0,0.16666666666666666,1,0.0,GIVE_UP,train,solvability-pair-0072403-try_again_m:1,0.0,solvability,0.0,0.0,1.0,0.16666666666666666
0.0,0.0,0.0,0.0,0.0,0.0,0.25,1,0.0,0.0,0.0,-0.25,-1.0,solvability-pair-0072403-try_again_n,0.25,0.0,0.0,0.0,0.0,try_again_n,8.0,0.0,0.2,0.0,0.2,0.2,0.2,-1.0,0.0,0.0,0.0,0.0,0.22270013882530884,0.7772998611746911,solvability-pair-0072403,-1.25,0.0,0.0,0.0,0.0,0.25,0,0.0,TRY_AGAIN,train,solvability-pair-0072403-try_again_n:0,0.0,solvability,0.0,0.0,1.0,0.25
1.0,0.0,0.0,0.0,0.0,1.0,0.16666666666666666,0,0.0,0.0,-1.0,-0.16666666666666666,-1.0,solvability-pair-0072403-try_again_n,0.16666666666666666,0.0,1.0,0.0,0.6931471805599453,try_again_n,8.0,0.125,0.2,0.0,0.2,0.2,0.2,0.0,-1.0,0.0,0.0,0.0,0.02595735719779685,0.9740426428022031,solvability-pair-0072403,-3.625,1.0,-1.0,0.0,0.0,0.16666666666666666,1,0.0,GIVE_UP,train,solvability-pair-0072403-try_again_n:1,0.0,solvability,0.0,0.0,1.0,0.16666666666666666
0.0,0.0,0.0,0.0,0.0,0.0,0.25,0,0.0,0.0,0.0,1.75,-1.0,solvability-pair-0072404-try_again_m,0.25,2.0,0.0,2.0,0.0,try_again_m,8.0,0.0,0.2,2.0,0.2,-1.8,-1.8,0.0,0.0,0.0,0.0,0.0,0.4073334000459302,0.5926665999540697,solvability-pair-0072404,-0.375,0.0,0.0,0.0,0.0,-1.75,0,0.0,GIVE_UP,test,solvability-pair-0072404-try_again_m:0,0.0,solvability,0.0,0.0,1.0,-1.75
0.0,0.0,0.0,0.0,0.0,0.0,0.25,0,0.0,0.0,0.0,1.75,-1.0,solvability-pair-0072404-try_again_n,0.25,2.0,0.0,2.0,0.0,try_again_n,8.0,0.0,0.2,2.0,0.2,-1.8,-1.8,0.0,0.0,0.0,0.0,0.0,0.20181322226037882,0.7981867777396212,solvability-pair-0072404,-1.375,0.0,0.0,0.0,0.0,-1.75,0,0.0,GIVE_UP,test,solvability-pair-0072404-try_again_n:0,0.0,solvability,0.0,0.0,1.0,-1.75
0.0,0.0,0.0,0.0,1.0,0.0,0.25,1,1.0,0.0,0.0,0.75,-1.0,solvability-pair-0072405-try_again_m,-0.75,0.0,0.0,0.0,0.0,try_again_m,8.0,0.0,-0.8,0.0,0.2,-0.8,-0.8,-1.0,0.0,0.0,0.0,0.0,0.37754066879814546,0.6224593312018546,solvability-pair-0072405,-0.5,0.0,0.0,0.0,0.0,-0.75,0,0.0,TRY_AGAIN,train,solvability-pair-0072405-try_again_m:0,0.0,solvability,0.0,0.0,1.0,-0.75
1.0,0.0,0.0,0.0,1.0,1.0,0.16666666666666666,0,1.0,1.0,-1.0,0.8333333333333334,-1.0,solvability-pair-0072405-try_again_m,-0.8333333333333334,0.0,1.0,0.0,0.6931471805599453,try_again_m,8.0,0.125,-0.8,0.0,0.2,-0.8,-0.8,0.0,-1.0,0.0,0.0,0.0,0.02595735719779685,0.9740426428022031,solvability-pair-0072405,-3.625,1.0,-1.0,0.0,0.0,-0.8333333333333334,1,0.0,GIVE_UP,train,solvability-pair-0072405-try_again_m:1,0.0,solvability,0.0,0.0,1.0,-0.8333333333333334
0.0,0.0,0.0,0.0,1.0,0.0,0.25,0,1.0,0.0,0.0,0.75,-1.0,solvability-pair-0072405-try_again_n,-0.75,0.0,0.0,0.0,0.0,try_again_n,8.0,0.0,-0.8,0.0,0.2,-0.8,-0.8,0.0,0.0,0.0,0.0,0.0,0.22270013882530884,0.7772998611746911,solvability-pair-0072405,-1.25,0.0,0.0,0.0,0.0,-0.75,0,0.0,GIVE_UP,train,solvability-pair-0072405-try_again_n:0,0.0,solvability,0.0,0.0,1.0,-0.75
0.0,0.0,0.0,0.0,0.0,0.0,0.75,1,0.0,0.0,0.0,-0.75,1.0,solvability-pair-0072406-try_again_m,0.75,0.0,0.0,0.0,0.0,try_again_m,8.0,0.0,0.8,0.0,0.8,0.8,0.8,-1.0,0.0,0.0,0.0,0.0,0.9840936082881853,0.01590639171181471,solvability-pair-0072406,4.125,0.0,0.0,0.0,0.0,0.75,0,0.0,TRY_AGAIN,train,solvability-pair-0072406-try_again_m:0,0.0,solvability,0.0,0.0,1.0,0.75
1.0,0.0,0.0,0.0,0.0,1.0,0.5,0,0.0,0.0,-1.0,-0.5,1.0,solvability-pair-0072406-try_again_m,0.5,0.0,1.0,0.0,0.6931471805599453,try_again_m,8.0,0.125,0.8,0.0,0.8,0.8,0.8,0.0,-1.0,0.0,0.0,0.0,0.10669059394565118,0.8933094060543487,solvability-pair-0072406,-2.125,1.0,-1.0,0.0,0.0,0.5,1,0.0,GIVE_UP,train,solvability-pair-0072406-try_again_m:1,0.0,solvability,0.0,0.0,1.0,0.5
0.0,0.0,0.0,0.0,0.0,0.0,0.75,1,0.0,0.0,0.0,-0.75,1.0,solvability-pair-0072406-try_again_n,0.75,0.0,0.0,0.0,0.0,try_again_n,8.0,0.0,0.8,0.0,0.8,0.8,0.8,-1.0,0.0,0.0,0.0,0.0,0.8175744761936437,0.18242552380635632,solvability-pair-0072406,1.5,0.0,0.0,0.0,0.0,0.75,0,0.0,TRY_AGAIN,train,solvability-pair-0072406-try_again_n:0,0.0,solvability,0.0,0.0,1.0,0.75
1.0,0.0,0.0,0.0,0.0,1.0,0.5,0,0.0,0.0,-1.0,-0.5,1.0,solvability-pair-0072406-try_again_n,0.5,0.0,1.0,0.0,0.6931471805599453,try_again_n,8.0,0.125,0.8,0.0,0.8,0.8,0.8,0.0,-1.0,0.0,0.0,0.0,0.13296424019782924,0.8670357598021706,solvability-pair-0072406,-1.875,1.0,-1.0,0.0,0.0,0.5,1,0.0,GIVE_UP,train,solvability-pair-0072406-try_again_n:1,0.0,solvability,0.0,0.0,1.0,0.5
0.0,0.0,0.0,0.0,1.0,0.0,0.75,1,1.0,0.0,0.0,2.25,1.0,solvability-pair-0072407-try_again_m,-0.25,2.0,0.0,2.0,0.0,try_again_m,8.0,0.0,-0.19999999999999996,2.0,0.8,-2.2,-2.2,1.0,0.0,0.0,0.0,0.0,0.9399133498259924,0.06008665017400762,solvability-pair-0072407,2.75,0.0,0.0,0.0,0.0,-2.25,0,0.0,TRY_AGAIN,train,solvability-pair-0072407-try_again_m:0,0.0,solvability,0.0,0.0,1.0,-2.25
1.0,0.0,0.0,0.0,1.0,1.0,0.8333333333333334,1,1.0,1.0,1.0,2.1666666666666665,1.0,solvability-pair-0072407-try_again_m,-0.16666666666666663,2.0,0.0,2.0,0.6931471805599453,try_again_m,8.0,0.125,-0.19999999999999996,2.0,0.8,-2.2,-2.2,1.0,1.0,0.0,0.0,0.0,0.9993736658418905,0.0006263341581094201,solvability-pair-0072407,7.375,1.0,1.0,1.0,1.0,-2.1666666666666665,1,0.0,TRY_AGAIN,train,solvability-pair-0072407-try_again_m:1,1.0,solvability,0.0,0.0,1.0,-2.1666666666666665
1.0,1.0,0.0,0.0,1.0,2.0,0.875,1,1.0,2.0,2.0,2.125,1.0,solvability-pair-0072407-try_again_m,-0.125,2.0,0.0,2.0,1.0986122886681098,try_again_m,8.0,0.25,-0.19999999999999996,2.0,0.8,-2.2,-2.2,1.0,1.0,1.0,0.0,0.0,0.9770226300899744,0.02297736991002561,solvability-pair-0072407,3.75,1.0,1.0,2.0,2.0,-2.125,2,1.0,TRY_AGAIN,train,solvability-pair-0072407-try_again_m:2,2.0,solvability,0.0,0.0,1.0,-2.125
1.0,1.0,1.0,0.0,1.0,3.0,0.9,0,1.0,3.0,3.0,2.1,1.0,solvability-pair-0072407-try_again_m,-0.09999999999999998,2.0,0.0,2.0,1.3862943611198906,try_again_m,8.0,0.375,-0.19999999999999996,2.0,0.8,-2.2,-2.2,0.0,1.0,1.0,1.0,0.0,0.9399133498259924,0.06008665017400762,solvability-pair-0072407,2.75,1.0,1.0,3.0,3.0,-2.1,3,1.0,GIVE_UP,train,solvability-pair-0072407-try_again_m:3,3.0,solvability,0.0,0.0,1.0,-2.1
0.0,0.0,0.0,0.0,1.0,0.0,0.75,0,1.0,0.0,0.0,2.25,1.0,solvability-pair-0072407-try_again_n,-0.25,2.0,0.0,2.0,0.0,try_again_n,8.0,0.0,-0.19999999999999996,2.0,0.8,-2.2,-2.2,0.0,0.0,0.0,0.0,0.0,0.679178699175393,0.32082130082460697,solvability-pair-0072407,0.75,0.0,0.0,0.0,0.0,-2.25,0,0.0,GIVE_UP,train,solvability-pair-0072407-try_again_n:0,0.0,solvability,0.0,0.0,1.0,-2.25
0.0,0.0,0.0,0.0,0.0,0.0,0.75,1,0.0,0.0,0.0,1.25,1.0,solvability-pair-0072408-try_again_m,0.75,2.0,0.0,2.0,0.0,try_again_m,8.0,0.0,0.8,2.0,0.8,-1.2,-1.2,1.0,0.0,0.0,0.0,0.0,0.9770226300899744,0.02297736991002561,solvability-pair-0072408,3.75,0.0,0.0,0.0,0.0,-1.25,0,0.0,TRY_AGAIN,train,solvability-pair-0072408-try_again_m:0,0.0,solvability,0.0,0.0,1.0,-1.25
1.0,0.0,0.0,0.0,0.0,1.0,0.8333333333333334,1,0.0,0.0,1.0,1.1666666666666665,1.0,solvability-pair-0072408-try_again_m,0.8333333333333334,2.0,0.0,2.0,0.6931471805599453,try_again_m,8.0,0.125,0.8,2.0,0.8,-1.2,-1.2,1.0,1.0,0.0,0.0,0.0,0.9996646498695336,0.00033535013046647816,solvability-pair-0072408,8.0,1.0,1.0,1.0,1.0,-1.1666666666666665,1,0.0,TRY_AGAIN,train,solvability-pair-0072408-try_again_m:1,1.0,solvability,0.0,0.0,1.0,-1.1666666666666665
1.0,1.0,0.0,0.0,0.0,2.0,0.875,1,0.0,0.0,2.0,1.125,1.0,solvability-pair-0072408-try_again_m,0.875,2.0,0.0,2.0,1.0986122886681098,try_again_m,8.0,0.25,0.8,2.0,0.8,-1.2,-1.2,1.0,1.0,1.0,0.0,0.0,0.9924227587321393,0.007577241267860811,solvability-pair-0072408,4.875,1.0,1.0,2.0,2.0,-1.125,2,1.0,TRY_AGAIN,train,solvability-pair-0072408-try_again_m:2,2.0,solvability,0.0,0.0,1.0,-1.125
1.0,1.0,1.0,0.0,0.0,3.0,0.9,1,0.0,0.0,3.0,1.1,1.0,solvability-pair-0072408-try_again_m,0.9,2.0,0.0,2.0,1.3862943611198906,try_again_m,8.0,0.375,0.8,2.0,0.8,-1.2,-1.2,-1.0,1.0,1.0,1.0,0.0,0.9859363729567544,0.014063627043245474,solvability-pair-0072408,4.25,1.0,1.0,3.0,3.0,-1.1,3,1.0,TRY_AGAIN,train,solvability-pair-0072408-try_again_m:3,3.0,solvability,0.0,0.0,1.0,-1.1
1.0,1.0,1.0,0.0,0.0,4.0,0.75,0,0.0,0.0,2.0,1.25,1.0,solvability-pair-0072408-try_again_m,0.75,2.0,1.0,2.0,1.6094379124341003,try_again_m,8.0,0.5,0.8,2.0,0.8,-1.2,-1.2,0.0,-1.0,1.0,1.0,0.0,0.5621765008857981,0.4378234991142019,solvability-pair-0072408,0.25,1.0,-1.0,3.0,3.0,-1.25,4,1.0,GIVE_UP,train,solvability-pair-0072408-try_again_m:4,0.0,solvability,0.0,0.0,1.0,-1.25
0.0,0.0,0.0,0.0,0.0,0.0,0.75,0,0.0,0.0,0.0,1.25,1.0,solvability-pair-0072408-try_again_n,0.75,2.0,0.0,2.0,0.0,try_again_n,8.0,0.0,0.8,2.0,0.8,-1.2,-1.2,0.0,0.0,0.0,0.0,0.0,0.7772998611746911,0.22270013882530884,solvability-pair-0072408,1.25,0.0,0.0,0.0,0.0,-1.25,0,0.0,GIVE_UP,train,solvability-pair-0072408-try_again_n:0,0.0,solvability,0.0,0.0,1.0,-1.25
0.0,0.0,0.0,0.0,1.0,0.0,0.5,1,1.0,0.0,0.0,2.5,0.0,solvability-pair-0072409-try_again_m,-0.5,2.0,0.0,2.0,0.0,try_again_m,8.0,0.0,-0.5,2.0,0.5,-2.5,-2.5,-1.0,0.0,0.0,0.0,0.0,0.46879062662624377,0.5312093733737563,solvability-pair-0072409,-0.125,0.0,0.0,0.0,0.0,-2.5,0,0.0,TRY_AGAIN,train,solvability-pair-0072409-try_again_m:0,0.0,solvability,0.0,0.0,1.0,-2.5
1.0,0.0,0.0,0.0,1.0,1.0,0.3333333333333333,0,1.0,1.0,-1.0,2.666666666666667,0.0,solvability-pair-0072409-try_again_m,-0.6666666666666667,2.0,1.0,2.0,0.6931471805599453,try_again_m,8.0,0.125,-0.5,2.0,0.5,-2.5,-2.5,0.0,-1.0,0.0,0.0,0.0,0.04208772791561884,0.9579122720843811,solvability-pair-0072409,-3.125,1.0,-1.0,0.0,0.0,-2.666666666666667,1,0.0,GIVE_UP,train,solvability-pair-0072409-try_again_m:1,0.0,solvability,0.0,0.0,1.0,-2.666666666666667
0.0,0.0,0.0,0.0,1.0,0.0,0.5,1,1.0,0.0,0.0,2.5,0.0,solvability-pair-0072409-try_again_n,-0.5,2.0,0.0,2.0,0.0,try_again_n,8.0,0.0,-0.5,2.0,0.5,-2.5,-2.5,-1.0,0.0,0.0,0.0,0.0,0.22270013882530884,0.7772998611746911,solvability-pair-0072409,-1.25,0.0,0.0,0.0,0.0,-2.5,0,0.0,TRY_AGAIN,train,solvability-pair-0072409-try_again_n:0,0.0,solvability,0.0,0.0,1.0,-2.5
1.0,0.0,0.0,0.0,1.0,1.0,0.3333333333333333,0,1.0,1.0,-1.0,2.666666666666667,0.0,solvability-pair-0072409-try_again_n,-0.6666666666666667,2.0,1.0,2.0,0.6931471805599453,try_again_n,8.0,0.125,-0.5,2.0,0.5,-2.5,-2.5,0.0,-1.0,0.0,0.0,0.0,0.029312230751356316,0.9706877692486436,solvability-pair-0072409,-3.5,1.0,-1.0,0.0,0.0,-2.666666666666667,1,0.0,GIVE_UP,train,solvability-pair-0072409-try_again_n:1,0.0,solvability,0.0,0.0,1.0,-2.666666666666667
